﻿title,comment,play,pic,aid,bvid,created,date,time,length,video_review,favorite,coin,share,like
清新夏日限定❤️你最最最重要！【欣小萌】,1470,249138,//i2.hdslb.com/bfs/archive/fb2315ac81e23dfafd3721e50cba48f0d2b8f246.jpg,456025297,BV1H5411W7mQ,1592212909,2020/6/15,17:21:49,03:00,1270,6650,7379,767,24162
猛男请进，能撑过30秒算你赢！！！,2727,717015,//i1.hdslb.com/bfs/archive/35ef7e6c6c5812e9a081810ddf1f4be0437dbe6c.jpg,370921493,BV1tZ4y1W7Km,1591952411,2020/6/12,17:0:11,07:00,22378,5535,11201,1958,54492
【互动视频】这三座套路的大山把我重重压垮,1089,398197,//i1.hdslb.com/bfs/archive/d7a9609725a9627d13eee285d44c66e92064ff4f.jpg,753482306,BV15k4y1z7Ty,1591359649,2020/6/5,20:20:49,23:20,8164,9056,4586,1668,33640
我要变好看，你们看我美吗？【欣小萌】,2785,1145578,//i0.hdslb.com/bfs/archive/6ab1d8ef18a2f44878323ee3c75c50d772b7a226.jpg,370895896,BV17Z4y1W767,1591267094,2020/6/4,18:38:14,03:44,4700,9074,8538,1359,45707
一边跳舞一边吃东西挑战？？？？？？？,2320,717209,//i1.hdslb.com/bfs/archive/29dba9f3acfc899a949f6d947d1855779da69e97.jpg,795754870,BV1NC4y1p7nc,1590761848,2020/5/29,22:17:28,08:08,11716,2635,4728,615,40911
腾格尔VS害怕区一姐 魔性歌舞你怕了吗？！,5392,1058926,//i0.hdslb.com/bfs/archive/df405fa02c372dfd66ed3362c8b3f5fce1930726.jpg,710871687,BV1YQ4y1P7zY,1590461693,2020/5/26,10:54:53,02:19,8788,8238,18378,10977,76997
给300万粉UP主拍女装写真！@吃素的狮子,2191,698606,//i2.hdslb.com/bfs/archive/fc97e27d75c396bad015f5c93f677ee1c2f72b2d.jpg,200805003,BV11z411v7Kn,1590151860,2020/5/22,20:51:0,06:29,8538,2992,4538,704,47210
羞答答的萌（猛）女，静悄悄地开！,2746,949396,//i1.hdslb.com/bfs/archive/9866f1077a0d9dab35893753c6d04dfd3affe156.jpg,243217857,BV1ae411W7Fp,1589878810,2020/5/19,17:0:10,02:37,2772,11053,11274,1761,40585
美好夏日 ❤️ 不跳舞就可惜了！【欣小萌】,2371,1752975,//i0.hdslb.com/bfs/archive/fffa2a69169af69993d9dec118fe45cc0de31e6d.jpg,285636615,BV1of4y1m7V5,1589515250,2020/5/15,12:0:50,04:06,4501,15863,11356,2073,56351
我们猛男都这么约会,9752,3579981,//i2.hdslb.com/bfs/archive/46ee6020b02e2fbeb9f313bc354910343ca897b2.jpg,498082939,BV1LK411W735,1589083226,2020/5/10,12:0:26,06:16,58059,23289,47480,12661,300389
猛女来了！睡衣尬舞，单眼皮女孩【欣小萌】,3387,1929314,//i0.hdslb.com/bfs/archive/ecb54726db58ada6d40fb7857788f5087db043b7.jpg,925281208,BV1DT4y1G7Uk,1587195074,2020/4/18,15:31:14,04:10,10004,15599,13200,2569,62505
百大UP互殴现场！,14331,7299710,//i2.hdslb.com/bfs/archive/87ada8eba8cc03d75a7b2404b91ad6ea1ddb50ec.jpg,412787851,BV1NV411Z7S1,1587052559,2020/4/16,23:55:59,04:35,61826,128601,219794,34583,556687
【欣小萌】Yes OK！想住进你的心里呀❤️,6062,2912975,//i0.hdslb.com/bfs/archive/3cf3090de8bd5f27131bb8cd4e78759eea1b60c6.jpg,242749095,BV1me411W7J5,1586600393,2020/4/11,18:19:53,02:54,11358,40508,38337,8963,114227
挑战美国80年代超魔性健身操，羞耻♂哭了！,2630,632287,//i1.hdslb.com/bfs/archive/8f6e40de989f7cf77b0e29b058677d0d779f931f.jpg,837599929,BV1Dg4y1b7iS,1585816411,2020/4/2,16:33:31,04:16,7357,3740,10064,980,55050
随机做饭❌虎狼之饭✔,2510,823520,//i0.hdslb.com/bfs/archive/a18832c81d2af5b51d3baddad4f7b4dfd59fc634.jpg,99515273,BV1Q7411C7nv,1585213213,2020/3/26,17:0:13,09:33,15027,3717,8698,864,49372
撒 娇 挑 战 ！史 上 最 油 腻 ！,4806,1806315,//i1.hdslb.com/bfs/archive/a9dffb6c6f780bb13b3f880a55f98430e059dada.jpg,94136414,BV12E411H79c,1583488344,2020/3/6,17:52:24,06:15,51819,18278,42433,7976,139492
宅男宅女看到都疯了 ！【欣小萌】,5108,2726592,//i2.hdslb.com/bfs/archive/265e915b16b92cc5dfe0f4b29f40b57465adebb1.jpg,90890263,BV1H7411c7ez,1582371411,2020/2/22,19:36:51,01:17,7634,19392,16802,4743,78919
《武汉伢》手语舞“我的城市生病了，但我依然爱她”,4154,619194,//i2.hdslb.com/bfs/archive/cd2d87f24020733e730b091c28fd2fe26b6afdb5.jpg,88000335,BV1D741147Bm,1581327079,2020/2/10,17:31:19,02:29,2718,7668,18244,2113,45825
宅了14天，女子忍不住抖了起来,4143,2619384,//i2.hdslb.com/bfs/archive/2a3ddb2e872c70221025cf061ac58a6ab2dc1320.jpg,87563436,BV147411t7Ky,1581157015,2020/2/8,18:16:55,02:17,8274,32352,52933,9099,135420
【欣小萌】人鱼姬高跟婚纱独舞 ❤️ stay alive,3134,1621072,//i1.hdslb.com/bfs/archive/20f62728c1749e4a9f54034901160ca3aa3385a4.jpg,83704889,BV1ZJ41177VZ,1579177150,2020/1/16,20:19:10,05:16,3298,22161,24230,3209,47750
【欣小萌】开启心动模式，选我吧？！NEKKOYA,2855,1822347,//i1.hdslb.com/bfs/archive/f1bc7b54bae8717cac620e16fc1dad5dede58f87.jpg,82813706,BV1xJ411V7u3,1578715248,2020/1/11,12:0:48,04:14,3247,19844,23141,3159,48506
【欣小萌】一键换装，三倍快乐【阿拉德市集舞蹈特别版】,2394,921478,//i1.hdslb.com/bfs/archive/c8bb125d61460b164ef89547abc51980c43a71d7.jpg,82225361,BV11J411L7qC,1578230443,2020/1/5,21:20:43,05:16,1928,10518,16302,1911,32350
【欣小萌】我去拜师了 ！,2647,776168,//i0.hdslb.com/bfs/archive/2ee7095022f9c48bc601eefbb46833ed82f3fad2.jpg,79266928,BV1RJ411r7zy,1576411238,2019/12/15,20:0:38,07:36,3889,3106,7112,680,25595
百万粉UP主2019年竟然经历了这些……【2019年年终总结】,3155,2668611,//i0.hdslb.com/bfs/archive/f15085c19f9ff3a1a6f7a31e2004b4a25cef67fe.jpg,78135967,BV1ZJ411v77g,1575541099,2019/12/5,18:18:19,04:36,17438,21645,25284,4517,128650
偶遇！陌生人主动要求上镜，相机差点被抢走……真相是,3222,660327,//i2.hdslb.com/bfs/archive/ac890945c367cb7efe402cf43406e1e5662da00b.jpg,77471909,BV1aJ411Q7i9,1575086423,2019/11/30,12:0:23,03:36,2883,2057,4846,576,23499
看小学时候写的诗集？往事不堪回首!,2273,466417,//i1.hdslb.com/bfs/archive/447574ec4bfcd07c70b240bf8d0067ee8e7ec0cf.jpg,77147348,BV1aJ411X7KU,1574823626,2019/11/27,11:0:26,04:20,3221,2281,5739,530,21960
老家的芦柑熟了，摘一点回来吃,2802,712004,//i2.hdslb.com/bfs/archive/bb7b35e8b7330f8924ea9ef55265bbec83452e98.jpg,76413823,BV1dJ41117M1,1574305239,2019/11/21,11:0:39,05:09,4620,2635,6558,844,29095
up主小县城的家大公开，来做客吧,2941,1057342,//i2.hdslb.com/bfs/archive/dbd356fe768e1c53bbeb0a46cae6e9e2cf4a42ec.jpg,75967047,BV1gJ411S7ms,1573955982,2019/11/17,9:59:42,06:31,8295,4248,9467,946,37343
和爸妈一起去功夫村，80岁老太都会功夫…,4014,592595,//i2.hdslb.com/bfs/archive/fe06e266a36e2b7965e497caae181a4cd929cc6c.jpg,75710478,BV1WJ411D7XX,1573790286,2019/11/15,11:58:6,07:12,4412,2745,7856,743,26393
【欣小萌】一击心动❤️染上你的颜色,14827,2041936,//i2.hdslb.com/bfs/archive/7b98c3856675818ed26c00a3aaffe314e01af98d.jpg,73439530,BV1sE411a7X3,1572061464,2019/10/26,11:44:24,06:28,4360,24980,34769,4941,53415
我在bw现场随机说骚话，结果竟然……,2258,1004349,//i1.hdslb.com/bfs/archive/903f12374f5324ce44f90574d5257bfedec1e8c1.jpg,70987622,BV1tE411Z77o,1570882560,2019/10/12,20:16:0,06:38,6562,4863,10272,1190,37930
放假了，少女独自在家跳羊驼舞！！【欣小萌】,1735,1679489,//i2.hdslb.com/bfs/archive/0142e4e01888c3ce7a5c5f462e8d2ebaca2543a6.jpg,69427114,BV16E411R7nN,1569834048,2019/9/30,17:0:48,00:57,1643,11514,14569,4039,51074
【欣小萌】今天天气好，去天台蹦个迪,4276,5708256,//i0.hdslb.com/bfs/archive/540cfc60ed985654b183fe2ccac9939257419a9c.jpg,68815060,BV1SJ411M7Uf,1569293473,2019/9/24,10:51:13,02:54,10487,65147,52537,11204,92180
南开学姐含泪回校卖窝窝头，一块钱4个，场面十分火爆？,3296,2079385,//i1.hdslb.com/bfs/archive/e38f016adda9b3d04270d431017b79f379bfaf0d.jpg,67630150,BV17J411N7W3,1568520023,2019/9/15,12:0:23,08:41,20596,10670,23028,4096,73091
【欣小萌】芒种，一想到你我就……,9562,11353002,//i1.hdslb.com/bfs/archive/e2a356b34e28feda14dcea93fb429a2c302aa95d.jpg,67457647,BV1sJ411P7CF,1568276257,2019/9/12,16:17:37,03:32,30339,158176,142318,39913,225230
爸妈不在家，偷偷跳性感舞蹈……【欣小萌】,2804,3020298,//i0.hdslb.com/bfs/archive/48a7d0182d2607eb12c79afc4a4cb90796af3275.jpg,66884419,BV1k4411k7vs,1567822384,2019/9/7,10:13:4,03:48,5652,44121,46077,6359,69140
【互动】快追，别让女朋友跑了！,4165,1451577,//i0.hdslb.com/bfs/archive/5e4de356bf978374357e4163fa4bb2eece6707d1.jpg,65665713,BV1Z4411B7us,1566964810,2019/8/28,12:0:10,04:18,13498,10516,11567,5807,41478
模仿黄晓明，强迫百万up女装，结果……【自闭挑战】,2250,1399780,//i1.hdslb.com/bfs/archive/b486c66b901c85b2f0149f49b60f1d1e57458c26.jpg,65132517,BV1i4411r7dd,1566624188,2019/8/24,13:23:8,11:42,20635,10728,32368,1871,63259
【欣小萌】放学别走，我在学校操场等你！,2855,1473715,//i2.hdslb.com/bfs/archive/bf22e46367d5d9801941ff6509f9aae503b0de5a.jpg,64385279,BV1i4411o7pP,1566188389,2019/8/19,12:19:49,04:22,3591,18491,22169,2512,39986
挑战小学生暑假作业！！多久写完？,2692,767454,//i0.hdslb.com/bfs/archive/4a872360a544d36e3c74a388caa77162299a7611.jpg,63690966,BV1J4411D7RW,1565781058,2019/8/14,19:10:58,07:30,11796,3640,8574,915,32369
粉丝怀疑我有特殊癖好？！！【读评论】,2419,1740588,//i1.hdslb.com/bfs/archive/4b07a3decb9268780fd4f3c3c31ab75b238427c0.jpg,63100439,BV1r4411X7mr,1565438844,2019/8/10,20:7:24,07:17,22291,6493,14228,727,54330
帮up主选衣服，选对就跳舞❤️【互动视频】,4289,2061699,//i1.hdslb.com/bfs/archive/23a710d6bb2bc110745f7dfc22234ae357853802.jpg,62618087,BV1Jt411T7Uv,1565170590,2019/8/7,17:36:30,16:58,27452,26210,32731,4287,67232
穿女仆装在大街上全速奔跑！！！,3771,1853872,//i2.hdslb.com/bfs/archive/8791e643d870cef9b4245072273a064a8dced045.jpg,61733230,BV1Tt411F7Fu,1564650090,2019/8/1,17:1:30,00:51,3588,12602,11423,1299,51761
【欣小萌】今天是你的黑色猫咪❤️,1979,1878598,//i0.hdslb.com/bfs/archive/8bd7fcae158766856aacfa267db468d4705f07d1.jpg,61010724,BV18t411P7w6,1564228806,2019/7/27,20:0:6,03:04,2678,18770,21377,1642,38166
在BML后台跳Bad Guy,1576,1276211,//i0.hdslb.com/bfs/archive/65245e683db96a244e07bbf60e3cc955fb4f5d17.jpg,60399721,BV1zt41177Vj,1563864942,2019/7/23,14:55:42,01:53,2005,7198,9887,764,34866
百万UP主开机甲只为阻止蕾丝发电！？,13538,7520813,//i0.hdslb.com/bfs/archive/e54a8070e0912e697413b360a6806c0b696a1b7c.jpg,59530318,BV1Et411g7H3,1563379213,2019/7/18,0:0:13,04:18,50799,89509,146139,16267,270797
随机挑战，超羞耻男装出门？,2354,1938321,//i2.hdslb.com/bfs/archive/dbba964db2153afa908b2a7a63ec122a79c2afbc.jpg,59440922,BV1at411G7zf,1563281933,2019/7/16,20:58:53,10:51,19869,7736,16127,1050,47506
走出自闭，最羞耻的挑战！,7534,2087957,//i2.hdslb.com/bfs/archive/e686798b1a26654cef60e99ba9698c01972a74fd.jpg,58313141,BV1j4411F7bd,1562563592,2019/7/8,13:26:32,07:00,34398,28854,95961,11099,109291
【欣小萌】心跳加速了吗？❤️桃花笑~,3189,3113650,//i0.hdslb.com/bfs/archive/acddc572e1321e259f9ffb6c3e037d7f29745726.jpg,57331157,BV1Vx411R7dz,1561875749,2019/6/30,14:22:29,03:04,7108,40961,52477,5774,71411
走出自闭，在地铁当众跳舞是什么体验？【欣小萌】,9873,4411793,//i0.hdslb.com/bfs/archive/f6c5e249b479fdacb1769a9abfdc7268e30a9619.jpg,56643023,BV1Nx411o7Np,1561348836,2019/6/24,12:0:36,01:27,12775,91962,141412,10315,173064
超豪华B站大礼包开箱，全送粉丝！【欣小萌】,1225,467405,//i2.hdslb.com/bfs/archive/3e9b2b27c2d78ee9d87dea47a1092c78593f62ab.jpg,55645957,BV1z4411V7vC,1560600007,2019/6/15,20:0:7,05:49,5609,1886,4537,406,15831
【欣小萌】B站爸爸邀请我们去保护海洋！,1395,613621,//i1.hdslb.com/bfs/archive/ae756df6ef7c7114a85700b6c279862d1a97c680.jpg,55181505,BV1R4411N7EC,1560168035,2019/6/10,20:0:35,06:26,3965,5420,16093,575,28363
【欣小萌】乐队女孩向你告白！★ 高考应援【原创编舞】,3079,2618588,//i1.hdslb.com/bfs/archive/bdf3a4625ca85ae861e47a15f631d9b054a53433.jpg,54607705,BV1E4411M7rg,1559714146,2019/6/5,13:55:46,03:38,5897,39208,36446,4907,53150
2019高考加油！UP主联合应援2019年高考,7226,1793471,//i0.hdslb.com/bfs/archive/07b32de5e59d03aeb7940b6f82ddcf43db6d442a.jpg,54456607,BV1D4411n7up,1559563249,2019/6/3,20:0:49,06:03,12364,17384,28557,6238,88980
【欣小萌】Senorita❤️性感红裙回归~,3548,1808060,//i1.hdslb.com/bfs/archive/549a664ce99f5344b0546bfb1e5d9cefc902164d.jpg,54121244,BV1U4411H7EU,1559274580,2019/5/31,11:49:40,04:28,1518,30144,34438,2289,42298
【欣小萌】穿越次元来见你❤️AIAIAI❤️人工智能爱酱,2178,1589279,//i2.hdslb.com/bfs/archive/85ac763a763ebdb3dd2ee63e6c2fa8e070919278.jpg,52311891,BV184411a7hS,1557720022,2019/5/13,12:0:22,03:44,2899,26336,29259,2278,38271
【欣小萌】是你的心动女生吗？❤ GEE,2944,2013932,//i0.hdslb.com/bfs/archive/e14bd5f756a97f2557585bdad81c6f05a6a6ea88.jpg,51616448,BV1f4411i76k,1557120653,2019/5/6,13:30:53,03:58,4899,31308,38431,2869,47340
【欣小萌】勾指起誓,3900,1278104,//i2.hdslb.com/bfs/archive/7e9582a38fa6921e8bad6ed32b7d6fc94bd10ae7.jpg,50831114,BV1L441187Qf,1556522704,2019/4/29,15:25:4,03:26,2947,21169,36580,2286,47429
【欣小萌】每天一遍，防止抑郁。,3958,1711427,//i0.hdslb.com/bfs/archive/b7591dabde0e5706522709b28b5845dd97e25bfb.jpg,50438798,BV1Z441187DX,1556189941,2019/4/25,18:59:1,03:18,4599,14551,20793,7909,36274
【欣小萌】某些up私下竟是这种人？舞蹈区up主的日常,1188,886697,//i0.hdslb.com/bfs/archive/9a2456c164ed4551b5d0bc4e8585b74c285d117d.jpg,49903109,BV1ub411V7yn,1555742897,2019/4/20,14:48:17,06:59,3512,5207,8561,780,20049
【欣小萌】是你的学妹吗?❤️小鹿乱撞~,3353,4306120,//i1.hdslb.com/bfs/archive/1ee603353c54cac243a6578c400d490f67ddf69a.jpg,48215316,BV1bb411W7CA,1554350454,2019/4/4,12:0:54,02:16,8481,78467,78140,22028,87951
【欣小萌】我想走进你心里 ❀ 堪堪~,1560,1078309,//i1.hdslb.com/bfs/archive/90dd6285c488ac89765a0e33310c87c97dfe2273.jpg,47764351,BV1kb411W7nF,1553947238,2019/3/30,20:0:38,04:47,2075,13549,18606,1605,24042
【欣小萌】大揭秘！！我的剧组土味生活vlog,1497,769080,//i0.hdslb.com/bfs/archive/b958b1066aacc23d1676828d789fce238995c6a9.jpg,46815478,BV1Ub411E7fW,1553076648,2019/3/20,18:10:48,12:13,5052,3894,6356,588,15482
【欣小萌×ilem】勾指起誓（人声本家／专辑《2:3》收录曲）,7969,779974,//i2.hdslb.com/bfs/archive/41b9d6afc9743f3eae08dfa0c0f4efa6911412c4.jpg,46148392,BV1ob411n75y,1552478431,2019/3/13,20:0:31,03:26,3097,7945,13735,1865,25275
【欣小萌】出山 ✤ 下山跳个舞,1983,1680067,//i0.hdslb.com/bfs/archive/896969a3441e36a8a05f42e2a8f15d6bd5b04459.jpg,45607448,BV1Ub411q7zy,1551961632,2019/3/7,20:27:12,02:38,2981,31914,39673,5687,41613
【欣小萌】solo❤只给你的独舞,2495,1663376,//i0.hdslb.com/bfs/archive/abf104479de0f56c453778c7d83eb4730a528376.jpg,44774355,BV1Ab411h7F1,1551181658,2019/2/26,19:47:38,03:30,3074,29939,35168,3504,39309
【欣小萌】情人节快问快答/套路深还是情感真？,2261,699625,//i2.hdslb.com/bfs/archive/622aff8be2b2d23fd5f2755998876c0d04d9b68b.jpg,43315984,BV1vb411m7aV,1549960749,2019/2/12,16:39:9,08:30,9064,7124,12467,1854,19694
【欣小萌】新年贺舞寄明月❀双马尾旗袍娘狂三cos,2186,1194711,//i1.hdslb.com/bfs/archive/0b9ee68e42fdd9c8d2b8e685abdf174d31e2ac0b.jpg,42581472,BV1jb411r7My,1549252856,2019/2/4,12:0:56,05:28,3235,22137,31722,2939,35909
【欣小萌】书记魔性舞❤万恶之源/该来总要来【辉夜大小姐想让我告白】,3067,1615395,//i0.hdslb.com/bfs/archive/5d96222fed36883797df218377ecbe05498bcea5.jpg,42225061,BV1Zb411r7np,1548913652,2019/1/31,13:47:32,03:16,2950,21724,29057,4080,34302
【欣小萌】我又初恋了❤点击一键脱单❤,1714,1279208,//i0.hdslb.com/bfs/archive/ed04e1bcec979b7070b2d017bffab1602c02712b.jpg,41569319,BV1xt411b7gq,1548333040,2019/1/24,20:30:40,02:46,1934,20588,30589,3271,33006
【欣小萌】厦门VLOG笑吐血 / 倒霉孩子被拒绝 / 和我过一天,3659,812421,//i1.hdslb.com/bfs/archive/9feb4054b7e58c16164a9ad3b25def92d0fab439.jpg,40688991,BV1Vt411H7vP,1547469040,2019/1/14,20:30:40,03:49,2266,10572,20148,1790,22142
【欣小萌】Good Time◁◁ 好嗨呀，共度好时光,2913,1266035,//i0.hdslb.com/bfs/archive/7fcb7603f0d341cad1bbe89dbc426ffe6fab3773.jpg,40365721,BV1ot411s7uG,1547123404,2019/1/10,20:30:4,02:46,2514,26935,40451,3549,38299
【欣小萌】官方鬼畜❤️沙雕up跳改革春风吹满地~,5485,2757635,//i0.hdslb.com/bfs/archive/45a553eb58be36364b68cfed35f2d833a966bc47.jpg,39089035,BV1dt411677p,1545913844,2018/12/27,20:30:44,02:56,4611,49561,48356,14952,51668
【欣小萌】我在江湖等你 ✿ 乘云归【原创编舞】,6781,963262,//i0.hdslb.com/bfs/archive/271605a7f72e446c118acfaf9661cb8730b65497.jpg,38138807,BV1At411i7UQ,1544788837,2018/12/14,20:0:37,04:08,2813,21800,29503,2845,27296
【欣小萌】Havana◁◁ 你的细高跟小姐姐上线,10576,2179029,//i1.hdslb.com/bfs/archive/1d307d3743b2e2a0007b4c3496e581649c47048a.jpg,37695875,BV1Nt411D7cE,1544272250,2018/12/8,20:30:50,02:44,3891,49644,46117,7693,41124
【欣小萌】双马尾小恶魔来了，为你《着魔》【原创编舞】,1532,1107576,//i0.hdslb.com/bfs/archive/c787caf8c397985e85668ed4aade7496180e3be5.jpg,36886454,BV1Ut41197iJ,1543320028,2018/11/27,20:0:28,03:50,2636,22467,30251,2724,26933
【欣小萌】江南夜 ✿ 国风回归◆◇ 为你抹红妆,2364,956695,//i1.hdslb.com/bfs/archive/7535ec580da04dc5d601fca14bf25bf988c1c9a2.jpg,35546170,BV1pb411c7hH,1541680239,2018/11/8,20:30:39,03:37,2108,19772,24656,2565,22181
【欣小萌】靠近我！★ 性感人鱼siren ★,2137,2023203,//i0.hdslb.com/bfs/archive/7e79a7338f068545cbc29f8f0d72119be46a9e82.jpg,35058317,BV1Lb411P7yb,1541073611,2018/11/1,20:0:11,02:44,2625,36340,36743,3569,31834
【欣小萌】偷偷在bilibili总部跳舞！★神谕法则,1869,1809431,//i0.hdslb.com/bfs/archive/9ab26d1f957302ab9924ef889f8d5bc10e76e737.jpg,34569617,BV1nt411d7dh,1540468801,2018/10/25,20:0:1,05:31,7244,30643,43733,2989,37582
【欣小萌】响喜乱舞 ✿ 和风初尝试,3684,2045305,//i1.hdslb.com/bfs/archive/4382c9262f208a5f0c7a138d919497679ff386c7.jpg,34304064,BV1kt411o7C3,1540123234,2018/10/21,20:0:34,04:07,14325,44250,42376,4621,32186
【欣小萌】浪人琵琶✿谁陪我浪迹天涯,5757,2945659,//i2.hdslb.com/bfs/archive/1525bced3fcc42ed9b776fcf7ac578668eb18e13.jpg,33962846,BV1mt411Z7zc,1539685814,2018/10/16,18:30:14,05:10,8255,74500,102019,23046,67091
【欣小萌】学习委员♡教室跳舞 YUAN,1108,1157349,//i0.hdslb.com/bfs/archive/9c3f7eb998f5eb23e7b51d817a4503068e0be82c.jpg,33673450,BV1Dt411f7X6,1539345607,2018/10/12,20:0:7,04:10,2140,21956,17894,2034,15365
【欣小萌】舞蹈串烧 ！那些年超火的甜歌，重回学生时代~【原创编舞】,1589,1165011,//i0.hdslb.com/bfs/archive/53a776400ae13c0af42d24975e0d6301d984deb2.jpg,33068973,BV1PW41127BG,1538650823,2018/10/4,19:0:23,03:34,2353,24314,28838,3034,20591
【欣小萌】《樱桃小丸子》op♡厦门地标打卡，一起来装嫩！,1822,1410143,//i0.hdslb.com/bfs/archive/8f36660b8ecfc7949167610d564deb2c27190f3c.jpg,32563775,BV1kW411U7Nd,1538045897,2018/9/27,18:58:17,03:17,2693,34196,31831,4999,21952
【欣小萌】元气少女❤️海滩“热”舞,1100,1010877,//i0.hdslb.com/bfs/archive/299e5a2272e5ed66dab789d5594ce7ae84855480.jpg,32067892,BV12W41167fk,1537525802,2018/9/21,18:30:2,03:04,1387,16344,14290,1230,12648
【欣小萌】女警BAAM❤️今天我要逮捕你！,1693,1688246,//i0.hdslb.com/bfs/archive/ab6f792705468c688ffe4ae414d8ec2768b5445f.jpg,31246494,BV1HW411d7bx,1536314441,2018/9/7,18:0:41,03:26,4076,32047,28663,3657,21667
【欣小萌】肥肉都给你 ♡ 燃烧我的卡路里,2944,2508013,//i0.hdslb.com/bfs/archive/0cca65e7a0f7d402461cff0161492aa450d76ad0.jpg,30184978,BV1KW411D7HW,1535106620,2018/8/24,18:30:20,03:08,4858,41581,35694,8301,28313
【欣小萌】爱你 ♡ 小学晚会金曲回忆杀,2351,1621033,//i2.hdslb.com/bfs/archive/67456a5da1007dad91d634e4e6476646b8fb2a01.jpg,28334347,BV1Fs41137LQ,1533206451,2018/8/2,18:40:51,03:44,4315,33935,31040,5512,21029
【欣小萌】夏色笑容 ♡ 沙滩大海和夏天更配哦,1156,653955,//i1.hdslb.com/bfs/archive/efc1a20d206c59f76177565c9f69d130b6eab8e3.jpg,27291806,BV16s411N7bk,1532082610,2018/7/20,18:30:10,03:56,1908,16543,20326,2111,12146
【欣小萌】足球宝贝 ♡ 草地蹦迪BBoom BBoom！,3910,2839702,//i2.hdslb.com/bfs/archive/7f7c756669b89a8ec0e592cb6af015b99cdf77e6.jpg,26192654,BV1qs411V7qH,1530784831,2018/7/5,18:0:31,03:48,6950,58860,42951,9911,31775
【欣小萌】清凉夏日のshake it 【P2手机版】,863,690426,//i2.hdslb.com/bfs/archive/ef5c2fa07494eda6ce731dddeae737c0d53b9d33.jpg,25307281,BV1Ms41177RF,1529568334,2018/6/21,16:5:34,03:06,1009,15236,14313,1558,8630
【欣小萌】学猫叫！喵，是你屋顶的猫吗？,4335,4157870,//i2.hdslb.com/bfs/archive/04add737d248ef2abe975ab7376992e55904d3d7.jpg,24541200,BV1XW411A73f,1528450838,2018/6/8,17:40:38,03:46,6969,62929,48076,14142,34573
♡ 520の告白 ♡ 糟了，是心动的感觉,922,174305,//i0.hdslb.com/bfs/archive/af54c494265b7834bafe2905e06a11d97b3e9995.jpg,23685861,BV1mp411d7fG,1526796149,2018/5/20,14:2:29,02:37,429,1820,3427,445,2546
【欣小萌】 ♡ pick me up ♡【闪亮吧，101女孩】 创造101主题曲舞蹈~,735,625708,//i2.hdslb.com/bfs/archive/726d8842194c0256e3d8b01f3433deb110336457.jpg,22974339,BV1TW411G7ih,1525441184,2018/5/4,21:39:44,01:33,964,9034,11697,864,7534
【ASMR❤欣小萌】录播合集 持续更新,597,607390,//i2.hdslb.com/bfs/archive/2b57905dcf9cb84f113d6d52060a93e2b26e4dba.jpg,22859277,BV1HW41137Cd,1525215321,2018/5/2,6:55:21,228:45,2508,12067,8431,1264,6292
【欣小萌】【生日作】再见少女(H△G)喜欢就继续努力吧,677,218466,//i2.hdslb.com/bfs/archive/8a7e2cb1adfe5ffa1ef730f17ba5d6d7b942d1fa.jpg,22716051,BV1bW411V76g,1524996038,2018/4/29,18:0:38,04:12,975,4392,6440,478,3470
【男友视角】春日少女的香气 ⁄(⁄ ⁄•⁄ω⁄•⁄ ⁄)⁄,697,150266,//i2.hdslb.com/bfs/archive/1d293f9da50d700e18d70a334ca39f16aaffd830.jpg,22375031,BV1jW41157Ah,1524303049,2018/4/21,17:30:49,01:34,315,2223,4475,580,2558
【欣小萌？】假酒害人&尬舞普通DISCO~,643,169380,//i0.hdslb.com/bfs/archive/f067d63d1ad7be609671a67cfd20c4a2d7f66913.png,20275883,BV1wW411x7Av,1519990939,2018/3/2,19:42:19,02:15,672,3245,6457,535,3289
【欣小萌 · 周年作】可以做你女朋友吗？,1034,381110,//i2.hdslb.com/bfs/archive/fee338416eba0050b8cfb818a7a03a3464a5327e.png,19588740,BV1UW411E7JR,1518606065,2018/2/14,19:1:5,04:04,1556,8070,11166,745,5550
【欣小萌】我的刘海去哪了~snow song show,833,310749,//i0.hdslb.com/bfs/archive/754b0bb56cfbcae22c79533d97e0a03590c074e9.png,19341429,BV1sW411n7Aj,1518170446,2018/2/9,18:0:46,04:28,1342,8392,10385,745,4281
【欣小萌】真人神还原❤恋爱吧❤【POP子和PIPI美的日常】,643,293269,//i0.hdslb.com/bfs/archive/6dc853abbd329c2d97e0014e0a7e78ceca7ab38c.png,18750311,BV1bW411e75M,1517299272,2018/1/30,16:1:12,01:46,376,6368,7356,970,3518
【翻唱】晚安喵~,419,117956,//i2.hdslb.com/bfs/archive/bc42c90082c0806ed336d675d7d321ae5c4187bc.png,17587647,BV1nW411t7G9,1514120637,2017/12/24,21:3:57,02:02,281,1975,4196,511,2160
【欣小萌】手语舞 ♡ 明天，你好 ♡,756,169392,//i1.hdslb.com/bfs/archive/c1598ea7c91a794e6ebb6065ffcf297bb27c449e.png,16626823,BV1Nx411576E,1511524100,2017/11/24,19:48:20,04:33,619,4500,7931,1376,5297
【欣小萌】Marine dreamin 中二水母游游游~,524,154349,//i0.hdslb.com/bfs/archive/a27f8080b8dbc69f338bd6f11b7246b77e3df439.png,16441628,BV16x411L7W2,1510994679,2017/11/18,16:44:39,03:38,576,3208,5435,468,2032
万圣节，cosplay一只南瓜（葫芦娃？？？）,246,47643,//i2.hdslb.com/bfs/archive/98aa8d305d19e1777c89914680c3e09597a36bad.jpg,15870316,BV1Lx411E72u,1509372025,2017/10/30,22:0:25,01:32,150,545,1291,295,988
【欣小萌】PINK CAT❤色气小姐姐上线？,580,239537,//i0.hdslb.com/bfs/archive/fbdb75a175910003952f31ec96ea43c41fd261fb.png,15590128,BV1qx411M7Eo,1508574051,2017/10/21,16:20:51,04:24,691,4626,5119,444,1898
【欣小萌】来自地球最后的告白～,1039,700250,//i1.hdslb.com/bfs/archive/458798b46b5d09f801bcb1e69d0805f971cdc6df.png,15023414,BV1Vx41137v8,1507024263,2017/10/3,17:51:3,04:28,1630,14950,12325,1178,3601
【欣小萌】想在海边白房子前起舞～迎向结束的开始之歌,419,63055,//i1.hdslb.com/bfs/archive/b46cadbeca94c9bac0645bf010cbe03acf174c4a.png,14694214,BV15x411G72A,1506080234,2017/9/22,19:37:14,02:36,328,1643,2523,338,726
【欣小萌】 ♡ 情人节之吻 ♡ 请收下这份礼物～,962,205943,//i0.hdslb.com/bfs/archive/d425728cedb68bef207c8bdb1a13997c27fc6581.png,13877143,BV1ax41187xm,1503835993,2017/8/27,20:13:13,04:59,963,6055,6393,671,939
【欣小萌】我这么可爱真是对不起了～（捂脸）,883,186324,//i0.hdslb.com/bfs/archive/b2a4247a3a8564f1b57c62b1f0b0c0195ba6959c.png,13209021,BV1yx411n7Tn,1502445623,2017/8/11,18:0:23,05:03,1148,4670,5551,600,1000
【后期萌】“吾之去南海，一瓶一钵足矣”—p1上海游记&p2制服少女,619,69616,//i2.hdslb.com/bfs/archive/c2c780a782726977f32a8bebae8149a80e4e547f.png,12762488,BV1Sx411W7TB,1501414474,2017/7/30,19:34:34,03:42,549,1070,2277,477,659
【欣小萌】沙滩•裸足【回避暧昧】海风中刻骨的爱恋,703,99183,//i1.hdslb.com/bfs/archive/11b4e338b30cede33d4dad9d7c3b5b461be94b1e.png,12489368,BV1Xx411i7fB,1500814858,2017/7/23,21:0:58,04:50,1060,1748,3031,350,780
【欣小萌】你也想咬一口吗？【爱情decorate】～,900,150661,//i2.hdslb.com/bfs/archive/f28bc698654f1bde029672297ed2c503dce62128.png,12001106,BV1Cx411z71k,1499508025,2017/7/8,18:0:25,15:44,1317,3629,7082,625,527
【欣小萌】call me 爱酱脱丝袜跳舞 call me～,1649,1921302,//i2.hdslb.com/bfs/archive/5a770e9fb82491733c7be7f8ef2d36f836c013e1.jpg,11377620,BV1gx411h7Lc,1497620540,2017/6/16,21:42:20,06:25,4383,34020,21624,3199,9556
【欣小萌】UNI洗脑循环，你也是小可爱呀？六一快乐~,498,172071,//i0.hdslb.com/bfs/archive/3f68db055c3a974bf63b66e7198727fb17bd9420.jpg,10997575,BV1sx411e7CF,1496322711,2017/6/1,21:11:51,04:28,744,4563,3856,734,905
【欣小萌】我想带你环游世界～～准备好了吗？【交织Together】,612,216610,//i0.hdslb.com/bfs/archive/9490ffaa5ebea7e9b2ff4f84c2754ca2da3eb553.png,10891776,BV1Px411e7XN,1495977633,2017/5/28,21:20:33,06:07,1210,5712,5939,769,888
【欣小萌】请签收你的小机器人吧！坚定的eye~,524,189813,//i1.hdslb.com/bfs/archive/0b60ae6d9597bf8be54a0b1817c448a59f7ce947.jpg,10532657,BV1Rx411e7nd,1494677321,2017/5/13,20:8:41,05:25,719,4771,3308,346,516
【欣小萌】嘿！你好吗～离春天最近的街道,483,86307,//i2.hdslb.com/bfs/archive/568ee465d2a6c63f0b97e033a4c99d5fccf7b4b7.jpg,10271763,BV1fx41127DE,1493751367,2017/5/3,2:56:7,06:09,449,2349,2698,244,516
【欣小萌】【生日作】我的世界已坠入爱♥河～因为我喜欢你呀,594,363603,//i2.hdslb.com/bfs/archive/11b4726dd687910b5e5ef3064df5671acec78bb6.jpg,9857682,BV1Nx411D75D,1492263004,2017/4/15,21:30:4,06:39,1162,6139,3907,416,1519
【欣小萌】hide and seek 你愿意来找我吗,813,390526,//i1.hdslb.com/bfs/archive/d1948f0f093c8f931c2c6eeb6b81c526506a6214.jpg,9559298,BV1Vx411Q7XW,1491143006,2017/4/2,22:23:26,06:13,1421,10722,6132,830,1532
【欣小萌】北大未名湖♡爱之诗♡，安全裤不听我的话,209,251284,//i1.hdslb.com/bfs/archive/f25277fdbef3ca043b606f55e21a7035394233fa.jpg,9433959,BV1Yx411k7DC,1490619141,2017/3/27,20:52:21,05:00,413,2073,1482,204,1372
【欣小萌】这回终于大长腿了【Sweet Magic】,401,188311,//i1.hdslb.com/bfs/archive/13ec7d785d0e2f17e75a2217ab6769db29c245e8.png,9288865,BV1ox411r7iF,1490011468,2017/3/20,20:4:28,03:43,387,2509,1731,165,822
【欣小萌】干物妹小埋【论原番的正确打开方式】高能～～,373,170418,//i2.hdslb.com/bfs/archive/8c14ce10139ab5df99d43f95b81e793b34fb4e3f.jpg,8661067,BV1Tx411y7EZ,1487295795,2017/2/17,9:43:15,02:56,383,2135,1936,302,1576
【欣小萌】恋爱循环❤发红包的恋爱循环❤,275,191827,//i1.hdslb.com/bfs/archive/777fd3edfb3d3d4a2b717e84de85b062e48a577b.png,8310301,BV1js41187eP,1485826225,2017/1/31,9:30:25,03:16,273,1985,1292,206,970
【白金disco&阴阳师】【新年作】这是入欧传送萌吗？【欣小萌】,325,178184,//i2.hdslb.com/bfs/archive/fc932432d9857a117bc930caffa8ea41b0a30ef7.jpg,8248748,BV1Zs411b73f,1485493479,2017/1/27,13:4:39,01:51,263,1437,1384,270,1171
【欣小萌】【初投稿】恋爱循环(<_<),1274,380339,//i0.hdslb.com/bfs/archive/51d22efde71ef411839ab8be53bc591eb26e5f22.jpg,7267152,BV1Zs411W7L2,1480166077,2016/11/26,21:14:37,01:13,1127,1183,1566,420,4815
