﻿title,comment,play,pic,aid,bvid,created,date,time,length,video_review,favorite,coin,share,like
异地情侣在家玩心理测试，结果就尴尬了...,695,436716,//i2.hdslb.com/bfs/archive/d457e84157ff11a9f7d7a584b36117af9d925236.jpg,840886766,BV1M54y1Q74e,1591784914,2020/6/10,18:28:34,06:46,9469,2857,8796,453,42827
日本女友让我看美女，还用检测仪测试我有没有心跳加快，结果就...,1886,652730,//i2.hdslb.com/bfs/archive/de70f5e3fa27d60a7563bb3c7b8a63810d142dc8.jpg,710981693,BV1rD4y1D7uq,1591352738,2020/6/5,18:25:38,10:06,35137,4928,17950,1485,63107
日本女生为什么能忍受对方出轨？问完女朋友后我瑟瑟发抖【分手挑战第2期】,1618,1436508,//i2.hdslb.com/bfs/archive/7650650876785441613c150cfc2926eb4e528c90.jpg,668369909,BV15a4y1v7sz,1590584547,2020/5/27,21:2:27,11:38,17254,10298,34497,1936,114339
交往的日本女友，突然和我提出这个要求，还是他妈妈建议的...你能接受吗？【毒评论挑战】,2044,1853173,//i0.hdslb.com/bfs/archive/859ee7c154f00abc06295be35570c1a6570f4ae5.jpg,328206986,BV1fA411i7sR,1589970350,2020/5/20,18:25:50,11:18,19592,16468,70801,2926,145047
对不起各位长时间拖更，我们的确是遇到了些问题！,1995,1342383,//i1.hdslb.com/bfs/archive/dc4eac85ca9485c5dd69892118799f2707a1223f.jpg,328053550,BV1uA411t7Yu,1588844281,2020/5/7,17:38:1,04:35,7781,3604,12733,438,71845
日本妹子让外婆帮忙做了个50年前的约会造型，男友看后终于忍不住说...,945,326800,//i2.hdslb.com/bfs/archive/775ea2e790753aea10bcbf536f6ebac5d1e07fb9.jpg,667963118,BV1Ba4y1v72U,1588152957,2020/4/29,17:35:57,05:30,3828,2198,8820,308,34344
男友24小时不吃饭挑战，日本女友在他面前各种吃，结果男友晚上竟然...,1222,628846,//i1.hdslb.com/bfs/archive/0eb89d50b4d2fe1279226dfeccb1392d74d06416.jpg,99804716,BV1s741197BN,1585301145,2020/3/27,17:25:45,08:29,6239,3568,13747,936,47554
这谁受的了！日本女友不断向男友卖萌，男友差点直接离家出走！,1506,778219,//i1.hdslb.com/bfs/archive/0aedc19b82edffb1ab355ca8b7f170b68c4e7c89.jpg,96501939,BV1u7411f7RC,1584275497,2020/3/15,20:31:37,04:27,10862,5932,20750,2912,71580
粉丝向女友举报，up主以视频为借口偷偷用VR看片！这一年我都经历了什么！,1364,961368,//i0.hdslb.com/bfs/archive/324c19662867951050fe9cfb6ebf404d4190ca7e.jpg,92689725,BV11E411J73Y,1582978310,2020/2/29,20:11:50,14:14,7300,8907,37220,1808,76809
up主作死情人节给日本女友送了个假苹果手机作礼物，当她充电后...『kei和marin』,1712,833166,//i0.hdslb.com/bfs/archive/f402cb99b1614491bb7fd7d6926a86c96755e3ab.jpg,87935194,BV18741147vx,1581312181,2020/2/10,13:23:1,06:37,8750,6004,20091,2780,57711
新冠状病毒爆发，我和日本女友被迫分隔两地...『kei和marin』,2146,1137330,//i2.hdslb.com/bfs/archive/c69fbddedfb687f53b69f7d2e400b9676fe7326a.jpg,85540561,BV1e7411z7Yz,1580273532,2020/1/29,12:52:12,04:37,2502,3894,8513,963,50067
真实！和日本女生吵架，最后竟然一定要这么哄才行....『kei和marin』,769,846747,//i2.hdslb.com/bfs/archive/48896ea2e27acc6740e3a00681e5103c32a40fd6.jpg,84951133,BV1m7411r7GK,1579929220,2020/1/25,13:13:40,05:54,5774,4006,11954,2010,48758
千万别把男人一个人留在家里，因为你真不知道他会做出什么来『kei和marin』,1075,486152,//i0.hdslb.com/bfs/archive/3b8cf82431bc378eb8c52f8cb04d0284ad3d11a3.jpg,84282324,BV1U7411v7fk,1579519210,2020/1/20,19:20:10,06:01,4291,3407,14965,627,40084
花式欺负女友，年末给她4个红包，结果她打开后竟然。。。。『kei和marin』,648,586555,//i2.hdslb.com/bfs/archive/a16cf8e7e59689135391e7dd5abfeb7be7741c28.jpg,83932786,BV1C7411i7q7,1579322589,2020/1/18,12:43:9,08:39,6619,4722,21590,928,49460
逗比日本女友谎称前任来电想约！被中国男友发现后，没想到结果居然反转….『kei和marin』,935,817832,//i1.hdslb.com/bfs/archive/2a536b0771e393156c418fab8e3c7038ad85d25b.jpg,81785768,BV1bJ41187vW,1577965325,2020/1/2,19:42:5,06:31,4393,8373,25393,1525,57933
停更了一个月！和大家报告一下最近发生的意外，还有这个一个月我们的生活『kei和marin』,1244,960513,//i0.hdslb.com/bfs/archive/665d0e47d8ad4b089808d676cb9f3cedbbca7516.jpg,80863359,BV1UJ411Y7Zr,1577443418,2019/12/27,18:43:38,07:05,4243,7736,36344,887,67431
小伙大晚上带日本女友去租碟看片，结果女友的反应亮了！你的女友也这样？『kei和marin』,1908,2875767,//i0.hdslb.com/bfs/archive/341da7a2a5de66ec96c600ef58101d9efdf1c23e.jpg,77814961,BV1zJ411z7y9,1575284090,2019/12/2,18:54:50,05:39,9297,9423,25605,3410,89351
日本女友减肥不吃夜宵，中国小伙作死大半夜在她面前吃烤肉，结果...『kei和marin』,1347,1087868,//i0.hdslb.com/bfs/archive/b42ad2e57ec8f96f09a53fd65d6f2f48f58beeff.jpg,76607921,BV1FJ411d7vp,1574421480,2019/11/22,19:18:0,06:02,3443,6865,26997,5870,58071
头都笑炸了！小伙一直模仿日本小妹妹的动作，结果....『kei和marin』,824,730992,//i0.hdslb.com/bfs/archive/0751228929de3dc6be584aa66fc191643f92d51f.jpg,75566061,BV1UJ411S7Hr,1573648965,2019/11/13,20:42:45,05:14,1499,4733,17581,3024,40169
中国小伙和日本女生交往后说，这种女生谁受得了...！别想歪！『kei和marin』,2229,1181723,//i1.hdslb.com/bfs/archive/94e344f3de8323d22dd67ac8206913e772107e0a.jpg,74974344,BV1RE411e7oe,1573213755,2019/11/8,19:49:15,05:38,3826,6969,24872,1400,51821
怎么才能追到日本女生？我是这么撩的，结果让我有点懵...『kei和marin』,1305,1979748,//i1.hdslb.com/bfs/archive/84b1cd67e1258367e44fd7c441a59c261cbfe2c5.jpg,74152345,BV1aE411875E,1572612723,2019/11/1,20:52:3,07:40,10014,11422,26197,1985,64312
一定要看到最后!!!!!提前偷偷去日本女友家，结果她确在...!!!!顺便看看我们新家吧『kei和marin』,2553,1683242,//i2.hdslb.com/bfs/archive/3a998f269398baf74531a716a7523c950ecd9e39.jpg,73738297,BV1LE411h7Sp,1572261050,2019/10/28,19:10:50,06:05,7893,8528,33265,1189,65555
日本妹子吃完饭回家，男友假扮黑衣人偷偷的躲在了家里....『kei和marin』,1137,1544049,//i2.hdslb.com/bfs/archive/6fa0f2a981cde46763d14236e55316c6936fffff.jpg,71525034,BV1oE411C7ft,1571306924,2019/10/17,18:8:44,05:45,4665,10345,33431,3789,75967
在中国和日本做同样的事情过一天，分别会花多少钱呢？『kei和marin』,1823,846014,//i2.hdslb.com/bfs/archive/6b614f7aee5954c1397f5a8de5824fb5473df1c0.jpg,71218539,BV1fE411d7EM,1571050764,2019/10/14,18:59:24,04:37,2376,5416,14590,1388,42864
东京海洋迪士尼里最恐怖的跳楼机是这样的!!! 情侣体验完以后....『kei和marin』,1290,545255,//i2.hdslb.com/bfs/archive/cde66f3b6040dce60f1f6b90f6c3ed1bc4451105.jpg,70878482,BV1dE411o7K8,1570794021,2019/10/11,19:40:21,05:46,2978,4195,15096,2426,34825
网上形容的日本女生私下真的是这样吗？中国小伙验证了一下，结果..『kei和marin』,2456,3612115,//i1.hdslb.com/bfs/archive/4ee6d6faa98cbb4bc81ecba48b2749dfb68a2af0.jpg,69918318,BV1UE411Q7rx,1570100593,2019/10/3,19:3:13,05:07,6746,17044,38021,3741,109781
笑到断气！中国小伙在日本女友面前穿了女装，结果...『kei和marin』,1089,1467492,//i1.hdslb.com/bfs/archive/aafcfd95026a6251e46ae589e786ee641e1255bb.jpg,68933209,BV1jJ411u7Xb,1569408346,2019/9/25,18:45:46,06:24,9147,10445,32812,1506,80608
这下玩崩了吧！中国小伙在家偷偷用vr看片，被日本女友发现后...『kei和marin』,2453,6318825,//i0.hdslb.com/bfs/archive/f24205a59b145c874bd4bd83368a7f14aeeb84ee.jpg,68153467,BV1iJ411w7D4,1568800859,2019/9/18,18:0:59,04:25,12270,30678,67198,8080,216484
情侣千万别随便玩这个！日本女友穿着这个就被赶了出门，结果路人....『kei和marin』,780,1201172,//i2.hdslb.com/bfs/archive/bc50e36f58e85dd35581b9e82d61bf7de3c30c92.jpg,67281091,BV1HJ411K71G,1568116997,2019/9/10,20:3:17,09:06,3223,9872,32168,1441,50882
给日本外婆吃了不加调料包的中国泡面，外婆会说真心话吗？『kei和marin』,1064,1687385,//i1.hdslb.com/bfs/archive/56b562987a97efb5ce494ad05370bd322c68eff4.jpg,66621433,BV1c4411y7nh,1567599399,2019/9/4,20:16:39,04:40,3323,5730,18173,1040,58763
日本最贵巴士像酒店一样！车票1300元，你觉得值吗？『kei和marin』,480,437522,//i2.hdslb.com/bfs/archive/0e9eacd8b9c3714cf678cfafe0bfc01f96f43c37.jpg,66293307,BV1k4411m7qq,1567333488,2019/9/1,18:24:48,05:01,2389,2860,11372,864,23843
日本妹子带中国男友回家，谎称自己有孩子了，结果小伙把萌娃整自闭了..『kei和marin』,1442,2720285,//i1.hdslb.com/bfs/archive/ae8927a8b44f8c9e19e32f0d93ca9941e8ad5e77.jpg,65477669,BV1D441167Jn,1566823239,2019/8/26,20:40:39,06:02,6174,12869,34628,6612,92568
up主揭露在日本被骗12万日元全过程『kei和marin』,2036,592108,//i0.hdslb.com/bfs/archive/dea9c051bf787f2b5b30bf3c809fc4dc952958c9.jpg,64885565,BV1Z44119754,1566475777,2019/8/22,20:9:37,07:01,2341,4357,15391,1359,35138
最惨up主！好心给日本妹子准备中国特产，喝了一口直接哭了！这个真那么难吃吗？『kei和marin』,1983,1538660,//i2.hdslb.com/bfs/archive/1ac5285858c7c9dcf6a2d7f09ec5b9bbecdcd474.jpg,64592190,BV1T4411d76A,1566307783,2019/8/20,21:29:43,04:25,4917,5651,21873,1429,54176
在日本花50元和20000日元去洗剪吹有什么不同？中国小伙挑战日本Tony老师『kei和marin』,852,434322,//i0.hdslb.com/bfs/archive/7367c0d65c183297abf8d87794784bfe003a640e.jpg,64023359,BV1s4411Z7ah,1565964063,2019/8/16,22:1:3,04:50,5268,2090,8533,431,21703
这下玩脱了吧！中国小伙把自己关在日本网吧7天不出门，结果精神上出现了...『kei和marin』,2079,1140739,//i0.hdslb.com/bfs/archive/bc4b2d3a821bc45d7291141c35334de27b7718e5.jpg,63550168,BV1U4411S7cV,1565697441,2019/8/13,19:57:21,05:58,5100,10819,40209,1916,66820
这下玩脱了吧！中国小伙在日本买了2本杂志藏家里，被日本女友发现后...『kei和marin』,6129,5881870,//i1.hdslb.com/bfs/archive/b0da64477efd146b3b0cc33d93f42ce1339ae0e3.jpg,62649117,BV1ht411T7HP,1565181308,2019/8/7,20:35:8,04:32,19530,50834,95383,18672,217997
日本妹子来中国体验足疗，刮痧，艾灸！没想到身体出现了问题『kei和marin』,1063,1868807,//i2.hdslb.com/bfs/archive/7137092f012619c75a2ac5934e730e4661ecc170.jpg,62049069,BV1mt411u7b5,1564829918,2019/8/3,18:58:38,03:11,2520,8023,17449,998,43289
想做情侣up主的看过来，怎么才能拍出好玩的vlog？该做什么选题？该买什么设备？其实可以很简单『kei和marin』,595,453957,//i1.hdslb.com/bfs/archive/b8c0e10f0219892fbb7b756c2b050285ea513c70.jpg,60192212,BV1Nt411J7ZA,1563763861,2019/7/22,10:51:1,05:56,1330,7297,8903,1971,18553
岛国人推出珍珠奶茶面，一天只卖15份，1小时卖完！但日本妹子和中国小伙尝了一口后感觉...『kei和marin』,514,412189,//i0.hdslb.com/bfs/archive/c5a16d7ba1971bb5aa9b91a388869fe7c3c5c150.jpg,59299416,BV1St411372k,1563188271,2019/7/15,18:57:51,04:01,1202,2470,9601,828,18962
中日情侣up主，分享在b站1年多从0到50万粉丝的经验！原来最重要的不是运气，而是....『kei和marin』,2757,919132,//i1.hdslb.com/bfs/archive/f5cf353ec16df3ff1bfc541b90b41d83c78040d1.jpg,58362965,BV1r4411F7tS,1562587677,2019/7/8,20:7:57,13:50,13725,18687,85654,1912,79499
在日本点了差评最多的外卖，居然是中国家常菜。没想到这几个菜居然在日本可以卖那么贵！！『kei和marin』,2123,1152956,//i1.hdslb.com/bfs/archive/6dfd53b12e7650190a6e07d1c2c7f8790453546a.jpg,57842698,BV1W4411A7eA,1562241967,2019/7/4,20:6:7,05:04,4337,3824,11255,833,29538
入住日本民宿，打开抱枕发现大量现金？我们该怎么办？『kei和marin』,692,667060,//i2.hdslb.com/bfs/archive/4fe12820cf4ccef313d1ff157b10ecd14c33f57f.jpg,56804128,BV1dx411o7Rf,1561461416,2019/6/25,19:16:56,04:33,1838,3226,9622,455,20370
这是什么魔鬼面！日本最辣拉面没有之一，日本妹子直接被辣哭，中国小伙吃完后说出了....『kei和marin』,423,421576,//i1.hdslb.com/bfs/archive/b21d0b7c0d5b16db6c7ad63220155197c29ef5b5.jpg,56333393,BV1U4411373s,1561124267,2019/6/21,21:37:47,04:27,3988,1535,5688,334,13994
男友每天在家都这样！恐怕日本女up交往了个假中国人吧！『kei和marin』,700,936084,//i2.hdslb.com/bfs/archive/1a385fe639939738006a47d9e1db8fda6edbdd7d.jpg,55701941,BV1m4411V7cn,1560607998,2019/6/15,22:13:18,04:36,1925,2428,6695,655,18482
50万粉丝中日情侣up主，私下的真实生活是怎么样的？没错！这就是我们的生活『kei和marin』,932,1116592,//i2.hdslb.com/bfs/archive/8d7d926345a4f7b33a7e0e4ca08106c1e369a154.jpg,55569531,BV1c4411N7EF,1560512864,2019/6/14,19:47:44,05:17,2750,6021,18747,1029,35860
海底捞开到日本，竟然还有卖鹿肉！马小姐被厕所的一个小细节感动…『kei和marin』,475,435661,//i2.hdslb.com/bfs/archive/c1bcda65e32dcd212109a87e332be38a0dc80a74.jpg,55280436,BV1s4411K7Sa,1560254294,2019/6/11,19:58:14,03:24,1498,1339,3902,368,11490
日本女生第一次去中国男友家带了那么沙雕的东西！我该怎么办？『kei和marin』,487,932453,//i2.hdslb.com/bfs/archive/7889826a75e30b12a46926dde0cd432879732e9d.jpg,53874542,BV1H4411W7CN,1559039448,2019/5/28,18:30:48,03:33,1478,2421,5968,543,17745
在日本不住酒店，住房车是种什么体验！那么问题来了！怎么睡？洗澡洗衣服怎么解决？『kei和marin』,220,264226,//i1.hdslb.com/bfs/archive/1f9bcffd92733fd63a0fa9f0f64eb53fd838e307.jpg,53449329,BV1D4411L7xq,1558695059,2019/5/24,18:50:59,04:06,557,1203,4110,267,9597
第一次开房车，结果就碰到个碰瓷小伙.....『kei和marin』,462,321252,//i0.hdslb.com/bfs/archive/5e856016eabe9559cba3289d5b6b70a1b1d6232d.jpg,53169421,BV194411j7Yz,1558442530,2019/5/21,20:42:10,05:39,4102,7072,29821,630,29340
史上最贵视频！在日本体验有钱人的夜生活，不敢相信一晚上花了多少钱『kei和marin』,881,930477,//i0.hdslb.com/bfs/archive/b468cda137c8c03ffd5a745971a7c2350c996cd8.jpg,52848210,BV1Z441177KN,1558180288,2019/5/18,19:51:28,05:32,3663,6143,18314,1338,32636
在泡面里加入500块肉，再加上金箔！制作出了世上最贵泡面！ 日本女友吃了一口后竟然...『kei和marin』,327,455935,//i2.hdslb.com/bfs/archive/afaf119ab3521fd68be41db401b7e8b62ece2e59.jpg,52438813,BV1C4411E7c9,1557814061,2019/5/14,14:7:41,03:04,680,1123,2680,224,9127
在日本遇到某位“特别”女明星”，还有大批“超级英雄”！你能认出几个？？『kei和marin』,513,502338,//i1.hdslb.com/bfs/archive/11ac0ddc4bb2203d783d4123f5c3f9cf6b5d07e7.jpg,51535462,BV1W4411i7Jt,1557046884,2019/5/5,17:1:24,03:33,1590,2063,5236,275,13221
你们不要再吐槽我了！！不然我真的要变帅了『kei和marin』,316,180443,//i1.hdslb.com/bfs/archive/84823b98fa03d0895cf7173854f69d9c771afd24.jpg,51186442,BV1C4411x7Wy,1556794861,2019/5/2,19:1:1,03:52,611,810,2749,193,6974
看了这个视频，你就知道支付宝和微信在日本什么地位了『不带钱包旅游是一种什么体验kei和marin』,1880,1313888,//i0.hdslb.com/bfs/archive/0e56d94c59d59b9df1ea78cba4391d44536a0b74.jpg,50847434,BV1g441187Q2,1556538560,2019/4/29,19:49:20,04:15,2455,5714,17755,1072,41362
和日本小姐姐玩轮盘随机挑战，转到哪里就去日本哪里！结果意外中奖10亿日元？！『kei和marin』,321,234799,//i0.hdslb.com/bfs/archive/e1d0da77df17d3665b30d315f6c3cb66512f6d5e.jpg,50076821,BV18b41137ZE,1555853264,2019/4/21,21:27:44,09:01,921,2242,10295,281,13110
日本男女混浴温泉旅馆！原来里面是这样，怪不得日本人每年要去一次『kei和marin』,1201,1586480,//i1.hdslb.com/bfs/archive/876941a78f5182450695451618a59da5c63b77ca.jpg,49198883,BV1wb411T7jZ,1555154935,2019/4/13,19:28:55,04:53,3951,6160,12129,1889,31985
日本搬家有多贵？！不行了我肾疼！连日本人的马小姐也觉得搬家需慎重『kei和marin』,443,237925,//i2.hdslb.com/bfs/archive/ffd80b62fc6658af9c51f51a75b33919d1a6f380.jpg,48383294,BV1yb411g7B6,1554463672,2019/4/5,19:27:52,05:07,515,997,3501,266,8133
不用火！在石头上做出来的烤肉吃过吗？日本小姐姐的深夜食堂开张了【kei和marin】,521,306959,//i1.hdslb.com/bfs/archive/62585b9f88f861ff167b3e119d95ff496770fa9b.jpg,47679161,BV1Kb41147Zg,1553863367,2019/3/29,20:42:47,04:45,916,1943,5763,547,11812
在日本大晚上回不了家入住了2平米要260的酒店，你觉得值不值？【kei和marin】,412,320327,//i0.hdslb.com/bfs/archive/61326dec8a4503107373fc1ee5d7d46be4f46d87.jpg,47418471,BV14b411t7uE,1553602759,2019/3/26,20:19:19,04:29,748,1492,3771,402,9049
日本人都在吃的饭，竟然是用洗面奶打泡器打出来的『kei和marin』,480,258086,//i1.hdslb.com/bfs/archive/4148a35d550cf055ef1d7c05e7ddfcba22f8cbd0.jpg,47009733,BV1Tb41177j4,1553254506,2019/3/22,19:35:6,03:34,676,1468,3328,475,8078
up主作死挑战日本美腿器，每天还要坚持电上25分钟『kei和marin』,872,121008,//i2.hdslb.com/bfs/archive/6ba19145dc2ba9c3bbf9431efca44fea13cf0303.jpg,46673558,BV15b411E7ZH,1552915878,2019/3/18,21:31:18,06:37,671,1333,4206,402,6372
去日本山里体验男女混浴温泉，穿和服-豪斯登堡森林别墅『kei和marin』,811,403158,//i1.hdslb.com/bfs/archive/b75df27801972361b5b3e70d58ab5d91491a3d10.jpg,46264453,BV1Wb411H7uj,1552566929,2019/3/14,20:35:29,06:32,1779,3698,9220,1083,13195
隐私公开-日本女up童年美照，情侣up主做视频一个月到底可以赚多少钱！『kei和marin』,532,247577,//i1.hdslb.com/bfs/archive/a11eaa21d9b067e33b597888e9b9057f951c8724.jpg,45912098,BV13b411e7b2,1552222360,2019/3/10,20:52:40,05:08,1578,1605,7423,254,11655
在日本找到一个让人失去味觉的东西！走！找人试试看『kei和marin』,438,228612,//i0.hdslb.com/bfs/archive/79b5383be7766300f84768a8aa9b12d850775a23.jpg,44862687,BV12b411t7vP,1551270637,2019/2/27,20:30:37,05:18,744,1518,4707,704,8534
日本女生脾气都很好？打开门看到这一幕会怎么样？『kei和marin』,744,1136361,//i2.hdslb.com/bfs/archive/75583db52fad906a9b9aea4d5931f7c924b97fd1.jpg,44292074,BV12b411Y7F8,1550749286,2019/2/21,19:41:26,04:41,2685,3980,10471,1885,20895
公海上吃到的1300元的日式铁板料理！里面都有点什么？『kei和marin』,342,208949,//i1.hdslb.com/bfs/archive/9b0dd7617d376a3d26e5e0752b075705d198a5b8.jpg,43741476,BV1Nb411m7gW,1550304512,2019/2/16,16:8:32,05:26,587,837,3080,295,6481
你吃过这样的薯条吗？日本超火的薯条吃法『kei和marin』,360,196272,//i1.hdslb.com/bfs/archive/2a6ccd5d48b7190a0c2406341acc692ba284af08.jpg,43051658,BV19b411U7h8,1549709411,2019/2/9,18:50:11,00:46,156,924,1644,517,5589
跟日本小姐姐回家过年！日本新年吃什么？『kei和marin』,267,263958,//i2.hdslb.com/bfs/archive/a41db76bf44e0beb0af7d4337bb3ab4dfa40a1a1.jpg,42952565,BV1nb41167Md,1549616289,2019/2/8,16:58:9,04:12,849,1477,8175,270,10590
日本小姐姐带你回家，告诉你日本人大年夜都做点什么！家人首次出镜『kei和marin』,519,382704,//i0.hdslb.com/bfs/archive/54827b06e23b54e4292e913d963400a444d47a19.jpg,42590816,BV13b411r7NV,1549237696,2019/2/4,7:48:16,05:45,1661,2770,12086,294,17381
2000元豪华邮轮房间内到底长什么样子？04:02开始高能！『kei和marin』,388,298542,//i1.hdslb.com/bfs/archive/670003c0fb054fa63a4ce98a07eef2e394ab68ce.jpg,42364018,BV16b411k76U,1549024496,2019/2/1,20:34:56,04:53,882,1395,4099,501,7843
滴滴进军日本撒钱！日本出租车司机告诉你到底怎么样！『kei和marin』,692,304246,//i1.hdslb.com/bfs/archive/917120e1af8769e9980aa7cec7ac7986c2cbf8a8.jpg,41574714,BV1bt411b7v2,1548323196,2019/1/24,17:46:36,04:05,977,1166,4142,287,7051
肥宅基友大改造，只需要改造一点，肥宅马上就变身！『kei和marin』,288,109138,//i2.hdslb.com/bfs/archive/192f431ec548d1e13ffc92556f756c2c7c8ffa43.jpg,41380964,BV1ut411h7Ft,1548139518,2019/1/22,14:45:18,04:55,848,431,1631,141,3864
绿色抹茶火锅！奥利奥+辣条+老干妈=爱是一道光..『kei和marin』,256,173887,//i2.hdslb.com/bfs/archive/b7e8d24ecdcc7fb61629835d52d33a1ab4a54ec7.jpg,41055060,BV13t411a7mL,1547810695,2019/1/18,19:24:55,04:46,835,770,2455,527,5612
你是孤独的人吗？中国有一个地方非常适合孤独的人『kei和marin』,412,173369,//i0.hdslb.com/bfs/archive/2e1a902578429bd4c05658a42babbc2bcf823456.jpg,40452828,BV1Ct411p7fH,1547188892,2019/1/11,14:41:32,05:15,782,1259,2498,448,5005
和日本女友潜入了那些被禁止拍摄的地方！里面到底长什么样？『kei和marin』,352,160707,//i2.hdslb.com/bfs/archive/a39eb248cd08ee4d96e27c0189a30d61dbdab6eb.jpg,40232580,BV1jt411s7Uu,1546935257,2019/1/8,16:14:17,06:08,548,1199,3813,534,5785
跨国分居2地，把日本女友藏在口袋里去听游戏音乐会！惊现80.90集体泪目现场『kei和marin』,181,115798,//i2.hdslb.com/bfs/archive/964906add258a4fa4f02fa93a0cc8c80c815379d.jpg,39550128,BV1et411676k,1546267075,2018/12/31,22:37:55,06:20,350,355,1134,151,3350
睡在机场！头等舱过夜体验！大家会在这小空间里做什么呢？『kei和marin』,369,524421,//i1.hdslb.com/bfs/archive/d41129d46dbcd1c3ba57a086fba161d82b067b44.jpg,39208676,BV1at411r7Vc,1545978041,2018/12/28,14:20:41,04:20,527,1710,2982,297,6850
笑到岔气！300元布置圣诞夜挑战..当日本女友收到沙雕礼物后..『kei和marin』,312,135629,//i2.hdslb.com/bfs/archive/8fcf37f135cd830c865f3baa2e09fae36f582d28.jpg,38983585,BV1Pt411C731,1545723395,2018/12/25,15:36:35,06:22,869,727,3198,237,5531
当日本小姐姐打开中国酒店阳台门后...眼前的一幕感到震惊『kei和marin』,1426,1150526,//i0.hdslb.com/bfs/archive/6d1d2ca1ac8eb344559675e8cc183bd5657a389a.jpg,38588304,BV1ot411a7RN,1545298777,2018/12/20,17:39:37,05:40,2082,4004,7322,1350,12442
和日本小姐姐在厕所做了个实验没过多久！！当我打开门.....『kei和marin』,333,205302,//i0.hdslb.com/bfs/archive/e4816a06249ea0e77bcc1c3d7c8b55447397f02c.jpg,37967497,BV1Qt411q7MC,1544587237,2018/12/12,12:0:37,06:04,669,868,2514,216,4947
大中华最秀的汉堡！居然是用活性炭做的汉堡！『kei和marin』,451,246495,//i1.hdslb.com/bfs/archive/bb13fb4467633d7def18165704c501e6845d0521.jpg,37599873,BV1et411S7LY,1544165230,2018/12/7,14:47:10,04:21,617,1261,3401,419,6435
用1天时间！和日本小姐姐亲测在日本难以想象的店『kei和marin』,748,386672,//i1.hdslb.com/bfs/archive/b1117a0541e3cbbeac62f84772e27131280f6992.jpg,37074691,BV1Lt411X7a5,1543564480,2018/11/30,15:54:40,05:53,1422,1702,5916,687,9045
日本小姐姐来中国就为吸狗？汪星人竟然对小姐姐如此...『kei和marin』,434,213063,//i0.hdslb.com/bfs/archive/8f62e60ffb7626feba6948bf7757b30cda6bcf53.jpg,36570480,BV17t411y79W,1542956948,2018/11/23,15:9:8,05:26,627,740,2896,375,5498
日本女友爱上游戏前 VS 爱上游戏后『kei和marin』,343,270255,//i0.hdslb.com/bfs/archive/233e88bfe03ae126a64bcdd44160605117575f01.jpg,35829095,BV1et411U7Pr,1542020522,2018/11/12,19:2:2,05:25,754,866,2944,371,5740
日本小姐姐来中国前一定要带来的日本神器『kei和marin』,313,145856,//i1.hdslb.com/bfs/archive/58759cd2bc79618db82c8c798dc4de1fd51cfda5.jpg,35686649,BV1St411m7w5,1541845952,2018/11/10,18:32:32,06:28,990,603,2570,208,4447
中日情侣做视频的真正原因！！以及.....？？『kei和marin』,494,144201,//i2.hdslb.com/bfs/archive/3a4c3b9fe5ca5341a5f3cd81c5c81c6dae2e7641.jpg,35348074,BV1wb411A75N,1541398860,2018/11/5,14:21:0,07:15,1820,1197,8074,246,8038
岛国最奇葩食物～要想日子过的去，每天都要吃点绿『kei和marin』,388,122071,//i0.hdslb.com/bfs/archive/6a525a84bc63525761ddac441dc9a7e442697f46.jpg,34659650,BV1Xb411P77X,1540563897,2018/10/26,22:24:57,05:22,647,516,3088,245,4615
恐高症患者被关在123米的空中！底还是透明的！会发生什么？『kei和marin』,515,183600,//i2.hdslb.com/bfs/archive/6541fae981a477315215805c18bd2972c3bd26e9.jpg,34053266,BV15t411f7Xy,1539786550,2018/10/17,22:29:10,05:49,804,743,4322,509,5715
大阪有个超便宜的超市！这价格和国内一比，你怎么看？『kei和marin』,567,193084,//i1.hdslb.com/bfs/archive/2b261fc2bba9492b4b8e8051f10b1888aeb91e69.jpg,33681376,BV1Qt411f7sy,1539340380,2018/10/12,18:33:0,04:54,691,1200,3318,554,5066
up一人在家作死尝试日本3作死料理，女友回家后发现...『kei和marin』,1379,181847,//i0.hdslb.com/bfs/archive/e8a92adbfd647b8dc724e99bb80f4be77fe391d0.jpg,33006622,BV14W411U7ct,1538560840,2018/10/3,18:0:40,05:11,1302,582,2953,399,4757
年轻人无奈日常：每天都要离家出走,623,83684,//i2.hdslb.com/bfs/archive/cfb348f27c5c3939f9840d009e22c92888a0e1b7.jpg,32501263,BV17W41167Ms,1537931292,2018/9/26,11:8:12,05:31,764,308,334,417,1889
日本妹纸喜欢的美妆爱用品竟然都是这些！『kei和marin』,351,122284,//i2.hdslb.com/bfs/archive/52a4c2102a324bb4918b7748b77deafe8d2d4806.jpg,32460093,BV1PW411679K,1537866025,2018/9/25,17:0:25,06:47,524,1219,2497,647,3675
中国月饼 VS 日本月饼！日本马小姐第一次吃月饼『kei和marin』,593,155156,//i1.hdslb.com/bfs/archive/e02c2eed52578c6102b05d77f1f7ecfd5b16f72b.jpg,32406353,BV1UW411z7bd,1537790158,2018/9/24,19:55:58,05:28,1316,462,3026,244,4497
岛国4大脑洞黑科技，千万别随便使用『kei和marin』,625,481888,//i2.hdslb.com/bfs/archive/3af3e9bcac9bca0791d039a2737180fef1a7a1e4.jpg,32090165,BV1AW411r7Mw,1537426286,2018/9/20,14:51:26,05:56,1594,2567,9858,1071,10746
来吧！你们要的各种“神作”『kei和marin』,291,164716,//i1.hdslb.com/bfs/archive/64e46681f646588aa45c48b50a4b2973fbb01276.jpg,31569557,BV11W411C7iS,1536724456,2018/9/12,11:54:16,05:17,631,524,2962,224,4233
关于这次受灾关西机场『kei和marin』,243,104657,//i0.hdslb.com/bfs/archive/255230a291bce02b74514e730c8678321790a2d2.jpg,31269213,BV16W411d7VZ,1536322294,2018/9/7,20:11:34,01:28,99,176,934,190,2681
up休息日不拍视频的私下是什么样的呢？,523,167331,//i2.hdslb.com/bfs/archive/d40eddafd199a9c5465e4836c95f67db9cee0e00.jpg,30876943,BV1cs411F71Z,1535795675,2018/9/1,17:54:35,03:38,656,547,3468,229,4946
和日本小姐姐作死测试日版老干妈vs日本拉面-荞麦面-日式冷面！会变成什么黑暗味觉！『kei和marin』,710,217404,//i0.hdslb.com/bfs/archive/a91b1a5c8f6e87509c099002725833454bfc05f4.jpg,30614662,BV1Hs411c7vV,1535528242,2018/8/29,15:37:22,05:58,1291,773,4584,434,5664
和日本小姐姐一起撸串，辣粉加到我生无可恋『kei和marin』,718,336821,//i2.hdslb.com/bfs/archive/cf149a59450d565453a18843efcf02a184768ba7.jpg,30020545,BV1oW411Q7DP,1534926418,2018/8/22,16:26:58,04:49,1666,1197,5709,560,7214
史上超变态超级马里奥！和日本小姐姐对决，输了接受惩罚...『kei和marin』,336,136115,//i1.hdslb.com/bfs/archive/11fae1b6eefe60a9717dfdf027ce9d04efdd1525.jpg,29633757,BV1qW411X7XF,1534519221,2018/8/17,23:20:21,06:12,558,628,4067,513,4501
日本小姐姐，日语普通话上海话3语同时说，你觉得哪个说的最好？（除日语）『kei和marin』,631,202140,//i1.hdslb.com/bfs/archive/8e56dded40b8769590a2ed6b466778ac1ed76026.jpg,29249224,BV1is411T7ox,1534150871,2018/8/13,17:1:11,05:25,968,885,4566,771,5054
薄荷味的香菜香吃过吗？和日本小姐姐去吃香菜全席『kei和marin』,1452,276958,//i1.hdslb.com/bfs/archive/aba7a042eedd48b605f3b3e02d426a1a793b6835.jpg,28910367,BV11s411M7yp,1533797219,2018/8/9,14:46:59,04:33,1855,983,5061,1069,5433
我自己亲手制作了一款泡面！一种“狗粮”的味道。可把我能耐坏了『kei和marin』,458,150512,//i2.hdslb.com/bfs/archive/0033c6e9cd37d6f38bcc2906f34aa75b92708e4b.jpg,28073062,BV1vs411c7WW,1532919186,2018/7/30,10:53:6,05:15,764,649,4468,484,4270
日本漫画店我来了！超多童年回忆，流口水『kei和marin』,507,135289,//i1.hdslb.com/bfs/archive/efe56ca6c5e5153faf8111e92f4b8ba9f11121f0.jpg,27491109,BV16s411K7iq,1532276112,2018/7/23,0:15:12,03:58,898,688,3921,351,4250
麻辣烫开到日本！竟然多出来许多本地食材『kei和marin』,840,503085,//i2.hdslb.com/bfs/archive/bcbd6b9014bd7e66d1d24dff488c5ad0955d7e81.jpg,26779955,BV1ns411J7jF,1531490382,2018/7/13,21:59:42,04:24,2270,1451,7726,627,7650
和日本小姐姐去吃需要提前2个月预约的10000日元的牛肉套餐『kei和marin』,919,502584,//i2.hdslb.com/bfs/archive/dccffbb1c9b4237389a55903db6d1c52dd544357.jpg,26268826,BV1Rs411H7iW,1530863820,2018/7/6,15:57:0,05:48,2467,2598,10101,1605,8443
日本必去的梦幻世界！日本小姐姐路上微信扫码扫出什么鬼！！！『kei和marin』,438,173798,//i0.hdslb.com/bfs/archive/5cc42e384069466c8854175e1d521f0625df7159.jpg,26047775,BV1Cs411G7sG,1530581712,2018/7/3,9:35:12,04:51,908,961,4182,651,4129
童年回忆向--大阪二次元街里的神秘游戏店『kei和marin』,377,139751,//i0.hdslb.com/bfs/archive/35c8048f7769f03c2c21d4407bde35fd97fb8437.jpg,25823624,BV1ss41157rX,1530275913,2018/6/29,20:38:33,06:18,1081,868,4437,588,3776
6.18大阪地震，中日情侣记录地震全过程『kei和marin』,920,188541,//i0.hdslb.com/bfs/archive/8973c5b7599b699ca53812b61e1bab31b07f51fc.jpg,25275915,BV1fs411j7Ah,1529499118,2018/6/20,20:51:58,04:33,752,649,3076,468,4304
这个透明白色肥宅快乐水我要求退货『kei和marin』,401,170723,//i2.hdslb.com/bfs/archive/5c59ba0017fe6566f1544c7e79a8fb42da68234f.jpg,25053037,BV1MW411c7VG,1529201753,2018/6/17,10:15:53,04:01,749,408,3281,349,3513
毕业季遇到水手服日本小姐姐宝可梦必须要这样扛回家【kei和marin】,455,225980,//i2.hdslb.com/bfs/archive/a97bf12d6d92ae337c8eaf138b23ff886356453e.jpg,24795342,BV1bW411w72X,1528858861,2018/6/13,11:1:1,03:16,758,837,4860,179,4432
在日本，这个拍完以后就不是地球人了『kei和marin』,510,193905,//i2.hdslb.com/bfs/archive/b8ee012ef0663fdd9b21fddd141f76c310314790.jpg,24513853,BV19W411A73S,1528377288,2018/6/7,21:14:48,03:16,733,568,3389,647,3443
和日本小姐姐住在火柴盒里，外加看不完的漫画是什么体验？『kei和marin』,683,342074,//i0.hdslb.com/bfs/archive/7afe1f6c5bf537f4dbfd5afc7951ef26eaf8856f.jpg,24448509,BV1YW411A7zv,1528265359,2018/6/6,14:9:19,06:26,1968,1557,6233,1044,5295
和日本小姐姐一起吃鸡『kei和marin』,506,364435,//i1.hdslb.com/bfs/archive/fdb99e4da716199b2f6fc340aee805fff00a4a70.jpg,24154768,BV12W411P7Af,1527685726,2018/5/30,21:8:46,02:41,697,981,3786,443,4495
-日本都市传说验证-日本小姐姐把这些都东西都油里炸一下，黑暗料理？美食？『kei和marin』,756,277443,//i0.hdslb.com/bfs/archive/a36f98b58f4a10a3b9eaaee34cdb3cedbd1b3732.jpg,24039463,BV1op411R7eh,1527472818,2018/5/28,10:0:18,05:47,1300,1096,6267,744,4770
和日本小姐姐逛日本电器商店-网红相机-复古游戏『kei和marin小日常』,297,114699,//i0.hdslb.com/bfs/archive/f2e055c20eacfff36b6156cd0fbe921eeac71120.jpg,23878948,BV1Kp411R7w3,1527168612,2018/5/24,21:30:12,02:39,249,256,2454,118,2098
日本网红纯金冰淇淋有没有吃过？日本小姐姐带你去吃『kei和marin』,577,225553,//i2.hdslb.com/bfs/archive/3c826a9303d09bcb29b4d2bd5782c2255a2420a3.jpg,23783089,BV1Ep411o7hh,1526982735,2018/5/22,17:52:15,07:21,1714,1428,7928,976,4772
和日本小姐姐去日本网吧，免费饮料，漫画，顺便偷看下隔壁房间的人『kei和marin』,4498,2192506,//i1.hdslb.com/bfs/archive/8199cdc15b45f24add5c23b2ac46bc22b10c6e3e.jpg,23540691,BV1dp411Z7qr,1526524748,2018/5/17,10:39:8,06:29,6636,16152,38588,8622,20417
看到这些日本零食，居然和我们童年的零食如此相像！满满的回忆『kei和marin』,418,163941,//i0.hdslb.com/bfs/archive/ade8cd68deaa0f25002434f637ddd377bf9060a0.jpg,23148874,BV1vp411f7Q2,1525755809,2018/5/8,13:3:29,07:27,1381,717,4131,348,2770
日本水果到底有多贵？随机找个超市验证一下！最后一个简直...『kei和marin』,813,260913,//i0.hdslb.com/bfs/archive/f75add5ebbe3c591d16159358f3a7a49974b88bc.jpg,22961087,BV19W41137hY,1525429814,2018/5/4,18:30:14,05:33,1862,749,3618,540,3353
扭蛋种类多到哭！日本扭蛋王国『kei和marin』,288,197468,//i1.hdslb.com/bfs/archive/e1f07af20b2d3fafc4a1ee4c56e98d74b94c3fc4.jpg,22626615,BV19W411G75Y,1524798336,2018/4/27,11:5:36,05:32,937,1022,3569,837,3080
面包里夹炒面？夹薯饼？日本便利店味面包测评！一定看到最后一秒『kei和marin』,326,154278,//i1.hdslb.com/bfs/archive/ab878c99acaca3bd47c6e4dd099137fbbcf75338.jpg,22510499,BV1ZW411577h,1524548801,2018/4/24,13:46:41,10:09,1332,721,4154,451,2994
实力作死喝尿吃翔，日本小姐姐看的惊声尖叫『kei和marin』,293,167411,//i1.hdslb.com/bfs/archive/c56786bdd01774474b138e553f6170486a2c2564.jpg,22322721,BV1uW41157rK,1524191229,2018/4/20,10:27:9,07:05,987,768,6642,834,4419
想不到居然还有这样的航天员特供食品！！！『kei和marin』,201,117086,//i2.hdslb.com/bfs/archive/0ad60d493a02112f354051f2670b27a2ac6cb1c2.jpg,22200929,BV1NW411j7p4,1523927085,2018/4/17,9:4:45,07:09,530,457,3034,204,2276
"日本小姐姐萌力挑战中国5大奇葩口味饮料,最后一瓶简直..『kei和marin』",654,339748,//i0.hdslb.com/bfs/archive/78dd99ed9bb408c94e9b5950bb31c8adabc6b6d5.jpg,21862763,BV1xW411K7Uz,1523248954,2018/4/9,12:42:34,07:05,3344,1162,3969,734,5436
什么是中国有，而日本确没有的呢？日本小姐姐来中国后发现！『kei和marin』,741,269518,//i0.hdslb.com/bfs/archive/f3aa4d15a7fcaaace883e4377eb372b873dead9c.jpg,21661561,BV1KW411M74d,1522890042,2018/4/5,9:0:42,05:53,1156,898,3878,319,3682
日本关西人是东北人？日本小姐姐来告诉你原因『kei和marin』,792,261258,//i0.hdslb.com/bfs/archive/c1ed8d77c1b95fba3ab4697c9ac422b6a08ab241.jpg,21536718,BV14W411T7Ao,1522636751,2018/4/2,10:39:11,05:43,953,1211,3927,516,3835
笑出血！奇葩的中日翻译，最后一个直接成仙『kei和marin』,137,146550,//i0.hdslb.com/bfs/archive/a9485e0d2ce30599a8b37b687ad51571b998eff4.jpg,21284018,BV1rW411M7EN,1522118803,2018/3/27,10:46:43,05:45,560,557,2718,228,2885
笑出肌肉！日本小姐姐吃中国零食，吃到有些零食差点哭出来！『kei和marin』,538,433765,//i0.hdslb.com/bfs/archive/3da9c438434b889f823c2d8b38baf554a0528ede.jpg,20993907,BV1XW411u7om,1521511441,2018/3/20,10:4:1,06:59,2460,1367,3816,516,3852
笑出腹肌！日本小姐姐说上海话，日语和上海话发音到底有多接近！？『kei和marin』,592,353648,//i0.hdslb.com/bfs/archive/97c100ec9e1565cf66d150737efceff968d6dba5.jpg,20629669,BV1MW411s7uq,1520740764,2018/3/11,11:59:24,06:53,1523,2035,3594,2197,4003
作死吞下曼妥思后灌入可乐，结果肚子竟然.......『kei和marin』,598,391543,//i0.hdslb.com/bfs/archive/b2f059f8d7fc4d79bb570ada4e46a1f6e142744d.jpg,20388810,BV11W411x7K2,1520216887,2018/3/5,10:28:7,06:20,2045,1004,14041,695,4854
日本妹子在美国开房，打开门后失声尖叫............!『kei和marin』,547,730840,//i1.hdslb.com/bfs/archive/d7888df8ad17589e6e206f5c09bd842833625b91.jpg,20252776,BV1AW411x7yD,1519948163,2018/3/2,7:49:23,13:02,2975,1423,2687,137,3743
笑到窒息！酷似十元的日本小姐姐说上海方言，6的飞起【kei和marin】,245,139391,//i0.hdslb.com/bfs/archive/573cb9559fa48a9647edae8f35719b648c5a6238.jpg,20166608,BV1EW411t7hL,1519790158,2018/2/28,11:55:58,06:45,900,744,2505,955,2316
日本网红第一名的泡面你吃过吗？也可能是日本最贵的泡面【kei和marin】,282,154390,//i0.hdslb.com/bfs/archive/9b03a6979992f678b288c9a0ef45fac4548a1a67.jpg,19852348,BV14W41177rW,1519194293,2018/2/21,14:24:53,05:52,893,401,1810,125,1922
笑到奔溃！日本小姐姐说中国各地方言，哪里最难说呢？【kei和marin】,581,242670,//i2.hdslb.com/bfs/archive/9efd592353c618c13fa0294a05d73aff70f51f27.jpg,19692953,BV1BW411j7V1,1518827584,2018/2/17,8:33:4,07:25,2270,1511,4837,869,3878
可乐煮关东煮什么味？日本小姐姐吃了以后.....!!【kei和marin】,191,149948,//i2.hdslb.com/bfs/archive/dcc44bf1f7668662ec088683472ebb4f6f6b3c12.jpg,19481990,BV1LW411E7iJ,1518388425,2018/2/12,6:33:45,07:33,1096,477,2571,187,2719
作死狂喝功能饮料，结果连我都没有想到【kei和marin】,205,82344,//i0.hdslb.com/bfs/archive/0550e5f5dd91737f5cbb311fd9959baecd78ef7e.jpg,19346850,BV1xW411n7cy,1518146201,2018/2/9,11:16:41,06:56,937,193,2117,67,1516
给你个日本小姐姐+中奖4亿日元是种什么体验！【kei和marin】,825,383188,//i2.hdslb.com/bfs/archive/5fc75b2831ccb8d4194896ca40c18ba64db73409.jpg,19155959,BV1LW411J7X4,1517783834,2018/2/5,6:37:14,11:53,1900,1482,7691,493,4696
日本都市传说挑战，推荐看到最后一秒...【kei和marin】,336,113699,//i1.hdslb.com/bfs/archive/cbe31004190d6ab4700fdaeb3dd49b14f5ebb090.jpg,18998295,BV1uW411H7vb,1517470781,2018/2/1,15:39:41,04:15,1359,492,903,107,1486
"大礼盒里的秘密...,日本过年送礼送什么？【kei和marin】",101,76451,//i0.hdslb.com/bfs/archive/481a0519a2a24acda304849984b5acf20892a4a4.jpg,18888343,BV11W411n7eE,1517230927,2018/1/29,21:2:7,04:10,289,185,1053,48,1297
笑到岔气！日本小姐姐挑战中文绕口令【kei和marin】,251,95041,//i2.hdslb.com/bfs/archive/3b26a6b0e9f7582a34de94d75df96ed33f743635.jpg,18757691,BV1hW411e741,1516958998,2018/1/26,17:29:58,06:38,1049,771,4304,641,2815
直发板到底能无能做爆米花？结果....【kei和marin】,108,54112,//i1.hdslb.com/bfs/archive/1167bb2920450bd76b91ba14b94bca3db332000e.jpg,18681524,BV1TW411e7M3,1516792084,2018/1/24,19:8:4,05:36,336,193,1838,46,1402
人体试验，纳豆加生鸡蛋会发生什么？结果妙不可言！【kei和marin】,155,60279,//i0.hdslb.com/bfs/archive/7111c91bdf11520b4fb81748e6545b1f7c5c2c26.jpg,18559136,BV1GW411i7xf,1516523382,2018/1/21,16:29:42,05:15,550,159,1072,75,1106
日本彩票中1亿日元？农民要变地主了【kei和marin】,228,189611,//i2.hdslb.com/bfs/archive/e43ee05810f6209ca9630e5314c8451bd040f944.jpg,18489361,BV1DW411v71m,1516364461,2018/1/19,20:21:1,08:31,775,378,1374,161,2954
笑到断气！日本妹子说中文的梗！【kei和marin】,791,386585,//i2.hdslb.com/bfs/archive/060e2a5a186a809ec584a4d0613be8b534894e66.jpg,18300108,BV1aW411q7xc,1515916623,2018/1/14,15:57:3,05:52,2131,4063,11951,1827,7382
日本最屌扭蛋！？24k纯金？【kei和marin】,75,86095,//i1.hdslb.com/bfs/archive/01f816358d9fe433f5559e3f7df60c9adad9ed70.jpg,18234456,BV13W411q7Zo,1515759451,2018/1/12,20:17:31,04:03,359,207,683,70,1219
味觉崩坏---20倍辣菊挑战【kei和marin】,146,77376,//i2.hdslb.com/bfs/archive/f1642cca39ac523f33434aa6f91a51b6ea73f737.jpg,18170949,BV1CW411i7v4,1515587679,2018/1/10,20:34:39,06:21,605,162,882,49,1281
日本超大零食【kei和marin】,65,77313,//i1.hdslb.com/bfs/archive/36edff50b82efb609ab540152f8b65617b16e1fb.jpg,17901364,BV1GW411B7Pa,1514897494,2018/1/2,20:51:34,04:37,316,203,829,75,1278
感觉这只狗已经被玩坏！【kei和marin】,45,49258,//i0.hdslb.com/bfs/archive/bc672b8bf06bf4b82c44dc11cca95ceb34e0bdad.jpg,17781715,BV1HW411b7r9,1514638920,2017/12/30,21:2:0,03:53,239,142,638,102,909
史上最大？？蛋挞【kei和marin】,98,74866,//i1.hdslb.com/bfs/archive/1dda39f7354e8c51d8f8ee500ecf71434dfe5200.jpg,17681961,BV1SW411t7nw,1514379461,2017/12/27,20:57:41,03:38,330,150,614,58,1115
泡面可以完整的拿起来？？？？【kei和marin】,227,171882,//i1.hdslb.com/bfs/archive/5f273c22309e7b46052c9965645fe985f5ac8dff.jpg,17586338,BV1nW411t748,1514118645,2017/12/24,20:30:45,03:00,400,301,725,77,1289
当日本妹子喝醉后 ......【kei和marin】,614,405417,//i2.hdslb.com/bfs/archive/1c2012d8496ef376316a87be4f1377f6e65dafed.jpg,17452888,BV1nW41187AV,1513773776,2017/12/20,20:42:56,02:57,761,1486,3455,507,4518
大晚上男女去上山，结果居然....【kei和marin】,139,120667,//i2.hdslb.com/bfs/archive/19f4d892d28bf88012ad0481fbdc14e3711d702e.jpg,17359190,BV19W411b7cX,1513503961,2017/12/17,17:46:1,06:42,1599,422,1637,255,2097
14种泡面口味大集合！总有一款适合你【kei和marin】,44,48711,//i0.hdslb.com/bfs/archive/dab04ec35d2a408465fc0d75b5a23dff0379dc9a.jpg,17277550,BV1JW411a7nf,1513316192,2017/12/15,13:36:32,05:16,248,160,383,94,803
打开冰箱后...日本妹子尖叫【kei和marin】,78,130081,//i1.hdslb.com/bfs/archive/390731056860e468bd4ecc26f66fbc326e19e6e2.jpg,17228045,BV19W411h7dC,1513165198,2017/12/13,19:39:58,02:55,380,259,715,91,1894
超辣整蛊！辣哭日本妹子【kei和marin】,93,181506,//i0.hdslb.com/bfs/archive/735d98173cc3859d9f2658d6a25b58d05e57e919.jpg,17198363,BV1CW411h7js,1513077393,2017/12/12,19:16:33,03:40,454,317,913,84,2640
和日本妹子狂吃路边摊【kei和marin】,133,171809,//i2.hdslb.com/bfs/archive/4b32e3bb7cbffd2a2d25ef9138bd0dd892b2a7b5.jpg,17123106,BV1HW411h7MH,1512882161,2017/12/10,13:2:41,05:56,969,476,1100,287,2307
杯面？不！是杯饭！吃完以后竟然...【kei和marin】,50,65439,//i2.hdslb.com/bfs/archive/f9815a35e465db7dec2a0757a58d360852a56fdb.jpg,17068645,BV1NW411h7hh,1512740612,2017/12/8,21:43:32,03:12,214,142,366,35,913
艺伎出现在马路上？【kei和marin】,69,92186,//i2.hdslb.com/bfs/archive/f93a52d12edb506a32b20cc341436b49084da92b.jpg,17013269,BV1BW411Y7tG,1512610212,2017/12/7,9:30:12,10:11,692,166,623,62,1405
在家做出拉面店效果的拉面【kei和marin】,51,81060,//i2.hdslb.com/bfs/archive/cf2db1b1643830d39412903982cfae33b6f3a739.jpg,16976059,BV14W411Y7E9,1512480996,2017/12/5,21:36:36,04:05,331,204,510,55,1172
日本最贵泡面，什么味？！【kei和marin】,74,66061,//i1.hdslb.com/bfs/archive/70f27ee4732e0370c5762d94ac045dd84fde08ba.jpg,16910444,BV1KW411Y7Qt,1512315305,2017/12/3,23:35:5,03:32,201,166,539,55,1003
一招破解手机密码，包学会【kei和marin】,96,78085,//i0.hdslb.com/bfs/archive/2f15339332856e46c0d4f3556b7e22527236d772.jpg,16844140,BV12W411a71i,1512138424,2017/12/1,22:27:4,04:49,276,454,1097,168,1564
【日常】和日本妹子一日游【kei和marin】,99,120720,//i1.hdslb.com/bfs/archive/bb62a4df6084af7197d667a7118ecd32839b617c.jpg,16815701,BV1BW411a77Z,1512058729,2017/12/1,0:18:49,04:58,626,316,908,179,1580
日本军粮【kei和marin】,226,153543,//i1.hdslb.com/bfs/archive/8296270c220ccef128b6498207f8f066c5aaddf1.jpg,16746953,BV1rx41157Cm,1511877600,2017/11/28,22:0:0,02:51,365,308,621,52,1812
20种调料混合后烤肉最好吃？【kei和marin】,47,78055,//i0.hdslb.com/bfs/archive/c4c053da683259617c750922fb66b6752de1a907.jpg,16680377,BV1Hx41157e9,1511671404,2017/11/26,12:43:24,06:31,362,210,721,100,1410
日本生鸡蛋拌饭会吐？！！必须挑战一下！【kei和marin】,138,142290,//i2.hdslb.com/bfs/archive/a4eb84caf0a6c9a53f5a99889e4f1cf93544fab4.jpg,16608406,BV1Ux411V7V6,1511481618,2017/11/24,8:0:18,04:00,802,264,520,125,1494
用100只蟑螂叫日本女友起床，什么效果？【kei和marin】,153,152231,//i2.hdslb.com/bfs/archive/dc2225ddf5cb7df78157eb3577495824a14d875f.jpg,16570133,BV1Bx411V7MQ,1511347456,2017/11/22,18:44:16,04:16,746,410,1341,363,2804
开箱体验日本暖炉桌子，我可以在里面过冬【kei和marin】,64,85066,//i2.hdslb.com/bfs/archive/32420d9567b44f7a6885d5a56a0da135e164a41b.jpg,16518248,BV1hx411V7Gy,1511181115,2017/11/20,20:31:55,04:17,337,167,463,75,1277
挑战吉尼斯1分钟吃香蕉纪录【kei和marin】,39,39643,//i0.hdslb.com/bfs/archive/a7c8d4d18ff8c340be273772bf7a770f5bb8bad5.jpg,16432403,BV11x411L7ed,1510974994,2017/11/18,11:16:34,03:41,184,99,386,39,805
吃一碗泡面要多久？那就比一比吧【kei和marin】,79,55240,//i0.hdslb.com/bfs/archive/1d71a6fbe5b60076deac42a0519b4ad39d338098.jpg,16388483,BV1ex411L7j1,1510842718,2017/11/16,22:31:58,03:30,206,117,531,48,1078
【观察】如果答应女友戒烟，又背着她偷偷抽烟会怎么样？！【kei和marin】,174,208996,//i1.hdslb.com/bfs/archive/2f85290b486a607870ec013c4568617b82797d7a.jpg,16225005,BV1sx411778G,1510401016,2017/11/11,19:50:16,05:42,549,580,1358,344,2697
居然给女友吃＊＊...!吃到怀疑人生【kei和marin】,116,156686,//i0.hdslb.com/bfs/archive/8651d396b2a388c1552a3963011ac12c829d04f8.jpg,16160056,BV1Px41177r3,1510211871,2017/11/9,15:17:51,04:17,576,376,1054,309,2426
日本女友被打到......!!!篮球机大对决【kei和marin】,46,83558,//i0.hdslb.com/bfs/archive/e540b94ee53d0dd0e980c6770d6ebc4e4bcf642e.jpg,16093788,BV1yx411j7Yy,1509991857,2017/11/7,2:10:57,05:03,313,181,1128,62,1602
中日情侣挑战吃豆世界记录结果？！！【kei和marin】,97,76448,//i0.hdslb.com/bfs/archive/f06056a413c5c153d22595cfae29fefaa536b0a7.jpg,16015258,BV1Mx411j7ii,1509791927,2017/11/4,18:38:47,04:08,274,171,598,78,1319
13种口味包子混合成1个包子什么味道？【kei和marin】,93,88254,//i2.hdslb.com/bfs/archive/f471f06b665c9e59b680582c8c70f80299d99f0f.jpg,15935434,BV1ix411E7zk,1509577234,2017/11/2,7:0:34,05:48,268,207,1064,87,2197
臭豆腐臭晕日本女生「kei和marin］,456,312924,//i2.hdslb.com/bfs/archive/c8720eab4287e472e3677ad3a066e9b53c6f921f.jpg,15917868,BV1Hx411E7sX,1509515399,2017/11/1,13:49:59,05:14,1518,762,2461,360,6520
