﻿title,comment,play,pic,aid,bvid,created,date,time,length,video_review,favorite,coin,share,like
手 往 哪 摸 呢 ？,11757,3704507,//i0.hdslb.com/bfs/archive/a3c4c53da1c972929df45269a913b9b4423b7db3.jpg,370927182,BV1bZ4y1W7ui,1591952411,2020/6/12,17:0:11,06:43,40670,91379,155264,12289,412591
疯狂得罪人！你比划我猜挑战！,12236,6348110,//i1.hdslb.com/bfs/archive/826ac0a2452b8ddba5be990b637684a062efc168.jpg,498348743,BV1dK411H79n,1590206435,2020/5/23,12:0:35,07:18,53813,97659,140777,12166,435694
当小学生主播遇到了小学生粉丝，那画面实在太美。。。,5805,2744718,//i0.hdslb.com/bfs/archive/ee315646a80f7ddfc0b8e9ef68391472411a0714.jpg,838334220,BV1fg4y1B7Pi,1590142569,2020/5/22,18:16:9,12:33,21030,21218,31900,5064,174702
抓 内 鬼 挑 战 ！,11354,4456820,//i1.hdslb.com/bfs/archive/382c62358a0df14e3750916bda741eaae8ffdb9e.jpg,370788078,BV11Z4y1p7CD,1590060984,2020/5/21,19:36:24,06:11,36392,80422,114711,9025,363197
笑疯了！忍者变赛亚人！博人传真正的剧情竟如此炸裂！,11032,3142656,//i1.hdslb.com/bfs/archive/625ed557fa3b5138cda3d0755de4c7e47b54d81e.jpg,883160201,BV1bK4y187F4,1589450143,2020/5/14,17:55:43,06:59,20299,40631,101325,20715,262950
童年阴影！盘点柯南十大吓人案件！,15475,4333360,//i1.hdslb.com/bfs/archive/5afc283f1d941607e447c5af59e9e485ff8f5198.jpg,455590234,BV1h541147QN,1589112803,2020/5/10,20:13:23,07:50,48885,85785,152335,27461,406467
没想到吧！我也是刀客塔！,16320,2629460,//i1.hdslb.com/bfs/archive/48a8d12878748cf5d6bd5bbbe51a17921b4647c6.jpg,328039260,BV19A4114778,1588651256,2020/5/5,12:0:56,09:03,25432,41327,70003,10067,233307
文 化 沙 漠,7602,1736286,//i0.hdslb.com/bfs/archive/6fc9e63dafdaaca06f2106efc885b4364a38a99b.jpg,837897167,BV1sg4y1z7jq,1588330824,2020/5/1,19:0:24,10:02,10868,10620,19658,1469,120917
四月最烂动画！史上最雷人的团战副本！看完后惊呆了！,16446,3595611,//i2.hdslb.com/bfs/archive/dac6fd42a204293a51854ec20cd3fa3e77223986.jpg,667957213,BV1ma4y1v7fP,1587650748,2020/4/23,22:5:48,05:09,26765,31652,70460,4836,263690
这动画太好看了！2020年4月新番吐槽大盘点！（第一弹）,12770,5519150,//i1.hdslb.com/bfs/archive/1271b4dc5c4227f414b587785b5245c163efe543.jpg,795347283,BV1SC4y1p7Ys,1587471642,2020/4/21,20:20:42,07:20,71610,81216,204398,14788,460015
百大UP互殴现场！,14330,7295700,//i2.hdslb.com/bfs/archive/87ada8eba8cc03d75a7b2404b91ad6ea1ddb50ec.jpg,412787851,BV1NV411Z7S1,1587052559,2020/4/16,23:55:59,04:35,61808,128578,219730,34575,556535
这游戏卖你300真的血亏。。。。。。,11193,4430199,//i2.hdslb.com/bfs/archive/6561a44694c0a939c6f47e2b3ef3f619a9585218.jpg,327745594,BV1LA411b7Dt,1586488737,2020/4/10,11:18:57,09:04,38505,74340,157745,23784,387114
这福利也太顶了吧！,6297,2383516,//i1.hdslb.com/bfs/archive/45e2bf1049ea4ada862528b20ae721bf0bc845bd.jpg,882688319,BV18K4y1r7z9,1586260846,2020/4/7,20:0:46,16:10,14222,11496,26656,2378,136517
真刺激！看这片的心情好似坐过山车！,16580,3889169,//i2.hdslb.com/bfs/archive/ca70869608c98eb64de42b8d143cea5c238b35f0.jpg,327604379,BV1wA411h7rM,1585397862,2020/3/28,20:17:42,09:09,21245,64160,164370,10121,368607
有 内 鬼,10188,7456210,//i0.hdslb.com/bfs/archive/3e3ed9e799776108b97674ecfc2810003aaaaaff.jpg,98119541,BV1AE411w7jQ,1584777063,2020/3/21,15:51:3,17:37,39818,88343,131220,13333,388217
末 日 铁 拳,10223,2537443,//i0.hdslb.com/bfs/archive/9f5b2011a5817e93fc31319a7698a0dbf457bf42.jpg,95424858,BV1ME411L7vR,1583922629,2020/3/11,18:30:29,06:15,7252,12019,30691,5240,140007
霸权续作集结！2020年4月新番导视！,18834,5853510,//i1.hdslb.com/bfs/archive/a909ac31611ca9030e049391a74885eb378b0775.jpg,93796227,BV1vE411x7mb,1583380858,2020/3/5,12:0:58,09:53,81930,139885,356313,48663,564413
父母反对我做up主！该怎么说服他们？【读评论01】,21927,7030399,//i0.hdslb.com/bfs/archive/811f4e4e747de8641b6b1714622a60503d279b86.jpg,91878989,BV1s7411K7Db,1582708126,2020/2/26,17:8:46,07:34,123562,135511,338675,16346,657043
时隔四年重看一部作品，会有什么不一样的体验？,12865,3030543,//i0.hdslb.com/bfs/archive/5bd80534d0c83d067104149c9d18d54f22e9d608.jpg,90381146,BV1j7411P7se,1582192827,2020/2/20,18:0:27,06:10,29731,27903,66783,4652,207449
人人喊打！一口气带你看完《我的英雄学院》风波始末！,55151,7340517,//i2.hdslb.com/bfs/archive/2da2e6dafc593bac9c1ae097972f29c39fa8473c.jpg,87498274,BV1m7411876J,1581145152,2020/2/8,14:59:12,14:09,149181,259622,858931,80292,893318
轰动全网！当初看过这片的人都说了句卧槽！,11124,5572927,//i0.hdslb.com/bfs/archive/cf8fc01e61944f63c3a89bd09bfbd51d87e065f9.jpg,86287538,BV1i7411W79V,1580630105,2020/2/2,15:55:5,10:17,49901,127484,248310,58623,374217
千万别跳过！这可能是史上最精彩的动画OP了！,9540,4475795,//i2.hdslb.com/bfs/archive/c4b7e11bf2c003de6589e38889c00f90756a6490.jpg,85966811,BV1P7411z7sF,1580478142,2020/1/31,21:42:22,08:50,24990,127442,272377,60958,374694
JOJO到底是个啥？,16713,5202414,//i2.hdslb.com/bfs/archive/bc9d579a1d710bab4ae993782e3db48b75c328d5.jpg,84988689,BV1f7411r7sK,1579948982,2020/1/25,18:43:2,09:03,48316,101331,201807,61308,395960
全程高能！盘点历代拜年祭的神剪辑！看完后不禁大呼镇站之宝！,4449,3495857,//i2.hdslb.com/bfs/archive/cb8f7b0ddea3f940454c49ee41ad63550055a266.jpg,84754153,BV1D7411a7dC,1579789333,2020/1/23,22:22:13,09:22,13838,67610,102672,6165,219437
这动画也太劲爆了！2020一月新番吐槽大盘点（第一弹）,8868,4051990,//i2.hdslb.com/bfs/archive/3020d8965489c4ac59a5555e71dce2b6b05ae0f8.jpg,84554152,BV1Y7411e7GA,1579688301,2020/1/22,18:18:21,09:24,48204,77507,222224,9771,363297
当我和中国boy一起尝试cosplay。。。。。。,6264,4326022,//i2.hdslb.com/bfs/archive/0c7ca5556797fb29d6453d4908f923665847ed74.jpg,84113614,BV1t7411q7oi,1579428040,2020/1/19,18:0:40,04:29,23977,50239,78071,12327,284632
一首歌带你回顾2019年热点事件！这些梗你知道多少？,4901,3884420,//i2.hdslb.com/bfs/archive/6f032c8cc13ee390b3dcdca4a3561bf82aa4dc0f.jpg,82976636,BV17J411p7jA,1578909652,2020/1/13,18:0:52,01:57,9558,116033,213609,20980,294590
2019年度雷片大盘点！最奇葩结局出乎所有人意料！,8973,4055438,//i1.hdslb.com/bfs/archive/8bbb9e249884adfa3257506fcec5203e48fae936.jpg,82968958,BV1jJ411p7Ua,1578744036,2020/1/11,20:0:36,10:36,36850,47224,118826,6124,238532
6分钟盘点！2019年度电影值得定格的瞬间！,3303,1843733,//i1.hdslb.com/bfs/archive/044e98310388c2a50726b16b703ed55ea76f0453.jpg,81417219,BV1jJ411h7nS,1577778877,2019/12/31,15:54:37,06:30,12657,27289,63264,3438,123296
2019年度佳片大盘点！最强的三部动画疯狂刷新历史记录！,21211,6297701,//i0.hdslb.com/bfs/archive/75875849d12a8d838eb70be5fefaae0c83b38c00.jpg,81135857,BV16J411a7e1,1577606218,2019/12/29,15:56:58,11:02,62054,160917,420165,39067,460365
老蕾头与小智一同卧底华山派的一天,1926,1304298,//i1.hdslb.com/bfs/archive/a06ce781c334eb94db0c44b4056ee8e17eb0f371.jpg,80110877,BV1LJ41147Qp,1576932472,2019/12/21,20:47:52,16:20,5134,3530,8689,1434,49179
炮姐归来！阵容炸裂！2020年1月新番导视！,5539,4719582,//i2.hdslb.com/bfs/archive/00043f4d112904165d0b0802fd1e81707ca74d12.jpg,79903305,BV1AJ411b7TF,1576814447,2019/12/20,12:0:47,12:13,44202,109228,266905,17410,341887
【Lex】老蕾头带你探访全世界最低调的游戏公司！,3230,2417695,//i2.hdslb.com/bfs/archive/438c92514c94a3ec1736111a0be77c3d7a648472.jpg,78525944,BV1xJ411v7tc,1575806418,2019/12/8,20:0:18,04:35,5764,17076,29909,9024,118674
全程高燃（沙雕）！激情解说火影忍者最巅峰的一战！,6288,4350268,//i0.hdslb.com/bfs/archive/d814800de8a4bd35241a94a41e594bdb9f3b9ed1.jpg,78361795,BV1jJ411q7aw,1575700549,2019/12/7,14:35:49,04:44,31940,87045,213384,56435,333980
年度最沙雕名场面，up主看完后笑疯了,4413,4277291,//i1.hdslb.com/bfs/archive/8ffbc7fe8ec8892824a1065acc57edb6b89455c6.jpg,77326438,BV17J411977U,1574942408,2019/11/28,20:0:8,05:25,27866,37808,78037,12110,206065
攻略妹子?守护Lex?做出选择！,6030,4770614,//i1.hdslb.com/bfs/archive/d32037cef41acaf7db82fc833d081b72fb6fc19e.jpg,76359284,BV1SJ411177N,1574262051,2019/11/20,23:0:51,21:02,47733,59962,75099,14893,157367
这部动画曾因不切实际被人嘲讽，但6年后现实却打了所有人的脸！                              【革命机】,26646,6739361,//i1.hdslb.com/bfs/archive/95aca796335f1f46ab4efca5c4f6ea913ec513cc.jpg,75993929,BV1nJ411S7FE,1573974512,2019/11/17,15:8:32,06:22,49983,223759,673288,143815,623048
大型被绿现场！群众竟然还纷纷叫好？？？这轮新番也太高能了吧！,5066,5102321,//i1.hdslb.com/bfs/archive/c49896595e1b07bd1cd24de2051de46aa0ce181d.jpg,74262698,BV1eE411t7df,1572681744,2019/11/2,16:2:24,09:56,31248,56481,159983,6572,248945
B站历史最强掉分！这动画蠢的把大伙都逗乐了！,9775,4187096,//i2.hdslb.com/bfs/archive/f181218beb47db0a7c382e82c8ecbc18e37636a5.jpg,73641230,BV14E411Y7Vt,1572178870,2019/10/27,20:21:10,08:47,31380,45327,119550,12867,218441
和老番茄一起玩游戏是种怎样的体验！,2058,2034274,//i1.hdslb.com/bfs/archive/5dbb1bbc4517a1ea5d8e5aad72eab0c20d83b4d4.jpg,73174969,BV1bE411y7mm,1571918458,2019/10/24,20:0:58,12:34,4665,6681,10069,1487,61486
这动画也太搞笑了！2019十月新番吐槽大盘点！（第三弹）,3230,4310559,//i2.hdslb.com/bfs/archive/1c3d77c21abdc0468f7ce86deea33135cd53b5f2.jpg,71625927,BV11E411r7Lz,1571391567,2019/10/18,17:39:27,09:34,18748,63983,196351,5444,254276
Lex教你下棋，学会这一招，你就可以在黄铜称王称霸了！,1930,1350864,//i2.hdslb.com/bfs/archive/814bcef1da62b52a6d419127993b829db4cc8795.jpg,71304256,BV1fE411k7au,1571140810,2019/10/15,20:0:10,27:10,2494,2717,5835,1450,35981
这动画也太劲爆了！2019十月新番吐槽大盘点（第二弹）,3629,4962668,//i2.hdslb.com/bfs/archive/2f64332788a19ef35bcd1226fc9613bed1f89c10.jpg,70844825,BV11E411o7qQ,1570770662,2019/10/11,13:11:2,06:53,21454,75965,201261,8795,270370
这动画也太沙雕了！2019十月新番吐槽大盘点！（第一弹）,5246,4747784,//i0.hdslb.com/bfs/archive/361ba418458df26ba1b5d44e37c7f59f5dd6ff2c.jpg,70152557,BV1HE411D77Y,1570253600,2019/10/5,13:33:20,08:09,27048,82896,265646,11524,319425
一战封神！这动画一路逆袭成为霸权！up主都看哭了！,14858,5424484,//i0.hdslb.com/bfs/archive/5e164c00b6ceabdd0e3791377bba0e809e15072d.jpg,69700706,BV1YE41197i3,1569988806,2019/10/2,12:0:6,10:00,36414,156737,447195,45593,452232
装X被疯狂打脸是种什么感受？这部穿越剧看得我尴尬症都犯了！,4886,3271159,//i0.hdslb.com/bfs/archive/40743a660004206e7ced4ca7689a0ef18cfb63cd.jpg,69359661,BV1JE411R7ZQ,1569732438,2019/9/29,12:47:18,12:08,27693,35389,105093,4724,186889
B站国庆办了个漫展！up主们纷纷表示要去！,4466,1924650,//i2.hdslb.com/bfs/archive/808eafe259375a9dcde71d4188d369b077ea3220.jpg,68930825,BV1LJ411u7Fh,1569398452,2019/9/25,16:0:52,04:46,9647,12485,19200,12441,85433
疯狂吐槽上海堡垒！看完这个电影感觉智商被侮辱了！,13394,6459965,//i2.hdslb.com/bfs/archive/f2d7017e59ce2d33c34a150b09f98f85e31d8ff1.jpg,66649415,BV1F4411y7cg,1567675809,2019/9/5,17:30:9,11:27,56306,108769,311626,40805,465797
答应我，别再当舔狗了好么？一个史诗级工具人的逆袭！剧情无比刺激！,14903,5027248,//i0.hdslb.com/bfs/archive/b0381a9498085498b0f37127ae409e43ae2f0c7f.jpg,66029350,BV1E4411B7S2,1567161966,2019/8/30,18:46:6,12:42,76365,85972,234589,31619,331530
【Lex】超神续作+王牌新作！2019十月新番导视！,16551,4572947,//i2.hdslb.com/bfs/archive/2cda345bdf5335a79402874265d70d7ba8ac3bbe.jpg,65527015,BV1d441167Mb,1566878452,2019/8/27,12:0:52,14:36,60805,109485,284708,19317,321329
在游戏里和朋友比赛撩妹，对方竟说我长得很别致！？,2683,1236483,//i1.hdslb.com/bfs/archive/51afe8442c842e8ea8d369ab5ac06ef6262c061a.jpg,64561673,BV1f4411R7SK,1566302459,2019/8/20,20:0:59,21:28,16497,5928,11796,3529,57160
沙雕至极！这才是今年暑假最搞笑的动画！,8117,5048888,//i0.hdslb.com/bfs/archive/8ac0aaa45b9a5daf5129975b06310f0ea2022e67.jpg,64314737,BV1G4411o7zz,1566136813,2019/8/18,22:0:13,07:09,21495,70228,199442,11797,299899
笑疯了！看一群帅哥打球，居然能如此沙雕！2019爆笑冷门神作！,5857,3137351,//i0.hdslb.com/bfs/archive/36947de5301ab1940cf8e5a8b036439c0b40aa5b.jpg,63370488,BV1W4411Q7Kt,1565597025,2019/8/12,16:3:45,07:16,29243,59637,164325,16512,246110
这动画太可爱了！2019七月新番吐槽大盘点（第五弹）,7398,3360459,//i1.hdslb.com/bfs/archive/652d9cd85c97aa206cc07c492c4b4ca21dd28150.jpg,62425840,BV1ht411K7W8,1565064045,2019/8/6,12:0:45,07:53,32830,46685,123718,3729,199885
史诗级大雷片！口碑最差造就B站最强！阅烂片无数的up主都看傻了！,13755,3694391,//i2.hdslb.com/bfs/archive/d2479d6afda5d73a500c4c23603cf69b4b0ae83d.jpg,61851244,BV1Ct411F7rL,1564722940,2019/8/2,13:15:40,09:45,38260,61929,176190,12972,248842
这动画承包了我一个夏天的笑点！沙雕到难以置信！,11443,4762953,//i1.hdslb.com/bfs/archive/341e35745d54d10ba996306398639c0957be5f02.jpg,60964764,BV1Wt411P7GA,1564206169,2019/7/27,13:42:49,07:40,33142,68280,192438,7125,278700
7分钟带你了解崩坏3“男主角”布洛妮娅，以及崩坏游戏主线剧情！,5416,1646174,//i2.hdslb.com/bfs/archive/ff6e70566a5e7075336fd2ab05493ae831b01720.jpg,59999994,BV1Zt411n7sc,1563626033,2019/7/20,20:33:53,07:48,8693,14791,26540,4173,74561
LEX教你战略布局，攻防克制！变身biubiubiu,2209,804806,//i0.hdslb.com/bfs/archive/561d9907a9e4bd5e2e18535cf3c6398cd5b70385.jpg,59820922,BV1Qt411J79k,1563537650,2019/7/19,20:0:50,13:10,2754,2056,5681,994,30160
百万UP主开机甲只为阻止蕾丝发电！？,13537,7519952,//i0.hdslb.com/bfs/archive/e54a8070e0912e697413b360a6806c0b696a1b7c.jpg,59530318,BV1Et411g7H3,1563379213,2019/7/18,0:0:13,04:18,50795,89501,146123,16264,270748
这动画笑的人肚子疼！2019七月新番吐槽大盘点（第四弹）,5869,4249320,//i0.hdslb.com/bfs/archive/1be2c5ab498c9b2be92e4633a15b5be3dd5a77af.jpg,59354487,BV1Lt411G76C,1563249619,2019/7/16,12:0:19,08:08,40045,91258,276796,4764,302718
这动画也太搞笑了！2019七月新番吐槽大盘点！（第三弹）,5950,3787326,//i1.hdslb.com/bfs/archive/fa0e3195bb1f9803513ed68834302bee8dc8c231.jpg,58900314,BV1Et411L7HU,1562932434,2019/7/12,19:53:54,08:38,25888,83537,253201,5860,278281
Lex带你玩权力的游戏，我要自己坐上铁王座！,4131,1192191,//i1.hdslb.com/bfs/archive/36a011862ca986273d6f2e619b25a6bb6bfa889e.jpg,58649084,BV1Ex411f7tu,1562767732,2019/7/10,22:8:52,09:41,12403,4501,10291,1848,44752
这动画也太劲爆了！2019七月新番吐槽大盘点！（第二弹）,6315,4413619,//i2.hdslb.com/bfs/archive/c0c10f6e2bc009b8b3220ae3fa8c3d933f9257d5.jpg,58457908,BV1c4411c7FA,1562657963,2019/7/9,15:39:23,09:06,46090,114222,315749,10360,326777
这动画也太沙雕了！2019七月新番吐槽大盘点！（第一弹）,4041,4338110,//i1.hdslb.com/bfs/archive/7b2c071f1fab6eb02b9723e32448930d22c2e087.jpg,58049439,BV1B4411c7gP,1562389264,2019/7/6,13:1:4,07:15,23877,93995,276047,7347,311760
备受中国玩家喜爱的日式rpg！剧情15年都没有讲完的游戏你见过没！,3474,1284440,//i2.hdslb.com/bfs/archive/901ca6b126d83b98f4888abc8f690492fc8a1a67.jpg,57945465,BV154411c7GC,1562322768,2019/7/5,18:32:48,07:49,6194,8134,15791,1832,46965
Lex带你和帅哥谈恋爱,3279,1491407,//i0.hdslb.com/bfs/archive/60eece8325f6ae92aab48dbe38f01bdd985d8d2b.jpg,57123847,BV1Ax411o75b,1561723259,2019/6/28,20:0:59,04:34,7231,9628,16293,2081,59078
万恶之源！史上最爆笑的名场面！编剧神操作被观众疯狂玩梗！,11900,5290294,//i2.hdslb.com/bfs/archive/e427dd49250a679155fcd9d25982a7bf27fa0fcb.jpg,57129892,BV1Px411o7HN,1561720692,2019/6/28,19:18:12,14:39,50355,74317,157499,21139,252200
感慨银魂完结！从风光无限到惨淡退场，银魂后期到底演了什么？,34348,3111914,//i0.hdslb.com/bfs/archive/d7d141fa8990bed5d868c7310ba2d4c2358272fe.jpg,56330370,BV12441137z7,1561120234,2019/6/21,20:30:34,17:58,36124,71206,222344,13565,229729
前方高能！一拳超人最强角色竟然是他？盘点一拳超人有趣的梗！,8030,2958709,//i1.hdslb.com/bfs/archive/1b801895966207985a196aec5cda8cbd57ec406d.jpg,55915329,BV1H4411G7pC,1560859245,2019/6/18,20:0:45,08:53,19372,31824,77948,7477,131682
Lex带你一起打使徒，体验初号机有多强,2769,1472948,//i0.hdslb.com/bfs/archive/2fa96b63e89be53cd200f2bc452d17563d84419a.jpg,54948399,BV154411T75s,1559995244,2019/6/8,20:0:44,15:12,5195,4390,9384,1725,40584
2019头号神片出炉！连续三集狂砍破纪录好评！up主都看哭了,30684,5852870,//i2.hdslb.com/bfs/archive/50823d8eddd0c55444ff05e8e30c3c7204d19322.jpg,54862448,BV1Z4411K7WN,1559913305,2019/6/7,21:15:5,10:37,39687,167811,428296,44556,423524
霸权四起！史上最强阵容！2019七月新番导视！,20089,4217434,//i1.hdslb.com/bfs/archive/4a0267b6bb8d96a99a1cf49552cbc30584728f63.jpg,54119083,BV124411H7pZ,1559275207,2019/5/31,12:0:7,12:41,18830,111736,246585,16463,266766
愤怒吐槽权力的游戏大结局！看完后up主气的直砸墙！,9235,3035736,//i1.hdslb.com/bfs/archive/e4e8e646fd5a0d32be73c7ba3fb62418bdaef2d8.jpg,53341684,BV1N4411L7mW,1558599847,2019/5/23,16:24:7,11:14,14863,44586,122119,14847,162698
这动画也太骚了吧！2019四月新番吐槽大盘点！（第三弹）,15252,4548138,//i0.hdslb.com/bfs/archive/9018ea119dc49ad0499608445c73803ebbe0e425.jpg,51284558,BV1V441147a3,1556881251,2019/5/3,19:0:51,08:58,40401,95002,276385,6046,296310
笑爆！这部穿越剧把我惊呆了！场面沙雕到难以置信！,7464,3216452,//i1.hdslb.com/bfs/archive/980f99c80987941a543176e14909acd136106815.jpg,51178080,BV1h4411x7My,1556790751,2019/5/2,17:52:31,08:59,22866,72619,212556,3963,239223
沙雕至极！这动画承包了我今年全部的笑点！,7943,5201150,//i1.hdslb.com/bfs/archive/fd63db2fcdd1eb9e26a2e204f930fb07bbf79708.jpg,50728878,BV1y4411b7WX,1556597132,2019/4/30,12:5:32,09:09,46041,105719,310375,10657,347480
史上最神结局！这部动画仅用最后5分钟就破了好评记录！从交口称赞！到人人喊打！,11935,3085414,//i1.hdslb.com/bfs/archive/e67754baa6245d5cebbcae38ab5518f70f215539.jpg,49989727,BV1vb411V7Sn,1555811281,2019/4/21,9:48:1,11:34,44506,72273,219357,5722,229644
这动画也太沙雕了吧！2019四月新番吐槽大盘点（第二弹）,7228,4693659,//i2.hdslb.com/bfs/archive/5313a7244976f744f69e8041a2242dde12c872ba.jpg,49025020,BV1Tb411K7LH,1555003187,2019/4/12,1:19:47,09:44,19390,128964,393413,5363,340475
这动画也太劲爆了吧！2019四月新番吐槽大盘点！（第一弹）,8369,5287449,//i0.hdslb.com/bfs/archive/faac5f52b057c9203092f84d0e1c02b711fca333.jpg,48719020,BV12b411u7hU,1554727010,2019/4/8,20:36:50,09:33,23729,139079,391708,8830,356437
年度最传奇动画！一集封神开创沙雕时代！看完笑疯了！,9408,3718198,//i0.hdslb.com/bfs/archive/a1544ce9c8a6e2e0406cde503d359c3918e54d2c.jpg,48549595,BV1Xb411M79G,1554599585,2019/4/7,9:13:5,11:30,18516,87104,248853,10470,263993
史上最雷人的新番预告片！看完后粉丝都哭了！万众瞩目的一拳超人2居然。。。,18343,4191959,//i0.hdslb.com/bfs/archive/dcd2949d64b1306a90737e0da8aef2c4a88f623b.jpg,46813514,BV1Sb411E7rD,1553064658,2019/3/20,14:50:58,06:06,14798,29292,74737,25767,114348
神剧情！女子竟要求未婚夫和老情人当着自己的面接吻！结局更是出乎意料！Lex带你看2017最神结局动画！,7543,3522247,//i0.hdslb.com/bfs/archive/1460ef019c798d52e0d26efbb60d684772ec163f.jpg,46295724,BV1ab411H7Ve,1552622418,2019/3/15,12:0:18,10:43,43621,78157,223717,11592,225289
霸权续作！神仙新作！四月好看的新番居然有这么多！2019四月新番导视！,13486,4165697,//i1.hdslb.com/bfs/archive/403c71b68ca57b339bf46d53d77d7b897c09ab7f.jpg,45029060,BV1zb411b7jT,1551441655,2019/3/1,20:0:55,12:49,47543,125172,310242,19937,278652
2018最强神展开动画！结局出乎意料！观众看完直接疯狂了！,11080,3376720,//i0.hdslb.com/bfs/archive/7357b0799c7ee64585edc680970661c653575052.jpg,44429269,BV11b411h7kq,1550880057,2019/2/23,8:0:57,12:33,33736,96800,332013,6745,277487
笑爆！柯南史上最强角色！开起挂来连柯南基德都害怕！9分钟带你一探究竟！,11422,5096776,//i0.hdslb.com/bfs/archive/18b973a97cf2de68ede0d0c9bfca64350912c184.jpg,43987114,BV1Sb41117F7,1550491773,2019/2/18,20:9:33,09:35,46635,145729,376343,44522,356481
大型被绿现场！Lex带你看2017最奇葩的恋爱动画,17875,6719920,//i2.hdslb.com/bfs/archive/88e7dbd082455a2fdbae4c1bdb9ef21be6e3dd6d.jpg,43655748,BV1Ub41127WN,1550239156,2019/2/15,21:59:16,09:15,46787,139449,354779,33781,365211
剧情刺激！场面爆笑！这谁顶得住啊！2019一月新番吐槽大盘点!,18260,8286755,//i2.hdslb.com/bfs/archive/12c59853258720de727de54bc7614c2ca9ae89ec.jpg,42321016,BV1bb411k7KU,1548999059,2019/2/1,13:30:59,11:17,93842,276109,870411,43605,662712
2018年度动画大盘点！最神动画竟从6分逆袭至9分！,12429,3901052,//i0.hdslb.com/bfs/archive/fc39536f4ed32731f510e8b73c122bb9ce7da8f4.jpg,41604014,BV1Bt411b75N,1548390643,2019/1/25,12:30:43,17:30,36322,128118,355413,6303,302435
一月最神新番！女装大佬竟拯救了世界！看上去沙雕但剧情却超强！,6875,3041257,//i0.hdslb.com/bfs/archive/8dbb343324fa7d372d57cc9ec2554e53e1ad4d65.jpg,41468239,BV1dt411t7RE,1548224953,2019/1/23,14:29:13,07:39,17019,89389,226688,7289,213520
一月最传奇新番，还没开播就收到无数差评，观众纷纷泪流满面,10794,3620297,//i1.hdslb.com/bfs/archive/08a5657c47a5584b5ae3ffa66b3c4767f37ac370.jpg,40408530,BV1zt411p7ot,1547179241,2019/1/11,12:0:41,04:53,10392,62207,188442,16820,188113
【Lex】先抽卡后付钱，不满意可以不给钱，竟然还有这样的游戏！,2405,917188,//i2.hdslb.com/bfs/archive/4306c4d59de95f31bb8c2e4fc9cf895ae892bac5.jpg,40300758,BV1Bt411s7BT,1547121656,2019/1/10,20:0:56,11:48,2837,2451,7071,983,22971
2018全球最好评如潮的动画，第一在国内竟鲜为人知！,23714,3747128,//i2.hdslb.com/bfs/archive/1fe522b2c474dbe999401d80a00ad09069cd7eec.jpg,40304666,BV1St411s7BU,1547018622,2019/1/9,15:23:42,14:33,43994,150561,339253,15735,271323
这部动画承包了我一年的笑点！沙雕到难以置信！,7309,5505540,//i1.hdslb.com/bfs/archive/19d0b3e1020417cda6cee47e70e1ed6687dd4351.jpg,39314322,BV1Nt411k7LW,1546084844,2018/12/29,20:0:44,10:34,40431,93294,186844,71436,219940
DJ老蕾教你动感打碟，跟着节奏摇起来,4052,927449,//i1.hdslb.com/bfs/archive/5c20dbbe5600777ef4928617e49106de16dc053b.jpg,39220808,BV1vt411r79J,1545998434,2018/12/28,20:0:34,12:23,6150,5492,9623,2409,26147
雷人台词全场笑翻！激情吐槽柯南剧场版零的执行人！,8927,5780746,//i0.hdslb.com/bfs/archive/fbd26ffd4b336297d631baf3193fcff9a820a6c7.jpg,38288812,BV1jt411e7bT,1544954458,2018/12/16,18:0:58,11:10,29356,74770,191230,23536,200026
2018年最烂的游戏！结局气的人要砸显示屏！,10091,1828816,//i0.hdslb.com/bfs/archive/2481d329c7cd5fe60c90e8c4753969ab99a4f087.jpg,38092814,BV1St411v7Vi,1544715251,2018/12/13,23:34:11,13:15,14651,12632,35780,4675,50535
阵容炸裂！2019年1月新番导视！,10969,3796098,//i2.hdslb.com/bfs/archive/3812fa0d59a6c64c8dd55c9503179ee2d441fba3.jpg,36500943,BV12t411C7sj,1542888009,2018/11/22,20:0:9,12:43,52266,114082,307286,23294,227647
【Lex】有没有一部动漫改变了你的人生,16662,2509600,//i0.hdslb.com/bfs/archive/e5eb52c417e67227ba7bb954eee8ab863b6bda08.jpg,35996570,BV1et41127SN,1542283226,2018/11/15,20:0:26,09:47,42291,35540,106645,7756,106531
柯南剧场版的正确打开方式，1分钟带你看零的执行人,5427,1997429,//i0.hdslb.com/bfs/archive/a2bca0f8dcdb3c5928c5aa57e2b1713991abaeb8.jpg,35752081,BV1ut411U7hQ,1541921998,2018/11/11,15:39:58,01:40,5363,28029,64491,20073,66908
【Lex】在手机上居然也可以武侠吃鸡！,1516,595605,//i1.hdslb.com/bfs/archive/04c1b2a1d14e1c605cefa18d830093e3992db654.jpg,35621851,BV1db411c7wG,1541766637,2018/11/9,20:30:37,17:21,2365,1838,4756,1490,16163
开局只有一条狗，竟抄遍别人老家,4495,1228730,//i0.hdslb.com/bfs/archive/8a1dd1328aa9063eb578e37b6e292f0755405f89.jpg,35411307,BV1rb411F7W4,1541505659,2018/11/6,20:0:59,15:58,5755,2801,6830,2461,21454
2018最沙雕动画！光看开头就笑到不行！,4713,4475906,//i2.hdslb.com/bfs/archive/a3d54012f0cab88a24a0df67a1bcf9361b350c2d.jpg,34632450,BV12b411P7NA,1540540604,2018/10/26,15:56:44,06:27,14249,58368,176114,23952,156622
慈善赌怪：17张牌秒杀你们！这都能输我当场就吃掉显示器！,2746,1466522,//i1.hdslb.com/bfs/archive/avsas_i181022tx3sk7jxqb3feo42we08lylv6_0022.jpg,34408191,BV1kt411R7Qn,1540221884,2018/10/22,23:24:44,08:01,9233,8557,21086,5370,36015
2018最让人瞎眼的动画，看完笑傻了,5534,3252706,//i1.hdslb.com/bfs/archive/31fc801b730cd071682ea2ce23f94b29d36b1ee6.jpg,34188644,BV1Lt411o7JV,1539963756,2018/10/19,23:42:36,05:01,7467,33952,95564,16072,97384
上班玩游戏，同事全是萌妹子！居然还有这样的公司！你想去么？想去就快点进来看看吧！,6644,1227828,//i0.hdslb.com/bfs/archive/79539f09da7c7584ad84bbd6354332990c6641d3.jpg,34164328,BV1Zt411d7ny,1539950408,2018/10/19,20:0:8,13:49,8744,47549,80574,11514,67806
【Lex】史上最笑爆穿越番，拯救世界的方法竟是如此奇葩！！！,7648,3364490,//i0.hdslb.com/bfs/archive/f7e5d378f88c1da46ce37ae573a45f519ffcdde6.jpg,33983503,BV19t411Z7Vv,1539702876,2018/10/16,23:14:36,10:06,26763,47624,167267,19008,120502
【Lex】史上最沙雕恋爱动画，结婚多年妻子竟不让亲嘴？背后的真相居然如此恐怖！,6101,2588145,//i2.hdslb.com/bfs/archive/3d3f11c4d11d909bb42b88a9ca91d315f8dd3d19.jpg,32588145,BV1SW411U7E5,1538054135,2018/9/27,21:15:35,17:11,57249,19278,59175,8867,65971
【Lex】在网易上班是种怎样的体验？现场带你一探究竟,7870,2359051,//i0.hdslb.com/bfs/archive/15d0013acbb9130c5f4daf79eb51cd8e153509ab.jpg,32380027,BV1QW411z7FZ,1537790423,2018/9/24,20:0:23,17:26,33402,20303,46239,15613,66468
【Lex】自己把自己给绿了！2015年最奇葩动画！,3861,2223883,//i1.hdslb.com/bfs/archive/5cad846e60633fbb1c6520e8dbf37b4686c38984.jpg,32164902,BV1LW411r7FD,1537531215,2018/9/21,20:0:15,15:59,17685,14922,48733,3110,52112
【Lex】能开飞机打飞机的吃鸡游戏,1860,652208,//i2.hdslb.com/bfs/archive/f6964420e36c20fca9b4df8522867fbbe73c29b0.jpg,31690768,BV1WW411y7Jx,1536921948,2018/9/14,18:45:48,27:59,6143,2212,5435,4504,14032
【Lex】2018年10月新番导视！一口气看完“史上最强10月”！,10184,3899054,//i2.hdslb.com/bfs/archive/8afc27f98205ae2135f712967bf5c1546caecbec.jpg,31235067,BV1tW411d7mM,1536292804,2018/9/7,12:0:4,20:12,50421,59460,139589,17524,99786
【Lex】震惊！死神完结两年后居然。。。出了手游！！！,5657,1096496,//i1.hdslb.com/bfs/archive/c73135d0dd932f1e4d8a1f639dfb95875e4788e5.jpg,30581930,BV13s411c7Di,1535515211,2018/8/29,12:0:11,24:36,4367,1976,6215,1130,18785
【Lex】这个换装游戏引起了我的注意！,5367,1197429,//i0.hdslb.com/bfs/archive/b1533385c49e91881927cb334e0a3447a6ffc875.jpg,29941419,BV1nW411Q72m,1535018425,2018/8/23,18:0:25,24:21,6393,4345,5345,1547,21042
【Lex】史上最爆笑料理漫画，看完大呼毁童年！！！,6387,2400244,//i0.hdslb.com/bfs/archive/1178c2f0bb13897495c606e678a83b0cc3ec9e80.jpg,29864755,BV1DW41197bb,1534766413,2018/8/20,20:0:13,10:17,20567,19292,58704,9617,58431
【Lex】这个男人的脸！糟了！是心肌梗塞的感觉！,2983,758752,//i2.hdslb.com/bfs/archive/d013aae3d3cc477d99880dc9ad16b283c92a44e5.jpg,29679210,BV1rW411X7CB,1534593652,2018/8/18,20:0:52,42:12,11856,1727,4582,2176,16352
【Lex】B站效率最高的主播！一小时竟能玩50把！,2646,673526,//i1.hdslb.com/bfs/archive/383128f90d9e47ad2b2ac0ffedddda468bb0231b.jpg,29677403,BV1kW411X7Wh,1534576682,2018/8/18,15:18:2,18:59,5144,1962,5923,1403,18585
【Lex】《罪恶王冠》在我心中究竟是一部怎样的动画？,11816,1792177,//i0.hdslb.com/bfs/archive/587e993239de07337418c5e0a130d7229ad8e9f5.jpg,29070842,BV1es411u7C7,1533965869,2018/8/11,13:37:49,16:29,29018,14708,38608,4502,42264
【Lex】补番推荐！那些有趣的轻小说改编动画大盘点！！！,14895,3172122,//i2.hdslb.com/bfs/archive/89d77565f61629e9c892f21073ef595061c13a74.jpg,28851257,BV1xs411M7np,1533729625,2018/8/8,20:0:25,14:04,45430,44920,72572,7941,75093
【Lex】补番报告！2017年B站最厉害的正版新番！,10916,2659553,//i2.hdslb.com/bfs/archive/55708aca00e10a476da01cdab1be3a2276a5ee01.jpg,27986446,BV1Fs411P7X6,1532817734,2018/7/29,6:42:14,12:13,29366,37790,126425,4841,86992
【Lex】老蕾头带你降妖除魔，在妖神记中的开挂人生,3958,799450,//i2.hdslb.com/bfs/archive/8788c7b560b0b64ff84442eb6e6dc691b5ebdc3c.jpg,27558231,BV1hs411P7qG,1532350802,2018/7/23,21:0:2,16:50,8155,1463,5560,593,15719
【Lex】胸部以下全是腿！你可曾见过身材如此劲爆的美女！,4154,941386,//i0.hdslb.com/bfs/archive/65b0bc4ce6f848362793688b5fa90f8f4abb6b18.jpg,27304620,BV1Rs411N7AV,1532088023,2018/7/20,20:0:23,20:16,8406,1710,5422,1499,15263
【Lex】每个动画都超级逗比！七月新番吐槽第一弹！,8023,3800140,//i0.hdslb.com/bfs/archive/02951473be2e0e558e81ea5de368b8b2f21dfad4.jpg,26806317,BV14s411J795,1531540817,2018/7/14,12:0:17,13:25,57565,35522,121894,11326,81902
【Lex】你可曾见过如此帅气有杀气的萝莉,3903,1193409,//i1.hdslb.com/bfs/archive/117288a7051a03f8cc855d484b5243487c85db25.jpg,26146352,BV1Vs411V7C3,1530792051,2018/7/5,20:0:51,14:38,14471,3533,6980,4477,17248
【Lex】史上最NB新番，它改变了中国的“二次元”！,54225,5382192,//i0.hdslb.com/bfs/archive/8ac9541e9b1cf7bdd6b2e018d4f5a02b0d673818.jpg,25846121,BV1ps411579v,1530303135,2018/6/30,4:12:15,16:23,81808,119110,313221,54961,226537
【Lex】在逆水寒里，我竟然捏出了一个知名主播！,4922,935999,//i1.hdslb.com/bfs/archive/ca437ddf4fc62c909cb878226991445606b0ffc8.jpg,25773676,BV1Fs411571L,1530244848,2018/6/29,12:0:48,20:43,14030,2359,6518,4414,13943
【Lex】B站历史上意义最重大的10部动画！,39744,7246404,//i2.hdslb.com/bfs/archive/9f84f796884c2783123e7679d49f57d19ed80862.jpg,24972274,BV1XW411F7L6,1529080960,2018/6/16,0:42:40,17:53,138916,295072,530170,43638,445784
【Lex】爆笑一夏！阵容炸裂！2018七月新番导视！,15913,4447830,//i1.hdslb.com/bfs/archive/96cee32e9e898bbba5caaf2ff18393563074adc0.jpg,24049574,BV1fp411R79u,1527508826,2018/5/28,20:0:26,22:49,90993,81235,183823,30418,92271
【Lex】天雷滚滚骚操作，四月新番吐槽第四弹！,7771,2643689,//i2.hdslb.com/bfs/archive/b06ed04308817940f073dde2d11bd51301dcb8ca.jpg,23314180,BV1xW411F74T,1526097630,2018/5/12,12:0:30,21:10,43501,37455,163616,6312,70017
【Lex】狗粮与热血的狂欢！四月新番吐槽第三弹！,8301,2434338,//i0.hdslb.com/bfs/archive/a683887de0fec313bef11b64d7f0cc76a6f0f69f.jpg,22349295,BV1EW411576d,1524231398,2018/4/20,21:36:38,16:51,29297,53724,82073,4514,48359
【Lex】贫穷到爆笑！四月新番吐槽第二弹！,7423,3501073,//i1.hdslb.com/bfs/archive/221ee4ff6e747b28b82b8f6a18da6ddf133deaf6.jpg,22059336,BV18W411L7U7,1523678428,2018/4/14,12:0:28,16:03,40368,59942,104529,8401,66584
【Lex】情怀与爆笑！四月新番吐槽第一弹！,11458,3463810,//i1.hdslb.com/bfs/archive/e4119950a8dbaa6cc7a150c406c76040da363292.jpg,21709013,BV13W411M7Hj,1523016024,2018/4/6,20:0:24,15:33,46936,61281,118397,9735,82301
【Lex】小心有雷！四月热门新番推荐+观看指南！,9689,2050524,//i0.hdslb.com/bfs/archive/5cf4d087815df507003fd2b612c87f148a4221de.jpg,21675044,BV1uW411M77D,1522929651,2018/4/5,20:0:51,12:40,24278,20301,52927,4219,34394
【lex】战术大师教你如何夕阳红吃鸡！,3492,816139,//i2.hdslb.com/bfs/archive/0de3595e8c0d43e8d2a230d9676bdf3e3e46b2c8.jpg,21180234,BV1fW411g7Qf,1521904783,2018/3/24,23:19:43,22:25,10568,3828,11862,2554,13807
【Lex】笑中带泪！火影忍者刷新智障下线的一集！,7719,2657354,//i1.hdslb.com/bfs/archive/5261ed33a515c93fab320d2851070ed14d43275a.jpg,21123211,BV1YW411g7ZY,1521799128,2018/3/23,17:58:48,11:27,22243,50901,119494,17215,77903
【Lex】文艺复兴！2018四月新番导视！,11655,2381169,//i2.hdslb.com/bfs/archive/c239faa0aa76be2f4cf23874458564434f7b3aba.jpg,20578914,BV1PW411s7P7,1520641200,2018/3/10,8:20:0,23:40,46904,84178,157084,16057,66363
【Lex】爆笑嘶吼，百团大混战，是兄弟就来砍我,3855,1184497,//i0.hdslb.com/bfs/archive/9b74d11de744a69ba90539cb7809f0a9a3292eae.jpg,20042804,BV1hW41147NH,1519540351,2018/2/25,14:32:31,22:56,5394,2137,8686,1579,11758
【Lex】太刺激了！用手机20杀屠杀吃鸡！,4653,580821,//i0.hdslb.com/bfs/archive/f67a8a7965bbad32a19b999f3d6f73e1c8d3cb57.jpg,19561319,BV1zW411E7id,1518602452,2018/2/14,18:0:52,34:26,9572,1781,5869,2154,10271
【Lex】再也不是跳伞模拟器了！老蕾教你手机吃鸡！,3367,379671,//i2.hdslb.com/bfs/archive/dd7d96f4688986b8cb920e8b82e325a7fb45d3f6.jpg,19559284,BV16W411E7Vc,1518533646,2018/2/13,22:54:6,25:08,6501,1144,4697,483,8874
【Lex】整容医生蕾丝！捏一个纯情软妹闯荡江湖！,4987,552325,//i2.hdslb.com/bfs/archive/48cf3c756fc23ba74b092cc2f3308c9510a41678.jpg,19360617,BV1EW411n7mm,1518264009,2018/2/10,20:0:9,32:33,34603,3162,7624,7836,11229
【Lex】笑到无语！火影忍者史上最智障的一集！,11905,3353066,//i0.hdslb.com/bfs/archive/53a3f54da6b00306f2ca0c7b943bf86d2d9e9ef9.jpg,19360085,BV1EW411n7Bn,1518165906,2018/2/9,16:45:6,10:30,30008,60061,136139,19222,95925
【Lex】爆笑荒野行动！每天被粉丝围追堵截的日常！,4804,792691,//i2.hdslb.com/bfs/archive/336670981a5cccbb6d09e79e03ae6c3ce2128636.jpg,18839017,BV12W411e7Wj,1517128017,2018/1/28,16:26:57,17:57,5344,2466,7866,1542,9560
【Lex】捏脸达人蕾丝教你如何捏出绝世美人！,3309,798321,//i2.hdslb.com/bfs/archive/84efdd52af2cde9cdf4a93c348736545a1b3de34.jpg,18709179,BV1KW411e7GZ,1516879826,2018/1/25,19:30:26,24:12,21406,3872,6084,4938,8983
【Lex】验货时间到！一月新番扫雷吐槽第一弹！,13958,5381751,//i0.hdslb.com/bfs/archive/cd6e640cc124dccda41a6d4f8657aaf372b2f77c.jpg,18182135,BV11W411i7iz,1515643256,2018/1/11,12:0:56,13:11,37587,80511,141731,13830,91756
【Lex】小测验！不玩农药的人能猜出这些英雄都是谁么,7955,736417,//i1.hdslb.com/bfs/archive/f171e546006067819e1e370b4d8f9ed3e2496eb6.jpg,18165598,BV1DW411i786,1515578046,2018/1/10,17:54:6,19:53,11221,1912,5203,600,8055
【Lex】15分钟演完《博人传》P2,4787,1752546,//i2.hdslb.com/bfs/archive/791af6b951cf969637ab58a07be7aca0b81d7597.jpg,18143110,BV1vW411i7jV,1515511332,2018/1/9,23:22:12,15:16,21259,24015,63493,16334,32356
【Lex】全都是变态绅士！2014最神经病的动画！,15323,2654501,//i0.hdslb.com/bfs/archive/b7ab0b89b80a29a379241368c68ef72089157140.jpg,17753447,BV1GW411b72g,1514635243,2017/12/30,20:0:43,20:53,57909,60335,102598,14956,59706
【Lex】终于可以玩到琦玉老师了,3854,1069233,//i0.hdslb.com/bfs/archive/38a1ae3ee824960bf11fc5f1bd5ec22210a7808d.jpg,17730731,BV15W411b78p,1514527310,2017/12/29,14:1:50,32:21,5554,1463,4672,532,6732
蕾大侠退隐江湖，带你游山玩水,2429,463103,//i1.hdslb.com/bfs/archive/bc259cb50f0f151df4ee7593bbee2fc2402e955f.jpg,17459916,BV1pW411876D,1513940406,2017/12/22,19:0:6,24:19,6619,1367,4949,1418,5353
【Lex】18人的第一人称吃鸡见过没？,1874,702615,//i2.hdslb.com/bfs/archive/d972e0ce8159a7f2a9dad6e275fcf81163abff2c.jpg,17442142,BV1tW41187Ut,1513828855,2017/12/21,12:0:55,15:04,2873,1376,5923,652,5606
【Lex】蕾丝教你开高达，欧来哇刚大木哒！,2147,601497,//i0.hdslb.com/bfs/archive/bebe38af29b855a0d596b1f7e463f370740c3d86.jpg,17265331,BV1NW411a7dS,1513296037,2017/12/15,8:0:37,33:57,3462,1459,4475,634,5800
【Lex】神仙打架！2018一月新番导视！,15672,3058183,//i2.hdslb.com/bfs/archive/6c397a484e2f110cd577fb3ca582338bd7021158.jpg,17234083,BV1RW411h74F,1513176030,2017/12/13,22:40:30,19:11,55021,104237,154996,34196,63239
【Lex】夕阳红枪神教你爆笑吃鸡,2332,627218,//i1.hdslb.com/bfs/archive/cffb10ba511ee115b3520fd2d73fc92cfefe3912.jpg,17139101,BV1iW411h7a9,1512921617,2017/12/11,0:0:17,15:40,4159,1706,7103,1161,6544
【Lex】和众up一起穿越火线！要啥自行车！,1936,499461,//i2.hdslb.com/bfs/archive/bb7b45c3d7cfb904e00212f1b8e00f9531c36539.jpg,16972017,BV1LW411Y7np,1512471621,2017/12/5,19:0:21,11:18,2547,1356,4090,542,4982
【Lex】迷之战斗，2017最搞笑格斗动画！,7411,3001343,//i1.hdslb.com/bfs/archive/e7377f3849d4c9deff6d1a75822a1c8d93812019.jpg,16801601,BV1pW411a7uS,1512100931,2017/12/1,12:2:11,17:04,42873,63023,91959,7797,57007
【Lex】黑人问号！2014超级神经病展开动画！,7651,2166393,//i1.hdslb.com/bfs/archive/9feb47200128b905ba26dc887ec2d4f231391036.jpg,16638970,BV1Fx41157KN,1511582443,2017/11/25,12:0:43,16:19,39055,64782,84360,6614,55732
Lex教你捏脸，我要捏一个娇柔的软妹！,4584,731449,//i2.hdslb.com/bfs/archive/27dfaa95b38b2ee24a2e9c8f2a9db1b8d16819e7.jpg,16435973,BV1qx411L7h4,1510982259,2017/11/18,13:17:39,22:07,16500,2745,7652,4240,6113
【Lex】教练，我想打篮球，我想为所欲为,2229,1071885,//i2.hdslb.com/bfs/archive/1ae2e3042f3e59d0d329d06191d687ab5a2eb194.jpg,16348266,BV13x411L7cA,1510804841,2017/11/16,12:0:41,23:08,2732,1601,5862,602,5842
【Lex】和老番茄一起激情四射！,1878,836323,//i2.hdslb.com/bfs/archive/a4100f87424cd7e16e00452623c1cd87dacde310.jpg,16280186,BV1Sx41157uW,1510563642,2017/11/13,17:0:42,21:13,3604,2092,4963,588,9556
【Lex】史上最无脑动画！看完感觉整个人都变奇怪了,7803,1939490,//i1.hdslb.com/bfs/archive/e280a3b588ed9e814c30fef10d530726b1f716ed.jpg,16131471,BV1dx411j7Tp,1510286446,2017/11/10,12:0:46,15:22,45570,16384,40742,9384,21083
【Lex】暴露年龄！朋友，你听说过赛尔号么？,8474,941112,//i0.hdslb.com/bfs/archive/def2447892b6e574f846993b1c1fbd6d680a7305.jpg,16111445,BV1zx411j7tM,1510200004,2017/11/9,12:0:4,23:50,14109,2234,6547,1325,7221
【Lex吐槽】刀剑神域序列之争，我永远喜欢亚丝娜！,10928,2154212,//i1.hdslb.com/bfs/archive/a5b1a129bbf196cc6126eeb79559d0630e59726f.jpg,15949587,BV18x411E7c4,1509611484,2017/11/2,16:31:24,15:41,28310,55912,81361,8996,37683
【Lex】我居然被做成了英雄！我居然玩了我自己！,3404,1000406,//i0.hdslb.com/bfs/archive/25736272ee88ff06090ee570a628b23eb2cc7862.jpg,15746397,BV1tx41177mp,1509019708,2017/10/26,20:8:28,13:04,9080,3141,8039,1230,7071
【Lex】爆笑对决，悬浮毛毛虫战车！,2077,427703,//i2.hdslb.com/bfs/archive/b29bb6efd3bf9158dadb3391fc558e1a22453d66.jpg,15563382,BV1tx411M7Va,1508558411,2017/10/21,12:0:11,19:53,6178,1825,7721,1448,3839
【Lex】小评《欢迎来到实力至上主义的教室》,13355,2868109,//i0.hdslb.com/bfs/archive/b542f5d6f60ecd658362020bdf451433078fcfa4.jpg,15440937,BV16x411g7Qw,1508141137,2017/10/16,16:5:37,11:11,22133,56115,94252,7836,49528
【Lex】神仙打篮球！真！秒杀NBA的篮球动漫！,8196,3119792,//i2.hdslb.com/bfs/archive/90875ac596d69199bab3b0fa7f33286dd82cef3a.jpg,15331664,BV1fx411u7sa,1507824033,2017/10/13,0:0:33,12:26,30455,61915,103396,24378,32656
【Lex】震惊，二次元公司居然是这个样子的！,7152,1927413,//i0.hdslb.com/bfs/archive/89260fd456d45594699f08a56acc23074048a9be.jpg,15006133,BV1fx411g75h,1506960531,2017/10/3,0:8:51,11:20,27602,16650,39029,13645,26545
【Lex】动画区3大300流氓再度聚首，然而被小埋一人就。。。,4624,1266744,//i1.hdslb.com/bfs/archive/7a7fd29861df95e8dbb96989968cf7e27ec32502.jpg,14869490,BV1fx411G7zx,1506589815,2017/9/28,17:10:15,61:54,6140,1968,6686,555,4832
【Lex】爆笑！懵逼！09年最神展开的动画！,12022,3254422,//i1.hdslb.com/bfs/archive/dbeb5f9b6b797ecb12326340377ef1f270727006.jpg,14734756,BV17x411G7wo,1506178837,2017/9/23,23:0:37,16:47,55237,60116,74964,8737,33212
【Lex】如果我当上了国王，就请叫我蕾帝嘎嘎,2202,411405,//i2.hdslb.com/bfs/archive/f69f87a737c99d8036ba17783233d8083d4359d8.jpg,14662120,BV18x411x7Uc,1505986558,2017/9/21,17:35:58,47:13,2619,940,3594,320,2660
【Lex】老蕾同志教你打王八拳,1849,346510,//i1.hdslb.com/bfs/archive/6e9c28c9b96b8037626a8a750658c1bdc225215f.jpg,14631076,BV1Gx411x7NR,1505889600,2017/9/20,14:40:0,15:49,1676,691,3503,223,2115
【Lex】值得期待的作品好多啊！2017十月新番导视,8693,2122998,//i1.hdslb.com/bfs/archive/68307296659c944a986eb0ca4539a865796dfb6b.jpg,14460545,BV1bx411s7an,1505391556,2017/9/14,20:19:16,18:40,39566,76221,84981,12135,17135
【Lex】什么！宫保鸡丁居然都可以娘化！,4421,782316,//i0.hdslb.com/bfs/archive/94b81ed46a668b22cdbf313200bd48df9f0da524.jpg,14292622,BV1Ex41147tL,1504956624,2017/9/9,19:30:24,15:40,7947,1767,5597,1017,1586
【吃鸡日常】第二期：龙虾主播竟然能带队吃鸡！,2027,513989,//i1.hdslb.com/bfs/archive/fcfbf8b243470f5979f5cd8ecb451197da2eda46.jpg,14277837,BV1Ax41147Pv,1504864528,2017/9/8,17:55:28,10:57,5289,2292,8894,2586,1664
【吃鸡日常】爆笑！居然会有这么智障的吃鸡小队！,4040,1433886,//i1.hdslb.com/bfs/archive/82805939fab78bb9996f475d9ca07b8c72401501.jpg,14011490,BV1Hx411t7S8,1504168608,2017/8/31,16:36:48,10:47,7934,4399,11188,4569,2896
【Lex】集科普，励志，热血于一体的超棒动画,8894,1568442,//i2.hdslb.com/bfs/archive/51e21c3051b1ff023904ad47ad859c28ab66e094.jpg,13932244,BV1ux411t7MX,1504022447,2017/8/30,0:0:47,10:19,15715,14896,24974,2508,5758
【Lex】回复大家的私信和评论！你看看你们平时都问些什么奇怪的问题！,15828,4014105,//i2.hdslb.com/bfs/archive/0df29b7f7fafd0ad193f17d4feae0635f04e09a0.jpg,13708441,BV16x411b7jd,1503504034,2017/8/24,0:0:34,07:27,53525,50063,60600,7696,93824
【Lex】灵魂配音！15分钟演完《博人传》P1,6500,2096887,//i2.hdslb.com/bfs/archive/f60515923584b89825116d6223d677ae94c69a51.jpg,13671176,BV1bx411b79y,1503386435,2017/8/22,15:20:35,15:17,29954,18311,35572,16195,13964
【Lex】教你穿衣搭配成为时尚贵族！,5447,860227,//i0.hdslb.com/bfs/archive/1f5f22723560262e840810520d0396ed32b4670e.jpg,13507363,BV1vx411J7zG,1503039498,2017/8/18,14:58:18,32:57,21115,2042,6404,890,1276
【Lex】日式rpg神作！,9440,1874477,//i0.hdslb.com/bfs/archive/bb33091c872747a69a41ffd6a748808f7a32ca95.jpg,13448493,BV17x411J71E,1502899212,2017/8/17,0:0:12,05:42,12842,10908,18460,7007,7331
【Lex】吃书大作！崩坏3的剧情到底是个什么鬼！,9950,1368106,//i0.hdslb.com/bfs/archive/0791fae6453401719d605d28fb95c80b7d049cba.jpg,13257881,BV1Ux411n79m,1502510413,2017/8/12,12:0:13,13:33,19164,17228,24847,15233,7813
【Lex】太污了！和龙骑士没有半毛钱关系的龙骑动画,9041,2127431,//i1.hdslb.com/bfs/archive/3db20f8b1ad62aa21c225cc5a8d14061f87602b3.jpg,13197639,BV1ax411n7Xw,1502422221,2017/8/11,11:30:21,16:47,54980,54328,48775,5280,10683
【Lex】坂本大佬为何这么牛逼？,10327,2556297,//i2.hdslb.com/bfs/archive/8a267092814a351ce3a390bf65afab96e267fcb6.jpg,12957225,BV1ux411p7xP,1502035256,2017/8/7,0:0:56,01:40,9688,14529,23904,7629,13529
【Lex】17分钟带你了解fateA里的全部英灵,7962,2039839,//i2.hdslb.com/bfs/archive/a6231b1e3f0b15d787c865b91f28e33f8ec154ab.jpg,13000820,BV1Vx411p7Gi,1501933940,2017/8/5,19:52:20,17:45,23048,62219,50409,6748,14070
【Lex】当宅男暑假去尝试了现充生活之后。。。,7664,1806671,//i2.hdslb.com/bfs/archive/619423641858b52032256641616e592cc8debd9e.jpg,12951632,BV1Mx411p7J8,1501862411,2017/8/5,0:0:11,06:16,20491,11062,25472,5185,19962
【Lex】疯狂吐槽！《妖精的尾巴》大结局！,23119,3687570,//i1.hdslb.com/bfs/archive/8f0f3b5a11095c7cd36ecceea19e2779de54b885.jpg,12646153,BV1Nx411W7P5,1501149434,2017/7/27,17:57:14,22:25,60857,78849,102240,29529,43831
【Lex】老司机教你打炮,3225,507643,//i2.hdslb.com/bfs/archive/18c8648fe08822a9941ac2eff500ccb2c2b5bdf3.jpg,12417232,BV1Jx411i7YW,1500606311,2017/7/21,11:5:11,12:41,3225,978,3566,281,700
【Lex】补番推荐！欧美宅评分最高的日漫Top20,20144,2566532,//i2.hdslb.com/bfs/archive/55d7a099ec41cecdf64e130c8bb12328666fd9cf.jpg,12417479,BV1Jx411i7BK,1500606082,2017/7/21,11:1:22,11:13,50240,112629,75665,11896,22831
【LEX】天呐，我居然被小学生暴打了,4343,865574,//i0.hdslb.com/bfs/archive/3d3da7146678c3e89a30d7200167c1c015166147.jpg,12283604,BV1Jx411B7Pi,1500566448,2017/7/21,0:0:48,19:11,8275,1321,4387,807,998
【Lex】教你如何把玩少女,7900,1360886,//i0.hdslb.com/bfs/archive/62b154d463022a7ac7d72ac9a7cf4022b82e5bdb.jpg,12234651,BV15x411B77p,1500220828,2017/7/17,0:0:28,25:25,32309,5144,8221,5298,2234
【Lex】天啦撸，B站居然自己办了个漫展？,22104,1784222,//i2.hdslb.com/bfs/archive/4fa9baaad8e68e342d26ee6f59ec7e4e0a287ba9.jpg,12203925,BV1Kx411B7pv,1500084059,2017/7/15,10:0:59,09:35,60553,25124,34402,43932,3175
【Lex】万恶之源！传说中被称作名作之壁的动画！,16649,2386969,//i2.hdslb.com/bfs/archive/d4aad237ce5a9df9a8e5fc8e96a78c3272cc67bd.jpg,12173338,BV1mx411q7V6,1500019228,2017/7/14,16:0:28,16:33,44403,59575,74205,6008,9792
【Lex】笑死我了，传说中的捏车游戏《创世战车》,3567,891573,//i2.hdslb.com/bfs/archive/08a3a8cb488aecccee3753b377d05701930a1136.jpg,12073738,BV1xx411q7uJ,1499961603,2017/7/14,0:0:3,22:01,11428,2680,6928,3363,1080
【Lex】简直神作！2017上半年最神奇的动画！,19112,5016458,//i1.hdslb.com/bfs/archive/80e691dd4fa586a947d3668e4e6f7dce89a6eef8.jpg,11954031,BV1nx411z75Z,1499396453,2017/7/7,11:0:53,15:36,85603,66295,95576,23469,42660
【Lex】竟然还有这种操作！2015最神奇套路番,9430,4264586,//i2.hdslb.com/bfs/archive/0f0e2315827edc21ebab72d9701b68c8ac7db3d1.jpg,11723479,BV1Qx41167KF,1498793428,2017/6/30,11:30:28,16:04,114750,50713,81927,11746,38587
【Lex】烂片时代开创者！2014年的神级烂片,10235,3941789,//i1.hdslb.com/bfs/archive/84aef5c46a7317a76427eb48b2ca6acaf707732b.jpg,11080169,BV1nx411a79Q,1496851543,2017/6/8,0:5:43,14:14,56469,25199,51753,8540,31342
【Lex】欧洲人装完逼一定要快跑！一定要快跑啊！,3608,975276,//i0.hdslb.com/bfs/archive/858246ed580cf98c9c08e4770779fa18407363ff.jpg,11040940,BV1Zx411h7Ju,1496505639,2017/6/4,0:0:39,21:04,8102,1521,4788,775,1358
【Lex】纪念诚哥十周年，小评后宫奇番《日在校园》,15227,2754384,//i1.hdslb.com/bfs/archive/329920d269aec76fe55e29a14f1c15ced95e1534.jpg,11028727,BV19x411h7zF,1496462411,2017/6/3,12:0:11,11:16,54745,40637,64221,33555,22896
【Lex】大兄弟，赌船不？,3524,827200,//i2.hdslb.com/bfs/archive/c4534f1288da86052d0c12070d19c9455aba4ded.jpg,10990305,BV1vx411e7AG,1496332855,2017/6/2,0:0:55,28:03,7145,1024,3725,434,907
【Lex】不懂去玩原作！？浅谈那些游戏改编动画,9959,1257952,//i2.hdslb.com/bfs/archive/29fdeffa5db2754b24036801a3d90cf490c248ce.jpg,10859510,BV1Rx411Y7ua,1495900830,2017/5/28,0:0:30,15:33,17622,7099,23156,1853,4667
【Lex】这部动画的梗，竟比动画本身还要有名！,14071,2605269,//i1.hdslb.com/bfs/archive/73fdae7524b7213dfa7e95f24be6155c67d807d7.jpg,10750468,BV1Jx411Y7zT,1495555206,2017/5/24,0:0:6,12:14,50434,16797,38094,13299,14308
【Lex】漫展有哪些好玩的，蕾丝教你如何愉快的逛漫展,6251,945259,//i0.hdslb.com/bfs/archive/f908d46350082590861f3a593749ebde7cb35419.jpg,10417644,BV1vx411m7eR,1494248416,2017/5/8,21:0:16,08:20,17712,7288,15310,3855,3550
【Lex】开高达对决室友小智 ，这个人的素质真的太低下了,2273,717264,//i2.hdslb.com/bfs/archive/b428fc7c83802d9d72c3294ca04a2bfedf5085a0.jpg,10352431,BV1Lx411m7EP,1494064823,2017/5/6,18:0:23,33:27,5343,1247,3361,810,962
【Lex】震惊！谷哥和度娘居然组了cp！,3382,857364,//i1.hdslb.com/bfs/archive/11988c9ac73f0d556b931f6ca00264ca3184d31a.jpg,10141882,BV1Xx411U7Ny,1493382601,2017/4/28,20:30:1,33:53,9055,1143,4836,224,773
【Lex】8分钟教你如何成为一名up主,5228,1068060,//i2.hdslb.com/bfs/archive/d06509a7a59c8de64fcc1d401f9040cbd6d79cd3.jpg,9966351,BV1Mx411U7y5,1492669341,2017/4/20,14:22:21,08:48,20889,65989,38692,9738,12337
【Lex崩坏3】巫女赛高！八重樱！请求出击！,3541,704705,//i1.hdslb.com/bfs/archive/1dd7943ee3dc9326f894f4674c83de10dc477f53.jpg,9871029,BV1Ex411D7nz,1492308028,2017/4/16,10:0:28,23:44,10517,2373,5452,933,1872
【Lex】带你一起看2017年的四月新番,7655,2355900,//i1.hdslb.com/bfs/archive/d41ef5983c5250e3df4fa567209ceb38316a16df.jpg,9837510,BV1Mx411D7ZH,1492174203,2017/4/14,20:50:3,08:30,23897,44846,78376,6670,7440
【Lex】是男人就上60层,2336,624814,//i2.hdslb.com/bfs/archive/8374c233a9b235e0baef0197992c1f376a4c5cf1.jpg,9470683,BV1Zx411D7ZZ,1490785288,2017/3/29,19:1:28,35:43,3614,782,3640,211,587
【Lex】如何度过一个不让自己后悔的大学四年,8692,1097415,//i1.hdslb.com/bfs/archive/a9fbfa379a676d65f94a56be670a579cf28db34d.jpg,9243911,BV1Cx411r7Ej,1489838989,2017/3/18,20:9:49,08:12,17200,20101,28552,6131,7551
【Lex】2016年度头号烂片，看完后彻底震惊了！,7153,2983385,//i2.hdslb.com/bfs/archive/01a0a7ab547bb447263efa5caa4b90b89e3997a9.jpg,8956803,BV1ox411k7nb,1488605977,2017/3/4,13:39:37,14:12,32846,17489,45016,2393,16286
【Lex】单身狗在上海生活需要多少钱？,14620,2564687,//i1.hdslb.com/bfs/archive/ea03a02047f69bb2101d71da427344ebac883172.jpg,8869179,BV1wx41117NK,1488183362,2017/2/27,16:16:2,11:09,25690,47505,52391,26835,46199
【Lex】带你看2016最污的福利动画,8226,3313067,//i2.hdslb.com/bfs/archive/4f7d7553064e6157100d54e5cfa270981deba353.jpg,8693909,BV17x411y7wm,1487424641,2017/2/18,21:30:41,14:13,38631,39502,43989,13939,17784
【LexBurner】毁天灭地！比网球王子还要夸张的网球动漫,48295,2797824,//i0.hdslb.com/bfs/archive/aa9a3203f6dd048a2c946d3f0278d7d86d17af6b.jpg,8188448,BV1rs411b7go,1485231669,2017/1/24,12:21:9,12:12,34455,42149,64104,18493,14357
【LexBurner】《网球王子》是如何变成《杀人网球》的！,10815,4024082,//i2.hdslb.com/bfs/archive/39eb6d2c64062084c6a901a0c09c589ef222e4af.jpg,7984342,BV1Es411h7q2,1484283489,2017/1/13,12:58:9,12:14,47239,38573,61548,38194,32908
惊了！汪酱竟是约炮狂魔！Lex带你了解观看FGO第一章需要了解的知识,5594,1709469,//i0.hdslb.com/bfs/archive/9f61fefe37be96ca0f32f3b132abdf2f542f5b95.jpg,7861820,BV1ps411Y7g3,1483598716,2017/1/5,14:45:16,10:24,18314,14149,18403,4773,6622
Lex带你看标题党名作《魔法少女小圆》,10972,2811958,//i1.hdslb.com/bfs/archive/6dc3af0834ac6e43139f82c51c02564d77b01eec.jpg,7733505,BV19s411a7pd,1482901972,2016/12/28,13:12:52,11:50,36973,22653,33047,6769,33616
【涨姿势】10分钟带你了解动漫中常出现的织田信长和本能寺之变,6082,1745191,//i0.hdslb.com/bfs/archive/759444470badbfa24804d2edfd98330faead9b58.jpg,7549355,BV1Bs411e7sq,1481870629,2016/12/16,14:43:49,10:07,16701,20936,20457,2671,3109
听说《名侦探柯南纯黑的噩梦》上映了，那我们就愉快的来吐槽它吧,10441,4696337,//i1.hdslb.com/bfs/archive/80c7988a20e7e096f29e928f87fc2681b2b3e74e.jpg,7260153,BV1Rs411W78P,1480141541,2016/11/26,14:25:41,14:52,53663,48375,88224,36793,34004
【LexBurner】适合改编成动漫的国产独立游戏,3233,889522,//i1.hdslb.com/bfs/archive/9b7e35201fab06ae7ec1a8d9e0032c00f0b0ddf2.jpg,7179979,BV1zs411W73v,1479625695,2016/11/20,15:8:15,05:35,7218,2729,7325,504,978
【LexBurner】小评国产魔幻神剧《爵迹》,20042,3871496,//i0.hdslb.com/bfs/archive/9bc5814557f85928288a923e187ac821d2efdc59.jpg,7150724,BV18s411W7a2,1479471460,2016/11/18,20:17:40,12:42,62418,19825,46899,15530,38594
LEX带你看魔改的侍魂动画版,2042,680041,//i1.hdslb.com/bfs/archive/74a8ffd84cc5db4c4dcd4678949a3e776c79285f.jpg,7009849,BV1Js411x7AY,1478574502,2016/11/8,11:8:22,08:19,5376,1383,8373,366,918
【毁童年】Lex带你看中华小当家原版的结局！,9703,3930232,//i2.hdslb.com/bfs/archive/ba4829646e543d0812645466c43f8eddb8935e6f.jpg,6849182,BV16s411s7eL,1477577900,2016/10/27,22:18:20,15:07,33904,28250,58107,17008,21599
【Lex】秒杀NBA的篮球动漫《黑子的篮球》,12570,3502360,//i2.hdslb.com/bfs/archive/89631e5bd6b742a94dd22a107ff1c062b1bc0e24.jpg,6698167,BV1es41147Rd,1476592407,2016/10/16,12:33:27,16:05,50670,33607,46738,24040,19460
Lex带你玩崩坏3，体验一下欧皇的玄学之力吧！,3498,1010563,//i1.hdslb.com/bfs/archive/934c7c19fcc336339cd9c0943ec30da509a7695b.jpg,6673255,BV17s41147xh,1476448169,2016/10/14,20:29:29,22:57,13231,3169,4776,1432,2547
【LexBurner】14分钟带你了解fate英灵的前世,6988,2980750,//i2.hdslb.com/bfs/archive/0b1578abb76e265cd8c27aae7ce1b5cdba02fb07.jpg,6647445,BV1Ts41147X9,1476264725,2016/10/12,17:32:5,14:15,29668,68206,40651,12265,16265
【菜鸡互啄】的封印者枪娘试玩,1705,365097,//i0.hdslb.com/bfs/archive/2e4155ab72ebb2b2d09d98fd0f825e84ceea9371.jpg,6446967,BV1ms411t7gZ,1475045612,2016/9/28,14:53:32,25:56,2625,996,1441,239,304
【LexBurner】好番强推，近两年佳作大盘点,9991,3762726,//i0.hdslb.com/bfs/archive/8309cdaaaa07f9d7d8f320791bc96eddd2d6a271.jpg,6207375,BV13s411r7MZ,1473375050,2016/9/9,6:50:50,10:07,31766,98309,55051,6836,30151
【LexBurner】一个超级厉害的轮回故事,1463,1424956,//i1.hdslb.com/bfs/archive/1df263e6638bc6a5bb4d9c0a80502c8a464f90a9.jpg,6207368,BV13s411r7Mo,1473374818,2016/9/9,6:46:58,08:20,5033,2955,4183,632,2462
《死神》十大关键词，带你看完死神15年的特质和套路,8882,1978828,//i1.hdslb.com/bfs/archive/ad5e39f21165d373045207eed5fb7d00db753df1.jpg,6033084,BV1js41167KX,1472273308,2016/8/27,12:48:28,16:21,25401,17724,26510,7126,7144
Lex带你用把妹之手殴打炮姐,3349,907540,//i0.hdslb.com/bfs/archive/da69dffd70af0ade04575fb6fe19dce9c8f6dca8.jpg,6023351,BV1ys411k7ow,1472210347,2016/8/26,19:19:7,33:50,10931,3194,3831,1588,1475
听说《死神》完结了，那就让我们一起吐槽它吧,33462,4495481,//i2.hdslb.com/bfs/archive/eb85b7660f3e452de26cb383a6cdce30a443598c.jpg,5898555,BV17s411k7XK,1471588483,2016/8/19,14:34:43,12:09,47675,35578,52035,22806,31729
【LexBurner】一个官二代男主角“艰难”闯荡江湖的故事,2733,995959,//i1.hdslb.com/bfs/archive/a6753dea9a1990b99cf3ca1c93e139c11d89b835.jpg,5810407,BV1Ss411r7n9,1471151356,2016/8/14,13:9:16,08:47,5875,1509,3129,766,785
【LexBurner】蕾丝教你如何一本正经的胡说八道？,4894,1594018,//i1.hdslb.com/bfs/archive/b070e8367cdd41c786eb423b96212103ce38dd4f.jpg,5776782,BV16s411r7Fx,1470975667,2016/8/12,12:21:7,06:50,7216,4113,6566,468,12518
【LexBurner】评年度最迷动画，四月智障大片《迷家》,11183,2267260,//i0.hdslb.com/bfs/archive/d260a4f963447e0e641d9a6fe0a278508a36f0f8.jpg,5762797,BV1Ns411y7kF,1470901171,2016/8/11,15:39:31,09:14,25136,11634,21008,4685,13175
【LexBurner】好番强推，2009年的零差评动画《钢之炼金术师FA》,24394,3198871,//i2.hdslb.com/bfs/archive/171e700130304fc42e6d996b3706655a46fe103a.jpg,5563910,BV1Ns411C7RW,1469862113,2016/7/30,15:1:53,10:10,32759,44002,83542,32263,42023
【LexBurner】蕾丝实例解析微电影《王的回忆》,2372,568570,//i2.hdslb.com/bfs/archive/77d40877d3155aa129b2b584d4bf63196a830f5b.jpg,5563850,BV1Ns411C72t,1469861883,2016/7/30,14:58:3,03:34,5550,995,3110,259,780
【小学生作文】之国漫尴尬三兄弟,4610,904662,//i0.hdslb.com/bfs/archive/56f62c37ebce9df07f070f9ac8490bf28771fb4f.jpg,5454029,BV1ps41117TM,1469245866,2016/7/23,11:51:6,04:51,11280,2977,8469,1020,2733
【LexBurner】大鱼海棠，换了个包装的国产青春片,99532,3495437,//i0.hdslb.com/bfs/archive/29dac82a8106e5c9fbdad9e5265de7c7d779cf0c.jpg,5302595,BV1xs411y7xQ,1468309081,2016/7/12,15:38:1,07:37,66061,30281,105214,33904,42432
【LexBurner】我从未见过如此正常的大冒险,4185,1344990,//i0.hdslb.com/bfs/archive/a16fdbd41a9c84159a0e100d54e8b465855fec59.jpg,5274832,BV1js411y78c,1468131366,2016/7/10,14:16:6,30:22,29100,5982,9716,3461,4798
【LexBurner】夭寿啦，手枪居然也能爆衣啦,2916,670567,//i2.hdslb.com/bfs/archive/8c00e7cc61d96df8f2e70318fd5946a9611012aa.jpg,5237494,BV1ws411i74u,1467883331,2016/7/7,17:22:11,44:25,9984,2200,2256,358,631
【LexBurner】小儿科大片，评甲铁城的卡巴内利,14069,1869160,//i1.hdslb.com/bfs/archive/c8556713663cec3bc58b27cd3fe7b24fbff88ae9.jpg,5165996,BV1rs411v74i,1467391141,2016/7/2,0:39:1,12:51,30197,9409,28606,7772,4364
【LexBurner】史上最不要脸的中二动画，年度头号烂片预定,10642,3556181,//i0.hdslb.com/bfs/archive/f5f01dc5bf8afef4ecd8ace803c2500297058891.jpg,4998503,BV1Ss411e7NQ,1466139767,2016/6/17,13:2:47,15:59,41917,17665,29046,5208,14890
【蕾彦祖与智本山的污力解说】看到这字体的时候，我就懵了,1520,563293,//i1.hdslb.com/bfs/archive/b2c50dd0943ca931aa28eb1b5097379be0c41a64.jpg,4982492,BV19s411e7fB,1465990728,2016/6/15,19:38:48,66:28,4255,1321,1845,107,488
【灵魂配音】10分钟演完fate stay night UBW,7432,2632798,//i2.hdslb.com/bfs/archive/7edf866255ae2d9a8f31c176c0873769d6451243.jpg,4912937,BV1Ps411q7Yw,1465446222,2016/6/9,12:23:42,10:33,29978,55836,62076,25132,14596
听说大家都在看甲铁城，那就来简单的评价一下它,11147,1766582,//i1.hdslb.com/bfs/archive/2bb0c9a4cf940f22d27ea9d6780823ddd7361a5a.jpg,4770078,BV1Js411i7tA,1464252194,2016/5/26,16:43:14,10:36,20184,9697,20050,3639,4595
【LexBurner】这是我见过的最苦逼的男主角,3613,3501825,//i0.hdslb.com/bfs/archive/8fdfa9b6acac27bdef47e47617b9dddb0dc599cd.jpg,4744950,BV1Gs411i7b2,1464004328,2016/5/23,19:52:8,13:34,10778,6531,9588,1971,18737
【最二王冠】日本男版巴拉拉小魔仙,3382,1740925,//i0.hdslb.com/bfs/archive/7ce922451c105f32b33b3c0f13557dc52e4d7360.jpg,4689025,BV11s411B77M,1463546056,2016/5/18,12:34:16,09:45,19743,10661,10606,4176,5544
【小学生作文】宅男找到了女朋友之后,2587,1013254,//i2.hdslb.com/bfs/archive/55b6b860446510a2d19db09413de3cbf34693ebb.jpg,4688992,BV11s411B7EU,1463545876,2016/5/18,12:31:16,05:42,11138,6293,8471,2734,7096
【蕾彦祖与智本山】直男审美遇上换装游戏,2815,691382,//i1.hdslb.com/bfs/archive/fae0767ff82bd58d67e9c1532e89d1f27755b778.jpg,4659836,BV1qs411B75i,1463283518,2016/5/15,11:38:38,64:00,22152,2937,4230,1137,925
【LexBurner】我们仍未知道那天蕾丝到底吞了啥,1862,998134,//i0.hdslb.com/bfs/archive/5658c495ad0649caee621a35e5b993b7c8dce8a3.jpg,4581382,BV1As411B7Vo,1462602008,2016/5/7,14:20:8,33:42,9555,1493,3245,282,937
【小学生作文】一个宅男的故事,7241,732507,//i0.hdslb.com/bfs/archive/553775e07d69ebab1591579e6ac614e6e9685c2f.jpg,4402954,BV1fs411z7gx,1460964157,2016/4/18,15:22:37,06:48,18924,6107,14822,2723,2300
Lex教你神作的套路,5745,1076132,//i1.hdslb.com/bfs/archive/ce30458eceb67da7df34528e9d50c3a52a84f64f.jpg,4371560,BV1Ds411z7cB,1460712771,2016/4/15,17:32:51,06:20,12064,5461,9306,917,3826
玩游戏最不能立的flag就是———赢了！,1599,674951,//i1.hdslb.com/bfs/archive/2d31c03793b1add1e214078ed9d118e124cc8934.jpg,4217699,BV1Qs411B7d1,1459222262,2016/3/29,11:31:2,61:15,10685,1643,3176,297,469
【LexBurner】毁人三观的龙珠真人版电影,2925,1097141,//i0.hdslb.com/bfs/archive/49126673926cc0ca0274b22a465d67296a4cd2ff.jpg,4210157,BV1fs411B7y1,1459136020,2016/3/28,11:33:40,08:41,15964,3741,10521,2052,2527
【LexBurner】小智教我花式打飞机,1852,636282,//i1.hdslb.com/bfs/archive/4a4e2f5bb1fdca23f3e0bbedd7ef5dfd12db386d.jpg,4193283,BV1gs411X7Hd,1458985655,2016/3/26,17:47:35,42:53,3345,928,1520,114,490
听说亡国的阿基德出了大结局，那我们就一起来吐槽它吧,3623,1184328,//i0.hdslb.com/bfs/archive/e5dc3cf3d4ef556bf2ff2b75eb8761f0aad8b72e.jpg,4174052,BV1js411X7Ky,1458791926,2016/3/24,11:58:46,26:58,14946,7087,13010,1674,2164
听说大家都去看了火影忍者博人传，那我们就一起来吐槽它吧,13259,5343045,//i1.hdslb.com/bfs/archive/779e5b1cf63b0b8904748389efaeb6a3f77f940d.jpg,3947370,BV1Ns411Q7eX,1456391540,2016/2/25,17:12:20,10:15,58254,60394,81402,44599,33107
【LexBurner】满血秒杀，一击毙命，裸杀人书，男人就应该对自己二一点,3069,659136,//i1.hdslb.com/bfs/archive/252500e05aab0956730407ab38229bf2eac82162.jpg,3919993,BV1bs4119714,1456125720,2016/2/22,15:22:0,31:47,13821,1903,3600,913,475
【最二王冠】2015究极烂制作动画，圣剑使的禁咒咏唱,12772,2437135,//i2.hdslb.com/bfs/archive/a0045ea41f4c9c281cbcd45175af06e7954b6498.jpg,3768097,BV16s411X7Sz,1454729620,2016/2/6,11:33:40,13:10,42441,14708,18679,5028,9538
【LexBurner】超搞笑的国产科幻动画，时光诡域,3845,1662781,//i1.hdslb.com/bfs/archive/7cc96e1d945085320ac11d6f915db306bf1fc011.jpg,3703667,BV1Ys411X73Q,1454133289,2016/1/30,13:54:49,08:15,19354,4967,8113,1487,2791
【LexBurner】我就喜欢你看我不爽又干不死我的样子,2761,2022190,//i1.hdslb.com/bfs/archive/4eaef4578851ce1cc63255e9a136117f53c10382.jpg,3638963,BV19s411R7gG,1453461290,2016/1/22,19:14:50,38:02,7108,2823,3025,722,4966
Lex带你看火影忍者的主线剧情,4093,3172606,//i1.hdslb.com/bfs/archive/73f0d1441fbaed58baf512d21fbc31f65773534e.jpg,3608924,BV1ys411R7XB,1453108885,2016/1/18,17:21:25,08:16,17528,18033,12663,9658,16740
Lex教你我上我也行,1485,741070,//i1.hdslb.com/bfs/archive/94208ecbf2015e100387488dd55c96d7a0aab81b.jpg,3578253,BV1es411R7hh,1452745177,2016/1/14,12:19:37,05:30,5073,2007,2418,375,3957
【LexBurner】输出全部靠吼，雷霆辅助女枪第一视角实况攻略解说,1251,624300,//i1.hdslb.com/bfs/archive/697f5050ed2402b1f84dfaf131d341b48c409e0d.jpg,3553377,BV14s411R7gK,1452408055,2016/1/10,14:40:55,36:17,10064,1787,2032,532,549
Lex和老番茄的受虐之旅,1646,970972,//i2.hdslb.com/bfs/archive/0d84c8a6d83c115d1a4a9a8c04a4f0650005f253.jpg,3440474,BV1rs411975H,1450929736,2015/12/24,12:2:16,27:28,6484,2820,1320,385,5232
【LexBurner】蕾丝猎人大战莫名其妙就扣我血的星龙,2320,459126,//i1.hdslb.com/bfs/archive/5c26c2bb2023311d5e9e416951529e340bf204b5.jpg,3400042,BV13s411o7R3,1450327672,2015/12/17,12:47:52,17:19,6222,844,681,485,312
【P2】听说大家对革命机有所耳闻，那我们就一起来吐槽它吧,4621,1502519,//i0.hdslb.com/bfs/archive/96f508557a894c7701dc99c2a6a0006b3d79dc61.jpg,3365851,BV1Fs411o74P,1449818455,2015/12/11,15:20:55,08:40,13408,6811,5524,2121,6920
Lex教你打手枪,1974,383191,//i0.hdslb.com/bfs/archive/c3ada766f50b678da30f04e9e314121bbff3d290.png,3320976,BV1ds411d7ji,1449122439,2015/12/3,14:0:39,23:35,7289,869,833,305,591
Lex带你玩大保健德玛西亚之力,1830,556282,//i2.hdslb.com/bfs/archive/ccdde863b0483164fcc0452e4a530baf859dbf7c.jpg,3257241,BV1Bs411d7un,1448103379,2015/11/21,18:56:19,100:17,13419,1206,1234,321,321
听说大家都看过名侦探柯南，那我们就一起来吐槽它的剧场版业火的向日葵吧,9230,6094768,//i2.hdslb.com/bfs/archive/21ef7be04ecf7cf0ba67ca7669908d79eb3f30d7.jpg,3181179,BV1Vs411d7H4,1446865729,2015/11/7,11:8:49,11:19,60746,35188,27016,19809,35161
Lex带你玩名字感觉怪怪的游戏虚荣,1335,462372,//i2.hdslb.com/bfs/archive/a865ec77428dfcbac6d12f7b6eee5545682b9a52.png,3158291,BV1Ts411d7Ud,1446443113,2015/11/2,13:45:13,45:21,5997,926,717,447,566
笑死我了，当up主直播犯二被队友认出来的时候，会发生什么？,2794,881898,//i0.hdslb.com/bfs/archive/98a9151efd02061a4644398b4470146f6ac05580.png,3151572,BV1Ns411d7KL,1446347309,2015/11/1,11:8:29,36:39,24433,3561,2156,1130,1462
Lex大战散人,1231,390145,//i2.hdslb.com/bfs/archive/3fd9bfe3b89a3e6ab3293ae6ce16e9938e99ab7b.jpg,3138809,BV1ms41127Fv,1446178730,2015/10/30,12:18:50,20:46,2853,1826,670,235,3576
听说大家都追完了七月新番，那就让我们一起来吐槽它们吧,5639,1983119,//i0.hdslb.com/bfs/archive/37dba15d21dbbe71074fbe2a33403efcc522fdcd.jpg,3101677,BV1is41127v5,1445571029,2015/10/23,11:30:29,07:42,20563,8099,5952,1410,5110
【LexBurner】超垃圾的续作电影热血高校3,2189,1225466,//i0.hdslb.com/bfs/archive/65b7d2fedcf74c2ba2baa5f5e8f1f430d1f157ed.jpg,3097094,BV1vs41127nN,1445482972,2015/10/22,11:2:52,09:36,12829,2718,2798,1051,3580
妈妈，我以后再也不随便立flag了,1600,1705088,//i0.hdslb.com/bfs/archive/66623aea668a7f363c49d96b35521526cf90ded9.jpg,3033348,BV15s41127gt,1444367857,2015/10/9,13:17:37,106:12,17939,4570,1678,487,3060
【完结有槽点】简评夏洛特charlotte,16485,1770921,//i0.hdslb.com/bfs/archive/95ea216dea3d708a5bda0a9d9ba90d09537d1bdb.jpg,2983881,BV1us41127rd,1443677452,2015/10/1,13:30:52,10:17,25348,9225,12792,2896,10412
Lex带你看拳皇系列历代的剧情故事,2812,2129073,//i1.hdslb.com/bfs/archive/05883874cb4df62467fdf60420fed6487eea7b1e.jpg,2970090,BV1ds41117tt,1443429096,2015/9/28,16:31:36,09:01,10693,13666,5756,2519,11511
听说大家都对革命机有所耳闻，那我们就一起来愉快的吐槽它吧P1,6071,1953660,//i0.hdslb.com/bfs/archive/28a169b5ba1a79ceac0745910a884802aa406993.jpg,2948820,BV1ms41117Ei,1443066008,2015/9/24,11:40:8,09:35,19567,10674,8774,4425,18766
这应该是我念的最快的一次,1243,1113886,//i0.hdslb.com/bfs/archive/8e4d2d66a2787bf7ecc007eba0d1558ee8041247.jpg,2948810,BV1ms41117EB,1443065814,2015/9/24,11:36:54,04:06,3996,2414,1762,342,6272
听说大家都在看夏洛特，那我们就一起来愉快的吐槽它吧P1,10619,1570686,//i2.hdslb.com/bfs/archive/18ccf412d91568c3ad8c31392293592a71af3378.jpg,2927640,BV1Ds41117Qy,1442652788,2015/9/19,16:53:8,12:24,22789,7580,7769,1723,5590
我以后再也不乱说话了,2291,1215964,//i1.hdslb.com/bfs/archive/27953e2ad16533f0d93aace410dda8c337cddf4b.jpg,2927639,BV1Ds41117Q9,1442652782,2015/9/19,16:53:2,24:41,14417,1527,1314,130,5532
听说大家都知道巨人，那我们就一起来看他的真人剧场版吧,3581,1581342,//i1.hdslb.com/bfs/archive/79089be9ebc465f918c6cf8819e019c4cf97037e.jpg,2917886,BV1Ss41117P8,1442461471,2015/9/17,11:44:31,09:07,20214,4894,3814,2329,4437
【LexBurner】不要欺负我，我也是有脾气的！,2986,1637571,//i0.hdslb.com/bfs/archive/fa8ffd4cb82cbe0dc1d82c817a8299d085f77a49.jpg,2917885,BV1Ss41117Ph,1442461468,2015/9/17,11:44:28,04:04,8095,6850,6538,835,16911
【LexBurner】不说啥了，这把至少能吹一年,2645,1501340,//i2.hdslb.com/bfs/archive/e44c481f92efafc0fae7b47afa47c58e1fad8930.jpg,2840550,BV1os411m7Gx,1441011785,2015/8/31,17:3:5,70:59,24086,2283,1573,369,860
我是要成为卡牌大师的男人，万智对决直播实录,2229,538964,//i0.hdslb.com/bfs/archive/dafde242fb09015807d5effdb78ed6f3dce4e54a.jpg,2826733,BV1As411U745,1440824515,2015/8/29,13:1:55,122:00,8956,946,572,65,453
【LexBurner】我认真起来连我自己都害怕，光辉女郎吹比向实况录播,1291,630415,//i0.hdslb.com/bfs/archive/2f259bdb3bb055be8cd87aa68cbc013b68f798f6.jpg,2824544,BV1cs411U7zi,1440776313,2015/8/28,23:38:33,29:28,10894,1125,1016,149,537
【LexBurner】莫名其妙的五杀直播实录,1635,471476,//i2.hdslb.com/bfs/archive/40a0ca15d5e9ca2038f21b7db72fafb05c184785.png,2800480,BV19s411m78k,1440475792,2015/8/25,12:9:52,29:38,15390,1024,953,115,1775
【P2】听说大家都看过鲁路修，那我们就一起吐槽他的外传亡国的阿基德吧,2417,--,//i1.hdslb.com/bfs/archive/817f5f7692e265533c4be5066253d026ce1dc163.jpg,2775786,BV1is411m7nV,1440122981,2015/8/21,10:9:41,08:21,14703,5192,3402,503,1995
Lex带你看一个另类的西游记的故事,2275,914352,//i2.hdslb.com/bfs/archive/e70c3c688faeef56c4cd3dd9b68e079a6cf1789f.jpg,2756625,BV1rs411m7kS,1439866511,2015/8/18,10:55:11,05:15,13179,2320,1617,300,1417
听说大家都看过鲁路修，那我们就一起吐槽他的外传亡国的阿基德吧,6455,1700254,//i1.hdslb.com/bfs/archive/3b741343683f84a2770a60bee9fddf46fffee8a1.jpg,2734927,BV1es411m7cK,1439538958,2015/8/14,15:55:58,09:09,41854,10267,9363,1314,4629
【LexBurner】论国语配音的崛起和突破,2200,774324,//i0.hdslb.com/bfs/archive/b00c9ed682c25add273eb28559218f549560b92a.jpg,2734667,BV1Ys411m7dq,1439536184,2015/8/14,15:9:44,06:44,17333,2401,1811,164,2256
【完结有槽点】燃破天际，简评kill la kill（双斩少女，斩服少女）,13594,1658071,//i2.hdslb.com/bfs/archive/fe2fdcf0329f7ce50d5d212bb7015e2f946f60fe.jpg,2698464,BV1Hs411m78N,1438948253,2015/8/7,19:50:53,08:12,18247,8895,6866,1656,6661
Lex带你穿着秋裤泡温泉,1205,455198,//i0.hdslb.com/bfs/archive/342d40e8ee3ba302a771c69e7e424354edc9f74e.jpg,2698417,BV1Hs411m789,1438947785,2015/8/7,19:43:5,09:23,4864,548,624,81,409
【LexBurner】超电磁炮毁天灭地，平a流泽拉斯直播实录,1843,482757,//i1.hdslb.com/bfs/archive/a5fcc42bf6b549774c8775b0000a49fe62a44b83.png,2676788,BV1Ks411m7c2,1438613834,2015/8/3,22:57:14,20:01,12551,759,961,63,360
听说大家都在看火影忍者the last，那就让我们一起吐槽它吧,9172,2162361,//i1.hdslb.com/bfs/archive/b5cab20d77ce12df517921131b9cd4b9c003c823.jpg,2658855,BV13s411m7zq,1438336689,2015/7/31,17:58:9,08:27,36659,12221,9055,3098,7460
谁是老司机，别怀疑，一定不是你,1328,1056440,//i1.hdslb.com/bfs/archive/0deb0259d581c4aa8997ecf487cd6775af3b9372.jpg,2658811,BV13s411m7hs,1438336213,2015/7/31,17:50:13,06:10,13409,1706,1044,105,1548
【Lexburner】论三国游戏人物的撞脸与突破,1490,781803,//i0.hdslb.com/bfs/archive/5e2dda80a373e1796f56e46adb303aaf4e977a07.jpg,2594781,BV1as411S7Cz,1437278057,2015/7/19,11:54:17,05:23,12076,1436,1157,126,925
听说大家都追完四月新番了，那我们就一起来吐槽它们吧,4656,1932979,//i2.hdslb.com/bfs/archive/719af5bf8e89b06d9db8ab74d0f75607f69ce59f.jpg,2551497,BV1Ts411S7Rn,1436500065,2015/7/10,11:47:45,06:37,23190,8576,5196,606,5001
【LexBurner】回复战争，论诱导评论的重要性,5652,936283,//i0.hdslb.com/bfs/archive/03a0df0a844e0c97e7024a7e3764094c507a72fb.png,2542000,BV1Ns411S7CX,1436325926,2015/7/8,11:25:26,06:03,19839,3155,3381,233,1350
听说大家都看了复仇者联盟2，那就让我们一起来吐槽它吧,1963,1699505,//i1.hdslb.com/bfs/archive/445dc42e93e3a2ee0f06c0c640273ba06b82afee.png,2458050,BV1Ds411U7kJ,1434721185,2015/6/19,21:39:45,05:59,16476,9182,5495,2795,6144
听说大家都在看终结的炽天使，那就让我们一起来吐槽它把,8713,3191319,//i1.hdslb.com/bfs/archive/d312df2f8d6456d5afe91cba57448430e3899e4c.jpg,2458030,BV1Ds411U7CR,1434720918,2015/6/19,21:35:18,10:53,70916,30841,16943,12558,24555
听说大家都在看我的青春恋爱物语果然有问题，那就让我们一起吐槽它吧P1,9103,2352083,//i1.hdslb.com/bfs/archive/ba611344fee3d86b2592e68889c4337e5db8e842.jpg,2375468,BV1Ws411U7xf,1432866852,2015/5/29,10:34:12,06:26,22723,18471,13683,3149,13904
【LexBurner】有人的地方，就有撕逼，论女性撕逼的积极姿势,2757,1319987,//i2.hdslb.com/bfs/archive/c82f0d7008f451ab77d0c8118e637cec68bfd83a.png,2375452,BV1Ws411U7xu,1432866442,2015/5/29,10:27:22,07:02,21047,5797,3012,1125,3612
【完结有槽点】不一样的校园动画，励志佳作银之匙,1904,788861,//i1.hdslb.com/bfs/archive/190857b8386090212f3d797c93fb8f5ebd8a0e8d.jpg,2350551,BV1ms411D7cQ,1432268279,2015/5/22,12:17:59,13:10,7209,6843,5458,736,2456
【lexburner】脸好，一切都好，论ACG中的时尚设计,1211,625984,//i2.hdslb.com/bfs/archive/359c854d112ee3dfb9a54a26661d0fbe2212b5f1.png,2350463,BV1ms411D7Pb,1432266612,2015/5/22,11:50:12,04:51,6424,1814,1132,158,805
【完结有槽点】简评命运石之门,8609,1695500,//i1.hdslb.com/bfs/archive/7e4b408df0f611445dfc374c8935da94589d6c1e.jpg,2326015,BV1zs411D7CY,1431657809,2015/5/15,10:43:29,08:38,23770,13151,10386,4240,8208
死亡一指毁天灭地，队友挂机依旧carry全场的奈亚子,574,557780,//i0.hdslb.com/bfs/archive/62fa59b24d409474f156bb27fb3c8f5f8229354d.jpg,2301482,BV1ks411D77y,1431062610,2015/5/8,13:23:30,47:30,7558,1051,559,102,1002
Lex带你看枪兵的诅咒vs梶裕贵的断手传说,1523,1430531,//i1.hdslb.com/bfs/archive/1d3b87134af852c67e9ad007e23ec51410e354f5.jpg,2294709,BV1ks411D7w5,1430878182,2015/5/6,10:9:42,11:14,9988,3912,1498,233,2680
Lex带你看2015好莱坞开年烂片【第七子】,1327,1086955,//i0.hdslb.com/bfs/archive/634f0fd263bfa6c7d81d284c96b4252e81a1be41.jpg,2272040,BV1es411D7u8,1430386095,2015/4/30,17:28:15,08:16,11930,3127,3007,640,2082
听说大家都在追四月新番，那就让我们一起去吐槽它吧,2855,2344278,//i2.hdslb.com/bfs/archive/0e0b29f0cf4ed05310b38702bb68839fec7ef200.jpg,2228615,BV1Hs411D7Wg,1429259729,2015/4/17,16:35:29,06:53,32422,14022,6665,600,5841
那些游戏中被用到烂的神话传说,1277,1063060,//i0.hdslb.com/bfs/archive/26262d0c5d40c45155cb8c539e299bae8051cb82.jpg,2204156,BV15s411D7Pa,1428641887,2015/4/10,12:58:7,07:46,12956,4750,1574,123,1623
菜逼也能carry全场，中单大流氓金木研,638,645044,//i1.hdslb.com/bfs/archive/a763604d64e39f24e1f933a6ecccf2e1ea6adc55.jpg,2181131,BV1ds411S7Ww,1428122612,2015/4/4,12:43:32,17:24,6149,1120,527,147,1101
年度最二续作动画，完结有槽点之aldnoah zero,4779,1767243,//i1.hdslb.com/bfs/archive/111f633a421831a74c112cea1adddcad0fd37207.jpg,2172939,BV1As411D7r1,1428046852,2015/4/3,15:40:52,09:56,21205,12854,6397,1734,5513
听说大家都没怎么看az第二季，那就让lex带你看完吧P1,2428,1888764,//i0.hdslb.com/bfs/archive/a6bf37494b083a2261a22505ec2f48949d5d2199.jpg,2149452,BV11s411S7Jx,1427429841,2015/3/27,12:17:21,06:54,21522,11948,5530,1888,4243
【LexBurner】秒杀一切，两仪式弑神自封,961,1084988,//i0.hdslb.com/bfs/archive/2ff86363da0a2c106fd2628bac1421046177caec.jpg,2121458,BV1is411S7dc,1426668895,2015/3/18,16:54:55,41:18,10657,2360,994,221,3156
听说大家都上学了没什么时间追东京食尸鬼了，那就让up主带你看完吧,3651,--,//i0.hdslb.com/bfs/archive/43d9e9303c6d7884ac3dcb5f990ebf71e0d1df4e.jpg,2102577,BV1ks411S7pC,1426218711,2015/3/13,11:51:51,10:56,64755,17860,9683,3588,10368
【LexBurner】300英雄坂田银时实力虐菜,671,529718,//i0.hdslb.com/bfs/archive/65bc2c5c76a1b2d237308b536a85a65141c74958.jpg,2084328,BV1Qx411A7ux,1425701837,2015/3/7,12:17:17,37:43,6115,1118,562,102,747
听说大家还在追东京食尸鬼的第二季，那就让我们来愉快的吐槽它吧,3137,3313708,//i2.hdslb.com/bfs/archive/6b8373a77458a3d1a9f746c0884fd3b388997a61.jpg,2012735,BV16x411A7dq,1424163223,2015/2/17,16:53:43,10:11,55607,20222,7683,5158,11403
听说大家都在看东京食尸鬼的第二季，那我们就来愉快的吐槽他吧,2796,2692942,//i2.hdslb.com/bfs/archive/365b6ee1c803bb0bca1cd2046277c9efbce68f23.jpg,1939895,BV17x411A7iE,1422601937,2015/1/30,15:12:17,08:49,63374,20735,8453,5100,14549
【完结有槽点】无头骑士异闻录，永生之酒,6926,1183322,//i0.hdslb.com/bfs/archive/ea7d36d043dd78f0720c8f4d159b0f7066b30504.jpg,1875038,BV1ox411w7yy,1420858031,2015/1/10,10:47:11,12:37,29035,10410,7411,1434,6580
【游戏槽点】那些教你做人的动作游戏,830,1267305,//i0.hdslb.com/bfs/archive/8d6d645dd2cf8afb0f761d05e70af1eca3721472.jpg,1830637,BV15x411N7vQ,1419561262,2014/12/26,10:34:22,28:46,14612,6294,3261,483,1538
听说你们都看了火影的大结局，那我们就一起来愉快的吐槽他吧,5326,3693996,//i2.hdslb.com/bfs/archive/135ca58e1f37f14085a665ca6f5b1216307625f0.jpg,1713798,BV1Sx411P7Qx,1416030744,2014/11/15,13:52:24,18:12,41805,30131,14216,5779,19162
【完结有槽点】浅谈火影15年,2769,2316471,//i0.hdslb.com/bfs/archive/796a73ebb5cd710dd099f94608c3fc66e396c566.jpg,1702937,BV1vx411P7yG,1415685092,2014/11/11,13:51:32,12:07,36523,29536,23533,5071,13156
【完结有槽点】甜到腻死人，玉子的爱情故事,1225,989337,//i2.hdslb.com/bfs/archive/34527aa7740ab190b25b2bb10d632c6040fcac89.jpg,1669976,BV1xx411P7hA,1414738070,2014/10/31,14:47:50,10:31,10781,8353,5450,905,10321
【钢炼】everybody wants to rule the world,1284,849955,//i2.hdslb.com/bfs/archive/8d4d5e6f1077f31bb41131803ddb17079bbaf10f.jpg,1648739,BV1bx411P7ov,1414134121,2014/10/24,15:2:1,02:32,3406,17993,14396,2420,10108
 【完结有槽点】aldnoah zero第一季,1203,946553,//i2.hdslb.com/bfs/archive/0dd07eb88591fa821cfa15234336cb0156c5463b.jpg,1578516,BV1Mx411P7kR,1412180773,2014/10/2,0:26:13,13:11,15832,5580,3570,1080,2991
【完结有槽点】7月核爆与神曲（东京残响）,1125,--,//i0.hdslb.com/bfs/archive/3a05a0aeda72da1fc8e7449d8a670798ab8cee6f.jpg,1561397,BV1vx411K7nh,1411713893,2014/9/26,14:44:53,09:47,9795,4463,5731,368,2598
【完结有槽点】动画封神榜之中二剧情向,3398,--,//i0.hdslb.com/bfs/archive/4c98f463ddc2bf440a1f036fb02d287cf5c76f7f.jpg,1546435,BV1zx411K7E1,1411211234,2014/9/20,19:7:14,16:21,11371,10849,8177,1279,4639
【漫话槽点】我有特殊的作死技巧，论群嘲演员的自我修养,1237,1003263,//i0.hdslb.com/bfs/archive/e02a0b8c9cfc877bdec1abe44e55714ed686b946.jpg,1522967,BV1hx411K7S9,1410497546,2014/9/12,12:52:26,18:35,24685,7647,7656,414,2524
 【漫话槽点】我有特殊的把妹技巧，浅谈动漫中另类的泡妞方式,1691,1571629,//i0.hdslb.com/bfs/archive/de7a25c67bfb25de14faab31ce6a471f83034104.jpg,1478911,BV1Jx411K74n,1409293157,2014/8/29,14:19:17,14:03,31945,11571,6970,509,4751
【漫话槽点】我有特别的装B技巧，浅谈动漫中传统的时髦道具,2266,1630478,//i0.hdslb.com/bfs/archive/ef14ebfc99648a3478bb4f5881b7df638831a530.jpg,1439672,BV1ox411N7tD,1408511857,2014/8/20,13:17:37,13:35,40747,11985,10047,621,5467
 【完结有槽点】画风诡异的极品佳作——怪化猫,1837,773762,//i0.hdslb.com/bfs/archive/8a24df965f3243c7aba3b776885a79d656362844.jpg,1418484,BV1Fx411K7Xe,1408083218,2014/8/15,14:13:38,09:07,10145,8717,6469,2067,7939
【命运石之门】3分钟带你误解石头门,879,675106,//i2.hdslb.com/bfs/archive/d4ff7ac7ce87f68d37c47d5128ab409628a7bb3b.jpg,1406518,BV12x411N7rD,1407841324,2014/8/12,19:2:4,02:50,3345,4651,4096,928,4340
 【当LoveLive遇上洗剪吹】,1177,480244,//i2.hdslb.com/bfs/archive/449a6fc5be6145e9fc16ff6fc5f22b5907b1c585.jpg,1363951,BV1ax411N7kd,1406977416,2014/8/2,19:3:36,03:51,4653,4336,2587,1142,4065
【完结有槽点】简评罪恶王冠。,22016,2571574,//i2.hdslb.com/bfs/archive/96507c223a8fcb798f79df703ea9aec3aa508998.jpg,1347809,BV1zx411N7bQ,1406691332,2014/7/30,11:35:32,12:23,40864,11857,9875,3178,22646
