﻿title,comment,play,pic,aid,bvid,created,date,time,length,video_review,favorite,coin,share,like
【嘟督】这破游戏把爷给整友尽了！,588,304473,//i2.hdslb.com/bfs/archive/86a0b20b7d8c23d3077dd2ebe14a6db3a3d9f6ab.jpg,795939893,BV1LC4y1a7PE,1592020805,2020/6/13,12:0:5,13:42,2245,3948,9172,835,29923
【丧病中配】建议改名：大便活人,740,298571,//i1.hdslb.com/bfs/archive/f47cfe8a1ed6f0d11d9b46a3e4ea9b5934b07449.jpg,370989245,BV1KZ4y1H7Kg,1591783238,2020/6/10,18:0:38,01:05,831,2925,3044,1508,26420
【嘟督】这破游戏把爷裤衩儿都吓飞了！,973,859382,//i1.hdslb.com/bfs/archive/b92b0158e3c26c4238fca39f413c42b827a87753.jpg,883455650,BV1qK4y1x7Ty,1591182036,2020/6/3,19:0:36,10:02,3237,9992,18909,1493,63176
【荒野乱斗】这就是舔狗的下场？,435,229002,//i2.hdslb.com/bfs/archive/ce5ff5e56fb85b6c38061c6e8b0693904e05bd22.jpg,413330438,BV1eV411C7Mu,1590919219,2020/5/31,18:0:19,12:07,931,818,5495,265,18852
【嘟督咆哮解说】25岁的村长爷爷依旧工作在最前线，真相令人动容！《帕斯卡契约》,880,448169,//i1.hdslb.com/bfs/archive/9b8ae9e0fc940421bd2b46fbd900475c06b9e2c1.jpg,328369894,BV1SA411q7xA,1590750019,2020/5/29,19:0:19,12:18,2634,3566,5965,562,31955
被做成游戏NPC是什么体验？我玩我自己？,488,260430,//i1.hdslb.com/bfs/archive/ffb56fd6a7bb5fa33279cfbb7c13728239dac877.jpg,840766049,BV1k54y1D7iY,1590663625,2020/5/28,19:0:25,10:02,1100,1288,1172,119,17838
【嘟督咆哮解说】有生之年就没见过这么骚的快递员！《死亡搁浅》（最终话）,1241,703995,//i2.hdslb.com/bfs/archive/91bff652f6105890ee5049a5dcaf4cb37a7927c9.jpg,540834897,BV1Wi4y1s7Mm,1590400848,2020/5/25,18:0:48,29:26,10037,20115,54416,1661,71648
【嘟督】就这也叫医院？脖子以下截肢？？？,1898,650422,//i2.hdslb.com/bfs/archive/de9303ef20e6cf2d165bbaba097e7c4b3c8c0aa4.jpg,498196557,BV16K411W7DM,1589884243,2020/5/19,18:30:43,09:08,2621,7722,16881,1319,47076
你绝没见过这么拼爹爹的败家玩意！,712,369573,//i0.hdslb.com/bfs/archive/8dfe88ffe1e82922618164d9fe36721cde12bbcf.jpg,710713635,BV11Q4y1A7ZY,1589716841,2020/5/17,20:0:41,07:50,1434,1557,1683,506,22835
就这？就这也叫兄弟？,1118,448936,//i2.hdslb.com/bfs/archive/6af71a65953fc7289de835626816d3ae07e01b12.jpg,883226641,BV1TK4y1t7Hn,1589631549,2020/5/16,20:19:9,09:57,1559,1483,1667,254,25548
【嘟督咆哮解说】你居然管这叫枪？《生化危机3：重制版》！（最终话）,1626,866435,//i0.hdslb.com/bfs/archive/364209765545a4479f30e64886cd65222dc22169.jpg,753243071,BV1Ck4y167wF,1589193637,2020/5/11,18:40:37,15:16,11316,21808,54680,2679,98055
【嘟督咆哮解说】贼刺激的《生化危机3：重制版》！（第三话）,1730,1003785,//i2.hdslb.com/bfs/archive/b767d0c6b0b60de17290003fa3947b10a600d746.jpg,752917146,BV1kk4y1r72t,1588161615,2020/4/29,20:0:15,12:38,9630,31138,48822,2465,92235
如此刚猛的医疗兵你爱了吗？,1123,672569,//i0.hdslb.com/bfs/archive/94054b53924c38df3f70c2099efcc56b98178102.jpg,882935267,BV1bK4y1b7D5,1587991671,2020/4/27,20:47:51,17:02,2332,3366,2613,604,27023
佛祖，时代变了！,692,413645,//i0.hdslb.com/bfs/archive/68c446df57f289ae2ede7b98c3204e52c51c7947.jpg,837953995,BV1Qg4y1z7Rp,1587903680,2020/4/26,20:21:20,15:42,3406,1403,1801,336,23192
因为美艳，我失去了爱情！！！,1257,378629,//i2.hdslb.com/bfs/archive/99a6c21b39e650013c48e99f48d72359206a1e0c.jpg,327986478,BV12A411472U,1587652842,2020/4/23,22:40:42,15:18,5893,1513,2380,615,22895
【嘟督咆哮解说】超吉儿刺激的《生化危机3：重制版》！（第二话）,1752,1284103,//i0.hdslb.com/bfs/archive/a9861dee6dec72975389f600ff86e56e5bc53cd4.jpg,710330542,BV1fQ4y1K71u,1586952915,2020/4/15,20:15:15,14:15,17787,44834,77487,4344,130498
可算见识女装大佬有多凶残了！,867,481429,//i1.hdslb.com/bfs/archive/bb652cf8d4cd021a5c8d5d6e962018de2c3c3b96.jpg,412692241,BV1vV411o7L9,1586520017,2020/4/10,20:0:17,15:29,3916,1861,2198,443,26623
【嘟督咆哮解说】最吉儿刺激的《生化危机3：重制版》！（第一话）,1884,1454465,//i2.hdslb.com/bfs/archive/ff71a9305e85ad9cf330d563b457a08ec2753d48.jpg,625204867,BV18t4y1U77w,1586330466,2020/4/8,15:21:6,13:43,18487,44837,87213,7530,143688
被健身猛男3D环绕能有多刺激？,744,418064,//i0.hdslb.com/bfs/archive/d71b3c2c97faae36586a27cad29c85e5eb612800.jpg,710041085,BV1gQ4y1M79d,1585829561,2020/4/2,20:12:41,12:03,3230,1571,2332,407,23887
【嘟督咆哮解说】真吉儿刺激的《生化危机3：重制版》DEMO！,2780,1860605,//i1.hdslb.com/bfs/archive/b3e39ff6e56d55669de16ca72a4310eefedf4716.jpg,98953749,BV1H741127Gg,1585042617,2020/3/24,17:36:57,07:47,18770,54814,108488,9245,186709
用RAP唱死女友的四个前任是什么体验？,782,488497,//i2.hdslb.com/bfs/archive/105fdb0d2677ef5c1b93f0a9c113114add84b492.jpg,96965317,BV1D7411Z72Z,1584784827,2020/3/21,18:0:27,10:19,3435,2924,5393,583,33456
刺激！被大姐姐鞭打是一种怎样的体验？,2321,626064,//i0.hdslb.com/bfs/archive/fb3eda62898e8efed8ca601ccc676aebf92c8650.jpg,97563299,BV1iE411P7xv,1584603346,2020/3/19,15:35:46,12:34,4655,3408,4529,1902,33496
【嘟督咆哮解说】世界第一丑B仁王！《仁王2》,1379,926183,//i2.hdslb.com/bfs/archive/254c8a13ff284d0561b3d6a614e6b249028808b2.jpg,97339469,BV1G7411R7sh,1584532592,2020/3/18,19:56:32,06:57,11085,13780,30401,4286,75081
【嘟督咆哮解说】约个毛的约会！《约会模拟器》,1004,828889,//i1.hdslb.com/bfs/archive/c2dff5b4546907aea119095c36c21b1ed830fd09.jpg,94172107,BV1fE411H7zM,1583492612,2020/3/6,19:3:32,05:11,5539,17246,36742,5492,81658
【丧病配音】找尼玛个塞班！！！,3141,2785225,//i1.hdslb.com/bfs/archive/7d0dc01237f1dd9f8c3594df73c6e573ab095ec6.jpg,93632670,BV1yE411s7Yx,1583322932,2020/3/4,19:55:32,00:41,4536,39041,40101,39888,152724
我居然在这个游戏里当了导演？！,687,379450,//i2.hdslb.com/bfs/archive/875b2756cf854adc35d87d2eac2e9640f44189d2.jpg,92636533,BV1zE411J7Nb,1582980427,2020/2/29,20:47:7,15:46,3316,1777,4188,300,24261
【嘟督咆哮解说】这才是疫情期间正确制作生日蛋糕的方式！,5288,945080,//i0.hdslb.com/bfs/archive/c55cc734bcb970a85d0da8f79df237945692e15d.jpg,92012084,BV1N7411T7Ve,1582776008,2020/2/27,12:0:8,06:13,48680,21971,78315,6182,127736
我竟然在现实里遇见了绫波丽和明日香？,1389,434775,//i1.hdslb.com/bfs/archive/7b7d1a8d968031df96bf53247ad3fa25cb31f334.jpg,91627722,BV1F7411M7je,1582632037,2020/2/25,20:0:37,10:24,4268,2462,3443,1261,28025
【嘟督咆哮解说】这世上我就没见过这么三官不正的女鬼！！！《港诡实录》（最终话）,2066,1462428,//i1.hdslb.com/bfs/archive/cb853ad04cfe5b8264e430bcaf3e440d9455f3a3.jpg,89385026,BV187411n7Wa,1581841128,2020/2/16,16:18:48,11:08,18650,33140,71424,8402,137306
我裂开了！知名偶像私下里的兴趣爱好居然是这个？！,805,590177,//i1.hdslb.com/bfs/archive/7fc5882e330365727aec4c2bd9bdd12c42742f0a.jpg,88718645,BV1Q7411371z,1581678038,2020/2/14,19:0:38,15:35,3605,2534,3943,637,28671
【嘟督咆哮解说】京剧腔唱《爱河》的女鬼你见过吗？！爷当场就傻了！《港诡实录》（第二话）,1630,1554347,//i0.hdslb.com/bfs/archive/b2faaccedb9627996f2b740e6b35b552767459ea.jpg,86467067,BV1p7411s7Np,1580724032,2020/2/3,18:0:32,08:16,30573,41950,103102,12027,141722
【嘟督咆哮解说】你见过腿这么长的女鬼吗？！《港诡实录》,4215,1596279,//i2.hdslb.com/bfs/archive/cc96cb098f3b4a25abf7dc1d1ad6a42d55a53c5c.jpg,85760486,BV1c7411B7rD,1580379363,2020/1/30,18:16:3,06:13,28982,36356,98881,13670,141822
【嘟督咆哮解说】从入门到入殓，手把手教你如何俘获坦克的芳心！《洛奇英雄传》,1329,1020707,//i0.hdslb.com/bfs/archive/a7d1858510d62ce8988701936f8a943b883c0d20.jpg,84925241,BV1e7411Y71d,1579924812,2020/1/25,12:0:12,17:12,7002,18604,48904,3025,69278
猛男必学拜年大法,524,415406,//i1.hdslb.com/bfs/archive/8acff18f629783b697f15fb996ab171cfeeb69ff.jpg,84105363,BV1x7411q7a5,1579521626,2020/1/20,20:0:26,03:13,507,1337,2611,428,19662
嘟督带你从身体透支开始的异世界生活~,575,424610,//i0.hdslb.com/bfs/archive/4aaaf364439c8b11b9c6ceb3bf14daa6db7f7c07.jpg,82706876,BV1XJ411G7EW,1579082418,2020/1/15,18:0:18,10:25,2295,1889,2974,527,18271
嘟督教你如何看破红尘！,624,647817,//i1.hdslb.com/bfs/archive/ad08a8ffb697b74722560c7e21eddc2c5efac4ab.jpg,81283629,BV1vJ41187ww,1577705817,2019/12/30,19:36:57,11:28,1159,1392,2184,400,18833
【嘟督咆哮解说】爆笑解说2019年度黑马级恐怖游戏《心魔The Beast Inside》（最终话）,843,996683,//i2.hdslb.com/bfs/archive/aab693af532a50031a81dca476abee874df0ccc9.jpg,79906929,BV19J411t745,1576900844,2019/12/21,12:0:44,13:11,8015,11608,33096,3150,58106
这么骚气的东方不败！哪个男人把持得住啊？！,427,383736,//i0.hdslb.com/bfs/archive/7a460c39daa99ab8db30f25c53bc85973c752e92.jpg,79836545,BV1kJ411t7Dn,1576756826,2019/12/19,20:0:26,14:57,1179,906,1353,336,12255
跟和尚谈恋爱是一种怎样的体验？,754,524516,//i1.hdslb.com/bfs/archive/7e67cd1465beb6a8ae3fc6fab31542d6737dad91.jpg,79276293,BV1oJ411r7Xq,1576411238,2019/12/15,20:0:38,10:33,1389,1708,2069,815,17573
拳拳到肉的快感真是欲罢不能！,451,405193,//i1.hdslb.com/bfs/archive/622ac1e66e73175bd43b804d6c79467f5a402940.jpg,79104681,BV11J411C7BY,1576321232,2019/12/14,19:0:32,09:13,1376,1159,1575,329,14275
【嘟督咆哮解说】有生之年就没见过这么骚的快递员！《死亡搁浅》（第二话）,891,1091523,//i2.hdslb.com/bfs/archive/4a1a95517b26cdd19ec0b410851714555048cdab.jpg,78088711,BV1YJ411B7k4,1575637244,2019/12/6,21:0:44,14:09,5870,22250,48157,2742,67196
【嘟督】我们竟把游戏玩成了群口相声？《人类一败涂地》啊！,391,643015,//i0.hdslb.com/bfs/archive/1ca5623b56b9f0320cbfd53e103763f981995727.jpg,77617505,BV1zJ411B7kY,1575169201,2019/12/1,11:0:1,10:42,2433,4297,6428,1562,24818
这里的女神也多得太过分了吧？！,412,361109,//i2.hdslb.com/bfs/archive/1d8c3c52aa36ab50359de6ba73647ee879a039c7.jpg,77270882,BV1uJ41197Ri,1574942408,2019/11/28,20:0:8,10:16,1156,1055,1569,325,12694
【嘟督】为什么我家的宝可梦长得这么猥琐啊？！《宝可梦剑盾》,809,602605,//i2.hdslb.com/bfs/archive/c48adcca99ce51fbd4ea4ac1e1b29af6543d5637.jpg,76827129,BV1sJ41197Bj,1574570140,2019/11/24,12:35:40,05:50,1937,5381,11908,1655,32263
【嘟督咆哮解说】有生之年就没见过这么骚的快递员！《死亡搁浅》（第一话）,1530,1591518,//i1.hdslb.com/bfs/archive/ede43fe354f116bc6483b22d98e208a582fdcc0d.jpg,75992742,BV17J411S72o,1573978394,2019/11/17,16:13:14,09:53,19094,32308,67551,6575,92716
你绝对没见过这么胖的刺客！,627,424590,//i0.hdslb.com/bfs/archive/9db44c84544d20ae95f1d36e1becc0bfedb0d97d.jpg,75895709,BV1SJ411U71K,1573904976,2019/11/16,19:49:36,08:42,1513,1233,2245,358,16303
【嘟督咆哮解说】爆笑解说2019年度黑马级恐怖游戏《心魔The Beast Inside》（第三话）,1246,1178800,//i1.hdslb.com/bfs/archive/3390b7cb0a1f533ccec0ad09bbe795cf49f0df9d.jpg,75201228,BV1RE411v7FX,1573367781,2019/11/10,14:36:21,10:46,7407,27253,62072,6084,76319
嘟督让你见识一下什么叫做躺赢！,917,488700,//i1.hdslb.com/bfs/archive/e0f4f65e1332f349e3860722a341ad68d9db7e47.jpg,75075057,BV1sE411v7qQ,1573299945,2019/11/9,19:45:45,10:25,1040,1122,1684,272,15260
【嘟督】我觉得腾格尔的《恋爱循环》可能是这么唱的……,1608,1245138,//i0.hdslb.com/bfs/archive/e4e625d0909ee2e3dc837f240fef4389072a2ea6.jpg,75050919,BV17E411v78p,1573272999,2019/11/9,12:16:39,00:40,1664,15825,27307,28412,63574
就算变狗崽！也能三招教你当棋圣！,732,313633,//i2.hdslb.com/bfs/archive/4f257634e8185046afddfdda85080edc880140c1.jpg,74890723,BV1uE411q7rq,1573138548,2019/11/7,22:55:48,10:47,984,1030,2564,358,11740
开门遇见爱！这游戏怎么鬼东西这么多？！,438,314326,//i1.hdslb.com/bfs/archive/5eb63555f7980955cf682d0317ec3d547070b767.jpg,74760623,BV1HE411i7Ms,1573042763,2019/11/6,20:19:23,12:48,1379,1177,1685,332,11516
【嘟督】这一定是你见过最骚的《使命召唤16：现代战争》！,1110,729820,//i0.hdslb.com/bfs/archive/8ce73241fd399f30bd5f8b50c58c304a3cd03cdf.jpg,74226279,BV1WE411t7uh,1572662849,2019/11/2,10:47:29,13:22,4662,10264,22340,2207,40372
在游戏中四处撩妹的渣男竟被妹子反杀？！,545,286215,//i0.hdslb.com/bfs/archive/156c767764730067be8f346c25fba50f84ad120b.jpg,74124477,BV1YE41187Nb,1572602438,2019/11/1,18:0:38,10:39,1073,1114,1450,418,11452
这款Steam好评如潮的音游竟让我欲罢不能！,658,368170,//i2.hdslb.com/bfs/archive/799b167ffb4bc82db0e0e925617ab2d849e0a611.jpg,73840203,BV1mE411h7rZ,1572348207,2019/10/29,19:23:27,09:14,1739,3078,2544,729,17170
【嘟督咆哮解说】七分钟爆笑解说2019年度黑马级恐怖游戏《心魔The Beast Inside》（第二话）,945,1148704,//i1.hdslb.com/bfs/archive/1945a822cdc9af0edf8e4a6d12084ba43c100198.jpg,73482593,BV18E411a7Ts,1572083377,2019/10/26,17:49:37,07:41,5203,22511,48009,3082,65083
我终于成为了穿越银河的火舰队！,554,314187,//i0.hdslb.com/bfs/archive/8972c925bd9b2cce45b0361b149786d2e9f07265.jpg,73257806,BV12E411y7Yk,1572004829,2019/10/25,20:0:29,09:17,1338,1035,1589,342,12152
嘟督教你如何装着妹子钓汉子！,227,204885,//i1.hdslb.com/bfs/archive/cd9baab3f52acc63ebef8c793ffe41cd3d130532.jpg,73055703,BV1eE41127ud,1571744556,2019/10/22,19:42:36,08:42,671,583,939,250,4208
【嘟督咆哮解说】六分钟爆笑解说2019年度黑马级恐怖游戏《心魔The Beast Inside》（第一话）,1223,1338270,//i0.hdslb.com/bfs/archive/a4dc7400b941cf118a15b9cd6dc7fee8e6d47484.jpg,71730568,BV1bE411k7Hx,1571469885,2019/10/19,15:24:45,06:08,5859,24922,47624,7341,74285
这就是全村最妖的女人！,538,333001,//i1.hdslb.com/bfs/archive/9775dbc680d0ec9fad644f1e6b6c7f6c5775e9c7.jpg,71504323,BV1cE411y7ap,1571310000,2019/10/17,19:0:0,09:31,914,1025,1798,299,12344
仅三招！嘟哥哥教你如何成为“棋得龙东强”！,344,318078,//i0.hdslb.com/bfs/archive/d92f81895ea18a3da6044f8f2b7d7f01db537fad.jpg,71317154,BV1AE411C7JL,1571140810,2019/10/15,20:0:10,09:08,769,944,1887,312,11495
自从玩了这个游戏，身体就一天不如一天了！,438,409858,//i0.hdslb.com/bfs/archive/d26a73757b36188123d5f2bbf4bc305d1cf56604.jpg,71119565,BV1bE411d7sz,1570968050,2019/10/13,20:0:50,10:10,1211,1890,2432,518,15943
【嘟督】收容失效！这是我见过最SCP风的恐怖游戏了！3A大作《控制》！,657,938704,//i2.hdslb.com/bfs/archive/8547f29feadd5b77d048b4c5b5c3a697f1806d49.jpg,69213038,BV11E41197Ni,1570507253,2019/10/8,12:0:53,11:24,3384,8865,12969,1112,38968
【嘟督】明明是打怪物，却和队友说起了群口相声?!,632,634157,//i2.hdslb.com/bfs/archive/64a29ff0557372690b1c0c4e93e2284fe16416d5.jpg,70089731,BV1FE411D7SS,1570251937,2019/10/5,13:5:37,11:58,2475,5517,12496,876,28717
坐拥千亩大庄园，嘟美丽的生活是如此朴实无华且平淡,677,436733,//i0.hdslb.com/bfs/archive/2909f3016e2d30b97e0148073efa402dc2370200.jpg,69493581,BV1HE411X7Km,1569844826,2019/9/30,20:0:26,09:40,2098,2570,5063,492,21268
"真正的粉丝【BML2019单品】",2308,690494,//i1.hdslb.com/bfs/archive/2068c0ea0af077c910bdbd1a5f0da265613efbb0.jpg,68745206,BV1EJ411M7RX,1569639613,2019/9/28,11:0:13,20:49,13673,10987,19272,4072,38419
【嘟督】这就是史上最坑队友的游戏！《人类一败涂地》啊！,523,702065,//i2.hdslb.com/bfs/archive/aa0023cd7d84bb7d9f4194389ae6b42fd02354d6.jpg,69040636,BV1MJ411T7ja,1569508620,2019/9/26,22:37:0,12:34,1789,6919,14732,1777,30699
【嘟督】为什么我家大鹅的叫声跟《动物世界》里的不太一样？,819,962487,//i0.hdslb.com/bfs/archive/423cccd9b12db29380a15df82abe0c095b0cbfa2.jpg,68752968,BV1aJ411M7Ax,1569233978,2019/9/23,18:19:38,01:27,2915,11330,12094,6934,36768
谁能想到？曹魏武将竟成了我背后的男人！,441,587814,//i0.hdslb.com/bfs/archive/0324ce636542ad320b4510dc1e7ee5956338bdb7.jpg,67947342,BV1aJ411c7Ha,1568635232,2019/9/16,20:0:32,16:54,2513,1587,2016,557,13580
【嘟督咆哮解说】女鬼欠的风流债居然要我还？《甜蜜之家》（最终话）,1140,1041406,//i0.hdslb.com/bfs/archive/5a47bea4c7a3391b964b149a133539b1d094c5c1.jpg,67714304,BV13J411A7T7,1568461539,2019/9/14,19:45:39,10:50,7286,29301,68164,4792,82055
嘟督教你如何成为万兽之王！,647,688823,//i1.hdslb.com/bfs/archive/f16350a575ab6d21461fc9ab06d3479f65af4ae8.jpg,66497795,BV1P441127ez,1567512617,2019/9/3,20:10:17,06:46,2048,2277,2908,675,19483
【嘟督】看萌新在魔兽世界怀旧服如何薅大佬腿毛！,451,425267,//i1.hdslb.com/bfs/archive/80655119442f6fb50105ea36ed188dd24a1543f3.jpg,66405611,BV14441117aw,1567424297,2019/9/2,19:38:17,15:00,2166,1441,2203,527,12464
知名UP主在游戏里疯狂被玩自己的梗？！,646,623782,//i2.hdslb.com/bfs/archive/58a52831a47d0153ac1f93d248d3e7ba26e7552c.jpg,66139121,BV1o44112789,1567247427,2019/8/31,18:30:27,11:57,4070,5072,5088,898,24970
【嘟督】震撼！看妙龄斧女千里追萌妹！,1009,657954,//i2.hdslb.com/bfs/archive/6c31b7002b173d7f8848aaf114ef62fd7082a624.jpg,65736981,BV1h4411z7pg,1566999478,2019/8/28,21:37:58,15:33,4540,13459,33891,1004,43855
看持刀少女深夜勇闯民宅，男子竟心甘被捅是个人才！《死神》,792,382342,//i2.hdslb.com/bfs/archive/51dd5ecc0c2de10b27b017a83035862cd87142bd.jpg,65321391,BV1A441167W4,1566734431,2019/8/25,20:0:31,07:38,1778,1645,2521,384,15582
哭了！你永远也不知道屏幕对面坐的队友是什么奇葩！,733,532191,//i0.hdslb.com/bfs/archive/5786c3c1621303ee158136219f1140ed4eac658b.jpg,64849391,BV114411972E,1566532847,2019/8/23,12:0:47,09:01,2735,2527,4005,861,20189
【嘟督咆哮解说】六分钟超爆笑解说恐怖大作《甜蜜之家》（第二话）,1061,1017370,//i2.hdslb.com/bfs/archive/f4faf977418064f67734047a39d3dd9e2d2a0b1f.jpg,64423794,BV1Z4411o7w8,1566271800,2019/8/20,11:30:0,06:56,7488,30323,79143,4306,92889
如何下好棋？让我“棋得龙东强”告诉你！,408,375436,//i2.hdslb.com/bfs/archive/01f1c0639a67cc86c210941a1349275adb175ccb.jpg,64334698,BV1b4411o7oJ,1566183630,2019/8/19,11:0:30,09:33,753,897,1309,225,11689
【嘟督】史上最恐怖丧尸面前卖队友，结果竟被活活骚死？！,1062,797439,//i1.hdslb.com/bfs/archive/cefb8395ca7cad65b76870107384ec132d555739.jpg,63776854,BV1L4411U7su,1565874304,2019/8/15,21:5:4,12:27,5360,6350,13314,1160,32171
【嘟督咆哮解说】五分钟超爆笑解说恐怖大作《甜蜜之家》（第一话）,1292,1455539,//i0.hdslb.com/bfs/archive/8f3974ff1b4b69a119332b69b67d4ce4130b5d71.jpg,63120653,BV1Z4411X7Yh,1565517603,2019/8/11,18:0:3,05:36,8483,37336,91635,7255,112397
嘟督教你如何快乐搬砖！并且狂掉san值……,611,649070,//i0.hdslb.com/bfs/archive/e281d6f14a8faef80537eee8d1b1e43bb2f9797f.jpg,63096602,BV164411X7z7,1565438444,2019/8/10,20:0:44,09:44,2395,1946,3395,367,19083
华北区最强炮王惨遭多人凌辱！,789,552128,//i1.hdslb.com/bfs/archive/8bc74f2f6b7da3bae21b4c66c8153f0551d55a7f.jpg,62052887,BV1Ut411u7iC,1564995610,2019/8/5,17:0:10,15:10,5091,1879,2461,457,17634
【嘟督】史上最骚女鬼骚哭猛男！《Pacify》,736,847947,//i0.hdslb.com/bfs/archive/46893fa767343001fa2e1756dcb45455ed215df4.jpg,62030000,BV1Xt411u7rW,1564905633,2019/8/4,16:0:33,09:39,3757,8453,17613,1662,38367
我竟在游戏中被人要求“乖乖站好”？！,654,510588,//i2.hdslb.com/bfs/archive/de72e72aa290b65017e45ca3f7dd712dc37873a3.jpg,62057932,BV1St411u7Wu,1564836081,2019/8/3,20:41:21,09:23,2573,1774,2396,478,17852
【嘟督咆哮解说】八分钟超胆小解说《层层恐惧2》（最终话）,1513,1582221,//i2.hdslb.com/bfs/archive/0f15ddd5fee6e95ac9fcc7a8521a7b81df9402d8.jpg,61189971,BV1Qt411w7JQ,1564327626,2019/7/28,23:27:6,08:28,13737,37143,78978,4283,104442
史上最浪黑客在线黑人！《看门狗2》,1150,773389,//i1.hdslb.com/bfs/archive/41b48dd0c02365a4c36e0d6027cd65f0edda9bb0.jpg,60723065,BV1vt411j7z5,1564052636,2019/7/25,19:3:56,10:35,6114,4616,6158,499,25456
嘟督教你如何遭雷劈！,1101,461545,//i0.hdslb.com/bfs/archive/6a1799d4d374a7b5ee05e706578d9a8f4cdb09d1.jpg,60354905,BV1Lt41177uP,1563854428,2019/7/23,12:0:28,11:40,4927,2010,3646,612,17992
【嘟督咆哮解说】六分钟超胆小解说《层层恐惧2》（第二话）,1264,1642592,//i0.hdslb.com/bfs/archive/af407dd46e0ff1aa5aedf0bba7dd2ed60865f30d.jpg,59927282,BV1st411n74H,1563588009,2019/7/20,10:0:9,06:07,10154,39795,101609,4032,129474
再说一遍！这游戏联动再多殿堂级IP我也不玩！真香！,536,457655,//i1.hdslb.com/bfs/archive/ba012cc3cadd50c244ae7b7069c29c181270f8d6.jpg,59345569,BV1Vt411G7ir,1563451204,2019/7/18,20:0:4,11:15,2052,1341,1882,271,13052
嘟督带你看《小龙虾：变人》,890,880697,//i0.hdslb.com/bfs/archive/dc9e2ed9709504e515c82a1ae00be166b4e84c32.jpg,59354826,BV1Lt411G7kt,1563278413,2019/7/16,20:0:13,10:27,4670,3661,4638,646,23211
【嘟督咆哮解说】史无前例的残暴大厨做菜！吃完就上路！《Cooking Simulator》（第二期！）,1088,1272655,//i2.hdslb.com/bfs/archive/009a0419936a3baaf8104887189d48615da08a08.jpg,59047931,BV1Gt411V7vP,1563024226,2019/7/13,21:23:46,06:45,9552,37683,85631,6800,96466
爱情？嘟督让你爱个鬼！,671,476277,//i2.hdslb.com/bfs/archive/362455a7208c31226082e2602755900388a2345f.jpg,58605426,BV15x411f7rk,1562842838,2019/7/11,19:0:38,09:57,3340,2331,3455,506,17212
嘟督告诉你不会改剧本的游戏解说不是合格的权游粉！,532,475652,//i0.hdslb.com/bfs/archive/e38a0835fae83933cbcccdd9cd41db14f83229cd.jpg,58479304,BV1tx411Z7VN,1562756408,2019/7/10,19:0:8,11:06,2565,2310,3380,533,17503
被困荒岛如何生存，嘟督教你求生大法则！,447,348418,//i2.hdslb.com/bfs/archive/ae33000d1e698d6287edfc4506804ff6b4061aeb.jpg,58460449,BV1hx411Z7LG,1562670320,2019/7/9,19:5:20,09:23,3103,1646,2629,346,9527
【嘟督】B站全新互动视频首发~你看这只鸽子他又肥又圆！爱上一只羊驼她又骚又浪！《舞力全开2019》,3531,623929,//i2.hdslb.com/bfs/archive/f9f983d2b659125d9e0ca8e2959d5fac6b59f3c6.jpg,57331956,BV1jx411R7FW,1562554830,2019/7/8,11:0:30,11:00,20004,27099,68593,3779,64731
车门焊死！今天一个喘气儿的都别想下车！,695,748505,//i1.hdslb.com/bfs/archive/c5b90c8c8edccf14e71654f9579ff663171dd217.jpg,57565379,BV12x411X7ad,1562068843,2019/7/2,20:0:43,07:07,2200,2231,4169,425,19569
嘟美丽的后宫撕X之旅,586,508384,//i1.hdslb.com/bfs/archive/97407fde1a4ab7484e5507a25b23f89f1c16d781.jpg,57132825,BV1dx411d7uY,1561982429,2019/7/1,20:0:29,09:51,2776,2225,3522,491,16289
嘟督带你制作恐怖的黑暗料理！,404,688525,//i1.hdslb.com/bfs/archive/56bde87dc98237920953fb644cd9d933f4bc8ab6.jpg,57127359,BV1Px411o7UK,1561867218,2019/6/30,12:0:18,08:23,1922,1855,3030,411,15778
【嘟督咆哮解说】史无前例的残暴大厨做菜！吃完就上路！《Cooking Simulator》,1040,1813513,//i2.hdslb.com/bfs/archive/dd4ba0fdacf1122f59d53c1dc5ea1a7d5633530a.jpg,57032111,BV1Yx411d76h,1561642765,2019/6/27,21:39:25,06:37,7408,41319,85103,14319,104014
【嘟督】喜只狼的奇妙冒险！（最终话）,1265,1105737,//i1.hdslb.com/bfs/archive/d91a3d9dd09aa38941e54c0d17a47bd85cd411a2.jpg,56406220,BV184411u7hU,1561180340,2019/6/22,13:12:20,13:23,10685,31606,90285,1491,82388
嘟美丽大型翻车现场，真相竟是……,824,467341,//i2.hdslb.com/bfs/archive/92828c716b6aeda1a9aaaa9a2e2b612d55008811.jpg,56216111,BV1w441137c4,1561037455,2019/6/20,21:30:55,10:15,2775,2664,5741,726,18437
【嘟督中配】全B站最骚《赛博朋克2077》翻配,808,645968,//i2.hdslb.com/bfs/archive/2eb7fe25880e62bb498e5563d43ff02918bd4eaf.jpg,55772984,BV1E441157nA,1560670574,2019/6/16,15:36:14,03:57,2332,7300,12802,2238,28077
【嘟督咆哮解说】我遇到过的最恐怖的BOSS竟然不穿裤子？！,908,851480,//i0.hdslb.com/bfs/archive/88658f45be1b6a63947b4e7176c1dcbeb03ee89b.jpg,55467997,BV184411P7AP,1560435315,2019/6/13,22:15:15,05:37,5541,23809,33445,1950,45867
嘟督让你脱发不仅能变强，还能变骚？,563,439984,//i1.hdslb.com/bfs/archive/7461e04df67dcfb03d45f390469d3493d6e1b8d6.jpg,55370852,BV1c4411P7bA,1560337459,2019/6/12,19:4:19,08:34,2048,2022,3737,547,14941
【嘟督咆哮解说】六分钟超胆小解说《层层恐惧2》,1884,2065387,//i0.hdslb.com/bfs/archive/c6ec4c2e7e485c5bf507c01beb74b79d6e9374e5.jpg,54717570,BV1k4411M7vc,1559813118,2019/6/6,17:25:18,06:05,13797,39524,62433,7683,96502
你们最早追的CP难道不是猫和老鼠吗？,1322,735937,//i2.hdslb.com/bfs/archive/82dc646c6fe4a3f74a595ce97bd38e5c622f933b.jpg,54126397,BV1S4411H75E,1559304055,2019/5/31,20:0:55,08:57,1351,4541,5726,1329,21619
【嘟督】喜只狼的奇妙冒险！（第二话）,1322,1146625,//i1.hdslb.com/bfs/archive/44e5669bea4c687363c643dca1b1fd18f4b13e94.jpg,53605187,BV1a4411s7vr,1558803714,2019/5/26,1:1:54,12:53,6371,38928,61522,2309,64082
【嘟督实况】【60帧】鼠来爆的中世纪惊悚巨作《瘟疫传说：无罪》（已完结！）,1428,863523,//i1.hdslb.com/bfs/archive/6e014dbeae36acb41f3512a5ebd3f73f96452069.jpg,52904971,BV1L4411E7cg,1558204126,2019/5/19,2:28:46,450:11,23625,8635,14194,601,21458
【嘟督实况】【60帧】鼠来爆的中世纪惊悚巨作《瘟疫传说：无罪》（第一期2P）,1061,701928,//i1.hdslb.com/bfs/archive/ffbde48a9230be374c78ec2440a4b4310e8f9e83.jpg,52726072,BV1b441177oR,1558085468,2019/5/17,17:31:8,78:19,11399,10810,16327,659,23382
【嘟督】喜只狼的奇妙冒险！（第一话）,1715,1356466,//i2.hdslb.com/bfs/archive/ce8d28f00443667ddd02a7e19fa0595afd61aeaa.jpg,52244025,BV1M4411a7gK,1557648176,2019/5/12,16:2:56,13:15,8323,45839,69257,4411,77122
【嘟督】感人！妻子身怀二胎为上战场一年多的丈夫祈福！《战地5》,1133,612383,//i1.hdslb.com/bfs/archive/b106040e56a0abbaaab4863b2b0e42f93d15dfa7.jpg,51129978,BV1s4411x7Zu,1556769011,2019/5/2,11:50:11,14:15,6207,4078,7446,670,20565
【嘟督】全荒野最贱大婊哥！（最终话）,1390,982552,//i1.hdslb.com/bfs/archive/923bb07532b5155b333d3f0b384f4417fdd4b460.jpg,50542915,BV1b4411h7qS,1556288500,2019/4/26,22:21:40,16:43,5971,38546,56889,1140,57854
【嘟督】在深山老宅中偶遇壮汉说有好康的怎么办？国产恐怖游戏《纸人》！,1761,989140,//i0.hdslb.com/bfs/archive/fe9765c08cc55cda908e1f48acacf52598a98d65.jpg,49915175,BV1Wb411V7Pj,1555756043,2019/4/20,18:27:23,20:14,16735,13486,22029,2089,35616
嘟督带你在北京动物园里抓鸡做鸭！,1229,532088,//i2.hdslb.com/bfs/archive/431b90065080fbac5f202e8ede0c51987dac3f62.jpg,49156986,BV1Sb411K7pR,1555156831,2019/4/13,20:0:31,11:15,3204,2125,4342,942,14774
开局一人一狗，铲屎铲到手抖！,751,441686,//i2.hdslb.com/bfs/archive/d46f00cda8cd0b9d3ba421c5f4e8cb2221bc1af4.jpg,48897314,BV1ub411M7jH,1554897659,2019/4/10,20:0:59,10:54,1435,1529,3261,372,12121
史上最骚佛系尬舞，鸡你太美！,1036,914976,//i0.hdslb.com/bfs/archive/48542f1af49e445a127ffd6a791707383aa68a48.jpg,47998058,BV1Gb411p7HL,1554200915,2019/4/2,18:28:35,11:34,2554,4046,5520,1279,22695
【嘟督咆哮解说】《生化危机2：最惨新人被咬记》最终话,1621,1043877,//i1.hdslb.com/bfs/archive/f464e1b0faeebedd8bd034afeb1cbcc21b001d9a.jpg,47595414,BV1zb411x7DX,1553780028,2019/3/28,21:33:48,14:57,13314,23749,53344,2633,60028
貌美渣男为寻爱不择手段，结局竟令猛男落泪？！,846,434563,//i0.hdslb.com/bfs/archive/e1e3ac0b19c41437abdf965706c897e7384eeee0.jpg,46968209,BV1Pb41177kM,1553256336,2019/3/22,20:5:36,11:55,3412,2843,6078,1257,15894
知名up主下海创业，竟被黑道大哥包养屈辱求生？！,700,411812,//i1.hdslb.com/bfs/archive/69df96402cea10473ea562768233d043344ea691.jpg,46811514,BV1mb411E7X3,1553079656,2019/3/20,19:0:56,30:01,5147,2338,5378,1190,13365
揭秘！禽兽男教少女打炮的真相竟是……,1056,424098,//i0.hdslb.com/bfs/archive/e49ee606252dcfebf9d5707f64ebe31ef2158a19.jpg,46294836,BV1ab411H7Bk,1552651202,2019/3/15,20:0:2,12:32,3365,2845,5290,669,15287
【嘟督咆哮解说】《生化危机2：最惨新人被咬记》第四话,2091,1206218,//i1.hdslb.com/bfs/archive/a3b6ad28fed310a8e75924ee13a95aba074f8ad4.jpg,45793061,BV15b411i7TZ,1552130272,2019/3/9,19:17:52,15:12,14223,44674,70324,4604,74896
【嘟督咆哮解说】《生化危机2：最惨新人被咬记》第三话,4501,1251262,//i0.hdslb.com/bfs/archive/6cbbf34de46eebe0a96e48bb11fd55cdf13dcc52.jpg,44821756,BV1Nb411h7ho,1551243155,2019/2/27,12:52:35,15:02,32177,41307,77978,3817,78795
【嘟督咆哮解说】《生化危机2：最惨新人被咬记》第二话,2928,1521702,//i0.hdslb.com/bfs/archive/270ebe6e90ce69d48cec4d2c9d9172db48ec14b1.jpg,43565780,BV1gb41127Uf,1550153014,2019/2/14,22:3:34,12:18,15024,52358,95902,6762,96724
使徒来袭怎么办？我大EVA挺身正面刚！,1118,454545,//i1.hdslb.com/bfs/archive/e3514e1c48e92c8835af8c4bbea4b2672fece561.jpg,43170119,BV16b411S7hn,1549886418,2019/2/11,20:0:18,11:57,2883,1875,4119,507,13134
【嘟督咆哮解说】《生化危机2：最惨新人被咬记》第一话,2201,1538668,//i1.hdslb.com/bfs/archive/695ae37a38247df1284a76fafb72ab8c864d20ea.jpg,42924792,BV13b41167GT,1549589783,2019/2/8,9:36:23,11:22,11692,47356,90651,9806,87264
这从未有过的福利诱惑！谁顶得住啊？,1400,598865,//i0.hdslb.com/bfs/archive/849d34ab8c11b8a2a8fadd3aec9b436a2be72bbd.jpg,42513401,BV1ob41167Cg,1549454452,2019/2/6,20:0:52,10:43,3125,2556,5762,1055,17231
【嘟督】少女离奇枉死，竟靠勾引死神还阳人间？《洛奇英雄传》,1376,699686,//i1.hdslb.com/bfs/archive/266c450a158dbd31d701b08b58ed2689ed48059e.jpg,42573708,BV1Vb411r7QU,1549242051,2019/2/4,9:0:51,14:03,5687,8346,18116,1521,26718
【嘟督】全荒野最贱大婊哥！（第三话）,2056,1072588,//i1.hdslb.com/bfs/archive/d9497c7324e9189304d5007af667365d60fa9346.jpg,41643484,BV1Ut411b7Nf,1548393742,2019/1/25,13:22:22,14:32,7092,47895,68807,2498,65786
【嘟督咆哮解说】5分钟咆哮通关《生化危机2：重制版》Demo,2117,1129281,//i0.hdslb.com/bfs/archive/5d0fcd916a0e01faf6af4d24ebc477c44b770d41.jpg,40970472,BV1Rt411h7KA,1547723255,2019/1/17,19:7:35,05:49,6554,38391,90295,9280,84025
【嘟督】史上最容易坑队友的游戏！两男一女互坑求生！《人类一败涂地》啊！,1006,817486,//i0.hdslb.com/bfs/archive/d054e0064de0b4ce09d26f712a1b64f0f17ea50e.jpg,40386982,BV1Wt411p7tA,1547110843,2019/1/10,17:0:43,13:09,5085,8436,17358,4347,24540
过分！父母把儿子当小号练级但不氪金怎么办？《中国式家长》,1310,930796,//i2.hdslb.com/bfs/archive/5987eb76255a8743e8cbab4852ecfc64303476a4.jpg,39435913,BV1ut41167tr,1546175363,2018/12/30,21:9:23,12:23,5798,8804,20882,4562,29617
嘟美丽圣诞夜在线撩汉~和风世界里男上加男！,670,419976,//i2.hdslb.com/bfs/archive/8e6a5141f4cce0510418491b3c344f3bf6c35cb2.jpg,39063704,BV1Zt411678u,1545822052,2018/12/26,19:0:52,11:49,2167,1673,4383,520,11056
你见过跑到裤裆着火的忍者吗？,1121,492064,//i2.hdslb.com/bfs/archive/2f97fdf434a517f60bd95b732e6c6fa9416e2f2f.jpg,38680321,BV1qt411Y7EK,1545400825,2018/12/21,22:0:25,12:57,2876,3097,6993,1665,15421
【嘟督中配】最令人羞羞的《底特律：变密》一人役（最终话/下）,4436,1038511,//i0.hdslb.com/bfs/archive/9c0b64bd07d1971f7c474ccc6017664434e61d97.jpg,38517613,BV1tt411v7M4,1545224441,2018/12/19,21:0:41,23:32,17435,33879,111002,2591,72344
【嘟督中配】最令人羞羞的《底特律：变密》一人役（最终话/中）,1466,528395,//i1.hdslb.com/bfs/archive/3c4b187ab4364298bd614cbed43f5e462c49318e.jpg,38387451,BV12t411e7yd,1545046091,2018/12/17,19:28:11,21:18,9072,17323,44360,1134,35053
【嘟督中配】最令人羞羞的《底特律：变密》一人役（最终话/上）,1890,623608,//i0.hdslb.com/bfs/archive/c7a129921b05929cdcf1af60d6ac11024b8c9692.jpg,38184272,BV14t411i78k,1544840541,2018/12/15,10:22:21,24:22,10737,20579,53285,1584,41988
史上最骚气的撩妹大师！竟连4000岁的妹子都不放过？《古剑奇谭3》,1246,617376,//i2.hdslb.com/bfs/archive/0a6a29b6d491ff7d583898cd53ec342d6923bc24.jpg,37391588,BV1gt411Q7YW,1543924801,2018/12/4,20:0:1,13:30,4546,5721,13196,3102,18462
如何四处撩妹？渣男不得house！,497,303601,//i0.hdslb.com/bfs/archive/f3203ffce102ec643ff681b004daa046e7280e4d.jpg,37097149,BV1nt411X79z,1543629602,2018/12/1,10:0:2,09:36,1613,1998,5102,623,6351
她是让不知火舞都欲罢不能的保健小妹？,3271,1125306,//i1.hdslb.com/bfs/archive/9f906e20d4a25765523f90c37645432596ffe9a1.jpg,36986180,BV1qt411Q7V8,1543492856,2018/11/29,20:0:56,09:45,2905,5034,7056,1332,17999
【嘟督】为什么我这只皮卡丘的口音是个抠脚大汉？！,1026,882815,//i0.hdslb.com/bfs/archive/b86cfd8558b9178d2a75ef58bee2bbf489eaf2a5.jpg,36552172,BV13t411y7uf,1542974400,2018/11/23,20:0:0,05:24,3245,10796,20720,6898,26901
我的马鸭！为什么我的腿短得像柯基？,599,406193,//i2.hdslb.com/bfs/archive/a6d93a96ce15ff4a1ecc580b8e467f9d78cdfa76.jpg,36520157,BV1Xt411C7Cp,1542888009,2018/11/22,20:0:9,11:32,4694,2458,4116,442,11328
史上最秀的雪地大镖客！与雪崩的绝命赛跑！,820,687392,//i2.hdslb.com/bfs/archive/a1ca611434be21367679455c0aa1fa0c3c587d74.jpg,36243129,BV1Et41117Wn,1542533224,2018/11/18,17:27:4,13:30,2961,2441,5395,797,11275
【嘟督中配】最令人羞羞的《底特律：变密》一人役（第七话）,2178,703134,//i0.hdslb.com/bfs/archive/26a0d476b6787c16076f2e7aa8609035f3ddb4f7.jpg,36090001,BV1Vt411m7n5,1542371168,2018/11/16,20:26:8,31:33,16260,33747,63394,2092,47860
【嘟督】全荒野最贱大婊哥！（第二话）,1347,1130857,//i1.hdslb.com/bfs/archive/5e88580b02e80724a90f6fc515ec757e9db7e390.jpg,35561550,BV1Bb411c7su,1541682793,2018/11/8,21:13:13,14:21,7036,34480,57470,4141,49587
杰洛特：世界末日算个屁！先来局昆特牌吧！,673,362074,//i1.hdslb.com/bfs/archive/a60c24cfb671af5ad012fc9f7c136fca8f03615d.jpg,35372794,BV1Jb411A757,1541420867,2018/11/5,20:27:47,16:37,1692,1974,7059,439,10033
你这辈子，有没有被人在游戏里锯过？,1026,486641,//i1.hdslb.com/bfs/archive/3b97fc3d7e8be2dd8bf659a67c7938839d0ab5b8.jpg,35140510,BV1gb411w7Aa,1541163960,2018/11/2,21:6:0,13:46,2586,1847,3443,420,10149
【嘟督】全荒野最贱大婊哥！（第一话）,1406,1200492,//i0.hdslb.com/bfs/archive/e4d2d270f34f05f82de1801cd3ffab24c9919d55.jpg,35078543,BV1Hb411P71M,1541079542,2018/11/1,21:39:2,12:44,6797,33113,64133,9060,54640
【嘟督中配】最令人羞羞的《底特律：变密》一人役（第六话）,2269,715154,//i2.hdslb.com/bfs/archive/0450c4ff2275d078a090dcbfefc6e9cc2d30a697.jpg,34586451,BV1it411d7kQ,1540471975,2018/10/25,20:52:55,26:46,15551,35906,87537,2274,54640
首发试玩《竹鼠：活下去！》,1299,1005694,//i2.hdslb.com/bfs/archive/1e698965d76173118ec03d8c98bf0a426718c889.jpg,34457687,BV1mt411R7EM,1540297273,2018/10/23,20:21:13,04:28,1984,6445,8227,3712,21689
史上最小变态怀中撩妹！,857,342619,//i0.hdslb.com/bfs/archive/67e1d1042c4b0c94a180520fd21ed30c2bd17e5e.jpg,34150450,BV1Pt411o7ii,1540123234,2018/10/21,20:0:34,10:24,3026,1933,4500,1531,9145
【嘟督咆哮解说】游戏史上腋毛最少的男人？！《孤岛惊魂5》（第五话）,1714,1076015,//i1.hdslb.com/bfs/archive/2fe14d51b36e1cdc7c73fb788ebb81a53ad85bbf.jpg,34176344,BV1ct411o7RH,1539957394,2018/10/19,21:56:34,12:24,9140,15808,29096,3463,29713
【嘟督】我来个日文版的天津快板儿！把孩子都抱稳喽！,1365,502482,//i2.hdslb.com/bfs/archive/83081a0c7ed5010b49cc053fe978e8edfe309f4a.jpg,33783541,BV1pb411F72q,1539442678,2018/10/13,22:57:58,00:53,1422,7067,15626,6315,21501
【嘟督】心痛！坑死队友的我哭得笑出了声！,719,410645,//i0.hdslb.com/bfs/archive/3081c0d5f9e4b487630156432431dd3c69f2fcee.jpg,33625064,BV12t411f75t,1539349217,2018/10/12,21:0:17,05:06,819,2250,4237,1010,9606
【嘟督中配】最令人羞羞的《底特律：变密》一人役（第五话）,3280,783720,//i1.hdslb.com/bfs/archive/02f9229868e61ef37b22b2d9e45b06d2de1f0506.jpg,33253803,BV1DW41127Vv,1538822884,2018/10/6,18:48:4,29:04,23812,40117,77859,3444,51361
是妖怪，就干了这碗老痰酸菜口嚼酒！,937,370972,//i1.hdslb.com/bfs/archive/1a1ab70eedafef96ce9bc58dd043fc8c17419870.jpg,33005982,BV14W411U7HJ,1538712014,2018/10/5,12:0:14,13:32,5483,1503,3436,695,9067
在刷怪中感受Deep♂Dark吧！,1031,377903,//i0.hdslb.com/bfs/archive/e69ad7922358c4f7750128c61ae439e170c4f3d4.jpg,32782780,BV1jW411m7mt,1538388017,2018/10/1,18:0:17,13:50,3105,1464,3305,762,8733
水墨风的大宝贝！你见识过吗！,694,302824,//i0.hdslb.com/bfs/archive/fd29e8797d21a1bf91df2745b29c7bfec503eb3d.jpg,32638834,BV15W411S78U,1538222432,2018/9/29,20:0:32,11:58,2314,1371,4730,363,8581
【嘟督】我竟然穿了史上最骚的内衣！报警了！,867,443648,//i0.hdslb.com/bfs/archive/1fb50756116b248508ed34cd73d1cec521fd0135.jpg,32487717,BV1WW41167tb,1537959619,2018/9/26,19:0:19,13:08,3069,3558,10660,728,12785
婚礼现场气氛太嗨，感觉有些中暑了……,529,376384,//i1.hdslb.com/bfs/archive/b58ee65a1739b166e3398738065b0fae98e18620.jpg,32109854,BV1fW41167Da,1537495204,2018/9/21,10:0:4,09:57,2018,1287,3428,523,8911
【嘟督中配】最令人羞羞的《底特律：变密》一人役（第四话）,3042,1004814,//i1.hdslb.com/bfs/archive/e959c4e8af2b67b47a99744012c412527db88302.jpg,31410676,BV1GW411o7L7,1536486916,2018/9/9,17:55:16,43:02,24840,52889,108694,3741,63933
【嘟督】惊奇！四姐妹的1+3玩法？,836,318610,//i2.hdslb.com/bfs/archive/efac62791ad1d83829f5ff6d8c4457b3e6dd42d4.jpg,31002692,BV1fW411o7XN,1535976012,2018/9/3,20:0:12,11:17,2391,885,3248,219,7255
【嘟督】男人都是大猪蹄子？女装钢铁直男竟向兄弟求婚！,1133,487596,//i2.hdslb.com/bfs/archive/82272d5cb1b656c99fe1f19a62eb0d06b210c15c.jpg,30636703,BV17s411c72K,1535544833,2018/8/29,20:13:53,11:29,3664,1507,4736,522,10965
【嘟督】老子的老子是战神！（第四话）《战神4》,2045,1047750,//i2.hdslb.com/bfs/archive/3d67aa1d735f2c3fdaddb8778e7626ecf6d15df8.jpg,30289587,BV1qW411D7ud,1535256046,2018/8/26,12:0:46,12:13,12224,20408,75638,3417,53954
【嘟督】妙龄少女突现异瞳，真相竟是被逼所迫？,1242,287654,//i2.hdslb.com/bfs/archive/1e8f7d1068a342523dc96e4274700da87a4b0dd7.jpg,30170846,BV1DW411S7NL,1535108424,2018/8/24,19:0:24,12:21,3984,2175,6914,560,9723
【嘟督】崩崩崩里全是小姐姐~仿佛置身天堂！哦吼~,1516,444409,//i0.hdslb.com/bfs/archive/b43e5dc2b486f9cfb0a13ecd7ee28dfe85badbba.jpg,29954309,BV1qW411Q7Lr,1534910450,2018/8/22,12:0:50,13:19,4850,2275,3834,1196,10460
【嘟督】就算被吸入手机也要坚持撩妹！,864,305160,//i0.hdslb.com/bfs/archive/85c1e1590590b0f30015a6a951e626661bc41105.jpg,29781222,BV1GW41197fJ,1534681044,2018/8/19,20:17:24,08:57,2344,1198,3283,206,4871
【嘟督】让所有男人欲罢不能的女孩竟长这样？！,1610,416754,//i2.hdslb.com/bfs/archive/5014acd73f317b823bb491648f8a77fb9dbcc413.jpg,29577467,BV19W411R7PS,1534507257,2018/8/17,20:0:57,15:38,13296,2325,8307,2914,12546
【嘟督中配】最令人羞羞的《底特律：变密》一人役（第三话）,3195,1152550,//i2.hdslb.com/bfs/archive/1aa0ec29e0dabdc4bb4d845c7039780a860e7742.jpg,29330345,BV1Gs411M74h,1534251657,2018/8/14,21:0:57,28:02,24724,45903,79915,4505,53088
【嘟督】和游戏人物短信聊骚是什么样的体验？,546,274769,//i1.hdslb.com/bfs/archive/5c8ff220fc7df85849e9a2c74dc1831a1dc5d82a.jpg,29025445,BV1gs411u7ar,1533907031,2018/8/10,21:17:11,09:35,2340,1081,2721,271,3950
【嘟督】猪精女孩与七旬老汉的互帮互助！,936,338585,//i1.hdslb.com/bfs/archive/c92dac566634f06dfcc1b08de50d901bd6b56934.jpg,28850755,BV1xs411M72v,1533726780,2018/8/8,19:13:0,12:00,3892,1291,5986,365,6062
【嘟督中配】最令人羞羞的《底特律：变密》一人役（第二话）,6017,1344231,//i2.hdslb.com/bfs/archive/70f13e353fa68714b6046f2f7ed714aa0a1d101b.jpg,28263092,BV1vs411w76c,1533116588,2018/8/1,17:43:8,29:33,31282,55236,141108,9437,67351
【嘟督中配】《底特律：变密》一人役（第一话）,4046,1503949,//i2.hdslb.com/bfs/archive/26ff628bb1099210025a13ea559c845385ff5db3.jpg,27216746,BV1ks411E7Lo,1531998900,2018/7/19,19:15:0,16:58,21051,51976,124798,25933,63347
【嘟督咆哮解说】撸狮子可以戒撸？手不答应！《孤岛惊魂5》（第四话）,1758,928561,//i2.hdslb.com/bfs/archive/aeb99baab7a5c881a8544fd301b01e234abca092.jpg,26848141,BV16s411J75d,1531562441,2018/7/14,18:0:41,12:30,10981,9563,75702,2414,35252
【嘟督】颤抖吧！在萌与宿便的深渊里~,1103,419126,//i2.hdslb.com/bfs/archive/b9ff0fe1ab5ccc6bfba152826a0f34a8fdbbea00.jpg,26601552,BV1ds411n7ND,1531310439,2018/7/11,20:0:39,10:41,3124,1405,4891,789,8488
【嘟督】老子的老子是战神！（第三话）《战神4》,1578,1131855,//i2.hdslb.com/bfs/archive/591d6f15cd72e1de4f41f3144e9f15ad9fe7ca2b.jpg,26336185,BV1Ls411p7cb,1530950596,2018/7/7,16:3:16,11:31,13397,9438,50368,3979,29722
【嘟督】你以为请了一群日本大牌CV我就会玩这个游戏吗？真香！,1068,599845,//i0.hdslb.com/bfs/archive/b8644e258ee649d0a777a4d49b5122d866c04b7d.jpg,26018031,BV1ys411G7Uv,1530867634,2018/7/6,17:0:34,10:05,5092,2455,6252,1519,9397
【嘟督】我在逆水寒中竟然捏出了辟邪长相？！,1769,643648,//i1.hdslb.com/bfs/archive/db31f4fc2394f8eeecf3fe51abb35b1da1e49e69.jpg,25798847,BV17s41157Jw,1530273645,2018/6/29,20:0:45,13:26,12484,3331,7607,7196,12058
【嘟督】让你见识下什么叫做发粪涂墙！,1353,624058,//i2.hdslb.com/bfs/archive/1ffdc60fcf134e88f57e30a949d90b4d25b2900a.jpg,25681441,BV1Gs411j7cj,1530100808,2018/6/27,20:0:8,12:28,4828,3162,6977,2546,10737
【嘟督】老子的老子是战神！（第二话）《战神4》,2154,1175089,//i2.hdslb.com/bfs/archive/246fc51bfeaffe106eac3ba671449b1a90ebfb0b.jpg,25359180,BV1Ls41177Df,1529663431,2018/6/22,18:30:31,11:58,9448,9521,33998,5475,22876
【嘟督】香香的皮♂鞭你挨抽没~？❤,2300,651520,//i0.hdslb.com/bfs/archive/8e1fcd1c21bc59d863b29bc41e4bbba90cb53d04.jpg,25186638,BV1ps411j7eA,1529376333,2018/6/19,10:45:33,21:02,7982,12550,55039,3401,26738
【嘟督】我要吃着饺子玩着嫂子骑着马子虐崽子！,882,612426,//i2.hdslb.com/bfs/archive/b50f0c660d73d4ccaaa99697e066cc00974e65dd.jpg,24831254,BV1rW411w7gk,1529035223,2018/6/15,12:0:23,12:02,3548,1944,5136,821,8661
【嘟督】周郎妙计安天下，小乔见我想改嫁~,463,362093,//i0.hdslb.com/bfs/archive/7657f3d6f1285536bff621c15f34ba91fe803df6.jpg,24871344,BV1PW411A7HD,1528974040,2018/6/14,19:0:40,11:32,2123,1108,3300,559,3386
【嘟督】用手撸一只外星猫会怀孕吗？,2366,506876,//i1.hdslb.com/bfs/archive/2746a619d9033e7c1078edb9f068f3d20eae89e3.jpg,24686089,BV1NW411w7Yh,1528797614,2018/6/12,18:0:14,13:25,4380,2764,15214,1842,11201
【嘟督游记】你见过澳洲这么“蛋”疼的工艺品吗？（第三话）,2026,659688,//i1.hdslb.com/bfs/archive/421c61e77ea20b64a179fc8a63145b328fb92e7f.jpg,24429867,BV1EW411A7kd,1528211566,2018/6/5,23:12:46,14:24,10402,7087,39388,2496,24202
【嘟督】求助！大喜之日该如何掀开新娘的头盖骨？,851,600184,//i0.hdslb.com/bfs/archive/cd13fe33bf8b95059ab294ac7242a4b3ccf23a99.jpg,24192846,BV1oW411P7Ui,1527782446,2018/6/1,0:0:46,13:02,3214,1583,3343,760,7642
【嘟督】和好友结伴吃屎是怎样的体验？,1430,634533,//i2.hdslb.com/bfs/archive/b615c0157bd856eb8864fc8f9c8ad1b39446b1fa.jpg,23892766,BV1Hp411R7rx,1527242452,2018/5/25,18:0:52,17:46,5901,4111,8010,9597,10067
【嘟督】老子的老子是战神！（第一话）《战神4》,1854,1367078,//i2.hdslb.com/bfs/archive/e797cf3305c9d62bb15e7c5f34edb753b7729881.jpg,23606332,BV1ep411d7mT,1526651429,2018/5/18,21:50:29,09:44,8187,13507,40129,8076,27509
【嘟督】被群殴了不要慌！十种舔鞋技巧任你挑！,724,513751,//i0.hdslb.com/bfs/archive/4e71a194163fcf08767f25643e3382c982d1aaad.jpg,23550652,BV1mp411Z7zX,1526545602,2018/5/17,16:26:42,11:21,2763,1726,5002,889,7845
【嘟督咆哮解说】奇女子便秘十月，竟称不吐不快？《孤岛惊魂5》（第三话）,1522,1054427,//i0.hdslb.com/bfs/archive/5d651008653bab29a5a1fa393d0f220a174ebae4.jpg,23169648,BV1kp411f7wy,1525957237,2018/5/10,21:0:37,14:09,11189,20920,29290,3944,21353
【嘟督】吃鸡误伤队友，为何他不跪下来听我道歉？,1066,508044,//i0.hdslb.com/bfs/archive/218e638a0c6f516425fc6e82f3d417ccba68a2df.jpg,22890556,BV1aW41137Bc,1525265529,2018/5/2,20:52:9,16:59,2821,1134,3072,366,6454
【嘟督】和心爱的人结婚，就是无论酸甜苦辣都要拉给Ta吃。,946,460082,//i0.hdslb.com/bfs/archive/e76f1e309155ca70417a7b3a6b97aa7f88390ab3.jpg,22765063,BV1eW411V7vG,1525075253,2018/4/30,16:0:53,11:27,3185,1144,3887,539,7154
【嘟督】奉自己的命根子做军师，是一种什么样的体验？,542,262593,//i2.hdslb.com/bfs/archive/86c7c03f07e3f2d74a487ce1bff383478ca0ab06.jpg,22676515,BV1EW411V7VK,1524910851,2018/4/28,18:20:51,12:52,2147,927,2940,369,2650
【嘟督】如果家里的猫娘化了，我该如何吸它？,1038,481443,//i2.hdslb.com/bfs/archive/c5f332075c6162e97de459829d408a8a6248daef.jpg,22629943,BV1XW411G7sF,1524822301,2018/4/27,17:45:1,09:00,2858,2597,3734,995,7142
【嘟督咆哮解说】如何才能阻止纹身师给我纹《清明上河图》？《孤岛惊魂5》（第二话）,1424,1165866,//i2.hdslb.com/bfs/archive/303c66f3d0c4ca43b76680d386c71e1c311bb84b.jpg,22339993,BV1KW41157Uq,1524219399,2018/4/20,18:16:39,13:36,13102,7774,24116,3481,18943
【嘟督】如何用很苏的声线吟诗抒情？,1639,442993,//i0.hdslb.com/bfs/archive/442ac92352084154d3e2b544217d7e1211f1082e.jpg,22214006,BV1MW411j7zc,1523956257,2018/4/17,17:10:57,02:43,3619,6298,11855,5475,11965
【嘟督】菜B吃鸡不再水，队友反成裙下鬼？,1380,456838,//i2.hdslb.com/bfs/archive/39c7cf93247d22c701fe292e695bf7d874746b59.jpg,22021964,BV1JW411L7EL,1523591866,2018/4/13,11:57:46,14:49,6210,1195,3488,518,6184
【嘟督咆哮解说】光头大爷教你秃秃邪教！《孤岛惊魂5》（第一话）,2166,1329755,//i2.hdslb.com/bfs/archive/9969c4c1cd18cfdc5a44e8d9c6fd7efb28ed9d31.jpg,21670252,BV1MW411M74A,1522904653,2018/4/5,13:4:13,11:20,11880,27397,47544,6185,30431
"【嘟督】我不知道你为什么那么""小""，毕竟我只是个小喵咪~",1259,548255,//i1.hdslb.com/bfs/archive/7847a24a54e0706f078e8162198c024cb52f23a8.jpg,21418261,BV1pW411u79p,1522468801,2018/3/31,12:0:1,12:01,5135,1709,8250,641,7585
【嘟督咆哮解说】为何大反派沉迷烤面筋无法自拔？《孤岛惊魂5》（序章）,1586,1205822,//i1.hdslb.com/bfs/archive/48cd4a4e264ce36bca78aae30900f8e0d1d40ba7.jpg,21313490,BV1FW411u71f,1522164565,2018/3/27,23:29:25,06:39,5825,6325,22934,3781,20482
【嘟督游记】手指有多灵活才能让蝴蝶感到愉悦？（第二话）,951,466348,//i0.hdslb.com/bfs/archive/cb39b097527ccf40dad6746bc049f584b39719cf.jpg,21082483,BV1hW411g7B5,1521709256,2018/3/22,17:0:56,10:26,6462,3311,15608,1945,10391
【嘟督游记】为啥澳洲禁止和考拉舌吻？（第一话）,1898,569751,//i1.hdslb.com/bfs/archive/8d80e3a9bc7b395192f09ef3b3b9da6c15e1d6eb.jpg,20865170,BV16W411p7he,1521254480,2018/3/17,10:41:20,11:07,9896,4793,26337,4193,15179
【嘟督】跳哪儿能吃鸡？裤裆咯~《吃鸡群口相声》,2539,730350,//i1.hdslb.com/bfs/archive/35e2c8bcae7cdc5ac6b3ca34663e2a9b82a15e67.jpg,20042252,BV1hW41147ax,1519729219,2018/2/27,19:0:19,13:04,13799,6519,31255,3774,14612
【嘟督咆哮解说】《恶灵附身2》最终话“你的光头非常宝贵！”,3469,1174429,//i0.hdslb.com/bfs/archive/5893b0b933d9deb8e016b25fe060362289537bf7.jpg,19586963,BV12W411E7vF,1518599504,2018/2/14,17:11:44,17:12,28952,21984,152459,5271,46820
【嘟督】少女深陷死亡循环，为何钟情于澡堂子复活？,3227,913021,//i2.hdslb.com/bfs/archive/0527d8911654d95eb214be50016833cdcc5d7f36.jpg,19454274,BV1KW411E7mH,1518345057,2018/2/11,18:30:57,15:20,10798,14999,77803,4494,28934
【嘟督】拜见天依小姐姐~,2641,804225,//i2.hdslb.com/bfs/archive/f54b702f21d927d47d35baff0e5ab1cbc2dd39c2.jpg,19337872,BV1pW411n7o2,1518166838,2018/2/9,17:0:38,12:16,8690,7950,10693,2859,12054
【嘟督】当UP主被一个会开挂的粉丝绿了之后，究竟能干出多么可怕的事情？,2627,1038745,//i1.hdslb.com/bfs/archive/e6dedfa86b24d31f053580b7b402bf929f6af601.jpg,18882118,BV1kW411n7Yu,1517221289,2018/1/29,18:21:29,15:19,11822,8909,19278,5318,14630
【嘟督】好兄弟就是要在你单身的时候做你的女人！,1681,694599,//i1.hdslb.com/bfs/archive/18986ec3e5aa264ce3f5c696ed1a6bbe9568fa65.jpg,18719739,BV1nW411e7js,1516878559,2018/1/25,19:9:19,12:19,10047,3232,9320,2387,8347
【嘟督】如果我俩角色互换，我会让你知道什么叫菜逼！,1344,722931,//i0.hdslb.com/bfs/archive/42cd405b9270d78bf7015e30005ccf2261b83734.jpg,18598991,BV1GW411i71P,1516611077,2018/1/22,16:51:17,10:31,7693,2677,8179,2402,7217
【嘟督】别打了！没听过“恐龙让梨”的故事吗？,1274,602992,//i2.hdslb.com/bfs/archive/de020335a46382e13b98e29a2d9bb3d1d1001a15.jpg,18522084,BV1fW411v7ec,1516440089,2018/1/20,17:21:29,10:17,3576,1859,5919,1117,6425
【嘟督】警花扮小姐卧底深巷，不料犯人竟暗中掏出……,1728,719762,//i2.hdslb.com/bfs/archive/63cfc8972e8eaaf3df8acc743e4b488509dc6b0e.jpg,18437362,BV1WW411v7DJ,1516276824,2018/1/18,20:0:24,12:22,6117,3781,13453,1658,8787
【嘟督】用生命在玩的《人类一败涂地》啊！,2053,1014050,//i2.hdslb.com/bfs/archive/9f17810320c17948a7d2c3dbc2ff7874140fc46d.jpg,18310574,BV14W411q7AL,1515934183,2018/1/14,20:49:43,14:30,10084,22984,28524,14073,16902
【嘟督】少女，跟你的小奶狗双飞吧！,1427,616447,//i1.hdslb.com/bfs/archive/f7466d79b25c7cb5e35d613bea6c0a6558753ff9.jpg,18215580,BV1ZW411i7sL,1515754800,2018/1/12,19:0:0,11:11,6922,2552,9867,1430,7515
【嘟督】两男一女抱团♂取暖，结局令人唏嘘……《人类一败涂地》啊！,2186,1240782,//i0.hdslb.com/bfs/archive/04d9df18fcbaa37d5befcb04bb4469b8afa76302.jpg,18073118,BV1RW411B7p8,1515329861,2018/1/7,20:57:41,14:52,12068,27479,26837,21834,16444
【嘟督咆哮解说】“搞丸”侠：忍术万千，吾独爱搓丸子！,1493,473622,//i0.hdslb.com/bfs/archive/b8446ede06a569c2a8a4e7e2ee9d05a07dff909a.jpg,17961251,BV1hW411B7bS,1515064327,2018/1/4,19:12:7,11:33,4408,2355,9868,2837,9295
【嘟督咆哮解说】油腻的尸姐在怀里！《生化危机7》DLC“佐伊的结局”,4770,1348187,//i0.hdslb.com/bfs/archive/b0708304d8c8e88b8034c76737aaddf9c372e358.jpg,17838484,BV1XW411q7R7,1514751985,2018/1/1,4:26:25,17:44,30572,10215,37632,7117,30959
【嘟督】爸妈不在家才敢玩Animoji……这个UP主疯得没救了……,1882,932881,//i1.hdslb.com/bfs/archive/09e7a795c2a65454e89da8e744ee591805071f2a.jpg,17613619,BV18W411t7DE,1514194136,2017/12/25,17:28:56,07:58,11625,15358,37309,18083,19559
【嘟督】妙龄女神雅典娜竟被老汉波塞冬逼做这事？,1128,530101,//i2.hdslb.com/bfs/archive/caaf8825faf211d2db607921a81ef379bdd66524.jpg,17437098,BV14W411879u,1513767628,2017/12/20,19:0:28,12:02,4547,1826,9177,1047,5864
精分患者的福音-Animoji！又疯了个UP主……,1482,646231,//i1.hdslb.com/bfs/archive/2cf3de1e8abd845ff4fc68c11193f958ed907b42.jpg,17246221,BV1MW411a7Q4,1513227687,2017/12/14,13:1:27,04:59,6239,12295,28803,15981,12279
【嘟督咆哮解说】《恶灵附身2》第四话“叛逆の圆寂叔叔！”,1921,1082584,//i2.hdslb.com/bfs/archive/22fa27502eb1e41cf0a945fff20d8ef2f0ba4350.jpg,17055585,BV1uW411h7Yp,1512723361,2017/12/8,16:56:1,14:17,16650,8287,36952,3506,17355
【嘟督咆哮解说】《恶灵附身2》第三话“进击吧！青光眼！”,1649,1222595,//i2.hdslb.com/bfs/archive/998bb554df0508cd30d3eda22cc2a24d6f1738fa.jpg,16835579,BV1vW411a7Fj,1512122503,2017/12/1,18:1:43,12:27,14640,15932,32514,4761,18899
【嘟督&夏一可】花季少女做出这种事！竟怪历史老师死得早？,1589,438865,//i1.hdslb.com/bfs/archive/70352dda199b3ec857813f13ef423d0e366f46f8.jpg,16690210,BV1Wx41157pc,1511688009,2017/11/26,17:20:9,11:17,3525,2201,6045,731,4556
【嘟督】可怕！单身多年的手速竟然败给了这个女人？！,826,313003,//i1.hdslb.com/bfs/archive/3775bdc1ee7dbb41de0e10af586d91c595fcf472.jpg,16621780,BV1Px41157yc,1511514724,2017/11/24,17:12:4,10:03,3159,1076,3847,636,3259
【嘟督录播】加油！缸巴锤！玩儿个锤子你个*&￥%#￥%*@#￥&*！,1622,1208526,//i0.hdslb.com/bfs/archive/e81c66be5e4cc98b661a81f45ef1965d99486ea9.jpg,16495167,BV1Tx411j7AC,1511104101,2017/11/19,23:8:21,10:51,14754,5708,10250,7103,10421
【嘟督实况】我！第一！打残！,1015,464073,//i2.hdslb.com/bfs/archive/f60c21c4d84d06360b6278b8ce188d846575c170.jpg,16352596,BV1px411L7wt,1510739284,2017/11/15,17:48:4,16:24,6057,1156,4761,1028,4014
【嘟督咆哮解说】《恶灵附身2》第二话“变态の背影”,2208,1283603,//i0.hdslb.com/bfs/archive/f13d77dd5ef815ea90ffa0de6fca8f0711b37579.jpg,16197508,BV1Lx411771J,1510319026,2017/11/10,21:3:46,09:21,20150,11239,24920,5698,17011
【嘟督咆哮解说】《恶灵附身2》第一话“孩子挑食厌食不吃饭怎么办？”,2024,1925711,//i1.hdslb.com/bfs/archive/f8e78b636b0d18b336f89f384ab35ed822e61438.jpg,15890888,BV1Gx411E7Pt,1509429988,2017/10/31,14:6:28,10:35,23744,15280,62706,13133,33742
【嘟督】什么样的封印者能让魔物娇喘连连？,1210,334485,//i0.hdslb.com/bfs/archive/51bc9b33fa77cfb3e6864ad2f9a9b5460b6a7c22.jpg,15715557,BV1Vx411u7mK,1508924915,2017/10/25,17:48:35,09:20,6915,2533,16373,1501,4287
【嘟督】你看我的床它又大又软！就像你的脸它又鼓又圆！,1696,412909,//i2.hdslb.com/bfs/archive/a33cf49f2e4378f0d23010caaebddf47b0ffe9a4.jpg,15565188,BV1zx411M7r6,1508501978,2017/10/20,20:19:38,09:37,8907,2038,9984,1947,4162
【嘟督实况】我只是个卑微的手残小虫虫……《空洞骑士》第一话（or 最后一话）,1350,487040,//i2.hdslb.com/bfs/archive/57aef67fed083c86099afd9fd42291818055bf4f.jpg,15492333,BV1Kx411M7B1,1508255341,2017/10/17,23:49:1,39:43,9291,1605,7280,587,3864
【嘟督】动物园里有什么？舌头捋直再说话！,1537,508154,//i1.hdslb.com/bfs/archive/8a82cadef6bab2aec5489ceac25bd8ef5021466e.jpg,15381196,BV1Wx411g7UH,1507968596,2017/10/14,16:9:56,02:24,5756,6094,10694,14467,4863
【嘟督咆哮解说】可怕！无良师母竟对幼女做出这种事？！,2115,695648,//i0.hdslb.com/bfs/archive/2b623d8fd1fa2917262b4351fb9d1779422c081d.jpg,15256447,BV1ex411u7Sr,1507570479,2017/10/10,1:34:39,13:51,11017,6093,19661,3061,6993
【嘟督】妈耶！吸猫少女竟妄图娶猫为妻？,1447,326037,//i2.hdslb.com/bfs/archive/d465e498bef11ca95b2ef9bf8b9afa0359d69dc6.jpg,14961345,BV1yx411g79z,1506853844,2017/10/1,18:30:44,08:23,5223,1220,5457,1201,2858
【嘟督】大逃杀菜到人神共愤咋整？心慌慌！,1436,585267,//i1.hdslb.com/bfs/archive/69046278083e6aac39817ed32fb7b1298197c60f.jpg,14865871,BV1ox411G7ZZ,1506596417,2017/9/28,19:0:17,11:05,7999,1491,5735,2116,3686
【嘟督】《深夜浪人》~庆逃生2系列完结曲！,1639,586588,//i0.hdslb.com/bfs/archive/de98f8974dfc9ad3a8fc01b3a390da77ff1d350a.jpg,14810537,BV1zx411G7nv,1506404782,2017/9/26,13:46:22,03:15,12890,13852,19728,3567,9242
【嘟督咆哮解说】在火车上吃鸡是一种什么样的体验？,1889,869609,//i2.hdslb.com/bfs/archive/8431c549a1cad26a0735bddf0969c0491c72e9c9.jpg,14678314,BV1sx411x7fU,1506078010,2017/9/22,19:0:10,11:12,10562,4348,21300,3154,10248
【嘟督咆哮解说】《逃生2》最终话“妈妈再爱我一次！”,3751,1250214,//i0.hdslb.com/bfs/archive/a2e0139b8495fe588770a0ba45d695c3d2c55185.jpg,14400940,BV1Dx411474L,1505216107,2017/9/12,19:35:7,18:06,46269,14236,68761,7215,14539
【丧病鬼畜配音】必须带耳机才敢看的《守望渣客镇》（嘟督一人役）,1950,632678,//i0.hdslb.com/bfs/archive/fad7ecd1c11d5083392bdbecff6baa4420fbc142.jpg,14064003,BV1Ux411t7yd,1504259592,2017/9/1,17:53:12,04:21,6553,13053,14903,2720,3158
【嘟督】七夕佳节狗不狗？小可爱们全带走！,2719,409619,//i0.hdslb.com/bfs/archive/f261c810a425db13bf8c4e3f9422b7f1aa5fa9fe.jpg,13850705,BV15x41187bv,1503831604,2017/8/27,19:0:4,10:34,14070,2310,13702,4360,1763
【嘟督】大逃杀总是翻车可咋整？滚远远！,2588,643374,//i1.hdslb.com/bfs/archive/f6696bbd04cfce0cd4357a1538a0e00ce842c961.jpg,12980890,BV1jx411p7fW,1501901921,2017/8/5,10:58:41,18:56,16724,2032,7705,3187,1862
【嘟督】粉红少女大战色狼！场面一度失控！,2257,668754,//i1.hdslb.com/bfs/archive/f5e74c7f1664b57d7d9332fd565c5a84ae5d90ec.jpg,12902428,BV1Cx411H7FT,1501735912,2017/8/3,12:51:52,08:24,18063,1981,6049,960,3222
【嘟督】黑色的《封印者》真可爱~想啾咪~!,2540,468180,//i1.hdslb.com/bfs/archive/1557829db1887480ee729c22a766755ac0e9277b.jpg,12842178,BV1Nx411s7Vi,1501600020,2017/8/1,23:7:0,08:03,9838,2563,7297,2944,1662
【嘟督】大逃杀队友不穿裤子咋整？鸡梆梆！,1888,913188,//i0.hdslb.com/bfs/archive/880766ed7481c40b1c71ad442f45c6ffc7be7f13.jpg,12630738,BV1ux411W783,1501149657,2017/7/27,18:0:57,20:54,17073,3498,8750,4710,3499
【嘟督】你要是变成了坦克，还射得出来吗？！,1914,382275,//i2.hdslb.com/bfs/archive/42cc8ffd72ea23da123173d8db7107a4516e16d8.jpg,12374502,BV1Mx411i7P2,1500548417,2017/7/20,19:0:17,09:32,8264,1143,5896,1135,953
【嘟督】大逃杀吃不到鸡咋整？哭唧唧！,2235,623492,//i2.hdslb.com/bfs/archive/c94d9badc1b3fa549e3cad89635d553a2f79385d.jpg,12299844,BV1ex411B7Ca,1500305499,2017/7/17,23:31:39,14:21,13054,1301,5418,1602,1304
【嘟督】都坐好！女司机要发车啦！,1858,595989,//i1.hdslb.com/bfs/archive/5bf574ed2054e7d1098ef80db6343987438636bb.jpg,12228905,BV1Vx411B7jz,1500116708,2017/7/15,19:5:8,07:45,7377,2096,9847,2590,1406
【嘟督咆哮解说】《逃生2》第四话“看我freestyle你！”,3209,1398312,//i1.hdslb.com/bfs/archive/f2b5b0ca035554afb7e7d000020b526fcee7a135.jpg,12008235,BV12x411z7ap,1499511539,2017/7/8,18:58:59,12:08,81026,11078,66949,9096,12774
【嘟督】呵，我家的马桶可不是谁都能坐的！！！,3392,988717,//i0.hdslb.com/bfs/archive/17cf217ab3e1dcc526b76c7ce1c7d3de055b3b5f.jpg,11975975,BV1ix411z7nM,1499420984,2017/7/7,17:49:44,01:11,5385,5082,10675,8509,5629
【嘟督】艺术，就是他娘的爆炸！,1783,703013,//i2.hdslb.com/bfs/archive/dd12cd15d02254cd96fb82f1e12763adc5225c99.png,11684299,BV1Bx411675M,1498586794,2017/6/28,2:6:34,18:36,14756,1568,5231,978,2153
【嘟督】我今天去买了辆车……,1699,443721,//i0.hdslb.com/bfs/archive/4c4c8cee6e052c095936b7fbbe73480c4a79ef8b.jpg,11590409,BV1ux411674w,1498304110,2017/6/24,19:35:10,04:54,4407,1191,5870,1561,778
【嘟督】光天化日，竟有四辆坦克公然啵嘴？！,1404,401530,//i0.hdslb.com/bfs/archive/06d1db43b61620a5ca1d44acd364aea15837cfdb.jpg,11474046,BV16x411h7vR,1497934219,2017/6/20,12:50:19,09:00,7193,1142,4940,1413,749
【嘟督浪漫解说】我和妹子上课堂！哦呦呦~《夏日课堂》VR视角~,2409,1515525,//i0.hdslb.com/bfs/archive/69dacf9317649019230c87da6071942a89e763b1.jpg,11413759,BV1nx411h7fC,1497726608,2017/6/18,3:10:8,11:31,37294,11212,28349,11185,19810
【嘟督】再见《妖孽动物城》，再见《老汉飞屋记》……,4876,510571,//i1.hdslb.com/bfs/archive/293b0d8f178a073210eec38d5acc049444e6b619.jpg,11189115,BV19x411a7Ms,1496996468,2017/6/9,16:21:8,06:37,20748,1086,19380,509,1804
【嘟督】爱是道绿光~如此美妙！,971,530661,//i1.hdslb.com/bfs/archive/3aaa3e1bc045d6c03040085326818518d3b78aa9.jpg,11182708,BV1Xx411a74o,1496978006,2017/6/9,11:13:26,08:24,5769,1145,5568,1175,843
【嘟督咆哮解说】《逃生2》第三话“这里的捆绑静悄悄”,2562,1144353,//i0.hdslb.com/bfs/archive/8b63944290384c9c8751cefbcf4596104f790bd3.jpg,11144404,BV1zx411a7g3,1496837278,2017/6/7,20:7:58,12:01,27350,13778,25002,6433,6603
【嘟督】鼓励下高考前的你们~,2758,264986,//i1.hdslb.com/bfs/archive/25be1fdd4da79857f3cec53aedcfd2f0ddc6afce.jpg,11119846,BV1hx411a7XL,1496751336,2017/6/6,20:15:36,03:17,5472,857,5367,332,615
【嘟督日常】谁规定大人不能吃开心乐园餐的？老子哭着吃！,2846,589943,//i1.hdslb.com/bfs/archive/a0fd70d71aa93219729029301ddde3e93f783baa.jpg,10995588,BV1xx411e7EL,1496317322,2017/6/1,19:42:2,04:37,11124,4138,19504,6414,5642
【嘟督咆哮解说】逆境求生捧月沟，一杆金枪战天涯！,1440,1066453,//i2.hdslb.com/bfs/archive/923d62a034e1185b1e1b7b5909004660ba3b196d.jpg,10837109,BV1ix411Y7FQ,1495787465,2017/5/26,16:31:5,09:16,8955,3292,9222,3767,5049
【嘟督咆哮解说】《逃生2》第二话“不如自挂东南枝”,1758,1500765,//i0.hdslb.com/bfs/archive/a05bbc790e6dd7aecf977bd2d4c423278ed3b0aa.jpg,10454522,BV1ox411m7jN,1494404322,2017/5/10,16:18:42,09:38,49468,6782,18101,8394,8225
【嘟督】千旬老汉为何施暴妙龄少女？真相让人胆寒……,1028,577110,//i0.hdslb.com/bfs/archive/f307d44c45e870af4dc572bcc5c6f7b4cdc4e0ce.jpg,10410522,BV1ax411m7oU,1494229980,2017/5/8,15:53:0,09:48,6867,1623,3679,1002,1138
【嘟督实况】3小时二周目“速通”《逃生2》……个屁！这也能叫“速通”？我不管！,1799,827415,//i1.hdslb.com/bfs/archive/b64f2bd9938184fcb95ba37c6ae3c2f9b51da805.jpg,10348756,BV1Vx411m7bi,1494043498,2017/5/6,12:4:58,198:47,30920,4817,10172,1101,2198
【嘟督咆哮解说】《逃生2》第一话“你是我的小舔屎”,2306,1973690,//i1.hdslb.com/bfs/archive/430c342644ecf0f3b425e6bd3d5e2b371fbf5021.jpg,10262128,BV1Zx41127uk,1493720489,2017/5/2,18:21:29,07:20,20876,9970,29117,16348,14345
【嘟督】某非著名UP主半夜当众甩鞭，真相竟让人震惊不已！,1419,488857,//i1.hdslb.com/bfs/archive/2da4fd9bd78fd82dd88a62bfb3a730950b71d167.jpg,10089731,BV1ix411U7Pb,1493111562,2017/4/25,17:12:42,07:13,4424,2210,11218,2251,1063
【嘟督咆哮解说】6分钟咆哮通关《逃生2》DEMO,1871,984070,//i0.hdslb.com/bfs/archive/3c9cb53b491d984c91f4fa5e445983c7d555c191.jpg,10051545,BV1px411U7pK,1492954678,2017/4/23,21:37:58,06:07,10347,4515,12188,5842,4449
【嘟督】谁说玩游戏不能挂机的？,1307,522034,//i2.hdslb.com/bfs/archive/436ed02386fbbdda104ac689f8f6178e12c81077.jpg,9971967,BV1ux411U7Pj,1492689248,2017/4/20,19:54:8,04:13,3455,1530,6917,1582,841
【丧病鬼畜配音】《英雄联盟》新英雄洛与霞CG台词版（一人役）,1136,562592,//i0.hdslb.com/bfs/archive/4cda66903dbfdf466fbb1875107d9c290437ff6d.jpg,9861854,BV1Kx411D747,1492258851,2017/4/15,20:20:51,03:12,3634,2665,5767,3455,1263
【嘟督翻唱】守望先锋版《爱如潮水》，不要轻易尝试掉粉的滋味……,1804,358205,//i1.hdslb.com/bfs/archive/c0a5f68f2242a25490d932dbc6ce0884c5666152.jpg,9719382,BV1Hx411S7eL,1491717054,2017/4/9,13:50:54,01:21,1973,1889,6806,1172,637
【嘟督】震惊！据说99%的人玩了这款游戏都会方，真相竟是……,1828,554020,//i0.hdslb.com/bfs/archive/85b5b7a49e7bb23bbfb1bded54dfb4f200fb5937.jpg,9532144,BV1Tx411Q7hA,1491048086,2017/4/1,20:1:26,04:33,5923,2430,10851,2627,1144
【嘟督】《你好，陌生人》中文翻配,3034,990264,//i1.hdslb.com/bfs/archive/252b1f3df56fbd33d6198bd2549f5515cb455616.jpg,9487958,BV1Xx411D7DL,1490867041,2017/3/30,17:44:1,02:40,13666,17574,20391,7976,11562
【嘟督咆哮解说】《生化危机7》VR视角（最终话）,3336,1707535,//i2.hdslb.com/bfs/archive/8e3ec7ab8b6f8f491aadbbc34033e11697ae137c.jpg,9242532,BV1yx411r7wU,1489836267,2017/3/18,19:24:27,12:50,24359,9022,28793,10870,9730
【嘟督】想李想得发都缩不腻索了,1404,559493,//i1.hdslb.com/bfs/archive/4841245b0dce168519269b7ec0c4ceb91eaab47c.jpg,9155664,BV1fx411C7K3,1489458873,2017/3/14,10:34:33,01:16,2658,6545,10741,7767,2462
【嘟督咆哮解说】《生化危机7》VR视角（第四话）,2749,2090341,//i1.hdslb.com/bfs/archive/08e5a8beca8dd9e5f65ab42044db38fb9b117b23.jpg,8914645,BV1yx411k7p5,1488397024,2017/3/2,3:37:4,08:01,18371,12854,39804,16311,10070
【嘟督】试玩声控游戏《不要停下来！八分音符酱！》（不同声线的嘶吼！）,4152,1534594,//i0.hdslb.com/bfs/archive/87319b911f7ef748ddd2abfd70c9933ba04728b4.jpg,8717160,BV1xx411y7GU,1487513450,2017/2/19,22:10:50,03:52,13921,16741,30486,19193,5600
【嘟督】为什么我家狐狸的叫声跟《动物世界》里的不太一样？,3051,1250786,//i0.hdslb.com/bfs/archive/6a3c6e552237988f2183f67c6b68b916ad69009b.jpg,8686404,BV15x411y7Q3,1487403720,2017/2/18,15:42:0,00:27,3744,16704,17316,17188,8831
【嘟督咆哮解说】《生化危机7》VR视角（第三话）,2850,2513297,//i1.hdslb.com/bfs/archive/1fee541e737efc9f90755fd055b783a5840c2cdd.jpg,8450034,BV1Yx41117Ff,1486403737,2017/2/7,1:55:37,07:59,20665,12486,50918,20554,12337
【嘟督】姑娘，我很喜欢你,2648,779126,//i1.hdslb.com/bfs/archive/090b5da2f97f41c0bedcebc18279883e9feb8040.jpg,8397896,BV1tx41117YW,1486204824,2017/2/4,18:40:24,01:44,8129,5590,11842,6813,2076
【嘟督咆哮解说】《生化危机7》VR视角（第二话）,2557,2751918,//i2.hdslb.com/bfs/archive/0fb70e11ac982faae9f72190069753aba76db8a3.jpg,8336512,BV1is41187Lc,1485944524,2017/2/1,18:22:4,07:24,16828,15904,36646,30383,12495
咆哮着用小拳拳捶你丫胸口！,9022,2575446,//i0.hdslb.com/bfs/archive/5fd44bca1ba834823feba070ab170e2a1e2d9ae4.jpg,8310606,BV1js41187qB,1485828350,2017/1/31,10:5:50,00:30,11720,64816,73941,87414,14143
【嘟督咆哮解说】《生化危机7》VR视角（第一话）,2071,3271916,//i1.hdslb.com/bfs/archive/1631973d9ba5b0898a5c3531bb92fe927a94a2e4.jpg,8184962,BV1zs411b7tA,1485202997,2017/1/24,4:23:17,12:28,37221,22416,40515,64143,20689
【丧病鬼畜】5分钟咆哮通关《生化危机7》Demo《厨房》,1569,1569856,//i1.hdslb.com/bfs/archive/af93edd3a6d58445ae8479bf25dc3cda6a9bc3d4.jpg,8030380,BV1ks411h7by,1484491588,2017/1/15,22:46:28,05:00,15513,13463,22466,23340,9252
【圣诞鬼叫】《圣诞结扎》,448,370069,//i0.hdslb.com/bfs/archive/2c5190f148e4e38fde9fbf53ea90017c4269bf07.jpg,7657560,BV1Es411a7mo,1482484588,2016/12/23,17:16:28,02:41,2119,1325,3941,1252,715
【丧病鬼畜配音】必须戴耳机才敢看的《守望英雄》（一人役）,908,895734,//i2.hdslb.com/bfs/archive/7817bad28a48c06a9f9ff15e4473811816c8002d.jpg,6972412,BV1Ms411x7sU,1478344760,2016/11/5,19:19:20,07:17,8212,9559,19173,7635,1764
【丧病鬼畜配音】动物城（一人役最终话）,2609,1147256,//i1.hdslb.com/bfs/archive/224168be7f786b824c0610dbac3af6fc18b7d9a8.jpg,6596730,BV1As4114736,1475910864,2016/10/8,15:14:24,34:46,65566,15122,48992,8971,6824
【丧病鬼畜配音】必须戴耳机才敢看的《守望归来》（一人役）,775,918148,//i1.hdslb.com/bfs/archive/e870dbc9f9566601f5c10547948da862f620b96d.jpg,5789294,BV1es411r7cW,1471020512,2016/8/13,0:48:32,08:49,11726,9212,11442,7140,2412
【七夕鬼叫】《五百年了还单身》,394,358786,//i2.hdslb.com/bfs/archive/47f5f805ab650dcb7f977aff49baebed01f7252a.jpg,5730975,BV1Zs411C7NQ,1470735505,2016/8/9,17:38:25,01:54,1284,952,1891,495,698
【嘟督】亮剑下的《疯狂动物城》,313,840723,//i0.hdslb.com/bfs/archive/afa8ef9245f4bc4924a99420bd003407bf2ff5a1.jpg,5191684,BV1Zs411v7ra,1467563824,2016/7/4,0:37:4,01:52,1392,3806,4129,1781,6799
【嘟督】小丑与猫女撕逼大作战,183,470800,//i0.hdslb.com/bfs/archive/d034b90bab3b895a0dd89bb816b93b0c56718c0e.jpg,3107952,BV1is41127r6,1445663216,2015/10/24,13:6:56,05:01,1071,958,1323,243,2727
【嘟督】NO.3 吧唧猫与唧吧猫的不伦之情,344,232402,//i1.hdslb.com/bfs/archive/7ebf0fdadd3764f0d7acace111e7c448e5a01833.jpg,2813116,BV12s411m7QL,1440638253,2015/8/27,9:17:33,06:05,1794,1549,2240,871,1345
【新人】【中英字幕】从前的诸葛王朗就是这么危险吗？,160,196428,//i1.hdslb.com/bfs/archive/cee2e3a4c1af0f510affa2904c1d501b58d255fb.jpg,2657042,BV1us411m79V,1438316712,2015/7/31,12:25:12,03:19,989,1016,1784,716,1028
【嘟督爱游】猎diao侠，拯救不开心！,157,274714,//i2.hdslb.com/bfs/archive/0bf80d4dbc0e7fc304697143664255f64f3e31fc.jpg,2642957,BV1ds41127vw,1438083983,2015/7/28,19:46:23,08:52,1802,1081,1607,1023,1305
【嘟督游荐】爆裂燃炸！国外网友自制《使命召唤》题材短片PAMAJ！,203,223135,//i1.hdslb.com/bfs/archive/2138dbdfd0c748fcb48c46260e96e80eecd71f26.jpg,2604506,BV1es411S7W6,1437448343,2015/7/21,11:12:23,05:37,829,2163,510,912,895
［嘟督爱游］万里寻套儿终不悔，姿势多样睡服个鬼！,133,188248,//i1.hdslb.com/bfs/archive/e507b41942a114e81eb165401eb013c8cfc5271c.jpg,2600419,BV1Ys411S7GF,1437374710,2015/7/20,14:45:10,05:16,1152,664,2147,406,1210
［新秩序］谁才是隐藏在德军中的爆菊高手？！,127,228636,//i0.hdslb.com/bfs/archive/5d632d2b4def9031e1325f78e17bb0af1f7f25de.jpg,2540093,BV1Ks411S74C,1436276272,2015/7/7,21:37:52,05:34,1415,710,1331,342,1182
老婆微微笑，下体直接尿！,233,334460,//i0.hdslb.com/bfs/archive/f6bb7da95dbe9cc8361af5d6ee7e5faabc3abbbd.jpg,2538948,BV1Vs411S7dL,1436264043,2015/7/7,18:14:3,04:08,964,1987,2659,599,2494
【旧血脉】觉悟吧秀爱狗！我就是FFF团派来的卧底！,199,230141,//i1.hdslb.com/bfs/archive/61981809c3913c13d0435ceb3df46a78d92c59a7.jpg,2536833,BV15s411S7Yv,1436233646,2015/7/7,9:47:26,05:24,808,672,1268,417,1224
【刺客信条骑尸撸】 哥哥对我的爱♂总是多汁♂又饱满呢～！［－嘟督－］,255,271131,//i0.hdslb.com/bfs/archive/e050562f57a8f053bac414672c3cb78c15362bb1.jpg,2535427,BV15s411S7SF,1436190470,2015/7/6,21:47:50,02:39,617,1101,1696,546,1834
【刺客信条胸弟会】我从未见过如此厚颜无耻的刺客！,478,484401,//i0.hdslb.com/bfs/archive/a3464891770cc74177a33daad24370302a417dba.jpg,2348297,BV1ms411D7rv,1432204274,2015/5/21,18:31:14,09:39,3497,1914,3238,1330,3140
【嘟督】大胸弟！长相很别致啊！,755,509304,//i2.hdslb.com/bfs/archive/ac9e6c326b53c7d2f8d6ed380abfac366da918e0.jpg,2288334,BV1bs411D7M2,1430699445,2015/5/4,8:30:45,09:10,2868,899,2389,469,3213
