﻿title,comment,play,pic,aid,bvid,created,date,time,length,video_review,favorite,coin,share,like
【泠鸢生日投稿】喜欢你,7804,549575,//i2.hdslb.com/bfs/archive/e523109320dde93e7919cbfed4a780bc1a4a81e6.jpg,710650037,BV1KQ4y1K7iZ,1589860852,2020/5/19,12:0:52,04:16,10952,25567,49387,3817,73656
【爆裂魔女】白夜协奏曲,1200,194014,//i0.hdslb.com/bfs/archive/596f6ff1a355350fae683a495ccb65ab330f4405.jpg,795487085,BV1YC4y1W7TM,1588240818,2020/4/30,18:0:18,02:35,716,9248,14297,1394,30166
【泠鸢翻唱】巡恋风（那…再见了）,2180,368667,//i2.hdslb.com/bfs/archive/6a03980bdf7fc60a668b73d6feaaa29b93dcee43.jpg,837793609,BV1Fg4y1h7HY,1587533755,2020/4/22,13:35:55,04:33,1897,18473,29754,2040,46443
【高能时刻】关于我为了大爱而成为恶鸟，你以为的不是你以为的，坐在云端看着混乱纷争偷偷笑出声这件事！,2069,606152,//i2.hdslb.com/bfs/archive/67326ccb588e12ca4e84f6ed8bfcca6239405706.jpg,98576632,BV1j7411m7ek,1584919743,2020/3/23,7:29:3,11:45,4403,6397,12943,1778,44717
【bilibiliX腾讯音乐】国风年度巨献《夭夭》,3609,1035732,//i2.hdslb.com/bfs/archive/4c418a6208eb4d23eea9fca7a6c3fb67132c7f41.jpg,95697239,BV1SE411V78E,1584026360,2020/3/12,23:19:20,03:23,4242,69663,67522,7142,108244
【泠鸢·翻唱】流年如歌 [拜年祭金曲翻唱~],3261,533975,//i0.hdslb.com/bfs/archive/ada57ec90a4b957ff41c04e53bd262b5c4dc0b36.jpg,94304902,BV1BE411p7oi,1583525852,2020/3/7,4:17:32,04:49,3271,29048,53250,3990,62046
【官方回播】Bilibili Macro Link-Visual Release 2019,8463,921029,//i2.hdslb.com/bfs/archive/d439545794b99d3ca88facc56fb2e1564a2e570f.jpg,92188887,BV187411N7pq,1582905656,2020/2/29,0:0:56,189:22,97449,37786,46342,8948,62537
【泠鸢·第二张个人专辑】《折纸信笺》原创动画&专辑试听宣传PV,3087,414291,//i2.hdslb.com/bfs/archive/d58aa3cc136a73e9df0159448826fd0a17090b08.jpg,90595226,BV187411w7U6,1582284650,2020/2/21,19:30:50,06:49,3345,18660,35402,3905,48725
【泠鸢翻唱】横竖撇点折（2020拜年祭-首翻）,4135,1574529,//i0.hdslb.com/bfs/archive/bffaac410d0d5efdf77102d719be172de4fc327a.jpg,84648811,BV1w7411v7pG,1579946456,2020/1/25,18:0:56,03:50,7080,77902,110292,10218,127421
星之回响【2020拜年祭单品】,5317,1669015,//i2.hdslb.com/bfs/archive/c39ad6fbe8ce79d4e0ff9b1dc76b02c37aa14907.jpg,78978587,BV1KJ411C7qF,1579877678,2020/1/24,22:54:38,05:01,14700,79302,97459,16312,108925
VRFM第三期 I Never 大决战,191,93631,//i0.hdslb.com/bfs/archive/5bb728838deaa351874055b5e1c8a2dc29975c72.jpg,84279456,BV1S7411v7WB,1579515073,2020/1/20,18:11:13,86:06,1137,1111,4175,665,10514
【泠鸢翻唱】桃花笑（已经等不及要过春天了！）,3159,849973,//i0.hdslb.com/bfs/archive/47315dea308b1960f81488c9625eea15377e6102.jpg,84156638,BV137411v7Sf,1579437809,2020/1/19,20:43:29,03:16,3043,34190,57271,4045,71418
【Days乐团 X 泠鸢yousa X Hanser】2019BilibiliWorld成都站 12.22 主舞台 15：00-16：00场,751,376379,//i0.hdslb.com/bfs/archive/d5755909b5235e810cc1309507f2a43139b9c649.jpg,80533851,BV1AJ411W75Y,1577221109,2019/12/25,4:58:29,22:44,3509,6967,12764,1894,27221
"【本间向日葵 x 泠鸢yousa】Happiness! Happy Magical? ハピネスっ! ハピィーマジカルっ?【BML2019广州单品】",458,238427,//i0.hdslb.com/bfs/archive/478452f390652744db931f86595dda36f9a88459.jpg,78461590,BV1NJ411v71e,1575864018,2019/12/9,12:0:18,05:49,739,3215,5213,1267,14987
"【泠鸢yousa】繁华唱遍&一片柳叶响山坳【BML2019广州单品】",944,315740,//i2.hdslb.com/bfs/archive/0add1b903c8fe6699cd2e77b3dc5db40a41cb96d.jpg,78456431,BV1PJ411v7Xp,1575744255,2019/12/8,2:44:15,10:32,2032,6128,9716,1635,20579
【泠鸢翻唱】僵尸制造者-ゾンビメイカー Zombie Maker【ATOLS】,1078,336105,//i0.hdslb.com/bfs/archive/635b67a7aad0d151a5780414193285ccfb0ab67a.jpg,73932712,BV1eE411b7N2,1572428902,2019/10/30,17:48:22,02:41,730,10264,23691,1505,31833
用VR进入二次元看萌妹子的时代终于来了？！——BW上海场vlog,1552,795066,//i1.hdslb.com/bfs/archive/7c6b998a59068766653e30c50a4718fc9b1cc5be.jpg,71232506,BV1XE411d7cy,1571133617,2019/10/15,18:0:17,13:45,7240,14761,22878,5090,43805
【NIJISANJI&VirtuaReal】二次创作大赛获奖作品发布,318,134534,//i0.hdslb.com/bfs/archive/76b097e26fe54fbd2983cb503931b1cb38972957.jpg,69520561,BV1tE411X7LY,1569847927,2019/9/30,20:52:7,71:35,1190,1771,3798,762,12119
【泠鸢翻唱】星空之下,1695,371129,//i0.hdslb.com/bfs/archive/db52585d2a90f57b0bbf521efcab5f4832a94272.jpg,68950844,BV1DJ411K7xf,1569412808,2019/9/25,20:0:8,03:26,1270,9246,24621,1519,31903
【泠鸢翻唱】田螺（中秋特供翻唱）,1704,452956,//i1.hdslb.com/bfs/archive/1b2862379b86441386023cd89b926d580e99c50b.jpg,67581905,BV1GJ411N7ks,1568363407,2019/9/13,16:30:7,03:23,1711,16655,35575,2335,42011
【泠鸢】灵笼-《incarnation》伪出演pv,3172,1330328,//i1.hdslb.com/bfs/archive/c45181a03206c18bad7d670ac1e421880062ed90.jpg,65162157,BV114411r7gv,1566648001,2019/8/24,20:0:1,03:42,4269,58510,79489,6167,97892
【泠鸢翻唱】星之所在（来怀念经典了！）,2016,528281,//i0.hdslb.com/bfs/archive/54ab4d33f9d0539f5788e6dc8fb88a07d7ab9101.jpg,60005574,BV1Zt411n7Qx,1563796907,2019/7/22,20:1:47,04:44,1552,26545,48677,2463,47807
【泠鸢翻唱】未来轮廓,1607,397818,//i0.hdslb.com/bfs/archive/d3b60d7ca02fafac7c5c4a7a893fa93ee020aa40.jpg,58069752,BV194411c7Ru,1562500854,2019/7/7,20:0:54,02:37,925,17304,35755,1640,38586
【泠鸢翻唱】Lightning Of My Heart,1109,197372,//i2.hdslb.com/bfs/archive/37a2a1fce79c9479d3829e56d750b9a8074ae388.jpg,57506238,BV14x411X72A,1562068843,2019/7/2,20:0:43,05:29,573,5698,15741,763,19331
【泠鸢/KB】故人泪（刚一出就喜欢的歌~）,1966,568086,//i0.hdslb.com/bfs/archive/3f0df9585539b91518f990c659cd71e3885086a1.jpg,57176609,BV1tx41197oM,1561780833,2019/6/29,12:0:33,03:30,1894,26439,41903,2657,48039
【泠鸢翻唱】bangdream-ハピネスっ! ハピィーマジカルっ♪,1297,364068,//i2.hdslb.com/bfs/archive/e367d575f230cf3866a2604c384d55b4c3d50ba2.jpg,53969834,BV1X4411W7S2,1559145606,2019/5/30,0:0:6,03:33,331,6025,18048,1237,21712
【泠鸢】樱花大战怀旧翻唱-《檄！帝国华击团》,1340,236205,//i2.hdslb.com/bfs/archive/84cc5682d1ca91eada5486fe47ea10148c1ecb7f.jpg,50334580,BV1s441187rW,1556193635,2019/4/25,20:0:35,03:00,1114,7000,19073,1146,19590
【泠鸢vlog#2】超贴心攻略！成都大熊猫基地你需要了解的游览技巧~,1491,441487,//i0.hdslb.com/bfs/archive/a0c493e99ce231d630d517d13cc5e67709a34a1f.jpg,48095315,BV1kb411p7XK,1554207975,2019/4/2,20:26:15,01:53,821,4817,19420,1288,27609
"【泠鸢】心情差,只有小情歌能治愈！翻唱《勾指起誓》",5596,2005295,//i2.hdslb.com/bfs/archive/9816901e6e3183ea1fa0cc540fc8b04ac2af98e1.jpg,45118635,BV1Fb411B7yC,1551512918,2019/3/2,15:48:38,03:04,11367,85414,116669,15718,114649
【泠鸢】繁华唱遍（虽已不似当年景，仍有人传有人承）,9529,2185125,//i0.hdslb.com/bfs/archive/4467bebd1af3c206f36f8a1b4a41c95961d1bcb0.jpg,41949084,BV1xb411C7KW,1549470685,2019/2/7,0:31:25,04:16,9871,124436,179203,22391,152998
【泠鸢】-告白-不插电翻唱（恋爱的味道是如夏天的糖水吗？）,1589,343300,//i0.hdslb.com/bfs/archive/2bdeabab4f8b9f1ea4912f9f338200d95a54ef5c.jpg,39111457,BV1ct411r7SK,1545915648,2018/12/27,21:0:48,04:16,1410,16016,32598,2262,28700
【泠鸢•翻唱】无限少女 暖暖生贺翻唱,1171,286575,//i0.hdslb.com/bfs/archive/3617bc3eaf3f267ec58037ec8eeb09f3e30d2c0e.jpg,37541571,BV1Kt411S71s,1544097652,2018/12/6,20:0:52,01:46,576,8727,16026,1520,20014
【鸢×茶×憨×三】千里邀月（人声本家·原创曲）,8589,2155212,//i1.hdslb.com/bfs/archive/496264d313a6bb0cdf483f49e07184da5ecec250.jpg,37404066,BV15t411Q776,1544011255,2018/12/5,20:0:55,04:01,11628,143733,188101,20532,143701
【泠鸢/小野道】恋爱语音导航【原创】,1741,239756,//i2.hdslb.com/bfs/archive/ab07510e9454c71fc395897ef3dc3ead5e279523.jpg,36069838,BV1ot41127e6,1542354872,2018/11/16,15:54:32,04:03,836,13305,23268,1518,20298
【泠鸢·翻唱】夜宴风波,1566,484503,//i1.hdslb.com/bfs/archive/cb4471cc51c02cdf4170cc74bd9bfdffb02e684d.jpg,35648483,BV1Rb411c7xQ,1541824247,2018/11/10,12:30:47,03:26,1521,23412,40339,3349,31074
【泠鸢·翻唱】响喜乱舞（翻唱经许可）,1197,253117,//i0.hdslb.com/bfs/archive/5c20987144b89e7e4a29d156813dbd89ef46b513.jpg,34106239,BV16t411d76Q,1539950408,2018/10/19,20:0:8,06:12,997,11713,19096,1121,17573
【星火行动】朝汐【泠鸢&双笙】,5372,978108,//i0.hdslb.com/bfs/archive/8567fec72badcd1d42f3e11c4d6b1f7da90b5553.jpg,32576222,BV1dW411U7sR,1538384406,2018/10/1,17:0:6,04:59,10979,55657,83625,18200,55515
【泠鸢】安稳最好啦！,1648,268928,//i0.hdslb.com/bfs/archive/16cda7cb4ebba5937efeab4b94f3bab074ef0384.jpg,32244811,BV1uW411z7SG,1537704045,2018/9/23,20:0:45,03:18,1114,9334,26643,1446,21833
【泠鸢】约战-デート・ア・ライブ,1401,295393,//i2.hdslb.com/bfs/archive/17f4fa2388a4288e8f120d1f16f4580d5d11e916.jpg,32149382,BV1nW411r7AU,1537531215,2018/9/21,20:0:15,01:56,1577,9611,18963,1540,19496
【泠鸢】一生等你,1998,336570,//i2.hdslb.com/bfs/archive/2edd2b2bc13762c7722a5c5a025f950017850da5.jpg,29412024,BV1cW411R7CA,1534334424,2018/8/15,20:0:24,03:30,1474,8227,16876,1714,16185
【剧情向MV】何日重到苏澜桥·柔情版,1164,111052,//i0.hdslb.com/bfs/archive/c5a98dc68648885eb516f043825048eb15aa687b.jpg,29378806,BV1DW41197UJ,1534314645,2018/8/15,14:30:45,05:04,859,3724,9488,1000,10554
【泠鸢】Fall In Love,2661,453942,//i1.hdslb.com/bfs/archive/7dc5910f35102f290eabeafcb5aa9b3209849483.jpg,28753974,BV1bs411g7Hy,1533643253,2018/8/7,20:0:53,04:01,2094,16819,23526,2814,21248
【泠鸢】易水诀【忘川风华录】,2370,326718,//i2.hdslb.com/bfs/archive/a0745ffdc71d27a4acb83409707952d9d0aa1cb6.jpg,28091892,BV1Qs411c7Qy,1533097819,2018/8/1,12:30:19,04:41,2000,14590,24781,2858,19023
【泠鸢】梦想→World→歌唱 （难以置信！）,2976,249614,//i0.hdslb.com/bfs/archive/8350e521cceb46a89859e6da2ccfec7370b32069.jpg,27890432,BV1as411A7eV,1532701651,2018/7/27,22:27:31,04:27,2007,11402,30708,2027,22365
【银临&泠鸢】怀梦之泽【天谕动画第二季ED】,5274,619229,//i0.hdslb.com/bfs/archive/a50110c2b792840f62a5517a5fbd03d82cd9f146.jpg,27310249,BV1Rs411N78q,1532145655,2018/7/21,12:0:55,03:59,4448,24582,45916,9428,35371
【泠鸢】多情岸【忘川风华录】,3035,383526,//i0.hdslb.com/bfs/archive/2f7e3238b3070559460d6d23f45ace7bac9206f1.jpg,25779877,BV1cs41157nv,1530268230,2018/6/29,18:30:30,04:53,2231,18483,34539,3932,19420
【泠鸢·原创】就当做是幸福吧-それを幸せにしよう【屏中不二纸 、乐夕、苏别久】,1843,223522,//i2.hdslb.com/bfs/archive/967988a94abc5ee00ecb64ef2e381a59528fc3f0.jpg,24872703,BV1PW411A7Tp,1529054945,2018/6/15,17:29:5,04:00,1206,10188,24867,1307,13153
【泠鸢·原创】羽忆~,2936,310828,//i2.hdslb.com/bfs/archive/8c9f94a46af0fc1ed16ba450d559df657b9d26f3.jpg,23930316,BV1Yp411R7Ma,1527336044,2018/5/26,20:0:44,03:45,2554,17528,31783,2785,17101
【泠鸢】Lemon（钢琴改编.Luna Pv.冰镇甜豆浆）,3286,595019,//i0.hdslb.com/bfs/archive/c15500a8d4b64f03164cbbf00bc8a69d59be5ed3.jpg,22786099,BV1XW411V7W5,1525086366,2018/4/30,19:6:6,02:44,2304,30479,44713,4405,23774
【泠鸢·原创】何日重到苏澜桥【改于真实故事】,5131,970250,//i2.hdslb.com/bfs/archive/555b1b42bdf8928dde68696312848cc7a968695d.jpg,21637794,BV1ZW411T71x,1522900852,2018/4/5,12:0:52,04:18,3852,47030,68136,9058,34644
【泠鸢·百万答谢】For you.写给你的歌【原创FT.wing翼】,4268,288074,//i0.hdslb.com/bfs/archive/7785ec22c40773abf84cf7f2a8c4525e32adfec6.jpg,21120318,BV1aW411g7eL,1521793715,2018/3/23,16:28:35,05:13,5670,17893,45305,2716,18515
【泠鸢·原创】天空原本的颜色【白起同人】,2867,196617,//i1.hdslb.com/bfs/archive/9ae57afe84a4752918c27e48a01ae4b376d22107.jpg,19574758,BV1XW411E7zR,1518582626,2018/2/14,12:30:26,01:46,1443,12601,16501,2494,13935
【泠鸢】流月人间（病弱向= =）,2492,264187,//i0.hdslb.com/bfs/archive/ef277e918f7bfd379c67800a8f118bfb45dc2f46.jpg,18912129,BV19W411n7Ln,1517400031,2018/1/31,20:0:31,04:37,1691,11812,25852,1620,11254
【泠鸢】激昂壮志,3226,477246,//i0.hdslb.com/bfs/archive/579c6346fcce952c871fc3e9852b1745f3cff988.jpg,18104187,BV1aW411i75S,1515427246,2018/1/9,0:0:46,03:57,3030,15494,25103,2242,13698
【三无&泠鸢】「寄明月」(国风舞曲),7327,2038506,//i0.hdslb.com/bfs/archive/407cd7bb998d629bb581ec50eb4977e2a83facac.jpg,18049015,BV1mW411B7KY,1515294603,2018/1/7,11:10:3,03:51,8714,104420,119675,16016,59585
【泠鸢·原创】埋葬【wing翼】【茜色诗集】,2369,348637,//i2.hdslb.com/bfs/archive/b6ec8cbb9dfefd6e87284865ffe849124fcc884d.jpg,17795964,BV1vW411b7au,1514695588,2017/12/31,12:46:28,05:01,2144,21926,29575,2592,13765
【泠鸢•wing翼】好吃非人哉【必胜客x非人哉】,1349,153051,//i1.hdslb.com/bfs/archive/74f490b3828b27f379a7962996a822e9fa7b1b29.jpg,17255006,BV1cW411a7ru,1513310445,2017/12/15,12:0:45,03:05,1112,3365,8263,1050,5016
【泠鸢】Remember Me【寻梦环游记】,1998,441990,//i2.hdslb.com/bfs/archive/6cd9c927240fcac0999df2fd75e99402a522eabe.jpg,17097333,BV15W411h7wv,1512815363,2017/12/9,18:29:23,01:10,1220,13643,20583,2703,9521
【泠鸢】交织together【单人版】,1977,347940,//i1.hdslb.com/bfs/archive/0eb6f509d9c332a35ec1b601836eb25ab52335f7.jpg,15770997,BV11x41177D1,1509098194,2017/10/27,17:56:34,04:22,2309,12340,23714,1956,7291
【泠鸢】玄鲸之誓,2987,351860,//i0.hdslb.com/bfs/archive/f891fe01e6e74e4372c35729205767a872902cb0.jpg,15519586,BV1Vx411M7i6,1508500836,2017/10/20,20:0:36,03:19,2571,15972,27713,2501,7693
【FGO周年庆】色彩-泠鸢翻唱,2672,285507,//i0.hdslb.com/bfs/archive/5687e2680e7722344b09d60ab1b1267d54c9f0bb.jpg,14816615,BV1Xx411G7up,1506960014,2017/10/3,0:0:14,02:07,2226,7924,16741,1501,4566
【泠鸢·原创】小丑的品格【怪盗V、Leon】【茜色诗集】,3627,592341,//i0.hdslb.com/bfs/archive/920c5173cbc86d1f2694c469684f917dbb9f5eb4.jpg,14927846,BV1jx411V7WU,1506767180,2017/9/30,18:26:20,04:42,3615,34545,50237,4977,15198
1.【泠鸢】你曾是少年 MV【开学要励志】,6274,1194399,//i0.hdslb.com/bfs/archive/a2038725f6c4a41bf4d032844d5fa3d8d4554d63.jpg,14047368,BV1ex411t7Af,1504265402,2017/9/1,19:30:2,04:22,11456,40456,49149,11288,20367
【取经计划·原创】新·九九八十一【泠鸢】,24323,5120661,//i2.hdslb.com/bfs/archive/353bc71791f4661a126ac470ca30d7a59ea8ac6e.jpg,13203642,BV1Yx411n7pR,1502424023,2017/8/11,12:0:23,03:32,59841,309511,297618,87669,83608
【泠鸢】我的世界已坠入爱河【AMV授权使用】,3905,519416,//i2.hdslb.com/bfs/archive/e7fcd23a3f178df26c3804b1faffe287b317d4b1.jpg,12187193,BV1Dx411q7yj,1500031836,2017/7/14,19:30:36,05:10,5309,23485,29922,3905,4342
【泠鸢】在庭园中。,3558,457165,//i2.hdslb.com/bfs/archive/769944b5062ca60f9cb3d162bca1bf2b1cfe2c08.jpg,11567945,BV1Vx41167rK,1498227576,2017/6/23,22:19:36,03:08,3249,26348,35985,3641,3544
【泠鸢】金鱼姬の梦想【六一特供】【统治世界不只是说说而已！】,2538,319225,//i2.hdslb.com/bfs/archive/1d83e0ee16ab3eab6ad8dd3a0ec32c810e22f036.jpg,10983593,BV1hx411e7Qm,1496287852,2017/6/1,11:30:52,03:31,2578,12477,20624,3246,2751
【泠鸢·原创】乡情曲【盖盖】【茜色诗集】,2084,280554,//i2.hdslb.com/bfs/archive/4c8f1fdd5bfc8e74c2585ae9c7fca69bfdd7719f.jpg,10848989,BV1Sx411Y7Uj,1495879211,2017/5/27,18:0:11,03:56,2601,11567,21681,1810,1881
【泠鸢·人声本家】梦想芭菲☆,2502,208622,//i0.hdslb.com/bfs/archive/86e2d5395208c71b0f0afd1b197dae4e0eff0937.jpg,10193446,BV17x411S7wH,1493517615,2017/4/30,10:0:15,03:56,1837,6130,13021,995,872
【泠鸢】少年与刀,2267,301617,//i2.hdslb.com/bfs/archive/36c229151d3129cc0bf337e451485632beda592e.jpg,9760079,BV1ex411S76g,1491885350,2017/4/11,12:35:50,03:14,1739,11223,15501,1325,1379
【泠鸢】窝要宣李白[速录翻唱-李白],3067,437099,//i2.hdslb.com/bfs/archive/b4647f86e1086f84b5a02a0b908dc0661e3390b4.jpg,9383750,BV1xx411k7DT,1490433388,2017/3/25,17:16:28,04:32,4523,13898,22577,1972,2087
平安奇妙物语【泠鸢yousa/KBShinya/祈Inory/佑可猫/玄觞/云の泣/奇然/Mario】陪伴是唯一的祈愿,2495,458454,//i2.hdslb.com/bfs/archive/9d0f2551c52d0e201bdcd546367c25883fafacd3.jpg,9201285,BV1Hx411r7wz,1489665799,2017/3/16,20:3:19,04:16,7623,30665,27798,5274,4472
【泠鸢·东京塔】花头台,1973,212601,//i1.hdslb.com/bfs/archive/b824f460efbe3ed3f61f970a5e2a64cc3fe6ee88.jpg,9098914,BV1hx411C7tA,1489226228,2017/3/11,17:57:8,03:02,1559,10053,13535,1318,1303
【祖娅·泠鸢·洛萱】万神纪【三人翻唱】,3148,665634,//i1.hdslb.com/bfs/archive/afd03456c709e7bda3762498f5e542e8eac955d8.png,8825394,BV1Zx411y7Gu,1488017353,2017/2/25,18:9:13,05:07,5554,30588,31544,3398,5986
【泠鸢】醉【嫣汐曲翻唱-低音练习中…】,3185,579391,//i0.hdslb.com/bfs/archive/1edf369fff93aa4fe2d6da5e364a4446de14a73e.jpg,8673782,BV1cx411y7je,1487341207,2017/2/17,22:20:7,04:32,4091,30584,31993,5628,4480
【泠鸢】春意红包【填词作SOLO】,2858,304894,//i2.hdslb.com/bfs/archive/a35613ce12ded95c803fc5a616e1dc74f78f1942.jpg,8556160,BV1Lx41127na,1486818716,2017/2/11,21:11:56,04:42,2509,16101,24102,1715,2721
【泠鸢·原创】泼墨漓江【玖玲】【茜色诗集】,3987,760598,//i1.hdslb.com/bfs/archive/54472f950e8b0aa8e245589e8330bf9e1fd6f9d1.jpg,8086541,BV1Ds411h7T1,1484755580,2017/1/19,0:6:20,05:06,6106,46220,49579,8022,10575
【泠鸢】光降【魔法少女小圆剧场版ed】,1778,238302,//i1.hdslb.com/bfs/archive/681518757d4f0fa2b9ea980a8b867aeaaeec2d2e.jpg,7797004,BV1ws411Y77R,1483242171,2017/1/1,11:42:51,05:02,2117,8828,13565,1045,1902
【泠鸢·原创】《Purplepink》萌向少女风〔wing翼〕,1110,115984,//i0.hdslb.com/bfs/archive/59aef1588a0e55fedf12f6c1558d716a36a8c13a.jpg,7719671,BV1Bs411a73v,1482814785,2016/12/27,12:59:45,01:37,786,3091,5982,806,692
【泠鸢·原创】男孩们的旅行【西门振】,1351,129712,//i0.hdslb.com/bfs/archive/06d55a926f167d6231268fc3d3654d1713ca976e.jpg,7660849,BV1ns411a7xs,1482496336,2016/12/23,20:32:16,04:52,1502,5965,10279,1065,1149
【泠鸢&翼】前前前世【原创慢板伴奏&PV】,5247,1174473,//i0.hdslb.com/bfs/archive/c95bd903669066ae6fe19aa8730e8b6c0a728e5f.jpg,7474333,BV1Vs411e7jC,1481388826,2016/12/11,0:53:46,03:35,17105,75876,79939,13343,10607
【泠鸢】禁忌的边界线（反射弧系列之一）,2774,445714,//i1.hdslb.com/bfs/archive/992c95c1cceef2ee15ed3cfbf8ba7ea6474cd0a6.jpg,7368573,BV1hs411Y7Mh,1480772561,2016/12/3,21:42:41,04:37,5367,14614,18804,1547,5688
【泠鸢+三无】幸存者,1352,223978,//i2.hdslb.com/bfs/archive/0107e2446c9f7408f9aa9ab129659ac14707161f.jpg,7234206,BV1ms411W7x3,1479976950,2016/11/24,16:42:30,03:40,1714,8216,9469,983,1690
【泠鸢】鱼【良曲老歌推推推】,1394,160339,//i1.hdslb.com/bfs/archive/5f893e53abe8e9b423d010bdec228abf9d1cab5f.jpg,6860657,BV1ks411s73r,1477658264,2016/10/28,20:37:44,04:34,1273,5792,10691,1003,798
【泠鸢·原创】超远距连接【小野道】【茜色诗集】,2104,344455,//i2.hdslb.com/bfs/archive/228ae7709a73a6200e558d284b6718cfe3480137.jpg,6671378,BV1Ls41147PR,1476439914,2016/10/14,18:11:54,05:17,2961,20529,23854,2253,2468
【泠鸢】暗恋进行时【推歌向】【玖玲p】,1698,154724,//i0.hdslb.com/bfs/archive/d2b08634bb52ddb54a8863667069ee0ce5c75766.jpg,6491373,BV13s411b7Ab,1475337051,2016/10/1,23:50:51,04:50,1469,5727,6478,815,687
【泠鸢·自制PV】虹の向かい側-如果的世界-,943,204057,//i0.hdslb.com/bfs/archive/4bca2623c58755ed990e2495df1084225d13740c.jpg,6384826,BV1ts411t76T,1474623981,2016/9/23,17:46:21,01:38,708,3755,4616,522,360
【泠鸢·原创】夏日已所剩无几【WING翼】【茜色诗集】,4202,639369,//i0.hdslb.com/bfs/archive/3d211a9289bd274214de946dacf8c3e622c6d753.jpg,6291427,BV1xs411r7Mq,1473941252,2016/9/15,20:7:32,04:47,6063,41627,51010,7269,5389
【泠鸢】犬夜叉ED--“ Dearest ”,1720,212664,//i1.hdslb.com/bfs/archive/d1d832ff1901c7d0e110be848d15f802a20d9911.jpg,6263951,BV1ts411r7Zs,1473762669,2016/9/13,18:31:9,03:59,3240,8524,11318,1162,1088
【泠鸢·完整版】神代梦华谭,11680,2285559,//i2.hdslb.com/bfs/archive/07f87bcf8fcc2d7eccfe79594ca6e567b753d928.jpg,6132458,BV1Us411674x,1472833201,2016/9/3,0:20:1,04:03,11397,94715,92042,8224,20167
【泠鸢·试听版】神代梦华谭【试听DEMO】重投,1100,77528,//i2.hdslb.com/bfs/archive/79ee29e1cbf0ff3dfbd8059537de54a319672d26.jpg,6119164,BV1as41167RD,1472742611,2016/9/1,23:10:11,01:54,705,3036,4159,503,352
【泠鸢】本色【后期重做版】,7511,2033910,//i0.hdslb.com/bfs/archive/5bda546c32c122f3f61a1cd709acc9b804e7290f.jpg,5891178,BV1Ns411k7Ec,1471537063,2016/8/19,0:17:43,05:18,15272,89625,66962,26103,31177
【泠鸢·首张个人专辑】『茜色诗集』宣传PV--泠鸢初作曲收录，全曲试听！,3064,245576,//i2.hdslb.com/bfs/archive/48d8e20a8bbbff11f59350e97fe5e6a294ecdc72.jpg,5784107,BV1Ys411r7T4,1471000731,2016/8/12,19:18:51,06:50,3661,12161,14630,1881,2531
【西瓜kune·泠鸢】【日文原创】海座头【妖域】【半木生工作室】,3116,245116,//i1.hdslb.com/bfs/archive/e04a8aad4ad1890ca3cc33a5bda984c1d9dda298.jpg,5304035,BV1xs411y7gZ,1468315206,2016/7/12,17:20:6,05:07,4097,14935,15027,2353,677
【泠鸢】-云雀-战舞幻想曲主题曲,1110,226407,//i2.hdslb.com/bfs/archive/549be8f37cad0179a23f1d52f8c4dbba9d803924.jpg,4670862,BV1hs411B7HJ,1463364214,2016/5/16,10:3:34,01:34,1098,5247,5733,746,381
【泠鸢】春雨’三月雨系列,1706,213233,//i2.hdslb.com/bfs/archive/39f1257534cee2e6ad56ecdfd4bf1e0ce754731f.jpg,4436461,BV1gs41167Db,1461317809,2016/4/22,17:36:49,05:23,2620,8579,10910,1227,753
【泠鸢·改编】整装待发的旅人中文版 「行于逆风的旅人」,1530,194181,//i0.hdslb.com/bfs/archive/7c78b664e94435ac1d4fc359d36533bc32ca387f.jpg,4300913,BV1bs411z7qv,1460021409,2016/4/7,17:30:9,07:19,2113,6741,7419,951,419
【泠鸢·改编】横行勇者--横行冒险王[横行谣],1221,94977,//i0.hdslb.com/bfs/archive/1e5c12b7d05549478ea10ebc75e6a2f678b570a8.jpg,4219810,BV19s411B7yi,1459242062,2016/3/29,17:1:2,02:11,1568,2346,5001,560,341
【泠鸢】疯狂动物城try everything【儿歌向注意！】,4760,1723387,//i1.hdslb.com/bfs/archive/c5fe07f0df12e344ecf1120856ba6c6339432895.jpg,4125950,BV1Ds411Q74V,1458295571,2016/3/18,18:6:11,02:12,9021,58489,49083,9438,10554
【泠鸢】让我为你唱【心华曲翻唱】,1480,207745,//i0.hdslb.com/bfs/archive/2e763754fe91f2012d033880c0a38308e347150b.jpg,4071857,BV1ys411Q71p,1457715182,2016/3/12,0:53:2,03:50,1923,6712,8102,907,622
【泠鸢】Cinderella-灰姑娘【填词作品】,2881,495077,//i0.hdslb.com/bfs/archive/075520118e749a04a949c41bb8a4f2b62408c473.jpg,3968220,BV13s411Q7Nu,1456580455,2016/2/27,21:40:55,04:52,5466,27585,23947,5312,2774
【Bison仓鼠】对象A【泠鸢后期】【原创PV】,1612,207594,//i1.hdslb.com/bfs/archive/b1f3575cfc7343d480e1fa40e3cc23f1a6db9cb9.jpg,3763841,BV1zs411X7bQ,1454676284,2016/2/5,20:44:44,04:10,2666,7843,7716,1232,812
【泠鸢·原创】页角情书【西门振】【days乐团】,1460,214701,//i0.hdslb.com/bfs/archive/177b88b52ed4232fd0a156d5f97197bada50fc63.jpg,3704425,BV1as411X7UZ,1454138400,2016/1/30,15:20:0,03:58,2491,10726,9524,1585,820
【泠鸢调教·填词】[依绫心言]悠哉日常~悠哉~悠哉~【悠哉日常大王2ed中文版】,908,155413,//i2.hdslb.com/bfs/archive/f6cf40a4518472beb833973cdd8e5c694b12bebd.jpg,3646074,BV1ds411R7dN,1453541311,2016/1/23,17:28:31,05:26,1387,4739,4482,780,1157
【泠鸢x.Hanser】[填词]悠哉日常~悠哉~悠哉~【悠哉日常大王2ed中文版】,4149,973970,//i2.hdslb.com/bfs/archive/292fe7081589f53c1437a8cc2d1f9d9d4fdc4d64.jpg,3601884,BV1as411R7He,1453023431,2016/1/17,17:37:11,05:26,8350,41376,46515,6128,13257
【中日美合唱】Shayaba Diba【泠鸢\Tune\Ché:ria】,1083,157456,//i2.hdslb.com/bfs/archive/127861aec620a9c968a728ae565a48db494aec3c.jpg,3568413,BV1ps411R7Mp,1452598803,2016/1/12,19:40:3,04:37,1516,5437,5451,726,432
【泠鸢】神武雨霖铃-双旦神气威武！,808,90804,//i0.hdslb.com/bfs/archive/e47bd5c5a72b1c05f65dfcb541e952c7d80f73c1.jpg,3442041,BV1Xs411976F,1450948453,2015/12/24,17:14:13,04:34,1455,1907,2229,564,453
【泠鸢】-重力-GRAVITY【良曲推荐！】,1617,362078,//i0.hdslb.com/bfs/archive/cd199f72528f060aab3af801fbb7bb6739c9928f.jpg,3412958,BV1ys41197Yx,1450519110,2015/12/19,17:58:30,05:40,5540,15714,8529,2541,1373
【泠鸢直播】泠氏造人计划---理想男银,886,227571,//i1.hdslb.com/bfs/archive/77baf01853e5635346f425b5463343b5061e5eaa.jpg,3333208,BV1Ss411d7Gt,1449304350,2015/12/5,16:32:30,17:56,3799,1029,1569,257,619
【泠鸢调教】依+心「黑白回忆」,1197,130536,//i0.hdslb.com/bfs/archive/c3edefbb76f70ae2eb89031e432c0d6b7d754be6.jpg,3251607,BV1es411d7zb,1448025502,2015/11/20,21:18:22,04:42,1756,4871,2035,313,491
【泠鸢】相思赋,1452,593396,//i1.hdslb.com/bfs/archive/50d76b2fc1020eb2087ec0dc2c02556b83eee9eb.jpg,3236740,BV1Hs411d7J2,1447755934,2015/11/17,18:25:34,03:31,6041,25079,17000,2745,3545
【泠鸢调教】乐正绫*夜莺*,1583,200901,//i0.hdslb.com/bfs/archive/abf47bc0e77cb0fe8efc18013a71978d2de4c522.jpg,3181203,BV1Vs411d7Jd,1446866079,2015/11/7,11:14:39,04:45,2424,7383,3989,452,2009
【泠鸢】彼岸花枯萎之时【万圣特供】,1050,207359,//i1.hdslb.com/bfs/archive/510e793c77884b9f52c884965b382d7c744cf232.jpg,3140342,BV12s41127Do,1446198119,2015/10/30,17:41:59,03:47,1991,7026,4072,579,848
【泠鸢mmd·pv】哔哩哔哩耶！幸福就在你身边【模型配布】,1163,308025,//i2.hdslb.com/bfs/archive/04bbf3ac29a2689c98efd8402198b1aed96ae224.jpg,3050707,BV1bs41127nM,1444647564,2015/10/12,18:59:24,04:12,2350,7872,6524,511,1854
【泠鸢】晓秋月明【中秋快乐~！】,1079,199260,//i2.hdslb.com/bfs/archive/a6910a577a5791ff8915a0834d3a1e7a3351e741.jpg,2955279,BV1Fs41127kw,1443191850,2015/9/25,22:37:30,04:25,2766,7505,5131,656,1185
【泠鸢】岁月成碑【三体-叶文洁同人曲】,1534,446342,//i1.hdslb.com/bfs/archive/62000ff53aef4c086224b65dfe7a49d64f20d272.jpg,2900479,BV1es411171r,1442073914,2015/9/13,0:5:14,04:17,4120,17852,9405,2217,5693
【泠鸢·填词】小埋op中文版-干物鸟小鸢,4118,1238508,//i0.hdslb.com/bfs/archive/2e2845eeb761dab76b31a61d2f9e9621c9fdd466.jpg,2778252,BV1qs411m7CJ,1440148538,2015/8/21,17:15:38,01:32,9548,47602,32145,3407,10414
【泠鸢】无人赞颂的旅程-原创·pv（物语风系列失落的机械城2）,756,159642,//i1.hdslb.com/bfs/archive/c2f469a16ba553fdd1324ca0342f1afe5dff3267.jpg,2739873,BV1ss411m7K5,1439617714,2015/8/15,13:48:34,03:48,1863,5670,3605,341,1151
【泠鸢·海妖·祈·括号】落日余歌【机械城原创】,1479,258229,//i1.hdslb.com/bfs/archive/9c07ceec5b9c4a86eab899d8f7d79dc06cffb5d0.jpg,2664378,BV1Gs411m7iJ,1438424767,2015/8/1,18:26:7,05:39,3496,12558,5500,574,1111
【泠鸢】Million Ways=One Destination乖离性百万亚瑟王,440,114681,//i2.hdslb.com/bfs/archive/06cba7e2980c042bc41b6bcc6d3ae49688586c87.jpg,2617685,BV18s411S7bv,1437651565,2015/7/23,19:39:25,01:42,1041,2013,1524,237,353
【泠鸢】魔法旋律,752,143267,//i0.hdslb.com/bfs/archive/27f9295261a61de0f9be6e81facbc6298a197588.jpg,2553270,BV1us411S7rx,1436523867,2015/7/10,18:24:27,04:29,2140,3869,2263,200,558
《小红帽的一天》登陆独立音乐游戏《喵赛克》,310,64922,//i2.hdslb.com/bfs/archive/6782cbe9832b72acafffa93a226aa702f553ef0d.jpg,2538911,BV1Vs411S7d9,1436263499,2015/7/7,18:4:59,02:36,730,537,620,79,315
【泠鸢】正经唱·西游记·五百年沧海桑田,1456,561578,//i0.hdslb.com/bfs/archive/3aca787e2902e08a2433d9f8dc32a10c2db7747a.jpg,2519177,BV1Fs411S7g5,1435905561,2015/7/3,14:39:21,03:46,4583,6487,5748,638,3448
【泠鸢】14循环祭·吃货+神曲部分,1425,389317,//i2.hdslb.com/bfs/archive/24e059dca5e835e7479f8a3a4bd18bdde1c3df37.jpg,2457098,BV1Bs411U7ZH,1434709910,2015/6/19,18:31:50,02:25,4174,15720,12200,1359,3307
【泠鸢·填词】黑猫-（中文版）,2096,560270,//i0.hdslb.com/bfs/archive/fd3727cd5c152d622ff028372f338c5b5ce534b3.jpg,2376711,BV1Ls411U775,1432893809,2015/5/29,18:3:29,04:55,7378,23959,14531,1473,3752
【泠鸢·考古】古剑·霜月幻夜,594,164429,//i1.hdslb.com/bfs/archive/e5698df451e3e8510f5879c9c60a574adbf761f9.jpg,2353946,BV1Us411D71N,1432345982,2015/5/23,9:53:2,02:19,1688,1974,930,86,358
【泠鸢5.4<OH MIC>嘉宾访谈】广播录音,1118,92165,//i1.hdslb.com/bfs/archive/b5e3bb56041dab334552b61e347b6f3dadbe28b1.jpg,2293349,BV18s411D7Kz,1430831457,2015/5/5,21:10:57,28:20,7555,1506,1631,177,694
【泠鸢】幸腹涂鸦op-关于我所知的幸福的5个方法,563,93202,//i0.hdslb.com/bfs/archive/e577ac9aef2e8d092f915d50eb9d94229ca4b330.jpg,2271939,BV1es411D7cE,1430384568,2015/4/30,17:2:48,03:18,852,1120,1144,81,325
【泠鸢】爱的供氧，供供氧~！！！,5347,1428737,//i1.hdslb.com/bfs/archive/582ec09e53b4f57db74386c8ccca61bbcaf6b90c.jpg,2228735,BV1Hs411D7pG,1429262448,2015/4/17,17:20:48,03:44,33927,30420,26238,6014,23593
【泠鸢】月光润色女孩【中文版】,1511,540650,//i1.hdslb.com/bfs/archive/f0a424372e1297f0eaa29cd24178fb26b32ea554.jpg,2149900,BV11s411S78H,1427439646,2015/3/27,15:0:46,04:28,6409,21986,10432,1199,2354
【泠鸢】UFO -（教主带我走吧！）,505,94368,//i0.hdslb.com/bfs/archive/c59183d2e9c73236477ab5cc32a8f2e7e4544a48.jpg,2129706,BV1zs411S78T,1426907463,2015/3/21,11:11:3,04:39,1190,1292,1037,103,360
【泠鸢】 格斗宝贝·萌萌打（萌不萌都打！）,809,199637,//i0.hdslb.com/bfs/archive/3c2d0ba25f9db343bbe6165f03a5a4fbc2c2ff7d.jpg,2104034,BV1ks411S7Kx,1426249467,2015/3/13,20:24:27,03:46,2321,3462,1946,193,898
【泠鸢·汤圆节】正月十五是元宵~,1126,209211,//i0.hdslb.com/bfs/archive/37d6ce8f02417419e265576185b64ba0c6585d73.jpg,2077112,BV1cx411P7ie,1425531135,2015/3/5,12:52:15,03:20,3542,6468,5109,604,1781
【泠鸢·合集】2013.8-2015.2原创·作词·翻唱 选集,597,105604,//i0.hdslb.com/bfs/archive/e3ca760244683bb43c623e9976810350d7d4282a.jpg,2061483,BV11x411A7qj,1425141550,2015/3/1,0:39:10,11:10,2374,2919,1452,79,297
【泠鸢·填词】零嘴玩具店与放学路（小学那点事）,864,261977,//i1.hdslb.com/bfs/archive/c0bd5fb7811308bf96dcbbe3cdff76744b90f590.jpg,1957139,BV1Gx411A741,1423018846,2015/2/4,11:0:46,04:23,3824,7246,3746,312,1041
【泠鸢】醒过来！！te-yut-te（精神攻击注意）,824,238901,//i2.hdslb.com/bfs/archive/ac284428dd3b828f9f5f76db66736e39c8cd399a.jpg,1897146,BV1dx411w7H6,1421478307,2015/1/17,15:5:7,01:14,1918,6326,3069,1142,3459
【原创·泠鸢】Asking.FATE弓凛原创同人曲（Days乐团）,380,149369,//i2.hdslb.com/bfs/archive/0ac907a735b972a58f2d9af9e07b380889c52a48.jpg,1853413,BV1rx411w7yF,1420188147,2015/1/2,16:42:27,03:56,1341,3451,1857,172,670
【泠鸢】圣诞节是啥？念个经冷静一下…【感冒音】般若心经,491,159835,//i2.hdslb.com/bfs/archive/cebbeae1a82f754413c9f7c1f0f75e2ebcffa181.jpg,1810936,BV1nx411N77e,1418956309,2014/12/19,10:31:49,02:44,1936,2978,1433,338,508
【泠鸢】FATE/SN-ubw-ED《believe》,709,291681,//i0.hdslb.com/bfs/archive/99e2fc6f614f535a09fc244e28ae4952bb4ea59c.jpg,1774230,BV1ux411N7xT,1417763730,2014/12/5,15:15:30,03:49,2685,5654,3349,172,794
【泠鸢·填词】神的随波逐流-中文版【神的自我催眠= =b】,7992,2925820,//i2.hdslb.com/bfs/archive/3607393faed75af20c09885d3fbc53dcd87ff166.jpg,1731565,BV1yx411P71w,1416548627,2014/11/21,13:43:47,04:15,26890,147990,108689,11684,57709
【泠鸢】没有名字的怪物,313,164940,//i0.hdslb.com/bfs/archive/5f9bdcdc263ae2e93784826dbf708c769a10e8c4.jpg,1689465,BV1ax411P7Rn,1415330836,2014/11/7,11:27:16,02:53,1247,2478,1544,78,561
【泠鸢】机械城2·机械舞者（作词作品）,149,53476,//i0.hdslb.com/bfs/archive/15c823c4a1f7d61ae8bf66d26e3f47e729e7bbec.jpg,1673191,BV1qx411P71P,1414819908,2014/11/1,13:31:48,04:43,534,1201,938,60,337
【泠鸢·无伴奏】失落的遗迹+废墟中的花朵【失落的机械城1】,266,70957,//i0.hdslb.com/bfs/archive/4a40dc9bd890b365f1daf26b4184675a9fdd4194.jpg,1567717,BV1vx411K79m,1411894298,2014/9/28,16:51:38,08:23,849,2354,1843,213,621
【泠鸢】JoJo的奇妙录音事故-STAND PROUD-OP3,370,113870,//i1.hdslb.com/bfs/archive/b18e0a4de89205c2777da909f2c9a18c83727e82.jpg,1503087,BV1Lx411K7u5,1409933078,2014/9/6,0:4:38,01:33,864,2058,1666,347,1848
【泠鸢】民国爵士·氤氲语,289,50879,//i2.hdslb.com/bfs/archive/34d0a94c1fd7a78a14e9c17196669b71e1f5d4e7.jpg,1482187,BV1Ex411K7i4,1409362958,2014/8/30,9:42:38,03:16,578,1079,979,60,329
【泠鸢】彩云国-最美的单思~海豚音没得哦,818,288244,//i2.hdslb.com/bfs/archive/d21fe90f65daceef0e6cbe3842875447f154fc66.jpg,1421474,BV1wx411K7xT,1408130606,2014/8/16,3:23:26,03:04,6332,7149,3599,344,727
【泠鸢】风萤月,492,135253,//i1.hdslb.com/bfs/archive/fb477f018b353c75eff81536ba9c0d05723bf18e.jpg,1389714,BV1Qx411N7H6,1407488652,2014/8/8,17:4:12,05:20,2039,3956,2075,251,697
【机械城2·括号君】机械舞者（国人原创物语音乐专辑）,196,91102,//i1.hdslb.com/bfs/archive/a18389c4ee758c0b6e5700bf78bab1b2ae25eda6.jpg,1363032,BV1ax411N7hA,1406967346,2014/8/2,16:15:46,04:43,844,1574,1023,48,256
【泠鸢】完整版unravel东京食尸鬼Dj-Jo remix ver.,1711,893857,//i2.hdslb.com/bfs/archive/7f41ea1b36bf06e4fb5ebcc3e660f7cc0baec941.jpg,1331467,BV1sx411N7Fs,1406326129,2014/7/26,6:8:49,04:00,12691,18014,8671,1292,3678
【机械城2·山新】机械的记忆（南北治愈向）,259,70361,//i1.hdslb.com/bfs/archive/5c075dd5dc7241e817a67795e63dd206cef9a367.jpg,1298242,BV19x411T7T3,1405576426,2014/7/17,13:53:46,02:45,726,1756,854,92,324
【泠鸢/wing翼】Freely Tomorrow.钢琴版,294,85646,//i1.hdslb.com/bfs/archive/4ca07acd7907dc242864492534b0f7e408fa0619.jpg,1280625,BV1fx411T7VG,1405145716,2014/7/12,14:15:16,02:46,758,1896,1257,77,375
【泠鸢】起不来！（28秒的忧伤）,535,298727,//i2.hdslb.com/bfs/archive/b638e308850a7fa40d233f74ea9a5809cd01292e.jpg,1255700,BV1Dx411T7Dk,1404476976,2014/7/4,20:29:36,00:28,1038,5426,3015,891,6731
【泠鸢-真·感冒音】外婆桥,1766,644804,//i2.hdslb.com/bfs/archive/79fda4fc08bce3d9491d99251d63d56f5cf5c857.jpg,1174666,BV1Lx411T7nN,1402022012,2014/6/6,10:33:32,04:14,9609,25986,12961,1985,5261
【泠鸢】废墟中的花朵-【失落的机械城I】,605,171824,//i1.hdslb.com/bfs/archive/6984dc90d51335d7220cf90a02f63519f7d101e5.jpg,1142320,BV1Nx411T7mi,1400839619,2014/5/23,18:6:59,04:52,2784,6781,5602,493,1751
"【南北组】失落的机械城2，DAYS,泠鸢,小祈,海妖,括号,山新，物语风音乐专辑",485,123507,//i1.hdslb.com/bfs/archive/12504e347ece52c06ab294378af43619ae97b5b9.jpg,1093124,BV1Fx411T7RR,1398849615,2014/4/30,17:20:15,10:51,5211,4304,1368,109,405
【泠鸢】朱色砂滨（红沙滩-中文填词）,300,123607,//i2.hdslb.com/bfs/archive/cc47cc8811da320996cf5fb00cff22b0518fce74.jpg,915359,BV1Xs411o79Z,1389939266,2014/1/17,14:14:26,03:56,1434,2768,1513,87,390
【泠鸢】提灯照河山,375,146229,//i0.hdslb.com/bfs/archive/d61945556236fd4322378b7a93a89349d7f23493.jpg,887702,BV19s411o7SN,1388102734,2013/12/27,8:5:34,05:10,2110,4423,1935,191,930
【泠鸢】芝麻香,389,156060,//i0.hdslb.com/bfs/archive/9a255b21ab2dcee4369f6716bca79adbc6bcd41e.jpg,870754,BV1zs411o7N6,1386919904,2013/12/13,15:31:44,04:11,2463,4786,2955,187,601
【泠鸢】小夜子（中文填词）,430,172811,//i0.hdslb.com/bfs/archive/c4f721c60032171c64778bd8592605c0e502f4b2.jpg,793879,BV1ss411o7Wh,1381583104,2013/10/12,21:5:4,04:28,1879,4211,2515,117,740
【泠鸢】锦鲤抄,1003,502001,//i0.hdslb.com/bfs/archive/2eb589f30d7f617bd14b5983e93a2ef27b5293b3.jpg,749049,BV1ks411f7P5,1378452575,2013/9/6,15:29:35,04:08,4447,14164,7152,850,3528
【泠鸢】失落的遗迹-ＬＯＳＴ ＲＵＩＮＳ～旅人之詩～【失落的机械城】,377,124680,//i2.hdslb.com/bfs/archive/455e09150e259e99cc21890fc918cf9c98c08ed2.jpg,697823,BV1qs411f7mY,1376028070,2013/8/9,14:1:10,04:09,1736,3611,2011,110,479
【三月雨故事简述】春风十里,73,33767,//i2.hdslb.com/bfs/archive/b9da0057977b832fc0349364c735c1b90af8b42b.jpg,633381,BV17s411f7ur,1373002647,2013/7/5,13:37:27,02:00,353,730,624,82,333
【泠鸢】今生如梦,631,190452,//i0.hdslb.com/bfs/archive/f6fc5ca4b0a1c9f7f51af23501ca5e98f3c7dd0a.jpg,611056,BV1cs411f7X7,1371776621,2013/6/21,9:3:41,03:54,3585,3601,1989,239,665
【LiveDays6】泠鸢YOUSA，咬人猫，DAYS乐团等，动漫及v家专场,76,57711,//i2.hdslb.com/bfs/archive/e9c4a9591b6f1e836c2127dbb6b8898582a170b2.jpg,599025,BV1Ms411f7wm,1370948322,2013/6/11,18:58:42,01:50,379,377,301,32,336
【泠鸢】転生 昇天抄,397,129500,//i0.hdslb.com/bfs/archive/d6bf4aacbd71d5ada96bacce3cf0fadfa5f1d32e.jpg,578154,BV1Qs411Z7gB,1369431862,2013/5/25,5:44:22,04:21,1925,3570,1882,250,551
【泠鸢】思君赋,228,76394,//i2.hdslb.com/bfs/archive/36fa0357be033a916c57dfc8b52927e549c7cc94.jpg,555168,BV1Cs411Z7ND,1367572679,2013/5/3,17:17:59,03:40,1280,1513,1200,52,415
【泠鸢】春来发几枝,509,115609,//i2.hdslb.com/bfs/archive/883e7f3862ab54e6437818c8f462812fce5cb862.jpg,505208,BV1Jx411c7te,1363454278,2013/3/17,1:17:58,06:32,2312,2892,1320,171,688
[2013拜年祭]【DAYS】蛇年呀么要大吉 ft . 洛天依,375,345821,//i2.hdslb.com/bfs/archive/e1f916b84c8c73fa66dce0f75f6c5df283260bf1.jpg,462766,BV1Nx411c7it,1360072108,2013/2/5,21:48:28,00:25,5865,2145,1125,61,698
【泠鸢】灵魂燃尽（out of the hole中文填词）,559,178662,//i0.hdslb.com/bfs/archive/1d1cdae48687f16f54525cc7212bdfe20e4066b8.jpg,455983,BV1Rx411F7MY,1359551690,2013/1/30,21:14:50,05:20,3063,3786,2583,110,699
【吾名泠鸢】含未投稿作品串烧合集,485,67206,//i0.hdslb.com/bfs/archive/48af7527c36075b40c4ea0a753bd593820ca663d.jpg,408672,BV1Ux411F7eH,1354698671,2012/12/5,17:11:11,28:54,3960,2181,1931,354,722
【泠鸢】马卡龙(MACARON中文版),363,107277,//i1.hdslb.com/bfs/archive/37224a37b87656b36c66d6cca77458a2548d9f94.jpg,386616,BV1Yx411F7hT,1351838483,2012/11/2,14:41:23,03:25,1671,2958,1497,192,764
【泠鸢】三月雨,1392,418616,//i2.hdslb.com/bfs/archive/b2ffa92c6367ff4f460062ed06e335c33e4a6508.jpg,378386,BV1hx411F7Px,1350653292,2012/10/19,21:28:12,04:40,5890,11081,4692,934,3381
【原创】My Molly(泠鸢、N.K),246,51604,//i2.hdslb.com/bfs/archive/2b4490044ed915ccd0e909f78e1c1e0b5e9e6082.jpg,366771,BV1ix411F76p,1349137629,2012/10/2,8:27:9,05:41,1338,1131,1028,90,490
【泠鸢】找到了！永远幸福的方法（中文版）,1726,429939,//i0.hdslb.com/bfs/archive/52a3b42e2fcfbaf64050f0287d5f3b61eda82bc2.jpg,357497,BV1Wx411F7US,1347685109,2012/9/15,12:58:29,10:23,9224,14288,7273,686,2537
[泠鸢·鼠绘PV] 萤梦-中文版,476,82648,//i2.hdslb.com/bfs/archive/d840acb9ad944efc6336c7a92ddd45d064f33043.jpg,351201,BV1Hx411F7jp,1346669376,2012/9/3,18:49:36,06:26,1200,2329,1689,143,707
【泠鸢】痛并渴痛（分裂+本音）,481,113877,//i0.hdslb.com/bfs/archive/962f25842aa16736fda0096d1b7a834522846e66.jpg,312989,BV1gx411F7Y5,1342693941,2012/7/19,18:32:21,03:16,1558,3812,2661,396,1596
【泠鸢】STILL (原创PV),188,23447,//i1.hdslb.com/bfs/archive/e6c0db2d70c646e4b221632078546f94dd7da5bf.jpg,281994,BV1Fx411F7Ty,1339150521,2012/6/8,18:15:21,11:17,388,414,536,40,548
三百波G…不，未来日记OP1【泠鸢合唱团.误】,341,89984,//i1.hdslb.com/bfs/archive/21166f7bf7ffe8f6966eb30b138c2fb1ae23847d.jpg,250497,BV1Yx411w74p,1334745355,2012/4/18,18:35:55,04:00,1685,1799,1018,127,796
【自制PV】崩坏世界的歌姬Chinese Ver【泠鸢】,522,123219,//i2.hdslb.com/bfs/archive/931394cdae83a4a04ba40c18c478495fa1d72b97.jpg,243879,BV16x411w7FY,1333799617,2012/4/7,19:53:37,10:32,1464,3922,1979,271,1571
【泠鸢】二次元Dream Fever （中文填词翻唱）,418,76826,//i2.hdslb.com/bfs/archive/c172cdcd4274861c691708577bcaa07a2b585397.jpg,238724,BV1zx411w7NN,1333037976,2012/3/30,0:19:36,03:23,1047,2181,1303,161,1052
【泠鸢】玻璃樽（瓶中精灵）曲：sleeping beauty,395,59807,//i2.hdslb.com/bfs/archive/67cddaf6dc51abfb953c5f8203110c3c0b9161a1.jpg,216992,BV1nx411w7zU,1329372083,2012/2/16,14:1:23,04:05,932,1553,1438,159,1355
【泠鸢】空之轨迹I Swear 翻唱,1787,146277,//i1.hdslb.com/bfs/archive/f5060d8fe69b69750a8e5a9042af5b45454146dc.jpg,204415,BV14x411w7rG,1327393878,2012/1/24,16:31:18,06:16,1702,1936,1735,146,3281
