﻿title,comment,play,pic,aid,bvid,created,date,time,length,video_review,favorite,coin,share,like
花3500块点龙吟外卖，计程车钱还要自己掏？吃完女子反应太真实了。。,518,14581,//i2.hdslb.com/bfs/archive/dcded48b216bc3be39a7d90b3d63e2ab57678383.jpg,201029345,BV1yz411i7qm,1592216049,2020/6/15,18:14:9,13:33,732,210,325,31,2933
我的心像石头。,6354,956094,//i1.hdslb.com/bfs/archive/373978bfacc7cb1828dbf30b57924c0ed0a24f44.jpg,926085063,BV1bT4y1J75Z,1592039761,2020/6/13,17:16:1,09:37,29880,10236,25245,3650,141095
日本妹子说不要的真相是什么？ 困扰很久的问题终于。。。,4679,1476384,//i1.hdslb.com/bfs/archive/a42903f39a80af2d349a3c1b3968ec78f8f2fa55.jpg,285950153,BV1Xf4y1276s,1591354388,2020/6/5,18:53:8,06:54,19382,19466,71298,3030,186862
网友和日本小姐姐约好去家里面基，一开门却呆住了。。。,3611,1663039,//i2.hdslb.com/bfs/archive/b03072c2ffbbc95c8f6a56c1a1c670e0394dafce.jpg,455824314,BV1w5411x7Y7,1590661263,2020/5/28,18:21:3,07:20,17086,9987,19691,5379,141851
花1000元买日本天价外卖值不值？一开门四大箱女子惊呆了。。。,4706,1901164,//i0.hdslb.com/bfs/archive/b028214e048c8d104062a2613a1a510bb9fa62d0.jpg,540804257,BV1si4y1s7Z4,1590404450,2020/5/25,19:0:50,10:22,35357,13914,42486,3266,186438
为什么日本妹子日常不安？可能你也。。。,4654,1156176,//i2.hdslb.com/bfs/archive/dc27f79f4873f79d51036cab2056297a45ead353.jpg,540767702,BV11i4y147uX,1590055230,2020/5/21,18:0:30,07:54,26794,8442,20712,2136,125926
你...你馋什么？？？一女子收到私信后作出这样的反应.....,5384,1717680,//i2.hdslb.com/bfs/archive/ab6c56bc86410650668f12d2f6cd3bfe07ad7d95.jpg,968193344,BV1ap4y1Q7jL,1589796036,2020/5/18,18:0:36,10:10,34836,12150,26947,1720,170245
为什么日本妹子不管做什么都喜欢很多人一起？,5305,1368324,//i1.hdslb.com/bfs/archive/8d6b36c78cd7a125a5444ce351c08fc30a49d084.jpg,710500019,BV1uQ4y1N76K,1589185840,2020/5/11,16:30:40,06:03,24629,16767,58588,2375,192591
纳豆奶奶教你做正宗日式广告,4354,1489457,//i2.hdslb.com/bfs/archive/72c0807b7b839e6dc2be27870cdbfd510b9fe95b.jpg,583059471,BV1pz4y1R7xg,1588511677,2020/5/3,21:14:37,08:15,24313,13831,35491,4102,178291
为什么日本这么多女装大佬？是因为变态吗…,6155,1461276,//i1.hdslb.com/bfs/archive/325be7682961e5eb02cdec7c9122dc3d4cc63d47.jpg,242920401,BV16e411s7Us,1588241209,2020/4/30,18:6:49,07:49,40051,22312,76810,2179,218570
实锤纳豆奶奶？我就不该在b站搜自己.......,8460,4711120,//i2.hdslb.com/bfs/archive/54bbe35c5a3eee716a2595c622afe48ae3891550.jpg,667947553,BV11a4y1v7Dj,1587805224,2020/4/25,17:0:24,06:32,56696,79395,249303,4575,700115
为什么日本妹子喜欢胖子？做人不要太势利了 ...,7288,2550617,//i2.hdslb.com/bfs/archive/8384fd2f7dc4a9e6f08f8175555c2895eb87f428.jpg,497772661,BV1KK411j79m,1587464501,2020/4/21,18:21:41,06:52,42022,26299,119555,6663,301985
我在某约会软件上发现了纳豆奶奶？？,9365,3819435,//i1.hdslb.com/bfs/archive/8168da801d63e53c8ab275e8da284d394c52e555.jpg,285372563,BV17f4y1S7kC,1586946651,2020/4/15,18:30:51,10:07,107130,30874,56694,6116,389792
为什么日本辣妹灭绝了？原来她们都去从事那个行业了....,7288,2974097,//i2.hdslb.com/bfs/archive/12210d8f07d671aa4a8110f6f8b66127d1d743ba.jpg,625169009,BV1nt4y1U7b4,1586417358,2020/4/9,15:29:18,07:39,39016,32961,108229,3311,342458
日本邪术？试着做这个动作5秒看看你的腰会发生什么变化....,3923,1040910,//i2.hdslb.com/bfs/archive/0dc9465ccb066d78d893c79623ffb306c8dcb852.jpg,455100843,BV16541147f4,1585647990,2020/3/31,17:46:30,08:44,11349,37254,25270,11655,92141
日本药丸？奥运会延期之后日本确诊人数暴增的背后...,8612,1980012,//i0.hdslb.com/bfs/archive/dda1f125b638b1d29ed503c02fee1a5c7e696af0.jpg,100392189,BV1w7411Q7VG,1585482952,2020/3/29,19:55:52,07:42,17421,18752,73723,2812,209696
听说纳豆奶奶改了日本国籍？,44989,6202004,//i2.hdslb.com/bfs/archive/c14e1e073ce0e8c96c6e9dc33517a1078b626ac9.jpg,99531081,BV1K7411y7SE,1585214824,2020/3/26,17:27:4,07:32,83196,81389,425431,5920,671087
女子尝试3种日本最火泡面吃法，一整块黄油倒进泡面竟吃出法餐味道？,5773,2076298,//i2.hdslb.com/bfs/archive/b1891d154eabef68ddf44d9a26e89199a04a2bb1.jpg,98383897,BV1CE411F7zh,1584861127,2020/3/22,15:12:7,09:26,34255,33665,79151,11089,238834
日本人为什么要排队抢纳豆？其实你也被这种心理套路了....,8616,2526770,//i2.hdslb.com/bfs/archive/36682f3b1aedb2fab83f6aa887dcfd8705c917d8.jpg,97004781,BV1J7411d7SC,1584427193,2020/3/17,14:39:53,09:22,79536,46723,205321,3341,345250
面对疫情，日本到底怎么了？谁来负责...,9860,2383069,//i2.hdslb.com/bfs/archive/ffa59406d17b474f02730fbce48ba78378cb827d.jpg,95470923,BV13E411L7op,1583923676,2020/3/11,18:47:56,10:39,62340,50285,190879,14316,296984
日本绝学！试着做这个动作1秒你的背会发生什么变化....,3173,1369036,//i2.hdslb.com/bfs/archive/3e0c31af8c1977f6a2c074df23b3d03e1525c0c1.jpg,92649884,BV1kE411J7WR,1582969546,2020/2/29,17:45:46,07:46,13109,55585,32113,12212,108739
肺炎下的真实日本...我妈让我现在赶紧回国....,21835,4288882,//i0.hdslb.com/bfs/archive/2ff52be6b43433197bfd1798a1906dd6ebadfcad.jpg,91101531,BV1Rj411f7Fq,1582449615,2020/2/23,17:20:15,05:40,44301,40404,126734,23478,391332
验证！日本秘术3秒解决脖子酸痛？一女子尝试后说....,4013,1767827,//i0.hdslb.com/bfs/archive/55656cda5efd43577bf1a34302c2c6c10c37d13d.jpg,90287397,BV127411A7fZ,1582189241,2020/2/20,17:0:41,05:45,12410,140767,107244,40156,184449
我拒绝了两百万口罩生意,15917,3219891,//i2.hdslb.com/bfs/archive/abb5fec121d4353892e2cdfbd535049321d76ae9.jpg,89348202,BV1E7411n74H,1581847229,2020/2/16,18:0:29,04:54,19061,69084,297814,10644,447051
世纪教训 日本人为什么离不开口罩...,3954,1851781,//i2.hdslb.com/bfs/archive/01336089f98b9b44e7c003a6ee04d867692128aa.jpg,84730383,BV1i7411a7Ps,1579782021,2020/1/23,20:20:21,04:09,4873,11946,32217,7817,137175
和日本女生喝酒就是那个意思？岛国竟然这么开放...,4721,2641959,//i2.hdslb.com/bfs/archive/c07eea0241432cc1951207bcc7ad5b37b16c7fc8.jpg,84571182,BV147411e7fy,1579694755,2020/1/22,20:5:55,06:26,49622,27455,98788,3208,227469
为什么日本妹子这么可爱？中国女子飞往岛国后竟发现…,4488,1968385,//i2.hdslb.com/bfs/archive/33ee8d509011df1fe0b34a159dffa922bd17dc3d.jpg,83706327,BV1SJ41177BE,1579255248,2020/1/17,18:0:48,07:25,45634,20667,73576,3363,183106
为什么纳豆奶奶在几个月内从少女变成了奶奶？,7854,2595466,//i2.hdslb.com/bfs/archive/ffc43ac9221894c38100e86c325247e2911cde57.jpg,81793657,BV1LJ411j7x1,1577966715,2020/1/2,20:5:15,09:45,30695,83155,291727,6204,324027
日本之耻，以一己之力推动性侵法修订，她真的胜利了吗？,9821,1721224,//i2.hdslb.com/bfs/archive/8156cdb7c46856f1f9cdc84ed54f0e4d444f2670.jpg,80453185,BV1bJ411x7L1,1577181689,2019/12/24,18:1:29,14:55,28081,43456,156015,9901,199344
你没听过的日本奇葩制度？？三人听床也未免太惨了吧.......,6738,1954776,//i1.hdslb.com/bfs/archive/740b23cc9b20660413eaf88a2679b6a8a2ae1c16.jpg,78947194,BV1fJ411k7P8,1576121189,2019/12/12,11:26:29,09:15,22767,14196,52068,2727,138634
纳豆奶奶关于日本男公关视频的致歉，对不起，给大家添麻烦了。,32104,5498507,//i0.hdslb.com/bfs/archive/fb18323ca1bde3da67494bc76c7201031bcd8674.jpg,78779012,BV1mJ411y79o,1575981239,2019/12/10,20:33:59,04:26,28540,29151,139824,4829,289436
约见日本第一牛郎！夜王罗兰当前，一女子竟面不改色……,15885,5809661,//i0.hdslb.com/bfs/archive/1bf6eee879006cbf406b96d580e49936a3d2884e.jpg,78128190,BV1NJ411i733,1575541857,2019/12/5,18:30:57,10:19,12677,78516,241921,50481,365968
京都奇遇记！听日本老汉吐槽日式婚姻，相伴三十年的哲学竟然是...,1731,1092241,//i1.hdslb.com/bfs/archive/8098d043956acc37bcdc2c13daa1c8cb228e3128.jpg,76571983,BV1UJ411R7JQ,1574424015,2019/11/22,20:0:15,07:42,5209,5690,13336,1561,62159
日本妹子好单纯？用辣条伪装北京烤鸭骗她，一口下去竟对我口吐芬芳…,2978,2998743,//i1.hdslb.com/bfs/archive/5b08fb1c58a3ecb21dfa0038c5d8fa1ffed89744.jpg,76460872,BV1HJ41127K3,1574332249,2019/11/21,18:30:49,07:48,14438,18887,62486,5669,180091
每次想放弃的时候，让我坚持拍视频的理由其实是这个...,3214,1246151,//i2.hdslb.com/bfs/archive/a639829229fd264135607dd2af4e9029a91e386b.jpg,75117378,BV16E411v7TW,1573307396,2019/11/9,21:49:56,10:48,20564,8305,29999,1257,85518
日本妹子憋了三天终于喝到珍珠奶茶，没想到竟这么大....,2469,1855373,//i1.hdslb.com/bfs/archive/1162f3c10d2581e4c5fafb8f1ee866e3d6125fa4.jpg,74953275,BV1hE411q7GS,1573212903,2019/11/8,19:35:3,06:45,15049,11807,41317,5392,115333
日本妹子为什么不网购？令樱花妹不安的奇葩原因竟是....,2119,1401244,//i2.hdslb.com/bfs/archive/29cead507282a38f2267661ffcce039f4d419730.jpg,74447187,BV1HE411b7P1,1572787875,2019/11/3,21:31:15,06:42,8450,5055,12929,1238,70626
花1000块钱就为吃一碗生鸡蛋盖饭？40元日本料理VS1000元日本料理......,2168,1458699,//i1.hdslb.com/bfs/archive/3a9b1eaf00d3e3fbf64f4f5798a319041a4b3feb.jpg,74056328,BV1VE411876c,1572528570,2019/10/31,21:29:30,09:17,12390,8903,16442,2255,76618
崩溃！骗日本妹子2块一斤的西瓜2000块，故意摔碎让她赔会发生什么...,7224,6428162,//i0.hdslb.com/bfs/archive/986a37ee0c122c5abc62665cc56671cc8d9b02bc.jpg,73734077,BV1LE411h7Kh,1572256725,2019/10/28,17:58:45,08:50,42913,57883,175525,16899,337961
全日本最危险动物园？为拍视频女子竟签生死状.....,2287,2251071,//i0.hdslb.com/bfs/archive/baffdb1d49afcad38cf35761e89b13fd15e07bee.jpg,73376449,BV1YE411178M,1572007255,2019/10/25,20:40:55,10:04,15850,12867,21249,2475,123248
日本外卖有多慢？花季少女等到的瞬间乐傻了...,3604,2255702,//i2.hdslb.com/bfs/archive/7f406b21dd7e70e3ffa83a52f17723bec8f23d3a.jpg,72014986,BV1PE411r7KN,1571663203,2019/10/21,21:6:43,08:44,23701,13450,27504,2793,111796
北海道生猛海鲜生吃一条街！但是千万不要吃这个.......,2774,1286738,//i2.hdslb.com/bfs/archive/f0b04f8f09187c70b4448d5b2678b2ee05b006d1.jpg,71895914,BV1BE41167Ni,1571571503,2019/10/20,19:38:23,09:36,11785,8070,21004,3825,70724
带日本妹子回国摘西瓜，遇到的草莓竟比西瓜还大？？她惊恐地说…....日本妹子中国行第二话,2239,1873324,//i2.hdslb.com/bfs/archive/dfa477434be64dcbdee8de72ca855c9475ba202b.jpg,71628568,BV1mE411r7Hk,1571394488,2019/10/18,18:28:8,07:31,10115,9438,25754,1855,94639
3秒送到？日本妹子来中国的第一天就被外卖小哥的速度惊呆了。。。日本妹子中国行第一话,3394,3334988,//i2.hdslb.com/bfs/archive/62f6549b071e903d6d4816afefe10119eab5b90b.jpg,71407060,BV1hE411C7F6,1571223909,2019/10/16,19:5:9,08:14,17296,22660,60995,3560,170639
为什么在红灯区工作的日本女生这么多？每二十个中就有一个在…,11103,7246418,//i0.hdslb.com/bfs/archive/84e8fc6d2205a8fea764c10da88c958e3f7b2c81.jpg,70467009,BV1gJ411c7gp,1570446813,2019/10/7,19:13:33,06:52,50727,88866,304028,22098,445517
验证：女生在日本街头被搭讪的几率是100%？一女子大胆尝试竟....,7396,5524536,//i1.hdslb.com/bfs/archive/b1341dbc0ed66f10c5c6e474fe904c761b455122.jpg,70046175,BV1UE411S7vn,1570189010,2019/10/4,19:36:50,06:57,37508,46124,122967,17891,292546
100块vs1300块日本寿司有什么区别？一女子吃完她说。。。,2941,1619339,//i2.hdslb.com/bfs/archive/42cfe3d94fea610f8a7a49fe6664a3e4e0d8fcbb.jpg,69195551,BV1oJ411T7AE,1569597206,2019/9/27,23:13:26,09:31,13512,11849,34129,2833,93682
男生勿看！日本妹子天天喝冰水却不痛经？一女子惊讶地发现…,4785,1222757,//i1.hdslb.com/bfs/archive/9fa991011357f42458fae629e6cf2abc368b2d75.jpg,69021864,BV1VJ411T7kV,1569495650,2019/9/26,19:0:50,08:29,17629,7555,19589,5971,68290
为什么日本妹子演技这么好？一女子学习后竟说出这种话。。。,3367,1367052,//i2.hdslb.com/bfs/archive/623c0ce07eb7c73a5461ea23cd9455e3134fee46.jpg,68377612,BV1mJ41137L7,1568973548,2019/9/20,17:59:8,06:37,17786,19624,75533,3249,128841
为什么日本妹子比较早熟？竟然从小学一年级就开始....,2849,1416783,//i0.hdslb.com/bfs/archive/e4e6f902e3cb859fa692d9c534d8eedf608ba620.jpg,67167537,BV1iJ411N715,1568023240,2019/9/9,18:0:40,06:29,16344,10409,29690,1607,84246
日本人的平均身高比中国人还高？得知真相后我惊呆了...,5440,1413916,//i1.hdslb.com/bfs/archive/61cc699eae5411aec9fb7eb83e6311e55bf21656.jpg,66884931,BV1k4411k7Td,1567851336,2019/9/7,18:15:36,05:22,17251,15576,60411,1810,124353
为什么日本妹子钟爱牛郎？知道原因后女子也想试试了....,6060,4150409,//i1.hdslb.com/bfs/archive/b0fa15d400d2b6716e38bd307a40e8064b8aa53d.jpg,66612891,BV1U4411C7Ks,1567593853,2019/9/4,18:44:13,05:04,48927,46194,154072,11675,271828
日本妹子来中国吃到这个东西竟然哭了…她一共说了多少次好吃？？,4097,3135159,//i2.hdslb.com/bfs/archive/04ab73e90e227c5830b5e4ebcb99513d1521b2ef.jpg,66247408,BV1E4411m7yH,1567326651,2019/9/1,16:30:51,03:22,12673,16620,39997,3390,122999
在日本人最多的街头横行霸道被制止？cos胖虎去找基基约会？这一天太刺激了……,2827,1169357,//i0.hdslb.com/bfs/archive/a9b90df35628b81768b924f6b0c5a12cf7a352d7.jpg,65171110,BV1m4411r7VX,1566647178,2019/8/24,19:46:18,07:55,34583,14799,56231,3647,115648
4000块一晚日本温泉旅馆？一女子在深山老林里遇到了这种事....,2736,1177258,//i2.hdslb.com/bfs/archive/9bd284142e22879160a2a7b9585a6aa40e22ebf6.jpg,63996783,BV1t4411Z7e5,1565955834,2019/8/16,19:43:54,09:48,26042,11634,37841,2652,93194
19岁日本妹子在网吧住两年，背后的原因竟是...,5480,3546162,//i2.hdslb.com/bfs/archive/61af26778542380d0f8c5264ec64a1f0e5bd876d.jpg,62760637,BV1Yt411N7kq,1565259003,2019/8/8,18:10:3,05:34,22641,29808,95602,5213,201876
日本妹子情人节竟然送这个？知道真相后我...,3024,1165923,//i0.hdslb.com/bfs/archive/e32c03c5d6b1ef5b5aaeef1420b4157699451db5.jpg,62010132,BV12t411u7QL,1564822801,2019/8/3,17:0:1,05:20,18138,6615,20885,1225,73602
原来在日本穿JK制服竟然有还有这种特殊含义吗？很多人都表示...,4097,1941816,//i0.hdslb.com/bfs/archive/f10bbf376ae4e0f3327e5020f2d5cbc3af26d4d7.jpg,61315100,BV1ht411A7gi,1564406041,2019/7/29,21:14:1,08:55,27353,14481,27744,1658,95171
日本妹子会原谅出轨吗？只要不暴露干什么都行？？,7976,2672619,//i1.hdslb.com/bfs/archive/b4321be149e380fcddfcd6ebe57a45c11ce69c46.jpg,59917057,BV1pt411n7y9,1563611444,2019/7/20,16:30:44,05:20,27972,29841,118640,4563,189308
日本妹子真的很开放吗？竟然从高中开始就…,10054,5958476,//i0.hdslb.com/bfs/archive/8dec0565ce0bbe6cd7a5cd936aab079e849cc21a.jpg,59436865,BV1ht411G7xr,1563281798,2019/7/16,20:56:38,04:49,75506,67636,183715,6529,298797
日本妹子是这么撩汉的！对中国男子真的管用吗？结局真的想不到...,5539,3370058,//i2.hdslb.com/bfs/archive/73e6b60cc26ac32b89be583881360d50d629f3cf.jpg,58999505,BV1Ft411V7cs,1563012007,2019/7/13,18:0:7,06:34,73336,60309,157840,25113,226835
日本大学校花居然是中国妹子？中日女生颜值差距竟这么大…看完对自己的脸有了新的认识,3690,2996673,//i2.hdslb.com/bfs/archive/3ed2705ec5aa5816114b94bb71053f4d9a42acb0.jpg,58501984,BV1Cx411Z7eu,1562677086,2019/7/9,20:58:6,05:53,41693,21572,67525,1489,156807
实测在日本穿短裙一定会被偷拍？一女子在偷拍高发地竟遇到这种事......,8617,7153933,//i0.hdslb.com/bfs/archive/1f95ee0cce3f5d92b5ee8640bf12a862343e584f.jpg,58074555,BV1R4411c711,1562402442,2019/7/6,16:40:42,06:33,40273,75088,207299,6164,276807
为啥日本妹子要说“我开动了”？仪式感也太强了吧....,2053,1041237,//i0.hdslb.com/bfs/archive/5cad39049db456a9bf69aaf30122daa02931643e.jpg,57261695,BV1Ax411R7KP,1561817476,2019/6/29,22:11:16,05:14,7158,4526,11104,703,48285
为什么日本妹子爱脱毛？一女子在线脱毛竟发生这种事....,3045,1001776,//i0.hdslb.com/bfs/archive/e22a9b9f9105867f3d2d2f5b2f340718906a1b12.jpg,57013530,BV1Ex411d7rk,1561629176,2019/6/27,17:52:56,05:25,16194,9375,31551,1547,62590
为什么日本这么多杀马特？原来我们都错怪葬爱家族了。。。,4069,1472525,//i0.hdslb.com/bfs/archive/2a68892b8abc1f2a91b3fec7ac058214dbb8be50.jpg,56454898,BV1Y4411u7sD,1561201490,2019/6/22,19:4:50,05:27,16617,16244,55581,2025,102152
为什么日本妹子不戴眼镜??背后原因竟是这个....,3286,1293584,//i2.hdslb.com/bfs/archive/ccc02e8329fdcc061c0207314d3cc96102065326.jpg,55907198,BV1E4411G7o6,1560773947,2019/6/17,20:19:7,07:02,16759,12033,16102,1426,55055
百万粉丝博主的妈妈竟逼女儿下跪？原因竟是…...,2207,1170924,//i2.hdslb.com/bfs/archive/f59fc27dde07adbf575daaab938e99c6250b2247.jpg,55777004,BV1J441157x7,1560674246,2019/6/16,16:37:26,08:57,10249,8793,13198,879,43799
在日本大摇大摆购买羞羞东西。。。是种怎么样的体验？,2703,1151459,//i1.hdslb.com/bfs/archive/47acc7d709d3a9e8a33d835075f1a0ffe5892a5a.jpg,55600988,BV1L4411V7xx,1560529891,2019/6/15,0:31:31,07:05,9449,3592,6161,1488,33832
日本妈妈是这么带娃的？知道真相后我惊呆了。。。,2088,868191,//i0.hdslb.com/bfs/archive/08153f168d2386717faece9f78515dbeabbee9fc.jpg,55378524,BV154411P7N2,1560340141,2019/6/12,19:49:1,05:47,6176,3520,8582,722,35130
为什么日本妹子都有刘海？90%的人看完这个视频去照镜子了....,5079,2154151,//i0.hdslb.com/bfs/archive/94eb768b052d3e35385e5362e670bf42b9f91b26.jpg,55069334,BV1u4411N7w2,1560072205,2019/6/9,17:23:25,05:39,22103,25967,80694,4132,141450
日本留学要花多少钱？学费四百万？up主来日本的血泪史……,3630,1062034,//i0.hdslb.com/bfs/archive/16baf4911735f1013e1014dd161737b82e903743.jpg,54808553,BV1b4411K7Cm,1559903135,2019/6/7,18:25:35,10:00,9239,27973,73132,4440,97553
日本竟然有人收集这个？为什么日本有那么多收集控？一女子为了收集竟然做出这种事？,2749,874633,//i0.hdslb.com/bfs/archive/53ddafad2c92b2f461e304410e30a38cf59b078a.jpg,53968881,BV164411W7oF,1559126402,2019/5/29,18:40:2,05:45,5297,3749,12520,598,39651
up主亲测！久居日本之后回国狂吃一周能胖多少斤？？,3451,991706,//i2.hdslb.com/bfs/archive/60b96647cbd428849059989c448945159940c9b1.jpg,52739355,BV1Y4411777h,1558095943,2019/5/17,20:25:43,13:18,17464,9132,27425,1148,57149
为什么日本妹子这么白？一女子来日本竟然白了这么多。。背后的原因究竟是？？,2766,1111309,//i2.hdslb.com/bfs/archive/7b803e57c6ed1669e06f3866235c794c00124578.jpg,51608564,BV124411i7vL,1557136859,2019/5/6,18:0:59,06:00,12233,12633,44237,2054,73667
在日本捡垃圾是什么体验？一女子这么做背后的原因竟然是……,3516,815895,//i0.hdslb.com/bfs/archive/d87fe0734f29418fef5a93ad6d24c508a7bd17a2.jpg,51155053,BV1v4411x7LF,1556784163,2019/5/2,16:2:43,05:52,5980,14826,62508,1081,80758
150万日元一年上声优学校就能做声优吗？一女子爱上声优后的生活竟发生了这样的变化...,2045,831932,//i2.hdslb.com/bfs/archive/96e8dc937983a0197b6d4fc8af654a06b0875b6b.jpg,50955550,BV154411t7VA,1556630362,2019/4/30,21:19:22,05:38,6103,4929,10007,983,38558
日本少女的噩梦？高中生妹子不会做的5件事！把笛子放在课桌里竟会发生这么恐怖的事。。。,4018,1044029,//i2.hdslb.com/bfs/archive/7cec6299ea0aa0594c80331e524e6cd4d853a0ca.jpg,50527013,BV154411h73Z,1556270470,2019/4/26,17:21:10,06:48,26888,9114,27048,1064,58045
为什么日本妹子不谈恋爱?竟超过一半单身！up知道真相后竟然。。。,5593,1480339,//i2.hdslb.com/bfs/archive/69e1fe4ebf254e109c69411a1bd380311d8fae37.jpg,50353484,BV1H441187go,1556111452,2019/4/24,21:10:52,05:23,8944,18242,64509,3187,97683
1000元烤肉Vs60元烤肉！体验日本超高级和牛一口下去72块就没了。。。,2213,962727,//i0.hdslb.com/bfs/archive/1906a645758b89b9aae7c63cbdf10c5b41aa45cf.jpg,50165471,BV1Ub41137yQ,1555938050,2019/4/22,21:0:50,10:54,11171,8968,25899,2546,48606
日本单身狗平时都在干什么？不谈恋爱却需要这个？？,2403,749882,//i0.hdslb.com/bfs/archive/16f78dd5a865d7d4a8293897424458c29cae0784.jpg,50048101,BV1Ab41157Jn,1555839051,2019/4/21,17:30:51,05:18,6652,3716,9407,1127,32453
为什么日本妹子给人第一印象超好？日本人教我的自我提升术！up尝试后效果竟然这么好。。。,2565,1081438,//i0.hdslb.com/bfs/archive/62f7d4ba07286ab20d3248fcb8666523654f2e22.jpg,49184595,BV12b411K7wj,1555146948,2019/4/13,17:15:48,05:02,6828,16053,42228,1444,69631
和日本妹子结婚要花多少钱？日本的收入情况up听到后惊呆了。。。,10605,3327546,//i0.hdslb.com/bfs/archive/c0eff150f8ba32fefdb14cf8de4e39a0a4982640.jpg,48473798,BV1pb411373L,1554536915,2019/4/6,15:48:35,05:50,18190,45768,162887,6427,213394
为什么日本水果这么贵！8个草莓要4000日元？女子尝试后竟然。。,5109,1132546,//i1.hdslb.com/bfs/archive/c02c815fbcbf277b676e4bff5dc6fae865594b58.jpg,48056668,BV18b411p7uf,1554201622,2019/4/2,18:40:22,06:55,9228,21121,93089,4658,105995
和日本妹子中日双语合唱生僻字！日语真的好软呀！愿友谊长存~,3415,1270038,//i1.hdslb.com/bfs/archive/9098103817db3d7d1769cb59430da51d5bf19de2.jpg,47418788,BV14b411t7G6,1553601318,2019/3/26,19:55:18,03:50,5609,47946,110570,7711,115593
中国姑娘和日本妹子在日本东京街头做了一件从没人做过的事......,5310,2690345,//i2.hdslb.com/bfs/archive/6304427593c381ce527fb97359e06878f56fe3cf.jpg,47122122,BV1Xb41177Bt,1553347842,2019/3/23,21:30:42,05:39,15897,87455,281837,4250,276692
每天吃这么高热量的社畜便当！日本妹子还能躺着就瘦？？？,2600,906525,//i1.hdslb.com/bfs/archive/4edac9add90afb1c8dd7653420421dffc26d74f6.jpg,46778232,BV1Bb411E7vy,1553014124,2019/3/20,0:48:44,05:50,4123,5957,11304,1329,31635
up亲身经历讲述日本校园霸凌！日本如何应对霸凌？旁观者该如何抉择.....,14789,1375240,//i2.hdslb.com/bfs/archive/3abb83a76fcb007b5a43d930062c35b0bcd2b0cd.jpg,46628338,BV1ab411n7vf,1552907141,2019/3/18,19:5:41,07:31,11658,30733,92044,6155,132467
素颜出门竟然被打？为什么在日本妹子必须化妆？男孩女孩都应该看看这个视频！最后感动哭了......,6042,1704753,//i2.hdslb.com/bfs/archive/dd1ffaf92fc1b1b4b28bb6e118cee25ad7ef5a08.jpg,46178234,BV1Nb411H7sR,1552477942,2019/3/13,19:52:22,04:54,10997,35876,145833,4072,170565
日本妹子大晚上不回家去哪儿？男生禁入！粉色胶囊旅馆探秘！背后竟隐藏这种原因....,1862,1068910,//i2.hdslb.com/bfs/archive/337291127a4d96355a3a84f34895afcd676932fa.jpg,45682370,BV16b411v7KD,1552041735,2019/3/8,18:42:15,05:57,5527,9526,26831,1646,54411
为什么日本高中生的裙子这么短？初尝JK制服up主竟然说出这种话....,3805,1679135,//i1.hdslb.com/bfs/archive/d0a4fe89510811187cf54413e85be4c7ac42bbb7.jpg,45239182,BV1ib411B7ZD,1551601459,2019/3/3,16:24:19,05:20,7954,23773,87011,3076,122914
日本妹子20岁还跟爸妈一起洗澡？亲子同浴文化你了解吗？？,3663,1224722,//i2.hdslb.com/bfs/archive/7badfa4eb62bb9797d0d332efcd8b5c9bcb4dfbb.jpg,44736276,BV1Ub41187fc,1551166545,2019/2/26,15:35:45,05:15,5798,11322,41335,2657,68834
日本便利店竟然能随便买到那个？？一纯洁女子冒死尝试竟....,1726,789321,//i1.hdslb.com/bfs/archive/0442d33f50ca9749e2f65f222c71cdf2689940d7.jpg,44296646,BV12b411Y717,1550753771,2019/2/21,20:56:11,05:14,3557,6940,25680,2249,47102
为什么日本妹子宁愿在厕所吃饭也不一个人吃？？背后竟隐藏令人如此心酸的原因.......,5159,1303801,//i2.hdslb.com/bfs/archive/fd6644447c7f7e636bbc2fa9c34e282014962ad3.jpg,43982594,BV11b41117RT,1550490027,2019/2/18,19:40:27,05:35,10479,15281,54856,3055,84671
男生禁看！日本妹子来姨妈喝冰水但我们却不能？一女子为要挟男友竟做出这种事...,6120,1287894,//i1.hdslb.com/bfs/archive/456847b7a5cacc57fe0e7ac865b116c27084435a.jpg,43554293,BV1jb41127aY,1550146119,2019/2/14,20:8:39,06:23,11362,20459,65488,10325,90458
日本妹子太在意别人？吃下这么难吃的东西竟说出这种话.....,7578,2386967,//i1.hdslb.com/bfs/archive/2cb2440a63b62223c2eabed00e8b1b2fce32c7b1.jpg,43240232,BV1Qb411S7zL,1549886791,2019/2/11,20:6:31,04:44,20815,73934,264429,19513,257149
为什么日本妹子罗圈腿多？竟和我们祖先有这么大的关系？一女子图刺激竟....,2300,789645,//i1.hdslb.com/bfs/archive/69819d71e9197269d83b79c490f5209673fb8a1b.jpg,43066390,BV1ub411S7ER,1549719861,2019/2/9,21:44:21,04:03,3766,14462,59060,2187,72453
为什么日本妹子大冬天光腿？不怕冷是真的吗？一女子作死尝试竟然...,4803,2478326,//i2.hdslb.com/bfs/archive/c97a1f872df554fe4d4c960a39e5d0f32adb642e.jpg,42806782,BV1yb411z7LA,1549454542,2019/2/6,20:2:22,04:09,13166,47211,230707,10218,247678
为什么日本妹子的胸这么大？男生女生都应该看看这个视频,5744,2418035,//i0.hdslb.com/bfs/archive/9cfe13f74cc70b19ad9a68538644b6d501f12b69.jpg,42064376,BV1Sb411C7fk,1548767613,2019/1/29,21:13:33,05:54,23046,70615,218728,33442,224186
【魔性日语版】改革春风吹满地！一唱日语就立马开车了呢果然,4291,4496878,//i0.hdslb.com/bfs/archive/7192c8b26325f4bad6a30fd627f39d9e74ef92b1.jpg,41491192,BV1Gt411b7ga,1548241993,2019/1/23,19:13:13,02:35,11617,211533,304189,71136,313738
为什么日本妹子牙齿不太好看？背后竟隐藏这样的秘密...,3294,1480398,//i0.hdslb.com/bfs/archive/d868bce1194aeecdedeb8f50b4ef90b3e6c88022.jpg,40892710,BV1jt411p7mD,1547638876,2019/1/16,19:41:16,03:55,10332,14869,55493,6229,88298
揭秘！为什么日本妹子特别瘦？！来日本我竟然瘦了这么多？,5715,2563785,//i1.hdslb.com/bfs/archive/2a3d9b6322dd237a1f023e7d1ee06d854411b7a4.jpg,40409086,BV16t411p7K2,1547127310,2019/1/10,21:35:10,03:58,11958,37376,123735,7483,171915
我们为什么要选择自杀？致跟我有相同遭遇的你们,13682,815906,//i2.hdslb.com/bfs/archive/7a14597875e8217baac88f747109327ee5d80cad.jpg,38043908,BV1yt411v7xk,1544701249,2018/12/13,19:40:49,04:45,11131,34108,70075,9800,70184
偷拍！冒死潜入日本酒店打工，得知惊人内幕！擦马桶和餐具用的是同一条毛巾？,1097,385804,//i1.hdslb.com/bfs/archive/d688ffd7f80a3c9fc9d4c48233439b89d6f3d44e.jpg,37335302,BV1Rt411D71x,1543829684,2018/12/3,17:34:44,04:21,1570,4324,24621,933,31162
中国女孩用意大利语回怼杜嘉班纳：因无知而生的嘲笑真的非常不高级。,806,387387,//i1.hdslb.com/bfs/archive/a2e6f3b3b7e9db0ab13b26e82a4be2782db6f95c.jpg,36628231,BV1xt411y7Hm,1543035040,2018/11/24,12:50:40,02:41,695,4233,20951,637,31082
我在日本挨欺负？？带你看看日本的阴暗面！聊聊令人震惊的日本耻感文化,3920,947104,//i2.hdslb.com/bfs/archive/184c866298615620e8b8a31a2c652331b9150825.jpg,35771641,BV1Kt411U7uZ,1541939715,2018/11/11,20:35:15,05:16,5503,4880,14930,1415,34570
中国锦鲤在日本街头遭疯抢！竟然还被日本小姐姐...骑？？,469,428415,//i0.hdslb.com/bfs/archive/c3d1174c52240d4e78fb31b68965a87e11e27cd2.jpg,35266929,BV1Ub411w76r,1541331029,2018/11/4,19:30:29,07:15,3371,3400,12344,1142,26427
去日本网红妹子月租17万日元的家做客？！身材也太好了吧！！,1221,918202,//i2.hdslb.com/bfs/archive/b5fb57df96712f15f0e5caea2bb9b1530df3ea00.jpg,34319820,BV1dt411o753,1540126541,2018/10/21,20:55:41,08:48,5154,6514,14797,1477,31039
实测日本小学生考卷究竟有多难？？中日美三国小学生考卷对比！我的三观炸了。。,4723,869824,//i1.hdslb.com/bfs/archive/cd57acf58c1a27408cf0272b73fcae2c8a1c0dd6.jpg,34101086,BV1zt411d71H,1539867215,2018/10/18,20:53:35,07:50,9938,9252,25222,3932,39054
日本洗剪吹vs中国洗剪吹！！顺便吐槽下我之间剪头被坑的经历,1076,440320,//i1.hdslb.com/bfs/archive/a01cf81546f78fe08c26d270c4e33f98da6b3df5.jpg,33762239,BV14b411F7Sb,1539429148,2018/10/13,19:12:28,04:46,2052,2143,7990,1867,16373
第一次跟日本男生约会他竟然要跟我AA？！！日本男人真的传说中那么抠门吗？,1938,895524,//i1.hdslb.com/bfs/archive/373060bd990c914d9789dbf108878b5ef679351c.jpg,32582671,BV1dW411U7BE,1538048839,2018/9/27,19:47:19,06:40,8843,6065,6758,2828,25493
我竟然用一杯奶茶就约到了日本小学生（妹子？最骚的是那句我们一起圆滚滚吧hh,2157,872571,//i0.hdslb.com/bfs/archive/e037fb97004d401178314d1175c2fa202c9ac34e.jpg,32418281,BV1wW41167ks,1537798905,2018/9/24,22:21:45,06:56,6876,6239,9099,2380,24533
一个单词就能在日本药妆店横行霸道？！日本药妆怎么买？看这个视频就对了！,518,316261,//i0.hdslb.com/bfs/archive/898df9e4d8cd1e0b1f402214cadc3aa646d4a65c.jpg,30129526,BV1bW411X7to,1535028047,2018/8/23,20:40:47,05:05,2242,2827,4803,1522,11122
三分钟零基础教你学会日本地名！日本旅行大胶布！横行霸道日本只需要三分钟,409,209369,//i0.hdslb.com/bfs/archive/9c726ca21e9df17ebd75df4c900d12482e2b6577.jpg,29860972,BV1UW41197CT,1534763204,2018/8/20,19:6:44,04:50,840,3508,5506,847,9815
为什么男生都喜欢日本妹子？,2414,556657,//i0.hdslb.com/bfs/archive/67a9a40573eb0c28885ca5a9a5697c4be8d6fbc1.jpg,28939449,BV19s411M7kM,1533819099,2018/8/9,20:51:39,03:07,1926,2296,9114,805,17642
冒死送日本妹子礼物竟然是这个结局？！各国送礼对比你踩雷了吗,434,327589,//i1.hdslb.com/bfs/archive/e35c0e91ea1b2cfec18971e5afbcec3a3fac6379.jpg,27639501,BV19s411P7Xs,1532520014,2018/7/25,20:0:14,03:44,1110,1399,6976,445,13276
雷剧日配!日语配音真的能拯救尴尬台词吗？？,608,335450,//i1.hdslb.com/bfs/archive/df304c8968dfdc33a6bfe15741759d2d28aaa657.jpg,27172941,BV16s411E7GE,1531924285,2018/7/18,22:31:25,03:47,2569,1616,6867,863,11941
各国人看世界杯的反应！豆奶不小心又说了七国语言hhh,395,206349,//i1.hdslb.com/bfs/archive/338672cf22e18f3d07eb39b17fda4784b5c264ba.jpg,26710236,BV16s411H7ji,1531398783,2018/7/12,20:33:3,05:34,1354,1531,7374,807,10518
深夜尾行日本小姐姐，一转身竟是女装大佬？？,1769,281935,//i0.hdslb.com/bfs/archive/d3106a504f74b8b000b3bd7c52dbab3932556d5b.jpg,25278802,BV1Fs41177bu,1529502389,2018/6/20,21:46:29,05:02,1551,1420,3491,756,9887
【豆奶】中日追星对比，女友饭VS亲妈粉，谁的战斗力更强？,1075,328388,//i0.hdslb.com/bfs/archive/fd0a4432b4bf71610c7d64c5851a28c7efe6b3fe.jpg,24957674,BV1zW411F7WX,1529070989,2018/6/15,21:56:29,03:15,6879,1049,1560,395,6391
【豆奶】零基础日语三分钟教会你在日本餐厅霸道点菜！横行霸道如此轻松,837,194308,//i0.hdslb.com/bfs/archive/7788091c2f1aa637ceda25059267bff12cf548dd.jpg,21692800,BV1jW411M7J8,1522937144,2018/4/5,22:5:44,07:28,2229,2706,11467,1030,12615
日本最美樱花圣地！一期一会目黑川夜樱巡礼vlog#樱花樱花想见你#【豆奶】,447,225470,//i1.hdslb.com/bfs/archive/e382f6309edaf130fb1027ffb75406db852370fc.jpg,21496053,BV1LW411T7mh,1522555102,2018/4/1,11:58:22,04:58,1850,1250,3318,410,6593
十五种人的拍照姿势，比直男照相更可怕是披着丝巾的大妈,424,185932,//i2.hdslb.com/bfs/archive/b99f4e44d0710b39ac4ce7ba060a3bbbd003e370.jpg,21358809,BV1AW411u7XS,1522317617,2018/3/29,18:0:17,03:08,1348,1200,4755,985,6512
去日本旅游一定要掌握的几句话！看完畅游霓虹国！,422,178939,//i1.hdslb.com/bfs/archive/75e99fa7ffdc5e7f16db22c9e2fd8afa145b6f9f.jpg,21129271,BV1eW411g7qY,1521810320,2018/3/23,21:5:20,06:09,1349,4881,5738,903,6573
四国语言逆天模仿！看中美日韩家长们如何花式教育“熊”孩子,906,326395,//i0.hdslb.com/bfs/archive/44270c657748b1b013417db9e15b42d10be51f20.jpg,20846024,BV1CW411p7dL,1521208214,2018/3/16,21:50:14,07:00,3169,2529,11331,1241,11418
五国电视剧经典套路指南，看完再也没办法好好追剧了,1031,391607,//i1.hdslb.com/bfs/archive/5f349a622418bdf5e91500bb04ea7f63c886269e.png,20481822,BV1YW411W7qH,1520424004,2018/3/7,20:0:4,04:45,3702,7358,34056,4909,23976
横行霸道日本语，零基础三分钟教你看懂日本化妆品,478,133660,//i2.hdslb.com/bfs/archive/f4899260e85c4be94ab82397859cc8775ded7b8d.jpg,19995721,BV1sW41147eZ,1519471812,2018/2/24,19:30:12,06:34,1379,1669,4401,720,4842
当你和妈妈待了一个假期之后。。,391,172771,//i1.hdslb.com/bfs/archive/8d5ac4ed3c12b0275ceee8a11aa6847f0c0cef2b.jpg,19868852,BV1kW41177L2,1519222350,2018/2/21,22:12:30,01:45,516,518,2239,222,4177
当一群日本人里混入了一个中国留学生，他们是如何相爱相杀的？,544,309985,//i2.hdslb.com/bfs/archive/ee573440ce0f811d3839c06cda3381002b87f7c9.jpg,19703251,BV1XW411j7G9,1518871226,2018/2/17,20:40:26,04:58,2021,2389,15907,985,13361
如果被逼婚的对象是李泽言，你嫁吗？,1102,190569,//i2.hdslb.com/bfs/archive/055c579c6a417b9438195c653cf86b01dbdf5ec3.jpg,19681034,BV1eW411j723,1518794240,2018/2/16,23:17:20,08:23,2726,938,4778,467,6573
收集了一些负能量的留学生活，关于歧视，冷漠和欺骗…现实生活当然还是美好多一些～,1245,218660,//i0.hdslb.com/bfs/archive/2d97eafe91dd6fe9a61272ac0bb0138465c4707d.jpg,19279504,BV1AW411n728,1518016191,2018/2/7,23:9:51,07:51,1266,5345,14323,1634,16020
高强度无假期连续工作100天是一种什么样的感受？,907,156027,//i0.hdslb.com/bfs/archive/7e4d87558137756ab13c7aefcce1e1d8653adc3f.jpg,19144281,BV1HW411J7iZ,1517758144,2018/2/4,23:29:4,04:57,977,1966,5502,287,7337
自从养了小青蛙，每天都是王大妈,679,211868,//i1.hdslb.com/bfs/archive/dd42957cb17f0513c9453705462243b4f4bb6b99.jpg,18825455,BV1kW411e7Zr,1517135836,2018/1/28,18:37:16,05:58,1144,1307,5169,942,5083
中国游客没素质？？这个黑锅我们究竟还要背多久？,848,171081,//i2.hdslb.com/bfs/archive/0722acd3450d0dbd3d5f05b0de4c703e164f6733.jpg,18461009,BV1kW411v771,1516297288,2018/1/19,1:41:28,05:07,1239,1185,9350,349,7760
九国口音模仿各国渣男搭讪，一个视频看穿全世界野男人的套路,589,222535,//i2.hdslb.com/bfs/archive/89ddb53d61234e76703427480cd80517f5987f73.jpg,18196181,BV1cW411q7yb,1515661969,2018/1/11,17:12:49,05:05,1575,3715,11855,2823,10358
不就是留个学吗？你牛什么牛？,657,111894,//i1.hdslb.com/bfs/archive/baffa538036722f40fb7d29e47e698e08f30955e.jpg,17998841,BV1kW411B7aY,1515160951,2018/1/5,22:2:31,07:19,1197,1351,10209,381,6449
日本人真的比中国人懂礼貌？ ？看完这个视频给你答案,962,173473,//i2.hdslb.com/bfs/archive/170c80711390bbb6237d67d2bc97b5ae698a4cd8.jpg,17453228,BV1HW41187oH,1513775682,2017/12/20,21:14:42,05:26,999,1293,10218,476,7220
中国人爆买日本遭歧视，社会大妈反手就是一个98k疯狂扫射！ 中国店员Vs日本店员第二弹,494,191176,//i2.hdslb.com/bfs/archive/f769340a8773fc2dcfcf5012f9a88cb5e266c8f0.jpg,17170389,BV1eW411h7DS,1512993739,2017/12/11,20:2:19,09:01,1864,903,3967,333,4838
中国职场vs日本职场，上班烦，上班难，上班就想出去玩,538,202198,//i2.hdslb.com/bfs/archive/f403498138bd4451b13171c815df899545f7bd34.jpg,17006503,BV1xW411Y7wn,1512570685,2017/12/6,22:31:25,08:39,1474,1066,4979,370,6754
追星是一种怎样的体验？ 生来本弱，追星则刚,1969,135834,//i0.hdslb.com/bfs/archive/0770b11994e5aabd3e599e3e825e7f9cea604dda.jpg,16789379,BV1bW411a7Vm,1511975267,2017/11/30,1:7:47,04:49,10278,2145,5364,872,5642
中国电视剧VS日本电视剧，吐血苦情戏对打八级台风中的日剧跑，是套路太多还是太作？,829,405650,//i1.hdslb.com/bfs/archive/398111159cc292936aed8453ec95c46542f12618.jpg,15663856,BV1ux411u7fN,1508759438,2017/10/23,19:50:38,03:18,2874,2766,10238,1034,10596
日本店员vs中国店员，谁才是销售のQueen？？,984,395561,//i1.hdslb.com/bfs/archive/7135eba481157f7e3f847884a459ac07bcb79f23.jpg,14193586,BV1Ux411x7q2,1504604098,2017/9/5,17:34:58,10:24,4779,2839,6731,992,6008
中国小学生vs日本小学生，你还记得当年做广播体操旁边站着谁吗？,1130,272296,//i0.hdslb.com/bfs/archive/f03d260db107345816ce32aa0fd3db70985c5063.jpg,13757389,BV11x411b76Y,1503581704,2017/8/24,21:35:4,09:16,10142,2011,10333,1167,5464
会有歪果仁为四川地震捐款吗？？日本正太萌化我(>_<),3607,229478,//i2.hdslb.com/bfs/archive/50655cd103195ede20d9a0047846279880700a6a.jpg,13296010,BV1Ax411H7PB,1502570975,2017/8/13,4:49:35,04:20,1813,1391,12433,355,4736
中国大妈Vs日本大妈，斗舞哪家强？？,1126,530493,//i1.hdslb.com/bfs/archive/9f277996f12e1c08a43bcae22774654dd46295c8.jpg,13090589,BV1Ux411p7Dj,1502154021,2017/8/8,9:0:21,09:32,7668,3695,12086,2487,8414
真人示范教你如何追日本妹子，俺就是要成为交际之王的男人！,1210,323227,//i2.hdslb.com/bfs/archive/1fc43d25782138ecea5390c998553adcc34b4088.jpg,12850937,BV1ix411H7kn,1501624415,2017/8/2,5:53:35,09:19,4143,2848,8472,565,4652
日本高中生vs中国高中生，你中枪了没？附：关于校园霸凌想说的话,3967,859885,//i2.hdslb.com/bfs/archive/c701f08facc8f4d9336d6286c6b2da7fc5c8fe07.jpg,12434722,BV1vx411i7Fk,1500637013,2017/7/21,19:36:53,10:14,9622,5172,12125,1484,16455
中国网红Vs日本网红，你眼熟几个？ 特别鸣谢肘子君和大葱酱--,1179,569405,//i0.hdslb.com/bfs/archive/8dccf7d96d347bdf66662a71d09671140e6c022d.jpg,12011876,BV1qx411z7DH,1499520882,2017/7/8,21:34:42,10:53,14831,4538,23539,1725,14591
当董小姐在日本东京街头响起，路人们会有什么样的反应？,5652,2367003,//i0.hdslb.com/bfs/archive/da61048a0049e4cec0dac0f3bc5f00427ed3cd00.jpg,11461547,BV14x411h7CP,1497881540,2017/6/19,22:12:20,07:06,18521,18561,79455,2906,44280
日本男朋友vs中国男朋友，你钟意哪个？,2281,576036,//i2.hdslb.com/bfs/archive/fd09f3dc9077890c1c95cf503112dae05a56b081.jpg,11318794,BV1Xx41187bR,1497423278,2017/6/14,14:54:38,11:00,8476,3909,11391,2783,10616
日本女朋友VS中国女朋友，你喜欢哪一个？,4801,1036724,//i0.hdslb.com/bfs/archive/ab7d47ccb6de90fbfb3eb100395b547a8a2c8758.jpg,10925655,BV15x411e77w,1496070877,2017/5/29,23:14:37,08:31,9230,7181,22017,4972,24490
中国妹子在日本街头穿汉服，竟被99%的人误认为是和服！,9047,1025210,//i1.hdslb.com/bfs/archive/d965e0f4cfbc968a250fc1c1d9efbd39db576215.jpg,10691903,BV1Cx411v7rG,1495278958,2017/5/20,19:15:58,09:08,10964,8818,24042,1984,15913
五块钱竟然在日本买到这么多好东西？我的人生都要被大创改变了！,235,132360,//i2.hdslb.com/bfs/archive/01eaaf77fae7f134f751b7de22e0f47431e588e3.jpg,10532550,BV1Rx411e7Gf,1494677156,2017/5/13,20:5:56,20:39,2520,1233,4622,327,3460
简单三步改造平胸妹，事业线这种东西谁没有啊？？,555,223344,//i0.hdslb.com/bfs/archive/cc543d9afeeaa56cdbbc858b1b2bdc72680e7448.jpg,10359613,BV1tx411m72r,1494074749,2017/5/6,20:45:49,09:45,3180,1773,2272,1129,3803
【变脸教程】五个独门秘诀，让手残er的脸瞬间缩小50%！,316,130354,//i2.hdslb.com/bfs/archive/8121c70c78692fc540b2d324fb41f23b76c83890.jpg,9939384,BV16x411D7jL,1492543791,2017/4/19,3:29:51,12:45,2042,2274,2526,714,2473
时尚弄潮儿！怎么才能把渔网袜穿的好看又不表？！（附手撕裤子教程）,551,190544,//i0.hdslb.com/bfs/archive/01f996ad95de2c84a1ea1c2e9aaa9cb0b20b3041.jpg,9818967,BV1Rx411S7FM,1492096837,2017/4/13,23:20:37,06:56,1470,1460,1700,190,2191
【发型教程】大脸必须知道的发型，手残福音，拯救方脸！,667,360791,//i1.hdslb.com/bfs/archive/eed9c12b2251ea4166950b739594d3edbb140caa.jpg,9648737,BV1Qx411Q72Y,1491465239,2017/4/6,15:53:59,11:35,2524,6164,3332,660,3627
【自己打耳洞教程】估计看完这个视频也没人敢自己打了。。。,2018,313237,//i0.hdslb.com/bfs/archive/42154eddfcdb63fa0ac0132425558a844e087448.jpg,9011835,BV15x411C7oE,1488815029,2017/3/6,23:43:49,09:00,3923,2089,7572,1451,5275
活死人拉面！蓝色食物究竟有多恶心？,416,215971,//i1.hdslb.com/bfs/archive/edac3401847b09956d8304fb07b844c1506afffa.jpg,7972646,BV1xs411h7cL,1484213820,2017/1/12,17:37:0,03:38,1434,522,858,232,2458
狂搅纳豆四千次 你以为。。。,520,234614,//i1.hdslb.com/bfs/archive/606acdae5e84ec97e4772a7c4c447686142b861d.jpg,5137862,BV1as411v74V,1467198416,2016/6/29,19:6:56,04:06,1532,781,2934,124,5939
卡乐比麦片里究竟有多少水果 无聊girl的实验,1552,292355,//i0.hdslb.com/bfs/archive/e6cc83400c803a765fd9fdc3673ff9078e46923f.jpg,4052652,BV1ts411Q7k7,1457505191,2016/3/9,14:33:11,02:34,3176,830,1756,101,8475
