﻿title,comment,play,pic,aid,bvid,created,date,time,length,video_review,favorite,coin,share,like
天上龙肉地下驴肉？这家驴火被称为北京第一！UP也就吃了4个火烧半斤驴肉！,1093,369581,//i0.hdslb.com/bfs/archive/cd0d60310d41107bcecfe3517ab73b921d50e812.jpg,838376442,BV1zg4y1i72a,1591871434,2020/6/11,18:30:34,06:22,2746,1351,2467,922,21357
破产版厉家菜仿膳饭庄？好吃不贵的北京宫廷菜餐厅！给你帝王般的享受？,1045,322283,//i0.hdslb.com/bfs/archive/57076a559c719c61218cc80881f58120f629b720.jpg,455880610,BV125411p7HJ,1591612223,2020/6/8,18:30:23,08:18,3409,1447,2353,519,18671
曾是北京最传奇路边摊！有人暴晒三小时，只为吃上一口猪蹄！,826,483138,//i0.hdslb.com/bfs/archive/235576e1b90499abc243eab818419ecf900b78fa.jpg,455936913,BV1P5411W7rQ,1591267605,2020/6/4,18:46:45,07:10,4034,2020,4160,1354,27176
希望钱包没事！16元一只的小龙虾，真不愧是北京顶尖豪宅旁的餐厅！,1176,409705,//i1.hdslb.com/bfs/archive/2b07afb04f15d082ba8c8e695c9e1cc5358a315f.jpg,795882097,BV1ZC4y1h74d,1591007442,2020/6/1,18:30:42,07:38,3108,772,1692,456,20564
3顿东北烧烤引出陈年旧事！朋友邀请我去东北做客，居然用这种方式招待我？,2121,452024,//i2.hdslb.com/bfs/archive/0acdfeee2f8c1f3fc7ae8e724262db4ca50409fe.jpg,668309812,BV1Ra4y1e74a,1590672159,2020/5/28,21:22:39,13:19,6066,1306,3586,1045,22379
大胃王挑战「点一本」菜单！2个人22个菜？结账发现只能洗碗还债？？？,862,381492,//i2.hdslb.com/bfs/archive/155ba2cb0123deee367ee31e54e69601b60f5ab9.jpg,668252480,BV1qa4y1e7pW,1590402630,2020/5/25,18:30:30,08:21,2007,1293,4378,300,23522
吃肉喝酒看足球！北京胡同里的吃肉小店，猪肋排焦香酥脆太过瘾！,1190,478929,//i1.hdslb.com/bfs/archive/be0935ad71c4531bdf581c38bf6965ad5b4b835e.jpg,710629689,BV1SQ4y1N79E,1589797824,2020/5/18,18:30:24,07:48,5043,1770,2897,1031,24470
乔峰段誉在此拼酒结拜！影视中出现最多的苏帮菜？金庸先生都曾给他家题字！,800,457158,//i1.hdslb.com/bfs/archive/0c3e1ad11b436955794878facacb93715c2b045f.jpg,840690826,BV1U54y1X7bB,1589193024,2020/5/11,18:30:24,06:25,2139,1051,2649,386,22364
斥巨资200元在家自制蒜肠！切蒜剁馅灌肠忙到满头大汗，结果……,569,379453,//i2.hdslb.com/bfs/archive/2046c12a3866335323ec672a904347f6755d5609.jpg,795621756,BV1YC4y1H77N,1588847451,2020/5/7,18:30:51,07:39,2072,1448,2196,284,20449
包场京城第一烤肉？烤牛肉称霸北京330年！一口烤肉一口酒吃着太过瘾了！,1966,876467,//i1.hdslb.com/bfs/archive/1a582831a4edae9c023b21e775144f3cd7fa3e69.jpg,753044716,BV1Hk4y1k7PA,1588588231,2020/5/4,18:30:31,09:02,5964,2656,4532,1744,38291
20年免费流水席，北京最传奇民间美食家？他开的火锅店味道如何？,737,745953,//i0.hdslb.com/bfs/archive/5b1e683831803c83e6f19e0920208945e189a7c7.jpg,582948703,BV1x64y1M7PM,1587983448,2020/4/27,18:30:48,09:32,3353,1718,3543,1032,30744
“骗子餐厅”还我血汗钱！心中有肉嘴里没肉，佛祖：这我可不管啊！（狗头保命）,2112,1050536,//i2.hdslb.com/bfs/archive/a9b3ae3791682dcab692ace5559f1f4d4b119c17.jpg,752977969,BV1ck4y1k7dQ,1587639155,2020/4/23,18:52:35,09:36,4975,4842,9599,2180,58327
百年历史卤煮老店！号称京城第一小肠陈？大肠猪肺一锅炖太香了！,1204,648699,//i0.hdslb.com/bfs/archive/336d303fd8b8ee7dff35b11984b255d6f9e118c8.jpg,412796099,BV1ZV411o7hP,1587378618,2020/4/20,18:30:18,11:44,3291,2491,5050,1644,32833
助力湖北，援鄂复苏，美食UP也想为湖北做一些事...,254,88328,//i1.hdslb.com/bfs/archive/1eb18ec90a7bd7c3a96e8e18d72d77ab1f2d6add.jpg,882842321,BV1xK4y1k7Qg,1587217665,2020/4/18,21:47:45,01:38,71,197,842,73,7536
花50元买块砖头？板砖一样大的巨型巧克力，全部吃完能长几斤肉？,736,276779,//i2.hdslb.com/bfs/archive/686c8326851a6138282384d35fe253f5b3dbcb02.jpg,710340897,BV1PQ4y1T7Mw,1587033036,2020/4/16,18:30:36,05:06,1302,606,1277,173,14961
一个美食up主，想为湖北吃货做几件事，安慰一下你们的心和胃,534,180032,//i2.hdslb.com/bfs/archive/77b617b1e62502ab4513689997b791e6413f594d.jpg,795348251,BV1SC4y1p7LC,1586932600,2020/4/15,14:36:40,03:07,495,1059,7148,289,15875
手撕中国四大名鸡！扒鸡熏鸡和烧鸡，哪只鸡是你的最爱？,1564,397030,//i1.hdslb.com/bfs/archive/e1be2a924aa3e17e39a70b914146495c091be433.jpg,370207488,BV1uZ4y1x7HV,1586770740,2020/4/13,17:39:0,08:53,2890,1948,3077,1040,22665
1人吃3盘入口即化的红烧肉？配上米饭和大蒜，肉香四溢吃起来超爽！,526,393754,//i0.hdslb.com/bfs/archive/88748c0e2bc1ec5843374ea154f3498ae227c72d.jpg,625244084,BV1wt4y1277R,1586428206,2020/4/9,18:30:6,06:12,1500,882,1827,323,19831
200块北京烤鸭和40块街边烤鸭大试吃，北京烤鸭究竟为啥贵5倍？,1090,497133,//i2.hdslb.com/bfs/archive/3f85b7479937ed3378701c0982171ff9605b715f.jpg,497674982,BV1iK411L7m2,1586255424,2020/4/7,18:30:24,06:13,1809,1197,2716,731,25710
1842年营业的老字号！北京八大楼之一，镇店名菜鸡米锁双龙称霸北京！,992,750591,//i0.hdslb.com/bfs/archive/f796a1d184c4d88b9edf2eb927946900f7b167f3.jpg,752579655,BV1ok4y1d7br,1585823418,2020/4/2,18:30:18,08:12,2641,2282,8120,495,43206
68一份的自热人参鸡汤？200元买火锅小龙虾煲仔饭和鸡汤？自热产品究竟好不好吃？,992,329470,//i2.hdslb.com/bfs/archive/55f1dea548287680f5f8ca593f0ffe4491d74c29.jpg,967591176,BV1Pp4y1C7iN,1585564202,2020/3/30,18:30:2,10:10,1892,548,1154,256,12738
1299元战斧牛排比78元普通牛排贵多少？每克就贵9分钱？肉质口感天差地别！,568,429408,//i1.hdslb.com/bfs/archive/a5c9507b2bd0aeec2621a1e7e1343b67b7dc7c77.jpg,840025114,BV1m54y1R7vV,1585218622,2020/3/26,18:30:22,06:09,1505,915,2481,318,20771
120元买2大盘炸鸡！月销7000的炸鸡手枪腿有多酥脆？炸鸡配啤酒超过瘾！,771,546121,//i1.hdslb.com/bfs/archive/f3c72d848a5c84773ea80e1973ffcda49a048dca.jpg,98660706,BV1e7411m7MN,1584961207,2020/3/23,19:0:7,06:50,2199,1199,2091,1067,23608
最贵米饭158元一碗？试吃560元外卖佛跳墙，用鲍鱼海参鱼翅7天才能做完？,810,615334,//i0.hdslb.com/bfs/archive/8036749af1aa5a7293d9f9fa0016d4dbb7d8c5a2.jpg,97635981,BV12E411P7tq,1584700203,2020/3/20,18:30:3,06:19,1898,1288,3603,533,28602
1248元点份天价外卖？每口都是金钱的味道！将军鸡葱烧海参全是各地名菜！,2101,870323,//i0.hdslb.com/bfs/archive/3d3ebaf7310351ed1beca3921951d663ff50415e.jpg,96542079,BV1n7411f7Am,1584357307,2020/3/16,19:15:7,07:15,5015,2108,9998,777,44473
大型美食解密！玩转北京最火网红街，解密南锣鼓巷的文化名人和美食！,549,223616,//i1.hdslb.com/bfs/archive/684e643e13d701c6ca8205b7aa7fbb7312948f4c.jpg,95740800,BV19E411V79t,1584095423,2020/3/13,18:30:23,13:17,730,690,2151,131,11899
100元买2只叫花鸡，外面还包着泥土！电视剧同款叫花鸡味道如何？,745,592988,//i2.hdslb.com/bfs/archive/d78555de9af943e7d37d15d4fe6782387f990753.jpg,94616517,BV1fE411g7cS,1583663407,2020/3/8,18:30:7,05:53,1646,1171,3045,558,27696
500块吃6500克三文鱼刺身？6大盘生鱼片吃到撑，肉质肥美嫩滑超过瘾！,965,372712,//i2.hdslb.com/bfs/archive/493f85e3b3137d5a3e9de525b41c0c4797d93c01.jpg,93831887,BV1qE411x7Vg,1583404213,2020/3/5,18:30:13,08:49,3020,1462,5890,479,23909
在船上吃老北京涮肉？1米8的大铜锅，大口吃肉大口喝酒还能看运河！,701,597280,//i2.hdslb.com/bfs/archive/f2b893b0eea254cddf7964a0abf0c45af8289d71.jpg,89380974,BV1b7411n73W,1581849013,2020/2/16,18:30:13,08:07,2637,1648,4293,1213,29070
全国8种食材做1碗老北京打卤面？蘑菇木耳黄花菜，皇帝过生日都吃！,525,351748,//i1.hdslb.com/bfs/archive/7a1cea59a521c885319745dcf63cac405082239b.jpg,88882844,BV1c7411g7Be,1581676212,2020/2/14,18:30:12,08:03,3672,2973,8863,846,23743
428元一盒人民大会堂全网最贵汤圆？外皮洁白如玉，一口下去满嘴都是芝麻香！,639,375038,//i0.hdslb.com/bfs/archive/ea2b6ec953d655b3b1cac600a22048e37667806f.jpg,87083893,BV1G7411h7u9,1580985001,2020/2/6,18:30:1,06:07,1662,724,1955,520,16447
藏在地下的北京第一酱肉？80元一个肘子软烂入味，配烙饼吃超香！,1714,2598500,//i1.hdslb.com/bfs/archive/ff5b80244201f7fe103ba744dc59aab41499e2ee.jpg,86469117,BV1H7411s7bg,1580725801,2020/2/3,18:30:1,06:10,4415,12556,45718,6700,156911
百大UP在上海的几天都干了啥？把饭店的蒜都吃光了！颁奖典礼当天老白居然...,733,1232427,//i2.hdslb.com/bfs/archive/9fbf233091a7812338ebf9ad047ffd272f54dad5.jpg,84713218,BV1B7411a7XU,1579774198,2020/1/23,18:9:58,12:33,4541,4164,14292,526,56582
探店天津三绝狗不理！46元买8个猪肉馅包，狗不理真的很难吃吗？,1518,714674,//i1.hdslb.com/bfs/archive/36f1021fca6f4c82079aeedebd5bb83ffd8f468b.jpg,84235431,BV1s7411v7ZG,1579516237,2020/1/20,18:30:37,17:08,2258,2004,3786,951,21262
传说北京第一的铁锅肥肠？红汤鲜亮肥肠软糯入味，配上啤酒绝了！,936,1263916,//i2.hdslb.com/bfs/archive/32e62eaf74da7eeaba214bb9a670f41200aac716.jpg,83640043,BV1qJ41177Dm,1579170685,2020/1/16,18:31:25,07:13,3158,6833,18676,4133,59302
天津最接地气早餐街！早晨6点就排队，煎饼油条大饼超多小吃吃到撑！,625,308188,//i1.hdslb.com/bfs/archive/a61753f14873112faab7c58aad12c39bcdc993f9.jpg,83236921,BV1oJ411n7x1,1578911445,2020/1/13,18:30:45,14:14,896,702,1167,524,8315
正宗的老北京炸酱面应该怎么做？这样做美味又易学，关键在炸酱！,725,709884,//i2.hdslb.com/bfs/archive/3b1432bbbb993eb196d102cbbc4515741f8d2bfa.jpg,82810505,BV1WJ411V7hE,1578652203,2020/1/10,18:30:3,07:01,2335,9076,5869,2637,22282
天津最牛罾蹦鲤鱼！168元一条色泽金黄皮脆无比，尾巴都吃光了？,1012,261240,//i1.hdslb.com/bfs/archive/561cd92bdfa3b445ca99b0ac358a9e239741e1de.jpg,82679519,BV1CJ411G7aK,1578565837,2020/1/9,18:30:37,13:27,1320,626,1167,452,7582
300年历史的天津特色小吃！4元一碗锅巴菜，入口即化天津人最爱！,781,337440,//i2.hdslb.com/bfs/archive/648239d4ac8e3c98e27ffbde553e4a3e54679fed.jpg,82302800,BV1FJ411j7v6,1578306632,2020/1/6,18:30:32,14:18,1448,721,1292,548,8912
买365个鸡块！66元堆成座鸡肉山？5人都能吃到撑！,385,459209,//i0.hdslb.com/bfs/archive/51c88f5808785a61e9b81dfe479946f6d984a653.jpg,81881783,BV1hJ411j7Bv,1578045612,2020/1/3,18:0:12,07:02,1632,914,1961,585,11698
天津超火爆的家常饭馆！排骨比脸大一块不到50元，肉质鲜嫩不塞牙！,706,486710,//i0.hdslb.com/bfs/archive/47e4a0e3b25c681046e6024d21093baae0434f66.jpg,81757364,BV18J41187jA,1577961044,2020/1/2,18:30:44,14:26,2008,1223,2746,920,14095
3个天津吃货带你6日游，神秘刺激的天津之旅，吃喝玩乐一条龙！,401,164014,//i1.hdslb.com/bfs/archive/a444b57ff33d0dde76053dd7c53ab76eae588076.jpg,81264433,BV1uJ411Y7Yd,1577701859,2019/12/30,18:30:59,03:50,370,408,760,341,5730
开国第一宴！492元在北京吃顿国宴，人气爆满菜单都翻烂了？,1388,1804546,//i0.hdslb.com/bfs/archive/cca859c1f40c1a0b02511198ca2c19feaab0b205.jpg,80721378,BV13J411s7j8,1577356229,2019/12/26,18:30:29,07:21,3152,11226,29927,3737,88704
八大楼之首东兴楼！曾是北京餐饮界最高水平，看家菜糟溜活鱼冠绝天下！,721,754145,//i1.hdslb.com/bfs/archive/13d997af7f6db7a8144eed21fb4bf2b911b024ab.jpg,80465899,BV1pJ411x7V5,1577183440,2019/12/24,18:30:40,10:02,2451,2830,10551,1001,34619
3个天津土著带你逛天津，吃着煎饼果子坐摩天轮，吃喝玩乐5日游！,323,151674,//i0.hdslb.com/bfs/archive/721b1b5e620371de93bfef7dce4c593547f407aa.jpg,80345054,BV12J411s78U,1577097330,2019/12/23,18:35:30,01:23,134,296,456,238,4645
北京炸鸡大王只排第二？85元买鸡腿鸡排试吃，终于明白为啥第二了！,600,726010,//i0.hdslb.com/bfs/archive/2e62c53e342dd6ba0d02277b2721a3d53099e6c3.jpg,79826107,BV1BJ411t78Q,1576751456,2019/12/19,18:30:56,17:43,4379,1890,5444,1011,22338
京城9把龙嘴大茶壶，这家占据半壁江山？八宝茶汤12块一碗，逛庙会必备小吃！,564,572063,//i1.hdslb.com/bfs/archive/a490bb42d8fba64d3970efb537422f13f87de6e1.jpg,79481731,BV1uJ41167j1,1576492234,2019/12/16,18:30:34,07:20,141,2635,12665,795,35819
北京八大春之一的大饭庄，镇店名菜松鼠桂鱼色泽金黄味道绝，一条就要280元？,816,517276,//i0.hdslb.com/bfs/archive/b92d62c0da945f88b7381704e50c60651fa63dfe.jpg,78851571,BV1MJ41117ig,1576061877,2019/12/11,18:57:57,07:51,2208,2459,9373,975,25626
曾经北京四大麻辣烫之一？93年开业火爆京城，2个人吃了100元？,515,584386,//i0.hdslb.com/bfs/archive/508aad9b1aa0e0adb379b37e6eac60802046d609.jpg,78622260,BV19J411v7fR,1575887452,2019/12/9,18:30:52,08:02,155,1296,4138,644,19426
北京专卖羊蝎子的老字号，298一锅清汤羊蝎子！拿手啃着吃才过瘾！,606,753906,//i2.hdslb.com/bfs/archive/a09494c83cb23613456d7b6a9f55e14f3df5873f.jpg,78120563,BV1wJ411i7XC,1575541857,2019/12/5,18:30:57,07:47,2187,2227,11563,1319,33173
1954年营业的老字号，北京最早三家川菜馆之一！开了65年人气超火！,1046,547258,//i2.hdslb.com/bfs/archive/9bf6c5325470e5d544e9aec6b478caf3be95a516.jpg,77797008,BV11J411z7Hf,1575282650,2019/12/2,18:30:50,08:30,2697,1456,5057,550,21053
【最 饿 抖 肩 舞】每天亿遍，防止抑郁～coincidance,4011,2868167,//i1.hdslb.com/bfs/archive/e8b4d77b17034cdf53bc3b5591b0e20d9030f885.jpg,77090118,BV1PJ411X74c,1574766026,2019/11/26,19:0:26,03:17,6083,34940,135335,10015,184056
23元一碗炸酱面？豆汁难喝到北京人都不喝，马未都的老师却给题过字？,783,711316,//i0.hdslb.com/bfs/archive/829d33fc59f93ec00a36d229df635e88c343ada8.jpg,76975123,BV1JJ411R7Xp,1574679763,2019/11/25,19:2:43,06:26,156,2020,8903,629,33118
北京烤鸭168一只？600年前就有的焖炉烤鸭！大名鼎鼎的便宜坊味道好不好？,978,906320,//i0.hdslb.com/bfs/archive/f3b152fa03c59fe47cc2ab5131b3287172386590.jpg,76492984,BV1hJ41127iN,1574334830,2019/11/21,19:13:50,07:15,2327,5054,23268,1922,49519
9小时就为吃袁世凯同款的八宝鸭！肚子里塞了7种料，再用鸡汤蒸？,593,440213,//i0.hdslb.com/bfs/archive/3680988436823d070560d4ed9999b4e92f0e0b7e.jpg,76143423,BV1VJ411m7zn,1574072223,2019/11/18,18:17:3,05:47,95,1285,3742,369,13992
一口气吃2个火锅！用羊蝎子和椰子鸡锅煮海鲜，涮螃蟹鲍鱼大虾是什么味道？,591,458275,//i0.hdslb.com/bfs/archive/4e9c8fc3120b07b80539b370519e07fafe0a9566.jpg,75782371,BV1PJ411U7PZ,1573898410,2019/11/16,18:0:10,09:05,1890,1294,6138,700,19730
198买6瓶啤酒！外国和尚手工酿制产量极低，赚的钱全捐了？,491,171481,//i2.hdslb.com/bfs/archive/844bb3f2465b008ad89fc0081e3e1ab78a79fc0f.jpg,75641777,BV1VJ411D7Tr,1573730757,2019/11/14,19:25:57,05:32,399,1147,1147,564,5443
24K纯肉大测评？左手猪蹄右手肘子，160元买了7款肉！,531,409664,//i0.hdslb.com/bfs/archive/f5d6caa3af21a9c0831cff6040f6da8cf6a986a1.jpg,75324593,BV1DE411Y7LF,1573468895,2019/11/11,18:41:35,06:02,1475,775,2355,431,12760
花了4999买了新手机之后，女子为何后悔得直扇自己耳光？,833,253694,//i2.hdslb.com/bfs/archive/1080feee09579640a29e3429b11346cf8367f3d6.jpg,74947102,BV1tE411q7uU,1573209020,2019/11/8,18:30:20,03:59,845,691,2008,627,6713
传说北京第一的水煮鱼？每条鱼都有身份证？一锅鱼居然花了400！,789,854084,//i0.hdslb.com/bfs/archive/4125f2a6f48b57fb96b2d35c39c19d01dc6ba7a6.jpg,74535567,BV19E411q7Nv,1572860241,2019/11/4,17:37:21,10:04,2913,3881,22026,1434,55556
花100块自制4个蟹黄包？用6小时买螃蟹猪肉和扇贝自己剁馅，累到腿软的自制蟹黄包好吃吗？,665,434839,//i1.hdslb.com/bfs/archive/f1fdf286dd8c06fe7df79d2955228965ab988c42.jpg,74109591,BV1JE411871F,1572602438,2019/11/1,18:0:38,07:14,2705,6782,11016,2644,24828
传说是北京最便宜的烤鸭店？开在大学食堂里，一套烤鸭98！,799,599316,//i2.hdslb.com/bfs/archive/84bc402fd27be2c31d9cb3a019a86c7e426956d4.jpg,74044464,BV1fE411b7QJ,1572522911,2019/10/31,19:55:11,08:07,1728,2745,11261,1843,29766
北京烤鸭竟这么残忍，只用填鸭？古代宫廷还用鹿茸喂鸭子？【超长花絮】,399,336962,//i0.hdslb.com/bfs/archive/0dd9eb3a31bb6a2f11937b4a4dc54bd73cd3dff5.jpg,73364499,BV1EE41117rS,1572002206,2019/10/25,19:16:46,15:48,1036,681,1467,336,8914
花1000块吃北京最牛的3只烤鸭？挑战一天三顿吃烤鸭！全聚德利群大董谁最好吃？,1456,795785,//i0.hdslb.com/bfs/archive/9dc1830cfe13593420a347aad41d795b402b7914.jpg,73220247,BV1vE411y7nq,1571911215,2019/10/24,18:0:15,14:42,5797,3347,11363,2989,29825
北京超正宗的香港夫妻小店？开在二环里只有5张桌！炸鱼皮酥脆，牛腩面爽滑又入味！,585,610310,//i2.hdslb.com/bfs/archive/95e37b85388640c3688b4027609d168a4860616a.jpg,71996362,BV1gE411r7N6,1571657414,2019/10/21,19:30:14,07:46,1854,3480,14814,1004,35760
120年的北京爆肚老字号？一盘爆肚称霸京城，4代人专做爆肚，从清朝开到现在？,866,897115,//i0.hdslb.com/bfs/archive/ea78262bbd35eb21d5bf9ba71886428b730be895.jpg,71215006,BV1ZE411d7G8,1571050633,2019/10/14,18:57:13,08:40,2238,4897,20740,2655,45138
北京第一家高科技餐厅！斥资1.3亿！机器人配菜送餐上菜？服务真比服务员强？,531,491329,//i2.hdslb.com/bfs/archive/6d3ff4aa0a4bae12d02df3ae803602c19f20fb70.jpg,70569461,BV1DE411Z7cS,1570531286,2019/10/8,18:41:26,05:25,1261,1268,5985,911,21784
藏在北京繁华CBD的四川苍蝇馆？26一碗的肥肠粉加牛肉锅魁，巴适滴很！来吃的都是都市丽人？？？,674,672008,//i0.hdslb.com/bfs/archive/0000e83bd5844ac8217ee84209728fe4cba4a559.jpg,69155629,BV19J411T7Jj,1569580474,2019/9/27,18:34:34,07:00,2685,2258,8597,1206,26650
傻皇帝回礼豪赠卤煮宫，白公公私收银子巧献计，憨格格密谋恰饭菊花酒～,331,113613,//i0.hdslb.com/bfs/archive/ad60af131c6565fe1737e2b217140a192e1a827e.jpg,69030403,BV1KJ411T7vP,1569493842,2019/9/26,18:30:42,05:06,66,865,4504,197,9094
22元一个肉夹馍？北京第一幽灵脏摊，10年前带着秘方神出鬼没！,1509,1014177,//i1.hdslb.com/bfs/archive/00d14ae0224fb18e807bd76b2402b41f4b92b62e.jpg,68753774,BV1hJ411M76o,1569235643,2019/9/23,18:47:23,05:11,131,5176,13200,3101,38372
25块5毛的外卖竟然吃到撑？满满一大桌，这是什么神仙外卖？,470,516043,//i2.hdslb.com/bfs/archive/a586a9511eb6f173aa62df774a904a6dba07a050.jpg,68375940,BV1mJ411379o,1568976843,2019/9/20,18:54:3,02:23,603,590,1787,253,10702
北京超火爆的大虾火锅？大锅40只虾128元，2个人吃到撑！,644,481645,//i0.hdslb.com/bfs/archive/f6fbb0d55bfcde5da2d97c125069f4ad14517119.jpg,68274381,BV1jJ41137PK,1568893026,2019/9/19,19:37:6,06:50,1991,1525,6792,828,18750
大肘子139元一个，嘿嘿！外皮酥脆肥瘦相间，满口肉香超解馋！,1076,1162497,//i1.hdslb.com/bfs/archive/3a93eb2481145323a5e94ec91f1fe34f111c03b5.jpg,67974858,BV1DJ411c7UU,1568631985,2019/9/16,19:6:25,06:58,90,6061,23528,2626,53655
【运城驻京办】碳水大省山西！吃最香的面，喝酸的醋！山西小孩12岁还要头顶带大花馍？,2007,744671,//i1.hdslb.com/bfs/archive/f4461a051606a0942f5caa549b4508f2702a9870.jpg,67495520,BV1iJ411P7pA,1568376022,2019/9/13,20:0:22,12:54,6583,7421,52074,2163,52985
北京火了12年的烧饼夹肉！11元一个肉满到溢出来，配碗羊杂汤超满足！,1048,879835,//i1.hdslb.com/bfs/archive/56684166e2d0470413a1b3ebe0b03eeacebc47ac.jpg,67168446,BV1iJ411N7JX,1568022856,2019/9/9,17:54:16,04:54,76,5173,17779,2781,44589
【广西驻京办】螺蛳粉的臭味大揭秘！吃完竟能臭一整天？柳州螺蛳粉、桂林米粉和南宁老友粉哪款你最爱？,1028,392206,//i0.hdslb.com/bfs/archive/821b5051066cf428710f8f20b4bacba2216ef96f.jpg,66802583,BV1U4411y7Jg,1567771241,2019/9/6,20:0:41,11:14,51,849,2531,818,10139
138一份的菊花锅？居然还是皇帝必吃的菜？尝尝风味人间大厨的水平！,641,272972,//i0.hdslb.com/bfs/archive/eb71f34870020df5e6b8cd4d4a998e6a6e54dba8.jpg,66714169,BV1J4411y79p,1567681258,2019/9/5,19:0:58,11:11,2500,1752,7287,436,16547
8元一碗炸酱面，有10个大肉块？3人花了150！北京最传统的老饭馆，一进门就穿越到80年代！,797,984667,//i1.hdslb.com/bfs/archive/b5d17ba1d907c3dca9a896c80b60d1ca125669dc.jpg,66399453,BV1e441117GC,1567420502,2019/9/2,18:35:2,06:01,159,4988,14268,1445,39450
【内蒙驻京办】吃顿蒙餐2200多，北京最奢华驻京办！内蒙的羊都是活着时自己把自己腌好的！,1618,1132186,//i0.hdslb.com/bfs/archive/9472b72152b2172873333a3bc0867a06d502b189.jpg,66009182,BV1G4411B7gk,1567166433,2019/8/30,20:0:33,11:00,5731,3491,9821,1960,31268
3块钱吃饱！北京最实惠碳水小店，热量爆炸！吃时一时爽，吃完健身房！,2039,3290874,//i1.hdslb.com/bfs/archive/dea13580474c168b4f39d45f7d23d9b0e77bdce7.jpg,65887141,BV1s4411q7M5,1567075485,2019/8/29,18:44:45,06:11,5751,14456,33529,4710,103248
北京精酿酒吧前5名？在胡同里火爆10年！全世界酒鬼都爱来这喝酒！,625,304299,//i1.hdslb.com/bfs/archive/c689673ded0d13ecbb2078bc7a23ba7c92a82a22.jpg,65456814,BV1e441167RW,1566815240,2019/8/26,18:27:20,05:57,45,2583,9634,1396,18499
【四川驻京办】四川人满口谎言：这个真不辣！探店北京最火辣驻京办，川妹子竟然自带辣酱？？？,973,543940,//i0.hdslb.com/bfs/archive/632513f4df32b23c246e4f30010300399c604839.jpg,64998798,BV1n4411R7Lo,1566561653,2019/8/23,20:0:53,12:16,7561,1004,3016,608,12387
皇上的冰箱长这样？冰和金子一个价？探店皇家大冰箱，感觉钱包被掏空！,567,454571,//i1.hdslb.com/bfs/archive/02b2262fd27c32645768b87cfc996df0175b2c8e.jpg,64438308,BV1X4411o7LR,1566215413,2019/8/19,19:50:13,07:13,1688,1877,11581,412,24927
【黑龙江驻京办】战斗民族不会吃鱼？只能低价卖给东北人！东北老铁：属实给劲！,1391,548035,//i1.hdslb.com/bfs/archive/697191061395ecaaa7f5ddc390627684adb0a791.jpg,63974135,BV1J4411Z7a4,1565956818,2019/8/16,20:0:18,14:59,51,1599,6000,786,15994
82年的拉菲喝不起，咱就吃点儿82年的扒鸡吧！,1283,950178,//i1.hdslb.com/bfs/archive/c4d2498ad0256462da587f042e3b8ab5beb46905.jpg,63829482,BV1H4411U7Dy,1565859078,2019/8/15,16:51:18,06:42,72,3666,16596,1265,42540
【湖北驻京办】168一条鱼，丹江口翘嘴白！红薯面窝是湖北人的童年辣条？是不是记忆中的湖北味道？,1363,404081,//i0.hdslb.com/bfs/archive/1e5d2a8278d7955746feb9bb03a1400957bbb325.jpg,62911308,BV1gt411K7sa,1565352052,2019/8/9,20:0:52,12:34,3776,1199,5322,636,13955
清华北大附近最火爆的新疆餐馆？超麻超辣，排队一小时，只为这一口！,607,497121,//i1.hdslb.com/bfs/archive/1a8efc43ffc257e5a2b0efe9ed5479237f032364.jpg,62771218,BV14t411N7UA,1565263615,2019/8/8,19:26:55,06:17,35,2153,10254,761,23718
中国四大西餐厅！银餐具水晶杯，餐厅里还藏黄金？60年前约会圣地，情侣吃完就结婚？？？,981,530483,//i1.hdslb.com/bfs/archive/5a144747779ad7c6d775f4c9e0f0d1139b31c7cd.jpg,62336370,BV1yt411M7TW,1565007197,2019/8/5,20:13:17,10:25,205,3102,13878,594,24959
【河南驻京办】一顿饭18000？武则天爱吃的萝卜一盘78，比燕窝还好吃？,2120,393281,//i0.hdslb.com/bfs/archive/cba6fb0078bdbcff0c2fcb5daa691b8e853264c6.jpg,61871006,BV1Pt411u7s2,1564747205,2019/8/2,20:0:5,16:07,40,825,3154,381,9553
30元一碗？京城第一冷面王！北京开了30年的小破店，一碗冷面打天下！延吉荞麦冷面配麻辣牛肉，真酸爽！,1378,862682,//i0.hdslb.com/bfs/archive/7406d007169616797c28ead6fd8c2172402e163b.jpg,61288063,BV1Ht411A7bS,1564393473,2019/7/29,17:44:33,06:19,114,3354,16060,1002,38447
【广州驻京办】广东人的餐桌上居然没有福建人？广东菜3大流派！广东菜一定清淡？？？,655,344596,//i2.hdslb.com/bfs/archive/425ee9ff757e9dee6c5827c4f83379fe32e69b7b.jpg,60847130,BV1Bt411A72X,1564142423,2019/7/26,20:0:23,13:23,3619,934,2519,390,8762
探秘150年前皇家御酒？当天酿酒小工潜伏酒厂，体验酿酒品酒！喝酒喝到爽！,756,149936,//i1.hdslb.com/bfs/archive/7037152f6799cba667b40c4aa0c91597cbb7d380.jpg,60702561,BV1bt411j7eY,1564056043,2019/7/25,20:0:43,16:45,2237,913,2887,535,6617
北京小龙虾第一人！93年拉一卡车小龙虾进京，麻辣小龙虾火爆北京！,1315,553960,//i1.hdslb.com/bfs/archive/6f23748092ff8c2b96909018fd9246c93d2e8b33.jpg,60254159,BV1st411J7pj,1563793921,2019/7/22,19:12:1,06:48,91,1666,9679,537,19147
【山东驻京办】中国四大菜系之一的鲁菜！品尝经典鲁菜葱爆海参，九转大肠！五味调合，大开大合……【北漂家乡菜1】,1618,500475,//i0.hdslb.com/bfs/archive/ddbf44012fcb52a02d5d1dc3fadb869acf67b479.jpg,59834154,BV1dt411J7j7,1563537650,2019/7/19,20:0:50,14:21,105,1869,6940,1002,13470
【烤鸡架】北京超火的网红烤鸡架？肉多料足，一手啤酒一手鸡架爽到爆！,1165,1085461,//i1.hdslb.com/bfs/archive/bf5b6dfe178d8ceb8a5eea5865945d759b449d24.jpg,59292143,BV1ot41137rF,1563190000,2019/7/15,19:26:40,04:51,121,2544,12916,944,33937
【北漂家乡味】预告片：探店9省驻京办餐厅！北漂吃货如何找回家乡味道？,326,154402,//i0.hdslb.com/bfs/archive/a1f2a8ef22c11adf6f10ed508ad4ddb21c9f503f.jpg,58985583,BV1At411V7Xw,1563021052,2019/7/13,20:30:52,00:54,117,220,552,198,3533
【羊肉泡馍】称霸北京60多年的羊肉泡馍？掰馍半小时，吃馍10分钟，汤宽肉肥美滴很！,1754,1057854,//i0.hdslb.com/bfs/archive/be4edb205f3266ccddec455aec1449069cccb6ea.jpg,58758507,BV1it411574F,1562842616,2019/7/11,18:56:56,06:38,5615,5214,22933,1585,48791
北京最火爆的山西刀削面？炖肉刀削面15一碗永远排队，味道一绝！,1700,1028886,//i2.hdslb.com/bfs/archive/7e2e7220104514b07178a3260f3dd20683830371.jpg,58348636,BV1t4411F7r3,1562580957,2019/7/8,18:15:57,06:31,478,5237,17780,1788,39219
广西人最爱的“黑暗料理”，鸭血炒鸭肉？醋血鸭颜色黑乎乎！吃一口，真香！,1201,444153,//i2.hdslb.com/bfs/archive/007929f0ad6525f30e80369751c510f3f959332f.jpg,57832181,BV1G4411A7WS,1562238170,2019/7/4,19:2:50,06:52,20,1889,10435,520,21102
北京第一家桥头拉面？1989年开张的拉面馆，消失20年后重出江湖！,840,541131,//i1.hdslb.com/bfs/archive/d13c68d17ac049c1bb0ac208b28f766c60c209c2.jpg,57474591,BV1jx411X7Sb,1561980082,2019/7/1,19:21:22,04:38,1573,2608,12406,586,25908
藏在停车场里的东北菜馆？排骨炖豆角肉超多超香，根本停不下来！,1674,880408,//i2.hdslb.com/bfs/archive/4b01418e9e4349aafe67c24ee7095022280ae32e.jpg,56989800,BV1nx411d7yB,1561630847,2019/6/27,18:20:47,05:24,3874,4753,18629,2140,34374
无嗦粉，不江湖！全国10大嗦粉城市！湖南米粉，广西螺狮粉，新疆炒米粉香辣过瘾，味道超勾人！,1137,258740,//i0.hdslb.com/bfs/archive/1dad575e6fce658a6916ccf4c201eabecc46d4e5.jpg,56902343,BV11x411R7ug,1561544892,2019/6/26,18:28:12,08:41,1772,669,1092,470,5366
5分钟教你芝麻酱的4种简单吃法？凉皮凉面抹馒头，夏天吃超凉爽！,564,206315,//i0.hdslb.com/bfs/archive/417278036ce5ee1d0aadaf020acc69fa2e39c329.jpg,56690955,BV18x411o7mr,1561371203,2019/6/24,18:13:23,05:17,854,1755,3472,446,8073
北京160年的烤肉老字号！武吃烤肉超豪放，烟熏火燎，酣畅淋漓！武吃烤肉究竟该怎么吃？,1154,1081675,//i1.hdslb.com/bfs/archive/9ebb359d004e1e99c1f559895854f6955524cea2.jpg,56198598,BV1T441137At,1561025236,2019/6/20,18:7:16,07:20,203,5335,20639,2174,39169
吃北京河沿肉饼，逛北京最牛胡同！一条胡同，半个中国？吃饱喝足逛胡同！,537,462302,//i2.hdslb.com/bfs/archive/0f15eb925bd7fe75f17c1a0549817a84a2493538.jpg,55878480,BV1g4411G7sX,1560759581,2019/6/17,16:19:41,09:12,1808,2626,12919,734,21952
传说北京最好吃的臭鳜鱼？又臭又香太过瘾！舌尖的导演吃了都说好……,646,375553,//i0.hdslb.com/bfs/archive/df39279349bb6731e42d2fd50b8143779277eec7.jpg,55445115,BV1e4411P7jb,1560421215,2019/6/13,18:20:15,09:34,2502,1551,7636,412,15691
武松喝酒18碗不醉？揭秘古人千杯不醉的秘密……,683,220124,//i0.hdslb.com/bfs/archive/45ec4c5881246524a0cb59f792a06efdd77a217d.jpg,55258740,BV1j4411K7hJ,1560251404,2019/6/11,19:10:4,06:36,12,453,1232,158,4924
北京隐藏最深的酱肘子？60一斤大肘子炖得软烂！满口肉香太解馋！,1273,1107629,//i0.hdslb.com/bfs/archive/1ec61b296eb46c617d4f684d610b84d49195ee50.jpg,55149802,BV1y4411N7j8,1560161701,2019/6/10,18:15:1,07:20,3900,8891,17317,4506,34443
北京最实惠的超大馅饼！5块1个比板砖厚？牛肉大葱饼2个吃到撑！,1355,1209119,//i1.hdslb.com/bfs/archive/34cd52c72d3c784a6646c5f45d68af1b13f60e6c.jpg,54723577,BV1d4411M7Xb,1559818757,2019/6/6,18:59:17,05:29,306,5335,12513,1817,33752
北京3000万装修的超豪海鲜餐厅！吃3000块帝王蟹，380一位三文鱼随便吃？,2823,781172,//i1.hdslb.com/bfs/archive/281066510e5fceed190138549e60fe18367625f9.jpg,54465057,BV1A4411H7sd,1559555645,2019/6/3,17:54:5,06:47,841,9509,35046,3719,49092
传说是北京最好吃的广式烧鹅！60元一份皮脆肉嫩，蘸梅子酱巨香！,1723,688045,//i2.hdslb.com/bfs/archive/2ad0beb94b3569623ddf12728d3b957f17160da7.jpg,54040601,BV1a4411H7QC,1559212242,2019/5/30,18:30:42,07:22,1264,3808,15017,996,31264
北京小吃十三绝！北京最火爆的老字号小吃店？专卖北京小吃！黑色花卷2块1个？,788,594189,//i1.hdslb.com/bfs/archive/6dcd80c4019e3dc30e278310fad3786f3bebe31b.jpg,53780881,BV1R4411p7zC,1558957961,2019/5/27,19:52:41,08:04,2687,3526,12866,1117,24992
1毛钱的豆腐？3分钱的米饭？北京最火上海菜！起于1923年的上海老字号！,853,559156,//i1.hdslb.com/bfs/archive/f11e5cc028cf2ebbf947574cecf57827574c0051.jpg,52643291,BV1v4411J7oC,1558003215,2019/5/16,18:40:15,06:43,2374,1924,6457,403,15875
北京最火爆鱼头泡饼？一年卖出300万斤，还上过2次舌尖上的中国！,940,436312,//i1.hdslb.com/bfs/archive/47e131cf95b0c45e6accb0e10a30cb18bf9685f5.jpg,52363159,BV1e4411a71Z,1557743253,2019/5/13,18:27:33,07:17,2436,1272,5135,512,12013
139一根的牛大排？比胳膊还长？北京最火牛大排！酱香味浓肉质软烂，超下饭！,908,921214,//i0.hdslb.com/bfs/archive/dcd59206300802399b7c3dba28577d4757bbcffa.jpg,51723228,BV1D4411e7Yt,1557228032,2019/5/7,19:20:32,08:59,2604,3413,15763,834,24862
在锦衣卫的地盘卖德国大猪肘！200块1个鲜嫩多汁？大口吃肉大口喝酒！欲罢不能啊！,1113,579239,//i2.hdslb.com/bfs/archive/976ad0dcf2b8ceb8418d45733cf9075fd70fb4b1.jpg,51638220,BV1R4411i7ma,1557137582,2019/5/6,18:13:2,06:59,2582,3769,12371,987,23718
30年前北京最火烤鸡店！1块5一个竟还是专利烧饼！,656,625474,//i1.hdslb.com/bfs/archive/76f31bbf776743bdb18506151d4c162193b5f3e3.jpg,50846286,BV13441187Gk,1556531902,2019/4/29,17:58:22,05:24,1485,2043,9885,303,21985
9城市吃货美食地图小教程！有了它，路痴也不慌！,242,77508,//i1.hdslb.com/bfs/archive/7576e600cbebed812765b8ddfec76b43c2aa40c8.jpg,50731794,BV114411b7oi,1556439620,2019/4/28,16:20:20,01:31,79,457,429,95,1705
北京西单第一的网红餐厅！点评15000条好评如潮，到底值不值得吃？,659,577762,//i2.hdslb.com/bfs/archive/f15de89d48bde8d6f5d743bfd0543c86c8f45555.jpg,50156274,BV12b41137qR,1555929307,2019/4/22,18:35:7,04:53,1438,764,2016,306,8510
4斤重烤羊腿！66一斤肥瘦相间！滋滋冒油超过瘾，大口吃肉大口喝酒！,848,1016300,//i1.hdslb.com/bfs/archive/9139ad69bbc3bacee2f5e86272df0a30922a2b69.jpg,49422424,BV15b411j7DD,1555325689,2019/4/15,18:54:49,01:03,98,3275,4693,3009,15541
挑战3秒吃变态辣鸡翅！试吃北京烤翅界第一网红？20年前火爆京城！老板超牛超任性：爱吃不吃！,919,613584,//i1.hdslb.com/bfs/archive/e29ce75992cc63730ef7b8f7d6678fdc6b34a79f.jpg,48986293,BV14b411M789,1554978754,2019/4/11,18:32:34,07:01,2536,1272,3179,613,11070
B站69万粉丝助力的大胃王！如何用弹幕撑死一个美食博主？10分钟挑战3大碗凉面，结尾亮了……,1128,492275,//i2.hdslb.com/bfs/archive/19ab484cc4f4f8ce1aa247a4da5310501e68060e.jpg,48711546,BV1yb411u7Ja,1554720899,2019/4/8,18:54:59,05:19,3470,1273,8158,208,15740
传说是北京第一的打卤面！28一碗，卤料讲究！是真材实料还是浪得虚名？,744,598341,//i2.hdslb.com/bfs/archive/7aa03bba8e7ce8000c4d0191c270236075a826eb.jpg,48086674,BV1Ub411p7gf,1554201174,2019/4/2,18:32:54,04:33,1307,1069,2235,526,8264
在北京3000万的四合院里吃麻辣烫？馆子周围常有杀手出没，就问你怕不怕！,1096,1228790,//i2.hdslb.com/bfs/archive/73299826ae6ed47e557ee8183dc7ece8824637a9.jpg,47668613,BV1Qb411x7XY,1553856168,2019/3/29,18:42:48,07:04,197,2461,6112,1118,19280
明朝就有的肉饼?皮薄馅厚超过瘾,578,459448,//i1.hdslb.com/bfs/archive/d5cfd7e47b15b07658515c261fbee8dbb7a3c2d8.jpg,47006691,BV1Mb411773Q,1553252197,2019/3/22,18:56:37,03:53,669,949,1986,445,6906
曾经是北京最好吃的炸灌肠！消失了20年后重新开张！竟卖100块一斤？,795,808127,//i2.hdslb.com/bfs/archive/f654c7c573da1457f75929f54fc16e7dfb5c699c.jpg,46694978,BV1Wb411E7GH,1552990536,2019/3/19,18:15:36,04:06,1241,1276,2525,583,10465
菊菊菊花酒？北京三大名酒！除了二锅头，还有这种菊花酒！竟然是宫廷御酒！,391,136259,//i2.hdslb.com/bfs/archive/23427bee338fe902bd84c8e8f9fc798dbe7b1a10.jpg,46060469,BV12b411e72F,1552368427,2019/3/12,13:27:7,04:19,457,352,702,181,2682
试吃抽烟喝酒烫头和大肠刺身！郭德纲相声里的黑暗料理大挑战！,1152,627229,//i0.hdslb.com/bfs/archive/5574ee4af883e0aaa557f3d25a60e2f93917c11c.jpg,46000551,BV14b411e7ym,1552301057,2019/3/11,18:44:17,07:22,2694,1658,3591,1605,9788
4元一碗！藏在胡同里的小破门脸，只卖一种北京小吃！只营业半天，还只能站着吃！,596,437899,//i2.hdslb.com/bfs/archive/8037942b31de945f1b3f64ad8b249392a7095784.jpg,45682247,BV16b411v7uK,1552039465,2019/3/8,18:4:25,05:30,1417,1220,1875,456,6831
5元吃到撑！1928年就开的北京早餐小店，竟开在故宫旁？糖油饼配豆腐脑！量大过瘾！,2556,1004705,//i0.hdslb.com/bfs/archive/449de47e057a4930b98919486568ec5a156879d5.jpg,45431083,BV1Pb411q7fp,1551782208,2019/3/5,18:36:48,07:47,11067,4824,5280,2170,16446
北京最传奇的包子铺！30年后重新开张，60元一斤，排队2小时！,1511,1551417,//i2.hdslb.com/bfs/archive/b7eb549e44bd2d0159ef0a75c65da934475cd794.jpg,45026729,BV1qb411b7WG,1551436632,2019/3/1,18:37:12,05:27,92,5306,4864,3085,15962
震惊！半条街的吃货都在吃这家钵钵鸡！5毛一串不论荤素！【成都part.12】,490,428823,//i0.hdslb.com/bfs/archive/1a46603827b653293c3e8361cebf7278db1146cf.jpg,44380468,BV1kb411h7X2,1550830542,2019/2/22,18:15:42,06:14,1203,1357,1725,919,5753
【李庄白肉】30cm长的白肉？比脸大！比纸薄！肥瘦相间，刀功一绝！,1962,1195768,//i2.hdslb.com/bfs/archive/b28c0f8001d43c25ea57a22e34f6a2c4440b1876.jpg,43634009,BV18b41127nh,1550226655,2019/2/15,18:30:55,06:42,4424,2282,3330,1123,14099
肥肠刺身？成都巷子里的小馆子！开了20年主卖肥肠？卤肥肠拌肥肠烧肥肠，香辣入味不油腻,900,437991,//i2.hdslb.com/bfs/archive/7dab60b69f0168f7e3243ebf449c61a09434035f.jpg,43200705,BV1Db411S7yZ,1549967421,2019/2/12,18:30:21,06:06,1309,1439,2331,909,6468
【北京烤鸭】故宫旁边的烤鸭店？一只烤鸭228元！鸭皮鸭肉鸭架子，一鸭3吃！,861,367588,//i2.hdslb.com/bfs/archive/406a8cee7e819d9a82852975719b8af2dec26e6a.jpg,42119716,BV1Eb411y7hX,1548843648,2019/1/30,18:20:48,07:48,2325,1369,2836,1083,6549
吃货团队大秀厨艺？吃货们挑战一桌年夜饭，鸡鸭鱼肉包饺子，一起吃个团圆饭！,363,119508,//i1.hdslb.com/bfs/archive/847c984203ba5d83d27cf5f3ca3afb1278043555.jpg,42049876,BV1ob411C7kf,1548763595,2019/1/29,20:6:35,08:13,929,504,4649,59,5549
【第五集】北京吃喝旅游攻略！吃卤煮羊蝎子，吃饱喝足去德云社听段相声！,243,192776,//i1.hdslb.com/bfs/archive/f0c8bf5ee8e37b3a963f0f5efad3b07c1b6940e5.jpg,41729322,BV1Ct41147qe,1548497121,2019/1/26,18:5:21,02:42,266,1312,1057,780,3341
【第四集】北京传统小吃之旅！驴打滚艾窝窝再来点宫廷点心！哇，让你的嘴巴进皇宫~,245,143549,//i2.hdslb.com/bfs/archive/24998ed55ca6657391abd049d3ea9a2a72ddcd29.jpg,41578653,BV18t411b7rE,1548324648,2019/1/24,18:10:48,02:48,225,1149,728,764,2718
【第三集】北京文化之旅！喝豆汁吃烤肉，逛天坛听京剧，跟着老白涨姿势啦！,210,148293,//i0.hdslb.com/bfs/archive/21243ce19f2fb422feedca719d30e63773cc0899.jpg,41399628,BV1xt411h78e,1548151562,2019/1/22,18:6:2,03:22,404,1037,861,762,2729
来成都必吃的苍蝇馆？黄凉粉加锅盔，香辣爽滑！15元吃到撑！【成都part.8】,479,221322,//i2.hdslb.com/bfs/archive/187251648e360b0d6bc76740ef8b27bbee72df63.jpg,41121523,BV1ht411a7Qn,1547897134,2019/1/19,19:25:34,05:21,669,504,1029,312,3517
【第二集】假期来北京逛吃？喝炒肝吃烤鸭，逛故宫爬景山，吃喝玩乐一条龙！,346,180332,//i2.hdslb.com/bfs/archive/f489717772468250eba0ff72ee0a339f1fc50735.jpg,40962145,BV1Qt411h7kM,1547718089,2019/1/17,17:41:29,03:38,350,1655,1314,1243,3442
【第一集】春节来北京最强逛吃攻略？游后海逛庙会！炸酱面涮羊肉吃美滋滋！,364,175560,//i1.hdslb.com/bfs/archive/4509f20a4e98db2aa2ed8fd32e9d42ba8da108e6.jpg,40807117,BV1Ft411p7fG,1547547947,2019/1/15,18:25:47,03:37,379,2070,1705,1552,3828
北京美食四大坑！盘点北京旅游美食重灾区，吃货们擦亮你的小眼睛哦！,495,167100,//i1.hdslb.com/bfs/archive/bb14c7ac101d231f825c930eee86b9813bb3cda7.jpg,40736681,BV1zt411H7rE,1547466500,2019/1/14,19:48:20,01:49,195,1221,1356,852,3670
成都最最最火爆的美食街！这家小店靠鸡爪爪打天下？酸爽鸡爪超过瘾！【成都part.7】,394,267376,//i1.hdslb.com/bfs/archive/6ebd51fb6f43905696b77f5512c9c81042952bad.jpg,40468670,BV1ft411p7ti,1547201189,2019/1/11,18:6:29,05:19,723,635,1337,361,4102
北京最香的烤鸡？烤鸡香喷喷，鸡皮金灿灿，肚子里还藏了盘菜？,1241,899207,//i0.hdslb.com/bfs/archive/105e94ff10e12a07ffd89434eba980d6464f40ed.jpg,40238605,BV17t411s74h,1546941309,2019/1/8,17:55:9,05:27,3122,2596,3658,1702,10018
北京老炮爱来的湖南菜馆！做老大来这才有牌面？拔份打架出人头地！,493,279426,//i0.hdslb.com/bfs/archive/748a1491a8b079b42685bf07a139d7264ef46311.jpg,39870212,BV1Nt411x7m6,1546573683,2019/1/4,11:48:3,07:07,1378,668,3101,233,5311
北京大名鼎鼎的炸鸡总店，竟然躲在超市的小角落里？,1249,806796,//i0.hdslb.com/bfs/archive/bb9460f90d32820e90711e4c1d76b27f34a0628f.jpg,39213175,BV1Yt411r7cw,1545995127,2018/12/28,19:5:27,05:48,2906,3091,4132,1981,9838
首次挑战恐怖箱？嘘！别说话，你听某人在惊叫……惊喜还是惊吓？,269,127275,//i2.hdslb.com/bfs/archive/798d627c207a52db51b736d861f195b87d09bf1b.jpg,38926418,BV11t411k7qx,1545650904,2018/12/24,19:28:24,06:10,313,240,1238,35,2784
成都最最最火爆的串串！老板一吹哨，吃货就奔跑！【成都part.6】,777,458984,//i0.hdslb.com/bfs/archive/08207c5963429dfb30ac099d1677c2a078d9c17b.jpg,38673227,BV1et411Y7ad,1545391265,2018/12/21,19:21:5,07:27,1576,1173,3082,932,6339
传说是成都第一烧烤？果然只是个传说……【成都篇part.5】,1136,467465,//i1.hdslb.com/bfs/archive/092dac3be349d292e0d77c4beb6ea62e6dbb1eda.jpg,38451271,BV1Tt411v7sS,1545134134,2018/12/18,19:55:34,05:13,902,555,1723,308,4473
北京这家米粉店竟然是互联网大佬们的食堂？来，一起嗦粉啊！,1591,334404,//i2.hdslb.com/bfs/archive/4ad9f0db67b153f2f3ced693b37c1e87ced267d6.jpg,38124118,BV1Mt411i7c3,1544783720,2018/12/14,18:35:20,07:09,2302,984,5352,504,7435
北京最火涮肉馆竟然卖包子？2元1个大包子！酱香味浓还实惠！,574,329687,//i1.hdslb.com/bfs/archive/ea942a2655c2b33dd36492967c1692e522a94025.jpg,37933792,BV1rt411q7kc,1544520224,2018/12/11,17:23:44,04:28,850,796,3902,306,5899
北京最有贵族血统的小吃？驴打滚，艾窝窝，宫廷里出来的甜点！,659,323804,//i0.hdslb.com/bfs/archive/4571919727ff468dff8b49bd633b545d52408d79.jpg,37593073,BV1ht411S7v5,1544155503,2018/12/7,12:5:3,06:40,1265,1724,7068,827,8051
北京胡同里最后的国营副食店？有北京最香最浓的芝麻酱！偷吃芝麻酱的下场是……,1148,531745,//i2.hdslb.com/bfs/archive/6ea9bc05b05a3acd3e378dca23a659c7d3713c89.jpg,37014859,BV11t411Q7yv,1543486078,2018/11/29,18:7:58,06:35,1574,3712,6286,1719,9645
人均不到10元的成都小吃，面条比大拇指还粗，没吃几根就饱了！,744,331677,//i2.hdslb.com/bfs/archive/7839e8b8aefd7971cd25fee4ce6453cfcafc00df.jpg,36816191,BV14t41197mF,1543229160,2018/11/26,18:46:0,06:50,1756,524,1577,401,4211
想和老白拼酒量？,795,194491,//i1.hdslb.com/bfs/archive/a3c124b71d2c98802b21cac28e716abb764244b9.jpg,36583976,BV1Ht411y7nL,1542971696,2018/11/23,19:14:56,07:34,1780,288,978,168,2778
传说是北京最好吃的炒肝？只有咸菜丝还算合格，炒肝卤煮豆汁都巨难吃！,1139,407297,//i1.hdslb.com/bfs/archive/2253e5b9f120e1d4594c9c29ea795a4ef43927e2.jpg,36511798,BV1ct411y7KN,1542881535,2018/11/22,18:12:15,06:06,1640,736,3146,544,6008
成都火锅辣到熏眼睛！满锅红油看着都让人抖三抖！,1166,548821,//i0.hdslb.com/bfs/archive/0642cde47a7784789840f7e49b402062a63fb7db.jpg,36317558,BV16t41117oy,1542621708,2018/11/19,18:1:48,06:39,2367,1612,7564,1016,8557
成都最贵抄手28元一碗！皮薄馅大还有大虾仁！天天排队抢着吃！,751,343443,//i2.hdslb.com/bfs/archive/b0322b6eb72f82cb09e18deabbc7095d1255a1c1.jpg,36014886,BV1Ut41127Xt,1542283770,2018/11/15,20:9:30,06:53,1812,1004,1589,973,4474
来成都吃一顿麻辣火锅！,825,364290,//i0.hdslb.com/bfs/archive/7dd901f29a00b45e35d43e82eb80bad0b6b39ae1.jpg,35831836,BV1st411U722,1542024065,2018/11/12,20:1:5,08:34,2329,841,4542,823,7146
北京最简陋的小饭摊，竟有15元一份的自助餐，15个菜随便吃！,4118,1238737,//i1.hdslb.com/bfs/archive/6adbc6300c9f2507640e1ed7b742931c27900c4e.jpg,35552794,BV1Wb411c7Lo,1541674852,2018/11/8,19:0:52,07:28,6377,12981,53243,6241,66725
店内只摆4张桌子预定才能吃？排骨小店喝酒吃肉啃羊排，越啃越有味！,652,507719,//i0.hdslb.com/bfs/archive/66aea6f1e893fbdbbf15bc2d8c555f53826e3aaa.jpg,35363280,BV17b411A7cR,1541412579,2018/11/5,18:9:39,05:36,1410,964,2172,527,5679
一口气吃完传统美食八大碗，闻着倍儿香！,477,378758,//i0.hdslb.com/bfs/archive/9e80d3186aac182002d31300a2940d9cd51daa2b.jpg,35065280,BV1xb411P7r6,1541067757,2018/11/1,18:22:37,06:50,1528,507,1430,224,4296
老北京火了300年的传统小吃！糖火烧用芝麻酱裹红糖，香甜绵软！,1278,253807,//i0.hdslb.com/bfs/archive/6260ecb1cb64099c5eb3afd280f8d3475c5ac6ea.jpg,34992347,BV1db411A7N5,1540968820,2018/10/31,14:53:40,03:59,645,434,726,314,2730
这家街边小店的烩菜，让饭店大厨都惭愧！大块肉片越炖越香！,710,492272,//i0.hdslb.com/bfs/archive/d3ab928d2c94bd26a88a84984fd9031e5166bbe3.jpg,34874844,BV1bb411A77N,1540806747,2018/10/29,17:52:27,06:53,2389,1137,2440,606,6091
内蒙羊肉串真NB，一整块羊肉指哪儿烤哪儿！卤完更入味嚼起来有汁水！,599,399551,//i2.hdslb.com/bfs/archive/0c10d51a6f4d9a9ca5d4ee5b492fa0d3692705bf.jpg,34573475,BV1at411d7Sb,1540465187,2018/10/25,18:59:47,05:19,1542,605,1759,427,4346
20年纯手工现切，最正宗的锡盟羊肉，它是昔日的火锅神话，现在却...,588,425112,//i2.hdslb.com/bfs/archive/731221dd0dcca9c20a5a5dbc24e2cfc97864acc7.jpg,34388251,BV1it411R7xQ,1540205370,2018/10/22,18:49:30,07:19,1367,593,2159,473,4341
内蒙人最爱的早点，二两稍麦憋死汉？？？原因竟然是……,1055,399359,//i2.hdslb.com/bfs/archive/44ac501d10a7c168cade4a9fd0b577d1ce614015.jpg,34098996,BV1qt411d7ZL,1539864413,2018/10/18,20:6:53,04:41,1595,798,1583,751,4533
吃一碗心、肝、肚、肺！热乎乎的羊杂，让你冬天不再寒冷~,810,360357,//i2.hdslb.com/bfs/archive/e4c1111c40db969de256b3c19ce9f7a36df6cd2a.jpg,33910416,BV1nt411Z76R,1539601207,2018/10/15,19:0:7,06:27,1348,502,1615,473,3551
草原羊肉清水煮了直接吃！一口一大块儿，贼狂野贼带劲！,940,423100,//i2.hdslb.com/bfs/archive/afc64ce5bed881e8a85d75389e46af8be28fb436.jpg,33616027,BV1Yt411f7D5,1539253876,2018/10/11,18:31:16,06:16,1714,649,1964,559,4116
1000元吃一顿正宗蒙古菜，羊排边吃边滴油，就是那么横！,1219,602485,//i0.hdslb.com/bfs/archive/acc9a5e5ace9ec5e6a585c4dcc135ca1c76aaeb2.jpg,33423141,BV1cW411173G,1538996338,2018/10/8,18:58:58,06:24,2396,1174,2833,1222,6231
末代皇弟钦点的小火锅，蔡澜吃了都说好！,701,471481,//i0.hdslb.com/bfs/archive/390f3d5ed4447d502dcc75dce7ec644d8da0575f.jpg,32636781,BV1wW411S7oM,1538129106,2018/9/28,18:5:6,07:33,1887,1152,1979,530,4805
十六年来只卖两种口味的小面馆，下午三点就打烊，每天卖出600碗！,554,378614,//i1.hdslb.com/bfs/archive/8053d33f3b072cdc9ba0e65367a5712b0950b353.jpg,32523078,BV1bW411U7ZR,1537957427,2018/9/26,18:23:47,04:45,1348,404,928,228,3157
熨斗牛排！气泡羊肉！神店在此，还能不能好好吃饭了？！,1132,429081,//i0.hdslb.com/bfs/archive/057dda99bce1f254c0d64dbc50944a51dc751563.jpg,32159261,BV1sW411r7jp,1537525105,2018/9/21,18:18:25,06:44,3089,578,1289,495,3631
烤蚕蛹！烤腰子！这个烤鹌鹑里还有个蛋？在深夜里，撸的不是串，是寂寞~,839,288542,//i0.hdslb.com/bfs/archive/bea8c9c3271a861cfb43a002f9a0b42188484657.jpg,32041097,BV1qW41167Cd,1537350526,2018/9/19,17:48:46,07:15,1849,374,1033,295,2861
4个菜30元？最接地气的网红店！坛肉炖到稀烂下饭一绝！,2135,1449820,//i0.hdslb.com/bfs/archive/73c92d241e5bab966d1f40455694335ea669094c.jpg,31921776,BV1XW411k78H,1537177300,2018/9/17,17:41:40,04:02,30,2273,2811,882,8433
凌晨4点为你买红肠的人请珍惜！Ta一定很爱你~很爱很爱你~【哈尔滨part.10】,922,397528,//i2.hdslb.com/bfs/archive/b10101d631369252844180a09e925c6629e35892.jpg,31702243,BV1sW411y7Ug,1536919591,2018/9/14,18:6:31,05:31,1589,673,1071,987,3867
这鱼太惨(香)了！曾和恐龙一个时代，后沦为皇家贡品？,956,347621,//i0.hdslb.com/bfs/archive/c872881a711dc4d0fcc70fcdfbef861afc2ee7de.jpg,31587488,BV1zW411C7ff,1536748288,2018/9/12,18:31:28,04:40,1474,443,1063,262,3000
壮观！这条小吃街500多个小吃摊，三天三夜都吃不完！【哈尔滨 Part.7】,487,220633,//i2.hdslb.com/bfs/archive/efb6b8f4e9bc1e277b5e481315e0f7537861c5dd.jpg,31266117,BV1BW411d7CK,1536316878,2018/9/7,18:41:18,06:08,1179,541,845,1055,2482
从清朝开到现在的冷饮店！每天卖10000多根！【哈尔滨part.6】,1908,880342,//i2.hdslb.com/bfs/archive/64da888b97a0c204f60d78311f21182df3d1c2e0.jpg,31143485,BV1kW411Z7Mv,1536138234,2018/9/5,17:3:54,05:58,3144,2351,2315,893,6690
救命啊！我咬了一口包子，吃到骨头！硌硌硌硌硌硌到牙啦！【哈尔滨part.5】,687,370466,//i2.hdslb.com/bfs/archive/ef7c081fe3c2fa06006bf79dbaeb11a85a930332.jpg,31027748,BV1oW411o7qJ,1535972861,2018/9/3,19:7:41,05:44,1594,555,1419,477,3603
考第一名才能吃的俄餐？中国四大西餐厅之一！老白吃了说再也不想考第一了~,1128,633585,//i1.hdslb.com/bfs/archive/3ecc1dac450d2cb4ad29cbc4b96c956e77d6f692.jpg,30802684,BV1zW411f7gX,1535713039,2018/8/31,18:57:19,05:25,2853,950,1434,524,4910
【哈尔滨杀猪菜】红扒猪脸还有猪鼻子吃？！半个猪头都吃不过瘾~,1146,361507,//i0.hdslb.com/bfs/archive/a805d4be0beb809680ccee79e8e7fb4066e2b658.jpg,30624758,BV15s411c73L,1535536344,2018/8/29,17:52:24,06:21,2225,676,1617,944,3672
贼带劲！鹅鹅鹅，我要吃大鹅！东北特色柴火铁锅炖大鹅，老香辣~【哈尔滨part.3】,1307,465161,//i1.hdslb.com/bfs/archive/3be1ffb9617b68c209f8ccf5b6518a551f7391d5.jpg,30456708,BV1Ys411F7cB,1535364380,2018/8/27,18:6:20,06:40,2819,812,1683,1392,4553
【哈尔滨啤酒节】喝最烈的酒，撸最香的串！啤酒烧烤，爽skr个人~,1016,268839,//i0.hdslb.com/bfs/archive/4f47a20e370f0db3f1feed71eb5d9c5729f1c446.jpg,30207916,BV1wW411D7uV,1535107737,2018/8/24,18:48:57,06:12,1537,428,1261,383,3031
比肉更诱人的素菜！素蟹黄素鳝丝，扬州素菜馆看起来惊艳价格不便宜！,787,267219,//i2.hdslb.com/bfs/archive/0f9d3b5cf6995922655fc2c24ee820f2c3e21573.jpg,30032787,BV1DW411Q711,1534934959,2018/8/22,18:49:19,06:13,1882,354,3647,238,3352
【咸香豆腐脑】扬州第一豆腐脑白如玉、嫩如脂，入口即化~本地人下午茶的最爱！,949,187143,//i2.hdslb.com/bfs/archive/f49e66e66b4a681a539e6625c2cd9a2e4091cfbc.jpg,29857469,BV1mW41197qd,1534760105,2018/8/20,18:15:5,05:45,2005,315,937,270,2407
【彩色饺子】民间自发组织饺子班，为脑瘫儿童坚持249周！每周不重样,704,131642,//i1.hdslb.com/bfs/archive/16380c694e1e0120124c02ec550069af23a1a330.jpg,29661994,BV1mW411X7F7,1534563458,2018/8/18,11:37:38,08:34,1191,655,26673,181,10673
【鸭油拌面卤煮豆干】扬州最好吃的拌面！价格便宜到不敢相信，大锅三鲜汤才3元！,731,340685,//i0.hdslb.com/bfs/archive/3eab14550521e0468d251a8cab7307210db67f64.jpg,29603529,BV1gW411d7Z4,1534499472,2018/8/17,17:51:12,06:17,1745,915,3157,566,3913
【臭豆腐炖肥肠】扬州特色超重口美食！隔着屏幕都能闻到味儿~,573,275934,//i0.hdslb.com/bfs/archive/bb543f8d5070314ac07e693acbd988313fe8557b.jpg,29433473,BV17W411R75E,1534330899,2018/8/15,19:1:39,07:06,1409,308,1290,428,2820
殿堂级美食扬州小吃！藕粉丸子蜜汁捶藕甜品中的极品，做法十分复杂！,673,240840,//i1.hdslb.com/bfs/archive/fb62caed1eb5d50b299863419230945f4a0810f9.jpg,29258752,BV1rs411T7TV,1534156117,2018/8/13,18:28:37,07:24,1726,410,1191,401,2846
涨姿势！比鸡蛋还大的汤圆！竟然有菜馅和肉馅？咸的汤圆你们怕了吗？【扬州part.7】,1194,219983,//i2.hdslb.com/bfs/archive/453800be93d3d34789da2dff465a8cf7e5b75e05.jpg,29011323,BV15s411u7XQ,1533894437,2018/8/10,17:47:17,08:22,2040,327,923,262,2325
百刀斩豆腐，细如发丝能穿针眼儿！跪倒在淮扬菜出神入化的刀工下,778,336126,//i2.hdslb.com/bfs/archive/8f2548a16d4f8a4dbec9f7f6785a32e814dc8fe4.jpg,28830793,BV1Ds411g7np,1533712622,2018/8/8,15:17:2,06:58,1883,474,1541,395,3141
133年的扬州蟹黄汤包店，蟹籽厚到堵吸管！12块一个值不值？！,1329,603302,//i0.hdslb.com/bfs/archive/67bd529ec4d68fecfcd8b85f2ca2e356e976a48e.jpg,28658310,BV1Zs411u7BX,1533535969,2018/8/6,14:12:49,07:25,2991,1159,1531,832,4181
吃了这12斤小龙虾，没有什么坎儿是过不去的！扬州小龙虾吃完不过瘾~,1015,531605,//i1.hdslb.com/bfs/archive/79cbf8f15f4541b2c006f29e4bbc5c7df10d92ae.jpg,28410745,BV1es41137XZ,1533277806,2018/8/3,14:30:6,06:45,2128,525,1596,825,3826
扬州早茶文化，来不来体验一把~,1152,323786,//i2.hdslb.com/bfs/archive/2aff389c458a844d3d502cd83dc7d85d24ac6601.jpg,28248685,BV1zs411w7os,1533119450,2018/8/1,18:30:50,08:04,2279,641,1277,702,3188
扬州盐水鹅每一根鹅肉丝都被秘制卤水浸泡入味，舌尖尖儿上全是鲜美油香！,846,274813,//i2.hdslb.com/bfs/archive/5945d10e5595f94fd0b9785c022fd6c4a2a38e67.jpg,28080332,BV1Bs411c7Nx,1532927236,2018/7/30,13:7:16,08:09,1730,404,1863,491,2753
【广州篇】广州旅游必吃精选篇@吃货请闭眼,935,385681,//i0.hdslb.com/bfs/archive/748f921d3214f5883677f0c2fd8187bc177e229a.jpg,27603196,BV1ys411P79X,1532775956,2018/7/28,19:5:56,91:51,6087,7635,3043,4239,4067
10元吃到撑！扬州人必吃的锅贴和饺面！便宜到哭泣~~,1214,526599,//i2.hdslb.com/bfs/archive/3a997d6f5775b6b93ce33ce61631fa826edc403a.jpg,27870274,BV1Ls411A73T,1532697393,2018/7/27,21:16:33,06:25,2999,1179,1563,970,4057
南北又出大差异？稍麦烧麦大有不同！京城第一稍麦铺前来探究竟~,853,237362,//i0.hdslb.com/bfs/archive/e3a968ea6354935d9d4bc76539f981b02a361ca9.jpg,27709227,BV1Ns411N7fg,1532518965,2018/7/25,19:42:45,06:52,2206,424,1248,285,2268
京城最低调烤串，各大明星全都来打卡？秘制烤鸡爪外酥里嫩，羊肉串肥瘦相间恰到好处！,745,437697,//i2.hdslb.com/bfs/archive/e0decb22e1a4d28b8146313de1d39227688ed623.jpg,27547517,BV17s411P7NF,1532342607,2018/7/23,18:43:27,06:48,1648,773,2687,437,4163
重庆排名第一串串店，我们找得好辛苦！泡椒牛肉辣到嗓子眼，一口气吃200根！,1514,881686,//i1.hdslb.com/bfs/archive/bacbeeca9ff88e6f147328222dbf5778c29a0b95.jpg,27310486,BV1Rs411N7eW,1532084497,2018/7/20,19:1:37,07:04,3387,3885,3397,3810,7320
江湖失传已久的武林绝学“水上漂”？运功3小时才能破解的水上飘豆花！【重庆part.12】,469,204634,//i2.hdslb.com/bfs/archive/85c70dbc21bc6e486de12489e0a3199435644667.jpg,27152820,BV1Ws411E7xf,1531909173,2018/7/18,18:19:33,05:44,661,256,953,230,1899
【青岛篇】青岛旅游必吃精选篇@吃货请闭眼,1207,337149,//i1.hdslb.com/bfs/archive/e6339c5b695fcc0f6509bc509b074b66fa0c36a6.jpg,27073546,BV1Ts411E7QD,1531822557,2018/7/17,18:15:57,51:01,4004,4514,3033,3521,4422
重庆最火爆的烤脑花？麻辣鲜香，入口绵软！吃一口就欲罢不能？【重庆part.11】,861,453983,//i1.hdslb.com/bfs/archive/589f7f0c18338fadf7b1a52055d71f3e255d3805.jpg,27001676,BV1ms4117778,1531736656,2018/7/16,18:24:16,05:58,68,532,1178,657,3008
挑战重庆最辣牛油火锅！连本地人都闻风丧胆的变态超辣火锅！,1263,679589,//i0.hdslb.com/bfs/archive/fca689a0f9fd0b63004a066bed00bf6f69777d7b.jpg,26778296,BV1Es411J7b3,1531479830,2018/7/13,19:3:50,07:27,3187,1089,1654,1851,4505
来重庆一定要吃的江湖菜！辣子鸡、来凤鱼、璧山兔... 满桌辣椒红油，越吃越流口水！,815,323340,//i2.hdslb.com/bfs/archive/4aca2368ab7ccbdea181fc8bd6c09579db754fd5.jpg,26634139,BV1Ks411H7ns,1531307913,2018/7/11,19:18:33,07:27,2015,739,1348,884,2460
【老白蒙眼一口气秒掉9瓶进口啤酒！】 啤酒&世界杯才是肥宅快乐水的终极奥义啊！,534,371274,//i1.hdslb.com/bfs/archive/6bf7a11d8f602024113be15bac22fe22dcf1308a.jpg,26487858,BV18s411n7tW,1531135580,2018/7/9,19:26:20,06:05,835,296,673,213,2120
重庆最任性火锅店！开了30年，每天营业3小时？【重庆part.8】,2152,697831,//i1.hdslb.com/bfs/archive/ed08a1346b0304e99c77e0ebefb70cd2bf3a4508.jpg,26278881,BV1os411H7ZK,1530872955,2018/7/6,18:29:15,06:58,2819,767,1156,679,3354
逛吃重庆磁器口小吃街！重庆人绝不推荐的小吃街？人山人海超火爆，到底哪些值得吃？【重庆part.7】,863,353408,//i2.hdslb.com/bfs/archive/8bc77f8a806219d6cc64b497dac26ae96ff95a80.jpg,26147023,BV1Vs411V7GF,1530701336,2018/7/4,18:48:56,07:29,2414,606,1007,852,2228
重庆小面50强之首？生意火爆人气超高！真的辣么好吃吗？【重庆part.6】,708,534784,//i2.hdslb.com/bfs/archive/86b436debbd8fb631c65c9b7f0e388e997769ace.jpg,26015066,BV1Ys411G7zN,1530527639,2018/7/2,18:33:59,05:05,1821,1060,2618,769,3827
【北京篇】北京旅游必吃精选篇@吃货请闭眼,1018,584351,//i0.hdslb.com/bfs/archive/7d777160218c4debaa6a7ac64b75b2d90b6372c6.jpg,25635786,BV1Ms411j76t,1530357350,2018/6/30,19:15:50,131:37,4587,21846,9871,11217,10734
号称重庆小面前五强？一碗豌杂面，满满的浇头，浓浓的肉酱，香辣过瘾！【重庆part.5】,1196,249908,//i0.hdslb.com/bfs/archive/7a6172e32908b6f73ed34a28e839c93c89d6044b.jpg,25815501,BV1Gs411578q,1530267286,2018/6/29,18:14:46,04:59,1732,1296,1672,1082,3606
重庆最贵的小面？2两28元一碗！4块大牛肉炖的酥烂！【重庆part.3】,1769,1336427,//i1.hdslb.com/bfs/archive/62ef330ad7b7370dc7b9016ca4bd9f4b1ec0b223.jpg,25695778,BV12s411V7pe,1530096337,2018/6/27,18:45:37,03:57,2448,2465,4061,1735,8020
很江湖！很下饭！重庆吃货才晓得的苍蝇馆！开在南山上，地地道道的山城味道！【重庆part.3】,929,467472,//i1.hdslb.com/bfs/archive/92b7f7e76c8d832de19b883effa390f6a87d551a.jpg,25575019,BV1Ss411L7PS,1529920863,2018/6/25,18:1:3,06:46,2031,1078,1672,780,3072
在重庆的防空洞里吃鱼！邮亭鲫鱼，活捉莴笋，香辣耗儿鱼！满桌红油火辣辣！@TESTV【重庆part2】,1136,518805,//i0.hdslb.com/bfs/archive/ecfacbeac808219ceb4a018e57ee90f9952cdfaf.jpg,25446309,BV1cs411L7Lb,1529746849,2018/6/23,17:40:49,09:05,2966,894,2579,912,3377
【香喷喷的烤羊排】藏在胡同里的烤肉馆天黑才营业？烤羊排肥瘦相间，滋滋冒油，4小时全卖光！,1015,537833,//i2.hdslb.com/bfs/archive/18c56105c0f2239ebd8eb13a7ae6ac566796e34b.jpg,25323815,BV1Ps41177gF,1529578524,2018/6/21,18:55:24,06:50,2051,1689,2167,1153,3744
一大口铁锅现场做豆角排骨焖面！北京最好吃的豆角焖面？满满的家乡味道！,598,296072,//i1.hdslb.com/bfs/archive/9c8760b2c9776acaa0fb248d54c37a18b1148222.jpg,25209975,BV1Bs411j7sM,1529404022,2018/6/19,18:27:2,07:55,2064,597,1242,585,2075
羊腰刺身加烤牛欢喜，北京最补的烧烤店！看球赛，吃腰子,874,687033,//i0.hdslb.com/bfs/archive/29c249a669742824c7d95282c18d9432f99216d5.jpg,24998394,BV1QW411F78W,1529145471,2018/6/16,18:37:51,07:24,3274,1472,1518,1275,4229
重庆街头最火爆的酸辣粉！在你舌尖上跳舞！【重庆Part1】,587,278443,//i2.hdslb.com/bfs/archive/dc202f351b6f19c6543dde60e3869d1c17ff9780.jpg,24869226,BV1QW411w7Su,1528955876,2018/6/14,13:57:56,05:01,984,370,1006,431,1870
广州潮汕牛肉火锅，切肉是其灵魂，搭配沙茶酱探索新味道！,1002,372658,//i0.hdslb.com/bfs/archive/3045e8d8e556e5496873b21972a09de2e8aa74e7.jpg,24729031,BV1uW411w7rM,1528801227,2018/6/12,19:0:27,07:15,2304,775,1677,733,2525
广州陈添记鱼皮，探索鱼皮新吃法，这味道很惊喜！,716,308581,//i2.hdslb.com/bfs/archive/45f6c65c9195fdbc6bce2c799cb94229cd6d6ee2.jpg,24491422,BV1mW411A76L,1528369224,2018/6/7,19:0:24,05:09,1033,467,1142,538,1850
广州超级火爆的砂锅粥！排队三小时，就为一口粥！味道简直不能再鲜了~,860,414840,//i0.hdslb.com/bfs/archive/d67396cb63853f62de0ffbc8585599e7738e6570.jpg,24139056,BV1hW411P7TV,1527762944,2018/5/31,18:35:44,07:01,2074,1055,1604,804,2500
大吉大利！广州特色鸡三连吃！尝尝身价高达450元的一只鸡！,824,335463,//i1.hdslb.com/bfs/archive/5f3c988eb7d7a60b5225568fb1d76c2dabf88afe.jpg,23937416,BV1xp411R7u8,1527305426,2018/5/26,11:30:26,06:18,1899,479,1334,335,2079
广州烧味大测评！居然是这家店最好吃！“深井”还是“神经”傻傻分不清,1018,287321,//i0.hdslb.com/bfs/archive/cbc54921634a60e3d0fbf07db1287f6a297034f0.jpg,23874623,BV1Pp411R7Cr,1527164417,2018/5/24,20:20:17,07:28,1869,534,1275,394,1812
广州最好吃的白切鸡？【小吃街下】,552,205227,//i0.hdslb.com/bfs/archive/6fe44b2358229b34de2b92eda7c2ce5ce8d88fc8.jpg,23653514,BV1qp411d7mN,1526737377,2018/5/19,21:42:57,15:06,2344,596,2269,404,1775
广州著名的小吃一条街，绝对的吃货天堂！逛吃3小时，只要100元？【小吃街上】,869,390579,//i2.hdslb.com/bfs/archive/3fd2d3552052448159b1903d423b344ef9ad7c94.jpg,23556049,BV1Up411Z7qz,1526551214,2018/5/17,18:0:14,10:10,2989,1312,1611,975,2127
广州这家早茶餐厅竟然开在园林里？小桥流水，亭台楼阁，风景如画，态度极差！【吃货请闭眼 探店广州】,1404,234785,//i0.hdslb.com/bfs/archive/6b2b682bb1f1dbada4ae38b4811ecdd0ab2a03ae.jpg,23477589,BV1vp411Z7Tj,1526381640,2018/5/15,18:54:0,12:34,3023,450,1305,537,1627
如何偶遇郭德纲、岳云鹏？来德云社旁这家小吃摊边吃边蹲点！【吃货请闭眼】,521,413237,//i1.hdslb.com/bfs/archive/ebf05ec397d32de2edd55ace96904b31110ef34e.jpg,23246544,BV1KW411F7xx,1525950077,2018/5/10,19:1:17,05:48,997,983,1535,517,3165
红柳烤串配夺命大乌苏！听说这家驻京办的服务员比仙女还美？？？【吃货请闭眼】#夜深了，请放毒#,608,435367,//i1.hdslb.com/bfs/archive/f6a289f9c41453a78f387185bd32cd149c7036e4.jpg,22929784,BV11W41137t2,1525344971,2018/5/3,18:56:11,07:10,1761,701,1478,544,3060
北京最火爆的牛肉面！究竟有多好吃？,958,361964,//i1.hdslb.com/bfs/archive/05703329a5977f9a651f176101792e648728969f.jpg,22541681,BV1MW411L7Gg,1524745923,2018/4/26,20:32:3,05:12,1218,354,1226,247,2099
一口气吃了7道川菜，居然被它辣哭！#夜深了，请放毒#【探店北京】,751,257798,//i0.hdslb.com/bfs/archive/44acb5b8ca7d83434013b52fd4904be9d2190f98.jpg,22471350,BV12W41157QB,1524485140,2018/4/23,20:5:40,08:27,1815,360,1713,395,1706
一碗刀削面4块钱？老板：卤30元了解一下！#夜深了，请放毒#【吃货请闭眼】,797,523794,//i1.hdslb.com/bfs/archive/b481c7bd66d9c81fc9deb879530681baf4d0bf6b.jpg,22298583,BV1wW41157pr,1524136441,2018/4/19,19:14:1,10:38,2584,617,1616,413,2816
【吃货请闭眼】靠鼻子就能找到的烧饼铺？胡同里这家小店天天排队，一个烧饼只要1块2！,454,272542,//i0.hdslb.com/bfs/archive/c1d76f3302e7187d2e20c9d66cdaa2f61b24b052.jpg,22180321,BV1fW411L7gC,1523875270,2018/4/16,18:41:10,05:58,1134,540,1811,309,1843
这家涮肉馆的羊可能没有想象中那么快乐？？？#夜深了，请放毒#,1187,301568,//i0.hdslb.com/bfs/archive/4e79c3955d80e9f46b081807773c78cd5ae0ec1a.jpg,21995618,BV1MW411T7a3,1523529777,2018/4/12,18:42:57,12:43,2385,807,6483,602,5349
10块钱4个鸡腿？这价格让我想起童年拿着鸡腿在夕阳下的奔跑……啊，那是我油腻的青春！,1309,547900,//i1.hdslb.com/bfs/archive/544c830c97a10b3e66cde42fadc402dfcc3db8ca.jpg,21872587,BV1bW411K7AE,1523266795,2018/4/9,17:39:55,04:52,2271,2348,10320,1224,4980
这种黑乎乎的面条，舌尖导演陈晓卿竟然吃了1000碗？？？,753,433732,//i2.hdslb.com/bfs/archive/ef121f1e96f296b3fd0844b9f1dc5a29b8bb5168.jpg,21553026,BV1HW411T7GB,1522663260,2018/4/2,18:1:0,06:36,1803,651,1879,271,3737
【北京最火爆的炸酱面】北京这家炸酱面馆竟开在“窑厂”胡同里！原来谢霆锋也来过……【探店北京】,569,321755,//i1.hdslb.com/bfs/archive/e682d7ddb1c6befc80a8ece84bf849f303dcd0f6.jpg,21262136,BV1YW411M7zW,1522066018,2018/3/26,20:6:58,09:19,1426,1306,1305,1084,2348
30元吃到撑？北京最便宜的兰州小吃！红油辣椒拌土豆，麻辣鲜香太馋人！【探店北京】,536,309703,//i1.hdslb.com/bfs/archive/fab178d2233f9a46ef53a7d565609ed66882536c.jpg,21085277,BV18W411g7Bj,1521713150,2018/3/22,18:5:50,07:08,1498,707,834,461,1535
全宇宙排名第一的烤猪蹄！一口一个停不下来！【探店北京】,502,344723,//i2.hdslb.com/bfs/archive/b53fa055f3489a04153250eaa9f44fa18ff2096e.jpg,20521628,BV11W411W7fB,1520508127,2018/3/8,19:22:7,05:20,1219,709,1503,622,2542
来北京你们就知道吃鸭，其实最该吃的是这条龙！【探店北京】,613,251828,//i1.hdslb.com/bfs/archive/cf0ae9aef9d506dfc423c3c19b28923f72158017.jpg,20400218,BV1BW411x7SH,1520248808,2018/3/5,19:20:8,08:33,1413,478,912,337,1499
科学家最爱的点心铺？【探店北京】,434,184767,//i2.hdslb.com/bfs/archive/76f52579d66ca3a98a9f012271897fea862c6bdb.jpg,20222569,BV1RW411s7fq,1519903255,2018/3/1,19:20:55,07:28,1177,467,666,310,1115
京东最牛烧饼夹肉吃得我满嘴流油，自称京东一绝！真的吗？,502,258922,//i2.hdslb.com/bfs/archive/7d967361e4a238b16327cae029ed99bca907dbc3.jpg,20091663,BV1dW41147ZG,1519645543,2018/2/26,19:45:43,04:44,1135,361,1061,234,1596
卤不要钱！还不限量！小沈阳小品里的店真实存在？【探店辽宁】,475,260441,//i2.hdslb.com/bfs/archive/5d630534e425fbbfc8607313f7128eed37b3f581.jpg,19891279,BV1DW4117734,1519297231,2018/2/22,19:0:31,05:04,717,313,719,146,1342
来北京大吃大喝的必备神器@吃货请闭眼小程序【探店北京利器】,223,63761,//i2.hdslb.com/bfs/archive/dd48384b6a8b6afa4c586afac084d8e8776c1305.jpg,19519637,BV14W411E7gv,1518494444,2018/2/13,12:0:44,03:45,210,317,404,150,597
敲黑板划重点！春节送礼避坑指南，别再瞎买北京特产啦，你买的北京特产北京人表示没听过！,406,104318,//i2.hdslb.com/bfs/archive/19af6833b363df6009bd73c3e4560042ed7e45e6.jpg,19316016,BV15W411n7kx,1518090476,2018/2/8,19:47:56,05:06,571,844,986,490,1118
辽宁盘锦48小时游记（四）：冬天的绿柿子,365,67848,//i0.hdslb.com/bfs/archive/a02b86ec504ffd097c4a90ed440f4da8c76fef60.jpg,19171313,BV1hW411J7mh,1517819655,2018/2/5,16:34:15,03:15,373,71,209,51,486
北京通州第一炸鸡！你们再说我胖？我要拿小拳拳捶你胸口(｡• ︿•̀｡)大坏蛋，打死你(つд⊂),643,438621,//i0.hdslb.com/bfs/archive/5c32494cafd751750e247c611016fcce7180fe2f.jpg,18602999,BV15W411i7tm,1516616762,2018/1/22,18:26:2,04:23,1597,1305,2038,1078,4009
通州三宝你可长点心吧！,655,269490,//i1.hdslb.com/bfs/archive/47997cfdda1586dc6f390961ef5b3de8e174d38d.jpg,18442219,BV1xW411v77E,1516276524,2018/1/18,19:55:24,05:29,1580,261,1666,144,1985
北京第一名的糖火烧，酥软甜糯，甜过初恋,885,194347,//i1.hdslb.com/bfs/archive/5cba53e86ea3edc310927ac7bff20accefd88644.jpg,18327398,BV1rW411q7S2,1516012236,2018/1/15,18:30:36,05:29,971,467,1141,552,1248
天津第一鱼竟然带着鱼鳞下油锅？,583,248353,//i1.hdslb.com/bfs/archive/b04f35433c00d79da060a5ce66e6f2f8edace8d1.jpg,18165525,BV1DW411i7hd,1515665708,2018/1/11,18:15:8,05:19,882,319,1435,223,1569
这家餐厅号称全国第一世界第六，味道究竟有多好吃？,1126,433219,//i2.hdslb.com/bfs/archive/6412dd9678bb446b40f1d999a9dddcd2742cfb7e.jpg,18103427,BV1aW411i7Fn,1515410015,2018/1/8,19:13:35,07:07,2504,740,2038,297,3883
北京最冷门的小吃，差点失传？,478,289119,//i1.hdslb.com/bfs/archive/cac3e9efa107eb95f37e2ed658953db84390a8ef.jpg,17707837,BV1uW411b7vh,1514456043,2017/12/28,18:14:3,04:18,904,608,998,218,1361
北京最神秘的餐厅！@吃货请闭眼,605,260172,//i2.hdslb.com/bfs/archive/8823d37af2dcf3ed3e868a5d858cc8a98db9a638.jpg,17615160,BV18W411t7NN,1514196491,2017/12/25,18:8:11,07:38,1406,746,1435,332,1708
世界上最危险的肉饼？咬一口肉饼容易毁容，容易撕逼，容易打架！怕事的站路边吃,956,707350,//i0.hdslb.com/bfs/archive/559d6fda64b6ed5aeed7a3329fee4a453240da92.jpg,17471184,BV1qW41187pT,1513852809,2017/12/21,18:40:9,04:45,1707,3537,2633,1574,4468
世界十大最难吃早餐之一，有人说有臭袜子味！老北京人人爱，竟然还能救命？,1361,325216,//i0.hdslb.com/bfs/archive/e1cf6515f1f796abc197ba502a00f5d89e7f2aaa.jpg,17390242,BV1wW41187Ff,1513590763,2017/12/18,17:52:43,04:36,1178,608,910,496,1397
老板吃了豹子胆！把饭馆开到明朝最神秘特务组织——东厂后门！,389,331972,//i1.hdslb.com/bfs/archive/d35ee6f15ed0d8902357fbfee86c2ebdf36c86be.jpg,17166957,BV1vW411h7yj,1512986975,2017/12/11,18:9:35,04:56,833,744,1824,248,2272
6分钟教你如何吃垮北京第一自助餐！不用吃到撑！不用吃到打烊！,1485,1253667,//i1.hdslb.com/bfs/archive/2c746169d97fe2278262a4f9747e4fc4bd8db34c.jpg,17029159,BV1YW411Y74r,1512641799,2017/12/7,18:16:39,06:57,277,6693,4760,7702,10306
赏你一碗烂肉面，去门外头吃去！,563,422946,//i2.hdslb.com/bfs/archive/2439c89f59a3682f99bd8e2cf1739a46a41d5fb3.jpg,16721283,BV1ex41157yd,1511776989,2017/11/27,18:3:9,05:46,1223,812,1452,403,2271
【老北京炸酱面】快来人啊！这家老板想毒（咸）死我！,442,243674,//i2.hdslb.com/bfs/archive/fa67d33ee9fcf4998016d796448e3c8a4032fbad.jpg,16597374,BV12x411V7UJ,1511434013,2017/11/23,18:46:53,07:42,951,459,1299,287,1381
天冷就要多吃肉！德云社附近最好吃的羊蝎子火锅！老白携手大胃王吃了三锅羊蝎子！,607,357338,//i2.hdslb.com/bfs/archive/73aebc5d580cc92733aef02cb7e98fc7b17ca951.jpg,16509712,BV1Fx411j7x7,1511177110,2017/11/20,19:25:10,06:58,1518,1077,1689,840,2422
刷碗工竟然发明了世界上最干净的菜？不粘锅，不粘筷子，不粘牙！,843,403766,//i1.hdslb.com/bfs/archive/ae1e653b7649ded2b165c8aafdf03df7b1e0b57d.jpg,16376571,BV1Jx411L7op,1510830356,2017/11/16,19:5:56,11:57,2491,1099,1913,366,1699
北京环境最差的烧饼铺，排队没座站着吃！好吃便宜，一个只要1块2,422,272416,//i0.hdslb.com/bfs/archive/e4a1622087edd3e87c8769a48c6989c9bbd32a1d.jpg,16078933,BV1bx411j73j,1509971405,2017/11/6,20:30:5,09:35,10,1302,1287,688,1861
在青岛的街头吃扒鸡，鸡肉软烂超级香,386,334823,//i0.hdslb.com/bfs/archive/d552eb87853119d55e1aee81877039fc0449d52b.jpg,15948260,BV18x411E7TR,1509624303,2017/11/2,20:5:3,03:33,2,955,1175,312,1507
【铜锅涮肉】北京这家涮肉有多好吃？身材爆表的健身教练吃完，竟然准备辞职不干了！,442,288967,//i1.hdslb.com/bfs/archive/57586a9d34addc77d9db763bee6b44f38f16828d.jpg,15865374,BV15x411E7dD,1509360615,2017/10/30,18:50:15,11:42,8,781,1565,645,1446
【海鲜大锅贴】锅贴老司机满街拉客，宣传他的五星好评店，成功吆喝成了四星半！,326,198289,//i1.hdslb.com/bfs/archive/dd321ea39381df049d6c8c524c92b5ce05f883b1.jpg,15740395,BV1vx41177tE,1509020152,2017/10/26,20:15:52,05:48,2,339,889,179,777
胆小慎入！北京第一的炸糕千万别晚上买！紧挨着第一大凶宅！京城81号只能排第三！,678,428821,//i0.hdslb.com/bfs/archive/2ec1ad69ea7f5a56d868372d88282dba2fc4f1b3.jpg,15657379,BV1ox411M7Mb,1508760052,2017/10/23,20:0:52,07:26,45,1327,2029,511,2916
大吉大利，今晚吃鸡，吃鸡要吃炸鸡中的战斗鸡,443,266641,//i2.hdslb.com/bfs/archive/256ffc51ca9142d952ae3c3cd7d68354f8d6d53c.jpg,15535195,BV1tx411M7Z9,1508408111,2017/10/19,18:15:11,06:16,40,691,2863,392,1527
排队1小时撸串3分钟？王姐烧烤青岛第一？不存在滴,539,209411,//i2.hdslb.com/bfs/archive/bd3f5e9df8673de4ef12e874b4fe35ebc417a262.jpg,15455477,BV1ix411g7ab,1508148819,2017/10/16,18:13:39,03:58,3,307,778,238,590
来青岛喝啤酒，不敢和山东大哥拼酒量,1696,323771,//i2.hdslb.com/bfs/archive/65304b62cfb8fc6967491bb1ea5e5608bb1ad828.jpg,15321573,BV1Rx411u7Mw,1507806922,2017/10/12,19:15:22,06:21,3,1049,1626,818,893
大家好，给大家介绍一下，这是比麦当劳肯德基豪华9元早餐还豪华的的早餐@甜沫肉火烧,489,270131,//i1.hdslb.com/bfs/archive/87425a4b1c4b674f2e4679d8aefc40857581948f.jpg,15243642,BV16x411u71R,1507540630,2017/10/9,17:17:10,06:37,6,491,1318,221,1127
我们都被骗了！这家网红餐厅和黄渤没有半毛钱关系,419,221347,//i1.hdslb.com/bfs/archive/b3c7b1df22889245dc9de03d91ecfe8e2c000f3c.jpg,14891104,BV15x411V7rt,1506676856,2017/9/29,17:20:56,06:43,736,269,725,119,561
【黯然销魂的大肘子】对不起！吃完这一餐我们可能要停更好几期了。别找我，我们在后厨刷盘子,832,635082,//i1.hdslb.com/bfs/archive/c201251421a010bddd8161162088daeb0be0279a.jpg,14660574,BV1hx411x7YH,1505996727,2017/9/21,20:25:27,12:36,67,2587,12104,1207,7287
肉食动物甜食控进！这家烧羊肉北京第一，称霸200年无人能敌！,474,272775,//i1.hdslb.com/bfs/archive/006a31d61f7f30f987dfa77a85b3f5a3678e45b5.jpg,14582245,BV1Tx411x7jC,1505727468,2017/9/18,17:37:48,08:24,17,1394,4282,651,3772
【比煤球还黑的饺子】颜狗们颤抖吧！这盘饺子颜值low到爆，但是你内心无法拒绝！,456,127492,//i0.hdslb.com/bfs/archive/478d510ce42fa43db4baeba08299a0445dcda8df.jpg,14245250,BV1Xx411x7x3,1504784121,2017/9/7,19:35:21,03:50,0,270,4379,278,2942
【青岛】 来青岛必须吃海鲜！,629,373564,//i2.hdslb.com/bfs/archive/782bdfdc878027f2d53310c2803e11addbbf5595.jpg,14161596,BV1Bx411x78k,1504524618,2017/9/4,19:30:18,04:28,11,1133,6751,604,5317
【8大酒厂啤酒大测评】喝遍青岛啤酒节，2小时挑战10扎啤酒，哪些啤酒值得你疯狂打call?,587,143226,//i0.hdslb.com/bfs/archive/97631aa00553ba63ff17c8bdb18926c72d17edfe.jpg,14028555,BV1qx411t76v,1504182602,2017/8/31,20:30:2,09:44,17,550,2098,471,1377
【失传的皇家点心】北京的皇家饽饽铺,524,169313,//i2.hdslb.com/bfs/archive/5a6423ce683457a2958b82ba51b1eb3e44ea893c.jpg,13909572,BV1cx411t7jJ,1503920148,2017/8/28,19:35:48,10:42,3,1678,1736,1194,1405
【北京烤鸭】这家烤鸭才是烤鸭中的战斗鸭，味道感人，价格更感人！,2263,2386052,//i0.hdslb.com/bfs/archive/7a3e98c11c1aeeb0a9b11b4f0a611f471564d0a6.jpg,13751865,BV1yx411b7yr,1503574527,2017/8/24,19:35:27,08:53,210,12095,19833,5379,33930
【剁椒鱼头】吃了自带喷火特效的湘菜馆子，辣的眼泪口水鼻涕一起流！@吃货请闭眼,411,172856,//i2.hdslb.com/bfs/archive/557bb9fc1b54a61b79c30337589c3569e5c2a46b.jpg,13475810,BV1sx411J7Y7,1502972106,2017/8/17,20:15:6,05:59,12,287,3682,197,1922
【皮薄馅足的大肉包】3元2个！2环里的包子铺开了20年，便宜到尖叫！,690,439581,//i1.hdslb.com/bfs/archive/5062514091b30485ded2b2d723bcf0c4324b5ef1.jpg,13362851,BV1px411H7nF,1502723972,2017/8/14,23:19:32,04:40,0,2118,2451,788,2997
【烤串大盘鸡】非望京小腰不吃？别傻啦，天涯何处无烧烤，何必单恋他家腰@吃货请闭眼,392,450064,//i2.hdslb.com/bfs/archive/321ebc08168bd3570d5be9693292a6e94732e2f0.jpg,13184717,BV1ix411n7Qz,1502373346,2017/8/10,21:55:46,03:35,23,1118,5538,464,7273
【麻酱凉面】这个夏天吃麻酱凉面，其清凉爽口太过瘾,237,147672,//i1.hdslb.com/bfs/archive/785115deee60b2303e9630f63956dd2e2e95de5e.jpg,13073357,BV1ex411p7b4,1502104921,2017/8/7,19:22:1,04:01,5,368,800,135,680
【老北京炸酱面】那三家炸酱面我觉得不行，但我觉得这家OK，可能我们的要求太苛刻。,379,286439,//i1.hdslb.com/bfs/archive/161d2010bf842c732c9e43350c03d5b321c7ab55.jpg,12910154,BV1Cx411H7x6,1501750389,2017/8/3,16:53:9,05:06,19,1797,5683,711,6553
【香喷喷的牛肉干】酥脆到炸裂de现烤牛肉干，每天只卖4小时，一口能嚼10分钟,249,188779,//i1.hdslb.com/bfs/archive/8ded7f22c393058574274c90a398fc9e79be622b.jpg,12832236,BV1cx411s7AH,1501592420,2017/8/1,21:0:20,02:52,7,522,2061,208,2926
【宫保鸡丁】北京超有名气的宫保鸡丁！,493,352433,//i2.hdslb.com/bfs/archive/e61931b1f3e5dbfa02e6a9e5c3dfa821b26dec96.jpg,12648730,BV1jx411W7gH,1501162816,2017/7/27,21:40:16,04:06,961,1292,1735,472,3181
【爆肚】这家爆肚店深藏功与名，但是这藏的有点太深了，藏到居民区了@吃货请闭眼,552,583069,//i1.hdslb.com/bfs/archive/e1af764acdbf852058295dd9adbe78c04f706f31.jpg,12395251,BV1Wx411i7Z9,1500554725,2017/7/20,20:45:25,02:57,68,2825,3520,1479,4247
【乾隆白菜x炸三角】乾隆爷的深夜食堂，一个饺子18，白菜都是土豪价，就问你豪不豪？,208,109122,//i0.hdslb.com/bfs/archive/5efb538e0f0d4cfda9fa4eafd071fb9e4ea92fea.jpg,12129451,BV1Cx411q751,1499866225,2017/7/12,21:30:25,03:32,4,140,340,102,426
【百年卤煮】一锅汤烧100年不嗖？猪下水做出的美味？爱它你怕了吗？,1252,989007,//i1.hdslb.com/bfs/archive/5c3bf133ffe6c7590da0812e1ab069aabd5ac795.jpg,11946084,BV17x411z77c,1499350141,2017/7/6,22:9:1,03:03,1486,4718,2373,3086,7230
"老北京早点freestyle,特殊吃法不使勺，那么问题来了——怎么吃。@吃货请闭眼",154,142388,//i0.hdslb.com/bfs/archive/ce6ebe6e5823e5718086072dd66d9730030d0a4f.jpg,11731173,BV1Px411r7M5,1498740933,2017/6/29,20:55:33,04:32,6,630,540,447,641
【铜锅涮肉】排队三小时，只为这一口，千年等一回，啊啊啊啊啊啊好次好次好次好次啊,185,228081,//i1.hdslb.com/bfs/archive/1ec92e4e1c0a988a0b5358b0bf77f0984e32df43.jpg,11535409,BV1Ax41167x1,1498133652,2017/6/22,20:14:12,05:23,930,830,805,725,1233
【双皮奶x奶酪x杏仁豆腐】和老字号甜品店比，其他的都弱爆了好吗？,96,65561,//i1.hdslb.com/bfs/archive/5b52e269b68acc4eddd61c51bce58871beeef07e.jpg,11529497,BV12x411h7uq,1498119280,2017/6/22,16:14:40,05:35,422,341,349,125,394
【鸭脖评测】一口气试吃23个鸭脖，好辣！,167,62480,//i2.hdslb.com/bfs/archive/03e338c28dd109ab517023503ce966c093ea4e86.jpg,11372337,BV1ux411h7WS,1497608779,2017/6/16,18:26:19,14:33,7,110,379,96,344
【辣酱终极测评】老老老老老于妈？它才不是最牛的辣酱好吗？,396,74883,//i1.hdslb.com/bfs/archive/db13c3da83fb04314a5a50e602ea5469c7bcbce1.jpg,11141883,BV16x411a75j,1496831900,2017/6/7,18:38:20,17:57,16,349,965,151,605
【34款粽子大测评】南方咸粽党和北方甜粽党都要看得粽子试吃！粽子到底哪家强，吃货帮你吃吃看。,412,92927,//i1.hdslb.com/bfs/archive/10c3af059da2eafce094bad2b66c3d520f7e9ebd.jpg,10772807,BV17x411Y7Cq,1495532922,2017/5/23,17:48:42,31:27,1530,273,546,160,762
