﻿title,comment,play,pic,aid,bvid,created,date,time,length,video_review,favorite,coin,share,like
靠谱盘点85:强行装杯！Karsa直播疯狂嘲讽阿水，水子哥:我有皮肤你有吗？,2705,2129058,//i2.hdslb.com/bfs/archive/0a21d364f59afe8fd73f7da30ffdf4546e51a585.jpg,795936893,BV1VC4y1a7hm,1591887559,2020/6/11,22:59:19,12:30,9916,30456,109668,6670,185225
靠谱盘点84:再见2012-2020，再见Uzi,5448,2332430,//i1.hdslb.com/bfs/archive/f0281e87fab0970c5caf8f967d9942710177e1a1.jpg,968478955,BV1Ep4y1D7Dz,1591280834,2020/6/4,22:27:14,15:07,30726,52981,191109,6108,253341
【绝地BB机 S2】04：Tianba勇夺PCS总冠军， 4AM小龙竟萌生退役念头？,202,150585,//i1.hdslb.com/bfs/archive/d47138cfd366b70c80f344e231ed03a83af9351a.jpg,753271159,BV1Qk4y167s1,1590752172,2020/5/29,19:36:12,08:22,170,150,301,63,6194
【五字绝逗士】06：夏一可堂堂部落酋长，竟然被当作运载目标运输？,176,187137,//i1.hdslb.com/bfs/archive/445ce0af3c2558fc1639913da75b9a049b810ee1.jpg,968365333,BV19p4y1S7EC,1590413145,2020/5/25,21:25:45,07:27,337,224,510,129,8264
靠谱盘点83：JDG访谈，上流人士的平凡生活,2356,1727625,//i0.hdslb.com/bfs/archive/7e987f2d654c01d5d7b06144ebd9a47e52e84322.jpg,328310201,BV18A411q7bz,1590150952,2020/5/22,20:35:52,17:56,18535,10124,32316,3457,79925
【五字绝逗士】05：夏一可保卫战，战鸽氏族大战斩鸽氏族,217,178818,//i1.hdslb.com/bfs/archive/6f5001e54d430a5c6c7742a46d409036bb9efc4c.jpg,200670579,BV1ez411q76m,1589808038,2020/5/18,21:20:38,06:51,219,154,372,115,7527
靠谱盘点82：人菜瘾大！UZI化身慈善赌王，一天输光500w，为什么我斗地主老是输？,2376,2708189,//i1.hdslb.com/bfs/archive/0bccf61ba851fcc14fb50f7d9f67a55bd5296ef1.jpg,840717574,BV1j54y1D7X6,1589466884,2020/5/14,22:34:44,14:06,18467,28113,104763,12335,178594
【五字绝逗士】04：部落大酋长不需要智商，夏一可遭水友降智打击,181,154198,//i1.hdslb.com/bfs/archive/9b07c4a2f6f7eef7d3655e0d6a4acb250156c51b.jpg,498144076,BV1eK411W7f7,1589195185,2020/5/11,19:6:25,07:01,189,158,399,110,6716
靠谱盘点81：Faker用特殊方式为自己庆生，粉丝：看着就心酸！一个人太孤独了！,3898,2686287,//i0.hdslb.com/bfs/archive/2ecaa754e983b28b1e0550ca9df4bcd498e1716a.jpg,710588438,BV1mQ4y1N7p7,1588872119,2020/5/8,1:21:59,12:30,26795,30880,107405,7775,192910
【五字绝逗士】03：刘飞儿化身艾泽拉斯赌神，我赌你的底牌是个1！,544,359832,//i1.hdslb.com/bfs/archive/5ac31d0c9b709c9f682f31101fbf1205df1ac684.jpg,328075580,BV15A411t7QX,1588594816,2020/5/4,20:20:16,06:48,386,289,574,205,11106
【峡谷第一线】07：京滔骇浪，LPL双雄剑指银龙,1353,460843,//i0.hdslb.com/bfs/archive/ada05a538a21494ea8a0a07e5a7100b45a849eea.jpg,413055358,BV11V411d7RX,1588431323,2020/5/2,22:55:23,07:14,1450,602,1298,428,20107
【绝地BB机 S2】03：SMG在线宽衣乞讨为哪般？1246歌友会竟成数鹅大赛,176,121349,//i1.hdslb.com/bfs/archive/8cffff25bb4598a102f47aadc0edef9ae56231d7.jpg,967958605,BV1cp4y197ob,1588332503,2020/5/1,19:28:23,07:47,277,120,229,100,6193
【五字绝逗士】02：学到了！这就是PDD的逃跑路线？夏一可与私生饭的恩怨情仇,338,401128,//i1.hdslb.com/bfs/archive/7aa085b7731617701d703cd6ce7b2d5d239eec8b.jpg,837944707,BV1Sg4y1z7Uw,1587983161,2020/4/27,18:26:1,05:54,701,391,584,185,12298
【绝地BB机 S2】02：4AM全员化身小狮子迷弟，XDD竟是队内手速之王？,575,167342,//i2.hdslb.com/bfs/archive/93b93c8eeda5ccdcdf74788a7aec8aa8813abed6.jpg,710445865,BV1PQ4y1N7F4,1587816053,2020/4/25,20:0:53,07:26,381,163,354,178,6697
【峡谷第一线】06：水手组合驱动水势滔天，京东双核助力豪取连胜,641,447809,//i2.hdslb.com/bfs/archive/a7a22641e5b2489852fdc58cbb03a9003529e08f.jpg,370399753,BV1MZ4y1478S,1587728758,2020/4/24,19:45:58,06:48,1927,651,1331,462,18098
靠谱盘点80：猪狗大战变厨神争霸，一个做饭一个吃！TheShy直播：乌兹哥上吗？,5473,3497823,//i2.hdslb.com/bfs/archive/d37d896a6fe267a7e2000c02b132ef71e710a1b2.jpg,752992204,BV1Nk4y1k746,1587664154,2020/4/24,1:49:14,14:44,23562,76576,311599,18693,354721
【绝地BB机】01：4AM韦神传授冲锋枪独门秘笈，Weibo跑男绝活大秀空中飞人！,203,205477,//i0.hdslb.com/bfs/archive/e076e38990c61984d16ef6d94b95f3465f8f1acf.jpg,925311174,BV1cT4y1V7Ra,1587211252,2020/4/18,20:0:52,08:30,776,272,632,205,8673
【峡谷第一线】05：Crisp掌控节奏“青”松取胜，JackeyLove重返赛场 “水”到渠成,660,518194,//i2.hdslb.com/bfs/archive/dd1c249f4698e19ccd90fbb75ccfe705185bacc3.jpg,242814726,BV1Te411s7RL,1587121337,2020/4/17,19:2:17,06:12,1726,768,1344,261,20396
靠谱盘点79：开水！我疯狂的开水！阿水加入Tes直接起飞，Karsa：救世主来了,4706,3237583,//i2.hdslb.com/bfs/archive/5f22c31411a4822d0e51f44193afc28082e25ff4.jpg,540365631,BV1Wi4y1t7Gr,1587052288,2020/4/16,23:51:28,13:38,18787,83770,297879,20589,330160
【五字绝逗士】01：溜了溜了！ PDD耻辱下播的原因竟然是？,651,596397,//i1.hdslb.com/bfs/archive/47e2088bf46e1dcbd4be8404f5555798edab4565.jpg,327735290,BV1wA411b7ER,1586605129,2020/4/11,19:38:49,06:32,1944,796,1321,338,20402
【峡谷第一线】04： Forge关键进场临危救主，Scout完美操作逆转比赛,534,353717,//i1.hdslb.com/bfs/archive/f8125e5ad08158afd65964c8ecbce804bec3cd04.jpg,370206257,BV1uZ4y1x7vC,1586510644,2020/4/10,17:24:4,06:18,1490,608,1531,193,16896
靠谱盘点78：恼羞成怒！Doinb和野爹韩服双排被小兲打爆，冠军中单就这？,3226,2844832,//i2.hdslb.com/bfs/archive/f59334a6750c2b7eeacf41591b7e07568440f944.jpg,327675972,BV1xA411h75L,1586451048,2020/4/10,0:50:48,12:28,14065,44281,157281,11623,232530
《魔兽小酒馆》04：真男人大战！这就是云玩家的样子吗？P神：XGNB！,364,152859,//i0.hdslb.com/bfs/archive/c683634a83570d77bb655b3d2167850d205d6515.jpg,710199211,BV1JQ4y1K7JK,1586174408,2020/4/6,20:0:8,08:49,363,170,553,128,6860
【峡谷第一线】03：TheShy扮羊吃虎以一敌四，GimGoon吃草挤奶造福全家,988,704660,//i2.hdslb.com/bfs/archive/d95fd0c0662680688c6f914c3e176317fb7cf5bf.jpg,455104405,BV1k541147BZ,1585908585,2020/4/3,18:9:45,06:58,2563,1599,3983,1030,31289
靠谱盘点77：猪 狗 大 战，Uzi直播点评小虎，几句话观众人傻了！别学EDG运营！,4055,2757637,//i0.hdslb.com/bfs/archive/f58f77e546f65c2ea05c5700a6b10c9d821aedb0.jpg,752506674,BV1ek4y1d7SN,1585839633,2020/4/2,23:0:33,13:52,23183,54978,196401,18003,246117
【峡谷第一线】02：Rookie两生花影杂技表演，ShiauC死亡判决重返榜首,894,539992,//i0.hdslb.com/bfs/archive/dffd8417a0bee93249b30aaa282e404fd2c0c187.jpg,882573948,BV12K4y1C7V7,1585315926,2020/3/27,21:32:6,06:34,2030,1032,2821,929,23814
靠谱盘点76：肉 弹 冲 击！PDD枣子哥直播互喷体重，嫖老师：乌兹玩ad滑不动了,3405,2869662,//i2.hdslb.com/bfs/archive/a919fce5c70ee268bb581e1a954797eb4352cf65.jpg,242505742,BV1Pe411x72t,1585235881,2020/3/26,23:18:1,12:56,20466,41153,127847,8956,212320
《魔兽小酒馆》03：员工-1，黄旭东不能Carry的原因找到了！,425,234442,//i1.hdslb.com/bfs/archive/a1422531b8706b70795a154c022c18c061d2c371.jpg,99033760,BV1o741127Xx,1585058333,2020/3/24,21:58:53,07:11,360,226,618,184,8251
【峡谷第一线】01：XLB莽中带稳神似香锅，Peanut摔表为号致敬厂长,1773,643429,//i0.hdslb.com/bfs/archive/92aafc5ae50595dd9cb537c58f2ae8338b653054.jpg,97894392,BV1vE411A7T2,1584698221,2020/3/20,17:57:1,04:56,4671,1847,5628,528,31081
靠谱盘点75：上单鬼才？各大上单疯狂模仿TheShy上路滑板鞋，我建议滑着走！,3408,3185940,//i1.hdslb.com/bfs/archive/5d8d5bcb6af192a71717056dac53e64237d43425.jpg,96057040,BV1FE411V7MJ,1584110368,2020/3/13,22:39:28,13:09,17834,48134,194767,10025,245149
《魔兽小酒馆》02：Ted揭露空投惨案真相,177,199006,//i0.hdslb.com/bfs/archive/91589cddee62893720e2907d1cf45141b103f564.jpg,94966361,BV1sE411T7vd,1583754315,2020/3/9,19:45:15,08:44,324,235,751,187,6829
靠谱盘点74：就硬开！枣子哥直播表演死歌开大，乌兹，永远滴神经病！,3428,3038805,//i2.hdslb.com/bfs/archive/9bd1f50723b574ec11244849887ca9d580cf9dfd.jpg,94769454,BV1NE411u7Zu,1583679545,2020/3/8,22:59:5,15:01,28261,39162,138782,14333,217745
靠谱盘点73：公开处刑！嫖老师直播重温一炮四个PDD！G2，欧洲滴神！,4944,3231679,//i1.hdslb.com/bfs/archive/1eaa67a62da6679cba7d6ad23d5eff637884b542.jpg,90720842,BV1t7411F7ZN,1582301819,2020/2/22,0:16:59,22:05,24290,79064,331404,7666,349983
《魔兽小酒馆》01：重制版战役初体验，孙一峰与熊不得不说的故事,290,223025,//i2.hdslb.com/bfs/archive/b4873f0c58c5dd17abb6dc0594ee233c1a850b32.jpg,89702243,BV1R7411j7Th,1581946463,2020/2/17,21:34:23,08:13,465,342,921,500,6707
靠谱盘点72：别杀了！LPL经典老番精彩回顾。厂长：为什么受伤的总是我？,3977,2387995,//i1.hdslb.com/bfs/archive/264e48c3a63bd028dc9c3e8996da218bd1545c40.jpg,88778516,BV137411G72e,1581610286,2020/2/14,0:11:26,15:59,22678,59937,237279,5291,262006
【靠谱赛事·魔兽争霸篇】08：2019魔兽趣味盘点，人皇SKY的真实身份竟然是？,205,321983,//i0.hdslb.com/bfs/archive/e2f91eca8bee18493a79257571002141ec1b7818.jpg,84425107,BV1Q7411Y7qM,1579613154,2020/1/21,21:25:54,10:13,335,378,1341,276,7991
靠谱盘点71：郎才女貌？澡子哥直播公开撮合周淑怡和猫皇，我同意了，你们呢？,3443,2845002,//i1.hdslb.com/bfs/archive/80ec141378aa6e47cc6618da2c743c0660e724a8.jpg,84343984,BV1Z7411v7Fy,1579539424,2020/1/21,0:57:4,11:42,13056,92177,395818,7380,318234
靠谱盘点70：专访！iBoy自曝择偶标准，现在特别怕死。蕉太狼：他更强一点，他太稳健了！,2432,1257781,//i2.hdslb.com/bfs/archive/a6fb8ea5c8ac800622fd6684c97aae4665104b99.jpg,82736263,BV1DJ411G7kh,1578576765,2020/1/9,21:32:45,14:11,10198,10087,38750,1668,64596
【靠谱赛事·魔兽争霸篇】07：PDD被坑记——终究还是抵不过章老六,305,207048,//i1.hdslb.com/bfs/archive/b9abb55029ff5c341c876bd59c24dfd00d417680.jpg,82454674,BV15J41157fT,1578393014,2020/1/7,18:30:14,14:06,269,259,901,272,5960
靠谱盘点69：2019年英雄联盟电竞梗考试，今年的电竞梗你了解多少？,2332,1623119,//i1.hdslb.com/bfs/archive/67f6a4e31c1743d6f91030cbf753bd97884b22ab.jpg,80791962,BV1xJ411Y7bR,1577380516,2019/12/27,1:15:16,12:02,78205,19774,66016,7522,83076
【靠谱赛事·魔兽争霸篇】06：PDD丛林安家遭十面埋伏,208,350016,//i1.hdslb.com/bfs/archive/21477621b533f64fdcaa993c89de0c7c158fc667.jpg,80360097,BV1wJ411x7ph,1577093427,2019/12/23,17:30:27,12:18,419,425,1136,234,8694
靠谱盘点68:两 极 反 转，Perkz又回中路？厂长转教练！阿水考研？各大赛区冬季转会合集！,2558,2282884,//i0.hdslb.com/bfs/archive/3be971cca5e25f297a00bfe3155b8127dd60c03c.jpg,79987600,BV1UJ411x78N,1576851410,2019/12/20,22:16:50,09:18,30602,48206,180022,4323,192250
【硬核】拳皇女高玩带你走进WUCG,669,224515,//i1.hdslb.com/bfs/archive/4cb096641e011d7687c73641745bc8130fda4911.jpg,79615236,BV1DJ41167zW,1576572606,2019/12/17,16:50:6,05:15,422,285,500,201,7048
靠谱盘点67：我们是冠军！枣子哥登顶微博之夜，饭圈妹妹都懵了，这就是男妈妈的实力？,3473,2716538,//i0.hdslb.com/bfs/archive/2a9bc0d3b9d87164411b1b7586906eabd30db137.jpg,79107870,BV1mJ411C7L6,1576238858,2019/12/13,20:7:38,08:53,15062,47635,168497,7450,184486
靠谱盘点66：FPX内斗实锤？刘青松0/27遭网络暴力，Doinb：给我狠狠地骂！,2181,2337794,//i1.hdslb.com/bfs/archive/d78e5ba25d2a6b2e2353a6384ed6df966f3fb80c.jpg,78172723,BV1uJ411i77v,1575553965,2019/12/5,21:52:45,08:58,6854,32427,104274,5405,132155
"传奇赛内幕, Pdd的青春莫得了",497,592800,//i1.hdslb.com/bfs/archive/58f4738614f47b15478082c6bc65f45f520e14c9.jpg,78073306,BV17J411B7zu,1575470807,2019/12/4,22:46:47,05:53,1213,1293,3251,444,17202
【靠谱赛事·魔兽争霸篇】05：魔兽不老，我们不散,263,141357,//i0.hdslb.com/bfs/archive/bff5a9ec08ff288d92481bb2768f6014bc39c70d.jpg,78051343,BV13J411B7Dd,1575463765,2019/12/4,20:49:25,15:37,426,586,2035,330,6642
传奇MVP带你看后台 圣枪哥秒变“乖巧”,520,489722,//i0.hdslb.com/bfs/archive/0d9d621f00211661696ce6f816a19af7141a9828.jpg,77804383,BV1UJ411z7Gj,1575278163,2019/12/2,17:16:3,07:11,3185,1204,2401,480,15783
靠谱盘点65：1V1？Doinb直播向Theshy求饶，金咕咕：能不能多给我十个BAN位！,2427,2438821,//i1.hdslb.com/bfs/archive/c0dd3b41b60b3b393a79494c43007c15b29b662f.jpg,77363802,BV1mJ411D7ay,1574956312,2019/11/28,23:51:52,11:14,8611,44654,163033,8179,180104
靠谱在现场35: 保十五争十六？QM互立FLAG，争让对方染绿头,317,209864,//i2.hdslb.com/bfs/archive/62ea434e2a3f792ebee0b2134a88bbf850961287.jpg,76818137,BV1YJ41197Eh,1574562070,2019/11/24,10:21:10,04:14,133,171,429,179,4653
靠谱在现场34: 逗木用牙刷吃泡面，黑潮想回家吃中餐,200,209028,//i2.hdslb.com/bfs/archive/bb4f8279fb7e792231c19c04b4329d5845a4aaf6.jpg,76795028,BV1dJ411d7pt,1574531642,2019/11/24,1:54:2,03:47,111,160,339,203,5095
靠谱在现场33: 加入4AM人会变帅？谁动了小鹿的奶茶？,440,278698,//i1.hdslb.com/bfs/archive/1d6ad18c34ea3398f6012869a5c567e207e99bcf.jpg,76732658,BV1qJ411d7su,1574503028,2019/11/23,17:57:8,04:13,470,294,500,227,6482
【靠谱赛事·魔兽争霸篇】04：嫖老师暗世界一日游,227,292826,//i0.hdslb.com/bfs/archive/f50dc2dd1d57e34e9356288d672d646d1366ec08.jpg,76137823,BV1GJ411m7Y9,1574069087,2019/11/18,17:24:47,13:29,347,399,1128,330,7463
靠谱盘点64：双 劫 之 战！Doinb夺冠后首播和女主播热舞，糖小幽：这就是男人吗？,2684,2695161,//i1.hdslb.com/bfs/archive/f2268c58201794796af2b690a2aed9d69a773b0a.jpg,75801081,BV1nJ411U7vp,1573833997,2019/11/16,0:6:37,11:52,15816,29308,92851,8433,129759
靠谱盘点63：文 化 输 出，Doinb推特上演影流之主，欧洲人都看晕辣！,4316,4501802,//i1.hdslb.com/bfs/archive/773db6b33668d64cb35689e8701c0999608245f3.jpg,74890772,BV1uE411q7UB,1573139974,2019/11/7,23:19:34,09:46,12932,61981,208463,11587,231378
【靠谱赛事·魔兽争霸篇】03：先有酒神后有天，一刀99赛神仙,231,253694,//i0.hdslb.com/bfs/archive/1cfc350908d729032cb230cfd75cd66d553d1754.jpg,74530953,BV1QE411q7CK,1572859266,2019/11/4,17:21:6,13:07,454,350,1086,227,5995
发牌员来了：云顶之弈·中国行,390,253253,//i2.hdslb.com/bfs/archive/4682d36ee623d76c833edb7f810c154ac46aa861.jpg,74266219,BV1iE411t7Bg,1572682051,2019/11/2,16:7:31,10:31,807,370,621,296,6481
靠谱盘点62：就这？幼年Theshy对线视频曝光！这就是韩服三大喷子的实力吗？,4247,3053726,//i0.hdslb.com/bfs/archive/e5227864c8732e2842fb521446fae776ca8d468e.jpg,74074512,BV1ME41187K6,1572536083,2019/10/31,23:34:43,09:44,17246,52623,189704,6625,205764
靠谱盘点61：钢铁直男？Theshy被美女要微信怒摔手机，不愧是你！,3108,2934772,//i0.hdslb.com/bfs/archive/d26d769d5cee4f464f1b42d4ba92215136099ef2.jpg,73283573,BV1PE41117LZ,1571934305,2019/10/25,0:25:5,09:17,16241,44052,166269,6706,184869
【靠谱赛事·魔兽争霸篇】02：西西卡倒拔垂杨柳！,560,411291,//i1.hdslb.com/bfs/archive/4e187bf2c6a574ca4ecb7e57f4a688aa895d9eec.jpg,72001719,BV1gE411r78E,1571660797,2019/10/21,20:26:37,12:25,844,653,2220,290,8353
靠谱盘点60：送命题！选女人还是选队友？Faker枣子哥被迫接受致命拷问！,1853,1583534,//i2.hdslb.com/bfs/archive/c45715dd4a748a1efd7fb9cd0789f79d75a28151.jpg,71550554,BV1PE411y7fU,1571326806,2019/10/17,23:40:6,07:55,8225,32956,108370,4567,118644
靠谱盘点59：警惕！SKT秘密集训上单，隐藏大招曝光？LPL粉丝看完都慌了！,2115,1995083,//i1.hdslb.com/bfs/archive/6e020b54a5f51a007b217666998d9a9a54159745.jpg,70894758,BV1DE411o7M7,1570805149,2019/10/11,22:45:49,08:07,8061,46472,171471,3933,172784
【靠谱赛事·魔兽争霸篇】01：男人必玩的游戏初体验！,610,309675,//i2.hdslb.com/bfs/archive/c35d771cfde89324188ab84aaa4a8492eb619a3d.jpg,70448031,BV1dJ411F7B4,1570436336,2019/10/7,16:18:56,11:40,956,1214,4207,857,9020
【绝地BB机】14：IFTY信仰之跃神兵天降， 4AM问鼎绝地荣耀捧杯！,232,185335,//i0.hdslb.com/bfs/archive/795ad59e524d0fe493f849d5e1c14b9bce92e5eb.jpg,70206104,BV1BE411D7gA,1570281479,2019/10/5,21:17:59,08:50,547,225,709,233,5224
靠谱盘点58：震惊！枣子哥都会玩德莱文了？我的青春结束了,3664,2464868,//i1.hdslb.com/bfs/archive/3c33ff14fd32afd1271d9439a45dac67dece83fe.jpg,70105240,BV1LE411D7kH,1570208144,2019/10/5,0:55:44,08:46,12963,59963,233796,7071,223069
【绝地BB机】13：4AM韦栗子被指又聋又瞎，OMG小狮子喜提彩妆代言,181,154729,//i2.hdslb.com/bfs/archive/3163f21723cd0a7b39504f7d9e32178a088f55d6.jpg,69165384,BV1mJ411T7zo,1569581915,2019/9/27,18:58:35,09:49,314,165,468,162,3839
Sky个人回顾：创造 前所未见,873,368223,//i2.hdslb.com/bfs/archive/6816bfa833464feeb24d4f0fb051c52c6ac61136.jpg,68478638,BV1BJ411u7eU,1569053450,2019/9/21,16:10:50,03:02,679,2510,7548,700,14139
【绝地BB机】12：weibo赛场释放生化武器， SMG高空蹦极当场自闭,102,78229,//i0.hdslb.com/bfs/archive/ac142b9275aee92a21ea1a088064c65df5b0a5cd.jpg,68376215,BV1mJ41137fw,1568972657,2019/9/20,17:44:17,09:14,175,74,208,118,2681
【绝地BB机】11：4AM王哥永远对位争宠 ，VC明言明语实力教学,126,127486,//i2.hdslb.com/bfs/archive/83f45d570f2619a48ce28724d08336320ff725c5.jpg,67590854,BV1NJ411N7co,1568369939,2019/9/13,18:18:59,08:40,222,185,354,144,3700
靠谱盘点57：后院起火！两位性感女主播为Doinb直播争宠！糖小幽：滚！！,2087,2720598,//i2.hdslb.com/bfs/archive/06d1cad81658bdc963f19b7f853a827adfe5ddcf.jpg,67498782,BV1qJ411P7ZR,1568300524,2019/9/12,23:2:4,10:28,13605,37280,142378,5684,147987
攀战高峰 永升不止——攀升&PSG.LGD 联名款主机测评,1072,156771,//i2.hdslb.com/bfs/archive/c3dadb630d4d2c38daacc8bf90b1f3448d0052ab.jpg,67160217,BV1YJ411N79w,1568016625,2019/9/9,16:10:25,02:50,823,369,1068,187,5436
攀战高峰，永升不止,397,121417,//i0.hdslb.com/bfs/archive/e85482dce5696bbc28f3e37f146096c640cdaaf1.jpg,67038731,BV174411C7dF,1567927949,2019/9/8,15:32:29,03:48,154,173,568,140,3954
【绝地BB机】10：4AM韦神技压群雄，OMG小海惨遭训斥,174,151800,//i1.hdslb.com/bfs/archive/e3ad7f4f59acc9be5c4c7cb50a937ba5731b7832.jpg,66822072,BV1A441117wA,1567769962,2019/9/6,19:39:22,08:33,322,260,684,146,4135
靠谱盘点56：笑疯！性感枣子哥在线搓澡，Doinb：先洗澡还是先下饭？,2372,1744692,//i2.hdslb.com/bfs/archive/40de96c8d3363241d2ea98f04f0e6457332c0ede.jpg,66761701,BV114411y7Xr,1567712312,2019/9/6,3:38:32,08:33,5735,33038,118971,2196,116568
【绝地BB机】09：RUN哥叫嚣一穿四  OMG惨遭连环撞车,168,162231,//i2.hdslb.com/bfs/archive/b188c8500bdf8efca1ed4598a1e503f6385218fc.jpg,66013081,BV1P4411B7gK,1567155578,2019/8/30,16:59:38,08:07,377,218,419,185,4079
靠谱盘点55:般配！Faker为坏女人手刃情敌！坏女人：我在你心里几分？,2467,1879783,//i2.hdslb.com/bfs/archive/36491070538b758e08d8c0ceb216175268d33a48.jpg,65923916,BV1i4411q7KL,1567091094,2019/8/29,23:4:54,10:37,13654,37861,137561,3911,133922
This Is Esports-这就是SMLZ,1846,388501,//i0.hdslb.com/bfs/archive/c92c7e25689f5f3f4612a7d5c8b0d67e41c5b34c.jpg,64818218,BV1v441197WX,1566444174,2019/8/22,11:22:54,07:50,2555,1702,4338,813,12292
靠谱盘点54：刺激！Doinb直播看性感女主播，金贡：啥啥啥，给我也康康！！,2786,3552680,//i1.hdslb.com/bfs/archive/153a5e5c70488f2b2442b7e346fb603649235e3f.jpg,64767262,BV1g441197Cx,1566399782,2019/8/21,23:3:2,10:04,12931,57758,202966,7198,202624
四世同堂，新老源计划大乱斗！,795,304380,//i2.hdslb.com/bfs/archive/af555481fbf215ff284a914e45e182fcf5a00ed1.jpg,64600381,BV1g4411d7KE,1566308881,2019/8/20,21:48:1,01:56,336,563,943,281,7672
靠谱盘点53：恐怖！Doinb被神秘生物袭击吓到失声，金贡小天全程口吐芬芳！,2114,2025290,//i1.hdslb.com/bfs/archive/511b2dfdea0cadc97b20b508a14af05d6044b8c9.jpg,63888640,BV1z4411U7nA,1565882933,2019/8/15,23:28:53,09:45,10891,39886,124693,4511,126646
【绝地BB机】08：PCLP现场霸气怒吼致敬running，选手为求圈甘愿单身30年！,282,180269,//i2.hdslb.com/bfs/archive/cfe4712968004abf368cc240daa3c6efcff3d546.jpg,63481864,BV1x4411S7qT,1565666134,2019/8/13,11:15:34,07:51,401,186,535,135,4689
靠谱盘点52：年味渐浓，IG和RNG谁将赢得【下饭之王】的终局之战？,2871,1997790,//i2.hdslb.com/bfs/archive/07172217fe7e6b1f655b093017df10de40a9d282.jpg,62821494,BV1Qt411N7DJ,1565273876,2019/8/8,22:17:56,10:46,13458,61323,229109,6242,194350
靠谱盘点51：孩子哥当年点了什么菜？JKL刚进ig时其实很自闭？真相竟然是这样！,4337,1836469,//i0.hdslb.com/bfs/archive/5098ca1b7390dd04a149cdb2433c20f279631e23.jpg,61806671,BV1zt411F7eE,1564681208,2019/8/2,1:40:8,14:08,18345,50523,201581,1922,157371
靠谱盘点50：疯狂打脸！Faker直播被路人打烂，这就是主播的爆杀流Zed吗？,1744,1995342,//i1.hdslb.com/bfs/archive/ec5a78b0c5b5e6e1ced86dab81e4e6878b2d36a1.jpg,60776926,BV1Ct411j76W,1564079465,2019/7/26,2:31:5,08:15,10714,38105,145935,1668,127363
【堡垒世界杯出征纪录片】国锄出征，寸草不生！,431,143803,//i2.hdslb.com/bfs/archive/9db33f471b4d65c82fcd04361114cfe93560180e.jpg,60744935,BV1Yt411j7eE,1564061311,2019/7/25,21:28:31,08:29,997,192,574,173,4120
靠谱赛事11：京东WE宿命对决，GRF惨遭潘森嘲讽,747,705057,//i0.hdslb.com/bfs/archive/baf358dd07fb1f99249bacdea1ccee0b75390e07.jpg,59953661,BV1et411n78Y,1563609179,2019/7/20,15:52:59,05:54,2043,2500,8610,541,17306
靠谱盘点49：再见啦MLXG，明天早点来,3525,1324996,//i2.hdslb.com/bfs/archive/de14d3df0ddbd15e6695d580cb6e92911e0fe0fc.jpg,59870555,BV1jt411n7mP,1563544064,2019/7/19,21:47:44,08:36,8131,27267,105456,1319,93927
黄金联赛战报：众筹鬼王夺冠 亡灵天灾终登冰封王座,342,148543,//i1.hdslb.com/bfs/archive/0da4a5751a0d8d96cbd8b918de11bb79622e53b7.jpg,59456032,BV1mt411G7h6,1563287986,2019/7/16,22:39:46,09:53,476,238,916,161,3978
靠谱盘点48：电玩瑞文竟然可以隐藏大招效果？盘点电玩系列里你不知道的彩蛋,1294,1122034,//i0.hdslb.com/bfs/archive/20f13fa42a3b8e1603d9627f9dbdaae585ac8271.jpg,59432659,BV18t411G7KM,1563281531,2019/7/16,20:52:11,05:13,3457,11217,62315,658,62640
靠谱盘点47：难顶！坏女人移情别恋？Faker夏季赛必杀名单又添一人！！,3375,2034942,//i0.hdslb.com/bfs/archive/161e9342db40bad67bac9912a7d95611aa7acc2c.jpg,58907585,BV13t411L7JZ,1562937666,2019/7/12,21:21:6,08:34,12365,49147,139339,2786,125263
靠谱赛事10：亚洲洲际赛，选择一位选手改写结局,3627,898094,//i0.hdslb.com/bfs/archive/e01adc8043bfdac5dbe30da9533c337168739810.jpg,58787379,BV11t41157AC,1562853237,2019/7/11,21:53:57,05:41,22927,8767,26120,2791,29774
靠谱盘点46：Faker又装起来了！这就是冠军中单在坏女人面前的样子吗？,1883,1701769,//i2.hdslb.com/bfs/archive/89ff700589140ce4228b933b008c4c09b8599c5d.jpg,57857930,BV1J4411A7bR,1562249141,2019/7/4,22:5:41,09:07,6065,20791,65629,1149,71474
靠谱赛事09：欧美洲际赛，世界第一赛区之争,1556,604729,//i2.hdslb.com/bfs/archive/866443bf102305174e2c994384740207da7d6af3.jpg,57740897,BV1X4411w7LZ,1562163661,2019/7/3,22:21:1,06:00,1980,2163,6836,620,14478
靠谱盘点45：震惊！阿水比赛发起投降，The Shy还点了同意？真相竟然是这样,2552,1614702,//i0.hdslb.com/bfs/archive/baa616f2906359bb31b5a6ef3e22063ae6dc35d2.jpg,57030775,BV1Yx411d7RC,1561639324,2019/6/27,20:42:4,07:59,8959,23781,72318,1386,77336
靠谱盘点44:难顶！Doinb比赛现场偷看女主播，Nice！100个离婚证！,3128,2157655,//i1.hdslb.com/bfs/archive/ad1141588f99d18d831dd39e66167db8bfdf046e.jpg,56244587,BV1n4411373g,1561051540,2019/6/21,1:25:40,08:12,8029,52167,156303,2036,136073
【绝地BB机】07：4AM化身绝地四大才子，VC霸气庆祝联赛夺冠！,216,137500,//i1.hdslb.com/bfs/archive/afd16c42174a57dd7dbb5b555dce6dbe52b94ee3.jpg,55649690,BV164411V7iU,1560582953,2019/6/15,15:15:53,08:35,239,124,251,119,2521
黄金联赛战报：也许你已经忘记，但他们仍在继续,615,192103,//i2.hdslb.com/bfs/archive/884f179d98217927a761df568847168eaac715a5.jpg,55202717,BV1D4411N79Q,1560176812,2019/6/10,22:26:52,08:13,600,348,1407,220,3976
【绝地BB机】06：小鱼力压兽兽成17队霸，LionKK神秘提问队友齐沉默,111,103591,//i2.hdslb.com/bfs/archive/a6f245b9245beac6e271228be95320de7aab4dae.jpg,54939258,BV1u4411T7zu,1559980796,2019/6/8,15:59:56,07:45,271,132,278,121,2384
【绝地BB机】05：OMG小狮子 喜提选手表白,94,98014,//i0.hdslb.com/bfs/archive/67c26f10f0f498cafb32924f976aaf303fa2338f.jpg,54816401,BV1a4411K7Kw,1559891908,2019/6/7,15:18:28,07:15,151,115,227,109,2411
靠谱盘点43:枣子哥气急败坏？RNG粉丝现场操作惊呆众人，真相竟然是这样！,1968,1718609,//i0.hdslb.com/bfs/archive/3675b1f124ddcb9d1fc94e675394bef85d744338.jpg,54762007,BV1T4411u7Gj,1559836127,2019/6/6,23:48:47,08:01,6803,26501,88000,1963,81053
【绝地BB机】04：4AM姐妹花斗嘴不停，17猴王惨遭孤立,187,93432,//i0.hdslb.com/bfs/archive/1dca9b8b097b8074336f3552ecaebacf85352a84.jpg,54727899,BV1o4411M7Yq,1559820055,2019/6/6,19:20:55,07:00,233,117,271,99,2589
靠谱盘点42：厂长又双叒熬走一个打野，上一个已经在做解说辣，粉丝看完都哭了,1482,1210440,//i2.hdslb.com/bfs/archive/8be8bd9a9f1ccac0b54f145e6d388c01d44edb62.jpg,54150183,BV1o4411H7Jg,1559297154,2019/5/31,18:5:54,08:04,859,17589,63097,839,59151
靠谱盘点41：结尾高能！你有多久没用客户端登录LOL了？那些令人惊艳的登场BGM！,2662,1154985,//i2.hdslb.com/bfs/archive/599f2bfbe7b2b7a2212758707d3d58a38aa005a7.jpg,53887226,BV174411W7b2,1559047865,2019/5/28,20:51:5,07:03,6054,13240,37692,884,42876
JDG战队纪录片：逆流而上未完成的奇迹,730,188391,//i1.hdslb.com/bfs/archive/fb5c4e758c2a9fb51e0d44cc979e3f362e1e8766.jpg,53517714,BV1V4411s74D,1558758893,2019/5/25,12:34:53,15:25,1059,555,1525,157,5193
靠谱盘点40：没有恩静也没有冠军，Faker：他77年的，我玩不过他,2658,1776934,//i2.hdslb.com/bfs/archive/fd71f1c04352db474754ec0ae03ad0ced040bb94.jpg,53376807,BV174411L7ez,1558621019,2019/5/23,22:16:59,07:36,12378,38912,133017,3153,117869
【绝地BB机】03：DJ韦神在线打碟，性感软宁激情尬舞,319,154058,//i1.hdslb.com/bfs/archive/6a2da8a7d2958ff5cba2c0432eba38cb1da6442f.jpg,52744338,BV1x441177m7,1558097556,2019/5/17,20:52:36,08:01,382,209,490,140,2918
靠谱盘点39：theshy被抓超鬼以后狂笑，IG打野栓个植物人都能赢？观众都看晕了！,4660,1754600,//i2.hdslb.com/bfs/archive/fce631007b11c74e3823ed2eb9051fbd351d75c3.jpg,52663042,BV1X4411J7Ec,1558015296,2019/5/16,22:1:36,07:11,6008,42902,138962,1821,115069
靠谱赛事08：两年半练习生峡谷出道，乐观阿P唱响希望之花,1570,479330,//i2.hdslb.com/bfs/archive/f5333b59866d9ef6d7e2a11109e23f067438864c.jpg,52623627,BV1b4411J7qY,1557991346,2019/5/16,15:22:26,08:14,3748,6060,17400,3040,18627
【绝地BB机】02：4AM妹妹之争！,200,155220,//i1.hdslb.com/bfs/archive/9af148cb00bba46da59f937a2cec0b6f1004b43b.jpg,52029769,BV1e4411Y7gg,1557487614,2019/5/10,19:26:54,07:32,350,222,788,166,3085
【带父母看春决】,778,179725,//i1.hdslb.com/bfs/archive/52410331f22938eeb04d99bc7369539541c97c70.jpg,52020037,BV1a4411Y78j,1557480492,2019/5/10,17:28:12,10:12,1235,1222,3395,451,5901
靠谱盘点38：震惊！Faker被爆酒量惊人，每天都在吨吨吨？真相竟然是这样！,2194,1326854,//i1.hdslb.com/bfs/archive/0219f5d2c2860a379c4aaa1d8649d7860df07982.jpg,51939735,BV1j4411Y7Kj,1557405149,2019/5/9,20:32:29,10:28,9846,29710,107578,2223,90438
靠谱盘点37：当场脸红！纯情Faker直播看到不该看的，粉丝们都看呆了,2733,1911420,//i1.hdslb.com/bfs/archive/a2784a483968e53143713604440493ff7dbe8cc2.jpg,50472623,BV1M4411h77C,1556207136,2019/4/25,23:45:36,07:10,7077,65056,249674,3214,182117
JDG.LvMao纪录片：大巧不工，成功没有捷径，唯有努力！,1135,240177,//i1.hdslb.com/bfs/archive/ad3444c0e9f1f6cbc749d6352e9d74b2e338259b.jpg,49948731,BV1Yb411V7sr,1555770351,2019/4/20,22:25:51,11:49,1497,750,2004,261,6002
【绝地BB机】01：全场最靓的崽！,470,210910,//i1.hdslb.com/bfs/archive/c0760b971b840625ef556ab49e2d65369a238438.jpg,49815884,BV19b411G7T7,1555679139,2019/4/19,21:5:39,06:48,619,482,1986,196,5065
靠谱盘点36:Faker重回巅峰竟是为赢回她的心？粉丝大喊坏女人！真相竟然是这样,3185,1463103,//i2.hdslb.com/bfs/archive/8d15f8ecd2faff8552777357f1d684c5ae0a44b2.jpg,49751438,BV15b411L7gc,1555606928,2019/4/19,1:2:8,08:32,7795,24741,91764,2175,78910
靠谱盘点35:Faker再次被坏女人伤害？场面一度失控！观众看完都哭了！！,3850,1820569,//i2.hdslb.com/bfs/archive/8821794ee2e5afa9331292b170372149883bf5ae.jpg,49011661,BV1vb411M7cn,1554994660,2019/4/11,22:57:40,07:11,5523,33079,128564,6425,103527
靠谱盘点34:表面兄弟？faker和bang再见面却像路人，知道真相的粉丝都哭了！！,1613,1323097,//i2.hdslb.com/bfs/archive/01042565908798adcf5385333c70f0992e08b0c4.jpg,48291110,BV1Lb411g7w8,1554390099,2019/4/4,23:1:39,06:20,3266,18702,75904,1386,66955
靠谱盘点33：笑疯！Faker首次传授独家中单秘诀，厂长变身食肉型打野，各赛区爆笑吐槽,2682,1803260,//i1.hdslb.com/bfs/archive/107827f531e0dfe46ec82e9fb23d31991e68e96e.jpg,47584289,BV1qb411x7Dr,1553772612,2019/3/28,19:30:12,06:06,4605,39782,199438,4690,139852
靠谱盘点32：吨吨吨，Faker又遇见了神仙爱情？粉丝都看哭了！各赛区最好笑吐槽！,1615,1743771,//i2.hdslb.com/bfs/archive/b9fa062289508af41ec33eb6c50891ce9f280a00.jpg,46915393,BV1Jb411J7u1,1553163791,2019/3/21,18:23:11,06:00,7410,18684,61486,3248,58564
靠谱盘点31:带制作！LPL开启流浪LGD计划！金贡甜言蜜语高强度rap！,1211,935728,//i2.hdslb.com/bfs/archive/818f85961138e4c48577f4c338dc985cb12e7742.jpg,46260566,BV1pb411H7cX,1552561659,2019/3/14,19:7:39,06:41,3029,19282,62139,4547,51801
靠谱盘点30：爆笑吐槽 ！Faker喜提出道六周年，厂长赛场在线传功,1235,1135258,//i1.hdslb.com/bfs/archive/512ac214bf928acd360a5468d119a3ff0c9d20be.jpg,45594538,BV1db411q7K8,1551953875,2019/3/7,18:17:55,05:19,2452,22723,79195,2407,70321
靠谱盘点29：Faker竟然给女主播发私信？李哥开窍了？春季赛各赛区爆笑吐槽！,1287,1072583,//i2.hdslb.com/bfs/archive/068e76bf2e4073bff2da8775b5876bb8ae1acca1.jpg,44940471,BV1gb411b7yz,1551352753,2019/2/28,19:19:13,05:37,6661,22243,86445,5113,68600
靠谱盘点28：笑爆！孙笑川公开被diss，UZI上演真人泰拳,1403,855394,//i1.hdslb.com/bfs/archive/395fc4eaca4ee214b96d95656d6e9c544eac4bb3.jpg,44283508,BV19b411Y7Lf,1550743530,2019/2/21,18:5:30,05:25,3873,12574,74325,3108,53237
【靠谱电竞年度回顾】感谢大家的支持！,310,156721,//i1.hdslb.com/bfs/archive/cefb2c01a59f4c6ff73c64ec7bc25a05d2cd0e6c.jpg,42688326,BV1zb411r75x,1549332845,2019/2/5,10:14:5,02:28,349,376,1701,123,3219
2018电竞年终大戏《KP Movie》预告片,598,162444,//i2.hdslb.com/bfs/archive/e5410a3d73e3d70dc96db383202c29a9eb63185e.jpg,42343873,BV1yb411k7Hq,1549012479,2019/2/1,17:14:39,03:11,956,1821,5494,1375,5603
靠谱盘点27:Faker沙雕套路笑翻全场，春季赛各赛区爆笑吐槽,1141,1703875,//i2.hdslb.com/bfs/archive/11118c30414dab355accc61713e147a7336ff50c.jpg,41580147,BV18t411b7eg,1548326415,2019/1/24,18:40:15,05:49,2813,11810,74730,3125,55532
靠谱盘点26：你为什么不开大， 被忽略的LOL史上优秀教练,1151,989888,//i2.hdslb.com/bfs/archive/033dce4aee20ee305937b82d5947dd3e32637c24.jpg,41052814,BV1ut411a7QR,1547810329,2019/1/18,19:18:49,09:41,4225,9253,21791,591,25837
靠谱在现场32：OMG教练脱脱无责任毒奶，韩国猛男人均17shou,115,72478,//i1.hdslb.com/bfs/archive/6ae576be062ec8d086cc7f19e5e4534ebb18665b.jpg,40538630,BV1nt411W7HA,1547274374,2019/1/12,14:26:14,10:10,88,80,248,91,1222
靠谱盘点25：AD年度盘点，节目效果好的鸭皮！,4108,603617,//i2.hdslb.com/bfs/archive/8ef3e7b619d04461a249f55b0094ba4a5fd78ed3.jpg,40472222,BV1Zt411p7rR,1547203848,2019/1/11,18:50:48,11:03,5734,6262,35522,728,26562
靠谱在现场31：不赞同YM戏言！LPL最菜打野？,509,107173,//i2.hdslb.com/bfs/archive/a68cfaab33aae0307c097f27eb1d5b0414de6578.jpg,40253818,BV1Yt411s7j7,1546953013,2019/1/8,21:10:13,06:45,639,651,3497,210,3978
靠谱盘点24：2018年全国电竞梗考试，你能考几分？,10735,499291,//i0.hdslb.com/bfs/archive/2c8923895bd4989502cabecb04798a7326ea99d2.jpg,39893420,BV1pt411x7ZW,1546594332,2019/1/4,17:32:12,08:36,41091,4283,12380,2691,11312
靠谱在现场30：BLG队员专访，上中为了成绩竟然打下这种赌注？,318,67323,//i2.hdslb.com/bfs/archive/ff45bdde32211384888d473aa8b4b09c0fd8b016.jpg,39173391,BV18t411r7H5,1545927536,2018/12/28,0:18:56,09:51,348,160,530,114,1535
靠谱看德杯02：Rookie现场飙歌，神超体验不灭之握,399,127372,//i0.hdslb.com/bfs/archive/d0092ffb6e910c517a0c250bb3dadff9e2602a70.jpg,38789717,BV1ct411e7BS,1545495808,2018/12/23,0:23:28,07:31,1094,384,1269,135,2566
靠谱盘点23: LOL各赛区重大转会合集，整个大西北都乱辣！,609,473671,//i1.hdslb.com/bfs/archive/a01721516df17be92a9934d9967140b7c64ad954.jpg,38674365,BV1et411Y7VY,1545394916,2018/12/21,20:21:56,08:44,1273,4605,27991,341,19752
靠谱看德杯：神超探班，RNG自言一日回家，Zoom说羞男太猛了我捶不动,678,290237,//i0.hdslb.com/bfs/archive/1c9374a455b4324bb8a1844be8c19f776aa29771.jpg,38614948,BV1jt411Y7mi,1545317130,2018/12/20,22:45:30,08:28,2025,765,1930,346,3547
靠谱在现场29：参加WUCG电竞活动之后，我要转型美妆博主？,252,54297,//i2.hdslb.com/bfs/archive/1ddaa2b4271d1c87171edc6036c28e39a3933f32.jpg,38463053,BV1ct411v7mK,1545138475,2018/12/18,21:7:55,05:27,239,130,655,44,1263
靠谱在现场28：专访SNG新中辅，从LMS转战LPL的两位老朋友,487,77508,//i2.hdslb.com/bfs/archive/0ffa40d2a173568829952d6d9248e02ec234c80d.jpg,38162060,BV1Mt411i7RV,1544799463,2018/12/14,22:57:43,06:46,423,185,847,73,1864
靠谱盘点22：OWL席位是LPL的两三倍，暴雪做电竞和拳头比真的是弟弟吗,2363,265243,//i1.hdslb.com/bfs/archive/f646592d7cb7577330b5caad3480439a8885aa54.jpg,38137307,BV1ct411i78v,1544784856,2018/12/14,18:54:16,09:34,782,2741,11372,530,8964
靠谱盘点21：2018LPL最强中单总选！伤害炸裂！比LCK AD还高！,1137,523879,//i2.hdslb.com/bfs/archive/f5b63a536fa98148e4c25ab8b854114d0daa56f3.jpg,37620073,BV16t411S771,1544183200,2018/12/7,19:46:40,11:05,4895,5664,30553,516,21166
500块预算，我们还原了KDAmv...,8046,1409295,//i2.hdslb.com/bfs/archive/d8c52eb9b597965aa81d272aab87756da35ffb86.jpg,37486976,BV1Ft411S7Rk,1544013405,2018/12/5,20:36:45,05:25,6590,36237,92612,35617,67209
靠谱在现场27：PCPI S2美女主持兜兜在线“怼”黑粉：你们要好好爱我！,166,85053,//i0.hdslb.com/bfs/archive/d993bc4f142c86ea424e1b8fcffd329d509b64ee.jpg,37247326,BV1jt411D7vf,1543734692,2018/12/2,15:11:32,04:38,117,192,1231,38,1583
KP五十问：做电竞视频有收入吗？想加入电竞需要什么技能？,431,74521,//i1.hdslb.com/bfs/archive/4ad16088983205cb0a66e1c845f2c812c7631fe9.jpg,37093356,BV1gt411X7F6,1543583546,2018/11/30,21:12:26,10:17,651,2646,17422,137,10152
靠谱在现场26：17战队PCPI S2夺冠，出征PAI！下一个目标世界冠军！,156,45972,//i0.hdslb.com/bfs/archive/d022f49f07191a4b5c3779b0f03e6c75ddffb868.jpg,36821387,BV1tt41197zs,1543236697,2018/11/26,20:51:37,02:44,73,80,969,41,1423
靠谱盘点20：谁是2018最强上单霸主？LPL年度选手总决选！（上单篇）,1511,646564,//i0.hdslb.com/bfs/archive/df6484c4ed7a338386d93485881e6b60d07813ef.jpg,36588795,BV1Gt411y77m,1542973263,2018/11/23,19:41:3,11:43,5881,10630,52285,999,32715
【独家】退役传言？Doinb正面回应,1431,151749,//i2.hdslb.com/bfs/archive/85b461b81043fd8f3ee5767b15b3c7fc6e1635c2.jpg,36533027,BV1ot411C76z,1542896341,2018/11/22,22:19:1,12:49,2853,2617,10238,1468,8096
【全程高燃/催泪】自备纸巾，10分钟带你回顾LPL七年之梦，S2-S8主题曲混剪,11608,2883336,//i0.hdslb.com/bfs/archive/2d6bf000571713b9a7fe4a28214a6f009bbea950.jpg,36081027,BV1Mt411m7QP,1542364290,2018/11/16,18:31:30,10:20,59798,125700,192403,31455,136588
靠谱盘点19：LPL夺S赛首冠后发生了哪些令人爆笑的事情，WXZ看了会流眼泪,873,886335,//i2.hdslb.com/bfs/archive/abda63424f101363f46b7dec119705feb39eb0ca.jpg,35695565,BV1Qt411m7rh,1541852668,2018/11/10,20:24:28,07:38,2419,12213,53729,1366,40039
第一次线下观赛会，KP的粉丝们都啥样？,21367,270565,//i2.hdslb.com/bfs/archive/12d587865926a05c5a3f74e1715089f6d8501a7e.jpg,35497800,BV17b411c7D2,1541598230,2018/11/7,21:43:50,04:25,10674,1907,7727,118,7133
靠谱探索05：专访B神徐志雷，有一种信仰叫做burNIng,365,51085,//i1.hdslb.com/bfs/archive/9c9e9d3433c94c31921eaf1fd95ebce10b47776a.jpg,35377686,BV1Gb411A798,1541424163,2018/11/5,21:22:43,08:07,465,275,1185,238,1502
靠谱赛事06:七酱圣经重现赛场，TheShy天神下凡横扫G2,510,283078,//i0.hdslb.com/bfs/archive/c73b3130a00926b336362a26af4900838d8672f9.jpg,35121604,BV1eb411P7ET,1541154746,2018/11/2,18:32:26,09:12,1348,1277,3065,839,3920
英雄联盟排位机制负责人采访：关于实行将玩家匹配到对面的选项,402,39827,//i1.hdslb.com/bfs/archive/a8ed8e00580b26936dd5b5aaff15a2654094691f.jpg,34927302,BV1vb411A71B,1540888029,2018/10/30,16:27:9,05:55,91,76,462,156,1049
靠谱赛事05：十二勇士魂断釜山，欧美逆袭四强血战光州,811,194491,//i1.hdslb.com/bfs/archive/3a58bb84fb4c05ff6ed613c83c0c1a110cd9442c.jpg,34649491,BV1cb411N73h,1540556236,2018/10/26,20:17:16,09:47,1618,1340,4451,349,4281
靠谱在现场S8篇07：C9ADC专访，女装才是变强的唯一道理,329,50242,//i0.hdslb.com/bfs/archive/69ffc8add3989b04fe65088ced02fb31ac2d6534.jpg,34442226,BV1Xt411R7pu,1540282028,2018/10/23,16:7:8,08:22,462,124,550,123,1104
靠谱在现场S8篇06：Jackeylove专访，生死局自信能赢！,836,93566,//i2.hdslb.com/bfs/archive/947d32ce747a73a6703277303936c17656b4f2ea.jpg,34269167,BV1ht411o7zs,1540054185,2018/10/21,0:49:45,03:58,435,470,746,114,1820
靠谱赛事04:全员出线！S8小组赛爆笑集锦，LPL冲冲冲！！,716,244536,//i0.hdslb.com/bfs/archive/097606ab3d589453e418b366ecc6d7a7c7748044.jpg,34173295,BV1wt411o7Dg,1539956961,2018/10/19,21:49:21,09:19,1808,1966,16412,2292,7515
靠谱在现场S8篇05：KT.Deft专访，八强无对手，隔空表白Meiko,562,79077,//i2.hdslb.com/bfs/archive/fb3433d290c7416dbac71701e3f472be6643d396.jpg,34101936,BV1zt411d7HD,1539866672,2018/10/18,20:44:32,04:02,371,375,525,143,1384
靠谱在现场S8篇04： EDG队员iBoy专访，再遇KT必会赢！,411,56933,//i1.hdslb.com/bfs/archive/024be35de359852441bdce1e37c5a5a8c7144f2e.jpg,34016972,BV1Pt411f7PT,1539748738,2018/10/17,11:58:58,04:46,205,131,611,188,1283
靠谱在现场S8篇03：G2打野专访，救救孩子打谁都行，但是不想碰见RNG！,577,114457,//i1.hdslb.com/bfs/archive/f77a4007e57bcdfc1a7934a48fa566ae38ecad10.jpg,33986216,BV1dt411Z7g6,1539696043,2018/10/16,21:20:43,06:19,608,151,838,262,1413
靠谱在现场S8篇02：VIT中单专访，打赢RNG的重点是针对Uzi,402,56600,//i2.hdslb.com/bfs/archive/f5f51788b1956a7cbc1933968fff464df677a347.jpg,33915855,BV1et411Z7SY,1539615048,2018/10/15,22:50:48,06:03,440,169,879,219,1458
靠谱在现场S8篇01：RNGLetme专访，揭秘小组赛输掉两场的真正原因,602,176663,//i0.hdslb.com/bfs/archive/a99a516c2515ddd51a982b4a5dd48a7116c56da7.jpg,33909217,BV1nt411Z79Q,1539599631,2018/10/15,18:33:51,06:47,920,516,2961,170,2808
靠谱赛事03:欧族七酱各显神通，入围赛欢乐集锦,720,277305,//i0.hdslb.com/bfs/archive/294b473ae9d60513b3b5992f5202af6b5d2da86f.jpg,33550259,BV1zW41117XQ,1539168198,2018/10/10,18:43:18,07:17,2283,3705,31256,4405,10136
靠谱盘点18：S赛史上传奇外卡故事,764,325475,//i2.hdslb.com/bfs/archive/5ca962e8e05ad6da9c9dcc181302595a43974d5f.jpg,33440491,BV1MW41117AE,1539010878,2018/10/8,23:1:18,11:30,1691,1782,8657,648,5602
靠谱在现场25: 日本DFM vs 国电EDG，谁主沉浮，岛国少年热血漫的宣言！,1381,134000,//i0.hdslb.com/bfs/archive/9b0111dee835452c7d9c9eb665b4fa6b374cb93d.jpg,33242869,BV1oW41127PE,1538809248,2018/10/6,15:0:48,07:16,1341,594,1566,474,1940
靠谱素材库:直播事故！导播不关麦，娃娃泽元S8赛前竟然在说这些,579,435477,//i1.hdslb.com/bfs/archive/8a803c149aa91648700c60ef4d121b1b36cd2c69.jpg,33019231,BV1JW411U7fz,1538568685,2018/10/3,20:11:25,03:16,250,807,538,321,1889
【S8超燃应援MV】我将拿回我的一切，只不过是时间问题——Matter of Time!,762,158054,//i2.hdslb.com/bfs/archive/74e002e28a452309587e7b39dd5912292f2dcf56.jpg,32863658,BV1aW411m7ky,1538452820,2018/10/2,12:0:20,03:01,357,4133,7205,1409,4336
靠谱探险日本篇08：中日网吧对比，没有英雄联盟的网吧是没有灵魂的！,340,163883,//i0.hdslb.com/bfs/archive/1a7703fce62f85275f8870d8299b103a1ad987c2.jpg,32763577,BV1rW411S7vh,1538306930,2018/9/30,19:28:50,09:16,996,127,491,104,1263
靠谱盘点17：s8总决赛开打！关于s赛你一定要知道的9件事,914,355997,//i2.hdslb.com/bfs/archive/63153364e0584af0aab50d62eb5706f05f9e7e83.jpg,32712479,BV1qW411S7x4,1538229864,2018/9/29,22:4:24,12:34,2612,2739,21579,1373,10153
靠谱赛事02:五大赛区夏决爆笑集锦，四大老将剑指S8,12781,613186,//i0.hdslb.com/bfs/archive/845f1fa75620102ce86383d7745a3e6c39001845.jpg,32644292,BV15W411S7D8,1538136156,2018/9/28,20:2:36,10:49,4336,10589,65896,4117,24772
靠谱探险日本篇07：单杀日本faker？我俩风男几几开？,274,133126,//i0.hdslb.com/bfs/archive/b4f497f800fb002bc309d768553f6b0d0c935e37.jpg,32644265,BV15W411S7Qd,1538136031,2018/9/28,20:0:31,09:36,1113,308,690,160,1061
靠谱探险日本篇06：公开处刑！东京电玩展居然有这种骚操作？,160,130769,//i2.hdslb.com/bfs/archive/e2522019aff6d11ca2412cb4848e05dd43c96d10.jpg,32516103,BV1iW411U7tg,1537951048,2018/9/26,16:37:28,06:48,508,281,531,46,960
靠谱探险日本篇05：成为街霸职业选手！顶级格斗游戏联赛竞然是这样的？,208,129863,//i2.hdslb.com/bfs/archive/70db6603b869c2a5f233072563143b32bd22e5e2.jpg,32456515,BV1VW41167ad,1537863724,2018/9/25,16:22:4,07:31,790,296,722,59,1173
靠谱探险日本篇04：中国VS日本游戏展到底有啥不一样？,205,149070,//i2.hdslb.com/bfs/archive/279d3b70f34c1b1edf21401476e33a7e47cc95c6.jpg,32386748,BV1QW411z71T,1537775707,2018/9/24,15:55:7,06:12,758,372,805,87,1141
靠谱探险日本篇03：文化冲击!日本人竟然这样看待网游!?,485,81525,//i0.hdslb.com/bfs/archive/52778233a246d68526e4ea7f8d44dec61bbe5f4c.jpg,32260012,BV1VW411z7Ne,1537635109,2018/9/23,0:51:49,05:40,614,344,573,125,1215
靠谱探险日本篇02：看呆了，泓程去五十年的日本老店只吃儿童餐？,174,36611,//i2.hdslb.com/bfs/archive/2dec486788f98f9f350072e90f743a349ac8ce52.jpg,32126423,BV15W411r7Wm,1537466561,2018/9/21,2:2:41,05:54,302,79,348,61,886
靠谱探险日本篇01：泓程参加日本TGS街霸赛，打不过就用这招？,237,38640,//i0.hdslb.com/bfs/archive/b7f36a331dbdee530ce85d4a975cf7dcf1d256eb.jpg,32065544,BV11W41167PX,1537377424,2018/9/20,1:17:4,05:39,271,101,331,44,952
靠谱在现场24：前EDG打野爱萝莉专访，带妹失败！拯救不了的杨超越！,316,65473,//i2.hdslb.com/bfs/archive/43a7ba4cbf61834bcba9e91067cac04e05ecae45.jpg,31980820,BV1FW411C7Tf,1537262428,2018/9/18,17:20:28,09:33,555,135,351,95,990
靠谱盘点16：才高七斗，谁才是英雄联盟史上最强垃圾话王？,825,397395,//i2.hdslb.com/bfs/archive/70e55eb1e1957e56e6206c02696aea162dcd7116.jpg,31931183,BV1RW411k7Cq,1537185522,2018/9/17,19:58:42,10:36,1831,1540,10024,617,6086
靠谱在现场23：EDG中单Scout专访—RW比JDG简单，战胜很轻松！,485,44567,//i1.hdslb.com/bfs/archive/11f88a66ac5e429bd022e61311693fe078eb0ae1.jpg,31876429,BV1bW411k7jm,1537107848,2018/9/16,22:24:8,04:18,355,98,210,61,870
靠谱在现场22：EDG群访—教练有信心拿下RW,312,22194,//i1.hdslb.com/bfs/archive/b660d4161bb51f50409b77993ce52a6917aeb2b9.jpg,31839650,BV17W411k7Ek,1537079686,2018/9/16,14:34:46,07:12,85,39,101,32,567
靠谱在现场21：RNG冠军Karsa专访—丢掉大龙差点拖累全队很自责！,1336,286206,//i2.hdslb.com/bfs/archive/d52e096e5c04db9888e516c8dbc9c0a49fc653ce.jpg,31736353,BV12W411r77b,1536967067,2018/9/15,7:17:47,05:24,1714,518,1452,281,2731
靠谱在现场20：英雄联盟夏决预测，周淑怡RNG赢面更大，大鹌鹑IG致命短板！,452,114949,//i2.hdslb.com/bfs/archive/4b746a14b73f756e10c7cc377b5540b66591223b.jpg,31692759,BV1WW411y73C,1536909858,2018/9/14,15:24:18,04:44,1239,209,454,169,1124
靠谱赛事01:兮夜队友体验卡到期，FNC.Deft成功连接,557,289515,//i2.hdslb.com/bfs/archive/dd4628407b89a34e523967f388f49f7ab68aaf43.jpg,31410889,BV1GW411o7JG,1536487282,2018/9/9,18:1:22,09:43,1446,1291,12501,491,6107
靠谱盘点15:微笑老贼一生之痛，李哥明凯赛场恩师——疼痒少主山泥若,922,374934,//i2.hdslb.com/bfs/archive/a0ada8772bfc07d2632c4039c02cb295c01fffd9.jpg,30903299,BV1Ms411F7Ww,1535811259,2018/9/1,22:14:19,10:25,3161,2582,12914,1859,7352
靠谱在现场19：真实揭秘，靠谱电竞和是大腿工作室到底什么关系？,556,107096,//i1.hdslb.com/bfs/archive/5a7928d51bc8f3cf0f5ff80ac183e208f3dd8af7.jpg,30564871,BV1os411F7Cb,1535469300,2018/8/28,23:15:0,10:02,1458,279,2882,77,2471
靠谱盘点14：英雄联盟中的中国元素,879,216896,//i2.hdslb.com/bfs/archive/d844218f67e2aec2b3f0222fa1a82db45352b5a8.jpg,30291697,BV1BW411D7Zm,1535195685,2018/8/25,19:14:45,07:34,1860,1137,9202,184,5529
靠谱盘点13：七夕特辑，Faker、微笑、PDD的爱情故事你都知道吗?,1004,384326,//i0.hdslb.com/bfs/archive/79d8a4d2f2d5ce9864ed613342be6989e8e9caec.jpg,29625471,BV1vW411X7bb,1534514960,2018/8/17,22:9:20,09:56,4045,3370,15545,1792,8222
OMG冠军之旅：红旗加身，荣耀归于祖国！,1085,106091,//i1.hdslb.com/bfs/archive/ef4a9beee79ca173f5c0ccc95b85737a919fd6c5.jpg,29548327,BV1kW411R7kd,1534439413,2018/8/17,1:10:13,20:16,1210,692,2842,391,2118
靠谱盘点12：史上最中二萌的电竞比赛,918,217219,//i0.hdslb.com/bfs/archive/daf25bb19caf54dc93a12f740870788afe7cb5cd.jpg,29028919,BV1Gs411u75r,1533917159,2018/8/11,0:5:59,09:12,3407,2956,7865,325,4698
靠谱在现场18：实地探访欧洲英雄联盟LCS赛场，和LPL的最大区别！,364,92419,//i2.hdslb.com/bfs/archive/240e1e0aa4f9e5473ba55a453f8f1c65f61ef0f1.jpg,28688019,BV1js411g7ig,1533562209,2018/8/6,21:30:9,09:45,877,122,920,73,1217
靠谱在现场17：OMG队员小狮子专访—代表中国夺得冠军很骄傲！,256,46152,//i2.hdslb.com/bfs/archive/02d982bb73152f003817833e6148fd972db24359.jpg,28118064,BV1fs411c7af,1532956971,2018/7/30,21:22:51,06:40,437,100,388,55,913
靠谱在现场16：德国PGI赛场采访PUBG创始人—印象最深是4AM！,267,39804,//i2.hdslb.com/bfs/archive/65597607bfaa48ff76d4e4aff5603d5c9aa6dfee.jpg,28003989,BV1Rs411A76G,1532842677,2018/7/29,13:37:57,08:08,395,106,427,42,708
靠谱盘点 11：韦神，从皎月女神的光到凡人的枪,699,258984,//i2.hdslb.com/bfs/archive/1f0a23fc41094eff9a041e90cb4c0c461287a8c9.jpg,27981289,BV1Ss411A7Kh,1532822450,2018/7/29,8:0:50,08:17,853,1012,4131,429,3568
靠谱在现场15：绝地求生PGI赛事，PUBG公司原来把钱都花在这里了！,1408,42258,//i2.hdslb.com/bfs/archive/a1b414d045f340b9608040de9581dba8a8e74a42.jpg,27798671,BV1ws411A7ps,1532607231,2018/7/26,20:13:51,06:30,376,69,430,42,864
靠谱说事03：Faker被电竞教材编进DOTA圈？PUBG知名战队疑被教练演！,387,80143,//i2.hdslb.com/bfs/archive/ba67e81b3196703e76674ec11d0f8bee756b6139.jpg,27559018,BV1hs411P752,1532351935,2018/7/23,21:18:55,09:17,797,141,1456,54,1379
靠谱盘点10：韦神-那一箭终究要回来了,2121,571682,//i2.hdslb.com/bfs/archive/66d8993fa92b7c9ec1805ce2cc18321fe037d402.jpg,27466165,BV1ks411K7DY,1532254696,2018/7/22,18:18:16,13:27,3663,6118,35230,2884,13419
【靠谱探索】04：加入电竞圈的正确姿势,531,88796,//i1.hdslb.com/bfs/archive/41e5527ea2a8f94c740ea7564c4b2e145191a0ee.jpg,27383388,BV1Ms411K7M6,1532162741,2018/7/21,16:45:41,11:26,915,591,4204,246,1633
靠谱说事02：Karsa好人身份因何被标狼？被神仙冲击的游戏该何去何从？,533,83282,//i2.hdslb.com/bfs/archive/b13a0b8c42775f28293cc7de7c0c9a832d622a96.jpg,27022846,BV1Cs41177u3,1531796596,2018/7/17,11:3:16,08:20,820,163,1586,81,1545
靠谱盘点09：洲际赛出现的几大新梗,1240,406855,//i1.hdslb.com/bfs/archive/eff06a60ecc09ba81e025c488f909ba236667269.jpg,26722010,BV1rs411H7oi,1531407664,2018/7/12,23:1:4,07:09,2098,3822,40711,986,13415
【靠谱探索·番外篇】：零距离接触选手？电竞媒体真的那么轻松风光？,258,78100,//i0.hdslb.com/bfs/archive/11ca080a70855d7e30d99943c500f20c03706d0b.jpg,26655021,BV1Hs411H72M,1531327507,2018/7/12,0:45:7,09:42,459,139,2310,44,1461
靠谱在现场14：EDG iBoy专访 LPL是最强赛区！,351,62668,//i2.hdslb.com/bfs/archive/fc0650d0e2ef0f47513651d9fe7d1f5829fca1bf.jpg,26526888,BV1Ys411n7tR,1531190628,2018/7/10,10:43:48,05:13,699,216,580,275,902
靠谱在现场13：我们又是冠军！LPL夺冠之夜纪实！,250,70087,//i0.hdslb.com/bfs/archive/3570fbc2ebabbfbf7764660fe1a2426285829922.jpg,26443402,BV1ms411p77L,1531069828,2018/7/9,1:10:28,02:01,152,122,394,40,958
靠谱在现场12：洲际赛真的没人来看吗？,164,46512,//i2.hdslb.com/bfs/archive/6c6c8999f2e093e43f3d4c2b8a0b3af2baef3911.jpg,26427829,BV1ys411p7b4,1531054086,2018/7/8,20:48:6,04:04,292,69,241,28,713
靠谱在现场11：闪电狼Maple专访 LPL能拿冠军！,213,33080,//i2.hdslb.com/bfs/archive/e3cb8ddb5dad3ab980abbe86b4c99e2f2dde2f2f.jpg,26378707,BV1zs411p7vG,1530994678,2018/7/8,4:17:58,06:04,276,51,287,23,519
靠谱在现场10：神超专访，LPL状态好很多,178,35142,//i0.hdslb.com/bfs/archive/2f82a4b035cac72e4faf4911ee4f34a789f1cafe.jpg,26338685,BV1js411p7sK,1530951416,2018/7/7,16:16:56,05:41,237,66,314,24,540
靠谱在现场09：IGRookie专访，韩国四个中单都很厉害,376,81068,//i2.hdslb.com/bfs/archive/afa63130de7d21184f10b596357e3a35a25a4c7a.jpg,26232696,BV1Cs411H79y,1530807489,2018/7/6,0:18:9,05:27,616,96,416,142,728
靠谱盘点08：正确观看2018英雄联盟洲际赛的姿势！,690,215659,//i0.hdslb.com/bfs/archive/db94633773e2a26b846168d34723dfb1c2a2593d.jpg,26101805,BV1fs411G7XP,1530634775,2018/7/4,0:19:35,10:37,3003,909,10206,195,4915
靠谱说事01：OW龙之队40连败，身价不降反升！网瘾障碍被定义新疾病！,1104,119356,//i0.hdslb.com/bfs/archive/2bfb02d343579922b981fcdf11b82a41d40e5827.jpg,26019554,BV1ys411G7zD,1530531829,2018/7/2,19:43:49,10:02,1689,301,2472,522,1776
靠谱盘点07：是什么让CS历经19年依旧火爆？,1134,212375,//i2.hdslb.com/bfs/archive/9e00faa895270b8c1eb149ab2997d16509377a3b.jpg,25839211,BV1ns411575P,1530289872,2018/6/30,0:31:12,10:38,2179,1943,29743,743,5619
靠谱盘点06：英雄联盟最震撼人心的皮肤和赛事CG,887,282923,//i1.hdslb.com/bfs/archive/f2ec0c7d691950cbebcb4e79e591a497d8ec7551.jpg,25405554,BV1zs41177ua,1529684544,2018/6/23,0:22:24,14:41,6309,2369,5970,1076,3276
【靠谱探索】03：不一样的孙笑川,3517,284264,//i2.hdslb.com/bfs/archive/8a51b4f559687a9aed0afd18aa867394ddf09273.jpg,25378359,BV18s411778h,1529657623,2018/6/22,16:53:43,17:38,8520,4055,31687,5880,7038
靠谱盘点05:堡垒之夜在中国为啥不火？,1376,159278,//i0.hdslb.com/bfs/archive/b07df416259c61b566ff74dccd0a7901b9392da2.jpg,24989525,BV1mW411F7Tj,1529119405,2018/6/16,11:23:25,06:50,1567,359,765,192,1319
【靠谱探索·番外篇】：UZI首谈代表中国参加亚运会的感想？,285,97606,//i0.hdslb.com/bfs/archive/4e99ffb5a42716dd73b07a300663d6dcf5d06015.jpg,24849080,BV1dW411w7aN,1528909156,2018/6/14,0:59:16,11:01,968,250,681,88,797
靠谱盘点04：十大奖金池最高的电竞赛事！,629,139787,//i0.hdslb.com/bfs/archive/352881ebbbe8b920822bfa401fff05133f7469b6.jpg,24594984,BV1uW411P73e,1528530170,2018/6/9,15:42:50,07:07,874,392,1148,203,1311
【靠谱探索】02：走进一月三冠RNG的背后,767,214267,//i2.hdslb.com/bfs/archive/0404c966cd9e5853492b5c4883b6675b19e53d31.jpg,24563555,BV1fW411A7Gn,1528466306,2018/6/8,21:58:26,18:49,4094,1218,4751,834,2264
靠谱在现场08：聚焦绝地求生PCPI总决赛,138,33631,//i2.hdslb.com/bfs/archive/03ec80ae24bbc6ee3d0cfd9fa6947c712e7e37b4.jpg,24249275,BV1LW411N7uw,1527867262,2018/6/1,23:34:22,07:55,193,60,240,22,262
靠谱盘点02：七大英雄联盟英雄CG,534,290416,//i2.hdslb.com/bfs/archive/c236ed4b3b4b2ae0d8247d3557b721492c9f64a9.jpg,23923696,BV18p411R7YU,1527254810,2018/5/25,21:26:50,14:59,3258,2091,4346,1076,2551
靠谱盘点01：七大UZI时刻,2022,995760,//i1.hdslb.com/bfs/archive/c3a7dcf53c8e96d3a81269d196011c8a691f3b9a.jpg,23621728,BV18p411d7Ga,1526679273,2018/5/19,5:34:33,12:00,4837,6317,18589,3323,17273
【靠谱探索·番外篇】风一样的勇士孙亚龙,399,69895,//i1.hdslb.com/bfs/archive/73b04bdf11073bea61259085c12fd1573ffb444a.jpg,22895851,BV1YW41137bS,1525272478,2018/5/2,22:47:58,08:43,1508,498,2752,122,1357
靠谱在现场07：亲眼见证Uzi第一次捧起LPL冠军奖杯,350,104835,//i2.hdslb.com/bfs/archive/e7e6b44434447a2537450cae339cc0dded1b6d9f.jpg,22809354,BV17W411375x,1525126529,2018/5/1,6:15:29,09:56,960,247,1868,164,778
【靠谱探索】01：笑笑孙亚龙的电竞“探险”之路,1265,211037,//i2.hdslb.com/bfs/archive/a9199952dc2932bdb2ee76d038a8685d49df5296.jpg,22580717,BV1mW411G7WZ,1524689654,2018/4/26,4:54:14,11:52,5030,2832,14886,842,5862
靠谱在现场06：揭开VG电子竞技俱乐部新基地的神秘面纱,46,7667,//i1.hdslb.com/bfs/archive/96e69704ab65b806a32fdf8236be1ad91c11cd8f.jpg,22349960,BV1EW41157EW,1524233604,2018/4/20,22:13:24,03:10,43,27,85,36,91
靠谱在现场05：在Dota2赛场的英雄联盟玩家,70,12995,//i2.hdslb.com/bfs/archive/5a7f817790a91e93233edf7804d6e4dee35a53dd.jpg,21883438,BV1pW411K7LW,1523285004,2018/4/9,22:43:24,06:48,126,36,111,23,117
靠谱在现场04：揭秘OMG为何选择立足成都,194,26069,//i2.hdslb.com/bfs/archive/a11bc42f0293483fd23fd708b7752291f41fec92.jpg,21214775,BV13W41137Ww,1521978287,2018/3/25,19:44:47,04:04,142,49,254,50,158
靠谱在现场03：探索LPL五周年现场,45,9818,//i0.hdslb.com/bfs/archive/a2aafde48fdfe4fa2ef06bf4fc7ebf560c052ce9.jpg,20942881,BV15W411W74p,1521402320,2018/3/19,3:45:20,06:29,87,38,140,20,118
靠谱在现场02：登门拜访退役后的LPL002号选手,170,53653,//i2.hdslb.com/bfs/archive/0ac64fb180d4a863938cb1207de7c085d3f7e976.jpg,20842313,BV1kW411p79z,1521199858,2018/3/16,19:30:58,04:50,314,83,376,48,266
靠谱在现场01：三分钟带你看OMG成都主场开幕战,100,50539,//i2.hdslb.com/bfs/archive/7e12fe0b83282c0232d933175e86c3ee01059a49.jpg,20418892,BV1dW411x7na,1520270465,2018/3/6,1:21:5,03:32,170,59,280,43,265
