﻿title,comment,play,pic,aid,bvid,created,date,time,length,video_review,favorite,coin,share,like
心理学家：爱臭美的人收入更高！真·靠脸能吃饭啊？！,385,84160,//i2.hdslb.com/bfs/archive/f24f5ff32b473700ae834cbf5e190e55c618f2c8.jpg,328611791,BV1pA411i7td,1592215258,2020/6/15,18:0:58,06:44,2274,1271,778,294,9968
谈恋爱会影响高考吗？要不要分手？心理学家告诉你答案（正在谈的不用慌，稳住）,2056,249356,//i2.hdslb.com/bfs/archive/cd7174050e0e72fb7910b0eaf51aa75e632a9b45.jpg,200932314,BV15z411i7u6,1591960398,2020/6/12,19:13:18,08:05,14458,6396,8421,2323,30515
爷爷拉皮条，爸爸搞投机，特朗普最骚发家史【盲人说书03】,597,230079,//i2.hdslb.com/bfs/archive/59f08c097b79f624b9663af7b6cc0d83f8db2ab4.jpg,840882310,BV1T54y1Q7gV,1591441591,2020/6/6,19:6:31,08:42,2855,3887,6432,2067,28920
毕业才知道的20个真相 | 职场事实，生活雷区，你经历过吗？,1707,190102,//i1.hdslb.com/bfs/archive/45ad8923e2bba0596f71adc5422e1efa5586acf4.jpg,498385941,BV1oK411H7kY,1591362179,2020/6/5,21:2:59,08:25,2847,8334,4259,609,19974
你相信男女有纯洁友谊么？这本书可以给你参考答案【盲人说书02】,3252,559739,//i2.hdslb.com/bfs/archive/9b6097df4f2393a29edc7e570c49dce23bdd154e.jpg,455828053,BV1A5411x7kj,1590758471,2020/5/29,21:21:11,07:37,12725,10863,12718,3976,48849
搜索效率提升200%！8个小技巧助你快速查资料，妈妈再也不担心我的学习了~【蜡笔小干货01】,1660,844717,//i1.hdslb.com/bfs/archive/b71f8eb1cff1104be53a6fd7c2d0f44c8aad9693.jpg,883274241,BV1YK4y1t7bg,1590233454,2020/5/23,19:30:54,08:05,5374,151731,79946,8404,106196
枯黄？毛糙？断裂？如何拥有波光粼粼的秀发？,594,155178,//i0.hdslb.com/bfs/archive/1fdcf5444d13479bbfbc4befaef3f846aaf9149e.jpg,413368463,BV1oV411C7Rd,1590207582,2020/5/23,12:19:42,07:06,1583,2086,992,573,13201
为何知名情侣up反目成仇？揭秘情侣互撕的10000个理由（狗头）,704,223314,//i2.hdslb.com/bfs/archive/a31363a2dc5ea20ba453e570e2f87544033f947d.jpg,840735552,BV1a54y1D7Ju,1589967396,2020/5/20,17:36:36,09:20,9405,1806,2644,1138,21598
压力大导致肥胖？爆肝导致猝死？我们该如何缓解压力？【盲人说书01】,839,198490,//i0.hdslb.com/bfs/archive/84dd14d9ab9c4b9820812d5941909653e9284685.jpg,413246924,BV1JV411C7uc,1589533495,2020/5/15,17:4:55,07:31,6325,6477,12677,1270,28641
情侣一起上自习靠谱吗？多人自习能提高效率吗？,1222,269437,//i0.hdslb.com/bfs/archive/521310a9e76ea646854a9ac143119b0c75dead85.jpg,667960908,BV1za4y1v7sU,1588237531,2020/4/30,17:5:31,07:35,7483,3856,5671,1604,27222
400w粉情侣up主给你推荐奇怪的书籍【4·23世界读书日特辑】,875,399652,//i2.hdslb.com/bfs/archive/0bb3874a3e73268e84209c1de08f2d8e55af977b.jpg,625333645,BV1bt4y127dE,1587471623,2020/4/21,20:20:23,09:55,2999,5669,5236,727,31628
【减重20斤】减肥误区大公开，我掉过的减肥大坑 | 小基数减脂容易出现的问题,1861,846148,//i0.hdslb.com/bfs/archive/ca297b6b85d4f9ac94dbe37f55bf0a91ca97da44.jpg,200328487,BV1az411B7Kb,1587122935,2020/4/17,19:28:55,07:29,10903,15959,11152,5724,51314
核辐射有多恐怖？皮肤脱落，DNA断裂，核安全究竟对我们有多重要？【4·15全民国家安全教育日专题】,1786,771551,//i1.hdslb.com/bfs/archive/73f0c4f9e54b65d2081dc584814c9b13de78c790.jpg,667830983,BV1Ra4y1x7YS,1586912419,2020/4/15,9:0:19,08:24,6161,14278,10737,1775,68853
挑战配音4大名场面，男生浑身散发艺术细菌,722,279298,//i0.hdslb.com/bfs/archive/9c6489e3329fcf13096f655ce39fe993fc38d9ba.jpg,582671946,BV1864y1u7rR,1586689209,2020/4/12,19:0:9,05:07,4568,1508,4550,3759,37797
学姐泡学弟？up自曝恋爱经历，天天吵架竟导致拖更？（狗头）,3175,1135428,//i1.hdslb.com/bfs/archive/ac6e9d8a0101c8bf65d8988780bb953debd8e500.jpg,412657543,BV1xV411o7Kn,1586411492,2020/4/9,13:51:32,07:13,10771,9498,26031,3106,108957
你为什么写字那么丑？选对笔也是一门艺术,2599,553703,//i0.hdslb.com/bfs/archive/9c4923b7ac27d8f9a32e48cbfd20fed7bfcce792.jpg,667522375,BV1Ga4y1t7KM,1585656038,2020/3/31,20:0:38,07:28,10446,11614,7251,1788,50418
英国首相感染！群体免疫真的科学有效？,3233,1382267,//i0.hdslb.com/bfs/archive/1c6ebd60d5bca6662d134c6f106663396e500dc8.jpg,967580607,BV1gp4y1C784,1585357207,2020/3/28,9:0:7,08:36,14234,18486,42447,5920,139787
揭秘咖啡的真面目，喝多了对身体有害吗？,3500,756260,//i0.hdslb.com/bfs/archive/4f650ad5773eabdca47c525d34ff5d69ebf966c4.jpg,97930029,BV1iE411A7kr,1584708662,2020/3/20,20:51:2,06:15,13620,17658,22964,8779,61997
90%笔记存在这些问题，分析做笔记的4大误区,2332,748634,//i0.hdslb.com/bfs/archive/8f172f4fbd50532b75ca1c15a06fcb30e8f57eb5.jpg,96127955,BV1gE411V7Qq,1584132308,2020/3/14,4:45:8,07:11,30384,42729,24720,4274,74320
【科普】熬夜会脱发吗？读博容易秃顶？探究脱发的原因,1965,447099,//i1.hdslb.com/bfs/archive/7cd11abc8353f480790e7fbc69d6e01b70ca468f.jpg,94480432,BV1jE411g76B,1583585711,2020/3/7,20:55:11,06:47,13940,8362,12237,7731,42897
4000万人用不起卫生巾，你信吗？,8367,971255,//i0.hdslb.com/bfs/archive/535ba02a4961b8e899bd871369bbd4d70dcbfc80.jpg,92685863,BV1yE411J7AC,1582986390,2020/2/29,22:26:30,07:45,15198,17013,36359,7322,100933
给男票涂口红，他好骚啊,1443,494935,//i0.hdslb.com/bfs/archive/9b260d584b6cfb9d81557ec518ba0d92b54d1784.jpg,90197068,BV1u7411A7Hu,1582119857,2020/2/19,21:44:17,06:10,15137,2603,8034,1489,52817
造谣者是蠢还是坏？探究造谣的背后动机,3012,717636,//i1.hdslb.com/bfs/archive/9fbe00568b96e2fc220a19dd06b9b488add9683e.jpg,89363717,BV1e7411n74z,1581829238,2020/2/16,13:0:38,06:32,9967,15488,16219,3563,55452
十七年前的网课，你听说过吗？,1819,302553,//i0.hdslb.com/bfs/archive/1a44395b2efc6c2859bfb1ba0f823dd638cc6cd8.jpg,88867802,BV1Z7411u7oX,1581658831,2020/2/14,13:40:31,07:48,2978,3786,6697,1116,26304
如何逼自己在家学习？4个提升自制力的小妙招,2863,1728348,//i2.hdslb.com/bfs/archive/34b256a38bfbab31789d197550608c3b952551bb.jpg,87954714,BV12741147DX,1581316623,2020/2/10,14:37:3,07:41,46930,78516,91204,18132,165007
如何判断自己是否感染？日常如何消毒？同济专家组《新型冠状病毒肺炎诊疗快速指南》通俗解读,2434,1239686,//i1.hdslb.com/bfs/archive/4764c13f7cba5c04afcc1d90fb1fd926716a3ab9.jpg,85189886,BV1F7411C7b2,1580094056,2020/1/27,11:0:56,06:16,4585,21407,34556,16555,87306
【超详细】防病毒口罩，你想知道的都在这里 | 新型冠状病毒肺炎预防小措施科普,4800,2252361,//i2.hdslb.com/bfs/archive/c3a79555115725f755e5a346e684b322a32d36b5.jpg,84442591,BV127411Y7sS,1579608990,2020/1/21,20:16:30,04:51,5247,48549,61886,44154,132083
被偏见毁掉的孩子们,9685,1787941,//i1.hdslb.com/bfs/archive/e5109560cec5e7c1ccb6da7949de8e4c94a90c45.jpg,83576507,BV1DJ411J7JK,1579097683,2020/1/15,22:14:43,06:23,72266,43682,45397,16823,118214
7天没下床，我做了啥？,282,144746,//i0.hdslb.com/bfs/archive/7427f89cc52409f5044a7dfe4083fcb8e952b94d.jpg,83519431,BV1YJ411J7Jz,1579081034,2020/1/15,17:37:14,01:21,259,238,234,231,6736
看up主如何用手机水一天,487,339046,//i2.hdslb.com/bfs/archive/c9b4893bb2eac2fa9cbe939b3732dc04a7e1d59e.jpg,82865591,BV1YJ411H7bb,1578667178,2020/1/10,22:39:38,07:06,3716,1636,2472,336,18091
封面是红色还是绿色？你肯定犹豫了一下！,1981,956181,//i1.hdslb.com/bfs/archive/01096245312a7fabd88aad62a9cf1a44fbd17bc0.jpg,80872213,BV1wJ411e7pQ,1577449141,2019/12/27,20:19:1,07:07,6157,14002,17268,1848,65511
口误现象暴露的记忆问题,1286,799624,//i1.hdslb.com/bfs/archive/0e4020c2031f8c520f718cc2a6cafd55b94ea776.jpg,79971848,BV1YJ411x7aR,1576840262,2019/12/20,19:11:2,07:29,13960,9816,18385,1174,43935
家暴者有明显特征吗？看看这几个小知识吧,1899,723098,//i0.hdslb.com/bfs/archive/221fb580895f90a39b4349455281e41783800554.jpg,78397271,BV11J411e7Pb,1575717293,2019/12/7,19:14:53,06:30,4387,10800,14015,4486,42131
百万粉UP主2019年竟然经历了这些……【2019年年终总结】,3155,2669236,//i0.hdslb.com/bfs/archive/f15085c19f9ff3a1a6f7a31e2004b4a25cef67fe.jpg,78135967,BV1ZJ411v77g,1575541099,2019/12/5,18:18:19,04:36,17441,21646,25287,4520,128669
【学习的科学】学生为何做不到过目不忘？,484,270668,//i0.hdslb.com/bfs/archive/8104476b3dec523f2e017dd0cdbd170699e05344.jpg,77438394,BV1JJ411Q7UL,1575026589,2019/11/29,19:23:9,07:40,1266,8583,9743,1197,21523
用一箱奥利奥下五子棋 输的人要全部吃掉！没有电子产品的一天居然是这样的…,396,182423,//i0.hdslb.com/bfs/archive/283416ba55150bcf17f6d1c2c7a6426b4cd9e1f0.jpg,76271967,BV1RJ411m7Aw,1574162552,2019/11/19,19:22:32,04:58,1377,810,2005,487,11567
为什么单词背得很熟，再看见就不认识了？,613,366135,//i2.hdslb.com/bfs/archive/6847970d488980eba237455d867bee5d1a94fb77.jpg,75861566,BV1qJ411U7DX,1573886484,2019/11/16,14:41:24,06:30,1885,13830,18387,2177,33806
【干货】弥补学习能力差距的3个技巧,741,463620,//i2.hdslb.com/bfs/archive/b7b3fb60fc94722a5238f74b664150a739e9deb6.jpg,74274224,BV1bE411t7VD,1572688729,2019/11/2,17:58:49,06:14,14176,20702,22750,2325,40006
【毕业生小指南】破解迷茫期，985读研or世界500强？创业公司怎么选？,433,169449,//i1.hdslb.com/bfs/archive/44514870ed49220f9534fef1364fd000eee2eb17.jpg,73742530,BV1jE411h7fa,1572262319,2019/10/28,19:31:59,08:04,928,5799,4586,1032,11897
【整牙攻略】整牙有副作用吗？隐适美是个啥？,1578,249526,//i1.hdslb.com/bfs/archive/92ed873483c003960afda00549f17d1cd26ba607.jpg,73362541,BV1jE41117Qv,1572000064,2019/10/25,18:41:4,08:01,1912,6635,7864,1544,23423
用这个方法背单词，我竟然坚持了1000天,1484,937593,//i0.hdslb.com/bfs/archive/cbfdbdcd2e6d5f53ae18d9205c627cced758f617.jpg,71612834,BV1QE411r71x,1571396748,2019/10/18,19:5:48,06:17,28646,51269,47615,7687,81319
情侣up挑战高难度拍照姿势,489,294707,//i2.hdslb.com/bfs/archive/a380085977724ffd7fb8a6a0cdfa9daebcc34739.jpg,71301244,BV1VE411o7aH,1571137245,2019/10/15,19:0:45,04:42,1608,1850,5098,852,19856
再玩剁手！4个方法帮你戒掉手机专心学习,1518,695135,//i1.hdslb.com/bfs/archive/4ed3c75a73c029b29a6f938043416cd810c8c613.jpg,70960879,BV1gE411Z7ym,1570878322,2019/10/12,19:5:22,08:14,13626,32034,46611,4160,73547
为何我们会被手机绑架,1157,418122,//i0.hdslb.com/bfs/archive/873774ffc2154c3dc6782681bcf5055a8edc18c4.jpg,67453816,BV1WJ411P7e8,1568286657,2019/9/12,19:10:57,06:56,3333,11134,24238,1500,52626
大学里那些不靠谱的毒鸡汤,2086,648408,//i1.hdslb.com/bfs/archive/0b0cb048c3b79c8aebc81af324349752dc926c13.jpg,66797051,BV1R4411y7Yn,1567767925,2019/9/6,19:5:25,07:26,5018,20016,30134,5018,54516
明学暴露出的病态心理,2045,1404552,//i2.hdslb.com/bfs/archive/d1199d921f04aa3e5d568c94d0b93fd3004cc118.jpg,66283747,BV184411m7Yn,1567328529,2019/9/1,17:2:9,05:57,6219,32797,57695,4626,103344
为推广4000元5G手机，金主逼我街头卖艺,3586,293318,//i2.hdslb.com/bfs/archive/8d2c0aa330fedb48cea2616e2681a7e6d41a44b8.jpg,65028459,BV1N4411r7rG,1566554496,2019/8/23,18:1:36,04:13,8972,3292,10827,1570,22831
小心父母的精神虐待，语言暴力伤害有多大？|《原生家庭》读书分享,13230,617274,//i1.hdslb.com/bfs/archive/ea561aa0f0efb769e39bed56ba1e3c975855ad87.jpg,63973176,BV1J4411Z7Z6,1565954406,2019/8/16,19:20:6,06:52,13744,31705,37098,12223,58104
情侣up为做视频竟半夜吵架,1658,434039,//i1.hdslb.com/bfs/archive/c3ace6fe3e56140b7687d3d1c4cc0cc2da681296.jpg,63821703,BV1J4411U7vP,1565867726,2019/8/15,19:15:26,10:14,13751,10888,59434,1547,64451
熬夜、低效、堆时间，你的努力方式病态吗?      | 高效学习的3F法则 |《刻意练习》读书分享（第三期）,1492,810287,//i1.hdslb.com/bfs/archive/0f9295c1283007b0acb1aa7877c3820b837024b7.jpg,62616953,BV1nt411T7uF,1565180677,2019/8/7,20:24:37,06:48,4798,45865,45877,4763,68949
B站居然有个“学习区”？,3542,1735619,//i2.hdslb.com/bfs/archive/cf070782ce7e28b5a6b431d0f8294d1223e5967e.jpg,61712206,BV13t411F7No,1564659011,2019/8/1,19:30:11,03:30,4836,35830,25330,3725,73305
他偷走爱因斯坦大脑切成240块，发现聪明的真相 | 学习力的差异到底在哪里 |《刻意练习》读书分享（第二期）,2523,1603160,//i0.hdslb.com/bfs/archive/3794011cd7430479ef424ffbd779c9368ca56eb6.jpg,59830123,BV1Rt411J7wY,1563534339,2019/7/19,19:5:39,07:34,13828,23108,32927,2649,58105
《刻意练习》如何帮我们训练学习力？,2033,857040,//i1.hdslb.com/bfs/archive/99ee656426083c7a4f889b1487433dc9caaa72f3.jpg,58460028,BV1hx411Z7rL,1562670320,2019/7/9,19:5:20,06:13,29188,49972,43014,2611,63202
期末突击小指南，我的复习心得,1490,420169,//i1.hdslb.com/bfs/archive/d78c246b184fae6ab1de61cc028ca28566da783f.jpg,56297831,BV1q441137c4,1561115105,2019/6/21,19:5:5,06:55,4332,21894,42986,2364,45800
破坏自律性的3个坏习惯,1530,588440,//i0.hdslb.com/bfs/archive/df2b7669b5f96e6268d49f20c27d3143808bb98a.jpg,55547359,BV1N4411N7v9,1560510357,2019/6/14,19:5:57,07:58,6974,22751,45577,2500,47941
IT企业喜欢招哪些专业的学生？,2973,624257,//i2.hdslb.com/bfs/archive/de685ed6ad60046571fbeb344d17d56837e5cfaa.jpg,55450814,BV1e4411P7ko,1560424232,2019/6/13,19:10:32,08:15,3767,29703,42127,3821,46116
2019高考加油！UP主联合应援2019年高考,7226,1793875,//i0.hdslb.com/bfs/archive/07b32de5e59d03aeb7940b6f82ddcf43db6d442a.jpg,54456607,BV1D4411n7up,1559563249,2019/6/3,20:0:49,06:03,12366,17388,28562,6239,88994
高考绝不能犯的3个错误,9604,1729791,//i1.hdslb.com/bfs/archive/10a2f036a48d45b8703b98eb21e23a822128a48d.jpg,54047267,BV1i4411H7Nw,1559214653,2019/5/30,19:10:53,07:28,6309,59762,58669,10293,95347
情侣up花费9000元挑战世界最高蹦极，男生认怂不敢跳,3114,1763219,//i2.hdslb.com/bfs/archive/7dc27f262c64039b40bf5c6f4fd2a378dab9dfcf.jpg,52588887,BV1J4411J7tC,1558004725,2019/5/16,19:5:25,04:17,3508,19687,80835,2926,98696
5分钟带你了解英语单词的记忆规律,857,400046,//i0.hdslb.com/bfs/archive/29bb9de4b81885b2476cf81ca3b8a9c132b1f1ca.jpg,50889886,BV19441147q8,1556622330,2019/4/30,19:5:30,07:12,1161,24288,21093,2070,27809
【逼我背单词】5分钟记住20个单词,916,341578,//i0.hdslb.com/bfs/archive/4ef49b765444ba9fb09e0221b559ef4067d17c28.jpg,50520906,BV1V4411h7Y2,1556277017,2019/4/26,19:10:17,05:43,1129,19826,22234,1417,27135
学渣赤裸真相：为何付出300%努力也换不回成绩?,2389,888012,//i0.hdslb.com/bfs/archive/ff020dfae1854d1c92360ccc625758eae2b89633.jpg,48249376,BV1Gb411g7f7,1554376539,2019/4/4,19:15:39,07:20,3900,49839,67018,7022,72992
【记忆术】大幅提升背书速度的小技巧分享,1417,753937,//i0.hdslb.com/bfs/archive/4fa22e3f200def12f748d39f7bde45d3da1ecb1e.jpg,46989747,BV1Gb41177dn,1553253015,2019/3/22,19:10:15,08:39,4037,53052,50929,4347,59107
【逼我学习】让记忆效率提升300%的心理学小技巧,5113,3108897,//i2.hdslb.com/bfs/archive/2aaf965636e52e025f2398b77b4ed74ae84a6cca.jpg,44360187,BV14b411h7FM,1550833538,2019/2/22,19:5:38,07:17,17722,294562,279871,25019,299903
读书笔记如何做？分享快速阅读的核心理念,1442,523938,//i2.hdslb.com/bfs/archive/ec3eacbf9dcbc4a7ebefd3be6570dcb1978751c8.jpg,42286396,BV14b411k7pt,1549019121,2019/2/1,19:5:21,08:07,3629,24576,22979,2870,32452
【逼我学习】在家自律性都能暴涨200%的小技巧分享,6146,3818899,//i2.hdslb.com/bfs/archive/ea6ed30c30fa70d683aa151cdd33f721fa681297.jpg,41654978,BV1wt41187X3,1548414346,2019/1/25,19:5:46,07:44,28388,249542,337014,32336,358007
5本自我提升相关书籍推荐,6015,596026,//i2.hdslb.com/bfs/archive/4fba8e3357fef37dddf14098206361e5e137fd2c.jpg,39368138,BV1St411z78a,1546142750,2018/12/30,12:5:50,11:23,8708,34069,37636,4153,39347
【逼我学习】让自制力暴增300%的时间管理方法分享,2387,1351629,//i0.hdslb.com/bfs/archive/eda5918c2210a1710abdc5855818a9abc538c387.jpg,37604984,BV1st411S74U,1544181627,2018/12/7,19:20:27,10:20,6456,98790,87218,12342,88184
关于“变优秀”的5点小心得 |延迟满足|搭建环境|长板理论|竞争合作|找个大腿,868,331394,//i1.hdslb.com/bfs/archive/906539b3f81ef4b559d7d45090b43e856b900eb2.jpg,36069236,BV1Rt41127Be,1542366623,2018/11/16,19:10:23,09:56,3168,16040,23398,3441,24210
词汇量从2000提升到10000+，词根词缀或许更有效,1291,597780,//i1.hdslb.com/bfs/archive/088529535f89cef8f0d5e5f720c69801958f89ff.jpg,35118756,BV1ab411P7XR,1541157009,2018/11/2,19:10:9,10:01,2273,36716,32937,3743,31387
思维阻碍了你的成长 |逃避挑战|虚荣|脆弱|短视,1650,292863,//i0.hdslb.com/bfs/archive/335602164c81cb5d1aa52f685c05ddb90ce80f85.jpg,34127476,BV1ot411d7MA,1539947103,2018/10/19,19:5:3,09:28,5521,13601,26189,3524,23887
快速冲击10000+词汇量的背单词方法,1430,451505,//i1.hdslb.com/bfs/archive/706a6cd73b6b16961eb9d8bf8426a09a57a8f5b3.jpg,32220785,BV1CW411r7aG,1537600844,2018/9/22,15:20:44,08:45,2540,32536,32637,4812,28541
别让自己毁于无效努力，正确努力的4个法则,1279,430606,//i1.hdslb.com/bfs/archive/1a5449a059e4f804cabc4e04a9d9766f59c597d5.jpg,31255177,BV1sW411d7PC,1536318301,2018/9/7,19:5:1,07:30,2505,18281,26248,4034,25000
【思维导图】我的记笔记方法,1484,684689,//i0.hdslb.com/bfs/archive/88c987a233b753234274e32f206bfbe7882f0ebb.jpg,29083043,BV1ts411u7zr,1533986727,2018/8/11,19:25:27,07:31,3461,39366,31947,4419,32987
如何训练自学能力？逻辑思维能力/归纳总结能力,1736,612579,//i2.hdslb.com/bfs/archive/7f7f664828cdf66b75309bd24e474ad31d604483.jpg,27857771,BV1Hs411A7Uh,1532690744,2018/7/27,19:25:44,07:43,3906,31591,31039,3424,28937
如何改掉对学习致命的坏习惯？,1716,426870,//i0.hdslb.com/bfs/archive/d61fdbd8412ef2d9e88d46c29cac949466d2546b.jpg,26764383,BV1Ns411J751,1531481148,2018/7/13,19:25:48,08:38,4565,23119,35691,4170,25721
有哪些快速提升记忆效率的技巧？,1341,334788,//i1.hdslb.com/bfs/archive/ff47a45bdf36f312310b2114004b8469642c152d.jpg,24938356,BV1kW411F7Q6,1529061642,2018/6/15,19:20:42,10:37,2879,18905,22026,3630,18049
如何在考前快速调整心态？,1003,180527,//i2.hdslb.com/bfs/archive/1ec0f862ec5cc961a4ec6800be08d5a7f55d743e.jpg,24224811,BV1TW411N7n9,1527851329,2018/6/1,19:8:49,10:46,2430,9141,13769,3209,10464
【浙大学姐】我是如何戒掉手机玩命学习的,6042,2766568,//i0.hdslb.com/bfs/archive/9b901d4b7d1614481cf02ea8777e531f1a156000.jpg,23906994,BV15p411R79c,1527246316,2018/5/25,19:5:16,09:35,11059,194456,179095,26281,147618
学习总走神怎么办？4项措施提高专注力,833,351243,//i2.hdslb.com/bfs/archive/bbc290ac5bc1633e734331c9d6a1d105fbdf44de.jpg,22678696,BV17W411V7e8,1524914105,2018/4/28,19:15:5,07:57,3134,18374,25969,2964,21402
如何拒绝颓废，唤醒学习动力?,1276,409146,//i1.hdslb.com/bfs/archive/a08189f02389c1cec2d5f34bb4479bf5c300b4a5.jpg,22299244,BV19W411V7yD,1524225957,2018/4/20,20:5:57,07:49,137,21227,26544,3600,22868
【超级干货】如何「快速调整心态」静心学习?,1462,465831,//i2.hdslb.com/bfs/archive/47693d5fabb5fb96952d71947b8e7f666e23d4eb.jpg,21406243,BV18W411u7Pq,1522407917,2018/3/30,19:5:17,11:22,220,32602,33272,8372,27843
如何一周背1000个单词?记忆的误区/关联法/故事法,1425,494018,//i0.hdslb.com/bfs/archive/dc5661131ae040a4126d5b97fcabb19d3d4ee1b0.jpg,20831593,BV1tW411p715,1521198038,2018/3/16,19:0:38,08:26,34,40872,39327,6604,28246
【干货】如何逼自己学习？自虐式学习秘笈,4244,2480371,//i1.hdslb.com/bfs/archive/2711d371085bdaddb476dbff1db714c7c31afb1d.jpg,20260935,BV1KW411x7gr,1519988449,2018/3/2,19:0:49,06:54,1848,202169,156956,24596,169845
如何治疗拖延症？目标分解|碎片化时间|拒绝急事|预留缓冲|忘却颓废,697,220327,//i0.hdslb.com/bfs/archive/a5a0143ab4d55e087e07b55e60ccbeabf41526d0.jpg,19691172,BV1BW411j7da,1518850858,2018/2/17,15:0:58,07:49,48,15803,25728,3566,13862
5个小技巧提升自制力|游戏化|自我原谅|虚假希望综合征|讽刺性反弹|适当锻炼,1161,423742,//i1.hdslb.com/bfs/archive/da8981678175b13206e80ca9668b7b60b1121424.jpg,19337575,BV1pW411n7RE,1518159631,2018/2/9,15:0:31,07:44,282,34693,22879,5301,16173
提高自制力的5个tips|帕金森定律|自我监控|自动行为|预设底线,402,145016,//i1.hdslb.com/bfs/archive/2082b3ac771664f820e5fcdb3f4fca85628408fb.jpg,19026275,BV1EW411H7bY,1517529607,2018/2/2,8:0:7,06:52,200,8255,11227,1728,8484
提升学习效果的5个tips|做减法|零态清爽|待办清单|回忆教训|周计划,636,249180,//i2.hdslb.com/bfs/archive/e0b1a7b33a545942d3636251fca18faed200e63e.jpg,18737536,BV15W411e7zU,1516919447,2018/1/26,6:30:47,06:04,233,17093,21077,2727,12999
提升自制力的5个建议-道德许可效应|勤于复盘|早睡的秘诀|公开学习成果,443,258275,//i0.hdslb.com/bfs/archive/66f6908a78e43e225826f9835ed9ae1c15fff484.jpg,18213276,BV1dW411i78R,1515711628,2018/1/12,7:0:28,06:23,572,12391,13241,2212,13375
