﻿title,comment,play,pic,aid,bvid,created,date,time,length,video_review,favorite,coin,share,like
当女团究竟有多难，我现在明白了！,2906,403898,//i1.hdslb.com/bfs/archive/ae284222c7be95a2e1896efa802e86826245e19a.jpg,796122797,BV1FC4y1Y7sK,1592044257,2020/6/13,18:30:57,12:02,16192,5024,21235,815,55163
和表哥玩恐怖游戏，没想到他们叫的比我还大声....,868,215875,//i0.hdslb.com/bfs/archive/bf3542a84f61c1e384caf0f2e41a2ddf404987b4.jpg,668297684,BV16a4y1e7fD,1590834304,2020/5/30,18:25:4,09:23,4021,1125,2544,394,24753
高冷帅气异国王子了解一下？,2163,284936,//i1.hdslb.com/bfs/archive/770013af0b604d82d3e03388391d50a6111fbe3b.jpg,328349244,BV1CA411q7pX,1590143411,2020/5/22,18:30:11,09:06,7686,2481,9234,1250,43131
国民舅舅王耀庆“强迫”拉宏桑斗舞！【UP！大明星】,813,513127,//i0.hdslb.com/bfs/archive/d0aa38241e7db8e0c8185105d47cbf79ea3d8db8.jpg,710660560,BV1cQ4y1K7gX,1590042270,2020/5/21,14:24:30,15:49,11768,4262,10669,976,38594
【虚拟男友体验】本想套路小哥哥，结果反被套路？？祖安男友了解一下？,1738,492062,//i0.hdslb.com/bfs/archive/bcedbc9785eb09c3577b214a40394a974733d51c.jpg,883226251,BV1TK4y1t72C,1589972711,2020/5/20,19:5:11,08:29,17563,3624,7922,3038,55085
假如杠精和键盘侠来到了现实生活会发生什么?,1109,224170,//i2.hdslb.com/bfs/archive/e5834bebb579e609f765ec719a4fdda3559e2e63.jpg,200635629,BV1sz411q7x1,1589528227,2020/5/15,15:37:7,06:07,2866,3855,10481,593,36337
亲戚让我带孩子，我却偷偷把他儿子化成了女装大佬.....,6371,1380270,//i2.hdslb.com/bfs/archive/a6651d7a4cd24db8d7840ee4dfcee59f7344677d.jpg,498086553,BV1jK411W7SC,1589019616,2020/5/9,18:20:16,10:41,32647,23381,64313,18279,185096
体重115斤+少女显瘦穿搭（梨形身材的妹纸可以看看哦）,2157,375158,//i1.hdslb.com/bfs/archive/f559d01bb5f1da74c906c0279cbe83d7cb38bee8.jpg,455521249,BV1n541147wK,1588415821,2020/5/2,18:37:1,11:15,15386,3244,10513,905,47252
当鞋子和衣服会说话时.......,1397,240914,//i0.hdslb.com/bfs/archive/bdff405e1016142b1cb03a9c2fac1018ff2b9d5e.jpg,795462695,BV15C4y1W7Y1,1587742351,2020/4/24,23:32:31,05:30,2220,1422,3909,259,30547
禁   止   套   娃,12305,655674,//i2.hdslb.com/bfs/archive/fbf7256f85d73340d5b475be69b3b59208dd071a.jpg,412893305,BV1mV411R7VY,1587636371,2020/4/23,18:6:11,07:42,35466,4437,9584,2648,57696
当代学生党的颓废日常（真的不想上网课了）,3040,667937,//i2.hdslb.com/bfs/archive/05dcf7d0dabe1418ac80d339aef8cea8e16d8883.jpg,625373312,BV1kt4y127JD,1587290673,2020/4/19,18:4:33,11:23,16076,10952,39664,1466,89061
黄晓明在线回应虞书欣，哇哦~拉宏桑笑翻了···【UP！大明星】,3131,884922,//i0.hdslb.com/bfs/archive/cc750257c98928e8216d27e6708211b88f8bb25c.jpg,840255758,BV1j54y197rB,1587027857,2020/4/16,17:4:17,16:16,21899,13311,29447,3913,83618
第一次穿JK制服，结果翻车翻到大西洋了........,2142,564669,//i1.hdslb.com/bfs/archive/eaa15d60518e614776dbcbcf7c22479f5790576c.jpg,667821967,BV1Aa4y147Lv,1586956379,2020/4/15,21:12:59,07:04,14708,2862,8220,995,64355
这段感情终究还是被父母发现了,6498,1704217,//i0.hdslb.com/bfs/archive/e1d5139b8bc688699189d3572e994cb522349302.jpg,497738730,BV1oK411L7ZV,1586514630,2020/4/10,18:30:30,10:07,54975,22673,77900,18958,194941
淡黄的长裙，蓬松的头发？？这歌在说我嘛,4372,1417749,//i1.hdslb.com/bfs/archive/3c92d807c2d8e0ba50e888ecc410379e6a7c1a7c.jpg,625032780,BV12t4y1m7Rc,1585553083,2020/3/30,15:24:43,10:17,25105,18087,66149,8066,184483
自制学生党网课护眼帽，买了你就上当了,1951,363616,//i0.hdslb.com/bfs/archive/a5f894e930ee1be30760ba61d75a0589bcc99b14.jpg,99427092,BV1i7411C7uf,1585305324,2020/3/27,18:35:24,08:05,6976,3345,10303,1194,61243
【读评论】原来这么好奇我的感情生活....好八卦哦～(●￣(ｴ)￣●),2422,905173,//i2.hdslb.com/bfs/archive/60b98515714c3506338ce8d198292a71a9d755e6.jpg,97811552,BV1fE411w7D2,1584689489,2020/3/20,15:31:29,08:24,15205,7347,25165,1022,129550
王自健脱口秀重出江湖，拉宏桑被整疯了！【UP！大明星】,1684,883045,//i1.hdslb.com/bfs/archive/4501f01c4819fad5a6a492309a3e4f14906d4885.jpg,95694066,BV1mE411V7QR,1584005971,2020/3/12,17:39:31,18:27,15602,13800,34861,1453,67347
第一次来大公司，原来这里的人是这样上班的,635,221327,//i0.hdslb.com/bfs/archive/8f422990a500820a2d4743c5c856f7ea06503634.jpg,95186822,BV1zE411N7rV,1583845173,2020/3/10,20:59:33,06:16,1807,988,1869,537,12487
学生党模仿7种口音的英语（日式英语和俄罗斯口音真是太洗脑了）,3366,1662029,//i2.hdslb.com/bfs/archive/a65928cec90c30e95d0a8fe40f5e70a1620dcc29.jpg,94356161,BV1dE411p7HS,1583577012,2020/3/7,18:30:12,09:08,21559,39546,96105,13486,195568
此钉一出，非死即伤（我真的不想上网课了！！）,2917,925857,//i2.hdslb.com/bfs/archive/9fc9f06af61310bddec165a1adc137e950341a05.jpg,92400517,BV1oE411n7W1,1582894051,2020/2/28,20:47:31,06:28,10079,15251,47143,5692,121721
第一次看见老妈喝醉了，画风开始变得不太正常.......,1271,876263,//i2.hdslb.com/bfs/archive/7c99cc74774ea9497f4ce52db434e99d1029212c.jpg,92101872,BV1D7411P7oe,1582803350,2020/2/27,19:35:50,07:43,6467,2548,5700,543,42157
钢铁直女第一次穿粉嫩嫩的小裙子，少女心爆棚,2096,623642,//i2.hdslb.com/bfs/archive/747e4181f3a20dbe8b85a3f59b0452aa91d0bc31.jpg,89915949,BV1n7411L7zv,1582025461,2020/2/18,19:31:1,08:50,18075,4748,19264,1752,73199
虐   狗   现   场？,2818,1288087,//i0.hdslb.com/bfs/archive/f03b35a381334da9acf38eb19d4a8d68a974d676.jpg,88858047,BV1s7411G7ps,1581675910,2020/2/14,18:25:10,07:30,21578,13414,52868,9490,184679
【魔性演奏】妈妈说如果我再弹琴就把我赶出家门,2123,724527,//i2.hdslb.com/bfs/archive/5b88dc893f55d35c9f94f43562660df53c278a6c.jpg,87737407,BV137411b7Hz,1581244231,2020/2/9,18:30:31,09:54,7452,14255,56207,2111,123211
网上翻到自己八年前的黑历史，极度羞耻！,1936,1354803,//i0.hdslb.com/bfs/archive/022986ccb622d73010f68a8ab9228ed07eafe22a.jpg,86842037,BV1P7411H7sp,1580901047,2020/2/5,19:10:47,05:17,9826,8128,27283,1039,157258
原来人太无聊时，真的会疯掉啊！！（过年疑惑行为观察）,3095,1401311,//i1.hdslb.com/bfs/archive/91eab1711e63dd3104efe6f02a5a755c91621f2f.jpg,86073151,BV1c7411x7TQ,1580552448,2020/2/1,18:20:48,05:00,5868,9227,24762,5207,117278
今年过年，和以往有什么不同,3019,966441,//i0.hdslb.com/bfs/archive/5edb02a7c4ee13406a13dc2bd27f990d4950f7e9.jpg,84817499,BV1G7411Y7AE,1579858212,2020/1/24,17:30:12,05:05,4867,11154,38244,3316,104029
游戏小白玩王者的心路历程,1724,447696,//i1.hdslb.com/bfs/archive/f33af0d9e21fc06a03448f0b6520dde407f7cf40.jpg,84672095,BV1o7411e7CG,1579777249,2020/1/23,19:0:49,06:45,7387,2102,4439,2472,38676
小松菜奈同款厌世妆，拥有此妆，气场强大十倍！,1384,684513,//i1.hdslb.com/bfs/archive/07fe678057dfd2459151bdc45c63a5d821bab708.jpg,83788604,BV1sJ411E7o7,1579257032,2020/1/17,18:30:32,08:10,7044,3873,13535,1712,57885
我从未见过如此沙雕的智商税产品，简直是我快乐的源泉,953,410573,//i0.hdslb.com/bfs/archive/9cb50bb260b44bb8f356a07a6293d32a2fa47a21.jpg,82959463,BV1wJ411p7xC,1578738653,2020/1/11,18:30:53,07:51,6150,2925,12217,1531,43575
b站陈奕迅仿妆，谁看谁流泪（顺便举办个人演唱会）,1249,528039,//i1.hdslb.com/bfs/archive/7c0086999d67f64799d3ffa8fc1c63d85c56c7d9.jpg,82015442,BV1GJ41177o3,1578133323,2020/1/4,18:22:3,07:48,4631,6561,30985,1443,60124
【家访】压力大时你会做什么,721,259909,//i1.hdslb.com/bfs/archive/f74a07d0fa9f844e6afde5af90797f8039078bea.jpg,81755103,BV1EJ41187GG,1577961044,2020/1/2,18:30:44,08:31,2109,1536,4381,415,22803
【社恐之歌】真实到哭泣，一个社恐绝望的日常,2438,633799,//i0.hdslb.com/bfs/archive/10c131a60766a535f64c1c4f46600b97737b1500.jpg,80969530,BV1JJ411e7ya,1577529909,2019/12/28,18:45:9,06:59,5521,15154,34342,3787,70352
【巴啦啦小魔仙】用儿童化妆品做魔性仿妆，沙雕看了都要流泪,579,221741,//i1.hdslb.com/bfs/archive/fed00460ea8e4f09088d16ce334afe57790132fc.jpg,79813436,BV1sJ411t7rL,1576755018,2019/12/19,19:30:18,06:43,1994,1227,3546,654,13206
作死！给父母做大学食堂黑暗料理会发生什么？（妈见打系列）,1353,346163,//i0.hdslb.com/bfs/archive/02e663b043175c68e4174b0478dc73155386c56d.jpg,79194185,BV1HJ411r7rh,1576319120,2019/12/14,18:25:20,08:19,4230,1992,8873,740,32167
当尬舞界沙雕跳Black Pink的舞蹈会是什么样子的？（魔性舞蹈系列）,1506,609724,//i0.hdslb.com/bfs/archive/bf3ecf6c4029c15caff8e5aa72059260a659ebca.jpg,78360070,BV15J411q7RJ,1575714027,2019/12/7,18:20:27,07:53,5351,4260,12477,1405,47408
百万粉UP主2019年竟然经历了这些……【2019年年终总结】,3155,2668205,//i0.hdslb.com/bfs/archive/f15085c19f9ff3a1a6f7a31e2004b4a25cef67fe.jpg,78135967,BV1ZJ411v77g,1575541099,2019/12/5,18:18:19,04:36,17437,21643,25282,4517,128637
不同学生党在上外教课时都有什么反应？,1067,581640,//i1.hdslb.com/bfs/archive/7bb905cfdb1842b597e462dacf5f531a418fbb69.jpg,77520653,BV1vJ411Q7iY,1575108909,2019/11/30,18:15:9,07:00,6145,4029,12605,1372,45746
贼拉讲究课堂：教你如何讲究的吃东西,915,354828,//i2.hdslb.com/bfs/archive/895c9131d83e7654a26ace49d71e4d4c5b058e65.jpg,77426926,BV1MJ411Q74D,1575023742,2019/11/29,18:35:42,06:09,2604,1896,5135,572,30387
【防抑郁必备】改编魔性神曲《coincidance》送给键盘侠和杠精们,4008,3263246,//i2.hdslb.com/bfs/archive/71db12f16ee6c2154737610c555c68f32b06f657.jpg,76694623,BV1xJ411d72m,1574504894,2019/11/23,18:28:14,03:54,7873,108088,283214,25308,365528
第一次穿国风洛丽塔，我妈竟然说我像女装大佬？？,3540,1392102,//i2.hdslb.com/bfs/archive/6dc0ef45eb4307d7ce48e6c1acab839a1cc83f0a.jpg,75045679,BV1jE411v7qb,1573294512,2019/11/9,18:15:12,08:07,13178,11807,38554,2893,108004
百万up主的身份被亲戚发现，会有啥事情发生？,3025,3601467,//i0.hdslb.com/bfs/archive/be46c2c0ae89bf8c2bedd5c8932744c9a83e9743.jpg,74248550,BV1HE411t7L3,1572689997,2019/11/2,18:19:57,09:37,13350,18897,36428,2276,190729
学生党的日常校园生活是什么样的 | 校园vlog,934,496775,//i2.hdslb.com/bfs/archive/9b882a0c5b8253471cd4395d11191441112e1a81.jpg,73585118,BV1cE411Y78U,1572155314,2019/10/27,13:48:34,05:23,5650,3050,11825,544,36844
当魔法师穿越到人类世界会发生什么？,1394,310326,//i1.hdslb.com/bfs/archive/44d23c28c09bf0de264b3f53c97510b1bc1771e0.jpg,73345677,BV1pE41117u9,1572002116,2019/10/25,19:15:16,04:47,4556,1367,3546,440,20363
学生党第一次戴橘色假发，化完妆成熟到父母都不认识了,1522,824500,//i1.hdslb.com/bfs/archive/617e0849ac3ad357b036b8d222077f4fe996c939.jpg,71710678,BV1pE411k7Wo,1571480105,2019/10/19,18:15:5,08:29,7484,4853,18637,1530,55613
挑战吃超辣螺蛳粉！吃完我差点哭了（怕辣的广东人瑟瑟发抖）,1097,430984,//i1.hdslb.com/bfs/archive/46af6ae465842f83acac25a30aefdf9c01dd6e55.jpg,71505763,BV1cE411y7xE,1571310000,2019/10/17,19:0:0,05:40,2629,1080,3540,359,23093
国庆假期第一天，出门送礼物（学生党的假期vlog）,1019,278916,//i1.hdslb.com/bfs/archive/13725c833120489b15f1e2e1c0c38343c0e9e331.jpg,69754587,BV1ZE411D7db,1570012208,2019/10/2,18:30:8,05:37,2134,4321,28065,360,36171
如何增强自信心？聊一聊以前因自卑受欺负的经历（分享变自信的方法）,2534,769395,//i2.hdslb.com/bfs/archive/30e8e3d022232d367d8cf4fcea17397dd67fdaf6.jpg,69243116,BV1dE41197gt,1569665420,2019/9/28,18:10:20,08:10,7342,16529,36078,1830,69257
网上竟然可以买到这种服务！测试男女朋友忠诚度？我也忍不住去体验了一下,2203,956284,//i2.hdslb.com/bfs/archive/549ad26dde550292f75ad48b4324d498742ee24d.jpg,67543134,BV1cJ411N7QH,1568367007,2019/9/13,17:30:7,06:29,12272,9204,22866,12948,74836
运动大法好，跟我一起动起来吧！,607,293601,//i2.hdslb.com/bfs/archive/2ae79ae04ba9bf42eab5d3a325fee1251ad52eca.jpg,66915473,BV1S4411k7oG,1567854047,2019/9/7,19:0:47,04:34,1585,886,2668,242,18337
化个欧美妆出门，回头率爆表！差点被当成外国人！（欧美妆2.0升级版）,1733,784294,//i0.hdslb.com/bfs/archive/21c1b80e962a3fcf60ced41fc2b93bd6af6f155e.jpg,66796931,BV1R4411y7eE,1567767012,2019/9/6,18:50:12,07:13,6175,2426,6907,1656,37402
广东人第一次去重庆，被这里的食物辣到哭泣,1458,659989,//i0.hdslb.com/bfs/archive/7807c4f158cd6bc60a4809a11feb7f06f6b8137a.jpg,65961268,BV124411q7qX,1567139125,2019/8/30,12:25:25,05:02,4184,1698,4008,539,33429
低成本翻拍黄晓明老师MV闹太套（沙雕版闹太套）,3130,1749391,//i0.hdslb.com/bfs/archive/9c2fd3143e798b15998d4625dadaa64ed16957de.jpg,64970410,BV134411R7S8,1566557409,2019/8/23,18:50:9,04:14,11290,27875,73866,13635,146219
学生党好物分享，争取做街上最亮的崽！,1284,570568,//i0.hdslb.com/bfs/archive/7ef73f96a0cc5ae518d262007ce64805e30bac4c.jpg,64709354,BV1e4411d7Qk,1566385839,2019/8/21,19:10:39,07:09,5877,4967,14751,692,44052
卑微up主参加BW，第一天去就被保安大哥拦在外面（爆炸头在线哭泣）,1473,771554,//i0.hdslb.com/bfs/archive/0c636d5d6e39af7012c4976adfb91bf840edee1c.jpg,64097640,BV1o4411Z7CJ,1566036943,2019/8/17,18:15:43,06:25,7395,4216,16138,607,56601
学生党瞒着父母花700元电了一个爆炸头，父母知道后竟然......,6553,1689015,//i2.hdslb.com/bfs/archive/fb2c8e22535888b17abad51f96ffeea240040340.jpg,63017775,BV144411X7vF,1565437621,2019/8/10,19:47:1,06:52,24775,11677,51719,11968,118667
颓废大学生如何充实暑假生活？做兼职，学才艺？（少看手机，提升自我）,3599,990192,//i2.hdslb.com/bfs/archive/2faf6ad538bc09d1ec80cd6fbca033c32609bab3.jpg,61876495,BV1Pt411u7RC,1564745207,2019/8/2,19:26:47,07:33,11346,14230,24135,2321,68908
（粉丝安排的一天）向陌生人推荐自己b站账号，当众发宣传单，场面一度尴尬,1709,432860,//i1.hdslb.com/bfs/archive/f6b9e9d747653f7c70ac66154fc2f8d1e756b2fc.jpg,61239780,BV1ft411w7uD,1564398040,2019/7/29,19:0:40,07:46,6002,7495,38170,567,51492
离开了20年的老房子是什么感觉？和我一起改造新家吧！,1886,934537,//i2.hdslb.com/bfs/archive/2b7d257131cc9a14d504cb890f95459f9bbc4130.jpg,60552605,BV1Lt411E7jg,1563966322,2019/7/24,19:5:22,04:54,5007,4608,18062,259,54855
食物从天而降？全亚洲只有四家的失重餐厅是什么亚子？,4100,1219813,//i1.hdslb.com/bfs/archive/a52d00eb309ab10d0e0c7a88b5cee6e7eeb80d81.jpg,60103706,BV1mt411E7jk,1563703240,2019/7/21,18:0:40,09:34,19178,6915,22609,865,56702
《Bad Guy》沙雕翻拍《Fat Guy》MV，送给正在减肥的自己,9210,6823068,//i0.hdslb.com/bfs/archive/5447acbb16f85196144e6240579a7d455ffedeba.jpg,58972836,BV1ht411L72V,1563013820,2019/7/13,18:30:20,02:41,13751,268935,496078,71371,625898
广东人第一次来东北差点被打，竟是因为东北亲戚太热情？,2751,964455,//i1.hdslb.com/bfs/archive/39a3ad1e534ad606e90bee094481db16b4196a7c.jpg,58855253,BV1Pt411L7fG,1562909179,2019/7/12,13:26:19,03:30,3492,6042,24768,2035,51471
城市少女第一次来农村不适应，到了第三天她竟然......？（睡炕|蹲茅坑初体验）,3576,1195168,//i1.hdslb.com/bfs/archive/0f6e979fea7e4e506e8b1c8f22c8a7b87565a0f4.jpg,58062187,BV1r4411c7WE,1562409022,2019/7/6,18:30:22,10:29,11795,6580,21954,1963,53293
女生如何改造自己做个精致的小仙女！日常好物分享（拉美桑为何比拉宏桑好看？）,1081,821274,//i1.hdslb.com/bfs/archive/d0a2e4ce7152365b28b79994d0d019a94a825c42.jpg,57686829,BV1i4411w7DF,1562153616,2019/7/3,19:33:36,04:44,2359,3484,5143,432,26458
香港生活高消费，吃饭每月就要3800？穷学生教你如何省钱，每月只花700元吃饭,1588,550043,//i1.hdslb.com/bfs/archive/bb94b39d0c51674271e52ea76cbb3b04292efe5b.jpg,56424835,BV1s4411u7MY,1561198518,2019/6/22,18:15:18,07:38,3405,1550,3140,381,16073
挑战一天不许笑，笑一次吃一颗柠檬（吃柠檬吃到怀疑人生）up主差点被酸shi了|这是一个日常vlog|,1406,380419,//i2.hdslb.com/bfs/archive/9bb3a0716631558fc342e0aab2782d2733c97212.jpg,55652803,BV1k4411V7Tp,1560594339,2019/6/15,18:25:39,11:24,4276,1606,6092,515,18590
收快递一次收了100多个产品是什么感觉？！！,1206,362531,//i1.hdslb.com/bfs/archive/dcf3376441ae43d417d45568493055e6e1207944.jpg,54231287,BV1a4411p7zq,1559385001,2019/6/1,18:30:1,09:14,727,1371,2368,189,13942
练胆挑战，连续坐十次过山车是什么感觉（内含坐过山车视角）香港日常vlog,1442,395424,//i1.hdslb.com/bfs/archive/65d9f38bbfa9d743158e1cdab55b96fd037a5036.jpg,53519103,BV1L4411s7zG,1558778402,2019/5/25,18:0:2,05:53,4297,1887,5396,931,19370
人均1000和人均50的早茶有什么区别 ？一份炒米粉就要300元！学生党第一次尝试米其林三星餐厅，感觉打开了新世界的大门,1181,494824,//i0.hdslb.com/bfs/archive/87250136d16afae0989bb6dac17199f20af3ecb6.jpg,52720398,BV1E4411771V,1558090854,2019/5/17,19:0:54,10:18,3899,2611,9500,809,24529
独居少女一秒变巨婴！女生一个人住VS和父母一起住，学生党第一次独自生活是什么感觉？,1220,568163,//i0.hdslb.com/bfs/archive/2641aac3f70f41b4869f968d56a9ae71d96186ea.jpg,52129424,BV1P4411e7Mi,1557564002,2019/5/11,16:40:2,06:34,4229,2534,6511,788,23743
父母不在家 我都干了什么？学生党第一次跳广场舞，提前步入老年生活,4860,282868,//i0.hdslb.com/bfs/archive/5674feed5059e073993a8d5c89981a688604b79e.jpg,51443172,BV1o4411v7wa,1556971808,2019/5/4,20:10:8,07:57,5369,3452,10818,1032,17668
某大学生穿上高中校服偷偷溜进高三某班，会发生什么？（差点被班主任赶出去）,8619,3744417,//i2.hdslb.com/bfs/archive/347f519a84a13e44d5530b9acd98134ab67c137d.jpg,51026081,BV1v4411t7h5,1556705136,2019/5/1,18:5:36,08:57,27733,33345,67674,6378,152779
上街卖唱，可以赚到多少钱？,3645,817252,//i1.hdslb.com/bfs/archive/8713b4b45b8da1470fa7d6da7952042ca786ec78.jpg,50632336,BV1L4411b7R2,1556364057,2019/4/27,19:20:57,09:52,12719,8550,42597,2238,58379
自己鬼畜我自己是什么感觉,764,475215,//i0.hdslb.com/bfs/archive/d411bccff990628d130870f9c809cd6091ea22a1.jpg,49896101,BV1Kb411V7Zm,1555754734,2019/4/20,18:5:34,00:52,530,2427,4383,374,20152
蹦迪必备|零基础也可以跳！学生党在线教程，学会了你就是舞场最亮的那颗星！,1502,529120,//i2.hdslb.com/bfs/archive/962717d7371b5009a916a96be0d8a9b61e310d12.jpg,49160060,BV1Ub411K7bA,1555149657,2019/4/13,18:0:57,05:51,3491,5291,11191,3102,25179
艺考生四个月没学习，如何在几个月将英语提到130分？|经验分享|唠嗑向|,2391,715905,//i0.hdslb.com/bfs/archive/d8a0fbd9784435bfaae5cf3d6fd66ea07a38b857.jpg,48460875,BV1Mb411376v,1554545142,2019/4/6,18:5:42,07:27,5204,9971,5826,1226,23874
M豆竟然还可以这样吃？五种吃M豆的方法，你值得拥有！,604,285114,//i2.hdslb.com/bfs/archive/b9fef1a37ae28fd1e8f0d85f364a022c5266aff1.jpg,48084453,BV1Ub411p7kr,1554201798,2019/4/2,18:43:18,10:51,2036,1923,2659,239,17364
学生党穿着汉服走在香港繁华地带，路人会有什么反应？（被搭讪？）,2005,816387,//i1.hdslb.com/bfs/archive/84505342a95ded8ac767bb741ccaae22753d930c.jpg,47729430,BV18b411W72U,1553940311,2019/3/30,18:5:11,07:11,4781,3907,9272,1158,30298
超适合学生党，新手小白的菜鸟妆！十分钟搞定，化完整个人感觉都不一样了呢！,1027,442284,//i0.hdslb.com/bfs/archive/30e16b456e3207d7ac66ad6222775a3aa1f0b18b.jpg,46430203,BV1ab411J7Rg,1552733448,2019/3/16,18:50:48,07:59,2542,3683,4823,1460,17844
邋遢少女如何变成精致的猪猪女孩,1123,491889,//i0.hdslb.com/bfs/archive/1434f5eeb04e916d9c616ade3f0cf85042ef72a5.jpg,45540591,BV1bb411q77g,1551886059,2019/3/6,23:27:39,09:43,3905,2499,4794,832,16327
学生版鸽子：上学的痛苦，学生党听了都要流泪（搞笑区up主乱入音乐区）,1458,455313,//i0.hdslb.com/bfs/archive/e1ce24b16ccf507a0d1ba1b4c0dd1a7537261814.jpg,45097729,BV1Pb411B7ZE,1551521108,2019/3/2,18:5:8,02:23,1365,9396,14870,2519,31333
香港人挑战普通话绕口令VS东北人挑战广东话绕口令（到底谁的语言能力更强？）,939,314976,//i2.hdslb.com/bfs/archive/15cd0a3437e1db42f841fd88f3354d761d871399.jpg,44453156,BV1Xb411h7d6,1550916049,2019/2/23,18:0:49,10:00,2760,1410,3929,980,12680
某学生党跟拍情侣约会，拍完之后整个人都不好了（单身狗慎点，小心遭受暴击）情人节时的香港街头是啥样的？,1307,553246,//i2.hdslb.com/bfs/archive/5ac2d9237836f90f304563007b0556c1f8545a34.jpg,43734757,BV1wb411m74v,1550311501,2019/2/16,18:5:1,05:34,3457,2478,7693,1353,21118
贫穷学生党第一次在专柜买化妆品，被价格震惊到说不出话！,1830,929204,//i0.hdslb.com/bfs/archive/5471b8dbae59d9e9ee90a710998e3d909a56e9ff.jpg,42429633,BV1cb411C7Tj,1549105519,2019/2/2,19:5:19,06:43,3303,2933,4241,562,18377
当母亲对抖音疯狂着迷时，女儿的生活会变成什么样？（内容过于真实，引起不适）,2394,468279,//i0.hdslb.com/bfs/archive/99b4d1c438e84bb45c47abef1acf7a54c9270925.jpg,41744479,BV1Bt41147o4,1548499226,2019/1/26,18:40:26,04:55,5430,4128,13161,2689,25273
期末考试最害怕遇见的8件事！内容过于真实，学生党瑟瑟发抖,2640,368654,//i2.hdslb.com/bfs/archive/1d0513681879a02debee6be97f184bd29f1bf683.jpg,41111979,BV1bt411a76v,1547896016,2019/1/19,19:6:56,05:28,5994,3845,7221,1646,17880
[拉宏桑]我的寒假是什么样的（日常vlog）,5120,599369,//i1.hdslb.com/bfs/archive/01f861f044a451b546a60e797b51210313229d79.jpg,40631707,BV1qt411W7Hz,1547374848,2019/1/13,18:20:48,07:36,3208,2992,7154,517,16280
试吃香港平价小吃，妈妈再也不用担心我没钱吃饭啦！（撑shi在香港第一期）,657,298865,//i2.hdslb.com/bfs/archive/81547cc5d9843b4a04dbf8c7d5221bf3bbbdb741.jpg,40538522,BV1nt411W7Vo,1547287550,2019/1/12,18:5:50,07:34,1976,1209,2400,318,8693
吐槽！各类神奇的艺考生和老师在考场上是怎么样的？（传媒篇）,1167,373383,//i1.hdslb.com/bfs/archive/37d48996ee460111626442c2568b1065871e44f3.jpg,39952556,BV1kt411x71i,1546682443,2019/1/5,18:0:43,06:02,2773,2952,5352,1021,15453
【清迈vlog】骑摩托，丛林飞跃，骗父母自己在泰国纹身了,609,177650,//i0.hdslb.com/bfs/archive/e4cd80abac5b66f996c0b1afc958d7844ead5613.jpg,39285468,BV1dt411r7B8,1546076099,2018/12/29,17:34:59,07:03,1229,674,2558,223,7301
[拉宏桑]钢铁直女第一次穿上洛丽塔后，场面一度失去控制！（警告！视频内容可能会引起不适，谨慎观看）,1772,495093,//i1.hdslb.com/bfs/archive/aa51fa59ccfaa9926319a7c0baeb59e9ae861783.jpg,38697380,BV1ht411Y7oe,1545473402,2018/12/22,18:10:2,05:46,4409,3378,12527,2169,23140
双十二前的忠告,553,126196,//i2.hdslb.com/bfs/archive/6d4a39d73277453b056932266aa87362a7f6ef0d.jpg,37936696,BV16t411q7So,1544522270,2018/12/11,17:57:50,01:08,287,524,2378,240,6403
What？双十一买25个馒头？发霉的粘豆包？快递小哥已经记住我了！,592,149989,//i2.hdslb.com/bfs/archive/a7390140f54cdbdbeb970b0236bffa4da41e3773.jpg,37346724,BV12t411D7hT,1543838995,2018/12/3,20:9:55,11:38,2570,535,2321,225,6179
可怕！一个搞笑区up主在音乐区投稿唱歌竟然是这副模样！（各种奇奇怪怪的歌曲）,1834,360438,//i0.hdslb.com/bfs/archive/a33730065e4035a7c4f9f1138fe2c011214a513b.jpg,37237418,BV1st411D7vN,1543727577,2018/12/2,13:12:57,08:49,4344,6785,21341,1357,25860
采访！拉黑、拉美、拉黄桑。,808,191609,//i0.hdslb.com/bfs/archive/4a6719026049a3aed93fbffb4643f114e5cf07f6.jpg,36657820,BV1et411y7t8,1543068738,2018/11/24,22:12:18,05:27,1187,1067,4794,319,9967
吐槽各种秀恩爱的方法，来自情侣们的暴击！（单身狗必看）,810,190567,//i2.hdslb.com/bfs/archive/cd303d9d0e8a0b9d641d9d4ecbf2b78be1dfd40d.jpg,35745518,BV1ot411m73t,1541930422,2018/11/11,18:0:22,06:00,1827,906,3929,611,8697
可怕！榴莲味花生豆竟然是这个味道（测评东南亚小零食）,486,68425,//i1.hdslb.com/bfs/archive/5fd4b91b744bed5548f0e1d3129242c0005409bf.jpg,35192961,BV1xb411w7zC,1541241325,2018/11/3,18:35:25,04:14,502,243,1624,161,4148
不会说广东话的人在香港生活是什么感受（吐槽向）,2005,620849,//i2.hdslb.com/bfs/archive/80d6cc751f59ace6ff6284b322482ef71cfbfbfb.jpg,34726421,BV1Lb411N7FC,1540641510,2018/10/27,19:58:30,04:31,2883,2589,7645,1598,18453
震惊！某学生竟然这样说英语，模仿六种口音的英语（外国人听了要生气系列）,3383,1313584,//i1.hdslb.com/bfs/archive/742354c526d670196a02423506082b8d15644958.jpg,33742354,BV1gb411F7zN,1539426916,2018/10/13,18:35:16,07:19,11947,35484,76132,13392,108754
[拉宏桑]开箱视频粗来了,1013,186203,//i2.hdslb.com/bfs/archive/2b662bd5a1a3cc5a92377470f2202a69c82a503f.jpg,33183151,BV1bW41127S1,1538820643,2018/10/6,18:10:43,11:30,2757,576,2092,191,6532
[拉宏桑]不同女生面对男神都会有什么反应？教你快速向喜欢的人表白！（单身狗必看，男女通用）,2544,437876,//i0.hdslb.com/bfs/archive/182203ce2c2081c71759963bd037999ca41a0ba1.jpg,32896451,BV1kW411m7xg,1538474703,2018/10/2,18:5:3,07:17,6818,3376,9259,1143,18907
【拉宏桑】化妆菜鸟挑战欧美妆，父母看到女儿后受到惊吓,1515,362966,//i2.hdslb.com/bfs/archive/567c94fbb041752808d8dad2e25518f099b0f51f.jpg,32156603,BV1pW411r7m1,1537610414,2018/9/22,18:0:14,13:05,7436,1521,4075,3060,10871
【拉美桑】如何在校园快速交朋友（中学生如何在新学期找朋友）,3456,327066,//i0.hdslb.com/bfs/archive/a98078d596c6edad4d5fabf8585a251bc5872078.jpg,31346070,BV1QW411d7bV,1536408910,2018/9/8,20:15:10,06:54,2040,2611,3496,595,10398
[拉宏桑]新学期开箱分享，学生党准备了什么东西迎接开学？,1826,380451,//i1.hdslb.com/bfs/archive/76c8d5cc13ae6a3de60c130274b54aac0c1efb17.jpg,30268642,BV1nW411D7gV,1535191851,2018/8/25,18:10:51,11:08,10159,1432,3693,626,10501
今天给大家介绍点b站上的东西,640,97408,//i2.hdslb.com/bfs/archive/2146b6a790103d2e77d29426aab2774291a00419.jpg,30184464,BV1KW411D7Gi,1535104812,2018/8/24,18:0:12,11:29,1878,238,903,148,4339
某up主为了讨粉丝欢心竟将自己变成男生！令人难以置信！,1978,256138,//i0.hdslb.com/bfs/archive/520f9efe009b164ee8e01bb459d42cae3cb6c7bb.jpg,29677845,BV1rW411X7Zp,1534589443,2018/8/18,18:50:43,15:36,7902,1782,8303,2152,13750
祖籍东北的广东人说的粤语竟然是这样！（让人窒息的口音）用广东话读评论,3521,647396,//i2.hdslb.com/bfs/archive/2ab3a7bab5e35c902d2f3f9b200fb0f7b24dd16a.jpg,29400257,BV1TW411R7Js,1534329314,2018/8/15,18:35:14,07:34,11116,4322,7516,5873,17841
第一次玩恐怖游戏，感觉很刺激,1159,166737,//i0.hdslb.com/bfs/archive/91c5aff582a2228920a1577f7ac64da14d2f19c5.jpg,29085675,BV1ts411u7gZ,1533976201,2018/8/11,16:30:1,12:15,4256,556,1702,273,6494
从初中到高中三年来我到底经历了什么，为什么越变越黄？（男生慎点）,3821,547859,//i0.hdslb.com/bfs/archive/2a3bab769aa9973282884f938acb0aad007d698a.jpg,28495912,BV1Ds41137h3,1533376823,2018/8/4,18:0:23,09:28,8011,3110,6335,1267,14032
五毛钱成本能拍出什么样的才艺表演节目,1783,398131,//i0.hdslb.com/bfs/archive/565b38c960cd9ee86fc9b1d52035067c39115d18.jpg,27915965,BV1bs411A7k9,1532773850,2018/7/28,18:30:50,10:43,7134,3497,12997,1389,17423
[拉宏桑]我开店啦,1161,254999,//i1.hdslb.com/bfs/archive/021d6991d6a55d8411615b15d9ce2051e1ca29f6.jpg,26994446,BV1Ls411n7ru,1531800631,2018/7/17,12:10:31,06:06,2471,420,1849,189,6534
[拉宏桑]放假父母总是骂孩子？教学生党如何安稳地度过暑假,1715,268328,//i2.hdslb.com/bfs/archive/9c9a6dd3f6ced50c91997028047662e0af2370c0.jpg,26829738,BV1xs411J7LL,1531562449,2018/7/14,18:0:49,07:08,5649,2033,9839,2120,11002
[拉宏桑]试吃网红零食（喝到桃子可乐时，忍不住呕吐了）,1239,285973,//i2.hdslb.com/bfs/archive/1bd84d7c1a670e3a3277ef408177c2a6cc700e58.jpg,26534937,BV1vs411n7dh,1531216819,2018/7/10,18:0:19,10:27,4186,1263,3986,411,7802
我为什么那么喜欢刷牙！,824,175195,//i0.hdslb.com/bfs/archive/8c32159c399de5a5856d20d5608cfb1d36770a0d.jpg,26348168,BV1bs411p7JB,1530960900,2018/7/7,18:55:0,11:10,2421,548,1816,228,4977
[拉宏桑]贫穷学生党如何低价改造自己（平价购物分享）,1666,397210,//i0.hdslb.com/bfs/archive/3cdb11162a86adae8fca05f3cc5d9f927b4c0ac6.jpg,25868032,BV1zs41157va,1530352836,2018/6/30,18:0:36,13:44,8973,2198,6161,867,9557
[拉宏桑]广东人第一次吃西安的美食，竟然说出这种话,757,123686,//i1.hdslb.com/bfs/archive/f2ccbf6b69663003283ddf715c64ef0cbdd76ef2.jpg,25668388,BV1Es411j7ba,1530093650,2018/6/27,18:0:50,04:52,1567,283,1003,269,3401
《拉宏桑》憔悴苦逼学生党简单几步自己变成软萌妹（蜜汁微笑）,1646,541093,//i1.hdslb.com/bfs/archive/35c8ad3efa83c13c26b9eb1cfbbf1de66827afdb.jpg,24824494,BV1BW411w7bk,1529143424,2018/6/16,18:3:44,16:27,7637,2802,8364,2251,13702
震惊！某高三学生参加完高考后竟变成这样，众人表示难以置信,3167,1333736,//i1.hdslb.com/bfs/archive/a01729a0c191ec65034e9fe915a52a42c6acaf6c.jpg,24594764,BV1uW411P7Ne,1528529949,2018/6/9,15:39:9,04:50,6409,5348,14636,3232,24448
[拉宏桑]为什么拉美桑对拉宏桑破口大骂？拉宏桑原来是这样的人,1449,195291,//i0.hdslb.com/bfs/archive/a949d6cd95c015caeb65243e364ff8a991a03107.jpg,22052257,BV17W411L7JF,1523698810,2018/4/14,17:40:10,13:44,3351,718,2864,463,4695
[拉宏桑]开学了，你还记得自己在课上干过啥吗？快速回忆校园时光,1541,247989,//i1.hdslb.com/bfs/archive/acec14c94fbcd35a2df7b5bc7df9d7c3bc079dc5.jpg,19826153,BV18W4117715,1519466459,2018/2/24,18:0:59,02:45,4279,922,2352,542,4878
[拉宏桑]第一次见雪的南方人是什么样子的,895,138078,//i2.hdslb.com/bfs/archive/513dcff7c605131fabf0536caf49ba21f966e184.jpg,19399223,BV1cW411E7ss,1518253850,2018/2/10,17:10:50,02:06,1301,422,1148,235,2880
[拉宏桑]离家1400公里来到陌生城市竟然只是为了干这个！,770,169675,//i1.hdslb.com/bfs/archive/7bf20d293b9fa12034fff0db8a556e0bb0c6a8e2.jpg,19356418,BV17W411n7vD,1518173755,2018/2/9,18:55:55,04:40,1325,617,1821,285,3365
[拉宏桑]吐槽不同类型的假闺蜜（教你如何应对心机朋友）,3119,445121,//i2.hdslb.com/bfs/archive/dd3619bf8028ea3f3d6b48e32cf866cd76230ea0.jpg,19056261,BV14W411H71K,1517650684,2018/2/3,17:38:4,07:02,9979,3323,5152,1387,10748
偷进校园采访学生和老师,1784,348702,//i0.hdslb.com/bfs/archive/73e71439cb28de4d2fd17ec7abd609299faee68f.jpg,18791644,BV16W411e7SJ,1517047205,2018/1/27,18:0:5,06:34,5290,1476,4163,888,5834
[拉宏桑]高中生冬天如何护肤，up主精分为你介绍平价好物,487,108414,//i2.hdslb.com/bfs/archive/ce146f38ece37c2fca1ec14330e5344ca5a7ccfb.jpg,18113849,BV1xW411i7Bn,1515664807,2018/1/11,18:0:7,07:40,1246,1037,1637,174,2304
[拉宏桑]日本美味零食试吃，吃了都会变成小仙女哦,556,126540,//i1.hdslb.com/bfs/archive/3c8448964fafdc950f3a5370e34af6a1f57fbeb4.jpg,18108803,BV1sW411i7rF,1515492015,2018/1/9,18:0:15,11:26,1561,650,1418,144,2431
[拉宏桑]高中女生竟然在学校模仿老师说话，老师看了要吐血！,1112,222161,//i1.hdslb.com/bfs/archive/002d8330efda0206c48716854e73d7931d262e29.jpg,17778123,BV1nW411b7cd,1514632172,2017/12/30,19:9:32,03:29,3526,1809,4278,1411,4822
[拉宏桑]女生生日寂寞无人陪伴，竟然疯狂吃辣条，不可思议！,3291,339727,//i1.hdslb.com/bfs/archive/ac9d22b9ad3e85ceef305df6d9fc0f5c61791b46.jpg,17500661,BV11W41187aF,1513939505,2017/12/22,18:45:5,09:14,12155,2064,11453,608,7854
[拉宏桑]试吃世界上最难吃的糖，吃完已经神志不清，满嘴胡话了！,1162,139820,//i0.hdslb.com/bfs/archive/2f2f33029e880d3e6c85f903eee7cc4864b4d5c4.jpg,17297906,BV1LW411a7v7,1513418459,2017/12/16,18:0:59,07:46,2870,1552,7715,736,3812
(拉宏桑)熬夜苦逼高中生为让自己变美一点，化妆方法竟如此奇葩,1064,277175,//i1.hdslb.com/bfs/archive/e3ee84772d2b278a96f909964c85638b5aaaa1a9.jpg,17071776,BV1PW411h7vW,1512813919,2017/12/9,18:5:19,17:23,4846,1388,3522,847,3607
[拉宏桑]第一次开箱视频，买了内裤什么的和大家分享一下嘿嘿嘿（蜜汁微笑）,826,180253,//i0.hdslb.com/bfs/archive/0c6becb49a01e1eab57c1b56a059455ea2d0ebd0.jpg,16635280,BV1Zx411V7xk,1511604957,2017/11/25,18:15:57,10:15,2310,750,2752,154,2503
[拉宏桑]]什么鬼，免费旅游竟然是一场不可描述的交易！,526,80527,//i0.hdslb.com/bfs/archive/d68cdc91bd09b625095aa387334f5d800bb34b5e.jpg,15957483,BV1ax411E7L5,1509703249,2017/11/3,18:0:49,10:06,1580,264,1064,169,1477
(拉宏桑)震惊！少女精分吐槽不同类型美妆up主,997,389255,//i0.hdslb.com/bfs/archive/31693ab93f4cc58f8d649f5f1d0051dc6e1b9831.jpg,15780794,BV1Bx41177HX,1509185127,2017/10/28,18:5:27,05:16,4429,2107,4433,646,7093
[拉宏桑]童年的4399小游戏竟然变得这么高级！我竟然都不会玩了,2089,416015,//i1.hdslb.com/bfs/archive/511c87eec5ec7fb1e53bfa0442911058796e62ca.jpg,15566270,BV1zx411M7WT,1508580324,2017/10/21,18:5:24,06:09,5759,1133,1958,206,2901
[拉宏桑]假期待在家里应该怎么过(嘿嘿嘿想干啥就干啥）,1199,145957,//i1.hdslb.com/bfs/archive/00f961b6e2a61c1768ee0a1b1d9fb8597ab5e016.jpg,15067441,BV17x41137aZ,1507109657,2017/10/4,17:34:17,04:06,4576,384,1848,200,1683
[拉宏桑]女生留长发的那些苦恼，你中枪了吗？,2400,265088,//i0.hdslb.com/bfs/archive/7b9b1e74e706f93022ac8ddbb2689010b0f556c3.jpg,14697846,BV1Kx411G7Ku,1506161409,2017/9/23,18:10:9,04:53,3976,1368,2827,888,2266
[拉宏桑]薯条竟然会说话！会说话的食物上选秀节目是啥感觉,1123,142635,//i0.hdslb.com/bfs/archive/57c49f6dc2dccdcfc9a7be266a81f922b991fc6c.jpg,14490528,BV1qx411s7Dc,1505557821,2017/9/16,18:30:21,07:26,1848,856,4024,431,1458
[拉宏桑]你在上学时一定会遇到的老师类型！没遇到你打我(￣ε(#￣) Σ,1684,147124,//i2.hdslb.com/bfs/archive/e7f74428ec06fda5ca5bb0e06d6fb418f9cfd975.jpg,14284824,BV1Nx41147Qt,1504952120,2017/9/9,18:15:20,08:30,12194,786,2698,756,987
[拉宏桑]高一开学必看，教你如何应对高中新生活！,2707,389397,//i0.hdslb.com/bfs/archive/4fecbe4a7cd35244e96cb450d7719c7ca5c43cbb.jpg,14124081,BV1Mx411b77F,1504411272,2017/9/3,12:1:12,07:08,10577,7389,4611,1525,7365
[拉宏桑]少女心爆棚的粉色螺蛳粉竟然这么辣！up主撑不住了,1079,131157,//i1.hdslb.com/bfs/archive/b4c29f96aa357d1d971344628b066aca8e78c578.jpg,13808408,BV1Gx411879X,1503742128,2017/8/26,18:8:48,05:47,2405,287,1512,249,541
[拉宏桑]高中初中新生军训必看，教你如何对付残酷的军训！,4577,307561,//i0.hdslb.com/bfs/archive/31f0039cc91c6a50595c67f892b7c009081f5010.jpg,13532912,BV1ax411J72H,1503137451,2017/8/19,18:10:51,08:09,11038,3865,3136,1711,4816
（拉宏桑）普通学生党不能成为学霸的五大原因！,2455,277062,//i1.hdslb.com/bfs/archive/c906610096f61e33bf86e1841cd9ce0d276761c4.jpg,13082347,BV12x411p77w,1502533831,2017/8/12,18:30:31,07:07,8192,5183,5712,1274,3840
[拉宏桑]暑假作业写不完，上街询问路人是否愿意帮忙写作业，结果竟然！！！,1609,296784,//i1.hdslb.com/bfs/archive/7164e524ffc47a17345653268bd000b5b551f24f.jpg,12751056,BV1mx411W7bJ,1501907446,2017/8/5,12:30:46,04:27,4039,1043,2069,342,1262
[拉宏桑]今天推荐几样日本零食,787,105393,//i0.hdslb.com/bfs/archive/6810e34f024c258e540488837c2300a7c774bb14.jpg,12600980,BV1Dx411p7Yy,1501051814,2017/7/26,14:50:14,06:50,3987,461,831,135,349
[拉宏桑]试吃火鸡面，变态辣豆皮和麻辣锅巴，up主可能菊花不保了,1112,229526,//i2.hdslb.com/bfs/archive/8dd99a79ea4cebdfe27304b3d3df42d704d26555.jpg,12267634,BV1xx411B7Z8,1500697739,2017/7/22,12:28:59,07:58,4061,573,3362,276,1921
[拉宏桑]一个高中生的书包里都有啥（唠嗑向）,1641,242356,//i1.hdslb.com/bfs/archive/318a51a5cdbb2b4a0a305766788620108fd887e9.jpg,12244855,BV1Mx411B7D4,1500183491,2017/7/16,13:38:11,08:55,8082,1032,2302,382,1485
[拉宏桑]学生们在考试时都有什么样的心理活动,1793,101365,//i1.hdslb.com/bfs/archive/76b26a7aebbf1a098c95bac1d1437c8485e38f8f.jpg,12031065,BV19x411z7Xq,1499578895,2017/7/9,13:41:35,09:23,6499,584,1823,419,569
[拉宏桑]高中生教你如何说美式英语和英式英语,1517,708608,//i2.hdslb.com/bfs/archive/87d05fc9f1c990a215cce4eac500181ca692d48c.jpg,11928594,BV1px411z7tJ,1499486415,2017/7/8,12:0:15,11:42,5925,11457,7794,1972,11854
"[拉宏桑]各位朋友们,这是一个抽奖视频哦",1014,66351,//i0.hdslb.com/bfs/archive/b3890cbfff1cce113e346ae12c4f7e3e23819a60.jpg,11920401,BV1gx411z77M,1499270259,2017/7/5,23:57:39,04:27,1264,130,1223,61,196
"[拉宏桑]到底该不该追星,追星一族有错吗?",2102,123424,//i0.hdslb.com/bfs/archive/52600e8bf9a613d9f1bb03de625644fb40442e07.jpg,11813797,BV1Bx411B7Mv,1498978884,2017/7/2,15:1:24,07:31,11174,530,1962,369,878
[拉宏桑]试吃凤梨酥蛋黄酥年糕片红糖烧饼,414,58316,//i2.hdslb.com/bfs/archive/7bacba402b8fba8b75ebc29ca441fb7d518cf7a0.jpg,11763466,BV1wx411r7jx,1498829618,2017/6/30,21:33:38,05:46,669,186,605,84,167
"(拉宏桑)教你画魔性猥琐的童年艺术妆,瞬间回到童年!",742,101109,//i1.hdslb.com/bfs/archive/1f26718da388873ac357c1f37ef034706c1403e0.jpg,11582143,BV1jx41167B4,1498284797,2017/6/24,14:13:17,10:36,3466,475,3096,623,628
[拉宏桑]当告白气球遇上好汉歌竟然!!!!,1082,189314,//i2.hdslb.com/bfs/archive/abc21315ba241c0787b6ad6f84f5afef8fbf8a7f.jpg,11405447,BV1Ex411h7e4,1497706911,2017/6/17,21:41:51,10:36,7902,1078,5854,930,1208
[拉宏桑]教你五步重返小学时代,905,114201,//i1.hdslb.com/bfs/archive/cd10815fc9b20b5cdaaf907998089569dc91d1ac.jpg,10997482,BV1sx411e7iy,1496322488,2017/6/1,21:8:8,06:20,4258,485,1598,433,578
[拉宏桑]来聊一下日漫与美漫的异同,1003,86917,//i0.hdslb.com/bfs/archive/ba2b357c2f6588176778d7cfa9b351e4e09f52fc.jpg,10921846,BV1Vx411e7uW,1496064142,2017/5/29,21:22:22,11:00,3243,397,1129,76,301
[拉宏桑]生活中必须知道的小技巧!,556,74161,//i1.hdslb.com/bfs/archive/9864a03520bdb1c017fcf2bcb86a5d323e7e5059.jpg,10867364,BV12x411Y7mU,1495895147,2017/5/27,22:25:47,02:58,904,280,1153,192,379
"[拉宏桑]不小心在公共场合放屁怎么办,?聊一聊生活中遇到的尴尬事情",1622,124585,//i2.hdslb.com/bfs/archive/7c469c588ad956a58efb782738c5037eb21a7bbd.jpg,10698680,BV1yx411v7sT,1495282104,2017/5/20,20:8:24,04:58,2783,489,2118,311,497
(拉宏桑)女儿竟然如此对待母亲!!,639,193928,//i1.hdslb.com/bfs/archive/b44daa2d78be03d9322a5ca51bc414d1c0aaf43f.jpg,10549479,BV1Ux411e79Y,1494734081,2017/5/14,11:54:41,04:22,1774,586,1345,303,454
"[拉宏桑]试吃绿得吓人的甜甜圈,芝士蛋糕等",600,94892,//i1.hdslb.com/bfs/archive/458f8276d32ba4107e36d8e3ad5f374f98706bc8.jpg,10441928,BV1kx411m7mi,1494421558,2017/5/10,21:5:58,06:41,1453,405,2655,205,233
"(拉宏桑)当女儿变成男生时,父母竟然如此反应!!",1636,487013,//i2.hdslb.com/bfs/archive/294c4e5d6450e3687766a927958f87c8268f72eb.jpg,10350876,BV1Lx411m74T,1494047936,2017/5/6,13:18:56,11:42,7641,2710,4449,980,2640
[拉宏桑]喷子为什么骂我!!!不同up主对喷子语言攻击的反应!,762,170223,//i2.hdslb.com/bfs/archive/f8dd09a52ebdf9710322aa48816ad63c8758f4c8.jpg,10157925,BV1dx411U7Nb,1493382357,2017/4/28,20:25:57,04:50,1991,1050,3368,381,2538
"[拉宏桑]震惊,一女子竟然跳尬舞",413,75822,//i2.hdslb.com/bfs/archive/ef43d3971dc398fb4755293f4724146485fca790.jpg,10016414,BV1Vx411U733,1492852289,2017/4/22,17:11:29,05:46,1726,685,1828,402,396
"[拉宏桑]我又来黑食玩了,如果你很喜欢食玩的话,请不要介意,每个人有每个人的看法嘛",332,56800,//i2.hdslb.com/bfs/archive/fe7eefcf9dec80c0ef7888a9843eb45b94bd14ff.jpg,9728541,BV14x411S7uP,1491740062,2017/4/9,20:14:22,17:03,1074,126,557,41,211
[拉宏桑]学生考砸了父母都会有啥反映！,808,143467,//i1.hdslb.com/bfs/archive/6f56aa6d2961b48bbe790c2ca5e953b64feeefc2.jpg,9553810,BV1Vx411Q7px,1491128891,2017/4/2,18:28:11,05:40,3773,850,4243,650,1426
"[拉宏桑]黑暗!,试吃咸到爆的茶泡饭",292,50656,//i1.hdslb.com/bfs/archive/49b16eaa23a9b400475df1f3e1a98b87c32ad20e.jpg,9489523,BV1Xx411D7Nv,1490873935,2017/3/30,19:38:55,06:21,676,106,588,28,172
[拉宏桑]震惊!减肥失败的原因原来是这些!,664,106329,//i1.hdslb.com/bfs/archive/5ec6320c6e4403c2dc662805ff9a80553fd1253d.jpg,9219416,BV1vx411r7fc,1489749566,2017/3/17,19:19:26,09:21,2623,596,4229,479,1206
"(拉宏桑)手残党如何画古风妆,我是来搞笑的",569,97980,//i1.hdslb.com/bfs/archive/efb6b5068d1e2f0550a6aa4887e1d0e0fb81d18f.jpg,8943500,BV1Cx411k7L7,1488545203,2017/3/3,20:46:43,15:40,2528,385,2622,302,593
[拉宏桑]来吃网红面包！最真实的评价,480,144917,//i2.hdslb.com/bfs/archive/965adc16c474afbb8aded5592092b589cf1fc704.jpg,8715831,BV1Vx411y7jS,1487512776,2017/2/19,21:59:36,14:53,1685,353,834,67,436
[拉宏桑]拿小拳拳捶你胸口多种版本，顺便给大家介绍个新朋友,552,69947,//i1.hdslb.com/bfs/archive/fb74f368e429946abc69d2eb2509d2803220f3f6.jpg,8531921,BV1Mx41127NS,1486727992,2017/2/10,19:59:52,01:59,527,200,894,107,268
（拉宏桑）开学了！不同学生怎么做作业，教你快速补完作业！,7405,630946,//i1.hdslb.com/bfs/archive/200dcd71e075fbfb6396e0883fbf5b968a31e66c.jpg,8414772,BV1px41117QJ,1486279151,2017/2/5,15:19:11,08:26,23288,6961,16275,2420,2092
[拉宏桑]拜访亲戚必看！如何对付不同的亲戚和熊孩子！,696,101721,//i2.hdslb.com/bfs/archive/f8a6cdc1028c3588262b9ac51ec01d3ee9a06a46.jpg,8271712,BV1js41187cf,1485606048,2017/1/28,20:20:48,08:34,3101,570,1667,263,525
[拉宏桑]]拜年视频+黑暗料理饺子视频，过年推荐大家包（蜜汁微笑）,186,37549,//i2.hdslb.com/bfs/archive/614111a0d3da5a359ab9266e6e36c4b726c258cf.jpg,8239045,BV1Ks411875E,1485437863,2017/1/26,21:37:43,13:47,989,75,555,40,232
[拉宏桑]来一起吃麻辣烫吧，虽然up主没吃完，让你们看看up主家大菜刀,495,226112,//i2.hdslb.com/bfs/archive/1abbfce2d7164aecdba887bf0371577d58a14071.jpg,8060451,BV1rs411h7uh,1484647329,2017/1/17,18:2:9,06:39,1725,366,1080,65,689
（拉宏桑）期末考试后让我们来采访一下学生和老师（蜜汁微笑）,2399,568433,//i1.hdslb.com/bfs/archive/e381f35fe122e8e18b2e536c3a8279757b1c5996.jpg,7992645,BV1Hs411h7gd,1484311784,2017/1/13,20:49:44,06:39,6548,4700,15356,1515,4155
（拉宏桑）来试吃东北美食，有绿豆糕，豆卷面，粘豆包，麻花，牛舌饼,222,52200,//i2.hdslb.com/bfs/archive/207ce8068c2e579f0d07234c204478aa727edcdd.jpg,7880572,BV1ds41187p3,1483702850,2017/1/6,19:40:50,12:10,1865,119,380,43,247
（拉宏桑）过跨年怎么过,140,42778,//i1.hdslb.com/bfs/archive/50978c80d6c713a5ca451ac71d7ad9db9ea69ece.jpg,7783843,BV1Zs411a7dP,1483179522,2016/12/31,18:18:42,07:39,785,91,637,34,380
（拉宏桑）我们来吃辣条！！！童年的回忆啊,519,120720,//i2.hdslb.com/bfs/archive/73ac98a62d21bf1298fef9cac52e58262e923ad7.jpg,7570091,BV1ys411e7vM,1481973674,2016/12/17,19:21:14,15:01,4711,439,2218,217,648
（拉宏桑）考试后，学霸和学渣的不同反应,690,234402,//i2.hdslb.com/bfs/archive/74fde5017b0f95ae21f048b617c936c87fd4b87d.jpg,7158704,BV1Ys411W7hT,1479526869,2016/11/19,11:41:9,04:35,2814,1017,1081,373,1434
（拉宏桑）减肥时吃啥零食，推荐想减肥的小伙伴,92,54247,//i2.hdslb.com/bfs/archive/c5354a387e192a9252da419054ad8a7b8eb9bdfa.jpg,6966542,BV1Ps411x7Z2,1478321810,2016/11/5,12:56:50,08:39,640,335,314,45,307
（拉宏桑）up主试吃食玩已中毒，在医院休养中,114,64154,//i2.hdslb.com/bfs/archive/f78cae8a4136a96541585e9ad53450fe74f9b151.jpg,6781367,BV1Ss41147EM,1477135742,2016/10/22,19:29:2,08:26,428,139,318,52,388
（拉宏桑）日式妆.....我是来搞笑的,463,170914,//i2.hdslb.com/bfs/archive/b0c833c58fe03ed0f1b09b021ed0605a62c9391e.jpg,6564834,BV1Xs411x7zu,1475738716,2016/10/6,15:25:16,12:36,2892,612,1175,344,985
（拉宏桑）我的第一次是怎么样的（别污好吗）,299,546814,//i0.hdslb.com/bfs/archive/49ba10eeaf1aecedac8952b5f53f64ff7e32a8e9.jpg,6416228,BV1zs411t7jL,1474803562,2016/9/25,19:39:22,03:52,1868,1802,1485,342,3925
（拉宏桑）吃巨无霸五仁月饼，还有山楂口味的冰皮月饼，黑暗料理啊,225,77256,//i2.hdslb.com/bfs/archive/cfcc07dbe7a76cbaa42ecad4d917db32b9fedcb1.jpg,6236427,BV1Js411r75Z,1473566619,2016/9/11,12:3:39,05:38,987,144,248,39,430
（拉宏桑）来吃辣条之类的垃圾食品吧,198,106039,//i0.hdslb.com/bfs/archive/5ed182bebbe9e2d92fed800f99228ff1c108112b.jpg,6136249,BV1Ss41167ib,1472873945,2016/9/3,11:39:5,05:44,775,209,450,69,1245
（拉宏桑）speak now纯属唱着玩,350,107244,//i0.hdslb.com/bfs/archive/05e837cbea4c9f58c22a077e947c4fa0d92ead8b.jpg,6073155,BV1bs41167rF,1472474794,2016/8/29,20:46:34,03:58,480,1404,2601,319,2794
（拉宏桑）你害羞吗？(=・ω・=),417,297515,//i2.hdslb.com/bfs/archive/2ca4dac94cc4fb4db743a413fd33a30219f305ba.jpg,5939423,BV18s411k7RK,1471784298,2016/8/21,20:58:18,02:43,2894,1194,2005,329,2976
（拉宏桑）几十年后的网红是什么样呢（迷之微笑）,247,220306,//i0.hdslb.com/bfs/archive/c400e20f27775fc2cdf4c78c9134dcdbcd7eb4b5.jpg,5893312,BV1Ps411k7zT,1471566269,2016/8/19,8:24:29,04:26,867,581,1819,260,2977
（拉宏桑）新手妆,229,141853,//i0.hdslb.com/bfs/archive/fdaf592e5acaefa8cd9e4a1076250633a34efa77.jpg,5834570,BV1Zs411r7Gf,1471263069,2016/8/15,20:11:9,08:51,1559,293,1060,284,1143
（拉宏桑）唠一唠不同类型的学生,113,90498,//i2.hdslb.com/bfs/archive/41fdbcad155b4be009b2b566f9e795a5cac8d0a5.jpg,5790929,BV1Ys411r7GE,1471046031,2016/8/13,7:53:51,03:16,1677,289,495,149,984
教你钓妹子，单身必看,146,77321,//i1.hdslb.com/bfs/archive/2be6a88c35f43b17ce32ce8bd21772bd5f56144f.jpg,5733093,BV1os411C7b4,1470742302,2016/8/9,19:31:42,04:19,653,231,664,145,1117
日常，教你怎么夸别人,118,81660,//i2.hdslb.com/bfs/archive/357ce481db21651b6a6cad3aa8dc493ed3d46038.jpg,5724063,BV1Rs411C7xp,1470711517,2016/8/9,10:58:37,02:47,231,163,357,48,992
欢迎收看第三届才艺大赛内附唱歌，跳舞，假唱（蜜汁微笑）日常发疯,243,112919,//i2.hdslb.com/bfs/archive/1350846c1c1acbb5b5fe390d53d083bfa7d151a2.jpg,5633882,BV14s411C7z2,1470229364,2016/8/3,21:2:44,06:15,910,516,1221,162,1914
我们班的同学就是酱紫,177,144542,//i0.hdslb.com/bfs/archive/e0810ae970c3105d47120884e56b189016587fe6.jpg,5630773,BV1xs411C7gp,1470218431,2016/8/3,18:0:31,02:08,1483,500,1340,303,1700
童年（小学，幼儿园）那些事   日常,263,137833,//i0.hdslb.com/bfs/archive/2062e16eb8cf5e27716d1a82f504d732d11fe5f4.jpg,5559195,BV1Ns411C7wM,1469838492,2016/7/30,8:28:12,03:48,1429,449,1048,217,2851
颓,964,354945,//i1.hdslb.com/bfs/archive/6c490beed1536e6fdf9801ef300fa2c588172e0f.jpg,5352207,BV1Ds411y7ZM,1468630421,2016/7/16,8:53:41,03:32,2454,605,1457,357,5764
