﻿title,comment,play,pic,aid,bvid,created,date,time,length,video_review,favorite,coin,share,like
真心话大冒险02,2541,898517,//i1.hdslb.com/bfs/archive/7f9a48803c378ecb68a5c0bb9ac8c74c5138f14d.jpg,668415428,BV1ta4y1v7ny,1591956008,2020/6/12,18:0:8,10:34,16333,9811,22208,1279,106749
热水澡,5537,2484949,//i0.hdslb.com/bfs/archive/62c597821db50c8fa6df4454a97aff7980678c11.jpg,668456246,BV18a4y1v7Da,1591329656,2020/6/5,12:0:56,03:12,17540,68213,141878,7936,307137
真心话大冒险,4951,1125374,//i0.hdslb.com/bfs/archive/3a35bc7a5b728a020128431e7c758a8563ba6ee8.jpg,625851435,BV1Rt4y1C7yh,1590809385,2020/5/30,11:29:45,09:41,29052,11514,27913,1423,134688
我强行逼着妹妹一起土味翻唱。。。,5564,1718146,//i1.hdslb.com/bfs/archive/e5f99d46680f3ac992eb375fc63a4ea25f61ca8a.jpg,710796067,BV1cQ4y1P7CS,1590578697,2020/5/27,19:24:57,04:42,81821,26287,54431,3625,187210
裂开,5789,1347513,//i0.hdslb.com/bfs/archive/8fbdf581637a1ad99fc566550bee19eeb6d3ed7d.jpg,925871187,BV1bT4y1g7Rd,1590141605,2020/5/22,18:0:5,10:05,90425,14114,34621,7905,187898
再也不敢在b站搜自己了。。,4093,1612435,//i1.hdslb.com/bfs/archive/25aca5e132e838495f2f3046d42f12550b072b85.jpg,795626214,BV1WC4y1H7UJ,1589626849,2020/5/16,19:0:49,08:24,29704,15623,28919,3109,201657
如果罗志祥的金曲是RAP,5770,1726884,//i2.hdslb.com/bfs/archive/296712ad1b15ab1528c168ad9b6e9baf4e1e029e.jpg,200617091,BV1tz411q7b9,1589023808,2020/5/9,19:30:8,03:20,11481,56146,114850,9716,231089
一年前的我【小食坛记04】,3856,1200598,//i0.hdslb.com/bfs/archive/938abcdd14ed244bf7a51ac39b25a10630e3d635.jpg,285379346,BV1bf4y1S7Jt,1587816266,2020/4/25,20:4:26,04:29,9997,10626,22701,1806,120593
一口价值三万元的水【小食坛记03】,4071,997607,//i0.hdslb.com/bfs/archive/edef7fbed2ebfe0af5ce26e1244e94ffd87ff408.jpg,625301858,BV1Et4y127RW,1587119449,2020/4/17,18:30:49,11:16,29485,17074,60290,1856,152145
监督各国人民戴口罩【国际接轨03】,25334,1028934,//i0.hdslb.com/bfs/archive/e5adfa988a6e6b91db154c58097d1d23269f451c.jpg,967723428,BV1yp4y1C7VD,1586318721,2020/4/8,12:5:21,22:16,54525,20026,70236,3729,196603
就连吴亦凡都说我是个超级大美女,6968,1510054,//i0.hdslb.com/bfs/archive/ce47760913fb1d9f5d9fbd141aca43be408baa97.jpg,98117343,BV1AE411w71S,1584775344,2020/3/21,15:22:24,11:05,151113,19547,55960,6005,243439
2020年互联网最大骗局【小食坛记02】,4169,1444972,//i2.hdslb.com/bfs/archive/d0e69239767bbed58abd99898f80852f65882f0f.jpg,94446333,BV1TE411g7Bs,1583579684,2020/3/7,19:14:44,06:49,14509,13696,38638,2462,247980
20000元一斤的燕窝【小食坛记01】,3315,989382,//i0.hdslb.com/bfs/archive/2c78728dcc4815207b454c0f5946b768c629d2b3.jpg,92798533,BV17E411n77Y,1583037680,2020/3/1,12:41:20,07:49,14115,12840,45822,1357,206012
我，老坛胡说，实名diss中国BOY超级大猩猩,9548,5257970,//i0.hdslb.com/bfs/archive/40e024d05172e3d3419074b0e8947f726de2a7b6.jpg,92177270,BV147411N7F2,1582807322,2020/2/27,20:42:2,12:14,158017,99038,249525,15953,506279
性感主播，手把手教你写作业（24小时在线）,3279,1332925,//i1.hdslb.com/bfs/archive/d9c91e7bcea4f49152d925d39a33345c152d461f.jpg,91047051,BV1tj411f7zF,1582431772,2020/2/23,12:22:52,12:25,31848,15130,42270,2322,236240
公开在一起九年的女朋友，希望可以今年领证,10681,3176834,//i1.hdslb.com/bfs/archive/878398acf4e647706b69f31f598db93cee66c19d.jpg,89330314,BV1s7411n7AJ,1581826521,2020/2/16,12:15:21,07:12,124827,16175,42862,7171,233483
（求过审）你们给我寄这些东西是合法的吗？,5029,3164848,//i2.hdslb.com/bfs/archive/122665e45e5d9cb52517ffb4d3e402b689641200.jpg,88685636,BV1r741137RR,1581654344,2020/2/14,12:25:44,12:33,94680,28010,70783,2357,396370
实锤！揭开老坛胡说丑恶的真面目,13670,1706967,//i0.hdslb.com/bfs/archive/0430a549762c2c1afa5b7b6a71d0970391122ffd.jpg,86241579,BV1R7411x7wj,1580616403,2020/2/2,12:6:43,09:01,20877,14044,51573,1220,193741
烛 光 晚 餐,1708,1027277,//i0.hdslb.com/bfs/archive/e312d0f5289b00f69bf964996da80ffc98c2521f.jpg,83930468,BV1r7411i7CJ,1579320954,2020/1/18,12:15:54,07:12,7191,8061,28772,976,123461
输了就直接剃光头！不要害怕挑战02,1752,1749557,//i0.hdslb.com/bfs/archive/83020081efe4a0ec5198357c785f08f31a9afa2b.jpg,82001285,BV17J41177E5,1578116341,2020/1/4,13:39:1,07:03,9906,9535,22754,2950,137967
我给王嘉尔做了顿饭吃！！（杭州的）,3069,1805124,//i2.hdslb.com/bfs/archive/f9be8420e9a6fa6d0274b41e1022d7e2db50d480.jpg,81122964,BV14J411a7zA,1577613049,2019/12/29,17:50:49,06:50,14491,11216,39622,1294,121712
跟 五 个 美 女 共 舞,3844,1572090,//i1.hdslb.com/bfs/archive/7d28ab7edb258ef0dbab3f24f4c386c920e9dea7.jpg,80017632,BV12J411x7xB,1576893642,2019/12/21,10:0:42,10:40,20560,26584,82398,5142,161940
用柴火烧出来的饭菜真的好香，根本停不下来,2347,971332,//i0.hdslb.com/bfs/archive/ac7307db854270dfb4c2d08612b618098c5c078e.jpg,78322868,BV1AJ411q72c,1575714629,2019/12/7,18:30:29,08:25,10076,11152,44279,803,86253
住价值6888元一晚的超豪华酒店，真的值吗？,1708,1291408,//i1.hdslb.com/bfs/archive/c7b8de087dd79e8a5b90ec136bfa1201b4a3907d.jpg,78041651,BV1gJ411B73g,1575454965,2019/12/4,18:22:45,08:25,11697,6964,31046,1430,85776
两个胆小鬼玩恐怖游戏，差点一拳把电脑屏幕锤烂,1414,799540,//i2.hdslb.com/bfs/archive/1051663f9c598aac3bab04ee9ef6395e11aa6349.jpg,77599349,BV11J411B7LY,1575172821,2019/12/1,12:0:21,14:13,9898,6245,12772,1692,62712
如果我把中国BOY当猴子一样耍。。,2394,1308528,//i0.hdslb.com/bfs/archive/76c22cb8f39577fcbdd71143c9241e9aeeb5f9a5.jpg,76574982,BV1SJ411R7XW,1574415039,2019/11/22,17:30:39,08:04,13183,15783,39063,1964,102437
百万关注了,1918,817951,//i2.hdslb.com/bfs/archive/575b1ceb9bc7fad3fb266f658cdb0dfc88cab05c.jpg,74982425,BV1ZE411e7sC,1573214842,2019/11/8,20:7:22,10:31,17527,14499,52625,1710,89901
如果我们吃什么都不放调味,1981,863107,//i0.hdslb.com/bfs/archive/ad43cc535c2ef69fde93b9287f96bb0b30e89c92.jpg,74148922,BV18E41187rH,1572602593,2019/11/1,18:3:13,10:08,11776,5515,18298,821,57247
家里后山的竹林，长的太多了，砍它个一百根吧,1418,477540,//i0.hdslb.com/bfs/archive/a6c9ad30071e80bf017b0b97e4117ddf66de92c6.jpg,73447682,BV1tE411a7Ec,1572085389,2019/10/26,18:23:9,07:42,6687,3371,12410,515,43186
我选择离家出走，远离喧嚣，拥抱大自然,2429,753142,//i0.hdslb.com/bfs/archive/17b161473b3c0734f26b62541a8f220646f8b4ac.jpg,71819859,BV12E411k7UK,1571544029,2019/10/20,12:0:29,10:37,12515,11579,81264,1114,118124
半夜跟全球各地的美女聊天【国际接轨02】,3612,1421450,//i1.hdslb.com/bfs/archive/801c94f508324fa07bc6e055b91a16d6d293946d.jpg,70123579,BV1pE411D74b,1570269634,2019/10/5,18:0:34,07:53,16772,18591,59595,6453,159585
半夜肚子好饿，爬起来弄个凉面吃吃，一起发胖,2378,845271,//i2.hdslb.com/bfs/archive/45848cc3f5ed58bc8f877274d7aa1b249672ebb2.jpg,69655173,BV1uE411979E,1569929722,2019/10/1,19:35:22,08:39,41121,8714,28547,1280,71920
我给黑粉们写了一首歌,2406,838197,//i0.hdslb.com/bfs/archive/6bbb5caf4d0d8d04d754270e97de47088d3e19da.jpg,69394708,BV1aE411R7i8,1569758404,2019/9/29,20:0:4,07:05,8965,13074,44042,1457,90875
半夜肚子好饿，爬起来弄个水煮牛肉吃吃，一起发胖,3168,1697179,//i1.hdslb.com/bfs/archive/2830fabf715f09d8125f72629b25866061d7e517.jpg,69048291,BV1nJ411T7Rh,1569491764,2019/9/26,17:56:4,06:27,17568,21795,67531,2773,129413
用工地英语跟外国美女尬聊【国际接轨01】,3991,1418987,//i0.hdslb.com/bfs/archive/215fd20a9f42f565448317ede2e606c539cb1585.jpg,68853773,BV1AJ411u7zd,1569320290,2019/9/24,18:18:10,11:20,21137,22027,61007,5944,140289
气死我了！现在的黄牛怎么可以如此嚣张跋扈！,2218,724765,//i1.hdslb.com/bfs/archive/11b65dc32ebdd684dcd2b66b68ac8fd568fa7a09.jpg,68503388,BV11J411u7ZL,1569059534,2019/9/21,17:52:14,10:28,27002,4931,13618,949,52468
在网吧逼小姐姐玩恐怖游戏是一种什么体验？,1450,671575,//i1.hdslb.com/bfs/archive/99c59344b068949b5d0566a85a77dcc6dca8b630.jpg,67722346,BV1AJ411A7Cx,1568451446,2019/9/14,16:57:26,12:25,5503,4363,14777,637,63191
逼着小姐姐一起看搞笑视频,2075,1604225,//i0.hdslb.com/bfs/archive/e932457e38f803e1c0bf9d3e6148d1df14b20768.jpg,66781403,BV1Q4411y7Cb,1567762220,2019/9/6,17:30:20,08:22,14033,10788,29110,1308,142838
对不起，是我们欺骗了大家，希望大家能原谅我,2722,1203185,//i2.hdslb.com/bfs/archive/52f44b590c32e46b0a8e9828ab543d7748e8d544.jpg,66283366,BV1h4411m7Ta,1567327677,2019/9/1,16:47:57,07:43,23773,8771,29862,665,85584
变形兄弟大结局，尔虞我诈到此结束！,6262,2338114,//i1.hdslb.com/bfs/archive/3c2d37a06b17cb63bb936e6e325be8d0fc9ab8ae.jpg,66153491,BV1S441127JE,1567244912,2019/8/31,17:48:32,22:56,100493,51568,157059,5439,189587
小翔哥喝世界上最难喝的水，喝一口直接喷出来，你敢挑战吗？,6528,3246349,//i0.hdslb.com/bfs/archive/28fb5dfa576ae72d8b4c6ff892426bf2cbc21918.jpg,65317574,BV1w441167Vy,1566729795,2019/8/25,18:43:15,26:11,60410,25602,69987,3257,138160
小翔哥第1次玩游戏，没想到智商爆表，爆捶变形兄弟,8071,3473457,//i0.hdslb.com/bfs/archive/2e8f3524c44de3ed7d44f5ca498b4233a8261c26.jpg,65030427,BV1N4411r7Ng,1566559030,2019/8/23,19:17:10,27:58,94619,29875,77129,4774,173788
住5000元一晚的酒店是什么体验？真的值吗？,3706,1273374,//i0.hdslb.com/bfs/archive/c01607c87b2009baf1ead77aac4de0628cf9ef80.jpg,64596632,BV1M4411d7R7,1566300398,2019/8/20,19:26:38,10:12,17330,19515,85002,1705,196325
徐大虾表白中国boy！,10744,3496540,//i2.hdslb.com/bfs/archive/f7e7615344d9662007e929c6b36a84715741c2ab.jpg,64283044,BV1N4411o7wa,1566123732,2019/8/18,18:22:12,36:14,124399,51657,135182,9097,203119
1000万粉丝UP主们互相整蛊！！中国boy掌控全场！！,9708,4060982,//i1.hdslb.com/bfs/archive/39219c9cc323cbc29d3fc79fda96c3c8c0ca47d9.jpg,63923749,BV1D4411U7fZ,1565946052,2019/8/16,17:0:52,34:42,90693,38183,89342,8582,175956
给百万粉丝的UP主做饭是一种什么体验？,2288,1079938,//i0.hdslb.com/bfs/archive/4bcb54a77378f5924c522c85b2f70cf9825782a3.jpg,63109889,BV1y4411X7Fd,1565441035,2019/8/10,20:43:55,11:35,14742,9192,20654,1487,66886
对不起！我们退出变形兄弟了,5789,2730295,//i1.hdslb.com/bfs/archive/60732d2b39290779ed6cf67c2a018b001503cc51.jpg,62064622,BV1At411g7nc,1564839610,2019/8/3,21:40:10,43:10,60212,18551,44535,3177,114010
花5000元去澳洲剪个头发是一种什么体验？,6249,1135880,//i1.hdslb.com/bfs/archive/b871a8522290e7881c8a05f8e1ec7bd1cce96afc.jpg,61883686,BV1ot411M7dH,1564738563,2019/8/2,17:36:3,13:27,24041,13430,50555,1630,153967
尴尬！游戏输了 三角泳裤街头走秀,2989,1616390,//i2.hdslb.com/bfs/archive/6151a12f0378dafe0bdd5ef85196405fb68236e6.jpg,61008389,BV1tt411P7T1,1564228553,2019/7/27,19:55:53,36:36,31025,22202,94201,1725,115250
秒杀力元君和在下哲别，挑战1小时内写一首歌！,3421,1159366,//i2.hdslb.com/bfs/archive/61f4c19019c7208c8724f6c5a077f3f532b07ed0.jpg,60701984,BV1bt411j7xD,1564042403,2019/7/25,16:13:23,09:26,19700,15133,42083,2117,76618
给B站一哥洗脚是一种什么体验？,1785,1620153,//i0.hdslb.com/bfs/archive/0051827acfc5c1b9bf43395433cc4cf25dbf1c89.jpg,59990385,BV11t411n78s,1563615617,2019/7/20,17:40:17,30:38,23997,9627,23097,1675,59793
【莽吧！变形兄弟】6位up主如何在5天时间内感情破裂,5003,3086871,//i1.hdslb.com/bfs/archive/1c20f161dfa1b2f6a318b12ef080880178fd2347.png,59645690,BV1Pt41137EH,1563440408,2019/7/18,17:0:8,01:52,11668,17344,34690,5015,122717
碧梨如果听到我的翻唱，可能会进耳科医院。。,2364,1151528,//i1.hdslb.com/bfs/archive/5db3d398696e2d1508eb716e3876eb16f32b934b.jpg,58963367,BV1zt411L7EM,1562990457,2019/7/13,12:0:57,16:41,20894,16041,40285,2371,88886
找萌妹子教我跳恋爱循环是一种什么体验？,4775,1262498,//i0.hdslb.com/bfs/archive/b7a9103c0109623d6455660de21e81b8e4543598.jpg,58069030,BV194411c7SN,1562399723,2019/7/6,15:55:23,12:05,25101,16214,44680,3158,100174
变形兄弟情侣读评论，差点大打出手,2416,1970665,//i2.hdslb.com/bfs/archive/16bdf484001e7c45f2063e1b88fbd215234a2510.jpg,57032447,BV1Yx411d7CY,1561800929,2019/6/29,17:35:29,07:37,27682,10579,27028,761,96980
花1000块叫滴滴的豪华车是一种什么体验？,3892,2172132,//i2.hdslb.com/bfs/archive/7061c7fc3e71639937c0a3ead9d84c6b0fa6a2f9.jpg,56375566,BV1J4411u7EV,1561176000,2019/6/22,12:0:0,10:02,14562,9778,40774,1290,128290
在周杰伦的网吧里叫美女陪玩是一种什么体验？,2091,2005456,//i2.hdslb.com/bfs/archive/8bd6d37648db8312c04bca257c0fbad4daba2cc7.jpg,55735111,BV1o4411V7Rd,1560657657,2019/6/16,12:0:57,10:04,13799,7130,15529,1558,57319
我抓了个路人给我随机修眉毛，结果竟然。。。【不要自闭挑战】,1163,625034,//i2.hdslb.com/bfs/archive/2fcdd00b513cf58c7608d75cdca862dce6d9c61d.jpg,55514265,BV1R4411P7mv,1560504609,2019/6/14,17:30:9,10:12,7054,3545,12976,525,37736
高考完去ktv敞开门泄愤，结果差点被酒保。。。,2330,699219,//i2.hdslb.com/bfs/archive/6f6ac684dcb346ff1f89bcd3f473150a856da8e8.jpg,54967517,BV1t4411T7kZ,1559994592,2019/6/8,19:49:52,14:06,14988,4399,15080,879,34106
我作死挑战极限，高空藏宝，吓的我差点。。。,1037,357843,//i1.hdslb.com/bfs/archive/bd3bfd1d3fe6f52efc5fadd5add0e96e9586a21d.jpg,54730813,BV1f4411M7MQ,1559818830,2019/6/6,19:0:30,11:33,4364,1454,4626,480,15536
1000元的女仆极致体验？！简直不要太开心,4371,2132078,//i2.hdslb.com/bfs/archive/27ee8796b885c8be969ab805a3b96e6224176625.jpg,54168697,BV134411p771,1559304891,2019/5/31,20:14:51,13:37,12421,9479,22806,1988,65844
去日本的豪华网吧探险，结果我却意外发现。。。,1151,719541,//i1.hdslb.com/bfs/archive/bbaf09f3be2dafd24bddef690ae5304c4092f5dd.jpg,53665568,BV1U4411s71T,1558870066,2019/5/26,19:27:46,10:07,7828,3294,11470,717,31361
我在日本，让理发师随机给我剪了个发。。。,2030,1275272,//i1.hdslb.com/bfs/archive/48a311d839c93dae75548ebf8b81bf8c179bf5d7.jpg,53442201,BV1q4411L7RZ,1558691462,2019/5/24,17:51:2,10:06,21725,5894,24885,812,77518
我今天要大声的告诉你们！我要当爸爸啦！,2368,1282588,//i0.hdslb.com/bfs/archive/2375d01bfa19e7299709e1b068d6e674a5ebb65a.jpg,52829752,BV1c4411E7g3,1558176329,2019/5/18,18:45:29,10:13,19218,11761,33746,6084,82611
高三弟弟被哥哥强迫穿女装，差点大打出手！,1257,690212,//i2.hdslb.com/bfs/archive/ce3667b9c48e8e988090b30edfe8093d111af428.jpg,52743406,BV1W441177zH,1558094353,2019/5/17,19:59:13,14:03,9079,4353,10084,756,34934
太羞耻了！我居然被六尺硬汉强迫穿吊带,1257,711417,//i1.hdslb.com/bfs/archive/493d7aed247f76d7b81bf76c0f42e8d94e5cdafc.jpg,52155454,BV1V4411e7gN,1557577609,2019/5/11,20:26:49,19:50,9205,4562,11596,999,33806
反目成仇！6名up主竟然互爆黑料！？【up主变形记05】,879,385910,//i2.hdslb.com/bfs/archive/1aef19aedb4a86d600253cc28128dfbc089c1084.jpg,51059168,BV114411t7Ea,1556705312,2019/5/1,18:8:32,12:46,4703,4031,7818,390,18665
天秀！6个up主居然在农村开音乐发布会？【up主变形记04】,1150,389574,//i2.hdslb.com/bfs/archive/85ab477167f5082d5c7dcd214bd63bc2d9aca912.jpg,50719464,BV1a4411b7x2,1556425488,2019/4/28,12:24:48,09:46,3531,5269,12265,433,22732
惊心！意外发现农村环境被严重污染【up主变形记03】,1187,402739,//i1.hdslb.com/bfs/archive/16db4fce541971c8e465b2ac01351baa12216419.jpg,50562211,BV1v4411h7dq,1556290304,2019/4/26,22:51:44,08:42,3699,4982,13752,614,26524
比吴亦凡大碗宽面还大的丸子，一口吃下去直接上瘾,847,397473,//i2.hdslb.com/bfs/archive/58982d9682c3fb5e9d0e7eb0653e368afeacc951.jpg,50266731,BV1hb411G7jZ,1556101814,2019/4/24,18:30:14,07:57,3136,1653,4919,462,15536
偷偷出去吃面，哥哥们生气翻脸了【up主变形记02】,847,680640,//i0.hdslb.com/bfs/archive/460a444fd5392d812cc95c9d9f65b44018467e70.jpg,49981355,BV1Cb411V7zq,1555819235,2019/4/21,12:0:35,21:02,6904,3975,6026,492,20159
初见：B站6大恶人在上海聚首【up主变形记01】,558,530504,//i0.hdslb.com/bfs/archive/ef52c0bde7f00fd2a4183b388e27019cc1e96653.jpg,49791182,BV1jb411L7UW,1555669521,2019/4/19,18:25:21,08:55,2965,4259,5130,652,18929
【up主变形记】看6位叛逆Up主如何在农村改造，重新做人！,4340,2864466,//i2.hdslb.com/bfs/archive/c3f48c6f2bdd73aade6f8440e38f547451af3816.jpg,49548358,BV1gb41157q8,1555493426,2019/4/17,17:30:26,02:29,7247,30799,56800,5457,119472
随机挑战！就连内裤都交由上苍来决定！,555,358603,//i1.hdslb.com/bfs/archive/62e9d82ce41babb57ba0650e51cab98d19ae3032.jpg,47767879,BV1Cb411W7Wz,1553941361,2019/3/30,18:22:41,08:36,3698,1872,5154,480,12942
半夜失眠睡不着，爬起来弄个“柠檬鸡”吃吃,505,156729,//i2.hdslb.com/bfs/archive/a8ca69162f6f9c72ce82166dd76a22a0826e3268.jpg,46989385,BV1Gb41177Qz,1553253918,2019/3/22,19:25:18,09:31,1979,1504,5068,526,9415
在国外最受欢迎的“中国菜”竟然是它！？？,713,175200,//i0.hdslb.com/bfs/archive/4ce9ed3cd7e36b92c8a465f24e053d771c353950.jpg,45684854,BV1rb411v7hD,1552040521,2019/3/8,18:22:1,09:29,1836,1057,3187,488,6963
半夜弄了个酸辣粉吃吃，又酸又辣，太爽了,559,315262,//i2.hdslb.com/bfs/archive/6cdb62a3d4289929faadf6939722ec28335ee500.jpg,45411919,BV1mb411i79b,1551785443,2019/3/5,19:30:43,09:48,2511,2516,10726,749,24735
厨房小白养成，今天挑战自己在家做凉皮！,216,71173,//i2.hdslb.com/bfs/archive/ad26308e276191eb42fa3e1f71c4670aaf75f145.jpg,45237336,BV1qb411B7PA,1551600322,2019/3/3,16:5:22,07:14,988,446,1425,376,3434
凌晨五点睡不着弄一碗重庆小面吃吃，辣的飞起,208,83165,//i1.hdslb.com/bfs/archive/fc126a81985ad81834b4962bee84bef2186c4d8b.jpg,45001373,BV18b411b74m,1551439548,2019/3/1,19:25:48,05:14,382,417,1162,425,3530
失眠睡不着，爬起来弄一碗阳春面，回味无穷,328,48712,//i0.hdslb.com/bfs/archive/607f4f9ea71ab0e1a5d6e52f29af8a4335c7c4d6.jpg,44858705,BV1vb411t7yG,1551266905,2019/2/27,19:28:25,07:41,555,327,930,330,2071
半夜失眠睡不着，爬起来弄一个岐山臊子面吃吃,593,119163,//i0.hdslb.com/bfs/archive/d3259683474140b7560fdcd4384a3efe7e0783e7.jpg,44686657,BV1Wb411874Q,1551095939,2019/2/25,19:58:59,06:29,765,1029,1916,559,6147
凌晨两点爬起来，弄了一个凉粉吃吃，辣的好爽,377,151618,//i0.hdslb.com/bfs/archive/29117e7a3e147dd6be44fbd9f7927b1cdd9ce6aa.jpg,44488965,BV1Nb411a73n,1550923205,2019/2/23,20:0:5,09:23,3103,753,1351,404,4178
凌晨三点爬起来，弄一盆四川担担面吃一下,296,86869,//i1.hdslb.com/bfs/archive/3ec67c9ac31d6a470319cb51c43f0a4d0f55f09d.jpg,43864292,BV1cb41117kD,1550395766,2019/2/17,17:29:26,06:11,397,464,1120,411,2471
热干面居然还蛮好吃的嘛。。。,279,52749,//i0.hdslb.com/bfs/archive/222096bbf2fcec12f67d03f61d28e741f7a6cfe5.jpg,43767184,BV1Gb411m7TH,1550313564,2019/2/16,18:39:24,05:48,397,317,978,323,2174
厨房菜鸟做了一盆红烧狮子头，差点炸成石头,223,54519,//i1.hdslb.com/bfs/archive/9531fe3df96d71ba65b3e383faf5be1101b34a99.jpg,43666551,BV16b41127cm,1550231561,2019/2/15,19:52:41,08:21,449,325,1069,319,2503
跟着网友的评论吃饺子，差点吃中毒,230,52261,//i2.hdslb.com/bfs/archive/bdd50f0242c33360ba83866f767420d23cb4303c.jpg,43554740,BV1jb41127k8,1550149028,2019/2/14,20:57:8,13:03,925,326,1430,276,3063
厨房杀手做了一盆油泼面，差点把面揉成石头,366,87395,//i0.hdslb.com/bfs/archive/d9a25bd18156a87d8032d81bd6abbace8d38977a.jpg,43431200,BV1Jb411U7RR,1550053779,2019/2/13,18:29:39,10:23,681,372,953,354,2230
厨房新手挑战脆皮炸鲜奶，差点炸糊了一锅好油,358,117477,//i1.hdslb.com/bfs/archive/485ffb70a02efaecaa182cd2b1fc6e9455b16e23.jpg,43331463,BV1mb411m7fg,1549967847,2019/2/12,18:37:27,06:30,590,571,1165,347,4045
这才是最纯粹的美味，猪油拌面,499,97745,//i1.hdslb.com/bfs/archive/75939b3044158a9915f85537b0a821e8c496ab6f.jpg,43221254,BV1ob411S7ZD,1549874249,2019/2/11,16:37:29,07:47,468,421,807,366,2008
南方人第一次尝试过年吃饺子。。。,377,39424,//i1.hdslb.com/bfs/archive/8fe9dd4370ab0e00e8edbd8ed951df0747676a65.jpg,43143979,BV1Wb411S7L5,1549800848,2019/2/10,20:14:8,10:08,550,201,862,279,1895
年初五大半夜，弄了一个香喷喷的煲仔饭吃,333,93030,//i2.hdslb.com/bfs/archive/17540ce3a0da2a33e481f8e530f13421c8d79de6.jpg,43034529,BV1fb411U721,1549711842,2019/2/9,19:30:42,09:33,717,559,1102,391,3137
怎么会有人过年吃卤肉饭啊。。。。,323,58359,//i1.hdslb.com/bfs/archive/571dbc2b51e6fe7e9ba5e3f6adb96bd04429aeec.jpg,42956619,BV1Hb41167Hw,1549616658,2019/2/8,17:4:18,10:06,486,382,909,326,2003
馄饨就该像我这么吃，真的太好吃了。。。,421,195949,//i2.hdslb.com/bfs/archive/2831407e5e20bc462782bf8eba39e43e532b38af.jpg,42864403,BV1wb411678p,1549539002,2019/2/7,19:30:2,09:27,1363,1753,1641,637,5122
肥而不腻的红烧肉，搞的我白米饭一碗接一碗,279,76253,//i2.hdslb.com/bfs/archive/f44d7183232f3a239d728c46be8f84ac0972c7b6.jpg,42782128,BV14b411z7Ve,1549433471,2019/2/6,14:11:11,09:33,600,708,1076,466,3044
想不懂怎么会有人大年初一吃炸鸡的嘛。。。,358,99843,//i2.hdslb.com/bfs/archive/312dfc52bd867b07edc788c6283e8ff80a3f895d.jpg,42708349,BV1Rb411r7RS,1549366229,2019/2/5,19:30:29,07:31,553,777,1369,464,3275
我的年夜饭是泡面，你的是什么？,371,62490,//i2.hdslb.com/bfs/archive/452b8eacc9f92f5536d4319c228efc55df13ab4c.jpg,42610462,BV1sb411r7Q7,1549279840,2019/2/4,19:30:40,09:49,553,396,1224,337,3320
天冷了，跟米其林大厨学做螺蛳粉吃，暖暖身子,223,55164,//i2.hdslb.com/bfs/archive/f62fe9c5d5572d57d60ca2c5393dd0f006655d07.jpg,41759709,BV1Rt41147Hj,1548496559,2019/1/26,17:55:59,13:49,518,286,749,365,1804
大半夜跟王刚老师学做麻婆豆腐，差点失败,270,33133,//i2.hdslb.com/bfs/archive/8cc5d86749022e463067cce8cc9e0451900d20e5.jpg,41385077,BV1gt411h7Gm,1548156344,2019/1/22,19:25:44,17:10,651,222,683,289,1456
半夜睡不着，弄一个轻乳酪蛋糕吃，真的很爽,435,57652,//i1.hdslb.com/bfs/archive/6d20c6793e7a94fffb3f383ba80f843383646632.jpg,41216334,BV1Et41187zf,1547974036,2019/1/20,16:47:16,07:02,724,466,1359,319,3094
大半夜弄一盆糖醋排骨吃吃，既美味又不长胖,350,48302,//i2.hdslb.com/bfs/archive/1afec471ac9bfc5214e218735da044bdbb012aed.jpg,41049217,BV1Mt411a739,1547806125,2019/1/18,18:8:45,10:46,579,549,1962,352,3772
半夜弄毛巾卷+芒果班戟吃，满口奶油都不长胖,372,49892,//i0.hdslb.com/bfs/archive/fd56206b00a3929700a655a6b7c50833327d1e6f.jpg,40886849,BV1jt411p755,1547633826,2019/1/16,18:17:6,07:17,671,406,1122,327,2705
半夜烤了个茄子吃吃，没加地沟油照样香喷喷！,339,53756,//i2.hdslb.com/bfs/archive/18e9f446369bda0423fdc21f1743f1bf0ebb702a.jpg,40733880,BV1qt411H7qX,1547463052,2019/1/14,18:50:52,12:01,595,345,1072,301,2395
半夜弄了个青团吃吃，软糯甘甜，美味多汁,343,53632,//i2.hdslb.com/bfs/archive/b9857931a9174145a2a3782ef08c2efea1a50eee.jpg,40484384,BV1wt411W7WR,1547211161,2019/1/11,20:52:41,09:02,635,402,990,319,2150
大半夜做了一盆土豆烧牛肉，吃光敲盆叮当响,285,36125,//i0.hdslb.com/bfs/archive/8e19a24be75c02a3324b8ba2b10a62f566430415.jpg,39994535,BV1yt411x79j,1546688869,2019/1/5,19:47:49,07:30,349,345,1009,332,2172
就算是过期的鸡腿，照样吧唧吧唧地吃,347,34045,//i0.hdslb.com/bfs/archive/8a8da80cf8fb2ec63001e1c13dab16d16e09fb30.jpg,39887070,BV1pt411x75k,1546601458,2019/1/4,19:30:58,10:47,581,247,793,299,1575
半夜弄了一大盆麻辣拌，吭哧吭哧辣死我了,427,98462,//i1.hdslb.com/bfs/archive/906a6c159c9753740c42b731d9672fe692757802.jpg,39668958,BV18t411B7K8,1546348618,2019/1/1,21:16:58,08:01,545,481,1289,365,3020
大半夜弄砂锅麻辣烫吃，哧溜哧溜就吃完了,244,32411,//i0.hdslb.com/bfs/archive/6f008955060379cd7f65ba4b3b28e3f04fbf7e24.jpg,39564392,BV1St41167Rk,1546263876,2018/12/31,21:44:36,11:47,415,263,760,308,1655
大半夜弄了一盆凉面，呼噜呼噜吃的一干二净,456,337005,//i1.hdslb.com/bfs/archive/ab430cfc25d8d12a0afabf81ee143341a26c5b5a.jpg,39407587,BV1Dt411z7jn,1546155736,2018/12/30,15:42:16,09:32,1293,1427,1719,582,4615
半夜吃麻辣香锅配白米饭，一碗接一碗停不下来,324,58578,//i1.hdslb.com/bfs/archive/45c20c18fffbe894b9f6ff0a379ebeaa28094c9c.jpg,39309928,BV1Pt411k7F3,1546074168,2018/12/29,17:2:48,10:23,600,610,1424,363,3303
大半夜肚子饿吃完一大锅炒饭，吃饱睡觉,220,45340,//i2.hdslb.com/bfs/archive/30e1d487866b97e024010a1912e5d1b64e904556.jpg,39199936,BV1zt411r7H7,1545996629,2018/12/28,19:30:29,07:30,426,499,1059,333,2911
大晚上弄一盆拌面吃吃，吸溜吸溜吃完一大盆,230,50168,//i0.hdslb.com/bfs/archive/fee06aa0df4470e4d783e3801906dc31bf6f14b5.jpg,38847035,BV1pt411k7jj,1545560075,2018/12/23,18:14:35,07:30,357,332,700,327,1652
一人份A5级牛肉加指天椒爆炒，真香！,220,58758,//i2.hdslb.com/bfs/archive/7df64eac7dc6b601126dd7f6ec3d9d49e5c0f43a.jpg,38738847,BV1Rt411Y7FY,1545478215,2018/12/22,19:30:15,07:30,416,319,784,281,1635
一人份A5级牛肉涮火锅，真爽！,250,45276,//i1.hdslb.com/bfs/archive/b1650340b455b10964c706f56fee87f4b56accf1.jpg,38649582,BV1xt411Y7Se,1545391856,2018/12/21,19:30:56,08:16,525,259,835,230,1903
可乐鸡翅，百事vs可口,249,33845,//i1.hdslb.com/bfs/archive/26a98c55147b05d1d8621d7c53165d5c156155c1.jpg,38204881,BV1pt411i7Uq,1544873431,2018/12/15,19:30:31,06:51,422,322,876,200,1899
半夜肚子饿，弄个铁板豆腐吃吃,334,38120,//i1.hdslb.com/bfs/archive/1ddc6482200c6b80c3c30b7fbf9fb0407b3aab04.jpg,37346296,BV12t411D7oc,1543836977,2018/12/3,19:36:17,08:25,517,311,1074,207,2226
三更半夜肚子饿，来碗螺蛳粉，真的爽,464,192182,//i1.hdslb.com/bfs/archive/1b20f69adb0a353942a908824bd00e52f72ac19c.jpg,37097849,BV1pt411X7ZQ,1543582538,2018/11/30,20:55:38,07:31,985,643,1592,335,4919
"用薯条做""狼牙土豆""，比路边的还好吃",435,42928,//i0.hdslb.com/bfs/archive/e048303ab1c7ab0aa238e49e38e39f754f2bf055.jpg,36886363,BV1Ut41197iz,1543316476,2018/11/27,19:1:16,05:21,433,330,1026,117,2318
差点中毒！泡面居然还有这种吃法,328,81270,//i2.hdslb.com/bfs/archive/0523d81609a7c2b40d3baf924ba9e4bca4f3db08.jpg,36068775,BV1Rt41127tQ,1542352508,2018/11/16,15:15:8,04:01,560,464,1154,94,3556
FALL,450,41122,//i2.hdslb.com/bfs/archive/2ce4d2c7c878881588335a940bb10748e4a3cfe4.jpg,35199473,BV14b411w7Jq,1541232611,2018/11/3,16:10:11,03:21,188,1794,2491,233,3280
LOST,364,56803,//i0.hdslb.com/bfs/archive/368594d4e97da57dbc0fbd5e5fc917b467f7cb33.jpg,34634173,BV11b411P7jd,1540540765,2018/10/26,15:59:25,03:11,261,2287,2986,340,4125
老司机测试（你认得5分45秒这几个人吗？）,152,65886,//i0.hdslb.com/bfs/archive/b1126c8cd6bd9f6af2add276b35f016e02b4cb9e.jpg,34284024,BV12t411o7sW,1540090957,2018/10/21,11:2:37,06:11,1415,204,415,72,2054
你到底有多污？三分钟带你了解自己污的上限,333,95760,//i1.hdslb.com/bfs/archive/45876814e4777762000ac3c3af41203418e21ae8.jpg,34128979,BV1Ut411d7Ah,1539919813,2018/10/19,11:30:13,05:41,1270,273,582,95,3078
只有大脑开发了88%的人，才能想出答案,157,34478,//i2.hdslb.com/bfs/archive/4ab58c9df181ae220acba49d7a13ee0f1a6a9d3b.jpg,33816498,BV1Yb411F7qc,1539494121,2018/10/14,13:15:21,05:53,253,150,460,26,1481
看后一身冷汗！！五道犯罪心理学题目！！,209,46174,//i1.hdslb.com/bfs/archive/6e766679327e27efc1d58c091f18992ecb8e0dd4.jpg,33521380,BV1hW41117jW,1539134486,2018/10/10,9:21:26,05:42,864,247,476,92,1997
鸡皮疙瘩！三分钟测出你是不是反社会人格！,188,39405,//i1.hdslb.com/bfs/archive/cc66f0bbf598cbcf5eed0a7dd0b6a84e2546d8d6.jpg,33460461,BV1WW41117Cz,1539056704,2018/10/9,11:45:4,05:11,1211,193,457,37,1660
土味暴击！你能坚持看多久？尴尬一下往脸上夹一个夹子,564,164229,//i0.hdslb.com/bfs/archive/78eca57a8225d6b9745a40a5a9fd0742b9a82b1a.jpg,33328761,BV1rW411y7U9,1538889680,2018/10/7,13:21:20,08:16,2996,916,1736,752,6371
给我憋住！笑一下喝一口崂山蛇水！,284,68599,//i0.hdslb.com/bfs/archive/a7794dd1d713e3173121bbdac7dd9b6c5be9ff9f.jpg,33142112,BV14W41127sy,1538707118,2018/10/5,10:38:38,06:56,874,214,540,39,2354
刺激！笑一次就吃一口鲱鱼罐头,335,164401,//i2.hdslb.com/bfs/archive/cb9da9f36d388670877942649414d27c10ababb9.jpg,33054805,BV1DW41117JG,1538641804,2018/10/4,16:30:4,12:21,2072,435,779,72,4377
98%的人都挑战失败了，你也是其中之一,351,114128,//i2.hdslb.com/bfs/archive/cba1d2f07ed3980282536269d0bbae4bf21538b4.jpg,32974359,BV1jW411U7x4,1538540423,2018/10/3,12:20:23,07:44,1115,315,596,55,3407
胆小慎点！世界五大恐怖网站！,456,160482,//i1.hdslb.com/bfs/archive/121bd455474609bd7ad824f9fe84e44177d0724b.jpg,32729217,BV1aW411S7F5,1538269346,2018/9/30,9:2:26,06:34,1638,883,611,373,3069
地狱难度！这些童年游戏你能征服几个？,280,49332,//i0.hdslb.com/bfs/archive/57705c4658d98d05f8b11e59c97074cbc848062c.jpg,32634516,BV1AW411S74L,1538125678,2018/9/28,17:7:58,13:02,867,205,570,38,1750
生啃老干妈辣条冰，你敢吗？,996,214251,//i0.hdslb.com/bfs/archive/88d23e03c0ffc5f3afbaa4cb4799c16896f9be49.jpg,30762495,BV1LW411f7Xv,1535680264,2018/8/31,9:51:4,11:44,3247,1410,2142,419,6669
羞耻！偷偷看各路up主早期作品（内含女装福利）,496,157413,//i0.hdslb.com/bfs/archive/66c32ef190100f0c825370c223268686aca7b576.jpg,29678381,BV1kW411X7T9,1534576807,2018/8/18,15:20:7,06:31,2131,1016,3690,62,8776
吃播：齁甜！看广东人怎么diss本帮菜,646,98790,//i0.hdslb.com/bfs/archive/7311c35fbc70350fbd468b75c1b8cc411f76fdbb.jpg,29047514,BV14s411u7g2,1533992439,2018/8/11,21:0:39,20:21,1014,210,722,32,2192
用网上的夹娃娃教程后，我终于。。,536,166464,//i0.hdslb.com/bfs/archive/ed9a9f33c61f0987f2072c2fce61146398ed1d51.jpg,28471356,BV1Cs41137GL,1533358800,2018/8/4,13:0:0,06:31,1156,547,1265,81,4884
史上最强恶作剧,368,101256,//i2.hdslb.com/bfs/archive/830c833faaba37d6bfe7471f6aba26bcf88fb973.jpg,27873921,BV1js411A7DM,1532690051,2018/7/27,19:14:11,06:26,660,214,962,56,2679
男人的面基？来自广东老外的蛇宴壮阳邀请！,513,103649,//i0.hdslb.com/bfs/archive/4b55ac3ee251cafb64ef24d95df8b3066326b265.jpg,26432310,BV11s411p79N,1531057631,2018/7/8,21:47:11,06:01,855,216,1019,87,2477
惊呆！看完才知道，过桥米线这样吃不过瘾！,794,215877,//i1.hdslb.com/bfs/archive/bac581cf07f2b07955e295763c9be35eda978fef.jpg,25957416,BV1xs411G77R,1530448585,2018/7/1,20:36:25,05:21,846,291,1783,64,3416
不服不行！“满记”芒果班戟无敌手！,913,140622,//i1.hdslb.com/bfs/archive/66abe499c6d4455a5670f22f8efca4652f97a140.jpg,25529625,BV1vs411L7i9,1529849407,2018/6/24,22:10:7,07:29,1246,360,2129,144,3603
带班上同学第一次吃粽子（高级DIY定制）,934,166136,//i0.hdslb.com/bfs/archive/88b4ee51b3f765697e3aaaf261f3b6deca967cd4.jpg,25138466,BV1yW411c7Wa,1529305870,2018/6/18,15:11:10,08:01,1640,370,2138,57,4175
此生第一次吃榴莲的反应,860,135692,//i2.hdslb.com/bfs/archive/4f64e6fcedae202e847a45afd9a6f6ca064ed1a8.jpg,24729508,BV1uW411w7Q6,1528775302,2018/6/12,11:48:22,08:54,1859,260,1710,83,3394
山竹枇杷 VS 500元水果之王 ？,779,116873,//i0.hdslb.com/bfs/archive/287ee1ca252709225eb169fb16a85c005588bd27.jpg,24539167,BV1XW411A7Ug,1528434386,2018/6/8,13:6:26,07:16,888,237,2017,73,2974
100人民币购买力，在加拿大能吃什么汉堡？,657,108881,//i0.hdslb.com/bfs/archive/1b6c8954dadbfae5265d8fe2434b1bfb8dd16cba.jpg,24276589,BV13W411N7y9,1527928927,2018/6/2,16:42:7,04:56,498,197,1087,44,2209
做了点中国夜宵给班上同学尝尝,1387,303661,//i0.hdslb.com/bfs/archive/599749fea519289903654d1bdbe4adbf3fee515b.jpg,24097278,BV1sp411d7HX,1527577280,2018/5/29,15:1:20,12:06,2061,719,4030,201,7041
带同学挑战武汉鸭脖，然后竟被鸭头吓坏？,773,148052,//i0.hdslb.com/bfs/archive/da2429387cb8efb840af086c5740511d1bd64024.jpg,23898360,BV1pp411R7ck,1527219987,2018/5/25,11:46:27,05:14,854,268,1721,70,3224
流口水！带班上同学试吃之【锅包肉】酸甜酥嫩不得不服！,1245,496747,//i0.hdslb.com/bfs/archive/b776fa6e292dd84bf347d2c7da0963086d572a15.jpg,23581013,BV1Zp411Z7os,1526613265,2018/5/18,11:14:25,06:51,2127,1097,5471,294,8023
带同学下馆子，复联3的剧透都被吃出来了！？？,827,240492,//i0.hdslb.com/bfs/archive/a5c143b03c3b6220fe555c2b16f81f8cff0a4882.jpg,23323739,BV1JW411F7k4,1526100044,2018/5/12,12:40:44,05:14,712,436,2380,92,4008
在家弄蒸包给同学吃,1157,366986,//i2.hdslb.com/bfs/archive/45e825ead070cf84d6cfee5eb0aca07ba87356a5.jpg,23149939,BV1vp411f7eh,1525757596,2018/5/8,13:33:16,05:36,1453,505,1853,89,4166
带同学边吃螺蛳粉边学中文,1074,130388,//i0.hdslb.com/bfs/archive/e3f921f0b95394adc207bb4eb0bb751683bad883.jpg,23001462,BV1KW411G7e3,1525488640,2018/5/5,10:50:40,11:38,1601,274,1968,76,3043
美味！在家自制广东早茶,800,174112,//i2.hdslb.com/bfs/archive/df18efa5d7909123b4946defc690d3d962d0d352.jpg,22583174,BV1SW411G7WW,1524705770,2018/4/26,9:22:50,06:30,985,324,1929,76,3668
带班上同学吃舌尖上中国里的菜,1257,270034,//i0.hdslb.com/bfs/archive/0d374fba6e04cdf72cd503e569bafd950a7133d3.jpg,22329296,BV1GW41157Co,1524203799,2018/4/20,13:56:39,10:01,1430,484,2397,124,4696
带班上同学第一次试吃中国泡面，红烧牛肉，老坛酸菜，麻辣牛肉拌面。。。,1652,455604,//i1.hdslb.com/bfs/archive/c8958208de6e40d2b142eccfdadb07e67c9ef578.jpg,22024794,BV1nW411L7yy,1523597073,2018/4/13,13:24:33,08:11,2344,1049,2592,254,6956
带班上同学第一次吃中国家常菜，大盘鸡，咸水鸭，番茄炒蛋。。。,1236,763541,//i1.hdslb.com/bfs/archive/b8239e012c40dde87eab8c5d31c31e09272edf4a.jpg,21738691,BV18W411M7JK,1523019237,2018/4/6,20:53:57,09:34,3208,1800,3814,490,11324
带班上同学第一次吃老干妈，油条，皮蛋。。。,502,309215,//i2.hdslb.com/bfs/archive/50ff227c7e3a81f40db833e8a3623d52dfb61835.jpg,21513700,BV1gW411T7kN,1522593535,2018/4/1,22:38:55,11:21,2721,657,1932,190,5399
带班上同学看了一下舌尖上的中国,347,193419,//i0.hdslb.com/bfs/archive/b05e9d1e4b11c29519b1d00230c914442ce2cc10.jpg,21152550,BV1kW411g72T,1521874833,2018/3/24,15:0:33,07:54,786,367,1065,84,2824
带班上同学看抖音app,130,160099,//i1.hdslb.com/bfs/archive/f47271f7bb67b01a6a8f2f498fd6f2c964dd4162.jpg,20829355,BV1bW411p7jF,1521199843,2018/3/16,19:30:43,04:27,412,369,909,54,3575
带班上同学认识国内男明星part2,776,162490,//i1.hdslb.com/bfs/archive/f53a06bcef34e9073b8fb08d8b433f75c469d871.jpg,20653345,BV1xW411s7qh,1520781382,2018/3/11,23:16:22,08:10,4444,643,677,392,2310
班上同学第一次吃到汤圆,248,184565,//i0.hdslb.com/bfs/archive/618a7ae704f952c67e227ff1b47bbf28ba81585c.jpg,20316690,BV1sW411x7F7,1520075417,2018/3/3,19:10:17,04:03,509,265,676,25,2948
带班上同学认识一下我国当红明星,715,139957,//i2.hdslb.com/bfs/archive/e526b697a46dab48864dc61bbe6aa9eadcc058f8.jpg,19990843,BV1WW4114711,1519471812,2018/2/24,19:30:12,06:53,2600,531,610,246,2400
到底谁是情话王？围观老坛独门撩妹绝技,205,43962,//i2.hdslb.com/bfs/archive/407c212040e7b1ab8103dbc43eb515fd00f6ce4b.jpg,19690428,BV1zW411j7E3,1518867019,2018/2/17,19:30:19,03:54,334,214,613,32,1715
给班上同学试吃我的儿时零食,239,211647,//i1.hdslb.com/bfs/archive/f26a04b8c8502ad0d21b84371c81ef8736e27dfe.jpg,19454127,BV1KW411E7kE,1518352206,2018/2/11,20:30:6,12:54,1985,563,1571,124,4570
脸盲测试！一包泡椒凤爪引起的战争,133,87241,//i0.hdslb.com/bfs/archive/b3157fc7c3f7fa09fe0d3025c902f1004064c6a6.jpg,19167496,BV1JW411J7xH,1517813622,2018/2/5,14:53:42,05:59,754,179,630,49,1883
给班上同学试喝我的儿时饮品,369,211613,//i0.hdslb.com/bfs/archive/154ef5009290431197f95dec9203b4712cb7aa63.jpg,18914829,BV1XW411n7EK,1517293934,2018/1/30,14:32:14,11:50,2259,874,2131,210,5479
班上同学评价各路明星的英文水平,290,95394,//i1.hdslb.com/bfs/archive/409eda89dcbf6f5150e306d01d66781fa959deca.jpg,18789943,BV1rW411e7zs,1517033891,2018/1/27,14:18:11,06:17,1127,332,631,99,2189
用微信小游戏戏耍班上同学,188,97734,//i2.hdslb.com/bfs/archive/9e2c6f82126d0dccfb728aa797fd43c813ab7709.jpg,18719333,BV1nW411e75C,1516878280,2018/1/25,19:4:40,04:58,325,242,854,37,2445
让我这两个同学血脉喷张的中国女人竟然是她？！,268,247162,//i0.hdslb.com/bfs/archive/553687c146a4437d9d05538505ac4191408876ae.jpg,18590017,BV1nW411i7xZ,1516594499,2018/1/22,12:14:59,05:05,1199,553,771,85,3077
给加拿大同学看一下我们的嘻哈,688,243559,//i2.hdslb.com/bfs/archive/1116409ca943182a3d17f275927ad12c32742acf.jpg,18492434,BV1SW411v7DU,1516369901,2018/1/19,21:51:41,12:16,1372,692,1093,125,5585
