﻿title,comment,play,pic,aid,bvid,created,date,time,length,video_review,favorite,coin,share,like
4斤重的烤羊腿！没见过世面的姐姐直接抱着啃...,4966,3530941,//i1.hdslb.com/bfs/archive/160a0780c3d73cd74c9cb5f3eb5daf33f32a5e7d.jpg,243411201,BV1Pv41167FE,1591515137,2020/6/7,15:32:17,4:54,8462,41963,192620,10608,502844
为了还原$88一份的肠粉件，炸油条失败了无数遍，做粉皮全靠买课件...,4421,2988092,//i2.hdslb.com/bfs/archive/a294d33520dba34abebbb36ad6838c481ea2f890.jpg,753342906,BV1Gk4y1r7bk,1590844061,2020/5/30,21:07:41,6:18,13344,32093,146340,7735,273625
买2只鸡炖一锅汤，金黄浓郁直发光,4541,3863389,//i2.hdslb.com/bfs/archive/f3efdd0391bca03d9e6f87f67dfd4f703b56d39d.jpg,838366407,BV14g4y1i76z,1590206435,2020/5/23,12:00:35,5:10,15279,42478,230942,11862,356699
买一整只乳猪回家烤，烤到手腕酸得动不了,7004,5006578,//i1.hdslb.com/bfs/archive/532d6b89cb1103ea88bc33d57223f87c9bb9475d.jpg,753140459,BV13k4y1678g,1589286570,2020/5/12,20:29:30,6:27,19242,53186,300507,18880,448638
花2天炖8块肉，进来感受下什么叫放纵！,5639,3855708,//i2.hdslb.com/bfs/archive/a592676f4fff6272cf0b9e1a0c1b036354f9afd7.jpg,710591467,BV1zQ4y1N7Bm,1588944897,2020/5/8,21:34:57,4:47,15909,48535,280516,13367,399552
据说买6块钱黄豆能做30包辣片，我做了3天，结果...,5536,4734749,//i2.hdslb.com/bfs/archive/b8b856458c803093b9ba8688f2df19b9fbd6bfcc.jpg,667920966,BV1Ya4y147T6,1588238249,2020/4/30,17:17:29,5:56,19750,52139,321652,11713,457817
被BBC称作“完美”的炸鱼薯条，这做法想都不敢想。。。,4911,4739019,//i0.hdslb.com/bfs/archive/815d809810295e1645270ecec60fbdde34061e6c.jpg,327911480,BV1NA41187oc,1587809359,2020/4/25,18:09:19,5:16,20855,49685,217242,12143,356590
一斤牛肉一碗面，嗦完差点泪流满面。。。,6549,4887406,//i0.hdslb.com/bfs/archive/1f06c852123eb9edf25575db4160322db9df4a42.jpg,200292774,BV18z411B7Yc,1587126232,2020/4/17,20:23:52,5:30,21420,60281,333721,13924,435313
买20块钱玫瑰，居然能做这么多宫廷糕点，就是累skr人。。。,6209,4264791,//i1.hdslb.com/bfs/archive/de1f3a989080c5b46ad6e782e8dbc0fd2a1f1611.jpg,752648729,BV1mk4y197a9,1586518251,2020/4/10,19:30:51,5:29,15487,75066,398565,13298,496391
卖398一份的米其林招牌菜，自己在家做得花多少钱,7901,4232735,//i1.hdslb.com/bfs/archive/3f38cc9e88a8d85ecf5661b24886a246c317f772.jpg,967567282,BV1Bp4y117LU,1585659407,2020/3/31,20:56:47,6:47,21816,78731,481415,16241,490852
一女子宅家研习竹升压面，拉伤大腿韧带导致行动不便,9137,5324409,//i2.hdslb.com/bfs/archive/0d91459dd4dcc409d2f0d74d170d0e82043043bd.jpg,97914410,BV1rE411A7Gc,1584702334,2020/3/20,19:05:34,6:45,26583,57514,310665,22435,441256
宅家1个多月无事可干，煮一大盆咖喱鱼蛋，2口一串…爽,4821,3790427,//i2.hdslb.com/bfs/archive/b3ccb03c95cf4e2cd1a70d8fba978d562e306200.jpg,94883449,BV1bE411u7VZ,1583751634,2020/3/9,19:00:34,4:52,18511,42154,198684,14664,331062
这就是史上最棒的炸鸡！如果不是，我倒想试试你的,8443,10527304,//i1.hdslb.com/bfs/archive/57eb1ce42959938347ac1aec0e5b09e610e94336.jpg,94180858,BV13E411p7pu,1583491779,2020/3/6,18:49:39,4:48,26258,217839,414448,97509,743386
龙吟草莓的妹妹：羊 啸 草 莓,32277,5788300,//i2.hdslb.com/bfs/archive/948d5e77e59c4600f678665c737ee12ac9cd088a.jpg,92674262,BV1SE411J7qV,1582978252,2020/2/29,20:10:52,5:48,117546,75508,277242,31560,428319
为了拍视频，美食up在日本狂吃一整天，工伤长胖不敢上称,2440,3094382,//i1.hdslb.com/bfs/archive/d51b1beb9f41e3a10adc5c7297b0697487f90abc.jpg,90629382,BV1k7411w7jx,1582283958,2020/2/21,19:19:18,5:23,8222,20884,144916,8230,211769
长沙妹子在家自制茶颜悦色，网上公布的奶茶配方是真的吗？,3771,3652248,//i0.hdslb.com/bfs/archive/38050960b057e9e41662118849990b73d6ea7bcc.jpg,88912747,BV1G7411g7WC,1581672850,2020/2/14,17:34:10,4:11,8746,61102,145105,46481,221697
宅家7天，试做失传100多年的宫廷菜，把肉塞进豆芽里！,4888,5375279,//i0.hdslb.com/bfs/archive/78f5ed6cf28e47928f9d576cb7bbd59e9b872e1b.jpg,86915106,BV147411H7VT,1580898653,2020/2/5,18:30:53,4:34,15142,64496,508866,23159,512510
一只上过国宴的鸡，酸辣重口，不愧为湘菜之首！拿起鸡腿大口啃，好好过个家香年,2999,4215664,//i1.hdslb.com/bfs/archive/f91e176fe5b732fdfd3599bec6a9798507dfdd98.jpg,84624712,BV1C7411e7Qa,1579777249,2020/1/23,19:00:49,5:08,15854,56085,214932,16827,284941
1个大油饼，包8个烧麦，一口气吃完鼻尖冒汗，浑身舒坦,2774,3264971,//i0.hdslb.com/bfs/archive/b1374d75686baa4994d9aa3fd2f5de20306e36e2.jpg,83359612,BV1sJ411H7y7,1578999639,2020/1/14,19:00:39,5:37,10153,36931,172145,11776,232561
湖南妹子在家自制手工米粉，一碗粉半斤肉，一口气嗦完，爽！,7501,2913280,//i0.hdslb.com/bfs/archive/b0c486d2ecc5b1b2ee0ef54ea9633cab4c020097.jpg,82313557,BV1YJ411V7jd,1578311112,2020/1/6,19:45:12,5:47,15103,61023,272518,15595,260362
湖南妹子在日本挑战最辣拉面，被当地学生偷拍,3530,5098088,//i1.hdslb.com/bfs/archive/7c2e7e55fed148d5311cce25f730752733c96cbb.jpg,80873007,BV1wJ411e7c4,1577447637,2019/12/27,19:53:57,4:54,16444,43185,233183,9929,334853
外语黑带的我，与圣诞老人谈笑风生，毫无压力。。。,877,706475,//i1.hdslb.com/bfs/archive/d7ad606f317f114af872c4c09a9b472d556bc205.jpg,80343273,BV12J411s7iF,1577097023,2019/12/23,18:30:23,4:45,3107,1831,5922,575,26741
试做最名贵的4种鲍鱼，煮了一个多星期，10000块1斤亏不亏？,2159,3554495,//i1.hdslb.com/bfs/archive/813eebbbaf67b38b54c8a3f0b8f5ec21d0890cb1.jpg,80028218,BV1cJ41147Bt,1576922433,2019/12/21,18:00:33,10:13,19852,37675,188392,11331,239497
天天排队的卤味火锅店：喜欢火锅的味道，享受一群人的热闹,1816,1723952,//i1.hdslb.com/bfs/archive/74b635f973247fb8ca01113318dbc36ec26e2676.jpg,79390147,BV1pJ411k7bj,1576412070,2019/12/15,20:14:30,5:22,9342,12088,56671,4854,110106
试吃人气第一的日本火车便当，会比高铁盒饭好吃吗？,3796,3938721,//i2.hdslb.com/bfs/archive/1eb9671e5bba395e4acbaf74e6c25cc1f4d7151f.jpg,78556319,BV1eJ411v7EG,1575810489,2019/12/8,21:08:09,5:08,13811,35261,139844,6796,243414
这个up主开挂了！居然在家甩出了印度飞饼,4177,5003779,//i2.hdslb.com/bfs/archive/4feed5c18b5ce741966b65daa3a83b1d9c7dd52e.jpg,77092716,BV1KJ411X7xV,1574767840,2019/11/26,19:30:40,5:41,15528,93266,388147,19195,473241
内脏火锅？听名字差点被劝退，看完口水滴到手背！,6507,2375355,//i0.hdslb.com/bfs/archive/0a0c848f912e4e281c25f87846c5d0e4f0144dfe.jpg,75890006,BV1iJ411U7aJ,1573900585,2019/11/16,18:36:25,4:53,6212,14712,62387,3302,111661
肉丸：我虽然长得丑，但只要你咬一口，瞬间变舔狗！,964,1236889,//i0.hdslb.com/bfs/archive/d48c09686629f7239bc0d1a2188f1803359e1859.jpg,74975859,BV1RE411e7SG,1573216286,2019/11/8,20:31:26,4:35,2663,23069,36715,3929,71430
每天限量供应的纯手工鱼丸，一盆100多粒吃到撑！！,1114,1431242,//i0.hdslb.com/bfs/archive/43e10c2fc029f5f704ee1701783c40189764b336.jpg,74425136,BV1xE411b7ht,1572782263,2019/11/3,19:57:43,4:58,3668,9157,11514,5362,46298
一道让所有人都“哇”出来的菜，看完都不知道怎么滚起来的...,3110,3488456,//i2.hdslb.com/bfs/archive/4e56d2cf784126f98c544c429ece9902bfdb838d.jpg,74184270,BV1kE41187p2,1572621747,2019/11/1,23:22:27,6:25,14042,76120,458021,15230,436527
听说冬天吃羊肉可以不盖被子，那一定是我吃得不够多…丨北京VLOG,916,979847,//i2.hdslb.com/bfs/archive/2532602244cd6df3260111638e741b61eb7aaa41.jpg,73875923,BV1SE411h7Kb,1572433225,2019/10/30,19:00:25,6:48,3881,7358,29264,1365,51813
6块钱1个的包子，在日本火了100多年，包成这样你会买吗？,853,1614590,//i2.hdslb.com/bfs/archive/deddab551625748893a9e5ee8d56c6f472e1b811.jpg,73511901,BV1UE411a7b4,1572101827,2019/10/26,22:57:07,5:43,7174,6182,23201,1243,59114
店里卖88一只的大汤包，在家做会便宜多少呢？会不会更好吃呢？,2480,4627255,//i0.hdslb.com/bfs/archive/d025720003e2d96d56471932d46efeb6248ef670.jpg,71342767,BV1gE411C7J5,1571147443,2019/10/15,21:50:43,6:48,14371,71058,153276,29212,272403
杀一头猪只能取2条，听都没听过的部位到底有多美味？广州美食VLOG,696,908489,//i2.hdslb.com/bfs/archive/2e8f38439441e977ece2e68e4dda0e634d8b527a.jpg,70765622,BV1DE411f748,1570701651,2019/10/10,18:00:51,4:50,2275,2134,5606,1123,25122
鳝的王者【盘龙鳝】敢吃的都是行家，敢做的都是勇士！,839,748336,//i1.hdslb.com/bfs/archive/70be6659d486ff06cece4379a5e27f4615b52124.jpg,70034606,BV1RE411S7JJ,1570190729,2019/10/4,20:05:29,2:07,1285,3168,10070,1262,30888
神户牛肉没那么神！100块就能吃到！100块的神户牛和1000块的神户牛有什么区别？,727,1564748,//i1.hdslb.com/bfs/archive/7d05ebb5521c34e99045e6dbd6e1af86dbcd1018.jpg,69443808,BV1oE411R7So,1569816010,2019/9/30,12:00:10,6:41,4264,5929,18471,3428,52045
只有6个座位的日料店，一份便当498，试吃一下是什么味道,672,972736,//i1.hdslb.com/bfs/archive/ab513dbd8e0229c69f181d5293fe97e297ac06df.jpg,68522370,BV1wJ411g7dH,1569071153,2019/9/21,21:05:53,5:13,3509,2933,4939,1029,29524
足足装满3只大闸蟹的巨型汤包，晃起来像肚皮一样duang~duang~,1061,1114435,//i2.hdslb.com/bfs/archive/078a418684a12703a40886caf328f232a3da4c9a.jpg,68388794,BV1wJ411G74B,1568980578,2019/9/20,19:56:18,4:29,3658,6495,9143,5396,38263
不孤独的美食番：用1000块的和牛煮毛血旺，想吃什么就放什么,813,1120119,//i1.hdslb.com/bfs/archive/58282e04af0fc93b7002e5f922459ee45378c448.jpg,67972026,BV1SJ411c7WJ,1568631066,2019/9/16,18:51:06,4:18,3075,5096,8708,2552,36713
火爆30年的煲仔饭和经营20年的黄鳝饭，反正吃完都长胖。。。顺德美食VLOG,945,958904,//i1.hdslb.com/bfs/archive/a25b3d75dfc9d811f8adb2db68885797afd922ba.jpg,67882639,BV1XJ411A7JQ,1568550268,2019/9/15,20:24:28,5:47,3339,6768,14358,4898,33885
送什么能让异性朋友记你一辈子？6种礼物！硬核测试！,687,292261,//i1.hdslb.com/bfs/archive/95ad4bdc95b9fbffe76a5c3993dbab28ee6fbcfa.jpg,67588489,BV1NJ411N7e1,1568369648,2019/9/13,18:14:08,17:03,2788,1485,3071,475,10293
只存在于二次元世界中的柠檬派，我把它带回来了！,523,758820,//i2.hdslb.com/bfs/archive/80e749cd8224142412d12a1fa4d4a4b1c8180c8c.jpg,66802586,BV1U4411y7Ef,1567770038,2019/9/6,19:40:38,4:43,2475,9754,7393,1419,30927
日本人气咖啡店的【魔鬼蛋三明治】保你吃得渣都不剩！,474,681504,//i1.hdslb.com/bfs/archive/bb7175c9452285eda630c7fcb11d9cf17de9113b.jpg,66349194,BV1u4411173L,1567396849,2019/9/2,12:00:49,3:17,1236,8207,9881,1421,28697
半夜撸串还要排队，先来40串牛肉开开胃【长沙美食图鉴06】,3263,1201349,//i1.hdslb.com/bfs/archive/10d1ee7333f6abc815ad8c88a0e4be4f5302d8b1.jpg,64932376,BV1c4411R73f,1566492012,2019/8/23,0:40:12,10:28,20097,11622,30101,5751,46466
超美味的【番茄肉盒】微波炉5分钟就能做！绵羊生存料理26,760,716359,//i2.hdslb.com/bfs/archive/2aa8dfda221fae2cc63334fd60103d92a56ec44b.jpg,64578952,BV194411R7aH,1566305345,2019/8/20,20:49:05,2:15,1173,20377,14963,3698,33811
百万粉丝的UP是如何制作一期美食视频的,1381,954454,//i2.hdslb.com/bfs/archive/8003da0bf2d5d7e02f844c4a76bbebc6cf081404.jpg,63980680,BV1G4411Z7WV,1565957433,2019/8/16,20:10:33,8:02,5074,21401,55613,8540,72855
燃烧吧！剁椒鱼头！！长沙美食图鉴05,1051,712446,//i2.hdslb.com/bfs/archive/0d19027981d8ed3d6507bb76ea0ec8d76f871a4b.jpg,63884614,BV1B4411U7KH,1565882283,2019/8/15,23:18:03,6:13,3402,4450,11060,2821,25928
跨越2000公里参加up主面基会，刺激的蒙眼撸串大挑战…,964,482453,//i1.hdslb.com/bfs/archive/c406f3c28c04166ec938c9f6ec793ab19b63b506.jpg,63593452,BV1S4411S7dt,1565755259,2019/8/14,12:00:59,7:14,4591,1422,3261,565,16717
一整块金黄色的饭焦！在家也能做出完美的煲仔饭,995,1076035,//i0.hdslb.com/bfs/archive/7349443cfd35029b782763c0e9ea6a2786c457be.jpg,63583878,BV1Z4411S7bN,1565710794,2019/8/13,23:39:54,3:46,2104,20829,23695,4471,45771
用一锅牛肉煎4个生鸡蛋，竟然是终极拌饭神器【长沙美食图鉴04】,1310,1053010,//i1.hdslb.com/bfs/archive/b42eed437449728f6e276d60022dcbc3856dbc91.jpg,62956491,BV1M4411X751,1565359513,2019/8/9,22:05:13,7:29,4736,8552,11854,5625,32876
赶在七夕前，送你一份少女心爆棚的马卡龙蛋糕！,622,455764,//i0.hdslb.com/bfs/archive/bc6c091189527e4b22f5088e6ba62c28b4bd94fc.jpg,62490055,BV1Qt411K7Ks,1565096464,2019/8/6,21:01:04,4:24,1679,5332,7003,897,23487
一只猪身上只有两根，教你做比里脊更嫩，比排骨更爽的孜然寸骨！,1011,1386937,//i2.hdslb.com/bfs/archive/abfadce02a14da426a7345d40eda36cfdcf51233.jpg,62070503,BV1At411g7Xw,1564841261,2019/8/3,22:07:41,2:57,1591,14555,11977,2452,41586
长沙最辣TOP3，吃完我的嘴巴都肿了！【长沙美食图鉴03】,1261,947726,//i1.hdslb.com/bfs/archive/14be6f2894eb24865cb7560f96191db86902a55e.jpg,61741515,BV1Jt411F7Th,1564657892,2019/8/1,19:11:32,7:15,3971,6208,8869,5797,25668
广州早餐真浮夸，龙虾蟹黄配河粉，然而…,1316,654710,//i0.hdslb.com/bfs/archive/533c72004ea1830dbd10c98c363e1e02aa842ff9.jpg,60811364,BV1Xt411j72D,1564142423,2019/7/26,20:00:23,13:03,7065,2337,4917,1116,19152
只在深夜营业的粉店，环境简陋，老板邋遢，价高量少，生意就是好【长沙美食图鉴02】,1132,1063933,//i2.hdslb.com/bfs/archive/edc48b19da46926a72d7f9527d09007dadcfff54.jpg,60773997,BV1kt411j7jv,1564106947,2019/7/26,10:09:07,9:36,5927,7664,11500,4452,29443
炒一碗有灵魂的番茄炒蛋，从选番茄开始,1005,623850,//i0.hdslb.com/bfs/archive/a9078b24b5dc123e6a22e44538a50051f9ce30e6.jpg,60446564,BV1kt41177mo,1563885585,2019/7/23,20:39:45,3:42,2140,16697,11840,2855,26148
烤蛇！烤牛蛙！为了第一时间吃到【人生一串】同款烤排骨，我足足等了1个多小时《长沙美食图鉴》,1173,620226,//i2.hdslb.com/bfs/archive/fda6761355ff9fa045dfb6c6a4f92fbc8582c4ba.jpg,59583054,BV11t411g7pk,1563363506,2019/7/17,19:38:26,9:23,5774,3558,12122,1599,20058
吃吃吃！游客在长沙吃什么？老土著又在吃什么？【长沙美食图鉴】预告片,1075,597736,//i2.hdslb.com/bfs/archive/50bc4fdf0443cf56a3b04e4751c7c7294e591406.jpg,58962217,BV1zt411L7BS,1563105608,2019/7/14,20:00:08,1:09,592,2208,3207,1865,15362
大半夜吃火锅，生牛肉配生鸡蛋，大口吃肉别怕烫！顺德美食vlog,1141,1385483,//i1.hdslb.com/bfs/archive/1f2fce0a1ba1b27a4c78dce8f617e1d6e3afc42e.jpg,58635582,BV1sx411f7R3,1562762553,2019/7/10,20:42:33,10:34,5922,7224,11303,4004,32444
香港卖$1000一份的花雕蟹，这里只要￥238！主角居然不是蟹？顺德美食Vlog,1098,747346,//i1.hdslb.com/bfs/archive/ff3be58c037e3e721244caa636b894fe85b7baad.jpg,58020345,BV1b4411c7bE,1562385605,2019/7/6,12:00:05,8:44,4844,5289,12838,2651,26268
从动画中穿越而来的奶油炖菜，闪着大橘色的光,1052,913380,//i1.hdslb.com/bfs/archive/893ed6417fe9c14fb295fddbe10645de9c7ec38c.jpg,57125904,BV1wx411o7qX,1561809659,2019/6/29,20:00:59,4:11,2089,26012,12792,3262,35563
用湘菜大厨的口味虾秘方，做一份创意长沙菜！,882,488935,//i1.hdslb.com/bfs/archive/65b96e9e2ba2f3fac96c27a670b7fa0b34c83d77.jpg,57030598,BV1ex411d7su,1561640930,2019/6/27,21:08:50,7:41,2494,4581,11642,1190,21978
150元一碗的石锅拌饭，卖了60年，生牛肉只有一小碟,1099,727254,//i1.hdslb.com/bfs/archive/a8aa5077f86e2f3c1a9196cc88ed9785a7c78e18.jpg,55464948,BV184411P7Zy,1560421960,2019/6/13,18:32:40,8:35,3242,2849,6802,750,18765
厚厚的奶油下，竟藏着浓郁的咖喱乌冬面，这是首尔最棒的一餐！,1096,714622,//i2.hdslb.com/bfs/archive/34e2e9fb880235e7b77e08fa102ca0e5b984cbcc.jpg,55242058,BV1c4411K7Uo,1560230092,2019/6/11,13:14:52,18:33,8853,4904,14198,1394,27379
做一次就成功破解的黄鳝啫啫煲！好吃到原地爆炸Ｏ(≧口≦)Ｏ,1153,434145,//i1.hdslb.com/bfs/archive/26a99e65962bd60350a68f2999c8df612ac9a7e1.jpg,54286077,BV1o4411J7yn,1559396041,2019/6/1,21:34:01,3:33,289,7398,9313,1368,19151
做一次咖喱大包，吃一星期的面包渣( ＿ ＿)ノ｜,782,784477,//i1.hdslb.com/bfs/archive/40eb479eda46d09ee79f9aac6ccc41f6a2cc172e.jpg,53566180,BV1E4411s7kV,1558785413,2019/5/25,19:56:53,4:07,1604,9002,11175,1307,27606
第一次见到膨胀成这样的卡路里，店里所有人都在吃！广州美食VLOG,2419,1700136,//i1.hdslb.com/bfs/archive/cc1e25123264d521ac0610b3102ddc74df0fec59.jpg,53124496,BV1S4411j7QW,1558411212,2019/5/21,12:00:12,10:26,10304,9295,14524,2913,36413
我在广州最美星巴克，提前尝到了最新款的星冰粽！,1001,425883,//i2.hdslb.com/bfs/archive/94baf06e0647bec17d29d4b8e774162cf3e10929.jpg,52624291,BV1b4411J7yQ,1557992442,2019/5/16,15:40:42,4:00,1578,2055,3864,1076,12636
神仙墨鱼扒为什么这么弹？难道真要加橡皮筋？！,839,598575,//i2.hdslb.com/bfs/archive/2a52b819ce6c8111a2c5acc1f4e563103f034c64.jpg,52255115,BV1w4411a7LC,1557651614,2019/5/12,17:00:14,3:38,1658,8166,9995,949,21549
宰一整头牛才能出两盘，到底是什么部位这么稀有？？？广州美食VLOG,2460,1477677,//i2.hdslb.com/bfs/archive/f376d6078732c894b38fc5955e3d2a14dc16fa12.jpg,52080252,BV1f4411Y77k,1557540050,2019/5/11,10:00:50,10:33,8284,11591,18950,3748,36850
把星空的味道装进葡式蛋挞，如此梦幻的下午茶不了解一下？,882,544472,//i0.hdslb.com/bfs/archive/5d9c9264b2fec615091a7cf3774e30ad1e673453.jpg,50974833,BV1g4411t72Z,1556633653,2019/4/30,22:14:13,3:48,962,11559,8399,1712,21559
熬夜做了200份甜点免费送给路人吃，结果。。。,1828,611351,//i2.hdslb.com/bfs/archive/57a4bc8a7ef3050044ac0cc801d8633eccd24a18.jpg,50682431,BV1n4411b7a5,1556424028,2019/4/28,12:00:28,8:07,2427,2653,7017,456,23249
借粉丝宿舍做袋鼠料理，是怎样的体验？墨尔本美食VLOG,675,320391,//i2.hdslb.com/bfs/archive/94cfb86b33f3e4b29bef0b7cf6429195456ef298.jpg,50469167,BV1K4411h7y5,1556206525,2019/4/25,23:35:25,8:07,1589,1611,5167,513,12216
用39元的牛肉，能做出天天排队的日本网红炸牛排盖饭吗？,1798,2833820,//i2.hdslb.com/bfs/archive/a2dd8cb57196912e556c0281e835025ddcd0e567.jpg,50352422,BV1H441187hH,1556105887,2019/4/24,19:38:07,4:33,3462,53355,104018,6782,140652
比脸盆还大的咖喱大包，网友：想把头埋进去吃,1107,824915,//i2.hdslb.com/bfs/archive/d3ef3d18ca26d3ad51f1c1637c43393aef827101.jpg,49025018,BV1Tb411K7LL,1555041636,2019/4/12,12:00:36,5:26,4336,9255,11933,3011,22756
从半夜烤到天亮，我终于做出这碗发光的鳗鱼饭！,1780,2824290,//i1.hdslb.com/bfs/archive/73edfc6afc6c7596e9a84eebd04420d9dfdf966a.jpg,48383127,BV1yb411g7hq,1554464657,2019/4/5,19:44:17,4:52,4976,37306,65376,7125,111033
别人学校的餐厅，居然是米其林推荐！澳门美食VLOG,1216,581753,//i1.hdslb.com/bfs/archive/1fa55f912e643c1732d809c5f402a293a646436d.jpg,47785259,BV1Zb411W7C9,1553950569,2019/3/30,20:56:09,6:00,2652,5628,11056,3347,18039
第一次去澳门，喝到一碗怀疑人生的水蟹粥丨澳门美食vlog,866,744845,//i2.hdslb.com/bfs/archive/72808214eb02a964ae41500bcf168eb773e38265.jpg,47404558,BV1Vb411t7aA,1553596757,2019/3/26,18:39:17,5:23,1927,4137,6044,2115,16928
颜控必做！微波芝士年糕炸鸡便当,584,561722,//i2.hdslb.com/bfs/archive/24670273719108406dd44dc2766f54926eb89487.jpg,46212186,BV1jb411H72T,1552536018,2019/3/14,12:00:18,1:32,472,17021,19778,1688,28062
人均9块9，自己在家做烧鸟！,1413,1041119,//i0.hdslb.com/bfs/archive/46adad516fdff50ac0549cb816ecd9b91b93d278.jpg,45833378,BV1jb411i776,1552190412,2019/3/10,12:00:12,5:44,2668,22817,41325,3759,50855
这是我吃过最重口的拉面，见过最帅气的老板丨东京美食VLOG,802,1030091,//i2.hdslb.com/bfs/archive/3df0d23a625af175c2aa74d65c248aec65195f49.jpg,44767584,BV1fb41187Qt,1551179656,2019/2/26,19:14:16,6:20,3645,6018,16990,1679,30170
东京Top5的猪排饭，排了2个小时才吃到丨东京美食VLOG,830,890994,//i2.hdslb.com/bfs/archive/5d56bfac96268d181b0051686055f66410f9f305.jpg,44308366,BV1Jb411h72T,1550762644,2019/2/21,23:24:04,6:02,2036,4070,7699,2110,20084
跟风排队，居然吃到东京最强海鲜丼丨东京美食VLOG,2479,1055772,//i0.hdslb.com/bfs/archive/dc127116d3048009b8898c11b6edd6422b9875f0.jpg,43673305,BV1Cb41127g5,1550236272,2019/2/15,21:11:12,8:30,5213,13935,30940,3781,33526
在日本，体验人均100和1000元的寿司丨东京美食VLOG,1265,1214052,//i1.hdslb.com/bfs/archive/ad1fd8e3c655a3e17275c08e6929244ac8ada947.jpg,43211473,BV1kb411S7fb,1549869327,2019/2/11,15:15:27,7:40,3687,8170,8087,3840,22486
晚上十点半，一起撸个串！这里就是《深夜食堂》的原型丨东京美食VLOG,1130,1151190,//i2.hdslb.com/bfs/archive/83648914b782d4948b56694b9e9fc834d717e17c.jpg,42902270,BV1Lb41167tJ,1549554771,2019/2/7,23:52:51,8:44,8747,5573,9964,3300,23771
在东京吃火锅，人均200牛肉任吃不限量！你能吃回本吗丨东京美食VLOG,1068,1528201,//i2.hdslb.com/bfs/archive/4cf66500846979c16cf8f515b5eedbfb1b586517.jpg,42729200,BV1Qb411r7EL,1549369286,2019/2/5,20:21:26,6:41,4261,10751,10951,5865,29171
一条鲤鱼是如何一步步被掰弯的？看完你就学会了！,3231,424380,//i0.hdslb.com/bfs/archive/f260cf1782cac6320af6ca4109d49bc78fee33ee.jpg,42187782,BV1qb411y7dx,1549022432,2019/2/1,20:00:32,4:00,1568,4052,3905,1178,13833
一枚小小的蛋挞里居然暗藏和牛，上海的美食都这么blingbling吗？,741,454532,//i1.hdslb.com/bfs/archive/163d589fb728cc058aa896451442051d376eba47.jpg,42293473,BV1Jb411k7LF,1548979213,2019/2/1,8:00:13,5:55,1601,2439,2912,725,11113
老家的这一碗纯手工蛋卷，是在城市里打着灯笼也找不到的年味！,980,357071,//i2.hdslb.com/bfs/archive/be53eae31d5787848d092685ff9a6a24acd9cf18.jpg,41554396,BV1Yt411b7gX,1548327620,2019/1/24,19:00:20,4:53,1830,5384,5569,921,13266
在上海感受冬天的温暖！原来扮成一只熊跳舞，是这么累的…,373,293068,//i0.hdslb.com/bfs/archive/b9cc1d6aa130f7dfb08477bdd6be7279575501b7.jpg,41133723,BV11t411a7Lv,1547892645,2019/1/19,18:10:45,5:43,573,526,2787,288,5694
无论任何天气，我都想干了这杯【青柠香茅冻】吸溜溜~,562,255968,//i1.hdslb.com/bfs/archive/987bb427b201d3e5bfcd0942bb6a69d3119c2105.jpg,40989407,BV1Qt411h73h,1547741070,2019/1/18,0:04:30,3:43,633,7904,6203,1003,11657
一盘合格的【烧汁虎皮尖椒】远不只是把肉酿在辣椒里丨绵羊料理,731,575906,//i2.hdslb.com/bfs/archive/ab527b0abb8c673211c54f89f1b01871868dece0.jpg,40401869,BV14t411p7qz,1547123886,2019/1/10,20:38:06,4:21,1429,16016,8603,3339,17469
鸡汤·豚骨两开花，这才是好吃的拉面啊丨和绵羊在香港吃3天VLOG,843,574097,//i0.hdslb.com/bfs/archive/d3323161b03301fa481aba20cb369ad8a1dff514.jpg,39697758,BV1Ut411B7bx,1546366614,2019/1/2,2:16:54,5:34,1965,3123,3114,1279,10584
早上吃泡面，中午居然吃到了米其林三星！人生大起大落得太快，实在太刺激了丨和绵羊在香港吃3天VLOG,734,626503,//i1.hdslb.com/bfs/archive/4f05185a8d2481ae732c6ebe427016c92727f67d.jpg,39599978,BV1Et411B7xT,1546284750,2019/1/1,3:32:30,4:52,1351,2261,3361,1067,11981
我等了4个小时才吃到这碗神仙饭！一碗$130，晚上9点半前没位子丨和绵羊在香港吃3天VLOG,951,942799,//i1.hdslb.com/bfs/archive/86d48d5c318e59b95107fd1f7b0388348cd508e3.jpg,39538845,BV1Yt41167Mm,1546260069,2018/12/31,20:41:09,6:30,2830,4210,4011,1975,12596
全世界第一家米其林拉面，会好吃到上天吗丨香港美食VLOG,876,585740,//i0.hdslb.com/bfs/archive/5767a4f48bcb39990f810b02e9d53df1373c6ad6.jpg,39333166,BV1Bt411z7Fe,1546090168,2018/12/29,21:29:28,5:45,2025,3202,3323,1623,10420
我膨胀了，居然敢破解米其林餐厅的饺子,1232,1150753,//i0.hdslb.com/bfs/archive/5f2fccac6e2442464eb14b1e87675121dbe91ed5.jpg,38600449,BV1ct411Y7is,1545310338,2018/12/20,20:52:18,3:35,1843,24696,13103,3102,29103
离家很远有时又很近，来碗番茄疙瘩汤取暖吧丨绵羊生存料理,709,375895,//i0.hdslb.com/bfs/archive/2e57b754391ed480901d1df92de9e28c85e6933b.jpg,38221651,BV1Bt411i7qP,1544869404,2018/12/15,18:23:24,3:03,912,11729,7091,2102,12932
别再去买圣诞杯了，教你做一份限定礼物丨VLOG 01,2426,170150,//i0.hdslb.com/bfs/archive/0458398d3f8d0a4fdb80d1e5dce515bcc4d6e935.jpg,37608385,BV14t411S7cM,1544184941,2018/12/7,20:15:41,3:45,2061,2347,7783,494,10116
一到冬天，整个长沙都是【鱼籽鱼泡火锅】的香气，此视频极度舒适！,625,256493,//i0.hdslb.com/bfs/archive/eceda8c02152cf32a9f793f02d6bf8ba87ebc04d.jpg,37018827,BV12t411Q7Dv,1543491084,2018/11/29,19:31:24,4:07,1107,3371,3270,1600,7327
我永远喜欢樱岛麻衣→爱吃的【奶油面包】,527,263440,//i1.hdslb.com/bfs/archive/0b85f36a990b07e10e803b4120b44ff3521c400e.jpg,36533228,BV1ot411C7qJ,1542905502,2018/11/23,0:51:42,3:20,498,4586,3168,771,7640
天冷了，用【泡菜豆腐海鲜锅】暖暖身！还可以加泡面噢,397,316270,//i2.hdslb.com/bfs/archive/5b46bae5a469d5c294e36071d6b1980fe70bebdf.jpg,36015882,BV1Ut41127eA,1542278733,2018/11/15,18:45:33,1:36,316,6408,3278,1378,7670
从大阪学回来的【大阪烧】在家轻松做，简单又正宗！,649,730257,//i2.hdslb.com/bfs/archive/e8adbd1ba98813a0c4aa0a4925bde8ed96840477.jpg,35554792,BV1vb411c7kf,1541678161,2018/11/8,19:56:01,3:30,898,27218,14443,3459,25029
日本什么最好吃？当然是炸牛排盖饭！绵羊的关西美食之旅VLOG,3554,461454,//i2.hdslb.com/bfs/archive/55c0d893e84ce2c3e6f2d559de29df7a4bf927a6.jpg,35073834,BV1bb411P7nx,1541075222,2018/11/1,20:27:02,12:12,2497,4140,6358,1702,11475
霍格沃茨【酥皮烤鸡】不会魔法也能做！,673,368363,//i1.hdslb.com/bfs/archive/76b6eeaca2564b08d739a74ecb046becac9d8541.jpg,34796908,BV1ib411N7EU,1540725300,2018/10/28,19:15:00,4:40,1472,6096,9164,1614,13429
都说没几年功夫不要做【三不粘】我用了几十个鸡蛋居然Duang了~,499,447377,//i2.hdslb.com/bfs/archive/e66d80709391159c55b329a264517166fd4ee071.jpg,34105324,BV16t411d7oB,1539866325,2018/10/18,20:38:45,3:18,856,2525,4598,631,12826
可以吃的欢乐豆！一个不用模具也能做的蛋糕,354,243430,//i2.hdslb.com/bfs/archive/de1e51348dc462bce56dd433c4b140bc84cc9917.jpg,33914097,BV1Ht411Z7yM,1539604447,2018/10/15,19:54:07,3:45,439,1264,1488,419,4681
大胖蟹！年度硬菜【红蟳米糕】一看就会！一做不废！,392,214754,//i0.hdslb.com/bfs/archive/5915794aee16bc302c67d498ec58a0ca0b226a93.jpg,33626290,BV11t411f7sD,1539261860,2018/10/11,20:44:20,3:56,746,2144,3790,721,6809
咬一口自己做的苹果糖(っ °Д °;) 耳朵碎了~,1173,519524,//i0.hdslb.com/bfs/archive/36ab8b63fc7d822404d573cc6d330d51e12df9c6.jpg,32987460,BV1uW411U7o8,1538568057,2018/10/3,20:00:57,3:26,2230,6499,5113,1133,13960
养生宅秋季营养餐，电锅韩式药膳羮！,274,195288,//i0.hdslb.com/bfs/archive/f7ae56130b3c75f0ae90c86598ea135179b8253a.jpg,32575232,BV19W411U7xx,1538037712,2018/9/27,16:41:52,1:57,235,4013,2118,1040,5069
来一份《中餐厅2》同款盐酥鸡吗？啊～真酥！,537,341001,//i0.hdslb.com/bfs/archive/a22ec83470c28ae4a6aadb62349d0da53f2dd739.jpg,32390975,BV19W411z7NE,1537790727,2018/9/24,20:05:27,4:19,1391,8883,3867,1448,9120
低卡健康的无糖月饼，只送最好的朋友！,683,210446,//i0.hdslb.com/bfs/archive/4a8456ce44c0c6237a34f02810b94fcb3ef46fd2.jpg,32105198,BV1ZW41167Z8,1537444841,2018/9/20,20:00:41,8:45,2776,1232,4010,1774,6462
你们要的冰冰的月饼来啦！(´Д｀ )来数数有多少个步骤...,892,270413,//i2.hdslb.com/bfs/archive/6f5e6c68b830d6a07ac5695f22a8a8217593eb1a.jpg,31649524,BV1fW411C7pU,1536845049,2018/9/13,21:24:09,5:46,939,5747,3185,1263,8021
吹弹可破的软壳蟹，这个配方做虾也超好吃！,493,278864,//i2.hdslb.com/bfs/archive/ffca9a8d8e3e919a347e5ada460eebb8e768957c.jpg,31211372,BV1nW411d7VH,1536233082,2018/9/6,19:24:42,3:18,630,2305,4162,605,7950
开学了！教你一道嗨翻宿舍的绝品炒泡面！,593,436660,//i0.hdslb.com/bfs/archive/6b2a455827a2ca24abdce4795888777cd5d7ee48.jpg,30721467,BV1AW411f7Cs,1535631065,2018/8/30,20:11:05,2:28,694,11015,4120,1492,9623
穿着豆皮外衣的鱼虾滑，吃吧吃吧别客气丨绵羊料理,593,265846,//i2.hdslb.com/bfs/archive/385b49df4cf9ccdbf917fe7062a09bfc9a859173.jpg,30116592,BV1xW411X7uR,1535022608,2018/8/23,19:10:08,2:41,1099,5147,4196,896,7561
辣哭魏无羡的【酸辣藕带】七夕给你特别的爱丨绵羊料理,1038,164035,//i1.hdslb.com/bfs/archive/3f1a67348c104e46a7c6bbd08272b9a477c68506.jpg,29524554,BV1mW411R7g8,1534420212,2018/8/16,19:50:12,3:18,1131,1981,2582,511,5540
边看延禧攻略，边吃藕粉丸子丨绵羊料理,825,363166,//i1.hdslb.com/bfs/archive/842ffc71194e572168fc2ac3d380a4394ed989d6.jpg,28877283,BV1vs411M7Ug,1533749296,2018/8/9,1:28:16,3:06,1220,8002,3603,976,9539
瘦宅夏日快乐冰，贪吃不胖的水果雪葩丨绵羊料理,461,257505,//i1.hdslb.com/bfs/archive/a03e4506f4b6520cf630ae4d2b61ad29561ece0e.jpg,28444701,BV1Cs41137UF,1533299864,2018/8/3,20:37:44,3:24,525,4921,3033,437,6838
试吃小哥的生日礼物开箱ヾ(≧∇≦*)ゝ,555,178794,//i0.hdslb.com/bfs/archive/8ddce29d620d47a2c1e9a315df4e965d4c5366db.jpg,27869845,BV1Ls411A7qE,1532702533,2018/7/27,22:42:13,15:15,2096,403,1415,162,3979
周末的夜晚，不需要一群人的狂欢，一碗【海鲜冬阴功拉面】就足够丨绵羊料理,627,230408,//i1.hdslb.com/bfs/archive/7386f9b02fc63291b713cffd9923e596f4a8dad1.jpg,27281477,BV1is411N7LP,1532174444,2018/7/21,20:00:44,7:00,1514,2759,2051,733,4750
绵羊牌【鲷鱼烧】甜到想接吻~3~丨绵羊料理,3839,230692,//i2.hdslb.com/bfs/archive/be3488e69c1312d3718a890b517ad49529852dbc.jpg,27036587,BV1os41177sb,1531785657,2018/7/17,8:00:57,4:12,1543,3263,2006,365,5487
看似单调无味，吃起来津津有味的【抹茶茶泡饭】丨绵羊料理,478,212708,//i1.hdslb.com/bfs/archive/1af81bd7dae51c3f021fea7bd418ac668fbb6e9d.jpg,26116291,BV1Ls411V7wF,1530670219,2018/7/4,10:10:19,2:48,580,2244,1744,382,4152
【生存料理】花10分钟给自己煮一碗番茄拉面吧！,592,492788,//i2.hdslb.com/bfs/archive/c7ede159830c1f20dd7e899f78883b30ef99d3f1.jpg,25406646,BV1Bs41177SD,1529685062,2018/6/23,0:31:02,1:24,402,9943,3411,1164,7880
听名字毛骨悚然的【棺材板】吃到嘴里居然真香丨绵羊料理 #深夜报社#,450,325896,//i2.hdslb.com/bfs/archive/c69ab408735160351c03205c21728cdb5b5815ab.jpg,25074850,BV1WW411c736,1529225012,2018/6/17,16:43:32,3:36,704,3654,2116,551,6185
甜粽的美味巅峰！甜中带咸的【蛋黄莲蓉碱水粽】丨绵羊料理 #深夜不打烊#,508,125082,//i0.hdslb.com/bfs/archive/5d340b39e6f8f33c20090f2ccdf3ef2d68962906.jpg,24574055,BV1wW411P7dr,1528483305,2018/6/9,2:41:45,5:37,684,1212,1178,370,2713
麻麻，再爱我一次！我要带着你做的【彩椒烙蛋饼】游中国丨绵羊料理,252,116653,//i0.hdslb.com/bfs/archive/b9bcaaa7cf5ecb5cc18575f352951f2da4c9dce1.jpg,24225035,BV1TW411N7s1,1527852652,2018/6/1,19:30:52,3:08,440,918,515,166,1401
期待了一整年的新加坡【辣椒螃蟹】配油炸小馒头~香到吃手手丨绵羊料理 #深夜报社#,396,272597,//i2.hdslb.com/bfs/archive/d724aedcc056f6f9c8d254da51fc92b60eea3a83.jpg,24210245,BV1QW411P7Bq,1527797334,2018/6/1,4:08:54,3:48,767,3551,2046,788,4221
不能去看世界杯【战斗民族健康餐】了解一下丨绵羊料理 #深夜报社#,298,155639,//i1.hdslb.com/bfs/archive/71f0b383f6a7ce369908e9c2fdd0977ee0b3391c.jpg,23762493,BV1pp411o7Gh,1526948818,2018/5/22,8:26:58,2:30,427,1373,727,293,2278
全程历时1个月，一起来腌【日式红紫苏梅】吧丨绵羊料理,528,274897,//i0.hdslb.com/bfs/archive/2b992e7d62212e90125d22f30eebda77d355b91c.jpg,23569700,BV1Pp411f71U,1526573652,2018/5/18,0:14:12,5:24,506,2765,1526,293,2967
美过初恋的糖渍樱花&水信玄饼丨绵羊料理,436,263598,//i2.hdslb.com/bfs/archive/ac5f29fe3a78c6c7b22451750ad21c017facb1c6.jpg,23471996,BV1ep411Z76V,1526386508,2018/5/15,20:15:08,3:59,805,7677,1712,817,5610
法式生存料理【电饭锅红酒炖牛肉】变着花样活下去ψ(｀∇´)ψ  #夜深了，请放毒#,570,239949,//i0.hdslb.com/bfs/archive/39b75916da7012a52fd5b8aec0d99580524706f5.jpg,23302784,BV1WW411F7Uu,1526050766,2018/5/11,22:59:26,2:44,558,7424,3755,1376,5274
我绵羊就算饿死，也不会吃一口【羊肉咖喱】…(￣～￣) 真香！,586,228052,//i2.hdslb.com/bfs/archive/58655e6de10046f12194d3d3f0dd82efd0013460.jpg,22888433,BV1rW41137cr,1525276803,2018/5/3,0:00:03,3:24,733,3300,2088,540,3520
先学会做笹饼，再找个像巴卫一样的男神（//▽//）丨绵羊料理 #夜深了，请放毒#,488,166262,//i2.hdslb.com/bfs/archive/915fa62938ba0647d298e227b788c61add69dacc.jpg,22609464,BV12W411G7Ey,1524750114,2018/4/26,21:41:54,4:29,945,3195,1818,400,3429
【冲绳风味电锅炊饭】可以吃出大海的味道噢~丨绵羊生存料理 #夜深了，请放毒#,427,206949,//i2.hdslb.com/bfs/archive/c1fb69e8a6905cb4e20509e3c0396de37d12dca4.jpg,22304145,BV1RW411V7Yh,1524147420,2018/4/19,22:17:00,1:50,254,5890,2328,859,3917
满满的全是肉！在家做纯手工无添加的【香草鸡肉大香肠】给你真正的口味和实惠丨绵羊料理 #夜深了，请放毒#,330,239336,//i0.hdslb.com/bfs/archive/f16c76b1e680342bc042568f873abd0c9798298c.jpg,21869941,BV1bW411K7Yh,1523274940,2018/4/9,19:55:40,4:57,790,2781,1469,412,2730
可可岛的【巧克力汉堡】给我海贼王路飞来100个丨绵羊料理 #夜深了，请放毒#,356,161694,//i2.hdslb.com/bfs/archive/5fc9e59012091000a50da285ab807d363abc7718.jpg,21691209,BV1PW411M7dp,1523016024,2018/4/6,20:00:24,5:01,1310,1243,1423,314,2719
【绵羊的生日Vlog】带试吃小哥吃点好的( ゜- ゜)つロ乾杯~,1000,199917,//i1.hdslb.com/bfs/archive/c0f89ff143e0b7d7f493d85e86a2d30c52702d24.jpg,21355187,BV1wW411u7Dm,1522280667,2018/3/29,7:44:27,3:24,1616,662,4054,181,4967
在家自制【香香的烤面筋】可~带劲了丨绵羊料理,735,708959,//i2.hdslb.com/bfs/archive/90e2f938cfd6fec222852728578c302983392121.jpg,21317787,BV1DW411M7Cr,1522190157,2018/3/28,6:35:57,4:23,1534,11479,3734,2458,11193
鸡汁配萝卜ノ懒人配电锅ノ卤鸡翅便当美滋滋【绵羊生存料理】,341,210547,//i2.hdslb.com/bfs/archive/a323772d9731e335fe368ac33741d6689d6b5981.jpg,21089925,BV1HW411g7LP,1521722578,2018/3/22,20:42:58,1:29,192,5544,2119,954,3625
一闻，二舔，三吃肉，香气弥漫整层楼的【台式胡椒虾】丨绵羊料理,376,172841,//i1.hdslb.com/bfs/archive/cbb972f441358c2c31656dde80f1ade1943fb01c.jpg,20977106,BV1ZW411u7qk,1521472716,2018/3/19,23:18:36,2:44,396,2908,1707,673,2773
极简电饭锅【意式番茄炖饭】丨绵羊生存料理,598,744863,//i0.hdslb.com/bfs/archive/08b1c0b47c8d1501522ee1d1327e2e212aa17414.jpg,20733582,BV1ZW411H7vu,1520954672,2018/3/13,23:24:32,1:50,662,30520,4979,4265,10510
把夜市里的人气小吃搬回家【炸鱿鱼海鲜饭】丨绵羊料理,385,195247,//i0.hdslb.com/bfs/archive/8049b7ba01e08dc2475c21a02abb0d0c122fc206.jpg,20557110,BV1RW411W7mN,1520594815,2018/3/9,19:26:55,3:28,450,3104,1804,514,3404
开学给你加鸡腿，电饭锅印度香饭丨绵羊生存料理,458,221820,//i0.hdslb.com/bfs/archive/724d4a7056ec1bfa0652e1ad310459dcd48351eb.jpg,20416436,BV19W411x7ZW,1520266272,2018/3/6,0:11:12,2:18,365,7219,2277,1250,3353
清朝宫廷秘方！台北土著疯狂推荐的牛肉面，味道甩网红店一条街丨台北美食VLOG,458,454977,//i2.hdslb.com/bfs/archive/72d18a4fbee1613ce67d9a7e72757ae06cb7a043.jpg,20405276,BV1zW411x71a,1520245495,2018/3/5,18:24:55,8:01,1512,2517,2838,812,6703
台北的夜市：便宜到不敢相信，只恨自己不能再多吃一点丨台北美食VLOG,729,965676,//i2.hdslb.com/bfs/archive/53258741d8e43c0aa0ecb01f396ee95ed3237cc5.jpg,20244459,BV1QW411s7Pj,1519927292,2018/3/2,2:01:32,8:24,2752,4016,2846,1294,9918
完全不输长沙小龙虾！这样的台湾胡椒虾，老板再来一份丨台北美食VLOG,579,384131,//i0.hdslb.com/bfs/archive/c43abea79951190ebcfcd17dcf068a4707d4eb26.jpg,20063223,BV1mW41147pZ,1519576763,2018/2/26,0:39:23,9:29,1715,2419,3066,1173,5099
过年点心【富贵牡丹蛋黄酥】只送最好的朋友丨绵羊料理#bilibili今天吃什么#,607,174486,//i2.hdslb.com/bfs/archive/fef824d9f6e05ec4ea3ebd1a8fe35d9c0b8a3169.jpg,19637255,BV1VW411J7ez,1518703182,2018/2/15,21:59:42,8:39,2388,4954,2744,797,4098
比拳头还大！好吃到爆衣的【龙虾蟹钳锤】丨绵羊料理#bilibili今天吃什么#,639,245195,//i0.hdslb.com/bfs/archive/7b70816a4527b7b9223fbefb758c15fecd2a8814.jpg,19307504,BV1GW411n76H,1518084303,2018/2/8,18:05:03,5:39,1623,4060,3479,1070,3793
一锅红火的【番茄鱼丸汤】就是创造温暖的魔法丨绵羊料理,529,181161,//i0.hdslb.com/bfs/archive/1a3fa73968a17a2c95946d19c60762c6c009e61a.jpg,19216277,BV11W411J73Z,1517914546,2018/2/6,18:55:46,4:59,1102,7027,1983,940,3736
今天就是果酱日！来做帕丁顿熊的【橙子果酱】吧丨绵羊料理,323,105914,//i2.hdslb.com/bfs/archive/6f2bdf8c52d94a033ca5eb6d4fa7f3eb7a9eb087.jpg,19024870,BV1jW411H72J,1517526004,2018/2/2,7:00:04,3:57,379,3286,1437,394,2223
儿砸！妈做了最贵的【胡葱炸面包】你快回来吧丨绵羊料理,1124,355316,//i0.hdslb.com/bfs/archive/fa4cb2987e8ec8e5a4b2e9ec8d07725f87417df1.jpg,18766484,BV1WW411e7LH,1516982720,2018/1/27,0:05:20,3:34,1649,9424,2665,3325,4968
治愈你一切小情绪的【彩绘芝士蛋糕卷】丨绵羊料理,417,155456,//i2.hdslb.com/bfs/archive/76be2b7b5f6b5d100d6c23b92ef0c06d6846f988.jpg,18481196,BV1UW411v7nJ,1516364123,2018/1/19,20:15:23,6:04,831,2733,1292,583,2419
不论多烫都忍不住塞进嘴里的【奶皮奶黄包】呼呼呼~丨绵羊料理,518,252159,//i2.hdslb.com/bfs/archive/ed1b8d2104ef97031904884e1cb26031f67054a4.jpg,18285469,BV1bW411q7dg,1515888022,2018/1/14,8:00:22,4:04,622,5684,1462,563,2979
海南式炸猪排盖饭，你吃过吗？丨绵羊料理,547,130661,//i1.hdslb.com/bfs/archive/60d35cc0cb3fe097245a8a9be7bafdb75b7339e3.jpg,17997501,BV16W411B7nC,1515159280,2018/1/5,21:34:40,4:21,544,3207,2601,456,2571
多冷的隆冬~来份印度【黄油咖喱鸡】香到想跳舞丨绵羊料理,556,250432,//i2.hdslb.com/bfs/archive/93a2e7481a61aa3db275f39f0b9f65ddb75e3849.jpg,17660307,BV1CW411t7x5,1514390419,2017/12/28,0:00:19,3:53,770,7108,4228,977,3950
乳白色超浓郁的【白咖喱乌冬面】吸溜~丨绵羊料理,463,162272,//i2.hdslb.com/bfs/archive/230d5ff8b900baaed668efd2d1812730c6a61325.jpg,17504622,BV12W411872o,1513958421,2017/12/23,0:00:21,4:30,677,2937,1296,375,2097
教你制作圣诞礼物【男朋友饼干】，顺便送你一个男盆友丨绵羊料理,2338,114287,//i1.hdslb.com/bfs/archive/ee2b97b133ee26910e2e421bbdea3792bf5e7521.jpg,17201150,BV11W411h7G8,1513425604,2017/12/16,20:00:04,5:01,1640,1881,1032,507,1800
拌饭超香！极简电饭煲【肉饼蛋】便当丨绵羊生存料理,459,397291,//i1.hdslb.com/bfs/archive/84b5e5f576eeb191766b915d733d771fa4b96854.jpg,17288512,BV13W411a7Ax,1513335023,2017/12/15,18:50:23,2:14,475,11688,2148,1345,4079
不撸200串不过瘾，在家感受【湘西烧烤】的小串魅力丨绵羊料理,617,239920,//i2.hdslb.com/bfs/archive/f2401e7e2e57771ed4106e622a21dd17f666f14e.jpg,17002820,BV1xW411Y7UN,1512576302,2017/12/7,0:05:02,4:54,891,2848,2033,852,2306
一月一次，一次一月，煮上30人份的【卤肉饭】告别外卖丨绵羊生存料理,482,249840,//i2.hdslb.com/bfs/archive/89b0df199eda7d5d6d3b046c9233be5b28c4e894.jpg,16781465,BV1tW411a7rh,1511971822,2017/11/30,0:10:22,3:03,491,7897,2456,1275,2900
送给妈妈的生日礼物【北海道双层芝士蛋糕】红丝绒版丨绵羊料理,738,288304,//i2.hdslb.com/bfs/archive/03cc4e9a829be0307945aa61af9a3a27cf082bd5.jpg,16604856,BV1mx411V7gL,1511449507,2017/11/23,23:05:07,4:22,1244,15725,3864,1190,6101
长成这样的【小埋仓鼠果子】你一次能吃几个丨绵羊料理,464,122936,//i1.hdslb.com/bfs/archive/349a1c125f06202cf5306082d9a880d2fe0cfd09.jpg,16381163,BV1nx411L7km,1510836127,2017/11/16,20:42:07,4:01,702,1678,1497,444,1799
新手必备的18件厨具推荐，给你一个下厨的理由丨绵羊种草机01,621,223547,//i0.hdslb.com/bfs/archive/848fccd979373e302a0e2e1f76358825b16f0d8f.jpg,16142212,BV1mx411j7HH,1510159549,2017/11/9,0:45:49,5:24,729,20669,7163,1001,8766
吃过那么多意面，只有这一盘令我大呼过瘾丨绵羊料理,465,167249,//i1.hdslb.com/bfs/archive/9459bb783117f671e4d7ecbbac1abb6c3cce0979.jpg,16092809,BV1kx411j7s5,1510055723,2017/11/7,19:55:23,5:10,741,4271,1243,492,1685
3步上桌，手再残也不会失败的【麻婆豆腐】丨绵羊生存料理,576,176753,//i0.hdslb.com/bfs/archive/1d445dd58d0cb3afdc0141bf0c4626259ab6cc3d.jpg,16059177,BV1Yx411j7KK,1509890164,2017/11/5,21:56:04,2:16,451,4243,1493,586,1899
花1杯饮料钱，承包你整个秋冬的暖心热饮丨绵羊料理,800,170021,//i2.hdslb.com/bfs/archive/91b117f90b727ac54a2a5f2dc9be0f7464e95739.jpg,15842032,BV1Tx411E7jU,1509275350,2017/10/29,19:09:10,8:22,1363,7430,3521,1225,2442
高颜值的美式全早餐，唤醒100%能量的你丨绵羊料理,647,255335,//i1.hdslb.com/bfs/archive/59d10af72b3a60a0de2c9e746f81106cb5645d5a.jpg,15562679,BV1tx411M7vb,1508497013,2017/10/20,18:56:53,5:31,933,5793,1522,669,1891
多功能懒人肉酱，保你宅家半年肚子不饿丨绵羊生存料理,747,321434,//i2.hdslb.com/bfs/archive/d74cf7fcd048fad896113ce582c8add1cdb9e8d8.jpg,15284710,BV1Xx411u7RW,1507664880,2017/10/11,3:48:00,2:27,604,11835,3399,1639,2951
在家轻松做【港式蛋挞】新手入门零失败丨绵羊料理,775,534593,//i0.hdslb.com/bfs/archive/dd90a82487bd2602ce532ae5fec5e298cc2d1513.jpg,15155807,BV11x41137fv,1507322552,2017/10/7,4:42:32,3:15,823,21835,3666,2438,7679
把【香蕉和枣】偷偷塞进月饼里，试试到底有多难吃丨绵羊的Vlog,846,173253,//i0.hdslb.com/bfs/archive/e7a87a04fe9dac903a01cc05ed39e35657f67325.jpg,14997312,BV1ox411g7ja,1506943012,2017/10/2,19:16:52,4:57,1179,411,1490,417,1495
不去景点凑热闹，我只想宅在家安静地做一份【章鱼小丸子】丨绵羊料理,322,372950,//i0.hdslb.com/bfs/archive/fba5445149978ac773a5215c742d38076bc2bba2.jpg,14891380,BV15x411V716,1506665356,2017/9/29,14:09:16,3:49,733,7533,1796,1474,3329
大口吃肉！极简微波炉芝士汉堡肉丨绵羊生存料理,522,221456,//i0.hdslb.com/bfs/archive/89b9bcbabeddc7d90febf02ed7f6f4a325d26572.jpg,14801582,BV1qx411G77t,1506359802,2017/9/26,1:16:42,2:30,306,6109,1534,809,1916
不用烤箱照样【在家做烧烤】把夜宵摊的海鲜烤肉搬回家丨绵羊料理,448,193996,//i2.hdslb.com/bfs/archive/7012d5d41713bde1c4a67d22b4ecef925a785531.jpg,14703012,BV1Tx411G7FJ,1506102311,2017/9/23,1:45:11,6:13,750,3536,1730,738,1357
在家做【中秋冰皮月饼】爱抹茶椰奶，也爱咸蛋奶黄，就是不爱脂肪丨绵羊料理,763,257961,//i0.hdslb.com/bfs/archive/841c5f15392e28f6a62a39ee4a365087e733694f.jpg,14578807,BV1Rx411s7ZZ,1505732703,2017/9/18,19:05:03,5:57,1169,8664,1740,1812,2068
说好的吃鸡不吃皮，我又破戒了！只因这次的【海南鸡饭】太美味，米饭也消灭得一粒不剩,614,159683,//i1.hdslb.com/bfs/archive/882a972de55972e9f76dc280e5d0d6250f2d4153.jpg,14466746,BV18x411s7M2,1505407106,2017/9/15,0:38:26,6:38,888,3556,1758,675,1381
龙胆蜈蚣烤大虾&清凉世界果汁丨绵羊料理,958,153414,//i0.hdslb.com/bfs/archive/14a1aef7cf257fb27e87ee566372dd70afbe7782.jpg,14223835,BV1ox411x7Hg,1504695801,2017/9/6,19:03:21,2:48,253,643,1076,719,579
早餐吃了一块10000多的牛排，看完弹幕怀疑自己被坑了丨大阪美食VLOG,1036,793763,//i2.hdslb.com/bfs/archive/790e242f040ba6ca77ff049f702f4f68f64f76f4.jpg,14133662,BV1gx411b74u,1504428940,2017/9/3,16:55:40,12:06,3968,5208,6783,2901,11566
一个人如何过好七夕？人均7元的小卖部法式大餐丨绵羊生存料理,965,169849,//i2.hdslb.com/bfs/archive/36e664ce1e07da23d5c85d648cc3ea636f1be33b.jpg,13749426,BV1kx411b7CD,1503590438,2017/8/25,0:00:38,2:41,992,1489,1866,900,775
照烧鸡三明治/黄油土豆·异世界食堂丨绵羊料理,670,233139,//i0.hdslb.com/bfs/archive/932cb9cfff3375d3b0692c8f0522d26c8703f5c4.jpg,13536272,BV1Cx411J7qX,1503091775,2017/8/19,5:29:35,4:31,1389,6005,2233,979,1240
十七根秋葵，为黄少天庆生【秋葵的4种做法】丨绵羊料理,1178,195518,//i0.hdslb.com/bfs/archive/648172fbe6393672845b3eac45dadaa7ac6d1aa5.jpg,13173362,BV1vx411n7pR,1502310837,2017/8/10,4:33:57,5:00,1805,5525,2400,1723,1250
谁是你的炸猪排盖饭？还原《冰上的尤里》中的销魂美味丨绵羊料理,1048,306128,//i2.hdslb.com/bfs/archive/654be3777527926a52e60e6cbbca66c9fd57c8c1.jpg,12987969,BV17x411p7Ev,1501917626,2017/8/5,15:20:26,4:59,1855,8123,2564,1349,1620
原谅色的慕斯蛋糕，只送最好的朋友丨绵羊料理,1258,261012,//i2.hdslb.com/bfs/archive/f6aab4470a339adf2043dd022f2b6e729671bd16.jpg,12653774,BV1jx411W7oo,1501177209,2017/7/28,1:40:09,12:56,9161,3408,4809,4037,2738
把校门口的“炸炸炸”搬回家，躺在床上吃丨绵羊料理,1123,809376,//i1.hdslb.com/bfs/archive/50897debe3a6259a24c7a287fedc11e30bb321a5.jpg,12481719,BV16x411i7Hz,1500757978,2017/7/23,5:12:58,5:14,3285,10321,4238,1992,8589
丝瓜还能这样吃？！三步出炉的美味【丝瓜焗饭便当】绵羊生存料理,633,129212,//i1.hdslb.com/bfs/archive/b1d5a4983080f89c0a5c5c203f034c9968bb7ebc.jpg,12177832,BV1Ux411q78H,1499988611,2017/7/14,7:30:11,2:58,710,1838,1276,295,625
小黄人还有5秒到达你家冰箱！来做香蕉巧克力脆皮冰淇淋吧~BANANA丨绵羊料理,583,189406,//i0.hdslb.com/bfs/archive/a84ee062335106631c77fc6011c9d3586eae853b.jpg,11958101,BV1Hx411z74d,1499378139,2017/7/7,5:55:39,4:09,877,3915,2340,742,986
史上最萌坐骑居然被吃了？！教你做高颜值的【咕咕鸡夏日便当】绵羊料理,683,156374,//i2.hdslb.com/bfs/archive/7a537ecc4bbee36aad769f8b496624acfed18dc9.jpg,11731415,BV1Px411r73m,1498742043,2017/6/29,21:14:03,5:43,1346,2392,1428,609,548
香草鸡排·菠菜清汤·蛋白霜冰淇淋丨绵羊料理的减肥餐NO.1,510,134086,//i1.hdslb.com/bfs/archive/e9510a52248ea88e003f63c7ae109ec4d14d9da4.jpg,11554029,BV1ox411z79Q,1498202170,2017/6/23,15:16:10,3:31,434,2677,1386,331,423
在家制作纯天然的【日式刨冰】绵羊料理,1135,217741,//i1.hdslb.com/bfs/archive/07cdb093ea6f75bdc18d8c345a2aece06e402575.jpg,11324483,BV1Cx4118734,1497438198,2017/6/14,19:03:18,6:21,1684,5268,1498,650,1828
2分钟学会懒人电饭煲【辣椒拌饭】绵羊生存料理,505,161935,//i0.hdslb.com/bfs/archive/9725d4231000a036383713fdc5b06ba7bae00115.jpg,11027518,BV1Rx411h7FD,1496429935,2017/6/3,2:58:55,2:00,249,3477,1168,734,881
全职高手【千机伞翻糖】叶修生日特辑丨绵羊料理,1376,284541,//i2.hdslb.com/bfs/archive/ae49920c00251f2b981f522a554967e6bbecb2cd.jpg,10853877,BV1Dx411Y7zh,1495857409,2017/5/27,11:56:49,4:04,112,6653,7306,2557,1444
好吃又好玩【拉菲拼图饼干】丨绵羊料理,3635,124676,//i1.hdslb.com/bfs/archive/34006f00e12bc3c44e5884e628cb0712ac947e1e.jpg,10801154,BV14x411Y73i,1495728052,2017/5/26,0:00:52,4:12,706,1551,1531,439,611
【咸蛋黄卤肉粽子】好吃到自己都被感动了ToT丨绵羊料理,1380,197712,//i2.hdslb.com/bfs/archive/bca38fc1945040cecb64a9bbe71ebaeb1425b2c0.jpg,10623729,BV1Hx411v7kG,1495008165,2017/5/17,16:02:45,6:52,1836,4491,4273,1323,1380
【初夏的冰果子·抹茶寒天红豆霜】绵羊料理,982,431114,//i2.hdslb.com/bfs/archive/d43c9e7769c4cd6778367875ff1d884006aff92b.jpg,10342592,BV1Gx411m7X8,1494028812,2017/5/6,8:00:12,3:06,1583,20983,3515,1450,3559
鲜香味浓的【肉骨茶】只需3步丨绵羊料理,815,148056,//i1.hdslb.com/bfs/archive/222af4ab1c1a26a69cfa732430dfc42a2247cc47.jpg,9975546,BV1gx411U7yJ,1492697134,2017/4/20,22:05:34,2:06,524,3472,1080,400,688
不开火！香辣土豆牛肉饭便当丨绵羊生存料理,738,315288,//i0.hdslb.com/bfs/archive/e320c594037687a38134067fa1eaf59e3bfa44ab.jpg,9849362,BV1wx411D7DU,1492228249,2017/4/15,11:50:49,1:52,635,9610,2850,1200,1830
简单的noodles，鸡翅挂面丨绵羊生存料理,750,206822,//i0.hdslb.com/bfs/archive/cba688224de139d74451fc77a35c22f898ee39c7.jpg,9660759,BV11x411Q7i5,1491499846,2017/4/7,1:30:46,2:00,466,5118,2096,743,1130
史上最黑暗料理！只有航海王路飞敢吃的【克苏鲁烤鸡】丨绵羊料理,1302,233625,//i0.hdslb.com/bfs/archive/27a5b3427a389a9ecdd5d2c0b64502eb6034aac5.jpg,9438106,BV1Ux411D7Ja,1490661005,2017/3/28,8:30:05,11:15,4141,1241,3955,1488,1167
刀剑乱舞·狐之助散寿司便当丨绵羊料理,2841,131158,//i2.hdslb.com/bfs/archive/af26b1e8b2afcaf3396632e20dbb04d471afde1e.jpg,9428531,BV18x411k7xQ,1490600175,2017/3/27,15:36:15,4:23,1243,2858,1381,265,589
火影忍者·鸣人四重影分身【寿司蛋糕】丨绵羊料理,634,142115,//i2.hdslb.com/bfs/archive/b839f2c5ac19081b59f5dc8adb6b7f5ab23d48b5.jpg,9345614,BV1Lx411k7KB,1490274453,2017/3/23,21:07:33,4:53,1182,1264,2213,294,409
辣美乃滋炸虾球&豌豆浓汤丨绵羊料理,6431,173411,//i2.hdslb.com/bfs/archive/f2b948767d328b2658c6319e05fc5fc164c24bf2.jpg,9207773,BV1Hx411r7rQ,1489705253,2017/3/17,7:00:53,3:33,178,5072,1432,503,700
用新鲜蚕豆做春季的当令美味·香肠蚕豆饭丨绵羊生存料理,400,119725,//i0.hdslb.com/bfs/archive/04dfd2602c7c37c80300bf14a181508b19d91809.jpg,9050445,BV1xx411C7VF,1489022292,2017/3/9,9:18:12,2:22,476,2511,1231,337,619
皮皮虾海鲜饭，我们走丨绵羊料理,494,181818,//i0.hdslb.com/bfs/archive/8cae259529e724610d88b0883ab8dd71636ea376.jpg,8931200,BV1zx411k7i8,1488493501,2017/3/3,6:25:01,3:15,920,2453,1859,588,480
天使波利·超Q弹和果子日式甜点丨绵羊料理,407,203276,//i0.hdslb.com/bfs/archive/b657163f111e557a7b66c87ffbc4bc257b26dafe.jpg,8885558,BV1jx41117r2,1488264913,2017/2/28,14:55:13,4:56,759,2180,1178,385,545
极简豆豉鲮鱼蒸蛋饭丨绵羊生存料理,766,229885,//i1.hdslb.com/bfs/archive/ab7f5e28b8e8a4c77aab554d11aaf497acb01fad.jpg,8655518,BV1Kx411y7D3,1487253620,2017/2/16,22:00:20,1:54,491,9242,2217,1134,1036
情人节“仰望星空”分手派丨绵羊料理,1521,249190,//i0.hdslb.com/bfs/archive/a82cce77d29ce816fac0e41151ec7b5b019642ae.jpg,8543442,BV1cx411272t,1486782850,2017/2/11,11:14:10,6:41,2109,1726,1620,1489,2010
极简电饭锅鸡肉蘑菇饭丨绵羊生存料理,753,393679,//i2.hdslb.com/bfs/archive/c83faf82c22893bb1a2f651012ca22b18a8e99a5.jpg,8363298,BV1Cs41187Pe,1486052669,2017/2/3,0:24:29,2:03,698,23285,3992,3307,2981
绵羊也来【捶你胸口】233,701,141768,//i1.hdslb.com/bfs/archive/f0b53357a8a8c0a094e1d3f9f0ffd028492e0367.jpg,8335108,BV1es41187ri,1485940225,2017/2/1,17:10:25,1:02,838,865,2503,336,441
最高级咖啡果冻布丁丨齐木绵羊料理,729,406129,//i1.hdslb.com/bfs/archive/3a469397acaf7f0297d89a14093e2b4ea4abc215.jpg,8245105,BV1os411b7uP,1485476014,2017/1/27,8:13:34,2:46,270,11744,3552,871,5182
航海王启航阳光饭丨绵羊料理,506,153705,//i2.hdslb.com/bfs/archive/354c9c27c0097f3c11fb92d39a9b99de65d025bb.jpg,8158587,BV18s411b7xw,1485086607,2017/1/22,20:03:27,6:12,1083,1057,1284,223,352
绵羊屋的日式馒头(ฅ´ω`ฅ)丨绵羊料理,564,242129,//i2.hdslb.com/bfs/archive/3b53599841d302b6ad2f5fb898ff60b13ec03a42.jpg,7903674,BV1As411h7Ua,1483821471,2017/1/8,4:37:51,5:43,1424,7342,4540,537,897
蛤？原来这货就是腊八粥啊丨绵羊料理,482,96934,//i2.hdslb.com/bfs/archive/d44b253a51b66168ffc8a8b5e6754f0c97f516fa.jpg,7859401,BV1ns411Y7T1,1483587123,2017/1/5,11:32:03,2:04,570,1196,1963,173,340
极简微波炉蛋包饭丨绵羊生存料理,959,578799,//i1.hdslb.com/bfs/archive/a75c2d714f5f786d500b144c338d8fd01b4e59d0.jpg,7757659,BV1Us411a7op,1483038334,2016/12/30,3:05:34,2:45,1555,21442,8016,2662,4577
自制棉花糖+热巧克力~圣诞必备丨绵羊料理,539,406663,//i2.hdslb.com/bfs/archive/892ab9dc262a120ddb7a1e5105929f3cfa2bb257.jpg,7671467,BV1Ys411a7wq,1482560379,2016/12/24,14:19:39,5:06,1864,13416,3410,956,3610
【家常罗宋汤】开胃暖心的冬季热汤~绵羊料理,448,275440,//i1.hdslb.com/bfs/archive/3f3e8b4e26026c270ae5e34c4e0f737c2bc23ac1.jpg,7543765,BV1vs411e78G,1481817682,2016/12/16,0:01:22,4:06,1154,7217,1521,744,1636
绵羊料理第40期巨蜥烤肉丨试吃花絮,213,153226,//i0.hdslb.com/bfs/archive/1e4908dd5bcbd1f0d39ddf5a07cd354d547ae67c.jpg,7402264,BV1Cs411Y7ce,1480949870,2016/12/5,22:57:50,2:45,414,216,374,61,544
海贼王山治的巨蜥烤肉丨绵羊料理,524,388415,//i1.hdslb.com/bfs/archive/21dc9d5a4bc5a08ce4a73d8a3c78e44f0f244edb.jpg,7393457,BV16s411Y7JY,1480912639,2016/12/5,12:37:19,7:42,2982,2124,1924,477,2285
茄汁鸡翅锅~冬日里的营养美味丨绵羊料理,430,274465,//i0.hdslb.com/bfs/archive/f50ad82f5bc59f8533f5925588bb628d27e62892.jpg,7327545,BV15s411s7xF,1480530765,2016/12/1,2:32:45,3:53,1160,9387,1972,837,995
白桃乌龙奶泡茶丨自制声声乌龙~温热vs少冰【绵羊料理】,520,222289,//i1.hdslb.com/bfs/archive/963087372baf4d1b24291cca55392c80dccc7a79.jpg,7237328,BV12s411W78V,1479991354,2016/11/24,20:42:34,3:13,563,10890,2637,1240,2656
大阪名物！百年老店自由轩的超人气咖喱饭丨绵羊料理,645,569338,//i0.hdslb.com/bfs/archive/02860b171275e4d7ea19d0e38b83474d0c14cf37.jpg,7157826,BV1Ys411W776,1479523013,2016/11/19,10:36:53,3:56,1328,11229,2937,971,3200
啊~暖胃热身的相扑火锅丨绵羊料理,534,263285,//i1.hdslb.com/bfs/archive/067620aecfb8f2843e2c67e7c21ea830b7178dd6.jpg,6991213,BV1ps411x7Fd,1478435103,2016/11/6,20:25:03,4:22,894,5163,2436,504,872
教你做香甜可口的豆皮寿司丨绵羊料理,738,366408,//i1.hdslb.com/bfs/archive/9a3316a7fd3aa7795fa03124a29230746dfd13b5.jpg,6868270,BV1es411s71x,1477713456,2016/10/29,11:57:36,4:50,1678,10063,2373,654,2438
15分钟日式蟹肉菜粥~低卡美味~也可换其他肉丨绵羊料理,297,161144,//i0.hdslb.com/bfs/archive/3b9e48b8e5fdfc87a4c62289ce2ae728d6fd4d06.jpg,6758394,BV1Qs41147eL,1477015793,2016/10/21,10:09:53,2:53,547,5555,1227,414,545
蟹肉奶油可乐饼的做法丨绵羊料理,458,222178,//i0.hdslb.com/bfs/archive/f2876e681606078def56b82f020e38b792d9997a.jpg,6663924,BV1ps41147bU,1476374491,2016/10/14,0:01:31,3:12,810,10538,2128,903,891
教你做日式酥炸鱿鱼须丨绵羊料理,490,150713,//i1.hdslb.com/bfs/archive/2d8c4443472667931b67e68e59907b97482f7ccf.jpg,6574149,BV12s411x7ZQ,1475769763,2016/10/7,0:02:43,3:04,779,3735,1115,356,548
教你做日式酥炸鱿鱼须丨绵羊料理,490,150713,//i1.hdslb.com/bfs/archive/2d8c4443472667931b67e68e59907b97482f7ccf.jpg,6574149,BV12s411x7ZQ,1475769763,2016/10/7,0:02:43,3:04,779,3735,1115,356,548
夏目猫咪老师最爱烤鱿鱼丨绵羊料理,332,159678,//i0.hdslb.com/bfs/archive/f447037e50a6c8ca7a433bad0abb76deeec2d3b9.jpg,6556226,BV1Ds411x7gu,1475680874,2016/10/5,23:21:14,3:02,609,2920,1286,335,587
《心有所属》蛋包汉堡肉的做法丨绵羊料理,460,625745,//i2.hdslb.com/bfs/archive/f7fc7719185fb1459b9be3d5fefc8672c11aa1a5.jpg,6467596,BV1Ns411b7dT,1475211664,2016/9/30,13:01:04,3:06,866,18008,3397,1416,5676
教你做越南河内炸春卷丨绵羊料理,735,247775,//i1.hdslb.com/bfs/archive/ab5801cd86b9ab8b6840c6afe5ac3dbc3958c0d5.jpg,6408233,BV1is411t7JF,1474771489,2016/9/25,10:44:49,3:34,917,10123,1719,769,570
教你做越南牛肉汤河粉PHO丨绵羊料理,273,145266,//i0.hdslb.com/bfs/archive/9312cea02dbead9d6062ce3d9d9965ea226c6bb1.jpg,6379322,BV1ts411t7JL,1474572401,2016/9/23,3:26:41,4:21,582,3155,1045,383,885
台湾风黑醋黑糖醋排骨~简单美味只需2步丨绵羊料理,333,83608,//i2.hdslb.com/bfs/archive/f5287dd6fdfb5387d3707042dcecf91dbe1d6af0.jpg,6221569,BV1Ps411r7bQ,1473478683,2016/9/10,11:38:03,2:47,293,1347,672,116,360
火影鸣人最爱一乐拉面！含豚骨汤头·叉烧肉·卤蛋做法丨绵羊料理,1569,955667,//i2.hdslb.com/bfs/archive/f7b2c2183fd7e09c5570c81977eafea398ef8af6.jpg,6148352,BV1Cs41167Yt,1472928992,2016/9/4,2:56:32,8:03,5984,31361,16510,5495,14538
凯撒沙拉的做法丨绵羊料理,288,115670,//i0.hdslb.com/bfs/archive/62bfc1fb28f486fdec31ca00a4def6c4bbed6354.jpg,6012539,BV1Ds411k79G,1472149780,2016/8/26,2:29:40,3:14,529,2295,960,161,431
海贼王路飞最爱(⊙o⊙)棒骨大肉丨绵羊料理,854,628177,//i0.hdslb.com/bfs/archive/8f895a8a700d89692034a5c6d8532df3f480ad55.jpg,5891254,BV1Ns411k7jD,1471537423,2016/8/19,0:23:43,3:39,2227,15365,3732,2339,1679
噗尼噗尼【一大锅焦糖布丁】来袭丨绵羊料理,377,129690,//i1.hdslb.com/bfs/archive/62a09724c290d16ce351b7990f953aef8966007e.jpg,5799601,BV1vs411r7Sw,1471085317,2016/8/13,18:48:37,2:55,462,1998,1114,189,433
经典肉酱意大利面 | 绵羊料理,472,272572,//i2.hdslb.com/bfs/archive/4f77835335dba54847d4eff2a67c04970d71d588.jpg,5702945,BV1Zs411C7fY,1470587824,2016/8/8,0:37:04,4:37,1242,10155,1847,1241,1613
猪软骨捞公仔面&冰镇秋葵丨绵羊料理,628,168783,//i0.hdslb.com/bfs/archive/bd3df53c811baeaf523a0784fa8f3256f9b5afc9.jpg,5556914,BV1As411C7M8,1469808150,2016/7/30,0:02:30,5:09,1096,3734,1245,405,693
乐事薯片藿香正气白花蛇草水羊羹(含试吃)丨绵羊料理参赛~娘口三三惊呆!!,3794,280879,//i1.hdslb.com/bfs/archive/a5acd223bd58273da5c2183918e28350e1e229be.jpg,5404751,BV1os411y7m9,1468936790,2016/7/19,21:59:50,8:49,4809,3187,6480,3733,1915
自制炸酱粉丝沙拉丨绵羊料理,251,71199,//i2.hdslb.com/bfs/archive/9d4213bd31d9b4dfa911936b254e08d490479962.jpg,5335145,BV1is411y7KQ,1468506210,2016/7/14,22:23:30,2:41,277,2004,2493,153,367
冰镇紫苏杨梅桃子姜 | 绵羊料理,363,183027,//i2.hdslb.com/bfs/archive/49b671fe5f3a5c8d9998b2ca03d60b24b0e51445.jpg,5252932,BV1Hs411y7cf,1467978905,2016/7/8,19:55:05,3:31,784,6901,1478,745,1520
黑椒牛排炒饭⊙⊙竟如此简单丨绵羊料理,304,200505,//i0.hdslb.com/bfs/archive/21d5a76d3b41d48ea76a73154d444e826e7372cb.jpg,5152636,BV11s411v7so,1467299372,2016/6/30,23:09:32,3:42,750,8694,1442,859,881
家常肉汁拌饭 | 绵羊料理,331,158728,//i0.hdslb.com/bfs/archive/3568cdb122fc4ac83e75f977d199e6f66b8e9704.jpg,5071076,BV1Gs411v7GT,1466696669,2016/6/23,23:44:29,5:30,1191,5329,1295,777,903
2016016期幸运数字抽奖丨绵羊料理,133,64025,//i1.hdslb.com/bfs/archive/835bedd883e3a2cfd6070b9d94f43364555c9d87.jpg,5050078,BV1Vs411v7QV,1466522484,2016/6/21,23:21:24,0:24,45,64,190,22,558
红豆沙抹茶冰淇淋铜锣烧【绵羊料理】,269,160248,//i1.hdslb.com/bfs/archive/8279e88ba9b99a7cb846624a0bcf6f107cfe47c1.jpg,5017903,BV1Ks411v75Y,1466267974,2016/6/19,0:39:34,6:13,963,4935,1333,395,1125
用面包来做汤+溏心蛋【绵羊料理】,181,114145,//i0.hdslb.com/bfs/archive/0e7908ffaa787b5603ebc34fed4da408ac163a81.jpg,4918597,BV15s411q7Cw,1465476010,2016/6/9,20:40:10,3:25,535,2535,873,214,500
备考加油!!香蕉核桃补脑蛋糕【绵羊料理】,117,66467,//i0.hdslb.com/bfs/archive/9628169b4cc7006b9e5966e9f60f78d2bfb7de8f.jpg,4847149,BV1Cs411i7f1,1464917941,2016/6/3,9:39:01,4:12,344,1567,590,155,535
日式荞麦冷面【绵羊料理】,184,177255,//i1.hdslb.com/bfs/archive/6a53c2fd8a17d62783f983b841299e11868a55c1.jpg,4773037,BV1ns411i7XY,1464271346,2016/5/26,22:02:26,4:07,621,5103,1005,338,1379
秘制日式咖喱饭【绵羊料理】,1065,1263409,//i2.hdslb.com/bfs/archive/8f3ec4e5bb5d0235e405ea6ff3cd68f1bb2446be.jpg,4701788,BV1Ss411B7Ki,1463661033,2016/5/19,20:30:33,3:52,1699,43196,8250,7513,14947
奶香玉米土豆沙拉~简单到cry【绵羊料理】,183,168178,//i0.hdslb.com/bfs/archive/b922b3c748d2b81ed884c7bbe9c13cfdcd0fd07f.jpg,4631411,BV1ts411B7mr,1463052987,2016/5/12,19:36:27,2:08,377,7746,1183,495,1495
日式芝士鸡肉卷【绵羊料理】,245,161866,//i1.hdslb.com/bfs/archive/dce748729a788a127b889492f79a7e1cab18d084.jpg,4565841,BV1Ms411B7E5,1462450580,2016/5/5,20:16:20,3:38,643,6444,1190,537,833
【绵羊料理】《家族的形式》大介腌菜的做法,166,71961,//i0.hdslb.com/bfs/archive/65ce04704628ec7350b16414813c548b478a74d6.jpg,4495370,BV12s411q7W6,1461853229,2016/4/28,22:20:29,3:33,315,2302,577,174,603
电影《蜗牛食堂》蔬菜浓汤&薯片鸡蛋饼的做法【绵羊料理】,178,123410,//i2.hdslb.com/bfs/archive/910eea7743cba30f84a64b57401c97c82704082c.jpg,4431394,BV1Ts41167BA,1461254367,2016/4/21,23:59:27,5:10,639,4041,972,272,700
【绵羊料理】炸咖喱面包的做法,944,570489,//i1.hdslb.com/bfs/archive/5aa3c4c165e25ab13da122204cd01a4ebbf0cb13.jpg,4364412,BV1ms411z7ja,1460636222,2016/4/14,20:17:02,7:00,3894,26542,4268,2353,5064
【绵羊料理】香菇鸡腿肉饭的做法,273,191461,//i0.hdslb.com/bfs/archive/c4f1e1775d852f7e18f1a3898ac6012198940732.jpg,4192009,BV13s411X7Gp,1458978667,2016/3/26,15:51:07,3:49,570,10524,2167,1161,2175
【绵羊料理】电影《海鸥食堂》肉桂卷&饭团的做法,192,149882,//i0.hdslb.com/bfs/archive/504def17e7034723583864218e5ea4572eb025f5.jpg,4116295,BV12s411Q74n,1458189299,2016/3/17,12:34:59,8:20,853,4566,1212,389,1228
【绵羊料理】甜辣酱炸鸡&土豆浓汤(无印良品Café&Meal人气料理)的做法,1663,1685532,//i2.hdslb.com/bfs/archive/c5613c7c3b41ada4e3dd18af35b9adfa684de70a.jpg,3873685,BV1Ws41197b4,1455748340,2016/2/18,6:32:20,5:53,5921,70045,10677,6879,31832
【绵羊料理】电影《夏威夷男孩》包菜肉卷的做法,373,229051,//i0.hdslb.com/bfs/archive/76846524931d4d7027c8d9948aac2f6ca826067c.jpg,3696023,BV1Js411X7av,1454054895,2016/1/29,16:08:15,5:47,2686,8375,1272,950,1506
【绵羊料理】英式玛芬&芝士猪柳蛋汉堡的做法,489,303642,//i0.hdslb.com/bfs/archive/a80c9dfed91d19c55a058a820fc65845ff93dad4.jpg,3550337,BV1ss411R7qg,1452359112,2016/1/10,1:05:12,7:11,2001,6734,2788,676,3964
【绵羊料理】香酥芝士丸(北海道白熊咖喱店)的做法,1323,381266,//i0.hdslb.com/bfs/archive/40d165e33ba03f0c5f8c0fcf51ca95a1b862a44b.jpg,3433432,BV16s411979a,1450798879,2015/12/22,23:41:19,2:21,2212,5765,1478,613,5994
