﻿title,comment,play,pic,aid,bvid,created,date,time,length,video_review,favorite,coin,share,like
100一瓶的XO酱，在家自己做只要20块！太暴利了！,407,190693,//i0.hdslb.com/bfs/archive/55f76619bcceced5e6afbee511ec59b1adf97383.jpg,626023405,BV1kt4y1X7gz,1592139230,2020/6/14,20:53:50,5:27,1382,5217,3272,608,16325
开水白菜？哪有【开水龙虾泡面】来的平平无奇啊~,494,287470,//i0.hdslb.com/bfs/archive/d287c52cd89110905e278e78444b27a26d4d3501.jpg,243380318,BV1Rv411z7fW,1591534485,2020/6/7,20:54:45,5:37,1174,2568,5626,661,25883
【碧根果焦糖巧克力】 一颗治好低血糖,397,222925,//i0.hdslb.com/bfs/archive/e59310bd1a8adc5a1003e3f998689ac66544c9c4.jpg,200821695,BV16z411v7Eq,1590584074,2020/5/27,20:54:34,3:29,567,3898,3747,669,20421
一瓶液氮送包菜卷上天，这就是5块和500块的差距！,2430,995161,//i1.hdslb.com/bfs/archive/9dc470323a7f6c0db09411ece8fea4671ad2a274.jpg,795663344,BV1vC4y1H7Dc,1589970864,2020/5/20,18:34:24,5:25,4057,5548,10126,2663,51416
在家也能做的假龙吟蜜桃，5层结构，层层好吃！,634,327127,//i1.hdslb.com/bfs/archive/ae44911fa35a8ce4229453a7ad63d5d1454c1edd.jpg,455565451,BV1W541147tK,1589115402,2020/5/10,20:56:42,6:30,1411,4937,5243,1259,25661
一小时做完3天便当，竟能1个月瘦5斤纯脂肪！,1151,742053,//i0.hdslb.com/bfs/archive/d91400cb62dff621e34a9e057907cba79c5d1c5a.jpg,285386632,BV1af4y1S7wJ,1588283987,2020/5/1,5:59:47,4:48,1552,40455,22746,8219,50173
用离心机做螺蛳粉，美食up到底无聊到了什么程度！,1209,462417,//i1.hdslb.com/bfs/archive/cd87609fc659caec3981b19a284203216e84fd57.jpg,327941674,BV1PA41187eU,1588067301,2020/4/28,17:48:21,4:12,3544,4482,16081,5423,41232
不是鱼露，是鲈鱼！马壮实与TESTV动森联机治疗鲈鱼PTSD！【BB Time第268期】,1073,461247,//i1.hdslb.com/bfs/archive/e12139d96b3b4dfdec3a4fdab420ec5b772e58a8.jpg,882760473,BV1DK4y1r79p,1587254402,2020/4/19,8:00:02,13:12,3567,2947,8290,2720,23733
一道能拿下5000万投资的菜，在家复刻到底有多难！,2073,825950,//i2.hdslb.com/bfs/archive/76f0244283652abfe88f7927281f9b780ab4f458.jpg,837712522,BV1Wg4y187Qf,1586332817,2020/4/8,16:00:17,11:58,6635,18386,67739,4713,108137
小伙在家还原小当家【升龙饺子】，结果饺子真的飞了！,673,509776,//i0.hdslb.com/bfs/archive/3960749d2c0d1525782dddab6ee40a760f1250e8.jpg,582566013,BV1F64y1u7c9,1585386027,2020/3/28,17:00:27,4:23,1520,4244,8511,1231,37034
【黄焖长臂虾】让米其林三星餐厅直接录用你的料理！,964,408953,//i1.hdslb.com/bfs/archive/b1ae783aeca599b8b78cd786293aa3cb75792fc7.jpg,97854695,BV1WE411A7Yr,1584703779,2020/3/20,19:29:39,3:30,1848,1957,5828,675,18619
【炸乳酪烩饭】鸡蛋烩饭一菜两吃，完美~,493,370578,//i1.hdslb.com/bfs/archive/bf06388c61f0c5536333480fb8226cf598754155.jpg,94704033,BV11E411M74K,1583672823,2020/3/8,21:07:03,2:49,632,5919,4788,1100,25713
减脂餐还可以这么好吃？学会这三样，想胖都难！,839,302534,//i2.hdslb.com/bfs/archive/76585d71c26a0afd86a4c5769ab360b9ee50264a.jpg,94446045,BV1TE411g7Y4,1583581216,2020/3/7,19:40:16,3:43,1326,3973,3219,1198,18771
炸个葱油吃10天，油封个鸡腿吃10天，齐活~,683,496745,//i1.hdslb.com/bfs/archive/43ce93ef5992115cf183a229f4f34d98a61477f5.jpg,92158746,BV1J7411N7Ek,1582801264,2020/2/27,19:01:04,4:22,1319,9266,7988,2609,32332
【番茄牛肉滑蛋】一道蛋白质爆棚的家常菜，好吃！,800,592704,//i0.hdslb.com/bfs/archive/4b56adca7698ec2afc7fc189603f35202e3e566f.jpg,90397911,BV1g7411P7fg,1582254054,2020/2/21,11:00:54,2:46,739,23056,10540,5068,35303
1比1复刻小当家最难的真鲷大陆图，好看不好吃？,929,536322,//i0.hdslb.com/bfs/archive/8f532a63ce7fbb1fb44535594434fb25f9f3b3c8.jpg,86553606,BV177411p7VT,1580737809,2020/2/3,21:50:09,4:43,1616,5070,20199,2460,42698
把4斤五花肉放入200度油锅是什么体验！,757,517932,//i0.hdslb.com/bfs/archive/44c876ee4278d346c00391fbd45dffb3792d4659.jpg,84420050,BV1D7411Y7rN,1579598563,2020/1/21,17:22:43,3:55,1462,6668,7405,1504,27868
【沸腾鱼】不吃点又麻又辣的还叫啥冬天？,450,375925,//i1.hdslb.com/bfs/archive/bce388e5a23b5cf17b5c74ae6702ee562e26c66a.jpg,83133079,BV1xJ411n7km,1578827008,2020/1/12,19:03:28,3:19,1402,5007,4225,1611,21184
【鲍鱼砂锅鸡】150块钱搞定年夜饭最硬菜式！,372,332860,//i1.hdslb.com/bfs/archive/1fd468850f278621fe04d50348b14a8baef89834.jpg,82841311,BV1vJ411H7Zn,1578651027,2020/1/10,18:10:27,4:11,2344,6202,6326,1855,21639
酒酿蛋能进补，再加个藕粉圆子肯定更棒！,311,236484,//i0.hdslb.com/bfs/archive/e78fd0870c54936740d571a3f2fa9bbf2c9020e3.jpg,82427997,BV1ZJ411V7Ym,1578393009,2020/1/7,18:30:09,3:01,545,3257,2281,859,13563
给你一整只帝王蟹，你就给我吃这个东西？真香！！,565,424247,//i1.hdslb.com/bfs/archive/81a675b9a84e9e77040f009e641f8ae873dfdc5f.jpg,81679103,BV1dJ411b7Sb,1577888790,2020/1/1,22:26:30,4:51,1732,6730,17209,1252,36689
皮卡丘毛厚肉多，看起来就很好吃，抓一只尝尝？,390,255708,//i1.hdslb.com/bfs/archive/c9e1778ad725f3022ef058e1ea97e98a9c95e344.jpg,81304782,BV1DJ41187Jy,1577705487,2019/12/30,19:31:27,3:18,565,570,1148,521,10418
"生物课完整肝脏解剖,法国人的腐乳到底好不好吃！",887,508309,//i1.hdslb.com/bfs/archive/43b608fe134fdd5db6336b7e80895a132fe89b50.jpg,80643930,BV1mJ411W7E2,1577279666,2019/12/25,21:14:26,4:10,1246,4267,5119,833,25385
一个人吃一整块【惠灵顿牛排】是什么样的体验！,1172,2543067,//i2.hdslb.com/bfs/archive/c61401605f443aca401f1a1af0c190b0202052e3.jpg,79969376,BV1rJ411x77k,1576840663,2019/12/20,19:17:43,8:19,4814,30791,26022,8705,71714
【手握寿司】好吃的寿司，真正的灵魂还是在于米！,472,333323,//i2.hdslb.com/bfs/archive/c02df847db4e02c08e7edd656e1863e29121cb98.jpg,79647602,BV1cJ411r7SR,1576663229,2019/12/18,18:00:29,4:39,1196,4911,4644,809,20407
买了牛排不会切，教你如何在家处理整条菲力牛排！,526,414011,//i1.hdslb.com/bfs/archive/163336c07cbe732698b76ad3c812ba52232f8388.jpg,79495949,BV1sJ41167ar,1576486721,2019/12/16,16:58:41,4:15,564,4646,6120,1160,22486
【酥皮浓汤】冬天了就该喝一口热乎乎的浓汤~,495,649484,//i1.hdslb.com/bfs/archive/8bc95063fa55b7eea4d0f6503e399206daf7f5bc.jpg,78881043,BV1JJ411177Q,1576063186,2019/12/11,19:19:46,3:00,679,18575,12734,2217,38451
超详细的酸菜鱼教程，保你个个会杀鱼个个会片鱼~,604,429106,//i2.hdslb.com/bfs/archive/8145be3c3ab6252fbbaa9d529adc13953aa2a1fb.jpg,78041397,BV1gJ411B7KQ,1575458688,2019/12/4,19:24:48,5:48,1151,13619,10619,3277,25866
抹茶和意面，这是什么奇妙搭配~,343,229578,//i2.hdslb.com/bfs/archive/84bc56f1350fddd6909d9500d0fa2abfdb38700d.jpg,77220520,BV1yJ411X72V,1574850963,2019/11/27,18:36:03,1:56,449,2885,2597,723,13541
万物皆可天妇罗，轮到【鸡翅】酱汁多~,367,322252,//i0.hdslb.com/bfs/archive/00f97e4036592159439e35913a80a8074ab18311.jpg,76143187,BV1VJ411m7Yn,1574070263,2019/11/18,17:44:23,5:00,961,6062,5990,1046,19135
当季的大闸蟹遇到梭子蟹，那就是鲜鲜鲜！,352,307153,//i1.hdslb.com/bfs/archive/c73a6f1124cf670dc96297f31eec86312c3a29be.jpg,75458986,BV1aE411e7U6,1573558934,2019/11/12,19:42:14,3:27,667,4458,4650,1539,17537
【焗海鮮意面】看学会了这道菜，以后焗啥都不怕~,252,324638,//i1.hdslb.com/bfs/archive/ead022f4bc667dacd67c24914e475a1e424d5f02.jpg,74754471,BV1tE411i7SZ,1573037265,2019/11/6,18:47:45,3:45,589,10637,6877,1489,20042
2种健康早午餐，减脂期也能吃的美味组合,257,197263,//i0.hdslb.com/bfs/archive/7951b584a6ad044fa5a531ea4f23ae59e11bcc49.jpg,74129226,BV1eE41187YN,1572604210,2019/11/1,18:30:10,3:44,463,3379,2015,634,10433
大饼卷万物，作为早餐，午餐，外带都很合适~,504,370545,//i2.hdslb.com/bfs/archive/e99c76a6ef1878a9abb5468adcf5490e04e96e59.jpg,73841346,BV1mE411h7HL,1572347750,2019/10/29,19:15:50,2:54,554,9795,5982,1341,20574
酒酿，珍珠，豆奶组合起来的味道你肯定想不到！,492,232364,//i0.hdslb.com/bfs/archive/a1dcddfd41818e4db5f94bb409826a5eeabffb6e.jpg,73378223,BV1aE41117SZ,1572008693,2019/10/25,21:04:53,3:00,584,4211,3285,1066,13956
【香料黄油】黄油直接吃是什么感受，香，很香，特别香！,376,420125,//i0.hdslb.com/bfs/archive/ef6200963a1d3a86bad1531163bccb3f34de5bbd.jpg,73250198,BV19E411y7pk,1571906693,2019/10/24,16:44:53,3:02,488,7398,5718,895,21516
【烟熏红椒蓝贻贝】不用白葡萄酒，用面粉也能做出好吃的贻贝~,373,228276,//i2.hdslb.com/bfs/archive/99d5c55b4d9cce780846f8387ace8f337c3bc0a5.jpg,71991591,BV1ME411r7mj,1571650253,2019/10/21,17:30:53,2:26,394,3094,2871,547,12733
【秋日杂蔬鸡腿盖饭】加了桂花的红烧料理才有秋天的味道~,358,296800,//i2.hdslb.com/bfs/archive/f437c1cdbdcddcf6ce4f2f2fc026f15d97e09466.jpg,71220241,BV1ZE411d7qQ,1571050636,2019/10/14,18:57:16,2:52,632,6985,4128,1269,15075
【土豆炖牛腩】超级下饭菜，汤浓肉烂土豆香！,393,371710,//i0.hdslb.com/bfs/archive/97a4d7cf973f61f45c905a6c6697c84417e01ebf.jpg,70871809,BV1kE411o721,1570790010,2019/10/11,18:33:30,2:46,552,14566,7341,2786,18845
吃不起300一碗的【蟹粉捞面】，在家自己也能做！,609,365930,//i0.hdslb.com/bfs/archive/aef6331fe86877eb3f1e3efba669129b54a40f96.jpg,70569571,BV1DE411Z7Mq,1570530941,2019/10/8,18:35:41,3:38,859,6218,4708,3193,17386
【姜汁猪肉盖饭】猪肉自由的人生才是完美的- -,367,292600,//i2.hdslb.com/bfs/archive/da7febcec4492e4066e0fb47e9aceec3ffd59f4e.jpg,69502045,BV1YE411X7yS,1569836062,2019/9/30,17:34:22,2:28,473,7401,4166,1215,14873
只要吸饱了汤汁，3块钱的粉丝比大虾还好吃~,446,359844,//i2.hdslb.com/bfs/archive/d179bfa52ac63ba4441b37bb95258a7e64f3b4fd.jpg,69042664,BV1JJ411T7DB,1569489458,2019/9/26,17:17:38,4:07,879,11767,7850,2331,21170
万物皆可卷的【墨西哥手撕猪肉】，怎么组合都好吃~,505,334644,//i2.hdslb.com/bfs/archive/891e05473f8cbc7a319905f5214c582e1875696a.jpg,68748636,BV18J411M713,1569231241,2019/9/23,17:34:01,4:01,983,7896,7107,1353,20300
【宫保鸡丁】肉要滑嫩，酸甜适度，再带点麻辣才好吃~,309,288903,//i0.hdslb.com/bfs/archive/ebeb6b8513b6d6d00de058e8c7e73473714b966d.jpg,68373000,BV12J411378N,1568970426,2019/9/20,17:07:06,2:51,522,9180,4244,1296,13769
不孤独的美食番-海鲜什锦锅及工作日便当，让你的生活更温暖一些,622,358453,//i1.hdslb.com/bfs/archive/7a400c8f473a84e4b35771e083f75c864deac1dd.jpg,68057957,BV1KJ411w7LF,1568715308,2019/9/17,18:15:08,3:52,1340,5339,5107,1924,17906
【莲子两吃】焦糖莲子，冰糖湘莲你爱哪个？,312,173085,//i1.hdslb.com/bfs/archive/3c2e8501eb232e8d0c6337ba651c1393c7437db9.jpg,67876157,BV1wJ411P7xq,1568545750,2019/9/15,19:09:10,3:27,485,2204,2107,401,10330
中秋限定【大闸蟹鲜肉月饼】错过等一年！,548,217735,//i2.hdslb.com/bfs/archive/5c255e11115b547dd03b5fc9b820f8d19cbcf7ca.jpg,67266909,BV1KJ411K7B1,1568115883,2019/9/10,19:44:43,3:46,530,2267,3395,967,12861
烧烤摊上的绝对霸主【蒜蓉】，烤茄子，生蚝都很合适,528,446445,//i1.hdslb.com/bfs/archive/b2ea593d9bdc083311d3db6ce541f6da9dfa5f62.jpg,66603491,BV114411C79j,1567588206,2019/9/4,17:10:06,2:14,814,13349,6870,2695,20905
来点刺激的，【辣子鸡】就要又麻又辣还有嚼劲~,554,358324,//i2.hdslb.com/bfs/archive/232b0d121e9ca8653d24b4f61403a6947f147f88.jpg,66018745,BV1P4411B7BM,1567157752,2019/8/30,17:35:52,2:22,902,8601,5340,1846,17867
在家不生火也能做出Bistro的套餐料理？！,497,247245,//i1.hdslb.com/bfs/archive/c0bc06a58328197a0d71a65f64def13643ce2471.jpg,65568726,BV144411B766,1566900022,2019/8/27,18:00:22,5:01,965,2524,2177,405,11783
【唐扬炸鸡】笠原流炸鸡大法，到底好不好吃~,515,419229,//i1.hdslb.com/bfs/archive/e4411a8ef914a844f6def86c306653ce86e4abc0.jpg,65017093,BV134411r7b4,1566553292,2019/8/23,17:41:32,1:46,758,10703,6015,1552,20522
【铁板牛排灵魂炒饭】肉食者的完美料理，大满足~,1048,376585,//i0.hdslb.com/bfs/archive/d25d76f966994a37944ace5b2113aca87a33697c.jpg,64722624,BV1m4411d7o8,1566379968,2019/8/21,17:32:48,2:45,726,7804,6440,1819,21588
来成都蹭一顿川菜晚宴，味道、日子都好巴适~,480,206434,//i0.hdslb.com/bfs/archive/38e4cf28deb6ba537a88ebcd8f44808bf3d145d0.jpg,64131675,BV1u4411f7zs,1566035540,2019/8/17,17:52:20,4:08,791,720,1536,337,10291
【番茄烩饭】酸甜的番茄加上多汁的鸡胸，简直完美！,874,596856,//i1.hdslb.com/bfs/archive/79b4d3e09461e5cbbf329f94b66e87747940f13f.jpg,63774453,BV154411U7cP,1565861442,2019/8/15,17:30:42,2:59,968,26478,11789,4038,29494
这个七夕，把心意融进食物中，尝一口才知道,945,227480,//i2.hdslb.com/bfs/archive/0c89a68cb4971e4b4692c029f947ec1da56eb1f0.jpg,62663859,BV1wt411N7Cq,1565186154,2019/8/7,21:55:54,1:58,1437,1543,4899,318,17555
只要三步，一根擀面杖，释放原力就能打出好吃冰沙,883,273091,//i1.hdslb.com/bfs/archive/5f768c36eeecaf39a0383465db935d4647b1d3d5.jpg,62290087,BV1nt411M7GP,1564999228,2019/8/5,18:00:28,4:22,1675,7617,12784,3323,21447
【烤羊腿】里的土豆竟然比羊肉还好吃，育碧赛高！,507,283699,//i0.hdslb.com/bfs/archive/e92c8fef6eae47fb20897c51870abde086314b83.jpg,61598152,BV1Kt411w7qJ,1564573156,2019/7/31,19:39:16,4:30,1213,5216,5818,807,16725
黑暗料理你来定，花生酱鱿鱼脚大战老干妈草莓酱！,1406,393777,//i0.hdslb.com/bfs/archive/99d1c9640dd71f59c6c3d280228d67503a57a335.jpg,60429241,BV1mt41177ob,1563876066,2019/7/23,18:01:06,4:31,3336,2153,5735,689,16614
让【海鲜粥】好吃10倍的秘诀竟然是虾头和蟹脚！,568,334863,//i1.hdslb.com/bfs/archive/81c3e387a4617e1aa2278a789815b5c030ee2b1f.jpg,59850677,BV1gt411n7Db,1563529062,2019/7/19,17:37:42,3:08,899,6371,7253,1218,19567
【蒜香排骨】让排骨外酥里嫩，蒜味十足的秘诀竟是它,587,464195,//i2.hdslb.com/bfs/archive/aa71af0df92d56c845148d22a21f494f35f3e164.jpg,59419127,BV1it411G7xK,1563270738,2019/7/16,17:52:18,2:28,817,16051,8913,2789,21811
【芝士和牛快乐饼】对于热量，你可能没有足够认识,646,409957,//i2.hdslb.com/bfs/archive/28da1e293b30da5b25f33b0a2c51fe4b31a46528.jpg,58888275,BV1jt411L7qs,1562925542,2019/7/12,17:59:02,4:59,1355,6334,6428,965,20611
【蒜味虾】大蒜和虾的真相（香），没有那么简单~,557,380000,//i1.hdslb.com/bfs/archive/075497b0b9719654e830b235fbd989172c453f9e.jpg,58464288,BV1ax411Z7Wx,1562659954,2019/7/9,16:12:34,2:32,754,11547,7975,1369,19673
意式肉丸配上辣味番茄酱，一口一个，连吃30口~,495,291985,//i0.hdslb.com/bfs/archive/73538a5c51fc6daed1a0ae6dbc40d0ea44449203.jpg,57950368,BV1T4411c7CX,1562325175,2019/7/5,19:12:55,4:10,970,8564,7564,831,17325
牛尾做的【罗宋汤】不止番茄汤汁浓郁，牛味更足！,664,385060,//i0.hdslb.com/bfs/archive/ff575c3b4aa1509af2aa625383abbbb26bec8d89.jpg,57582506,BV1wx41197su,1562062641,2019/7/2,18:17:21,3:04,699,10010,6977,1575,19296
照烧酱搭配生姜猪肉，再来一个温泉蛋简直完美~,738,396309,//i2.hdslb.com/bfs/archive/a9d2891d12b3cccec2665a2dc8a4eb9051a7313c.jpg,56777608,BV12x411o7yx,1561456850,2019/6/25,18:00:50,2:52,851,10009,6830,1235,18433
听说学会这10种【日式烤串】，就能开店了！,1297,521676,//i0.hdslb.com/bfs/archive/d147a3fade916ff1ca11855c990ff51d2c15a0a1.jpg,56157351,BV1y4411g7Nh,1561025415,2019/6/20,18:10:15,5:03,2084,13102,11549,1904,26353
你看这舌头又长又宽，真漂亮，不如烤了吃了~,1238,864275,//i0.hdslb.com/bfs/archive/a98378feee170b75155e22da0cae5b8a90e62383.jpg,55896812,BV1P4411G7DV,1560769917,2019/6/17,19:11:57,3:59,1835,6325,7316,1510,26162
谁说【冰粉】不手搓，就莫得灵魂，有酒酿就行！,774,424967,//i1.hdslb.com/bfs/archive/86094904a178c884de2c2a3cdbc14662a1437e3d.jpg,55568892,BV1c4411N7Bf,1560511471,2019/6/14,19:24:31,2:54,1195,8033,7479,1301,21975
【凤尾虾天使意面】熬虾油，煎大虾，炒吧炒吧真好吃~,595,313863,//i2.hdslb.com/bfs/archive/9e9c840e74d1992a086c06c127f2e3e960f9155e.jpg,55175564,BV1r4411N7q6,1560158836,2019/6/10,17:27:16,3:17,975,7487,7703,1062,18377
胡萝卜竟能穿针引线，这样的【凉面】会更好吃吗？,1133,299348,//i2.hdslb.com/bfs/archive/85e228e00d1128b07e0b6921f7d031a3893a1eab.jpg,54543111,BV1D4411T7qs,1559638150,2019/6/4,16:49:10,3:37,458,6233,5728,785,15319
用电饭煲做一份超多汁的【手抓羊肉饭】，真零失败~,1013,463795,//i2.hdslb.com/bfs/archive/b18656fffe0981b8854a528a46da37785b0c1b36.jpg,53871272,BV1p4411W7a8,1559035100,2019/5/28,17:18:20,2:47,820,17951,10970,2915,21736
【烤猪肋排】撕着吃才过瘾，一口一根一整排，真爽！,597,393212,//i2.hdslb.com/bfs/archive/96e8bfe002d573c536544548dc24befd937fd87e.jpg,53443155,BV1q4411L7Bh,1558690919,2019/5/24,17:41:59,2:42,630,10037,9907,1711,22051
【芝士年糕辣鸡】这是一份充满一切幻想的食物，够劲,1035,513410,//i0.hdslb.com/bfs/archive/48c1dd765fe4f1d418ba11096120a1aec5eaf023.jpg,53162246,BV1P441177FN,1558430167,2019/5/21,17:16:07,3:57,2024,13701,10751,2339,25541
【番茄炒蛋】竟然能加【虾仁】，真是猪心的好吃啊！,897,411095,//i1.hdslb.com/bfs/archive/0ab7925e2066bc31187a38e5ed5ea909311986f3.jpg,52673724,BV194411J7eN,1558085441,2019/5/17,17:30:41,2:15,899,18456,10539,2247,21621
不用烤箱不用吉利丁的全熟【提拉米苏】，15分钟搞定~,811,855652,//i0.hdslb.com/bfs/archive/af9acc175723edd74b8ed7952a3e36316fbcb972.jpg,52430422,BV164411E78L,1557807689,2019/5/14,12:21:29,3:09,727,33900,12162,3204,31414
这碗真的有荔枝的【荔枝肉】，散发着自由的气息~,840,304639,//i1.hdslb.com/bfs/archive/eb6829ae999243543b0757e24f6eaf086695bead.jpg,52128861,BV1P4411e7Fm,1557563724,2019/5/11,16:35:24,4:16,1192,7223,6292,1029,16483
无限续肉，胃有多大就给你多少牛肉，有本事吃穷我！,1750,1513779,//i1.hdslb.com/bfs/archive/61245af7dbd8339e6ac95e5abb7624fb10866fef.jpg,51921063,BV1w4411Y7wY,1557392822,2019/5/9,17:07:02,4:09,2160,24345,19118,2786,40843
只用鸡蛋，牛奶，吃剩的面包片做的【法式吐司】到底多好吃~,851,369358,//i0.hdslb.com/bfs/archive/6d4b29b761e15874c434e5adc044ee194e41cf86.jpg,51428959,BV1c4411i7WE,1556961002,2019/5/4,17:10:02,2:27,672,9261,7068,1028,19224
热量警告，芝士警告，牛肉警告，拉丝嫩牛五方来了！,782,476806,//i0.hdslb.com/bfs/archive/a885a9074e8cc11f23f8cfb88f9a9e842bd16aea.jpg,51176670,BV1h4411x75x,1556790943,2019/5/2,17:55:43,3:42,980,13573,14872,1701,30262
【麻辣小龙虾盖饭】3斤龙虾竟然只有250克肉！,1069,497217,//i0.hdslb.com/bfs/archive/8ca3a0089b9a9928acf4aa0f5d4ac91f14eea079.jpg,51057040,BV114411t7dT,1556703152,2019/5/1,17:32:32,4:36,1715,12120,13393,2813,26328
把生鸡蛋直接放入200度的油锅里，会发生什么？,1140,858998,//i2.hdslb.com/bfs/archive/e3069729c23ff295302a842369c16e9189c9f954.jpg,50363121,BV1W441187HP,1556186406,2019/4/25,18:00:06,2:32,1151,13448,9227,1989,28179
用500元打造小白厨房，附赠【大碗宽面】，真香！,1121,337894,//i1.hdslb.com/bfs/archive/a4335f047a58933697c47c42e1ee3c8c3daacc31.jpg,50246444,BV1sb411G778,1556010532,2019/4/23,17:08:52,5:00,2280,8665,9737,1163,19184
这是一份无限牛肉，吃到撑的【辣牛肉石锅拌饭】！,798,452564,//i1.hdslb.com/bfs/archive/f4d4dcda5741f7a84c9ac99eba92ce1a0afceacf.jpg,49707440,BV1Sb41157Co,1555583756,2019/4/18,18:35:56,3:34,991,10836,8596,1917,20004
一个视频解决所有【沙拉】问题，月瘦10斤不是梦！,1507,591654,//i2.hdslb.com/bfs/archive/a2ee77f46407140f2296b64da8791cef5f034150.jpg,49418958,BV1Vb411j71u,1555325585,2019/4/15,18:53:05,7:12,1766,47948,33604,6140,35114
【腌笃鲜&油焖笋】六斤重的笋竟然还只是个宝宝！春天的味道,1034,475566,//i1.hdslb.com/bfs/archive/67fd43982edf25d442c7493c9e0db921fe5f96a4.jpg,49071547,BV1Gb411K7iE,1555059998,2019/4/12,17:06:38,3:54,1344,7457,8085,2157,19062
你冰箱里有啥就放啥，快一起来做【乱炖】吧!,782,332303,//i1.hdslb.com/bfs/archive/c1cf22537da709d22b8914ee837dbcaaf088fda2.jpg,48704240,BV1Qb411u7Vu,1554715440,2019/4/8,17:24:00,2:52,696,5089,4519,683,13926
用火锅底料做西餐，全熟【慢烤牛肋排】真香！,648,306804,//i0.hdslb.com/bfs/archive/cba96aaa82e188366857e2d149bb20cb3026936e.jpg,48244938,BV13b411g7aU,1554366389,2019/4/4,16:26:29,4:16,785,3993,5076,755,14173
老板，不要蛤蜊，不要贻贝，不要面，我只要汤！！！,566,284330,//i2.hdslb.com/bfs/archive/825ce665d7d314dc70831db421b5808d04a8cfd2.jpg,48075411,BV12b411p7zr,1554194437,2019/4/2,16:40:37,2:16,607,5557,5881,694,14222
弃肉喝汤，一毫升一块钱的牛排酱汁是如何炼成的？,500,329681,//i1.hdslb.com/bfs/archive/b8615d4a868db3403def226436f96c6d5a8d5ba5.jpg,47579368,BV1ib411x7X7,1553767053,2019/3/28,17:57:33,3:38,606,5922,6322,633,15257
百万调料师在线【炸鸡】，汁多皮脆肉嫩还带鳞！,873,602839,//i2.hdslb.com/bfs/archive/87b668ac606fac904fd8a0469d8d3c7afae2afd8.jpg,47318760,BV1ob41147z3,1553508585,2019/3/25,18:09:45,2:38,842,22652,12709,4019,26308
钱包警告，美食博主为了吃一口A5和牛，竟要吃土一个月！,24982,460060,//i2.hdslb.com/bfs/archive/09900fc85d95bcdb70088cd2ecdd4ba94f816251.jpg,46921427,BV1pb411J7Np,1553171002,2019/3/21,20:23:22,6:35,5414,19326,57379,2975,44901
没有烧烤架，如何做出焦褐感的【鳕鱼西京烧】？,511,264960,//i1.hdslb.com/bfs/archive/2c4b802ea2d7d79b9e6a7de99a81b2afc25c4222.jpg,46824601,BV1Qb411E7Tn,1553071144,2019/3/20,16:39:04,2:00,366,4428,5065,576,14387
那些年【老坛酸菜牛肉面】欠下的牛肉，一次还给你！,598,318682,//i0.hdslb.com/bfs/archive/1e51ae771a6234837f41b14dab0050860723f916.jpg,46335804,BV1Rb411H7Yy,1552639713,2019/3/15,16:48:33,2:41,641,6168,6866,1055,16315
【鸡胸肉松】难道就能减肥？看完就知道了！,557,275885,//i0.hdslb.com/bfs/archive/342320d997b209311551f2e8fb1ad73e8bfecf0a.jpg,45680479,BV16b411v7Ss,1552038138,2019/3/8,17:42:18,2:26,478,7247,5988,1230,14600
【炒蘑菇】这么简单我XXX还用学？真香。。。,646,355940,//i0.hdslb.com/bfs/archive/f946703df96977e0fd84b53b4c381ea3b609e589.jpg,45340827,BV1Mb411z7g1,1551692208,2019/3/4,17:36:48,1:41,440,12062,6457,1459,15595
不用烤箱也能做出口感丝滑的【焦糖布丁】~,1070,670492,//i0.hdslb.com/bfs/archive/121d9c6aef9076b2599ce358c0497d4995daf2eb.jpg,45020121,BV14b411b7tb,1551431172,2019/3/1,17:06:12,2:50,894,26991,11869,3394,26860
【云吃饭】用一整只龙虾做一份汤泡饭是什么体验？,947,359875,//i0.hdslb.com/bfs/archive/80d895539ab567d5676de64831e40a2ca9696fad.jpg,44764025,BV1Zb41187m5,1551175231,2019/2/26,18:00:31,4:14,1237,7459,8805,2097,17868
在家如何做出堪比意大利餐厅的【培根蛋奶意麵】！,763,452355,//i1.hdslb.com/bfs/archive/09421c9d2727625320c650310e1054352a1ede39.jpg,44362207,BV1xb411h7pn,1550831426,2019/2/22,18:30:26,3:08,819,16027,8569,1982,18842
【鲜椒酸汤肥牛】一整锅肥牛，竟然还能减肥！！！,846,608394,//i1.hdslb.com/bfs/archive/fd22bff929be47d61a271b73ff766c6999db7fdc.jpg,44076489,BV1Ub411a7x9,1550566939,2019/2/19,17:02:19,2:02,891,22101,11471,4644,23908
【龙胆石斑一夜干】这条石斑有丶东西啊！,734,257213,//i1.hdslb.com/bfs/archive/03159161bcbef7978ab7cdfa24286ebfa2896eca.jpg,43541171,BV1Ab41127am,1550141648,2019/2/14,18:54:08,3:10,922,2307,3435,483,10823
【芝士奶油焗土豆】没有比这更简单更爆炸的食物了！,1007,606990,//i0.hdslb.com/bfs/archive/fa15cd3a3bdf906d91dd541a49b19725676664cd.jpg,42273866,BV1pb411k7qk,1549879620,2019/2/11,18:07:00,2:11,858,24809,10914,3571,24522
如何在家破解寿司之神的招牌【厚蛋烧】！,708,461811,//i2.hdslb.com/bfs/archive/e5122726ccc4de8a73e47a4ced91b5e3da299a7a.jpg,42262823,BV13b411k7tC,1549620003,2019/2/8,18:00:03,2:49,1111,9435,10777,1006,23396
新年B站第一条【锦鲤】，想转运吗？盘他欧一年！,2421,275866,//i2.hdslb.com/bfs/archive/cf5250db0841551449f10d3929ff933260d21056.jpg,42425634,BV1Fb411C7wR,1549247433,2019/2/4,10:30:33,4:23,1744,4742,15650,1097,23386
【盐焗海鲈鱼】一条鱼用掉半斤盐，咸不咸啊~,551,247807,//i1.hdslb.com/bfs/archive/0fca8f41061bd44715098bedc8df0dbdfa68dd35.jpg,42083080,BV1Tb411y7qo,1548928508,2019/1/31,17:55:08,2:58,537,1405,2555,330,8989
大过年的怎么能没有一份美味的【卤味拼盘】？,627,295622,//i0.hdslb.com/bfs/archive/0a7153e68ef6118a43e3542159cbf41de6815890.jpg,41928595,BV1it411t7L5,1548669302,2019/1/28,17:55:02,3:25,531,6738,6362,1162,13668
【全是肉煲仔饭】有锅巴的煲仔饭才有灵魂，咔呲咔呲~,1129,669918,//i0.hdslb.com/bfs/archive/0267754e9eefac4e5cfd3aea6f93894eb5ac9206.jpg,41470100,BV1dt411t7GW,1548324006,2019/1/24,18:00:06,3:24,1280,17255,11373,3638,23947
为什么非要把芋头做成我吃不起的样子！,1449,386346,//i0.hdslb.com/bfs/archive/5421ac011f2390f19f6da75406ab640f24b2762a.jpg,41419853,BV1Dt411t7zm,1548164365,2019/1/22,21:39:25,2:44,885,6708,5771,959,15752
【可乐鸡翅】这真的是给手残党的新手教程。。。,1301,792844,//i0.hdslb.com/bfs/archive/01c1dfae1df5c0fcaeded2f80c494424e980eb2c.jpg,41222516,BV1at411874o,1547979935,2019/1/20,18:25:35,1:17,558,30839,11497,5728,24660
【脆皮炸牛奶】嫩起来不要脸，就知道Duangduangduang~,970,1135851,//i1.hdslb.com/bfs/archive/9c5f4b038c641935c347404348957a24d112927f.jpg,41029532,BV1Gt411a7P6,1547805910,2019/1/18,18:05:10,2:42,978,53386,18531,8895,44020
300一碗的【鲍鱼红烧肉】在家做只要80块，过年超硬菜！,797,531060,//i0.hdslb.com/bfs/archive/f0e023396cff68ed6d78166f4c6930bd2d2eb6bc.jpg,40700213,BV1tt411H7Ep,1547463984,2019/1/14,19:06:24,3:20,891,15598,10377,4502,19359
快过年了，学一手又香又酥超简单的夺命【小酥肉】！,887,592773,//i1.hdslb.com/bfs/archive/a9a11d98d16a8bf27af80610a9d23fb641386ff1.jpg,40465302,BV1mt411p7CD,1547201918,2019/1/11,18:18:38,2:50,753,22114,11249,4921,21705
这个猪肉又香又酥，这个蛋又滑又嫩，好吃skr人了！,554,374367,//i0.hdslb.com/bfs/archive/9a55a057a8da998b4b961d1524494333078840a4.jpg,40112942,BV1Dt411W7z2,1546854625,2019/1/7,17:50:25,1:46,481,6028,4369,1019,11787
【奶油蘑菇炖鸡】奶油，蘑菇，鸡肉“大乱斗”！,546,301108,//i1.hdslb.com/bfs/archive/474f845806401fb4e4f28e1637a0ce240563a9fd.jpg,39883300,BV1Ht411x7LV,1546598448,2019/1/4,18:40:48,1:48,469,10547,7437,1616,14359
说到【德国烤猪肘】，就想起三口一头猪，真香！,1126,579215,//i1.hdslb.com/bfs/archive/be0b4096dbb8b320d3695a5cbba05402cdc539ff.jpg,39427884,BV1Tt41167uk,1546248600,2018/12/31,17:30:00,3:52,1421,15187,10545,4931,20387
冬天多冷，【部队锅】就多暖，芝士年糕热量爆炸~,707,608298,//i0.hdslb.com/bfs/archive/9ac80ca454de9f00a67960ab6a5789a1a5e4f60c.jpg,38760513,BV1Qt411Y7ZQ,1545991203,2018/12/28,18:00:03,2:10,779,19477,9298,4676,19373
吃【油爆虾】竟然不用吐虾壳，什么骚操作？！,532,253628,//i1.hdslb.com/bfs/archive/c4b0955f0bf87b4c768deabd0dac89cd3cfc35d5.jpg,38752659,BV1St411Y7vq,1545645646,2018/12/24,18:00:46,2:16,492,5667,4604,1072,9777
皮脆肉嫩水还多的【圣诞烤鸡】，口水接住！,793,510162,//i1.hdslb.com/bfs/archive/cd64b53dfe605d9659c16710c14243eb00d8637c.jpg,38612600,BV15t411Y79X,1545385522,2018/12/21,17:45:22,3:24,795,14536,11920,3554,19091
日本盖浇饭始祖【亲子丼】，一家鸡当然要整整齐齐的！,591,487575,//i0.hdslb.com/bfs/archive/d030c3fabf22330a8bf19687ec8f52928b5eb67d.jpg,38450344,BV1Tt411v7k2,1545134134,2018/12/18,19:55:34,2:22,585,17509,10201,2697,17405
天冷就要喝暖暖duangduang的【芋圆红薯糖水】！,743,327698,//i1.hdslb.com/bfs/archive/253dabf6f46fd49f7145cdeff6cae1049f0510d0.jpg,38135329,BV1wt411i7Lq,1544782497,2018/12/14,18:14:57,2:18,590,9855,6278,1794,12746
老板，来一份【芝士可乐饼】，要爆爆爆浆的！！！,598,521453,//i2.hdslb.com/bfs/archive/7bab2d4d9efb847d4ea2686c434675443ba7f9ec.jpg,37820728,BV1Lt411q7k2,1544436040,2018/12/10,18:00:40,2:57,808,21775,10868,3371,19186
【麻辣牛肉干】2斤鲜牛肉到底能出多少牛肉干？,508,310996,//i0.hdslb.com/bfs/archive/390b0f91f03fdeb43965a3021b5a14a62e95bbbe.jpg,37602745,BV1st411S7Zv,1544177111,2018/12/7,18:05:11,2:05,363,4791,4692,957,10372
只要半小时，在家做一份堪比餐厅的【奶油蘑菇浓汤】,840,471103,//i2.hdslb.com/bfs/archive/fac801c54dd644f4c53f67a16a74495a97c88262.jpg,37320930,BV1zt411D7sx,1543830953,2018/12/3,17:55:53,2:40,653,20770,11628,2745,19982
【黑椒牛肉】学了这个黑椒汁，牛肉再也不发愁,490,299039,//i0.hdslb.com/bfs/archive/7a699098536aa0060d56d56e30cd74a61694609f.jpg,37082505,BV1Mt411X7wp,1543571328,2018/11/30,17:48:48,2:01,364,11390,6190,1371,10997
和脸一样大的超大【炸猪排】，老板来一块！,642,476914,//i1.hdslb.com/bfs/archive/250b012a343ac7bc76553765ff6e6f6871572821.jpg,36878515,BV1dt41197pP,1543311864,2018/11/27,17:44:24,2:15,534,11398,7940,2298,16004
小伙竟把一整只鸡塞入猪膀胱，馋死马壮实了！,990,466534,//i2.hdslb.com/bfs/archive/5260423c8b4985c372b4ce9571eba38f426ab41a.jpg,36628906,BV1st411y7Xt,1543028532,2018/11/24,11:02:12,3:47,1151,2537,5090,797,12716
从零开始制作汉堡王【蟹肉堡】，抓螃蟹谁有我强！,607,388201,//i1.hdslb.com/bfs/archive/ec31a1b000ad478c225b806b104341098448610e.jpg,36463656,BV1vt411C74T,1542855623,2018/11/22,11:00:23,3:28,782,5318,4333,1504,10371
【辣爆火鸡面】只用12块钱，泡面吃出豪华感！,527,282578,//i0.hdslb.com/bfs/archive/bd6c1a40d44d1fced1096e50860d35308a777ae7.jpg,36315446,BV1rt41117vu,1542620666,2018/11/19,17:44:26,1:59,402,2870,5127,883,11056
【湖州羊肉】南方人到底怎么吃羊肉！,843,178254,//i0.hdslb.com/bfs/archive/82c72e6603b8eff766f0395c68b8091ab9d557b6.jpg,36060406,BV1wt411m76U,1542362106,2018/11/16,17:55:06,2:39,910,2730,3509,796,7174
法棍这么硬，到底要怎么吃才好吃！,532,300086,//i2.hdslb.com/bfs/archive/fe1e1a6e824d35b971f8992f0857b0bb4f6fc9f3.jpg,35953162,BV18t41127hf,1542192438,2018/11/14,18:47:18,1:33,386,3433,3111,455,8762
【黄金热狗】顶级流量的热狗应援,740,316762,//i0.hdslb.com/bfs/archive/e70e50f5f6f6f20180134be1b2be938ba2baffc8.jpg,35830804,BV1Yt411U7W7,1542020524,2018/11/12,19:02:04,2:25,822,2626,3869,517,9300
【非洲鸡】一发脱非入欧，天天吃鸡！,527,287859,//i2.hdslb.com/bfs/archive/191f995a0a170305a027588872340f9ef82a74b6.jpg,35611636,BV1Cb411c7bT,1541760734,2018/11/9,18:52:14,3:37,666,3465,4529,837,9551
拒绝肥胖，30分钟准备一周减脂零食，完美代餐！,519,205490,//i2.hdslb.com/bfs/archive/14c5657e40a8d26bca1ff08830ad9b1e9c9a7998.jpg,35491036,BV15b411c7ae,1541588926,2018/11/7,19:08:46,1:43,291,6750,3712,1182,7349
【秃黄油】288一碗的蟹黄拌饭，舔就对了！,1073,731145,//i1.hdslb.com/bfs/archive/48bd3135c30d5e41cfa8ce1e59fccc20c323b3a6.jpg,35127007,BV1vb411P77w,1541152267,2018/11/2,17:51:07,3:54,1309,14532,11470,7606,18925
能拉100米长的【瀑布土豆泥】，这才是神仙美食！！！,882,747137,//i1.hdslb.com/bfs/archive/865db9bd1d2d6a4f2b6514a61f51094f6d0609cd.jpg,35003174,BV1Tb411P7oy,1540980326,2018/10/31,18:05:26,2:31,967,23362,11052,5533,21618
直击美食up主煮饭发飚现场，史上最大甩锅案...,564,282251,//i2.hdslb.com/bfs/archive/a2f29f196cf7f1e72d58f8e5cc05ab00109bf29f.jpg,34857178,BV1Rb411N71V,1540805207,2018/10/29,17:26:47,2:51,558,4298,5407,564,8524
【脆皮烧肉】好听吗，好听就是好吃！,776,601658,//i0.hdslb.com/bfs/archive/223490113340b2e8f172723ece26999f21a5224b.jpg,34648070,BV1cb411N7tJ,1540553229,2018/10/26,19:27:09,3:32,1265,20171,11808,5832,19684
【水煮牛肉】国民川菜到底有多好吃，下饭！,513,466779,//i0.hdslb.com/bfs/archive/821ad58173043d1e82826996e6acea77b5e4f866.jpg,34451029,BV1Rt411R7tP,1540289352,2018/10/23,18:09:12,3:44,826,13281,6759,2792,13279
这是一只来自印度的【烤羊腿】，万物皆可糊糊？,445,495308,//i2.hdslb.com/bfs/archive/51fb72390e2f44d05249604b9a6f4122784fc61b.jpg,34148040,BV1At411o7gt,1539945055,2018/10/19,18:30:55,3:34,725,5547,5902,1293,11702
【生醉大闸蟹】这个蟹黄比海胆还好吃！,763,323251,//i0.hdslb.com/bfs/archive/a6b29c803727d7059f68a714502373663a763bab.jpg,33982515,BV19t411Z7av,1539691618,2018/10/16,20:06:58,2:30,607,4555,3694,1755,8057
【茄汁大虾】别跑虾子，酸酸甜甜就是你！,363,214603,//i0.hdslb.com/bfs/archive/7916f4d49dcaa90b692d40383914b118a6e612db.jpg,33684231,BV1Xt411f7fm,1539345151,2018/10/12,19:52:31,2:23,382,6908,3820,1375,7180
丰满多汁の【鸡胸】奥秘，低脂减肥就这么简单！,434,331964,//i0.hdslb.com/bfs/archive/09687fedaeedca9368221ca047352e208a43c392.jpg,33603630,BV18t411f758,1539259203,2018/10/11,20:00:03,2:54,412,14599,6354,2770,10753
只需要一个锅子就能做出超好吃的【咖喱牛腩】~,489,254510,//i0.hdslb.com/bfs/archive/c065d1ac0942e5b906169ab1f6667135a02fc2ea.jpg,33361197,BV1QW411y789,1538915174,2018/10/7,20:26:14,2:29,662,8863,4281,1696,7856
【巧克力甜甜圈】今年过冬就靠它了，秋膘贴起来！,399,157934,//i2.hdslb.com/bfs/archive/2bf6987be4417d12e700974c6d6ee91cedba1506.jpg,32985211,BV1gW411U7bs,1538654430,2018/10/4,20:00:30,3:27,446,2960,3240,516,6966
【水波蛋】让Brunch身价几倍的鸡蛋到底怎么做？,438,278001,//i2.hdslb.com/bfs/archive/185050eb97f3a42d3e6cbfe0fc82285b8e001871.jpg,32761357,BV1kW411S7VS,1538304442,2018/9/30,18:47:22,1:40,258,5921,4058,1034,10149
【红烧猪蹄饭】大猪蹄子，看你往哪里跑！,445,248646,//i2.hdslb.com/bfs/archive/227c30bbbd5821741c84cdbc50440ae0d81d50fa.jpg,32284174,BV1nW411z7n8,1537674015,2018/9/23,11:40:15,2:32,535,8456,5498,2579,8532
【肥牛泡菜豆腐锅】这个菜你竟然没点过吗？,368,217459,//i0.hdslb.com/bfs/archive/545e7861ae74a801ba9afe63eff19b7996d6e4cd.jpg,31983796,BV18W41167xk,1537266585,2018/9/18,18:29:45,1:42,390,7780,4103,1414,8129
这是今年我见过颜值最高的月饼了，好看更好吃！,353,116197,//i0.hdslb.com/bfs/archive/6a743aea8c34cb2aafb1fd76a88ee560d9f828ce.jpg,31642554,BV1fW411C7gx,1536839993,2018/9/13,19:59:53,3:59,393,2833,3609,471,5742
【鸡汁土豆泥】200%还原肯德基土豆泥！,702,621222,//i1.hdslb.com/bfs/archive/d1eb46243432d2a58a5d8e4511fb6ad841e2ceec.jpg,31311220,BV1kW411d7pL,1536378583,2018/9/8,11:49:43,2:46,635,33791,11619,4776,20898
【抹茶小方】这个牛奶小方抹茶了,579,551161,//i2.hdslb.com/bfs/archive/c3b9bff4852b7319bc4a6d26d509c0cda071895b.jpg,31090485,BV1LW411Z7zK,1536057348,2018/9/4,18:35:48,1:52,449,26884,6575,2312,17551
【牛奶炒蛋】满满的奶香味，超湿润！,363,268173,//i0.hdslb.com/bfs/archive/c1877dd5bbd8bbed4306b9ad15190c8b02b1b980.jpg,30719211,BV13W411f7YG,1535626109,2018/8/30,18:48:29,1:36,332,8574,3076,1154,6870
【纽约乳酪蛋糕】新手也能一次成功的乳酪蛋糕,360,165274,//i1.hdslb.com/bfs/archive/5e9a8c8b5838fc9dbd370ae3b3879ddf9f1661bb.jpg,30208338,BV1PW411D7M7,1535154421,2018/8/25,7:47:01,3:07,313,5833,3603,664,7119
【番茄牛腩】这个做法只有西H柿首富才有吃！,507,338328,//i1.hdslb.com/bfs/archive/59109fad96b1b94715848a0a44629469294b7afb.jpg,29864049,BV1DW411975g,1534764356,2018/8/20,19:25:56,3:34,572,14446,6507,3074,10924
不乖的芝士不要丢，裹上面包糠油里炸一炸,504,234726,//i1.hdslb.com/bfs/archive/1abac94694a9a9d3e8f40ca2416e1217733d77b1.jpg,29060971,BV1Js411u7R4,1533954531,2018/8/11,10:28:51,2:34,473,4822,4539,1014,8612
这个【煎牛排】教程能解决你日常99%牛肉问题,1284,874635,//i1.hdslb.com/bfs/archive/5b53389a0779501e65f37233d4c663709479822a.jpg,28622364,BV1os411u7ux,1533553216,2018/8/6,19:00:16,4:44,1400,24223,18303,8412,23586
这是要冰到心里去吗？ 超级解暑的抹茶丸子刨冰,506,170304,//i0.hdslb.com/bfs/archive/e72180a4e8f6386458cec838065c6feb01841c3f.jpg,28363921,BV1Ms41137HS,1533215544,2018/8/2,21:12:24,2:12,403,5810,3855,660,6860
这碗【牛骨髓牛排丼】，隔壁家的小孩都馋哭了！,961,567121,//i2.hdslb.com/bfs/archive/f1d97d9a743141c54eebb7c007199595ed71c0a7.jpg,27958329,BV1Ds411A7RP,1532783237,2018/7/28,21:07:17,3:11,770,8779,7319,2235,12593
【藤椒鸡肉面】这个拉面有点麻辣辣辣啊！,386,168954,//i0.hdslb.com/bfs/archive/d3cabb0744a03fb8d589ab5eb8aa5eab02f222d4.jpg,27678684,BV1Zs411P7FT,1532516406,2018/7/25,19:00:06,3:07,557,2594,1147,448,2955
"【苹果塔】超高颜值甜点只要一块苹果，一块饼干,一勺冰淇淋",278,99649,//i2.hdslb.com/bfs/archive/fd4fd969a68e4c9e78847e57942ec5a4f20c9b0b.jpg,27553927,BV1Js411P7ep,1532348626,2018/7/23,20:23:46,2:39,240,1728,1506,193,3484
【抹茶红豆年糕汤】炎炎夏日，来一碗，透心凉~,543,160246,//i2.hdslb.com/bfs/archive/fd963fd3073c3349d3b492b9f6977baf2f44c0ac.jpg,27156366,BV1ps411E76W,1531911979,2018/7/18,19:06:19,2:23,391,6576,3689,622,6796
【正经日式叉烧】我有个大胆的想法，绳の奥义-龟甲缚,517,198145,//i1.hdslb.com/bfs/archive/2e40eb7365e0152810d9bee49f13dc383c1bc166.jpg,26827528,BV1Ws411J7tc,1531546198,2018/7/14,13:29:58,5:21,954,5575,4620,1205,5065
【日式咖喱饭】一个锅子搞定，日系人妻必备,583,197180,//i2.hdslb.com/bfs/archive/cb793db79290a749efe4dcef7a400a863895b683.jpg,26561042,BV1Cs411n7Na,1531222198,2018/7/10,19:29:58,2:12,351,8789,3398,1248,5420
【温泉蛋牛肉饭】仿制吉野家牛丼，难度系数1.0,734,651218,//i0.hdslb.com/bfs/archive/0ad0780052aa18541ccd0d17c95396cc6a67b644.jpg,26197810,BV1Bs411V7a6,1530793437,2018/7/5,20:23:57,2:48,937,23682,8423,4321,14022
【减脂餐】不是生酮，不是节食，一个月减脂4kg,1252,671197,//i2.hdslb.com/bfs/archive/e73c23f30d74375fd26b1cc91af72fe923b9fb95.jpg,25932367,BV1Fs411L7jb,1530425015,2018/7/1,14:03:35,5:07,1959,35787,13905,6962,17678
【蒜泥白肉】这个夏天，最想吃的就是它了,801,382252,//i1.hdslb.com/bfs/archive/15f2640b726d2631a24196ddf3f232d3530ec194.jpg,25696222,BV12s411V7p2,1530100123,2018/6/27,19:48:43,3:01,713,9559,4826,1419,8624
"【芝士意面】0基础0失败,满满芝士,热量炸弹 还不学？",233,118111,//i1.hdslb.com/bfs/archive/8fb7c795480f4d0fd1839df6a67ddf3838011f25.jpg,25433948,BV1Ts411L7ny,1529739292,2018/6/23,15:34:52,2:37,256,3795,2874,430,3972
【番茄炸蛋面】打个商量，我喝汤，你吃面？,1273,1410490,//i1.hdslb.com/bfs/archive/0d5af697a6218b901858306d95018435f7a97634.jpg,25325672,BV1Ns411779L,1529580505,2018/6/21,19:28:25,3:10,1997,54021,16423,7305,33951
【泰式牛肉沙拉】夏天牛排还能这么做，辛辣清爽,198,76125,//i0.hdslb.com/bfs/archive/6b84d3d9140535354293317d0578dc8df300a7cc.jpg,25211704,BV16s411j72R,1529407421,2018/6/19,19:23:41,3:22,229,1898,1238,263,1814
用薯条香肠来制作德国国旗，你想得到吗？,358,65167,//i2.hdslb.com/bfs/archive/563409116c839c20b5ca37fd1cc2c685e56d8626.jpg,24801225,BV18W411w7dw,1528887671,2018/6/13,19:01:11,3:30,440,631,1020,146,1572
25块的菜刀用3000元的磨刀石研磨后 到底有多快,877,361919,//i0.hdslb.com/bfs/archive/3702b165bbb5a3e50c1a8b75f8f74203d46e4a55.jpg,24634521,BV1HW411P7tY,1528599704,2018/6/10,11:01:44,2:56,1419,3485,2876,1475,4360
看了这个视频，你就知道全熟汉堡也好吃！,226,124795,//i0.hdslb.com/bfs/archive/ed520eaa3f0db5bfd540ee830a9b8ecf1d411fc8.jpg,24267129,BV1uW411N7aY,1527913249,2018/6/2,12:20:49,2:48,303,2519,1264,417,2066
和牛金枪鱼开箱 六一儿童节的礼物,127,65676,//i2.hdslb.com/bfs/archive/d12a211311b5a5dcf1b17421d124de5cf72d737b.jpg,24197033,BV1fW411P7cq,1527771505,2018/5/31,20:58:25,2:26,99,215,385,69,1030
汁多肉嫩皮脆，这种炸鸡好吃炸了~好饿,784,434555,//i1.hdslb.com/bfs/archive/7dada48d1532b60c4fa540366653e5c3d938f647.jpg,23962493,BV1Cp411R7p4,1527326746,2018/5/26,17:25:46,2:59,699,30026,8342,4360,10560
这是一个让人流泪的视频,305,102645,//i0.hdslb.com/bfs/archive/b85b9a8eb6729bdc0423f5d50e759c263a93428a.jpg,23789679,BV1hp411o7QS,1526995855,2018/5/22,21:30:55,2:51,278,2510,1405,271,2176
蛋蛋的忧伤，欧姆蛋完全教学,460,345266,//i2.hdslb.com/bfs/archive/5c7fe5ed310af7aa19432c6ddadf92201869b295.jpg,23651822,BV1Bp411d7tJ,1526732740,2018/5/19,20:25:40,2:03,407,7235,2008,769,4538
妈，这个UP主终于出了道我会做的菜了！,330,294475,//i2.hdslb.com/bfs/archive/60185f04ddcde86122d49373b0f70b82335d7571.jpg,23377056,BV1Np411Z7so,1526187863,2018/5/13,13:04:23,1:47,418,6914,1970,594,4795
如何做一份米其林餐厅的土豆泥？不要998只要18块！,518,275481,//i1.hdslb.com/bfs/archive/e6ba01c4f6c3beabe8a79ee4b27e8ebef1c35008.jpg,23247597,BV1KW411F7Mh,1525948332,2018/5/10,18:32:12,2:43,514,12554,2887,1512,5010
没吃过生牛肉，那么就试试牛肉塔塔吧！,1505,347172,//i0.hdslb.com/bfs/archive/5ed96da7da2074746eba61c5862669345ba22dfb.jpg,23061723,BV1xW411G7F1,1525592852,2018/5/6,15:47:32,3:30,971,4149,1754,1110,3888
人人会做的千层面，一口就满足~,289,351360,//i2.hdslb.com/bfs/archive/916bec96a43d8a6cf3d8f72ee5e4d4182d4fed9c.jpg,22937447,BV11W41137dr,1525359997,2018/5/3,23:06:37,3:01,529,9437,3490,891,7630
意大利肉醬面，不比老北京炸醬面差！,192,138104,//i2.hdslb.com/bfs/archive/48582c189529a7d4504967f43387de8d5211e5ff.jpg,22605586,BV11W411G7gN,1524744067,2018/4/26,20:01:07,2:47,203,5222,1158,671,2177
如何做一碗有牛肉的藤椒牛肉面！,216,94850,//i1.hdslb.com/bfs/archive/f0ff581bd5c88fa4bb89446c1d2f9dc03ada4011.jpg,22482301,BV1fW41157P4,1524479468,2018/4/23,18:31:08,2:28,285,1546,450,190,1093
见不到樱花，就做一朵吃吧~#樱花樱花想见你#,105,62937,//i0.hdslb.com/bfs/archive/704b29eb87a0b9de0598d973a651673559e73ea1.jpg,21957431,BV1RW411K7fm,1523446793,2018/4/11,19:39:53,2:23,129,1354,647,161,1165
大早上的就要吃的重口一些！香肠，鸡蛋，泡面,145,79201,//i2.hdslb.com/bfs/archive/420d5e2a7417c65ae1334d815b34620e04137dc3.jpg,21552455,BV1HW411T7PZ,1522660074,2018/4/2,17:07:54,2:55,246,1916,689,305,1258
只需要一个电饭煲，就能做出超级棒的鸡腿饭,147,104812,//i1.hdslb.com/bfs/archive/be5b391e59ddc066f5d09cfbcc4e8d05e795f3d1.jpg,21265153,BV1vW411M7gh,1522065738,2018/3/26,20:02:18,2:55,271,3475,1185,510,1630
芝士蒜蓉黄油面包，谁能不爱呢,139,63160,//i2.hdslb.com/bfs/archive/996ef4da06bd24f7f82251b12035f6369936c43f.jpg,19902356,BV1XW41177Vx,1519294687,2018/2/22,18:18:07,1:55,110,1826,661,264,1138
"甜甜的年糕红豆沙,味道真是棒极了!#bilibili今天吃什么#",147,168386,//i0.hdslb.com/bfs/archive/6d2052fffcb52a1728b5ef0480d2ecf537251862.jpg,19535532,BV1kW411E7LV,1518499936,2018/2/13,13:32:16,1:10,104,7618,1402,702,3265
年夜饭的桌子上怎么少得了糖醋排骨！ #bilibili今天吃什么#,202,100868,//i0.hdslb.com/bfs/archive/4e1f543688f6e854281ea119688bf3f2fdb89c46.jpg,19358146,BV1JW411n7GB,1518174959,2018/2/9,19:15:59,1:47,123,6452,1882,881,2274
终极日式鸡蛋牛肉饭，只需要一个锅子！,364,381433,//i0.hdslb.com/bfs/archive/659ab18b6fa5ab3cd042aa0972ee3798edf0edff.jpg,19094458,BV1BW411H7b8,1517660726,2018/2/3,20:25:26,3:14,625,11701,2312,1529,3748
芝士就是力量！超简单的芝士土豆鸡蛋饼,138,67311,//i0.hdslb.com/bfs/archive/5b3bd7cb0c4680721146086babe055630a75972c.jpg,18886385,BV1CW411n7Cm,1517229803,2018/1/29,20:43:23,4:02,332,1917,617,223,1116
如何将一份5块钱的葱油面卖到100块！,252,120337,//i1.hdslb.com/bfs/archive/f7cb8e4812aba7d95b7d2072db098516b349f3c0.jpg,18734427,BV1VW411e7ug,1516964159,2018/1/26,18:55:59,3:43,275,5078,1345,1170,1814
干货干货干货， 重要的事情说3遍！,425,224007,//i1.hdslb.com/bfs/archive/c1b8ebfbb65ee2fd11d6a71027366bf1a581bbf7.jpg,18666744,BV19W411Y7ga,1516789585,2018/1/24,18:26:25,5:26,586,10398,2988,991,4374
热巧克力+海盐奶盖，让你感到秋裤般的温暖！,132,60364,//i2.hdslb.com/bfs/archive/ad7367a944feb222486225bec9ed1576142fad54.jpg,18512480,BV12W411v7z3,1516426452,2018/1/20,13:34:12,2:43,194,3212,1244,329,1650
闲逛泰国海鲜市场，知道海鲜都是怎么烹饪的吗？,82,42262,//i1.hdslb.com/bfs/archive/4d3003726867195a446a36e2a1515c6423e767ab.jpg,18249710,BV1TW411q7R6,1515819644,2018/1/13,13:00:44,6:10,293,238,399,141,651
泰国街头夜市，超级多小吃！最爱的就是练摊~,101,34332,//i1.hdslb.com/bfs/archive/ccd7de5754e6d57b4751faf9d7226f28a63e062d.jpg,18229923,BV13W411q7Gq,1515751434,2018/1/12,18:03:54,4:03,151,279,338,158,516
一个西餐厨师到底能有多少刀，教你如何正确选购厨刀！,439,133847,//i2.hdslb.com/bfs/archive/632dc5aa8d4c6ed10a84c0caebf71422725fab31.jpg,18194094,BV1fW411i7oJ,1515657764,2018/1/11,16:02:44,9:50,917,5610,2856,716,3138
如何选购牛排,532,242307,//i0.hdslb.com/bfs/archive/f5e83860d0336978658356d5ec090ccac522f5af.jpg,17979266,BV1xW411B7s2,1515122328,2018/1/5,11:18:48,4:40,544,8999,1943,1870,2734
11斤的和牛牛排，知道怎么做吗？！,264,176631,//i0.hdslb.com/bfs/archive/1b3a4e971767955712aab19457b26582ea041772.jpg,17769632,BV1tW411b77N,1514618626,2017/12/30,15:23:46,4:19,672,1461,919,563,2104
龙虾+牛排，100块钱搞定超豪华料理！硬菜力max,258,130390,//i1.hdslb.com/bfs/archive/0b98cd579761f31b29547e65fe8c61789e7f33a2.jpg,17570125,BV1xW411t7W9,1514091703,2017/12/24,13:01:43,5:19,532,2607,1511,563,2294
羊肉，除了羊汤，你还会怎么吃！,159,43676,//i1.hdslb.com/bfs/archive/b2cb8dbdea6c15f9439040acbcedfbb14fc1dbfb.jpg,17508853,BV1mW41187Z5,1513941932,2017/12/22,19:25:32,4:21,275,755,904,152,868
这份龙猫便当，实在是太太太可爱了！,100,42675,//i0.hdslb.com/bfs/archive/c77ca45fc4bd5d9b18c0ebfca8796c707fa4c8ad.jpg,17419030,BV1gW41187B3,1513678087,2017/12/19,18:08:07,4:08,169,1376,520,225,866
3种吐司大集合，半个小时制作完美早餐！,77,49390,//i0.hdslb.com/bfs/archive/77bfd70a0542ca441d41735800f630e6fea072c9.jpg,17125825,BV1pW411h7xZ,1512887613,2017/12/10,14:33:33,2:47,134,2641,807,205,1119
日式炸肉饼，没有汁水的肉饼也敢叫肉饼？,102,80408,//i1.hdslb.com/bfs/archive/278e251e2195e00d5192351ca86aa13919bb4d8e.jpg,17033224,BV1eW411Y7zi,1512649479,2017/12/7,20:24:39,2:08,125,3321,759,305,1316
食戟之灵 麻婆豆腐，要的就是麻辣味！,113,71576,//i0.hdslb.com/bfs/archive/ae20cdd5599dcf25a850f0437267d7c2c8f136fe.jpg,16941985,BV17W411Y7sd,1512383680,2017/12/4,18:34:40,1:50,126,2546,865,311,1273
木鱼花厚蛋烧,96,45979,//i2.hdslb.com/bfs/archive/806845592b0cb6b43d04b3297728c00b33abb47d.jpg,16872665,BV11W411a7s4,1512210787,2017/12/2,18:33:07,2:59,136,1161,468,127,787
食戟之灵  软绵绵的水果舒芙蕾欧姆蛋，想吃吗？,177,209571,//i2.hdslb.com/bfs/archive/d14970c34251d6c1893ef3264ba581c73c5c943a.jpg,16864360,BV1CW411a7wL,1512198101,2017/12/2,15:01:41,1:28,210,4779,1097,548,2981
食戟之灵 燃烧吧，勃艮第红酒炖牛肉，一发入魂！,100,37103,//i1.hdslb.com/bfs/archive/ca9f0b1022279fb043eda3be9c526b49221f722b.jpg,16832839,BV1YW411a7Az,1512117631,2017/12/1,16:40:31,2:54,118,764,588,134,655
失踪人口回归，来一发帝王蟹吧~,192,40353,//i0.hdslb.com/bfs/archive/6b9c97cf9b7092950807ed38826d20f5a125f26f.jpg,16747590,BV1rx41157WT,1511859199,2017/11/28,16:53:19,2:18,107,323,426,90,651
做份麦乐鸡，再来一份82年的四川辣酱！,206,121875,//i0.hdslb.com/bfs/archive/dabbab64dce31480789024776b2c794d7f1122f7.jpg,15589898,BV1qx411M7HU,1508574141,2017/10/21,16:22:21,4:29,364,3222,944,256,1475
炸猪排便当，猪排还是炸了好吃~,79,32277,//i2.hdslb.com/bfs/archive/b87b066d0776d5590855d058e0ca332da4de2d87.jpg,15375370,BV1nx411g7Ha,1507953100,2017/10/14,11:51:40,3:59,185,795,319,73,429
这个上海粢米饭的油条一点都不软！！,110,63549,//i2.hdslb.com/bfs/archive/340d80d666631710a236c41a01c82b75bcf22130.jpg,14934891,BV1Jx411V7gr,1506782884,2017/9/30,22:48:04,2:05,147,1369,370,115,925
大闸蟹吃过很多，你吃过这种吗,81,25662,//i1.hdslb.com/bfs/archive/2605b4d86f9620fd22780957138b28a7a85b7c84.jpg,14861576,BV1dx411G7UB,1506569983,2017/9/28,11:39:43,3:19,164,386,338,64,344
这才是火鸡面的正确打开方式！,618,667263,//i1.hdslb.com/bfs/archive/e7188d6f094d085196cb570472681db659cfca29.jpg,14506631,BV1ax411s7Xv,1505541165,2017/9/16,13:52:45,2:44,1588,11706,2286,3108,5213
用电饭锅做的重乳酪芝士蛋糕，谁能不爱！,300,191664,//i0.hdslb.com/bfs/archive/43d4925d10b48e6d20a03a7eb39225300ba74425.jpg,14448487,BV1Lx411s75q,1505361986,2017/9/14,12:06:26,2:51,470,11337,1847,1145,2857
玩Pokemon就去吃一碗Poke Bowl,105,29013,//i0.hdslb.com/bfs/archive/502ac9789c156291165ed14746d72558643c9398.jpg,14298330,BV1Ex4114797,1504927741,2017/9/9,11:29:01,2:49,148,639,296,83,347
西班牙海鲜饭，就是这么麻烦。。。,196,249168,//i0.hdslb.com/bfs/archive/65d39b188bf908a8405fdaf306b2a4ec84066c5a.jpg,14280152,BV1Px41147Zi,1504869253,2017/9/8,19:14:13,3:01,416,5218,1372,1071,2544
照烧鸡腿饭，2只鸡腿，一碗米饭，还能更好吗~,282,307676,//i2.hdslb.com/bfs/archive/3d9ca752107b00ce35a2ed55edfe0f4a2fa94df3.jpg,14090158,BV12x411t7gH,1504330402,2017/9/2,13:33:22,3:19,341,15856,3149,2866,5214
不是所有的叉烧饭都叫黯然销魂饭,488,361270,//i2.hdslb.com/bfs/archive/5e63a124d0928eab7adca530d59101a166997e0d.jpg,13786174,BV19x411b7Ce,1503646355,2017/8/25,15:32:35,2:48,848,8262,2126,1026,3558
做一份爱心便当，用美食约会七夕。,205,39641,//i2.hdslb.com/bfs/archive/2e5ea6b003871735d188c41f474a654347d7fb5f.jpg,13675886,BV18x411b7zH,1503404049,2017/8/22,20:14:09,3:40,278,1607,486,221,532
这真的是上海最好吃的鲜肉月饼！,418,99349,//i0.hdslb.com/bfs/archive/94a9f758a633da65eae5fd1f268d783d7af53519.jpg,13508048,BV1vx411J7TB,1503040803,2017/8/18,15:20:03,4:50,513,2579,842,578,1301
这个夏天吃最后一口冰，3分钟学会3种棒冰！,113,48018,//i0.hdslb.com/bfs/archive/1370cecab3c4cf258414305e46eba64201aeacdd.jpg,13304406,BV1Lx411H7n7,1502595012,2017/8/13,11:30:12,2:41,145,1246,425,191,560
喷香猪肉排骨焖饭，饭比肉还好吃！,159,48183,//i0.hdslb.com/bfs/archive/9eb421e19e1fe6d2613b6a3c25a5bf7145a9a6c2.jpg,13135048,BV13x411n7HH,1502243713,2017/8/9,9:55:13,2:41,197,2338,561,383,579
油泼面就要简单粗暴,335,215174,//i1.hdslb.com/bfs/archive/3df23f9add46f47cb750f8a39c3962913124e9ff.jpg,13031087,BV1Hx411p7eK,1502014976,2017/8/6,18:22:56,1:14,360,2183,2007,435,3502
夏日夜宵之王（羊肉串：呸），火辣辣的烤鱿鱼，好吃！,138,120642,//i2.hdslb.com/bfs/archive/bcebe3b280088d507b939b97fad17dfdfb1bbf64.jpg,12897623,BV1zx411H7kE,1501734037,2017/8/3,12:20:37,2:19,232,1847,506,314,1115
这个夏天我要一口一口吃成小瘦子，藜麦鲜虾沙拉,128,41682,//i2.hdslb.com/bfs/archive/492ef1d471eda7115e2d1f6f0b656c0be6129bdf.jpg,12695513,BV18x411W7HP,1501297105,2017/7/29,10:58:25,2:31,151,1818,351,174,477
禁止空腹观看，3.5kg的腹心牛排分割以及低温牛排,336,158197,//i2.hdslb.com/bfs/archive/1d841f19fa8e2d67e5a3bf9dac17fe8e7fb504e5.jpg,12621924,BV1Kx411W7ZL,1501098805,2017/7/27,3:53:25,4:38,1420,1694,688,553,820
法国除了鹅肝黄油，还有油封鸭，做一次吃一年！,205,50163,//i2.hdslb.com/bfs/archive/8fc12adfae2b1839ec360bb1068414eeb9454231.jpg,12590136,BV1dx411p7dL,1501063042,2017/7/26,17:57:22,4:43,309,1004,498,146,547
这是一碗没有适量的川味鸡丝凉面，新手也能做的很好吃,132,48466,//i2.hdslb.com/bfs/archive/f1632b7991dc0f27842ef033cc89a506ce617e3c.jpg,12419663,BV1ax411i7Eb,1500610265,2017/7/21,12:11:05,4:43,292,1182,286,172,429
太阳蛋，温泉蛋，溏心蛋，3分钟做完3款人气蛋料理,2146,1128383,//i2.hdslb.com/bfs/archive/61d6d05e251a8daaca89ee09f1882003c78c900a.jpg,12247320,BV1gx411B7V7,1500174628,2017/7/16,11:10:28,2:22,2426,57938,9337,6389,12630
3种土豆做法，烤箱，炉子，微波炉你肯定有一样！,164,52127,//i0.hdslb.com/bfs/archive/d7370582267b20fcda20b3999407b20651605823.jpg,12216807,BV1fx411q7Sr,1500092219,2017/7/15,12:16:59,4:18,289,1933,482,198,573
和牛滑蛋盖饭，这碗饭我打9分，多一分怕它骄傲,290,100225,//i1.hdslb.com/bfs/archive/c56edee22323e9a4d896cf989fa68731c48bfdea.jpg,12121974,BV1hx411q7ED,1499830469,2017/7/12,11:34:29,3:15,453,4602,873,502,747
"2种方式,只需要5分钟，做2款超棒披萨！（阿尔萨斯火焰薄饼+萨拉米芝士披萨）",142,57726,//i2.hdslb.com/bfs/archive/32a4846bf5e60d9be3a00565c408a494c65e2b37.jpg,12088919,BV1nx411q7b9,1499740423,2017/7/11,10:33:43,3:50,222,1626,452,146,793
我想，这是我吃过最好吃的韩式辣鸡翅，就等你！,290,125177,//i1.hdslb.com/bfs/archive/669a7395c5a4370c6d198866e79ed33e3cdfdce6.jpg,11993814,BV1Cx411z7n8,1499475616,2017/7/8,9:00:16,3:11,450,4295,745,500,1263
邂逅宫崎骏，我的邻居龙猫Totoro（龙猫小餐包）,156,18350,//i1.hdslb.com/bfs/archive/8d9812a4e0dcc71953ba668da84b33b87e786574.jpg,11907753,BV1jx411z7UG,1499242793,2017/7/5,16:19:53,4:23,148,443,396,77,352
女神，我想融化你的心！,264,125105,//i2.hdslb.com/bfs/archive/f216b8041ba89ab6a46e1384c2e91029a8c65f93.jpg,11836719,BV1Xx411B7d9,1499056217,2017/7/3,12:30:17,3:11,382,2101,711,341,1485
正宗日式蛋包饭，会流心还好吃，这还学不会吗,1380,631233,//i0.hdslb.com/bfs/archive/39c614295eedda9376802e4188e4b43e4139564d.jpg,11776237,BV17x411r7hd,1498875422,2017/7/1,10:17:02,4:50,3555,30112,6576,4592,9783
这个声音，你想吃吗，鸡米花就要辣辣辣辣辣！,247,169025,//i1.hdslb.com/bfs/archive/0d5a32720ccddf67f97dd79c49d56d8dbcc03fc7.jpg,11704993,BV1Rx41167g4,1498656620,2017/6/28,21:30:20,3:21,554,7344,1121,787,2201
泰国人民最爱火辣辣的泰式红咖喱鸡,148,25301,//i0.hdslb.com/bfs/archive/a80da23a4bbdb33b45036f362e668eaacbfae65c.jpg,11611552,BV1sx41167mT,1498373309,2017/6/25,14:48:29,2:45,95,859,258,88,347
你可能没有吃过，但是你一定要试试！教你做越南猪肉丸子三明治，除了三明治还有丸子学,167,57082,//i1.hdslb.com/bfs/archive/f0752a67bf7406fa56b5c4da14dff57f2986965a.jpg,11509457,BV1Sx411h7SC,1498047545,2017/6/21,20:19:05,5:38,371,1605,546,110,750
详细讲解一碗红烧肉如何诞生！还有更细的嘛？,209,109128,//i0.hdslb.com/bfs/archive/e0d4a0ecb0e4b82f725114627e788e0b274d6fea.jpg,11376243,BV1gx411h7h9,1497619323,2017/6/16,21:22:03,3:51,247,5359,1235,695,1877
配着这碗鱼香肉丝，我能吃三大碗饭,340,172403,//i1.hdslb.com/bfs/archive/23b212194440f206d1f3f3113b7b4a521991104c.jpg,11280349,BV1zx41187CE,1497351608,2017/6/13,19:00:08,4:17,475,7915,1373,946,2561
为了这块汉堡，我吮了手指20遍，教你做完美的芝士汉堡,275,150761,//i1.hdslb.com/bfs/archive/f304682f6b7a1f33750e09c4220dffbed34d3d72.jpg,11235695,BV1fx411a7tC,1497142851,2017/6/11,9:00:51,3:39,514,3234,683,365,1603
还记得那年大明湖畔的意大利烩饭吗。。。意大利烩饭米饼，煎蛋，火腿，松露,104,19887,//i2.hdslb.com/bfs/archive/4eef865dcbc37f867407ddf13b709480f1e5d583.jpg,11163753,BV1vx411a7Qm,1496921107,2017/6/8,19:25:07,3:20,113,363,229,38,318
牛肉！大块牛肉！叫做战斧的牛肉！手把手教你做法式战斧牛排,431,272462,//i0.hdslb.com/bfs/archive/bbb99fb4710d8bd8032f84fae7891dcf4536e710.jpg,11119425,BV1ax411a7x1,1496751383,2017/6/6,20:16:23,4:33,1111,4004,1331,949,2402
从未吃过如此好吃的炒面，比肉还好吃的生姜，培根，香菇炒面！零失败！,163,64534,//i2.hdslb.com/bfs/archive/956c65e653b2b3ea2b057d171cb3c35518f93aeb.jpg,11007188,BV1bx411e7k8,1496364677,2017/6/2,8:51:17,2:49,186,3131,831,225,886
七斤大肉，这么脆，还想怎么样！意大利脆皮五花肉/意式烤猪porchetta,583,346538,//i0.hdslb.com/bfs/archive/eff8813ac1c31b6eb3049075325f8a3f337b9ded.jpg,10979738,BV18x411e7ky,1496311301,2017/6/1,18:01:41,4:46,1373,9911,1952,2146,2601
黑松露蘑菇意大利烩饭，不会煮松露的人还不看过来,95,30618,//i0.hdslb.com/bfs/archive/89bd6ec7ce2c365d816958b3d33595ca5479ea23.jpg,10919866,BV13x411e7Eu,1496060929,2017/5/29,20:28:49,3:24,144,768,311,93,517
最好吃的龙虾长啥样~香煎龙虾，芝麻菜沙拉，黄油蘑菇填馅,138,51680,//i2.hdslb.com/bfs/archive/f7a9639fe2792fa76be4096f593c944f7f523291.jpg,10742759,BV1Ux411v7nZ,1495421724,2017/5/22,10:55:24,6:04,309,1092,534,170,526
早餐吃什么，烟熏培根，菠菜，大葱班尼迪克蛋egg benedict,115,150259,//i2.hdslb.com/bfs/archive/32301cc0639a77ad392e571238f75906f984febd.jpg,10678962,BV18x411v7BJ,1495215274,2017/5/20,1:34:34,4:26,578,4163,1195,369,3062
夏天次什么，减肥进行时 couscous 烤虾沙拉~,54,24178,//i1.hdslb.com/bfs/archive/e366ed68015e9705e8caa8aec52c3347a6caab0b.jpg,10618497,BV1nx411v7UP,1494990258,2017/5/17,11:04:18,5:44,187,382,191,31,419
宇宙最好吃的香肠，海鲜，猪五花盖浇饭 seafood gumbo soup,130,103284,//i1.hdslb.com/bfs/archive/86a9d2639f1f5d4257b9de4fb428e50ddda366df.jpg,10466577,BV1Fx411U7ZQ,1494439495,2017/5/11,2:04:55,7:03,715,1925,1050,207,1912
这是千张包XD,385,64153,//i1.hdslb.com/bfs/archive/c99f66990624914490021c0e6f71a200ad0820e1.jpg,10219005,BV15x411S7un,1493600083,2017/5/1,8:54:43,9:35,767,462,602,56,1476
