﻿title,comment,play,pic,aid,bvid,created,date,time,length,video_review,favorite,coin,share,like
能让人嗨通宵的礼物！,1358,330893,//i1.hdslb.com/bfs/archive/59404479492dd40ad524162f17a04d6bc8ff12ac.jpg,456106319,BV1Z5411W7Er,1592211620,2020/6/15,17:0:20,10:39,3567,1993,6088,522,31227
【两个神经病】祖 安 医 生,1575,1123006,//i2.hdslb.com/bfs/archive/3c41b6baa9de4e03ea58e786d8e03e5f98b1797b.jpg,968367070,BV19p4y1S7Kx,1590796845,2020/5/30,8:0:45,01:53,2028,25148,30861,8333,106182
官司打完辽 简单聊下 非正片,2348,648214,//i1.hdslb.com/bfs/archive/762839bf048dd235106330a2eb17d36be9ea09a5.jpg,328273883,BV1EA411q7zG,1590782425,2020/5/30,4:0:25,09:20,2501,7130,32004,432,83145
打人还要跟节奏？神经病！,2653,1000122,//i2.hdslb.com/bfs/archive/7374e655fbfb6db32c5f0c46d5d9d7c5600b2ffc.jpg,200872145,BV1Tz411i75g,1590595609,2020/5/28,0:6:49,14:44,2910,4248,11206,1161,56135
【两个神经病】吃着面就着六味地黄丸 吃完上树不用烦~,5655,1276333,//i0.hdslb.com/bfs/archive/25ff57e20f43e3bdca175ee56d53aa2b187777ae.jpg,838195849,BV1Lg4y1B7LM,1589360202,2020/5/13,16:56:42,06:42,16169,14301,46645,4970,127249
【罗汉鬼套路】LOL一个能2V5的套路 万毒归宗大成版！,25356,4000259,//i2.hdslb.com/bfs/archive/ef89bf0ed75892c0ba54fcc1ff9d1e3cb10c6634.jpg,540387488,BV1zi4y1t7gW,1588326731,2020/5/1,17:52:11,19:45,34759,97433,341957,41346,391664
一款从诞生火到现在的游戏,21428,1039601,//i1.hdslb.com/bfs/archive/9dd3b7aa11bec9b4aac7271991b9f2356e21cef3.jpg,95553774,BV12E411L7BT,1584010852,2020/3/12,19:0:52,04:38,6672,2106,5191,633,41742
罗汉带你究极尬舞,2066,1599955,//i0.hdslb.com/bfs/archive/2daff59f0ed36501e547aadbedfc591d2971be07.jpg,90369077,BV1w7411P7hC,1582200027,2020/2/20,20:0:27,08:59,6139,4005,12271,738,68524
【魔兽争霸3】RPG怀旧试玩,1989,812178,//i1.hdslb.com/bfs/archive/a38827aa005010b0063f6ad780ee8b0215fbf48d.jpg,89642289,BV1M7411J7zz,1581926787,2020/2/17,16:6:27,10:55,3153,1901,4897,609,33904
【罗汉鬼套路】新版日炎最骚用法 小太阳流龙龟,7827,5332934,//i1.hdslb.com/bfs/archive/9544c30c0a8beba32582407fa97b0b20e2213546.jpg,88759568,BV1R74113737,1581652849,2020/2/14,12:0:49,11:03,41789,291922,1350670,28301,961201
【罗汉发神经】莫名其妙的游戏 小胖胖打架~,1641,1198337,//i1.hdslb.com/bfs/archive/5f4418686bdba19bf9c35d7a5a407c39bd18eaee.jpg,86902959,BV1p7411H7hZ,1580894048,2020/2/5,17:14:8,04:50,5270,16617,35849,5471,97324
【罗汉鬼套路番外篇】史上最骚无限乱斗,2268,2909894,//i1.hdslb.com/bfs/archive/eee744b2e3d53ad17b0430ffb8c7aed2b3409c05.jpg,86519096,BV1N7411p7Cy,1580726885,2020/2/3,18:48:5,07:30,7847,15605,48751,3111,129963
【罗汉鬼套路】大虫子最脏套路 miamiamia,6424,3794477,//i2.hdslb.com/bfs/archive/c2c3afac5ae5c5000dc2bfe1aa2db32529fb64de.jpg,85946972,BV1S7411B76x,1580471255,2020/1/31,19:47:35,07:12,13498,40751,126164,22721,216996
罗 汉 带 你 过 大 黏,3720,1480606,//i2.hdslb.com/bfs/archive/2fe0c30f1c03a24b43ff5c229bf17de5c24975d9.jpg,85772475,BV1R7411q7ad,1580394331,2020/1/30,22:25:31,06:11,7187,8908,35414,1823,97323
“粘 液 饭”,1664,1375886,//i1.hdslb.com/bfs/archive/be0a52a87575d418e9ddac591492d56e65ae6b19.jpg,84580412,BV1z7411e7QA,1579777249,2020/1/23,19:0:49,09:19,3647,4617,10429,2029,63586
【罗汉鬼套路】拯救ADC最骚套路 把LOL玩成CF,6758,4287523,//i0.hdslb.com/bfs/archive/0cfda9f6ae03f71ae4b60387b1b1cf5268fad9b4.jpg,84694854,BV1W7411a7QB,1579765637,2020/1/23,15:47:17,08:14,30063,97665,377190,16891,420733
罗汉带你输裤衩子,1601,1004521,//i1.hdslb.com/bfs/archive/828a72c0d57d00123c0183b64a848f647856a3ff.jpg,83953467,BV1S7411i7m1,1579341607,2020/1/18,18:0:7,06:07,2746,2529,6801,792,42834
【罗老炮的传奇一生】第一集：招兵买马,2097,1133765,//i1.hdslb.com/bfs/archive/cb8b1abb6a4ecf93e5c5f8cfa0e721faebb80a27.jpg,82241707,BV16J411L7mF,1578238655,2020/1/5,23:37:35,36:29,6475,6693,17765,2106,43763
人类迷惑行为之臭豆腐榨汁！,2307,1534307,//i1.hdslb.com/bfs/archive/ca6360e8b5a86993d4f7ddef577f4994f7ba7fa1.jpg,79630510,BV1KJ411r7tL,1576583772,2019/12/17,19:56:12,08:05,7637,12482,38054,9972,85485
【罗汉鬼套路】 赛娜最骚套路 节食扒皮流,6952,5017154,//i2.hdslb.com/bfs/archive/24583bb5b7bd43386eb71f5cfc65c63236c8ecc8.jpg,79396521,BV1WJ411k73Y,1576413388,2019/12/15,20:36:28,10:14,18652,108617,401358,32290,392398
【罗汉解说】金庸武侠强大的IP下 诞生过的经典游戏,2719,1124257,//i0.hdslb.com/bfs/archive/92c6dfacba0f9db481a69118d2c78efc0db2af4e.jpg,77212655,BV1XJ411X7Mj,1574847764,2019/11/27,17:42:44,07:55,3127,5831,16744,728,45612
【荒野求生之四个野人】预告片,1450,998098,//i2.hdslb.com/bfs/archive/53f600d7dc1d981728e40211f680aaec3e365e46.jpg,75893529,BV1mJ411U7ZE,1573902046,2019/11/16,19:0:46,12:20,2662,2652,5406,1545,29121
【罗汉解说】炉石传说战棋模式最骚套路 麻麻赖赖血入流！,2677,1495684,//i0.hdslb.com/bfs/archive/0400af03b0c27293607b4ff68d7ba72eb826c21e.jpg,75749973,BV1vJ411D7H1,1573805495,2019/11/15,16:11:35,28:26,8097,6679,17621,4845,52711
【罗汉鬼套路】我莫得套路 我现在只想踢足球！！！,3225,3290789,//i2.hdslb.com/bfs/archive/f128c4a58729d181f66e93c30b7feaa5f42ecafe.jpg,74781901,BV1qE411i7Ym,1573050494,2019/11/6,22:28:14,07:57,8343,63867,138455,26158,194815
聊聊这些年国内最火的手机游戏,1503,955762,//i1.hdslb.com/bfs/archive/8f5e76210881833ab1ba143bed66a69b26244729.jpg,74769098,BV1WE411i7qH,1573045927,2019/11/6,21:12:7,05:23,2263,3199,6743,541,33919
寂寞的升级路上 需要队友的陪伴~,1458,615897,//i1.hdslb.com/bfs/archive/4194b8c81173a2934781598ddee298a1d79126dc.jpg,74045290,BV1FE41187Pe,1572522670,2019/10/31,19:51:10,06:54,1363,1937,5966,494,23495
【罗汉解说】对不起 我是卧底~,1623,1820616,//i1.hdslb.com/bfs/archive/2a923f19a9ed16804f2fb93da0e763ff75febaaf.jpg,71897262,BV1zE411676L,1571584226,2019/10/20,23:10:26,07:24,2639,5310,14255,2028,55261
罗汉鬼套路：新版小丑最骚套路 盒气生财！！！,6416,4678903,//i1.hdslb.com/bfs/archive/13ed35d0dc8b246000bbaf92db45776382e5de95.jpg,71810539,BV1QE411k7XE,1571510357,2019/10/20,2:39:17,17:08,2287,204048,438588,26627,399981
聊聊游戏里的沙雕配音,1020,988070,//i2.hdslb.com/bfs/archive/7b785a3172aee62e50936031084a2ed62d2f8dc6.jpg,70826928,BV1zE411o7Nf,1570757460,2019/10/11,9:31:0,08:46,2906,5208,11314,1268,41841
【罗汉解说】这只鹅有点东西~,1471,1495324,//i1.hdslb.com/bfs/archive/416e3e4bf19c8e954a3c925ddfe2b20fe4238d20.jpg,70516632,BV1LJ411c7GW,1570475791,2019/10/8,3:16:31,23:33,5418,10766,22908,7527,52877
[互动视频]我失忆了！该如何找回记忆？,1521,495881,//i0.hdslb.com/bfs/archive/f74131bd415af0e357a6a41c0694d2599e1e4bfa.jpg,69824323,BV1JE411Q71P,1570179657,2019/10/4,17:0:57,12:32,4094,4305,15241,1002,32288
罗汉鬼套路：揍亚索最狠套路 大B兜流石头人,6684,5532248,//i2.hdslb.com/bfs/archive/75dbcd51ee22ff88b5529f767ee059bc980614d5.jpg,69024725,BV1VJ411T77s,1569485640,2019/9/26,16:14:0,09:18,18815,147254,397841,32374,411066
百万粉up创作激励能有多少? 兑现承诺一次花掉！！!,8500,3332882,//i2.hdslb.com/bfs/archive/3235977966723431bd28dbf7a8c534bc55dc2e42.jpg,67099564,BV1q4411C7aD,1567955385,2019/9/8,23:9:45,06:58,16491,239411,928052,5918,620772
罗老师带你打节奏 铛铛铛铛,2517,1064907,//i0.hdslb.com/bfs/archive/980a7d261b854d153742e0d2a5ad5731e2b46777.jpg,65456196,BV1e44116727,1566815839,2019/8/26,18:37:19,08:11,4597,6482,22086,1011,52719
罗汉鬼套路：英雄联盟最刺激套路 噶韭菜流凯影,8056,4687718,//i0.hdslb.com/bfs/archive/cc8c2d014c3cf14f7b6ceba6699aaf62ac6a3b49.jpg,65129172,BV1v4411r7Jx,1566622360,2019/8/24,12:52:40,09:49,3459,73747,264783,21610,282099
罗老师带你一梦江湖,3912,1211109,//i1.hdslb.com/bfs/archive/e7e4fce33dabc36307bfa86f4dd6f8a6fc14e2f3.jpg,64198980,BV1b4411f7tu,1566061418,2019/8/18,1:3:38,04:54,6612,11145,45975,1227,78868
希望我的人生经历 能给一些朋友带来帮助 让大家少走弯路~,5994,1842980,//i2.hdslb.com/bfs/archive/8dc33f923756afdbe212ac3276c27e7f053d1230.jpg,63909256,BV1d4411U7T2,1565894157,2019/8/16,2:35:57,05:56,7338,52648,174276,3444,178761
一个会让单身狗愉悦的游戏,4447,1702267,//i2.hdslb.com/bfs/archive/3b78117b2554aa3e784d1d8c12e68214654ff2f1.jpg,62599898,BV1xt411T7n2,1565168414,2019/8/7,17:0:14,05:06,7709,28502,112174,1350,130038
被公司起诉折磨到崩溃的UP主 是时候正面面对了,26078,4885010,//i2.hdslb.com/bfs/archive/a071bb3eabd961dddbe769856375e6e9342a258c.jpg,62510996,BV1mt411K7qL,1565095944,2019/8/6,20:52:24,17:35,63294,237568,960145,19750,708460
罗老师带你玩贴脸弓箭手,2753,1760796,//i2.hdslb.com/bfs/archive/f51dd263b23587493c1dfc1deb6d2b5735ac4421.jpg,61776219,BV1ht411F7Cn,1564736452,2019/8/2,17:0:52,05:19,5889,10313,31501,2445,68865
罗汉鬼套路：LOL史上最硬上单 双抗铁妈妈流,109955,6448407,//i1.hdslb.com/bfs/archive/736ce5fa6d4cb0d04aac0565ed4a23c904ac0b58.jpg,60397873,BV1qt41177bC,1563865483,2019/7/23,15:4:43,10:57,305578,241864,692465,48035,558204
史上最骚生化游戏,1652,942057,//i0.hdslb.com/bfs/archive/39828168b6a6bddb5f403af12126904cfd5b02ec.jpg,58958487,BV1Bt411L741,1562979653,2019/7/13,9:0:53,05:17,2272,3640,12781,497,30793
史上最骚做菜套路,3250,2292030,//i1.hdslb.com/bfs/archive/a3c86ca560b80e2bef4f2b5e97d7efd3954be912.jpg,58457673,BV1F4411c79w,1562661667,2019/7/9,16:41:7,06:06,9585,21407,56455,2304,85414
罗汉鬼套路：lol一个不被秒就死不了的套路 万鞭归宗！！！,8671,5902555,//i2.hdslb.com/bfs/archive/2f84e5f00f8258b1e7363cd0d5e3da2374ff3cdc.jpg,58130411,BV1c4411w7pY,1562428984,2019/7/7,0:3:4,08:21,19558,152091,352715,30022,337390
罗汉鬼套路：LOL一个挨打就能赢的套路！,14699,7702060,//i0.hdslb.com/bfs/archive/b106a32234aac012a5e75fa353b739ad8b18ca9d.jpg,56784804,BV1Sx411o78N,1561447753,2019/6/25,15:29:13,11:19,60452,227136,585619,52609,481084
卡尔玛最脏套路 钢筋铁骨偷钱老妇女,735,1426236,//i0.hdslb.com/bfs/archive/d31b6d1ac682b8a376a1799239083ae825ea2b6f.jpg,40159218,BV19t411W7ot,1546853133,2019/1/7,17:25:33,67:56,6921,2856,12184,1678,17363
