﻿title,comment,play,pic,aid,bvid,created,date,time,length,video_review,favorite,coin,share,like
当女生狠起来，没男生什么事..,1194,405581,//i0.hdslb.com/bfs/archive/c50fc15f43b60080b54b50d7435b93b120ed784f.jpg,838535046,BV1bg4y1q7vx,1592218848,2020/6/15,19:0:48,06:36,7504,2530,4452,489,45133
国外爆火！而国内风评极差的新游戏,2568,750934,//i2.hdslb.com/bfs/archive/2685e90e03baeca40d27e1e17d90e66940e91c8c.jpg,710897473,BV1hQ4y1P7cM,1591495211,2020/6/7,10:0:11,12:37,7280,3574,5155,715,63131
我真的没有整容！,2696,895600,//i2.hdslb.com/bfs/archive/0422e5383782472d327d40ad9c55e5f4fdcb3055.jpg,883490686,BV12K4y1x7ne,1591183586,2020/6/3,19:26:26,09:46,19275,6345,10766,1288,93014
网游的现状 (必看),2460,998471,//i2.hdslb.com/bfs/archive/6cabaed20e14f030de8ac8dcf2b49342b1126e82.jpg,753373499,BV1pk4y1r7Xg,1590288657,2020/5/24,10:50:57,05:50,10449,6163,9733,797,91910
我包下了一片 “死海”,2720,1830455,//i0.hdslb.com/bfs/archive/ad403910d3bee1b62477f1f967215a077a1f6612.jpg,625855578,BV12t4y1C73L,1590114630,2020/5/22,10:30:30,09:46,17569,8489,11488,1443,139735
网络up主的现状 1,3774,1140965,//i0.hdslb.com/bfs/archive/ae9f361dcdca7a5a8d5956aaa374859c12f0f7df.jpg,413204653,BV1TV411C7Vr,1589594758,2020/5/16,10:5:58,06:44,12614,13105,21816,2015,134522
网络主播的现状 2,5936,2667418,//i2.hdslb.com/bfs/archive/9a557ff7fd20abe3ffe8ad3fcf5e371096c8d2ba.jpg,328023018,BV1fA41147M8,1588471537,2020/5/3,10:5:37,08:49,29610,24164,57690,11931,233898
网络主播的现状,9550,3022339,//i1.hdslb.com/bfs/archive/cc446a19adf0026cceaacd80683b2c60a949042d.jpg,625417669,BV1Pt4y1m7Ws,1587786029,2020/4/25,11:40:29,08:01,47124,38264,95303,19361,317485
【不要送大会员挑战】笑了就转账,4844,1540694,//i0.hdslb.com/bfs/archive/0d1ec066270c0873b3012ccfc9d315255886baa2.jpg,242790713,BV1we411s7vp,1587037538,2020/4/16,19:45:38,09:17,26360,24217,74604,3161,182059
96%的小孩想做又不敢做的事,2584,1057398,//i2.hdslb.com/bfs/archive/b2d3056024fc8f9b4d6eccf1b632f32428cf587f.jpg,925311246,BV1wT4y1V7AT,1586916017,2020/4/15,10:0:17,07:11,20223,7213,15847,738,103013
养100只猪是什么体验？,3372,1821156,//i2.hdslb.com/bfs/archive/a4152e7aac7297ef5e49f9fa481042da2759acdd.jpg,285191521,BV1dc411h7W1,1586128887,2020/4/6,7:21:27,09:29,19751,17582,46923,2474,182083
我退出社会摇,4291,1874992,//i1.hdslb.com/bfs/archive/8106ae30805e86add4e65c560dcba034d917abe8.jpg,667519329,BV1ga4y1t7vp,1585785907,2020/4/2,8:5:7,07:10,40633,24999,91184,11103,189132
欠费警告！千万别让孩子连上5G！,2397,893572,//i2.hdslb.com/bfs/archive/7c41922f196895d98d10358b923e0d34202edc6d.jpg,242561683,BV1Ye411x7jS,1585644268,2020/3/31,16:44:28,05:36,10368,3199,3970,519,68165
当成年人第一次打开 我的世界,3997,1606912,//i2.hdslb.com/bfs/archive/68fabc3277e5fd9cc23b61a487ed1905a505f496.jpg,99416464,BV1n7411C7Zy,1585185682,2020/3/26,9:21:22,09:07,24036,16327,42758,1703,183706
使命召唤16 真好玩！,2970,1581676,//i2.hdslb.com/bfs/archive/023be6ee165e179696dbb692026f5490bcd49d48.jpg,97771911,BV18E411N7kp,1584670090,2020/3/20,10:8:10,13:08,22727,7257,14701,2921,161027
1天时间100个游戏  最后玩哭了！,6556,2339565,//i0.hdslb.com/bfs/archive/e2ac4cd89bd78b1afb2674d6c28851bd9c03841e.jpg,95343794,BV1bE411K7Yk,1583890370,2020/3/11,9:32:50,15:20,69605,44024,130241,5479,275668
起床后被反锁在房间，原因不明,1871,824553,//i2.hdslb.com/bfs/archive/d3aa8ec8b4726aadc21a6591321b6f7db5d1882f.jpg,93437473,BV1sE41147Qp,1583373607,2020/3/5,10:0:7,07:54,12017,3105,5393,899,59738
花10000元打造的电脑桌是什么样子的？,2705,1349375,//i0.hdslb.com/bfs/archive/b0dad92bfdf8d33d74707cedd4521979bd243b3e.jpg,92807564,BV1DE41177zL,1583028959,2020/3/1,10:15:59,09:13,17246,11287,24102,1903,128215
最尴尬现场，网友翻唱秒杀歌手本人,3714,1222035,//i1.hdslb.com/bfs/archive/617d514fab395ff1f1edcf36a740a6cac7b2dadd.jpg,91770178,BV1D7411N77A,1582682436,2020/2/26,10:0:36,12:08,52955,10912,25896,3381,118786
家里有个米其林大厨是什么体验？,1943,750195,//i2.hdslb.com/bfs/archive/f2cebadda0785463163234124d77561901ae1afb.jpg,90756835,BV167411F73m,1582336845,2020/2/22,10:0:45,09:19,16333,3899,9978,595,70263
吴亦凡，我接受你的合作邀请,7320,2301986,//i2.hdslb.com/bfs/archive/ba9f01a374684dbd53435910229b369aed1fe4e7.jpg,89558727,BV1Q7411E75M,1581904851,2020/2/17,10:0:51,09:38,93337,36168,97288,7894,233776
摄像头监视女友，被发现后...,3140,1539024,//i1.hdslb.com/bfs/archive/88ca7dfc6f99d0d71dbb93bc5887742c0b84da46.jpg,88581054,BV1X7411V7tA,1581559504,2020/2/13,10:5:4,09:07,53455,9805,33186,2262,144989
强迫女友给我拍的MV，你们要看100遍！,11951,2665558,//i0.hdslb.com/bfs/archive/8bb11b2862ad8450ae967f1f114d5f09105191d5.jpg,87663392,BV1f7411t7Cy,1581213935,2020/2/9,10:5:35,03:22,72472,45842,157984,19220,335622
96%的人类会在家里偷偷干的事,2659,1326683,//i1.hdslb.com/bfs/archive/9b44a372e47ca76f8849f54507b7894e11cbce63.jpg,87027052,BV1D7411H7Ka,1580955918,2020/2/6,10:25:18,10:28,49248,15358,49942,3015,180085
【公开处刑】退出B站几个月后就忍不住，回来却遭疯狂打脸,1897,1007070,//i1.hdslb.com/bfs/archive/f71ef352040e4bef4257f37316d24c5f14e0b106.jpg,85513390,BV177411z7F7,1580264711,2020/1/29,10:25:11,13:28,14907,4023,10344,581,71804
场面一度失控！百大up突然鸡你太美～,2503,1073351,//i2.hdslb.com/bfs/archive/0a7b98395484eec5ff6ae13c239dae268d1f829b.jpg,84642420,BV1f7411e7LV,1579747521,2020/1/23,10:45:21,09:47,20874,10005,31857,942,90856
玩恐怖游戏就是要  笑！！！！,1772,785750,//i2.hdslb.com/bfs/archive/f91ef44d2ed12c160e6073f08ac41eb513773606.jpg,83551680,BV1kJ411J7R2,1579089863,2020/1/15,20:4:23,14:26,17542,7319,55530,2522,71780
知名主播现场道歉：小时候不懂事~,1612,739926,//i0.hdslb.com/bfs/archive/e0c51cbb774b2a567303c836b9b2864bf3c65029.jpg,82914631,BV1ZJ411H7DC,1578708044,2020/1/11,10:0:44,17:31,10437,3993,11036,752,47200
揭穿一家只吃“素”的自助餐，里面全是“肉”,1279,897115,//i0.hdslb.com/bfs/archive/4bcecd017cfe1c0c0826d1bd2c60a5fa945188a3.jpg,81109598,BV1eJ411a7Ay,1577596901,2019/12/29,13:21:41,09:56,8735,3179,9609,820,60236
15万买钻戒求婚，女友直接把我推开！,27884,6864864,//i1.hdslb.com/bfs/archive/84f8ef8d5fd15cdaffc4b735671b2807576619ae.jpg,80030891,BV1FJ41147aC,1576896315,2019/12/21,10:45:15,10:30,164118,226975,1332830,50224,971541
【浮生一顿饭】杀青！炸裂！欠的女装早晚都要还的！（第三集）,1040,710409,//i2.hdslb.com/bfs/archive/8588597f13bfba0d5124db067e45e3d259f997a8.jpg,79100589,BV1eJ411C7rw,1576314028,2019/12/14,17:0:28,69:09,12162,2968,5057,2083,28717
1000元1小时的录音棚是什么体验？唱一首最难的歌！,2280,1102004,//i0.hdslb.com/bfs/archive/3ff2cd1f57a148b9d73a0cc2ffb1741f4938cd3d.jpg,79094686,BV1eJ411C7M7,1576230118,2019/12/13,17:41:58,10:44,17901,19696,74839,3227,128678
拿明星照给理发师，让他100%还原！真的可以吗？,1798,754650,//i0.hdslb.com/bfs/archive/d83cfcf0de029a0bccdd7b147172ea0a2029d134.jpg,78497260,BV1TJ411v7GA,1575784525,2019/12/8,13:55:25,11:52,25937,4002,14425,1072,62602
1辈子只能玩一次的倒放挑战！,2286,2230041,//i2.hdslb.com/bfs/archive/c2c94a65e61ec06c9c2a8f6fb6cf9ca6be0c7fbe.jpg,77686601,BV1cJ411z7D9,1575187168,2019/12/1,15:59:28,11:02,23512,27137,58551,15189,181715
1平方12万！入住上海市中心的房子，心在滴血！,1463,1182735,//i2.hdslb.com/bfs/archive/c058d68345ab419536a193e23c6835107a4ab5ad.jpg,77324587,BV1EJ41197Fs,1574934242,2019/11/28,17:44:2,07:09,5558,4912,14545,779,63753
如何在双11买到真正优惠的衣服！这个方法你试过吗？,864,393125,//i2.hdslb.com/bfs/archive/18bc6c06b608bc2e3b5012ba18d4e28536c9fea6.jpg,75063852,BV1VE411v78e,1573358454,2019/11/10,12:0:54,07:47,3954,2276,7288,548,23803
视频流出！声称来自100年后的男子，你能忍住不笑看完吗？,1635,595308,//i0.hdslb.com/bfs/archive/bf84b7c25d6ba3ead5a991a9bae608511801e1d0.jpg,75095613,BV1HE411v7Kz,1573295666,2019/11/9,18:34:26,09:46,8667,4366,15301,581,42775
豫章书院是什么鬼？这才叫书院！,3710,1334956,//i0.hdslb.com/bfs/archive/45d65091c7ddb03fde0ba3d561e63ffbb585abf3.jpg,74651174,BV1BE411B763,1572949980,2019/11/5,18:33:0,11:11,17187,25901,96336,2494,163256
脑子一热冲到野地！这是我10年来做过最浪漫的事,2513,533061,//i0.hdslb.com/bfs/archive/4d286c1d1f1ecabd57f6436c0bf2a11c5df3f97c.jpg,74114946,BV1nE41187yi,1572603004,2019/11/1,18:10:4,09:14,11964,5329,17067,1031,43287
全网最快的男人？24小时内穿梭6个城市1000公里！和高铁赛跑！,1473,666443,//i1.hdslb.com/bfs/archive/48415474c78286426a6bd6e776f2901f6b29bb41.jpg,73336962,BV1JE41117eX,1571996713,2019/10/25,17:45:13,07:39,6172,5486,19352,1264,46532
住了1年的家准备搬走，小伙上摩天轮一看，发现竟然被骗了一整年！,1004,570390,//i1.hdslb.com/bfs/archive/090ac8549fe913bd4510e9b756adaf4d7689895a.jpg,73124262,BV11E41127tT,1571823521,2019/10/23,17:38:41,10:43,5748,2941,8046,558,36490
潜入24小时不关门的餐厅！里面竟然还有免费网吧！,1181,769636,//i1.hdslb.com/bfs/archive/5c29e948463f69775d5be383f5a924bb3ada6bc9.jpg,71088654,BV1EE411d7T6,1570953338,2019/10/13,15:55:38,08:09,4365,3226,6928,621,43876
BW后台真实情况大公开，特邀嘉宾吃盒饭！up主们勾心斗角！,1437,665287,//i1.hdslb.com/bfs/archive/4498cc15e562de957b878b2b7866af02c6dd359b.jpg,70480515,BV1KJ411c7En,1570452327,2019/10/7,20:45:27,09:03,8316,4125,9888,861,44044
我想实现梦想，父母要我面对现实，这些话我忍了很久！,3112,583372,//i0.hdslb.com/bfs/archive/8d15deb69bc94187c134f959e2826ba8f0e39de9.jpg,70044863,BV12E411S7sF,1570182702,2019/10/4,17:51:42,08:22,11682,9387,27637,1563,62566
挑战用3小时搞定一部微电影！放在豆瓣能打几分？,3098,748661,//i2.hdslb.com/bfs/archive/19f0916a535c2591eecde53574f7f0d7e945d038.jpg,69770442,BV1VE411Q7WW,1570006326,2019/10/2,16:52:6,10:14,34087,5712,15263,962,64443
放假的都进来看看！国庆没假放的我为什么笑的如此开心？,1377,632199,//i0.hdslb.com/bfs/archive/47fee6f99c0c0533d34b9d0ca16e8ac795f2c517.jpg,69509286,BV1iE411X7be,1569839510,2019/9/30,18:31:50,09:39,5889,4616,16040,646,64838
UP主便利店打工，偶遇一群粉丝场面一度尴尬！,1625,694175,//i1.hdslb.com/bfs/archive/5d74e4c00a130337d9ed54785effb737f86bc672.jpg,68624568,BV1eJ411g77B,1569140968,2019/9/22,16:29:28,06:56,6819,3655,8452,723,44368
尝试用超烂英语向路人问话！外国人：离我远点！,1859,699836,//i2.hdslb.com/bfs/archive/40033a44cd3d1d4fcf17912e50f082015cdd57d7.jpg,68388166,BV1wJ411G7ED,1568979018,2019/9/20,19:30:18,10:27,8467,4228,11397,1590,43704
潜入倒闭20年的游乐园遗迹，是什么让我落荒而逃？,5973,2212457,//i0.hdslb.com/bfs/archive/5823ff5fd95fad284487a88c0a538a6df74f6b4f.jpg,67461077,BV1WJ411P7Sv,1568278625,2019/9/12,16:57:5,13:58,93308,24744,54823,7744,196985
广东人不听劝跑到重庆挑战麻辣火锅，哎哟真香！,1929,846482,//i1.hdslb.com/bfs/archive/bcab0e31b18a76de95c0132cd4327d56f08a1ddb.jpg,67027239,BV1j4411C7nP,1567919837,2019/9/8,13:17:17,10:35,13816,4920,14054,1028,60926
第一次现场看NBA球星是什么体验？,1667,675830,//i1.hdslb.com/bfs/archive/c5d918a9e90afb90dac761cb9b062de8ee015db8.jpg,66937236,BV1U4411k78x,1567852074,2019/9/7,18:27:54,09:55,9947,4690,14245,890,54260
强行把理发店小姐姐带回家是什么体验？,2641,1615162,//i2.hdslb.com/bfs/archive/d0a560a6f0433b577bff86660c655408ccdabf0c.jpg,66703769,BV174411y7oj,1567674303,2019/9/5,17:5:3,10:31,17737,10266,40190,1484,128149
还有这种操作？输球就送10箱佳得乐！,1077,442883,//i1.hdslb.com/bfs/archive/54fad0c35a01c3988d128a4d29ae491fe52b3ade.jpg,66406688,BV14441117H7,1567428067,2019/9/2,20:41:7,08:31,3615,2062,5213,512,27792
会费80W！潜入高尔夫俱乐部，富人的生活我不懂！,1980,1102305,//i0.hdslb.com/bfs/archive/551d76dbb2219c02ef0a291771ca3b387776a73f.jpg,66225754,BV1p4411m7CH,1567304417,2019/9/1,10:20:17,08:34,11471,7625,24120,1565,79360
变形兄弟大结局，尔虞我诈到此结束！,6262,2338035,//i1.hdslb.com/bfs/archive/3c2d37a06b17cb63bb936e6e325be8d0fc9ab8ae.jpg,66153491,BV1S441127JE,1567244912,2019/8/31,17:48:32,22:56,100493,51568,157059,5439,189587
夹娃娃被骗后，小伙回家扭蛋血赚！,9000,583409,//i2.hdslb.com/bfs/archive/5a6d560c6d705c7f650731322ee590273cf41f13.jpg,65986199,BV194411q7ZG,1567159231,2019/8/30,18:0:31,07:45,13166,3032,7778,508,35895
网友票选最好吃的10种零食！,3713,942941,//i2.hdslb.com/bfs/archive/40d8debd9bf87c719fb3cf819a691904fa1da950.jpg,65893584,BV144411q7iR,1567075744,2019/8/29,18:49:4,09:48,41262,7115,16387,1064,63570
小翔哥喝世界上最难喝的水，喝一口直接喷出来，你敢挑战吗？,6528,3246298,//i0.hdslb.com/bfs/archive/28fb5dfa576ae72d8b4c6ff892426bf2cbc21918.jpg,65317574,BV1w441167Vy,1566729795,2019/8/25,18:43:15,26:11,60410,25602,69987,3257,138158
小翔哥第1次玩游戏，没想到智商爆表，爆捶变形兄弟,8071,3473401,//i0.hdslb.com/bfs/archive/2e8f3524c44de3ed7d44f5ca498b4233a8261c26.jpg,65030427,BV1N4411r7Ng,1566559030,2019/8/23,19:17:10,27:58,94619,29876,77129,4774,173788
徐大虾表白中国boy！,10744,3496413,//i2.hdslb.com/bfs/archive/f7e7615344d9662007e929c6b36a84715741c2ab.jpg,64283044,BV1N4411o7wa,1566123732,2019/8/18,18:22:12,36:14,124398,51653,135180,9097,203113
1000万粉丝UP主们互相整蛊！！中国boy掌控全场！！,9708,4060621,//i1.hdslb.com/bfs/archive/39219c9cc323cbc29d3fc79fda96c3c8c0ca47d9.jpg,63923749,BV1D4411U7fZ,1565946052,2019/8/16,17:0:52,34:42,90692,38181,89340,8582,175944
"【凸变英雄BABA】揭秘！在剧组一天能赚多少钱？",2030,758942,//i2.hdslb.com/bfs/archive/a806359d364263ccf6d9e831435109094654eae6.jpg,63399329,BV1a4411Q7CC,1565607883,2019/8/12,19:4:43,10:10,9788,2121,6511,680,27167
刺激！一次性把抽奖券全掏走转身就跑！,42467,787420,//i1.hdslb.com/bfs/archive/6375a4ec2820d00060c3e392e6d4729381ee8207.jpg,62312509,BV1bt411M7Md,1564992875,2019/8/5,16:14:35,05:35,31261,4853,13047,586,44050
6个Up主关在海岛别墅3天后会发生什么事？,5433,1532926,//i0.hdslb.com/bfs/archive/d448dbb99c5367805a76b0e7e9fecca2b80c94cc.jpg,62083719,BV1ft411u7dP,1564845084,2019/8/3,23:11:24,26:41,35335,16106,41997,2771,76613
你看不懂的行为艺术！,2863,807827,//i1.hdslb.com/bfs/archive/ed0c7b75e8f4a89ef1331c2dc04c59b28cd0bda2.jpg,61779761,BV1ht411F7Fw,1564676771,2019/8/2,0:26:11,03:24,7266,3071,6977,816,41897
为什么我停更了，这些话我忍了很久。（全公开）,6119,2025845,//i0.hdslb.com/bfs/archive/697a80043ba99ebc0b9a1d384d2a2d81480d2f84.jpg,61218629,BV1Ft411A7Qv,1564367157,2019/7/29,10:25:57,07:59,17340,23979,84344,1110,137745
up主为博眼球跳海，结果相机没了，3000元沉入海底,2630,1767191,//i0.hdslb.com/bfs/archive/d9967581b7a0f72b8c219d470cd2fc065fa0a9ba.jpg,60973221,BV17t411P7Uq,1564220118,2019/7/27,17:35:18,35:56,36831,14413,43251,1995,92907
见光死！up线下竟被粉丝辱骂成猪！,2009,691702,//i1.hdslb.com/bfs/archive/4fc0e9177d0c420605f5406c09edd04a627e69a6.jpg,60862366,BV1Qt411A718,1564142456,2019/7/26,20:0:56,07:52,11782,3616,9927,561,42339
励志！靠帮人洗脚，住进300万别墅的故事！,2727,1403947,//i2.hdslb.com/bfs/archive/cb96d9eadc1a9cfd7a7cd14629b88395fba01ea8.jpg,59961923,BV1qt411n7Ag,1563613248,2019/7/20,17:0:48,34:49,29820,16346,52065,3427,83291
"【非正式会谈第5季】网友曾经怼过一档综艺，1年后被邀请到节目现场公开处刑！",1854,924975,//i2.hdslb.com/bfs/archive/2a9c56d661ad67e11048f0d83e39da833012f034.jpg,59730186,BV1nt41137sk,1563450434,2019/7/18,19:47:14,11:15,18830,2729,11026,855,29875
【莽吧！变形兄弟】6位up主如何在5天时间内感情破裂,5003,3086808,//i1.hdslb.com/bfs/archive/1c20f161dfa1b2f6a318b12ef080880178fd2347.png,59645690,BV1Pt41137EH,1563440408,2019/7/18,17:0:8,01:52,11668,17344,34690,5015,122715
收到一台神秘手机，电量竟然用不完？,2692,652170,//i1.hdslb.com/bfs/archive/0ea5a6b9762d7faad1cc7f093d14e6c6b52038fa.jpg,59036802,BV1gt411V7aX,1563019478,2019/7/13,20:4:38,08:23,10543,2290,4526,581,29356
周杰伦继承人！挑战1小时写出一首超好听的歌！,5874,1400891,//i0.hdslb.com/bfs/archive/7a162334d2dbac737b4c903065c77220fbb0449c.jpg,58622591,BV1Hx411f7qj,1562754080,2019/7/10,18:21:20,07:59,33917,22052,54040,4291,97191
花50块请健身教练是一种什么体验？,1633,641149,//i2.hdslb.com/bfs/archive/cdc982e0ad7e970dc329e4f54fd3495933c1c0d5.jpg,58085255,BV1m4411c7Fb,1562406751,2019/7/6,17:52:31,05:56,11314,2754,8440,596,34164
凌晨3点！扮鬼吓室友，吓哭后差点被爆打！,2577,1120750,//i0.hdslb.com/bfs/archive/f1cf9575ce1541901cfd4f822ed8d41685b36540.jpg,57244433,BV1mx41197Xn,1561807047,2019/6/29,19:17:27,13:48,23666,9623,23581,2459,65873
花1600元顶着太阳爆嗮拍照，这照片凭什么这么贵？,2086,894571,//i2.hdslb.com/bfs/archive/a7e44dcc034a11dda76f7492295aeb42b254a551.jpg,56514621,BV1Q4411u795,1561259703,2019/6/23,11:15:3,07:16,14257,3470,10105,628,36871
100w终极福利！为粉丝安排的机票食宿准备就绪！,3865,937155,//i1.hdslb.com/bfs/archive/041c38285486bac3240e3ff7ecfccd2495d1dd85.jpg,56240158,BV1E44113798,1561108943,2019/6/21,17:22:23,08:47,14426,6864,25186,648,54989
周杰伦好狠！这是我去过最贵的网吧！！,2206,1246267,//i0.hdslb.com/bfs/archive/0d9f90690e56590b87b401bab6148add400e21e1.jpg,55672458,BV1i4411V7xJ,1560592187,2019/6/15,17:49:47,10:10,13250,5082,16683,1060,51839
家里有电脑，为啥还要去网吧？？？,3259,936441,//i0.hdslb.com/bfs/archive/66b56fb2c52d2ca379c052d5a0e3c294b91e8086.jpg,55276601,BV1V4411K7JS,1560249942,2019/6/11,18:45:42,11:21,18097,6859,20756,1933,49695
几千块藏城市里，等你来拿！先到先得！,1745,481192,//i0.hdslb.com/bfs/archive/8228f933ae307c637f7bd87877b892682c1e13e0.jpg,54804803,BV184411K7hr,1559898055,2019/6/7,17:0:55,08:03,3292,1712,4386,578,20465
2019高考加油！UP主联合应援2019年高考,7226,1793836,//i0.hdslb.com/bfs/archive/07b32de5e59d03aeb7940b6f82ddcf43db6d442a.jpg,54456607,BV1D4411n7up,1559563249,2019/6/3,20:0:49,06:03,12364,17387,28560,6239,88993
100元一小时的女仆桌游店是什么体验？,7342,2368999,//i2.hdslb.com/bfs/archive/c1333e7a09ecf72f13c03d0daf981d74ba79e9b3.jpg,54027509,BV1E4411H7yF,1559208622,2019/5/30,17:30:22,08:13,7498,9261,19441,3164,73649
up主压力太大，把酱油当水喝！,2742,899866,//i0.hdslb.com/bfs/archive/10e677c6acde0ddc79664b39c5d67d84dc7d26de.jpg,53557083,BV144411s7sM,1558779713,2019/5/25,18:21:53,07:11,11124,11120,47911,1151,73689
终于来了！B站时尚一哥教你逆袭变潮男！,3425,818385,//i0.hdslb.com/bfs/archive/ab01091bc1bbda48000d7186be8236fc7bcfac52.jpg,53354367,BV1J4411L7pP,1558606614,2019/5/23,18:16:54,08:31,21858,6032,19033,1249,44413
求路边的小姐姐拍快手，她会答应吗？,4053,1191696,//i0.hdslb.com/bfs/archive/d4039ad341cd7ecfe5842e6c8fb1e867fe91ebeb.jpg,52526006,BV1f4411E7h2,1557897988,2019/5/15,13:26:28,12:53,27611,14185,49500,4964,76205
给路边小姐姐拍照，狂追300米！！结果。。,2461,616993,//i2.hdslb.com/bfs/archive/818e605f201507726c6f0de9694c6c3f1aa5e77a.jpg,52141766,BV174411e7hB,1557572356,2019/5/11,18:59:16,10:47,8621,2717,7242,626,28006
变形记会不会出第二季？不会！,2382,621921,//i1.hdslb.com/bfs/archive/8e84655f8a11da1917a1ec17b96c16717290e3c5.jpg,51644627,BV144411e734,1557140828,2019/5/6,19:7:8,10:00,14060,3569,11132,465,32770
变形记大结局回家！,1778,573470,//i1.hdslb.com/bfs/archive/32e370d904c82878872e4ea8bf404acf4714978c.jpg,51030018,BV1i4411t718,1556701209,2019/5/1,17:0:9,05:06,4910,4336,8552,387,26154
1200元一晚上的总统套房，竟然为了几块钱...,2455,1449226,//i0.hdslb.com/bfs/archive/bbc384458934a6f768015d4bb9d3e3628cc18177.jpg,50939345,BV1f441147Yp,1556618655,2019/4/30,18:4:15,06:50,11759,5063,11730,1026,48242
住在农村一星期，叛逆少年狂言：不想回家！,1492,585274,//i0.hdslb.com/bfs/archive/10b70f2f5b1af9588b3621f031ea8d41b557b4d8.jpg,50756995,BV1C4411b7cd,1556454095,2019/4/28,20:21:35,10:48,10314,5033,13272,614,29246
哭了，千万别和兄弟说我讨厌你！【up主变形记03】,1788,756191,//i0.hdslb.com/bfs/archive/96d4100cfcd25cc456e724020c21fb73f183d85e.jpg,50592435,BV1e4411h7Y9,1556338241,2019/4/27,12:10:41,22:41,14186,5211,8282,756,30669
在b站工作是什么体验？,6453,2843390,//i2.hdslb.com/bfs/archive/2f114ed3fddcf34a29ddda197234ce82a74aef77.jpg,50461373,BV19441187iF,1556205000,2019/4/25,23:10:0,06:10,14092,20960,27407,4782,99931
绿头兄弟私奔，逃出农村！【up主变形记02】,2266,961235,//i2.hdslb.com/bfs/archive/b11e934e3721577421cf569df07e5d50f5b8b4a8.jpg,49937636,BV1Eb411V76x,1555762689,2019/4/20,20:18:9,14:54,12091,6161,9903,859,34088
自闭兄弟被骗睡茅房！【up主变形记01】,2465,1319394,//i1.hdslb.com/bfs/archive/cdd079d68f6641e61b655bf62c4aed07b28decb0.jpg,49825803,BV11b411G7MS,1555677603,2019/4/19,20:40:3,29:07,18516,10835,19367,2237,52360
特殊身份曝光，我的首个任务已下达！,1244,347702,//i0.hdslb.com/bfs/archive/cf5c2f4bed1779a5a077f46279a041bb7208d155.jpg,49698630,BV1mb411572A,1555585857,2019/4/18,19:10:57,03:31,2152,1173,3141,402,15281
穿校服去看车，会有人理我吗？,2740,1473509,//i1.hdslb.com/bfs/archive/02be8336664fce96abbff40eb4015c30ce3291d2.jpg,49648481,BV1Cb41157GC,1555515857,2019/4/17,23:44:17,08:42,14443,4899,11212,1316,43071
【up主变形记】看6位叛逆Up主如何在农村改造，重新做人！,4340,2864428,//i2.hdslb.com/bfs/archive/c3f48c6f2bdd73aade6f8440e38f547451af3816.jpg,49548358,BV1gb41157q8,1555493426,2019/4/17,17:30:26,02:29,7247,30800,56800,5457,119472
成为了外卖小哥，打游戏也不耽搁了送外卖！,2030,613610,//i0.hdslb.com/bfs/archive/c7140a8c6aba80698ff6f1666961ff3301984af9.jpg,49126498,BV1Bb411K7hu,1555156831,2019/4/13,20:0:31,04:01,4001,1837,4233,623,22750
B站篮球一霸！挑战全站up主！,3502,1172724,//i2.hdslb.com/bfs/archive/d52e24b8eef03a72f4e3c509a1f7aaea51664266.jpg,48432715,BV1gb41137Aw,1554523227,2019/4/6,12:0:27,08:25,10252,3720,8827,1028,34791
号外！全新弹幕功能进入内测阶段！,22556,822747,//i1.hdslb.com/bfs/archive/80802e0d32f218c7540ae37f70cc220c7ec3a2b5.jpg,47641877,BV11b411x7VP,1554048019,2019/4/1,0:0:19,02:49,9260,4892,6155,3355,30837
80W粉丝经验分享，公开我的所有装备！,2122,415117,//i0.hdslb.com/bfs/archive/13ef6f91fba342ac952084325f54e2343cf4c1f2.jpg,47901425,BV1pb411s7mz,1554034250,2019/3/31,20:10:50,09:54,5962,9361,27921,789,40427
对不起黑粉，我不想被你讨厌！,4492,637415,//i2.hdslb.com/bfs/archive/0a9bf0f61f6a01e091bc8a6942b99abb683bf1c9.jpg,47778770,BV1db411W7PD,1553944963,2019/3/30,19:22:43,07:22,8656,4262,15992,496,43120
vlog-我绝对是迪士尼最不欢迎的客人！,2172,1040275,//i1.hdslb.com/bfs/archive/f09112a63f4f2ce7bc6c44db935a9cc1ec4430b9.jpg,47653063,BV1fb411x7mP,1553856053,2019/3/29,18:40:53,06:52,6289,3649,7035,1127,30908
蛋挞价格暴涨！一次性买了一堆回来试吃看看值不值！,2366,581403,//i0.hdslb.com/bfs/archive/0f2a7aff7a04491922c7a313c9d011154b6d6cc3.jpg,47239512,BV1Wb41147wA,1553433946,2019/3/24,21:25:46,07:20,5880,2294,6975,790,24983
在地铁上玩随机挑战！被小姐姐驱逐出站！,1877,649431,//i2.hdslb.com/bfs/archive/499ad8d4a385bd9e2729babf59b03b8d3ff4c268.jpg,46726431,BV1Hb411E7cK,1552989934,2019/3/19,18:5:34,12:24,8463,3879,12518,1109,31157
太温柔、惧怕陌生人！我是如何治疗社交恐惧症的！,9558,794446,//i0.hdslb.com/bfs/archive/e9e08f598a6aba76be9f71607b4a7f552d5e3fdd.jpg,46572290,BV14b411n7qk,1552820868,2019/3/17,19:7:48,05:54,17185,30546,59164,6003,70363
你抄袭我，我还给你打钱！你服不服？,2580,1076977,//i1.hdslb.com/bfs/archive/a60405ad67a164603243fd27ebf08aaeecd7c648.jpg,46344437,BV1ob411H7W9,1552648101,2019/3/15,19:8:21,10:31,9508,5718,10886,1249,42049
12小时随机挑战！把命交给随机数！,2900,1282423,//i2.hdslb.com/bfs/archive/ebed09c6987dff0db2f47ec59ccb69124cdcf448.jpg,45782452,BV1Gb411i7Ky,1552127916,2019/3/9,18:38:36,19:52,15310,10893,41562,2440,65337
送表面兄弟出国后，终于忍不住在马路边泪崩！,1645,590919,//i1.hdslb.com/bfs/archive/c6dace336328d7dbdff0bde90dfc5804d59233ce.jpg,45598364,BV12b411q78c,1551957926,2019/3/7,19:25:26,06:51,5226,3606,9885,637,27189
面基200万粉丝大佬，当众和他说我不是你粉丝！整段垮掉！,1816,913525,//i0.hdslb.com/bfs/archive/5b9bf212cd61d9406601ccd709a6ea5297390bcf.jpg,45239003,BV1ib411B7QZ,1551602266,2019/3/3,16:37:46,05:40,3444,3559,6481,508,27973
辍学后如何生存？我的第一笔薪水！经历分享！,12674,1008275,//i0.hdslb.com/bfs/archive/80622e855a67fb2a8a5aa55a9593917a7f946dd2.jpg,44866051,BV1Ub411t7ES,1551273169,2019/2/27,21:12:49,07:59,11593,34869,89097,9582,92126
原来街边卖10元的玩具这么可怕！,1575,586002,//i1.hdslb.com/bfs/archive/19c98371851081f826c0ce1dee54d62134faf55c.jpg,44776521,BV1cb411h79d,1551185115,2019/2/26,20:45:15,06:36,10822,3069,7959,985,26070
好嗨！3000元吹风机是什么体验？,1813,502226,//i1.hdslb.com/bfs/archive/d55619161e656409f1df5cfaf7b350ae0d048be0.jpg,44660532,BV1jb41187dy,1551090315,2019/2/25,18:25:15,05:38,6473,2298,8194,1003,23721
痛心！搜索引擎百度已死！,3276,699258,//i1.hdslb.com/bfs/archive/6ec4134e6d8b06fe87bb13ad0306c030811ece2c.jpg,44179038,BV1Jb411Y7fU,1550657694,2019/2/20,18:14:54,06:51,11140,3561,6493,739,25764
终于等到你！再见绝地求生！,1533,546721,//i1.hdslb.com/bfs/archive/11b8f243d6a339dfea9c3b1d40d196a7e657c1ed.jpg,43868954,BV1Ab411173o,1550399411,2019/2/17,18:30:11,07:03,3112,1389,2744,605,13571
比淘宝便宜！100元能在商场买到多少衣服？,1546,530576,//i0.hdslb.com/bfs/archive/c25541cee4185f8b8957e9de156c2361f5c733dd.jpg,43546562,BV1Pb411278U,1550141930,2019/2/14,18:58:50,05:28,5253,2190,6046,1435,18979
投稿视频是我的隐私！,1623,518338,//i2.hdslb.com/bfs/archive/32b6fcba31c8aa40e48740e9f1f0271c3c897d8b.jpg,43331600,BV1Sb411m7Rx,1549969253,2019/2/12,19:0:53,04:43,9564,1950,5265,296,21069
恐飞症患者为回家再次踏上飞机！,1385,302425,//i1.hdslb.com/bfs/archive/d4b0fd959c699ca913f530298dd1555aeb61a59d.jpg,42720522,BV1Ub411r7Dt,1549363652,2019/2/5,18:47:32,06:48,4215,1008,2368,279,11343
拒绝女装！男up宣言！,2457,421498,//i2.hdslb.com/bfs/archive/bc6a7b0a51e69dcbe69053614465d68500431f69.jpg,42253077,BV17b411k7NY,1548933789,2019/1/31,19:23:9,05:27,14930,3655,12411,1963,26930
哭了！公猫一见母猫竟然做出这种事！,1280,437450,//i0.hdslb.com/bfs/archive/a9ccd377e4c5643fdd5f21f1745960fd83fc0c31.jpg,42152840,BV1bb411y777,1548845049,2019/1/30,18:44:9,08:49,4916,2361,3926,1721,15111
我觉得B站把我也骗了！,2895,732414,//i0.hdslb.com/bfs/archive/b24e136490d75ee473e18710239310fdc37f061a.jpg,42047917,BV1Rb411C7Xq,1548756243,2019/1/29,18:4:3,05:41,5896,3354,10995,807,27675
晚会意外！嚣张up竟然抢夺奖杯！,2258,616135,//i0.hdslb.com/bfs/archive/3a29c4ff822fafb2c583ec641cbc2732c5a71949.jpg,41851968,BV1Ht411t7A7,1548584949,2019/1/27,18:29:9,07:34,7845,4453,13840,448,31198
9102年了！你还是非主流吗？,4191,662926,//i2.hdslb.com/bfs/archive/5fba4a84d61ddca0fe964cb20f1e45c869afd5a9.jpg,41585305,BV1rt411b73n,1548330494,2019/1/24,19:48:14,11:37,36542,3637,7614,4406,22248
王者被虐，大头婴怒砸手机！,1549,431788,//i1.hdslb.com/bfs/archive/bc002d8bf278db78dd8766ff0c249145378f0098.jpg,41390796,BV1Wt411h7s3,1548158449,2019/1/22,20:0:49,07:01,5243,1196,2166,445,11036
地狱难度！史上最难打的广告！,1189,339650,//i1.hdslb.com/bfs/archive/4148728f022b3e90bf8b50235fc917fcac1f19a2.jpg,41256113,BV1rt41187mz,1548043208,2019/1/21,12:0:8,06:25,3956,1396,4546,270,14539
慎点！这是世上最辣眼睛的校服模特！,2022,343652,//i1.hdslb.com/bfs/archive/5415df61dc4c9160d0ea31f14457d14cd08bb043.jpg,41126621,BV1kt411a78r,1547887877,2019/1/19,16:51:17,06:17,12111,4447,16465,938,43387
天啊！十年前的QQ空间，别打开！！,3941,1145024,//i0.hdslb.com/bfs/archive/ce97da4dc5ae08c86e9dbecdf7e200b417f5e465.jpg,40767665,BV1St411H78Y,1547546753,2019/1/15,18:5:53,06:04,18735,7330,9536,2545,35024
带苹果笔记本去星巴克装b！,2060,635596,//i1.hdslb.com/bfs/archive/01e0d294a15e00f309b4fe47192d0cedeb713e42.jpg,40394356,BV1Wt411p7Df,1547116704,2019/1/10,18:38:24,07:50,8085,2791,9230,1872,20540
打脸去年狂言涨100万粉丝的up主！,1762,328067,//i2.hdslb.com/bfs/archive/1bb90634d4811d8427f2c61d4ce21ccc2e16e2ec.jpg,40252364,BV1et411s7FA,1546953880,2019/1/8,21:24:40,04:38,4484,1419,4998,141,13722
震撼！up主将自己的梗拍成了电影！,5495,1211246,//i0.hdslb.com/bfs/archive/7f73bece96cfb4a60da66e3768d81517ff9c67b9.jpg,39745049,BV1Rt411B7Ar,1546423567,2019/1/2,18:6:7,05:52,19995,23081,75318,3024,85789
哭了！公猫不舍和母猫分手竟然做出这种事！,984,463573,//i2.hdslb.com/bfs/archive/57d2cd726d3863d471804cdf2ca989d0c32f37f3.jpg,39552976,BV12t4116743,1546259495,2018/12/31,20:31:35,08:40,2901,2371,5703,786,13874
b站最后悔的一件事！让我带相机进总部！,1085,693202,//i0.hdslb.com/bfs/archive/aaf9adcdbad75d4a54e39bc09b5f81fb0070b797.jpg,39188080,BV1xt411r7u2,1545991203,2018/12/28,18:0:3,07:28,3572,3163,6008,502,19885
我收到了签约主播送的五个快递！,1274,351997,//i0.hdslb.com/bfs/archive/d6cd103db296a2544611db762a7d5b28eaa3a361.jpg,38886137,BV1Yt411k7ej,1545645646,2018/12/24,18:0:46,07:53,3535,1978,6106,457,13599
她是男的你信吗？,1105,313129,//i0.hdslb.com/bfs/archive/264ab1ea4e414a873ca26c9590b015c11e3a1496.jpg,38674007,BV1et411Y7um,1545394414,2018/12/21,20:13:34,07:43,3699,1600,4279,612,12358
30元能买早餐吃一辈子？！！,1697,585369,//i2.hdslb.com/bfs/archive/3a6c86f8dae40992a298e5293e54d94550552ce3.jpg,38221795,BV1Bt411i7vr,1544869302,2018/12/15,18:21:42,07:55,7702,1718,4742,317,14857
快劝架！结仇已久的UP主终于见面互怼了！,842,305334,//i0.hdslb.com/bfs/archive/c277bef7cc0b4e63f7b5b58c921e23b0337f41a8.jpg,38140406,BV1At411i7wB,1544784560,2018/12/14,18:49:20,07:13,1637,1513,3197,128,9888
认输！我就不信你笑不出来？不要笑挑战！,1531,824544,//i1.hdslb.com/bfs/archive/644ff1abd9ffdd40000431a0cd4491b577c00551.jpg,38073231,BV1Ct411v7Jh,1544701204,2018/12/13,19:40:4,06:56,11939,5528,10731,2052,29857
B站第一个让猫交配的Up主？,1093,284488,//i1.hdslb.com/bfs/archive/ad8dfc6476e3f8b0142b2625c16c46435bd17801.jpg,37712388,BV1Ft411D7Le,1544270310,2018/12/8,19:58:30,08:17,2244,1450,3661,451,9780
滴滴打车！加钱上豪华车是什么体验？,1628,642078,//i1.hdslb.com/bfs/archive/b24ce5db055ee88a005ecaf56ac807dc5cf7688b.jpg,37621121,BV1zt411S7Zv,1544184173,2018/12/7,20:2:53,09:46,5864,3042,24477,542,24309
20元到楼下买宵夜！买了超多！,1182,430986,//i2.hdslb.com/bfs/archive/f82715ca2c9d2421aed3e2e3c332114636a15c1e.jpg,37169356,BV1Ct411X7o7,1543658531,2018/12/1,18:2:11,09:11,5127,1873,6651,321,13442
90后都经历过什么偶像剧？,1709,295690,//i1.hdslb.com/bfs/archive/5431d16a14a87ba4cf4014a97447dfbfdf278919.jpg,37018670,BV12t411Q7Ra,1543489427,2018/11/29,19:3:47,07:09,8334,2565,4108,333,12866
Vlog-我搬家了！和室友打架了吗？,1517,364938,//i0.hdslb.com/bfs/archive/e3a5d1450aaaa5171779943f32e4c4b1efa01281.jpg,36885892,BV1Ut411974L,1543317373,2018/11/27,19:16:13,08:30,3422,1304,4179,154,10978
千万别在你朋友面前玩VR游戏！,632,207019,//i0.hdslb.com/bfs/archive/0515407ff222a58492a95af8cb2df7e5e9025493.jpg,36514857,BV1Ft411y73G,1542881906,2018/11/22,18:18:26,04:28,1359,832,1692,365,6020
玩粉丝给我做的恋爱奇葩游戏！,1153,317048,//i0.hdslb.com/bfs/archive/f1d026a1eb5b528d034b1b64c3aa89865c60bce2.jpg,36316778,BV1rt41117JX,1542620528,2018/11/19,17:42:8,09:49,4757,2632,5401,874,11955
同时叫美团和饿了吗，看谁先到！,2498,617239,//i0.hdslb.com/bfs/archive/721a923e1e88fbd4f14ca77dc0898fa3fec614fb.jpg,36083871,BV1gt411m77v,1542366741,2018/11/16,19:12:21,07:22,4079,2923,10817,555,21160
金发小哥被网友集体模仿嘲讽！,895,212735,//i0.hdslb.com/bfs/archive/0095e3c452cef571e19943a23b11dff81fc0d15a.jpg,35774370,BV1Nt411U7UW,1541940980,2018/11/11,20:56:20,18:28,8317,1725,4464,393,8758
小哥被网友喷太丑，改造后堪比男神！,1602,481062,//i1.hdslb.com/bfs/archive/d306d8552068fca17f8c7b3d6583d94f94738ff7.jpg,35645755,BV1Xb411c7hF,1541833256,2018/11/10,15:0:56,08:06,6364,1759,3880,1260,12008
别啊！挑战B站最可怕视频！你能过关吗？,1482,929595,//i2.hdslb.com/bfs/archive/8b57ef677dcce0f797b5bc1c50dd7f8857c8aad0.jpg,35610793,BV1Cb411c7jw,1541757564,2018/11/9,17:59:24,08:16,17892,4639,3807,1493,20233
吐血！中二少女竟用忍者跑赛跑！,873,240852,//i1.hdslb.com/bfs/archive/d81eff3ba68efd8c36621214699fcd8cf2da00e7.jpg,35414057,BV1kb411F7Q4,1541498747,2018/11/6,18:5:47,07:16,2162,1240,2328,570,6723
相亲！给我家猫找一个小老婆！,586,332694,//i1.hdslb.com/bfs/archive/c9a5977f6b73ae8f67ee2089355a10cd29651ce2.jpg,35361789,BV17b411A7mh,1541410471,2018/11/5,17:34:31,07:24,1797,1156,2283,244,8401
愤怒！染个头发把我染哭了！,1487,265111,//i1.hdslb.com/bfs/archive/dfa124aa6fd38c1c3ca05d6e481e828f96d19b89.jpg,35064716,BV14b411P7g3,1541067035,2018/11/1,18:10:35,08:03,4691,1266,5823,614,10521
一口气黑了4网红！,2217,604704,//i2.hdslb.com/bfs/archive/3cafa104e71337fe9d06b998d9000cf4aa46e3e8.jpg,34725701,BV1Gb411N7dC,1540641455,2018/10/27,19:57:35,06:55,5152,12744,44825,1043,41586
刺激！你离女友就差这一个视频了！,1490,361406,//i1.hdslb.com/bfs/archive/b3419caf49fca9427192809f9d94c82e119e97c6.jpg,34500184,BV1Ft411d7JH,1540375809,2018/10/24,18:10:9,08:43,6511,2607,7326,1757,12966
爆赚！100块在拼多多保我一世平安！,1021,572141,//i1.hdslb.com/bfs/archive/9c34c189d8d62c471d6b4398ca4c852cf8c1d00e.jpg,34084496,BV1yt411d7ax,1539856855,2018/10/18,18:0:55,09:02,4365,2292,4997,971,14333
绝望！和比自己重100斤的大胖单挑！,615,192797,//i0.hdslb.com/bfs/archive/65b0adcc816cf859a2bd5e9c58d02dc5ac626cd6.jpg,33964132,BV1zt411Z7hy,1539675289,2018/10/16,15:34:49,08:44,2556,656,2537,211,5756
石锤！这些模仿我的人差我太远了！,1072,278221,//i1.hdslb.com/bfs/archive/b74b5fe25970e850e0a7cd19ad06fac9f7f5dad2.jpg,33833004,BV1ft411o7eD,1539505114,2018/10/14,16:18:34,11:29,9329,1090,2878,181,8431
头皮发麻！最让你摸不着头脑的游戏！,584,193983,//i1.hdslb.com/bfs/archive/e34b8cbba5db877e3f8fe2f7c4f3e17f414cf991.jpg,33663993,BV1ot411f7v4,1539335436,2018/10/12,17:10:36,09:16,2167,632,2300,162,5815
B站第一个蹭热度被捉up主？,2257,285647,//i2.hdslb.com/bfs/archive/bc1de5d043d07a4635bf8a7231578d0222462784.jpg,33515033,BV18W41117kn,1539162039,2018/10/10,17:0:39,07:54,4144,3570,30733,644,20784
不会打球怎么装b?,1140,237321,//i1.hdslb.com/bfs/archive/5017c25f9cd071992cfb01825e4b56ce61d98177.jpg,33248804,BV1SW41127x8,1538812744,2018/10/6,15:59:4,05:08,2158,1265,3350,1489,7754
我的鸡比华农兄弟漂亮！,1834,400458,//i0.hdslb.com/bfs/archive/b2ce027256a3d15048fb82a523d3cadb8ca53c61.jpg,33129210,BV1WW41127K7,1538704852,2018/10/5,10:0:52,08:53,4594,1255,4038,548,11313
注意！半年前买的衣服千万别穿！,1029,227065,//i2.hdslb.com/bfs/archive/0eb179eca34fc417f816bcfc0e6f9bbe3773f12f.jpg,32996843,BV1GW411U7Ag,1538551959,2018/10/3,15:32:39,05:10,5563,622,2521,357,7265
天啊！up主拍视频原来这么复杂？,530,139897,//i2.hdslb.com/bfs/archive/9597fa768e1e90312e8fc604279865cc3696103f.jpg,32753231,BV1zW411S724,1538294896,2018/9/30,16:8:16,06:37,2491,689,1555,91,5234
揭秘！up主一个个都搬去上海的原因！,1274,372933,//i1.hdslb.com/bfs/archive/84e7023baade2751731b615bf4cf188f5ae8a436.jpg,32636530,BV1wW411S7Q8,1538128653,2018/9/28,17:57:33,07:34,3716,1427,3623,173,9522
真的！我在拼多多上买了台兰博基尼！,685,240162,//i0.hdslb.com/bfs/archive/3e4c8008050fd8e2ca02ebeef1a85b539e86bbb4.jpg,32162207,BV1LW411r7ow,1537617632,2018/9/22,20:0:32,08:48,1769,609,1508,163,4289
作死！小伙离家在KFC门口搭帐篷！,1085,276264,//i0.hdslb.com/bfs/archive/274f2b083e6886929555b6e3ff5515818cc3907d.jpg,32161564,BV1WW411r7y8,1537526760,2018/9/21,18:46:0,09:58,4526,989,3501,444,8567
上火！室友为了一件小事打起来了!,1451,353888,//i2.hdslb.com/bfs/archive/1f22ed17b3441cce620e1f52b0fe74a159b2cf3e.jpg,31987984,BV1hW411671J,1537270038,2018/9/18,19:27:18,08:44,6027,1538,3888,556,10412
注意！死肥宅变身就差这一套衣服了！,1487,230966,//i2.hdslb.com/bfs/archive/c434395ed102b3506b5d5ef21e7233d0a59f388c.jpg,31705627,BV1jW411y72z,1536922998,2018/9/14,19:3:18,08:42,3782,1275,2767,449,6763
可怕！和B站最高Up主尬球是什么体验？,2744,1132480,//i0.hdslb.com/bfs/archive/8a1298a84931a21d16b5844c3913dbe2870f9844.jpg,31589355,BV1XW411C7Pb,1536749569,2018/9/12,18:52:49,08:07,22419,6137,5858,1470,27216
不要打了！又一个舞蹈区神作诞生！,1312,380430,//i0.hdslb.com/bfs/archive/3ed72680faebeccb2dcc7dca4d467c0eb09f129b.jpg,31474784,BV1KW411C7yB,1536573584,2018/9/10,17:59:44,04:46,4220,5700,10732,4997,13309
烧钱！up主花钱请助手来拍视频，但事情并不简单。。,1053,146768,//i1.hdslb.com/bfs/archive/eb56fe508053831f9536be28335856554bdeed40.jpg,31264858,BV1BW411d7dD,1536314234,2018/9/7,17:57:14,08:44,2192,452,1379,78,4835
真实！要拉屎的游戏《人渣》试玩！,858,547385,//i1.hdslb.com/bfs/archive/3a93843047f323a0db4a8968da58a1cf0b71ace5.jpg,31147478,BV1YW411Z7bN,1536142860,2018/9/5,18:21:0,12:43,7296,1846,2341,702,7395
想吐！李子搭配酱油吃会有什么效果？,973,147303,//i2.hdslb.com/bfs/archive/c9844d15c02b6c869ebfea1255efe07106b0d623.jpg,30965605,BV1iW411o7jC,1535886248,2018/9/2,19:4:8,05:29,2092,588,2129,246,5432
亏爆！100块花在拼多多有多刺激？,2469,727169,//i0.hdslb.com/bfs/archive/2a92100a5b4a8d4b37deb337d580830151120e00.jpg,30883529,BV1ws411F7Wn,1535795390,2018/9/1,17:49:50,09:33,7677,3776,8366,2878,22694
被揍！这就是不召唤女神的后果！,824,136554,//i2.hdslb.com/bfs/archive/b28ee194815e1c14fa7282b6a1367696d05304bd.jpg,30522331,BV1Xs411F7td,1535454030,2018/8/28,19:0:30,07:48,1353,257,1005,74,3884
当和日本人打斗地主会发生什么事。。,1306,226948,//i1.hdslb.com/bfs/archive/935a8415c04e9a352b5fc028d02768afb61ca18d.jpg,30534513,BV12s411F7x1,1535444918,2018/8/28,16:28:38,06:22,3111,1171,2961,1114,7622
赚翻！100块花在拼多多有多可怕？,5401,2251671,//i2.hdslb.com/bfs/archive/91f5e4702096f3933f15db20d718bb064d82934d.jpg,30187884,BV1TW411D7mo,1535094178,2018/8/24,15:2:58,10:40,34787,18204,35063,19778,55563
灵魂互换！火鸡和螺丝交换身体，流口水！,2061,294258,//i2.hdslb.com/bfs/archive/672190174a594445fabcd6e2798e613a85f8e2a3.jpg,29861509,BV1UW41197Ds,1534762930,2018/8/20,19:2:10,07:59,5337,792,2738,377,7354
慎点！挑战惊悚视频，看完都是勇士！,4518,980574,//i1.hdslb.com/bfs/archive/24f90e5c23333704302a84851d969a59e0b6004d.jpg,29682889,BV1kW411X7yr,1534580581,2018/8/18,16:23:1,10:33,34947,6045,3664,4752,13188
5种办法帮你找到你看不到的大片！有一种一生受用！,1490,164573,//i2.hdslb.com/bfs/archive/39ef3e7c93967be0cc9325ca9f5e806550249f63.jpg,29546846,BV1kW411R7Sk,1534482002,2018/8/17,13:0:2,05:20,3871,709,1798,168,5366
视频没人看怎么办？资深Up为你解答！,1877,178520,//i1.hdslb.com/bfs/archive/c0e9d20aed73f13ea53cfe7046a59441655cd32f.jpg,29529994,BV1UW411R7M2,1534423645,2018/8/16,20:47:25,14:43,8350,1196,4005,198,7461
小伙用时一周，做了个全宿舍一起玩的游戏！,1242,210004,//i0.hdslb.com/bfs/archive/965f7977c697d9d65e41fc45e6fcccbcea749328.jpg,29261829,BV1Xs411T7ph,1534158326,2018/8/13,19:5:26,16:01,2851,873,3263,183,5742
慈善！卢姥爷终有传人！,1118,284461,//i1.hdslb.com/bfs/archive/0f9a789a31a0c93028f976023fc921b1524c52ec.jpg,29169804,BV1ps411T7Ci,1534064415,2018/8/12,17:0:15,07:48,3007,855,1687,408,5532
痛快！揪出小黑粉来了一场篮球斗牛！,1238,259676,//i1.hdslb.com/bfs/archive/2484143cf7bad9ff933f7acb89c342a5ea0d4b8a.jpg,29021506,BV1us411u7Wo,1533902385,2018/8/10,19:59:45,05:30,2475,660,2467,265,5801
拒收！10万粉丝纪念奖牌到手后感想！,2764,564918,//i1.hdslb.com/bfs/archive/795c7cfba9cbab610a45b4fe006bc12f19e3d14d.jpg,28922085,BV1zs411M7pC,1533807736,2018/8/9,17:42:16,07:05,6553,1634,9727,325,13770
《恋爱模拟器·约会篇》求你啦，赶紧分手吧！！,1144,217453,//i1.hdslb.com/bfs/archive/dad658d35609e4c3b248c65249e0c11c8df95758.jpg,28842504,BV1Ws411M7HH,1533721230,2018/8/8,17:40:30,14:55,5588,832,1922,724,5378
暴晒！太阳煎蛋！还是煎人？,1315,175010,//i2.hdslb.com/bfs/archive/684add8c75789390e38c2b6ff3eb41403c745800.jpg,28677787,BV15s411g72K,1533553292,2018/8/6,19:1:32,08:32,4744,597,2528,211,5856
两个人制作的游戏，难倒了全世界玩家！,1062,185767,//i2.hdslb.com/bfs/archive/67ca71342324eb335de7d56a77ac4389e91b059b.jpg,28510793,BV1Ps411G7sQ,1533373303,2018/8/4,17:1:43,19:24,4998,600,1797,133,4629
为什么！不知道笑点是什么但是却很好笑！,1529,208612,//i2.hdslb.com/bfs/archive/5bb04d6491b4841ea4302b73900a589cd8eda8a0.jpg,28275173,BV1zs411w7Vq,1533125353,2018/8/1,20:9:13,03:18,5506,1206,3805,458,6674
报复！反整胆小室友！,971,311915,//i0.hdslb.com/bfs/archive/db97a8f95f59a453bcc8e17fdb58c823fe7f4d52.jpg,28028047,BV1Gs411P7eg,1532862553,2018/7/29,19:9:13,07:06,3296,977,2084,247,8563
游戏里加npc微信是什么体验!,615,166008,//i2.hdslb.com/bfs/archive/13ad210ca48672aaa41fbdf0b525c1df17a5127e.jpg,27902673,BV1xs411A7nK,1532772044,2018/7/28,18:0:44,09:15,1836,452,822,109,3296
完蛋！被知乎大神点名批评！,2626,415503,//i2.hdslb.com/bfs/archive/7be74b65192916d1341f4ed057d397aa23e35a92.jpg,27872746,BV15s411A7qx,1532690581,2018/7/27,19:23:1,10:51,8300,1795,6682,346,12882
上香！BW特邀up主被保安驱逐出场！,3086,1149493,//i1.hdslb.com/bfs/archive/dd54dd250deec049f2df44c5b29f771d1d6a073b.jpg,27465312,BV1Cs411K75o,1532256240,2018/7/22,18:44:0,07:05,6625,4451,4585,830,19267
这游戏一对A，要不起！,467,67318,//i1.hdslb.com/bfs/archive/159552f5a84937462a029aa7f1f3498cfba5bc48.jpg,27308733,BV1ds411N7LY,1532170836,2018/7/21,19:0:36,08:45,969,137,627,54,1985
视频倒放后的奇怪声音，还原后效果惊人！,1201,223985,//i1.hdslb.com/bfs/archive/aeafe4ad64e6c213c37c7b575354d9421345aa12.jpg,27344886,BV1Ns411K7Mf,1532140366,2018/7/21,10:32:46,07:26,4493,4378,9652,2604,11515
暗黑可乐泡面！好吃到嘴巴发抖！,1101,176772,//i1.hdslb.com/bfs/archive/424ac0ddc09140236fb56d030766b0a753e865d6.jpg,27076271,BV1us411E7SF,1531822648,2018/7/17,18:17:28,05:17,3294,756,2492,375,5025
残暴！看了会笑死的三男尬舞！,1177,174506,//i0.hdslb.com/bfs/archive/634fdc2ab376a7723c2d5cfa7599b3bc92cfae94.jpg,26885194,BV1Ds411J7rB,1531621272,2018/7/15,10:21:12,05:14,2522,2455,6529,1941,7632
十几年前的港产西游记，唐僧原来和皇上...！,1038,154702,//i0.hdslb.com/bfs/archive/b020d3f2419b836e737427f0f5f53787c761da9a.jpg,26631598,BV1Ps411H7pe,1531310259,2018/7/11,19:57:39,10:42,3682,450,1593,154,3836
已退款！不会玩第二次的游戏！,756,126325,//i0.hdslb.com/bfs/archive/5fb66e41542cc75a1b2f60d622af4dd204274fa1.jpg,26345973,BV1bs411p7D9,1530958041,2018/7/7,18:7:21,07:54,2719,523,1407,310,3302
家人上电视了是什么反应！,1794,516129,//i1.hdslb.com/bfs/archive/b3b51f62f5f0ee391d646d97a8ba1e9f5b792487.jpg,26278139,BV1os411H7Cs,1530872467,2018/7/6,18:21:7,08:57,7566,2733,4794,656,14033
玩了这个游戏以后头皮发麻！B站最怂恐怖实况主！,1010,116151,//i0.hdslb.com/bfs/archive/649696d1d62a66d438d7fc0bedda2d520c033dc6.jpg,26110228,BV1ws411V7pA,1530674100,2018/7/4,11:15:0,11:20,4832,870,3657,459,5361
我的妈！当Up主就能住别墅！,1016,235101,//i1.hdslb.com/bfs/archive/058af2e2d95ad4e81a1871a77f70bfc0e66f685a.jpg,26079686,BV19s411G7Wo,1530613575,2018/7/3,18:26:15,07:24,2488,678,2826,150,4885
公开处刑！第一个封杀自己粉丝的Up主！,1265,457589,//i0.hdslb.com/bfs/archive/bdbc7e161a07fd2e5dec70bfeb0764bb02c99c59.jpg,25884350,BV1es41157ii,1530356449,2018/6/30,19:0:49,08:48,5946,1447,4479,334,11731
100个up主一起吃烧烤！,1259,572160,//i2.hdslb.com/bfs/archive/f4d363869a3b5bc27c9e58ad341f1284896268d1.jpg,25654700,BV1Ns411j7G3,1530072059,2018/6/27,12:0:59,08:04,4565,2615,2831,309,9209
免费恋情占卜，了解一下！,973,118390,//i2.hdslb.com/bfs/archive/7b5997cafb622b769d7804821def4504324c29d8.jpg,25328545,BV1Ns411778G,1529583246,2018/6/21,20:14:6,08:03,3089,463,3286,163,4119
+50块订的高级酒店，会有摄像头吗！,595,274292,//i2.hdslb.com/bfs/archive/9cdc39d2f7dbdee65529410fe728d849a8f3e402.jpg,25177161,BV1ts411j7zC,1529374823,2018/6/19,10:20:23,08:18,3159,670,1815,166,4991
当日本人学会了广东话！,1063,524718,//i0.hdslb.com/bfs/archive/f075b0168eb56b86c01691a8e363b46f4f6c4485.jpg,25006975,BV1PW411c7Qr,1529138785,2018/6/16,16:46:25,06:19,5060,2828,3075,1286,9981
骂粉丝别蹭我热度！这up主怕是要凉凉！,1219,200384,//i1.hdslb.com/bfs/archive/684d4c6ee9f1c0881827323e9007faeb63635497.jpg,24886187,BV1TW411A7eE,1528973488,2018/6/14,18:51:28,07:05,2465,544,2375,145,5076
吐血！十年前流行的网名太傻了！,6461,658804,//i2.hdslb.com/bfs/archive/91f9d75f87a02b3bbfd74ae3d302ecef9b0d16cb.jpg,24698461,BV1fW411c74K,1528709206,2018/6/11,17:26:46,07:34,20252,3238,4170,1463,10567
游戏手机玩刺激战场是什么体验？,1224,147418,//i1.hdslb.com/bfs/archive/4cfb67b8fcf8312040bd03c98cc2fd90b922d75b.jpg,24551020,BV1NW411P7Vc,1528451585,2018/6/8,17:53:5,07:06,1835,378,1031,150,2693
染个红发会变社会人吗？,1201,109281,//i1.hdslb.com/bfs/archive/13c171c04cde9db2d898ef789a63df872c48759d.jpg,24374388,BV1rW411N7UD,1528109345,2018/6/4,18:49:5,04:41,2488,436,1652,214,2946
KFC里吃麦当劳，尴尬到炸！,1620,465826,//i0.hdslb.com/bfs/archive/931bb9c54596ed550a5c6033174d3e8868d0516a.jpg,24278462,BV1VW411N7bc,1527932580,2018/6/2,17:43:0,10:02,8122,3920,15823,2280,14224
震惊！他竟在GTA5里做一个好人！,561,108966,//i2.hdslb.com/bfs/archive/f56d79869bc4e930fcc450ebbc47ceb92af74416.jpg,24151990,BV1yW411P7qk,1527683340,2018/5/30,20:29:0,18:10,2286,503,1218,185,2416
求你了！不要叫！再叫砍你了！,576,92108,//i1.hdslb.com/bfs/archive/706d90b0c757f8ac336d66401628b0786f7e2858.jpg,23959559,BV1rp411R7nG,1527326358,2018/5/26,17:19:18,12:58,1700,335,938,145,1868
三个人竟然也能玩狼人杀？,762,192617,//i0.hdslb.com/bfs/archive/887a84f752e132df646f2d9fd8743899077485c7.jpg,23825080,BV1rp411o7TR,1527068560,2018/5/23,17:42:40,10:01,1804,723,1390,209,3530
抄袭中国BOY涨粉10万！这种up主该封杀吗？,3610,951331,//i2.hdslb.com/bfs/archive/023ce8a36c627a07319a32f4e54f5d47fd1d9bb2.jpg,23742016,BV1Kp411o7Hu,1526898600,2018/5/21,18:30:0,13:12,8531,2984,6531,383,12185
厉害了！守望先锋竟然有跳伞模式！？,439,121572,//i2.hdslb.com/bfs/archive/75cca0021fa3dd19619e4413c50332a6d60caf5b.jpg,23686509,BV1mp411d7BG,1526798551,2018/5/20,14:42:31,11:21,2092,378,1111,156,1953
不要笑！优质快手视频PK大赛！,2641,674801,//i0.hdslb.com/bfs/archive/5ec16135569b650de400df20b7730e95f68ff389.jpg,23514301,BV1ip411Z75m,1526461685,2018/5/16,17:8:5,11:59,37344,5223,5062,2428,12489
up主出门游玩，身高大曝光！女粉丝看了流泪。。。,752,199848,//i0.hdslb.com/bfs/archive/455b07154979a83c3781fa033f86dfd76eb22181.jpg,23365585,BV1cp411Z7Zp,1526176834,2018/5/13,10:0:34,06:11,1696,569,1650,134,3754
27块瞎买的零食大礼包里面有什么！？,547,129429,//i1.hdslb.com/bfs/archive/e8438c5cdee110f0472efde0eeb2b9cc23d7d75e.jpg,23245789,BV1KW411F7Us,1525945943,2018/5/10,17:52:23,05:28,1582,359,1354,102,2898
从0到10W粉丝！我到底经历了什么！？,2087,197932,//i0.hdslb.com/bfs/archive/831623fbcd9a74fa960f524aa75c23de2218dd98.jpg,23115894,BV1xp411f7AX,1525682458,2018/5/7,16:40:58,07:07,31147,1196,6133,148,7546
重写1年级语文作业！这就是我辍学的理由~,658,171156,//i0.hdslb.com/bfs/archive/c1bcabece15556b089aa986596507bc016e3b26b.jpg,23072431,BV13p411f785,1525609327,2018/5/6,20:22:7,05:04,2834,1887,15196,1305,6667
震动器恶搞室友！！,551,187722,//i0.hdslb.com/bfs/archive/1f1bcbf37c223e89d8ce76baf462c730cea62fc6.jpg,22969966,BV1dW41137iT,1525427334,2018/5/4,17:48:54,06:26,1470,609,1142,145,3229
up主被骗搭到上海做视频，知道真相后欲哭无泪！,759,129313,//i2.hdslb.com/bfs/archive/415a01b43ccbf5d413966ad1efbb415b3af1dcf3.jpg,22879430,BV1BW41137nf,1525247673,2018/5/2,15:54:33,06:37,1288,572,2325,137,3318
紧急通知，我溜了,715,120434,//i2.hdslb.com/bfs/archive/6e821522e75953514eb22799baea4d0f176c9061.jpg,22648115,BV1uW411V719,1525060820,2018/4/30,12:0:20,01:32,1282,290,755,60,2362
发型决定颜值？不换不知道，一换吓一跳！,907,189990,//i2.hdslb.com/bfs/archive/5efe3df63faca2a7c2a7a0a40a3040e95e3c7733.jpg,22559632,BV1rW411G72k,1524649527,2018/4/25,17:45:27,04:57,2024,1719,3449,609,6134
当弱鸡遇上强者，溜还是和他正面交锋？,337,71636,//i0.hdslb.com/bfs/archive/2f248b350b5df540b8d9385d47927c865e772ae1.jpg,22520062,BV1GW411L7wf,1524564110,2018/4/24,18:1:50,07:25,708,231,624,114,1340
当碰见一个盲人监管者，会发生什么？,535,108702,//i0.hdslb.com/bfs/archive/4f88d18859187aa69b77f0f0995a37d623a182ef.jpg,22482325,BV1fW41157wd,1524480076,2018/4/23,18:41:16,09:08,1592,510,1162,155,2676
最强小猫诞生！大猫被吓出心理阴影。。,460,195216,//i0.hdslb.com/bfs/archive/9e731da004acf6f1a3fb2f349721e42370ad0707.jpg,22437107,BV1eW41157SP,1524395452,2018/4/22,19:10:52,09:26,1460,708,1538,172,3989
又一个中毒！真人尬舞《火影忍者》,1038,474603,//i2.hdslb.com/bfs/archive/ee2757734b2bab31ed197b9a68431f734ca7fcdb.jpg,22298607,BV1wW41157Wp,1524133599,2018/4/19,18:26:39,02:33,1904,7571,12455,4906,10979
为了撸第五人格，右手多年修炼没白费！,759,220286,//i1.hdslb.com/bfs/archive/b830a4688aeb9d944eefcdf126897249d9f1e9bb.jpg,22261853,BV1eW411j7VF,1524051552,2018/4/18,19:39:12,09:12,2640,782,1004,202,2549
面筋哥亲弟弟携带神曲再次挑战梦之声！,383,88281,//i0.hdslb.com/bfs/archive/2ae78cc9eddd2d8560d84deb66efb83e6529f68f.jpg,21913593,BV1hW411K7bQ,1523352862,2018/4/10,17:34:22,03:07,614,1475,4904,845,3795
B站点赞最高的7种评论！,726,55315,//i0.hdslb.com/bfs/archive/320d38e80abac4faa20bbe820c2cf1d21e4851fc.jpg,21832830,BV17W411K7hH,1523185779,2018/4/8,19:9:39,03:47,417,311,871,81,1730
小眼睛的救星！美瞳能让眼睛放大吗？,227,51980,//i1.hdslb.com/bfs/archive/fda677271f8a95cbca2fb05d0fef8449ad6d35c2.jpg,21630242,BV1RW411T7fJ,1522831023,2018/4/4,16:37:3,04:58,580,173,503,61,1152
情侣影院真的有小电影吗？,345,222546,//i0.hdslb.com/bfs/archive/af5979223330fd95074bee56046941fb02618e43.jpg,21426373,BV1xW411u7Gg,1522463449,2018/3/31,10:30:49,07:13,1618,670,944,278,3388
曝光日本动漫的4种套路！,309,48602,//i1.hdslb.com/bfs/archive/494ac2f5e37db015c6c1bea638f3f58b0ca262ab.jpg,21302099,BV1dW411M7Dz,1522150363,2018/3/27,19:32:43,07:04,1955,571,1982,196,2200
当我不捡武器，硬要玩绝地求生会发生什么？,208,64026,//i2.hdslb.com/bfs/archive/8f0d047870882bfb4e075daa77114ead43ca2133.jpg,21050941,BV1nW411g7rK,1521632887,2018/3/21,19:48:7,08:47,669,272,700,96,1210
离家出走竟是为了养猫猫！,271,97053,//i0.hdslb.com/bfs/archive/fcf00ec94df7f2c5dbffcdb9f01e5c96b5397cd5.jpg,20766265,BV1MW411p7HY,1521026571,2018/3/14,19:22:51,06:16,958,456,1281,119,2540
我在狗年养了一只猫~,503,122371,//i2.hdslb.com/bfs/archive/01b2e30f7b0cc3ec437c325960ef6b73cf7a52cb.jpg,20521156,BV11W411W7ST,1520508538,2018/3/8,19:28:58,12:42,2360,666,2294,276,3273
我是用什么拍视频的？,453,38874,//i0.hdslb.com/bfs/archive/8e2817fd795ad82997e1cf599128255b1ec96daf.jpg,19822022,BV1EW41177m7,1519133420,2018/2/20,21:30:20,05:45,642,605,1039,88,1370
B站首个下海主播？,352,45709,//i0.hdslb.com/bfs/archive/e5b14e0c435e2afcfc0e6b9b32e3001018ee457f.jpg,19631919,BV1gW411J711,1518691242,2018/2/15,18:40:42,05:39,683,171,845,58,1314
近战版吃鸡！玩了之后想卸载...,284,48643,//i0.hdslb.com/bfs/archive/4f7cab39be192a2cb72f074b1cc49e0d14c0f44d.jpg,19462573,BV1uW411E7VF,1518356635,2018/2/11,21:43:55,07:46,595,154,456,103,871
深入令人羞羞的情侣酒店...,1545,795720,//i0.hdslb.com/bfs/archive/402e3ce4d0f8ace96659762c9930b3992c6d2969.jpg,19271501,BV1cW411n7xZ,1518003095,2018/2/7,19:31:35,09:52,8977,3183,3429,2875,10259
up主竟然又来骗钱了？报警了！,474,64564,//i1.hdslb.com/bfs/archive/af4a158078ea1e4be327dc536dde4f65d9bdfcc6.jpg,19005558,BV1pW411H7AU,1517481194,2018/2/1,18:33:14,07:28,791,288,954,109,1508
吃鸡界一股乱流，输出全靠吼！不聋算我输。,241,52096,//i1.hdslb.com/bfs/archive/233393a375d73a2b34a818f0cf89caeeb87e9956.jpg,18972772,BV1GW411H7Ju,1517407025,2018/1/31,21:57:5,10:04,1216,250,953,133,1140
学鬼叫在游戏里吓人，啊啊啊啊啊！,346,49353,//i1.hdslb.com/bfs/archive/15122edc35b5f631f2f4e9fab8b796c3c9de6fb0.jpg,18884848,BV1CW411n7XB,1517225615,2018/1/29,19:33:35,06:02,264,246,577,112,964
卧槽！贪玩蓝月竟然删我视频？,1419,312277,//i1.hdslb.com/bfs/archive/d413f7ab6a19fb51916ded554a9f2f552bca3b32.jpg,18759249,BV1hW411e7j4,1516962823,2018/1/26,18:33:43,06:01,1293,1181,1957,403,4289
一口气模仿7个网红,4329,1207391,//i1.hdslb.com/bfs/archive/1505671bad4cde3ee4e2388290085424bd22d673.jpg,18512061,BV12W411v7t9,1516424352,2018/1/20,12:59:12,06:12,10703,22984,43217,6337,32806
当我模仿绝地攀爬动作，会发生什么事？,188,88360,//i0.hdslb.com/bfs/archive/a23e86f90597135caef7e55b5abec72f92f41538.jpg,18341378,BV1vW411q7Px,1516011361,2018/1/15,18:16:1,05:27,887,275,759,60,1598
忘记关话筒，在飞机上唱歌会发生什么？,346,400836,//i1.hdslb.com/bfs/archive/39a5abda884459b15335bab2ed1c059e1b907565.jpg,18100693,BV1aW411i7Z4,1515404308,2018/1/8,17:38:28,03:39,1476,2476,3032,1405,3600
挑战鲱鱼罐头，对不起我错了！,919,59990,//i0.hdslb.com/bfs/archive/9e052cbb1180f8d7c044cd2e65cc12164f172b56.jpg,18061495,BV1FW411z7fv,1515310822,2018/1/7,15:40:22,06:50,763,174,698,94,1164
最简单的单人四排吃鸡战术：观战！,110,30880,//i2.hdslb.com/bfs/archive/fb9306189772289bf11bafa0b9497230d08fb845.jpg,18032094,BV1QW411B7Ua,1515238559,2018/1/6,19:35:59,07:25,497,156,512,70,648
机场神器S1897，被忽略的超强喷子！,166,36544,//i1.hdslb.com/bfs/archive/2342367173a61cb00d1bf437fd6366f83e974d12.jpg,17956456,BV17W411B74X,1515056566,2018/1/4,17:2:46,02:33,345,200,491,174,652
学社会摇告白女神，惨遭暴打！,1044,307849,//i1.hdslb.com/bfs/archive/59bb238aafe590741e0709e9d728432ba0c71eb0.jpg,17897777,BV1gW411B7Wn,1514890117,2018/1/2,18:48:37,04:30,2418,2745,3663,2883,13365
想辍学？想表白？想死怎么办？Q&A你问我答！,282,48043,//i1.hdslb.com/bfs/archive/531d0df6f07ff8a9b5b01d42d71dbebc954aa183.jpg,17824456,BV1eW411b73e,1514726717,2017/12/31,21:25:17,06:16,688,260,1075,50,1736
发型太丑怎么办？试试我新买的帽子！,125,26863,//i2.hdslb.com/bfs/archive/24eeef7eb311fd550686fe19cbc1f5df233c7149.jpg,17740355,BV1JW411b7VC,1514543755,2017/12/29,18:35:55,05:24,599,97,547,40,790
最便宜的摄像头开箱！小学生都用它！,152,45434,//i2.hdslb.com/bfs/archive/28e773365b6491e469d3c5f85bcbe5a74f236de7.jpg,17677933,BV1ZW411t7Dn,1514371327,2017/12/27,18:42:7,07:09,483,180,490,39,982
我竟然用回放系统做了个大电影！,109,43432,//i2.hdslb.com/bfs/archive/a156ef41842bd7c171c7964869c264c2e580cece.png,17616092,BV1bW411t7BV,1514198237,2017/12/25,18:37:17,03:49,196,271,1032,61,864
当圣诞节有人送你98K你敢要吗？,120,20797,//i0.hdslb.com/bfs/archive/17eb23b2c675b8e936cd41e38b49aa2eb03dc0a8.jpg,17584133,BV1HW411t7NY,1514115396,2017/12/24,19:36:36,06:43,322,92,406,38,493
被新轰炸区音效吓了个半死！绝地新版本试玩！,103,27468,//i0.hdslb.com/bfs/archive/7bad9dbac7c1146e7979b404ff1f4ba5a57b173e.jpg,17540550,BV1fW41187Fe,1514021534,2017/12/23,17:32:14,08:38,538,100,529,28,597
9块9买的键盘暴力测试！竟然出乎意料！,146,36284,//i1.hdslb.com/bfs/archive/61372959b4a86edc7722970e76146535d56f4f10.jpg,17480507,BV1zW41187Bm,1513857748,2017/12/21,20:2:28,08:11,683,114,493,42,712
0杀吃鸡如何缓解尴尬？,122,37748,//i0.hdslb.com/bfs/archive/da8e37fd34073c037db9ecad5cba65b0d0df950d.jpg,17418562,BV1gW41187tt,1513676859,2017/12/19,17:47:39,02:49,158,107,377,33,646
共享单车真的追得上巴士吗？,156,31788,//i1.hdslb.com/bfs/archive/8c7ee8998257c47a57be09c851f8181f221463b6.jpg,17228721,BV1RW411h7Ar,1513167114,2017/12/13,20:11:54,06:59,547,145,1582,34,1032
换一个大显示器玩游戏真的有必要吗！,229,34147,//i2.hdslb.com/bfs/archive/4d87e195b6c79d80bc6397fdca998f567a7c4ca6.jpg,17166075,BV1YW411h7eK,1512985553,2017/12/11,17:45:53,06:10,385,119,540,14,576
当B站在线人数为0！会发生什么事？,307,32547,//i1.hdslb.com/bfs/archive/9f6851f8dcd688204eed171e8940ce47ba92cfc5.jpg,17065207,BV1AW411h7m9,1512738237,2017/12/8,21:3:57,03:12,442,118,606,20,916
up主看自己的黑历史被疯狂震惊！真的想不到啊！,218,75146,//i1.hdslb.com/bfs/archive/efdfc1922340d2826d54bbdbfd22a254db29a7e5.jpg,16999559,BV1sW411Y735,1512556169,2017/12/6,18:29:29,05:45,587,377,1206,78,2025
一枪一首BGM，战歌一停全队阵亡...,183,47437,//i2.hdslb.com/bfs/archive/f330a1fdf39d6d644e159d3544ed00221ad2dd8d.jpg,16944452,BV1jW411Y7H2,1512389102,2017/12/4,20:5:2,08:44,385,153,633,51,575
当头最铁的队友遇到最强锁头挂！,373,302616,//i2.hdslb.com/bfs/archive/bca9d6b79444978e770d28d9576da3e37c49f801.jpg,16837854,BV1YW411a7Di,1512127095,2017/12/1,19:18:15,08:28,1207,684,825,219,781
当你打死了卢本伟会发生什么事...,687,149544,//i1.hdslb.com/bfs/archive/c29bbc388667fbff69ce9bdcbe893ae4959591cd.jpg,16800863,BV1HW411a7dG,1512025317,2017/11/30,15:1:57,03:19,469,1242,1986,1007,2222
up主用QQ疯狂叫粉丝打钱救命！已有5人受骗,1215,86504,//i2.hdslb.com/bfs/archive/bc4595363037d6683c5594338a8c24c32b14f209.jpg,16727283,BV1vx41157jF,1511789597,2017/11/27,21:33:17,07:34,904,500,3315,68,2574
9.9买的狗屎包开箱！试吃最肮脏的包子！,617,43579,//i1.hdslb.com/bfs/archive/3d79b5afa24a72f47adf25b6741093b87feb2bb0.jpg,16693011,BV1xx41157sn,1511695152,2017/11/26,19:19:12,04:23,286,168,1303,38,1314
近视戴眼镜太丑怎么办？试试这个！,826,183718,//i0.hdslb.com/bfs/archive/620605e1d3d02becf509635f58f620e8d8980c8b.jpg,16625709,BV1Kx41157cq,1511521979,2017/11/24,19:12:59,03:58,1060,1077,1353,142,1200
什么！在家做麦乐鸡这么简单又划算？一次吃到撑！,293,126978,//i0.hdslb.com/bfs/archive/352c1c5b09dc043e7c6f07b7b6eadf5fa7e3cb09.jpg,16596697,BV1Rx411V74E,1511432254,2017/11/23,18:17:34,03:23,1164,447,1293,61,2065
这游戏主播已疯，抬走下一位！史上最让人难受的游戏试玩！,142,41749,//i2.hdslb.com/bfs/archive/5268fc5b16dec9c4b04ed74a264605d5fd915624.jpg,16538130,BV1tx411V7cy,1511251210,2017/11/21,16:0:10,04:18,410,154,818,57,878
绝地求生令人窒息的1打4操作...之永远吃不了鸡！,173,24246,//i2.hdslb.com/bfs/archive/794f76a61a7a71bcc055309b26f2f00a03c860b5.jpg,16445783,BV1rx411L7ip,1511002710,2017/11/18,18:58:30,07:57,430,110,1124,35,660
这个UP主竟然买粉丝？不要脸！~~读评论#1,914,40420,//i2.hdslb.com/bfs/archive/ee4cdfe71d250abc95ce29bcc87c6c0f00dba4d8.jpg,16328049,BV15x411L7yG,1510660206,2017/11/14,19:50:6,05:22,1194,268,2866,33,1958
又创了一个吃鸡新职业，和敌人一换一的炸弹兵！,192,26380,//i2.hdslb.com/bfs/archive/240ea2eaaec1ccb4f98cdc095f3ce35292c63994.jpg,16260524,BV1Xx41157st,1510474141,2017/11/12,16:9:1,05:36,344,182,1566,125,703
地球上最像吃鸡的手机游戏！,257,31056,//i0.hdslb.com/bfs/archive/d515e89f9799b5ac880568e5463f85c598821d87.jpg,16079501,BV1bx411j7JM,1509959282,2017/11/6,17:8:2,08:59,268,83,669,19,489
被不穿衣服的色狼追了几条街，这不是我熟悉的绝地求生！,142,93828,//i1.hdslb.com/bfs/archive/81a58070d4943dea3bcf4d266296329c71403728.jpg,15979914,BV16x411E7gD,1509703633,2017/11/3,18:7:13,02:53,301,433,912,293,1159
UP凌晨逛街，逛出了一些奇怪的东西！保证不吓人！,308,126723,//i0.hdslb.com/bfs/archive/031ac26bd8ef0b49f7e03a5850bd0f298c046531.jpg,15953087,BV18x411E7fK,1509619647,2017/11/2,18:47:27,06:36,995,416,789,39,2514
苹果9曝光！还能防火？我信了你的邪！,149,26189,//i0.hdslb.com/bfs/archive/0384488d7a250508239ce0f67307c000355489de.jpg,15899082,BV1sx411E75B,1509448784,2017/10/31,19:19:44,08:33,486,222,911,87,893
上过电脑课没？这几个游戏你应该玩过吧！,457,65533,//i2.hdslb.com/bfs/archive/35945e282202b0f54f70e889cd618da10fbb6851.jpg,15802199,BV19x41177Rw,1509179726,2017/10/28,16:35:26,06:40,973,342,778,61,826
当你四排却没有队友...,108,28716,//i0.hdslb.com/bfs/archive/ba9fba51bf040221bfedf886f5777d43823f013b.jpg,15693098,BV1Mx411u7xU,1508850214,2017/10/24,21:3:34,08:19,690,147,828,56,809
卢本伟看了想删的视频，疯狂打脸ing..,1599,751316,//i1.hdslb.com/bfs/archive/59368fe5bab83edbf5ad7c16854203a35079340e.jpg,15221520,BV1sx411u7kk,1507473174,2017/10/8,22:32:54,04:19,3381,12194,19471,7224,19899
快跑...测试无人超市不给钱会被捉起来吗？！！,397,483652,//i2.hdslb.com/bfs/archive/a1139fdb0d8f7f0bb06f9db9dee5b91e0707c886.jpg,14846336,BV1cx411V7nW,1506509662,2017/9/27,18:54:22,03:58,1702,1824,5428,194,13801
玩个游戏被羞辱了好几次，这智商没谁了！,136,42109,//i0.hdslb.com/bfs/archive/41c026d886529d83ace2393bbb1a6f59d1dfbe90.jpg,14724671,BV1px411G7q9,1506161771,2017/9/23,18:16:11,06:03,327,178,610,42,1122
震惊！99%的人不知道吃鸡还有这种职业！,229,54140,//i1.hdslb.com/bfs/archive/84c82294190dbdf687eab4c689594cb2f3545af9.jpg,14611667,BV1Nx411x76K,1505818862,2017/9/19,19:1:2,10:06,951,406,1356,192,1237
香VS臭！试吃两种最极端的豆腐！,143,38756,//i2.hdslb.com/bfs/archive/b9c0914ae55d8bc7fc3d3798aafc68ead7334914.jpg,14516015,BV1vx411s7MG,1505555341,2017/9/16,17:49:1,04:06,411,156,1049,25,1149
某UP模仿卢本伟蹭热度？,1062,645801,//i2.hdslb.com/bfs/archive/090b17294a7d4ad980174b12c28bcfec640e48b5.jpg,14403599,BV1kx41147g1,1505208275,2017/9/12,17:24:35,01:55,1473,1941,3399,682,10848
震惊！绝地求生出手游了！,269,131078,//i0.hdslb.com/bfs/archive/f4347514120ca34d93ccd9e1734a3d59d56c8e71.jpg,14279194,BV1Nx41147Wo,1504867010,2017/9/8,18:36:50,04:52,545,299,578,100,936
一次性吃完一整只大蜘蛛！蜘蛛屁股的味道好极了..,199,43265,//i2.hdslb.com/bfs/archive/e9805ef5c3d7420044c6535a99db8fabfd2a244a.jpg,14190119,BV1mx411x7Pq,1504596216,2017/9/5,15:23:36,05:46,815,202,668,101,1095
100块钱夹娃娃，夹到后面自己都快哭了。。,646,58840,//i2.hdslb.com/bfs/archive/901b73c3c98a35e125b0115dd571bf7d09d3ffd0.jpg,14097976,BV1fx411t7EA,1504343625,2017/9/2,17:13:45,04:49,1179,256,2686,35,2262
UP潜入理发店：老板，我不洗头！,197,50353,//i0.hdslb.com/bfs/archive/b34899e16cea21f6c00f3f8d3761bbdf0472d6df.jpg,14060793,BV1mx411t7ME,1504251719,2017/9/1,15:41:59,05:09,898,166,688,35,1297
UP偷入无人超市！差点回不了家！,380,199661,//i1.hdslb.com/bfs/archive/35f09415884f92368c5304af8b2bad8e4690f01a.jpg,13830237,BV1Ex41187Mp,1503739122,2017/8/26,17:18:42,05:14,1363,573,1096,65,2584
怕蟑螂勿进！人类遇到蟑螂的九种反应！,277,108386,//i1.hdslb.com/bfs/archive/9d8f0fd9d79480fef18cd91510f19d8847653692.jpg,13437087,BV1Vx411J76E,1502886760,2017/8/16,20:32:40,02:51,1263,791,1034,230,4406
脑洞大开！橡胶果实能力者，要成为海贼王的男人..？,138,42781,//i1.hdslb.com/bfs/archive/ac72ebbf29424f50534cef55138e2c3f968bde1c.jpg,10797839,BV1xx411Y7GM,1495627029,2017/5/24,19:57:9,02:18,210,210,2205,39,1201
脑洞大开，看火影途中学会忍术，我就是被选中的孩子！,245,98538,//i0.hdslb.com/bfs/archive/f4396413cc2dd3bc800f1fde100576937ad28e12.jpg,10691891,BV1Cx411v7rj,1495265980,2017/5/20,15:39:40,04:11,960,507,1121,170,1713
穿女装直播被妈妈发现，结尾差点没命！,527,143135,//i0.hdslb.com/bfs/archive/fc685cdb6e5e5ff452153659bc03537f94fc39be.jpg,8137828,BV1es411b7cc,1484994817,2017/1/21,18:33:37,02:00,627,545,855,191,2577
【力元君】葫芦娃+数码宝贝=高能！,148,53938,//i0.hdslb.com/bfs/archive/3d30bed08657cd0bf7c5e43203664fcd37a9aa3f.jpg,6331952,BV1Hs411t72V,1474187628,2016/9/18,16:33:48,01:45,202,423,866,168,1199
【力元君】这些动画第一集就剧终了！,329,115646,//i2.hdslb.com/bfs/archive/b9195c005cd1d03d0ca24b26ae82374f0346d2ba.jpg,6284007,BV1ss411r71q,1473911347,2016/9/15,11:49:7,06:30,1336,979,1244,242,2412
一口气模仿5个网红,1098,1402082,//i2.hdslb.com/bfs/archive/63b151a358b04890194b0ee264a906f3130de6df.jpg,4156515,BV1fs411Q7Wm,1458565051,2016/3/21,20:57:31,01:33,2136,4597,3692,296,19617
