﻿title,comment,play,pic,aid,bvid,created,date,time,length,video_review,favorite,coin,share,like
恶魔在人间，康斯坦丁进监狱,1587,855178,//i0.hdslb.com/bfs/archive/16f979828bbe34e1b98466c41a11adbb47fbb316.jpg,583493814,BV1Rz4y197iy,1591783502,2020/6/10,18:5:2,15:07,2620,7520,12054,1323,54413
伊藤润二《墓碑镇》沉浸体验，镇上的墓碑都是尸体变的！,2352,609018,//i2.hdslb.com/bfs/archive/1b79e596b153a4b344370fbc748a8190ce802762.jpg,968392150,BV1Dp4y1S7GD,1591265132,2020/6/4,18:5:32,14:25,6018,4842,9568,2320,38279
漫威电影十年，入门收藏必备的宝藏漫画《无限手套》,757,531796,//i0.hdslb.com/bfs/archive/70d5034a6cd0b84f3fef7e9fbe54e426402cea11.jpg,795860941,BV1vC4y1p7Zm,1590836904,2020/5/30,19:8:24,06:14,461,2923,2882,493,33726
灭霸获得漫威史上最强外挂，强到官方都不承认！,2100,907381,//i0.hdslb.com/bfs/archive/d8abfa0caeacf81781a867656d10b0e60926147b.jpg,968322551,BV1gp4y1X7pj,1590746739,2020/5/29,18:5:39,18:12,5367,5717,8745,1001,54386
史上最惨的毒液宿主，双腿被炸断，银幕陪跑18年,1333,876033,//i0.hdslb.com/bfs/archive/48960413e1d1c22a46f960072f54457971031127.jpg,413255434,BV1GV411C7AJ,1590141953,2020/5/22,18:5:53,12:20,3480,6816,14139,528,57911
「战尊绿巨人」登场！率领浩克敢死队核爆全球《暮狼后传》第二章,1107,769478,//i1.hdslb.com/bfs/archive/ccdddf4941c09b18f7b74934bb0c2291601c1155.jpg,328217939,BV1AA411q7EZ,1589601930,2020/5/16,12:5:30,13:15,3583,5942,13649,520,53665
克苏鲁神话入门，长满眼球的变种恶煞《敦威治恐怖事件》（密恐慎入）,1972,883898,//i0.hdslb.com/bfs/archive/e0a588df8a15853902a93ef063bf6d67181c5678.jpg,925696417,BV1qT4y1u72F,1589364306,2020/5/13,18:5:6,09:26,7580,13074,36040,2598,66690
克苏鲁神话入门，恶臭鬼镇的畸形怪胎《敦威治恐怖事件》,3036,1202177,//i2.hdslb.com/bfs/archive/e52c7b5f82140252a9b17587451fd999e2b8ea97.jpg,883015220,BV1XK4y1b787,1588932353,2020/5/8,18:5:53,11:43,9418,19253,41421,4928,84406
蝙蝠侠被打成瘫痪！阿卡姆疯人院全员越狱，DC超虐名篇《骑士陨落》,2247,814872,//i1.hdslb.com/bfs/archive/8c8f784e89c411147c033bdc7e426308178a1ff5.jpg,753023372,BV1Lk4y1k7He,1588759543,2020/5/6,18:5:43,18:02,7309,6905,11601,1083,51624
日本山贼夜闯青楼，强抢艺妓献祭妖怪《日本猎魔人》,1381,645062,//i2.hdslb.com/bfs/archive/9ed778a63384aa575343ac7f71f4a811cd52affb.jpg,455453093,BV1Z5411x7vv,1588305950,2020/5/1,12:5:50,14:59,4341,7397,18501,599,56842
《暮狼寻乡》后传，九旬老狼猎杀韩国浩克，再续末世废土传奇,1645,961437,//i0.hdslb.com/bfs/archive/899a8ac960499a012c4caed483169805f4a15567.jpg,710406010,BV1HQ4y1T7i6,1587787541,2020/4/25,12:5:41,12:56,4419,16950,45335,1370,98220
这只身价950亿的皮卡丘，竟然是史上最赚钱的超级IP！,1800,763252,//i0.hdslb.com/bfs/archive/c14d683052bb69f0d04a31e354870f9cf6431771.jpg,667963972,BV16a4y1v7oV,1587636045,2020/4/23,18:0:45,10:24,5839,4588,6048,1246,43514
《德意志超人》苏联超人一战封神！英军闪电侠、女浩克登场！（完结篇）,2149,1044575,//i0.hdslb.com/bfs/archive/5bc201a16c8b7196b0655e155bb0f85451d8bc27.jpg,497839321,BV11K411V7gz,1587031517,2020/4/16,18:5:17,16:10,8160,9853,23571,1214,70774
克苏鲁神话入门，祖传凶宅的地下魔窟《墙中之鼠》,5143,2144458,//i1.hdslb.com/bfs/archive/c38270ae276d7373af17f773d95c0c796ae52091.jpg,582628140,BV1b64y1u7jU,1586580066,2020/4/11,12:41:6,15:03,16811,57081,134057,17982,173274
人兽混居的变种末世，遭遇最凶残的太空猛兽《异形VS特警判官》,1717,914343,//i2.hdslb.com/bfs/archive/f71838394c5d23536f8ab33c92f1fac330d789ef.jpg,327737609,BV1AA411b7ys,1586340320,2020/4/8,18:5:20,13:33,4278,5598,8701,573,52541
史上最强浩克，「绿殇大帝」王者归来！浩克将自己撕成碎片,2322,1198682,//i2.hdslb.com/bfs/archive/513c6eb8bfafd976fd69963ae943a186c9df1321.jpg,370159204,BV1PZ4y1x7K3,1586077638,2020/4/5,17:7:18,12:12,6109,6924,12460,922,64420
DC宝藏佳作，小丑活埋蝙蝠侠，至今未被影视化,3037,1196604,//i0.hdslb.com/bfs/archive/72e9de4e5d54aa8ba373e58828fcaefa47b30f8a.jpg,625071550,BV1St4y1m7Q7,1585821901,2020/4/2,18:5:1,16:54,10679,24890,57700,3039,102067
《复联5》剧本预定？漫威元始天尊AAO终于登场！,2396,1335493,//i0.hdslb.com/bfs/archive/e5d80eff964c1ad4fd201917c88e06059173f0c8.jpg,99774949,BV1j741197jm,1585454706,2020/3/29,12:5:6,17:17,13150,8589,15797,2263,71591
克苏鲁神话入门，人鱼混种的鬼镇怪谈《印斯茅斯暗影》,4717,1758084,//i0.hdslb.com/bfs/archive/74bab2bf392cec86702a3b0179239300467c55a5.jpg,99518126,BV1A7411y7Yc,1585225003,2020/3/26,20:16:43,19:01,15201,25114,37570,10003,95554
绿巨人、红巨人、蓝巨人、灰巨人…奇怪的浩克又多了23个！,1540,992307,//i2.hdslb.com/bfs/archive/3efc16fbed55026a4c9543d97010662ac1268ef5.jpg,98078260,BV1DE411c7AH,1584767992,2020/3/21,13:19:52,10:08,2958,5768,7385,894,52542
《德意志超人》苏联最强「超人神」登场！肉装浩克、霓虹国亮相！,4087,1219854,//i1.hdslb.com/bfs/archive/c6d8f650a8cc6ea5eb297eabf7bc6de1f1240479.jpg,97289777,BV1M7411R7cZ,1584612346,2020/3/19,18:5:46,13:47,9877,16181,46529,1881,86247
DC最具争议神剧《守望者》，剧情时间线完整解析！,1840,883607,//i0.hdslb.com/bfs/archive/bb8a8fc0fb00bfcb281c97e8ade5a2eee402de03.jpg,96007338,BV1eE411G7zD,1584098489,2020/3/13,19:21:29,27:02,2703,8191,14312,1147,47180
DC高分名篇《小丑》，跟着Joker混社会，下场有多惨？,2048,1284948,//i1.hdslb.com/bfs/archive/67bea4bd0d897014cc31c619b363148367b5a1f7.jpg,93929469,BV1eE411W7jC,1583408395,2020/3/5,19:39:55,14:48,5201,12822,28333,2152,73623
史上最强浩克，「机械元祖浩克」登场！ 暂时完结,1761,1463898,//i0.hdslb.com/bfs/archive/51dce7d68e07b7f5b35cfd23ad50273ab6284823.jpg,92456381,BV15E411H7is,1582949142,2020/2/29,12:5:42,10:22,4301,8004,17064,852,72316
希特勒造出「纳粹赛亚人」打赢二战，100万盟军投降，邪恶帝国卷土重来,7199,1259662,//i2.hdslb.com/bfs/archive/20a7177b3a85d255cfbc673cbeabeb1321cd4c72.jpg,92219733,BV1B7411N7sE,1582884305,2020/2/28,18:5:5,13:05,8725,15382,34140,2897,80519
史上最强浩克，向全人类宣战！《不朽浩克》第七章,1548,1022180,//i0.hdslb.com/bfs/archive/57b6b8c2ed552fd76eb27931769da2d14aad91db.jpg,91808952,BV1A7411K7fV,1582711507,2020/2/26,18:5:7,07:03,4921,6325,13706,756,56279
《恐惧特工》祖安狂人漂泊宇宙十年，回到地球老婆却....,731,661124,//i0.hdslb.com/bfs/archive/14d68201137c0b80a94f7c823c6b6a7a0ac4b3d9.jpg,91086161,BV1zj411f7Nr,1582443186,2020/2/23,15:33:6,11:57,1497,3911,8719,323,36704
史上最强浩克，灭世神浩克诞生！主宰宇宙100亿年!,2121,2104051,//i1.hdslb.com/bfs/archive/23bd7103a84ef37280ca113d081722d9ab9a59df.jpg,90088353,BV1V7411j7Sd,1582106736,2020/2/19,18:5:36,08:52,4346,12747,29512,1472,100630
《恐惧特工》史上最骚「星河战将」，穿越2万年上演星际大逃杀！,1543,725592,//i0.hdslb.com/bfs/archive/088011b8045b3f36e4d89b4d11b04ee13b903ff4.jpg,89402973,BV1P7411E7Fp,1581839811,2020/2/16,15:56:51,16:24,2750,8115,19725,707,53058
史上最强浩克，被强酸融掉整张脸，依旧生龙活虎,1309,1481226,//i2.hdslb.com/bfs/archive/12feddabf5760d9bd802690c206afb89a2d9576b.jpg,83540941,BV1UJ411J7DZ,1579255518,2020/1/17,18:5:18,10:24,3707,7983,18754,751,60820
「不开杀戒」的蝙蝠侠，到底失手杀了多少人？,1239,1017927,//i2.hdslb.com/bfs/archive/2d60c2ce798c0822a0c7a1ec7164c3d4f01b8e39.jpg,83475241,BV1bJ411J7xS,1579082744,2020/1/15,18:5:44,08:34,3050,5553,7125,767,41240
《天堂屠夫》人猪混种的黑暗末世，孤胆奇侠杀出个黎明,6087,2098454,//i2.hdslb.com/bfs/archive/ded403d6082492374315ed63d9b43901d47651f2.jpg,82937781,BV1KJ411p79m,1578717505,2020/1/11,12:38:25,18:03,13216,75495,162175,17270,165598
史上最强浩克，被啃成人棍，依旧能满血复活,2021,1450236,//i2.hdslb.com/bfs/archive/052d92a8471490391c609a0732be50b0b26862f4.jpg,82548247,BV1yJ41157bM,1578477903,2020/1/8,18:5:3,07:01,2269,10983,32591,826,76285
史上最好玩的漫威DC游戏，第一名只能是它！,1758,1088593,//i1.hdslb.com/bfs/archive/a90229c0ab8f8fc64a1cf72966a497ac46d1a0bb.jpg,81657301,BV1mJ411b7aF,1577885028,2020/1/1,21:23:48,11:48,5968,10942,11824,1168,41144
万字《黑暗骑士》纯干货影评，「漫改第一神作」是如何炼成的,2095,1167363,//i0.hdslb.com/bfs/archive/56e020ecb5f56270e5efa4569cd9188234f4da18.jpg,80956341,BV1jJ411e7Hn,1577510622,2019/12/28,13:23:42,25:40,6872,52073,117770,5067,110463
史上最狠圣诞老人，戴过无限手套！还是最强变种人之一？,741,1016896,//i0.hdslb.com/bfs/archive/68345c7070043331cf1ad9ea192cf5b1473ccb9b.jpg,80462340,BV1WJ411x7KU,1577181931,2019/12/24,18:5:31,07:22,2501,4579,5052,746,38030
生化危机爆发！钢铁侠变异，感染整个复联！ 第一章,1072,1325553,//i0.hdslb.com/bfs/archive/711b11d66c8dfa01cb04b66451f72cba252aa7c7.jpg,79939496,BV1PJ411b7ku,1576836311,2019/12/20,18:5:11,07:48,3150,11282,28187,802,64180
史上最强浩克，暴怒之下长出了六个头！,883,1527438,//i2.hdslb.com/bfs/archive/4f86b0bc8b0486de9f47a4509f0223858b88b86d.jpg,79740623,BV1GJ411t7Pn,1576666941,2019/12/18,19:2:21,10:15,3645,17533,57491,959,91078
《神奇女侠2》首发预告！金鹰女战神惊艳归来,2900,1202138,//i1.hdslb.com/bfs/archive/b8f68f1954a4342591106f5a9e61d956d2bb6c73.jpg,78611132,BV1XJ411v7x7,1575862291,2019/12/9,11:31:31,02:25,3370,7687,3652,13305,33033
世上最强浩克！被大卸八十块满血复活，不死之身竟然是他给的《不朽浩克》第二章,942,1546517,//i2.hdslb.com/bfs/archive/09ce2eff4c9e2856ae7f26034a7ca62a598d8932.jpg,78234696,BV1tJ411i7Po,1575626713,2019/12/6,18:5:13,15:09,1985,16891,53940,1059,84003
《黑寡妇》预告逐帧解析，五成假镜头，一帧不能信！？,1379,989533,//i2.hdslb.com/bfs/archive/2a2c9d84d67795e371020c697584c8851ce256c1.jpg,78035986,BV1jJ411B7se,1575456011,2019/12/4,18:40:11,08:53,4238,5890,11028,5167,38949
《黑寡妇》首发预告曝光！白衣寡姐美如画,2432,1807396,//i1.hdslb.com/bfs/archive/b8d5b2b1bfbd3937b655c87e86b0545f2d63e331.jpg,77934020,BV11J411q7Fa,1575368614,2019/12/3,18:23:34,02:09,2592,17527,7188,26090,60522
凶残的恶灵骑士竟被猛男一枪爆头？......,949,888931,//i2.hdslb.com/bfs/archive/8071151519f5584b0c6e818387928dcb0ea82e21.jpg,77468127,BV1hJ411Q7xv,1575086746,2019/11/30,12:5:46,09:24,2177,6403,13359,712,40337
最高监禁2445年！影史5大小丑，谁才是哥谭最狠带恶人？,2429,1330542,//i2.hdslb.com/bfs/archive/bfac18eddca8b3ca03f909b170ec9dcb6be586f2.jpg,76631524,BV1NJ411d7y2,1574481621,2019/11/23,12:0:21,11:10,6280,12224,18777,1918,56257
史上最强浩克！被大卸八十块装进罐子，依旧能满血复活 第一章《不朽浩克》,1352,2260529,//i1.hdslb.com/bfs/archive/c9e6b2275263436c40c1068b52d60a6e8123b999.jpg,76358251,BV1SJ41117v1,1574247949,2019/11/20,19:5:49,07:54,3201,22971,59713,1477,111052
万字《小丑》纯干货影评，「影史现象级」是怎样炼成的,9752,2919873,//i1.hdslb.com/bfs/archive/0f1f67b736bcd8c77eac84c65180ef27d8c10db6.jpg,75820495,BV15J411U7mr,1573876840,2019/11/16,12:0:40,29:23,18086,171991,351659,40008,288224
蝙蝠侠：恶魔的小号,943,781697,//i2.hdslb.com/bfs/archive/cc09dde21ceb2501f154cb1357d23f6275054bac.jpg,75531159,BV1zJ411S75s,1573639550,2019/11/13,18:5:50,08:20,976,10600,23625,627,38134
沙 雕 英 雄：赛 博 朋 克 2077,1238,1163592,//i0.hdslb.com/bfs/archive/3b7b8e8a70cc656c41bf4b43f04237f27250ffd4.jpg,74948556,BV14E411q7Xe,1573211148,2019/11/8,19:5:48,01:42,1409,22466,19993,10917,55454
影史第一！DC《小丑》将破10亿票房！为什么观众喜欢看反派？,5082,1355234,//i0.hdslb.com/bfs/archive/8ef9d588ee77fa3a7911fd8b1048ec8a9c09b4cd.jpg,74755509,BV1tE411i7aP,1573037740,2019/11/6,18:55:40,08:43,5421,16113,33152,4058,61486
中国的超级英雄是谁？,1396,737594,//i2.hdslb.com/bfs/archive/395405ed520c4511523d689370ff8a9fa020aa01.jpg,74026235,BV1wE41187Dp,1572519935,2019/10/31,19:5:35,11:30,3540,9185,28891,1494,44379
毁灭并重塑两个宇宙！《灭霸：无限启示》,614,864922,//i2.hdslb.com/bfs/archive/c0c7ec67d68c105e3c3d745bed38bae44b2b8140.jpg,73382190,BV1eE41117NU,1572062420,2019/10/26,12:0:20,12:58,1177,4586,8138,560,29794
跌落神坛？深度解析DC《守望者》新作，烧脑暗线细思恐极！,2105,1157661,//i1.hdslb.com/bfs/archive/d0b7c3f356f7f962b4399a4f2c75a7db637b6877.jpg,73240765,BV1QE411y73M,1571914840,2019/10/24,19:0:40,16:06,1858,8227,12108,2233,37305
漫威电影不配叫“电影”吗？,5785,796573,//i1.hdslb.com/bfs/archive/9f4be26a3b0261209754f02d5219cfc518ec34de.jpg,71609426,BV1DE411r7gc,1571398587,2019/10/18,19:36:27,14:21,9977,11623,27588,2156,44254
他演活了小丑，拒绝了漫威，还会唱跳RAP！,4738,3400920,//i0.hdslb.com/bfs/archive/509150cf812c920209a432f93c07006fae8fd9ce.jpg,70893850,BV1DE411o7aa,1570852853,2019/10/12,12:0:53,16:58,14590,77470,163121,17607,186936
DC最强小丑：帝皇Joker毁灭世界的故事,1129,1034298,//i1.hdslb.com/bfs/archive/3bc75b3365fb8450b21a7010f9c63300dcf53c80.jpg,70742520,BV11E411f777,1570705218,2019/10/10,19:0:18,07:42,2765,5542,7894,1237,33966
《小丑》影评：DC极度现实之作,4928,1559546,//i0.hdslb.com/bfs/archive/a9e3a7d244f201e13ebf6f042e3c313aa329baa9.jpg,70333798,BV18J411F7QB,1570359632,2019/10/6,19:0:32,09:09,5688,18100,38346,9252,64866
神反转！蜘蛛侠回归漫威！索尼迪士尼高调复合,3498,1043301,//i1.hdslb.com/bfs/archive/4c328c791b495b4ce2e47c0252c9137d334825cf.jpg,69243627,BV1dE41197Jg,1569646825,2019/9/28,13:0:25,03:36,2856,4857,7126,9047,39355
豆瓣9.4史上最强美剧《权力的游戏》新手速通完全讲解，经典情节欣赏 S1E1,1714,707011,//i1.hdslb.com/bfs/archive/d12ada164d804e8bf8b284cf4ae996deacb23200.jpg,69048701,BV1nJ411T7bd,1569578459,2019/9/27,18:0:59,37:47,7799,19434,35331,2494,43194
钢铁侠差点被美队打死！漫威从来不敢拍的《内战》原著,2337,1123652,//i0.hdslb.com/bfs/archive/febd47800d04ee1fca160e3704c028347fa58bb1.jpg,68928864,BV1LJ411u7ix,1569405621,2019/9/25,18:0:21,16:36,2911,18329,50376,1970,61083
漫威《永恒族》电影，可能揭示灭霸祖先的历史，与潜藏在地球的更大危机！,1083,1114869,//i0.hdslb.com/bfs/archive/c4bf2a439383544167d295041285890e94101a1d.jpg,68376768,BV1mJ411378k,1569038427,2019/9/21,12:0:27,09:24,2957,4769,6952,1411,31879
全球最贵的钢铁侠周边，竟能开回家，太酷了！,2174,911245,//i0.hdslb.com/bfs/archive/facab77398b43861879df7af8a371fe0976a84cc.jpg,68241506,BV1KJ41137Ho,1568887250,2019/9/19,18:0:50,06:27,5761,3277,3691,2760,27630
奥斯卡稳了？《小丑》问鼎威尼斯金狮奖，含金量究竟有多大？,2472,847528,//i2.hdslb.com/bfs/archive/6ad36fb962f5c7359320265a8d8225e539d8cbbc.jpg,67589847,BV1NJ411N7JE,1568368954,2019/9/13,18:2:34,11:05,3729,7344,13136,2992,36038
2秒飙到百公里的车长啥样？《速激》史上最快战车排行榜,861,590637,//i1.hdslb.com/bfs/archive/abb32afc20a5d7db381761c3083b35b25f7a1052.jpg,67353553,BV1CJ411K7P4,1568199619,2019/9/11,19:0:19,09:47,4212,3391,4334,1118,22259
浑身冒蓝火的恶灵蜘蛛侠是谁？还和死侍有关系？,721,991312,//i2.hdslb.com/bfs/archive/84be24b143985ecf34828af650839aa913d78885.jpg,66629598,BV1A4411y72L,1567764031,2019/9/6,18:0:31,08:58,2621,7150,14766,643,42007
9.8分口碑炸裂！DC《小丑》可能一作封神,4921,2288303,//i1.hdslb.com/bfs/archive/d2958feab61fe04f03d164e9549cb30cd464e517.jpg,66287020,BV1a4411m7gT,1567330534,2019/9/1,17:35:34,06:26,6561,13947,14597,11496,57777
中国历史上首部公映的漫画英雄电影，男一号拍完离奇身亡！,901,711002,//i0.hdslb.com/bfs/archive/9c7abb34bb3a61ab3cfd2dfcd1afa81a12854cb8.jpg,66046083,BV1V4411B7pY,1567224323,2019/8/31,12:5:23,07:17,2510,2856,3701,436,23605
实名制吹爆《小丑》终极预告，DC黑马之作,5898,2291274,//i0.hdslb.com/bfs/archive/ce5f6cef95bb4799e9673fdcfbd88654e9dc81f2.jpg,65829592,BV1K4411q7fc,1567047191,2019/8/29,10:53:11,02:25,3555,20701,10365,30251,58792
资产90万亿美金的首富英雄是谁？漫威DC史上最壕排行榜,2141,833850,//i2.hdslb.com/bfs/archive/b1d8b97f8b44a6716abf0714800a32d8e26c2605.jpg,65714038,BV1p4411z7RA,1566986440,2019/8/28,18:0:40,08:20,5026,3918,4573,827,26770
漫威第四阶段新作公布！白寡妇、丧尸美队、《权游》雪诺都安排上了,3640,937978,//i1.hdslb.com/bfs/archive/639204be2e414ec8ec92c0a29fbabbb8607e511a.jpg,65456220,BV1e4411671X,1566813640,2019/8/26,18:0:40,07:15,5795,4309,6440,3794,30097
43亿《哪吒》背后，鬼才导演的第一部独立动画《打，打个西瓜》,1192,645361,//i0.hdslb.com/bfs/archive/dd0dad161ce35d4d2e7ee460d8bcbbbfd8ad7d99.jpg,64998400,BV1n4411R7VD,1566555655,2019/8/23,18:20:55,34:06,2439,3215,4217,606,26767
蜘蛛侠退出漫威电影宇宙，漫威索尼再次谈崩？！,15380,1436994,//i2.hdslb.com/bfs/archive/175b78ee05d671ea1d36f0866e0d06930a214e4f.jpg,64750120,BV1L441197f2,1566393017,2019/8/21,21:10:17,06:42,8717,6596,9228,10261,44631
超级英雄搞偷窥、潜规则、草菅人命！讽刺人性巨制《黑袍纠察队》,2604,940418,//i1.hdslb.com/bfs/archive/aead2f70e4bddf2521760021d88449f600053484.jpg,64038761,BV164411Z7x1,1566014448,2019/8/17,12:0:48,15:35,2435,6153,9697,2114,33524
超级英雄导致900人无辜伤亡，复联被美国社会逼上内战的绝路！,3240,1174310,//i1.hdslb.com/bfs/archive/947360dfd30b4aff430f5ea2872804e86c2f83d8.jpg,63725069,BV1U4411m7kY,1565793725,2019/8/14,22:42:5,17:46,9155,12092,25540,1477,46517
27.9亿美金《复联4》登顶全球票房第一，超越《阿凡达》是否胜之不武？,3170,768439,//i1.hdslb.com/bfs/archive/9dd49a134733dae1f97ea22b7f8101018465281e.jpg,62950305,BV1N4411X75w,1565409623,2019/8/10,12:0:23,07:40,4838,3793,6498,798,28037
身高3亿9千万米的BOSS长啥样？漫威史上超巨型BOSS排行榜,2406,2955176,//i1.hdslb.com/bfs/archive/bcf2a4cccb55efd65898a87c6764069c804a3724.jpg,62904226,BV1Tt411K76T,1565344851,2019/8/9,18:0:51,10:58,10584,16368,25076,1086,79489
黑遍漫威DC，却被捧为大尺度神剧的《黑袍纠察队》，究竟有多好看？,5349,1721806,//i1.hdslb.com/bfs/archive/3ced82753ef1956fa27cbcbe67bed23cf617b3d2.jpg,62587566,BV1Ht411T7CR,1565173559,2019/8/7,18:25:59,13:56,10554,17633,26502,6970,59581
狂笑之蝠要自杀？蝙蝠侠彻底疯狂，成为堕落化身？,1925,1118706,//i2.hdslb.com/bfs/archive/5ba95e29bca8d7f33e64d57607f1cc8058b1ca6c.jpg,61996069,BV1ht411u7Ts,1564808295,2019/8/3,12:58:15,15:45,2432,7890,13310,1273,36398
钢铁侠修仙成为至尊法师，还和别人互换身体？！,957,764048,//i0.hdslb.com/bfs/archive/7add0ff9c7738bb51b9861e17771a157ac9c34aa.jpg,61892118,BV1Ft411u7x3,1564741079,2019/8/2,18:17:59,09:14,2654,4542,7945,560,28073
假如人生有第二次选择，你会…,2213,822615,//i1.hdslb.com/bfs/archive/6e48a9b6ce3e0e9e372fd13ddde12031cd245c9b.jpg,61600115,BV1Mt411w7bS,1564575596,2019/7/31,20:19:56,16:23,2661,20356,31810,3278,44398
《复联4》5个全新片段流出，雷神不雅视频、美队遭到终极吐槽,1728,1140683,//i2.hdslb.com/bfs/archive/61dd0edfafe50a601254ec47f918c781a2e1db4a.jpg,61465933,BV14t411c7Fp,1564495811,2019/7/30,22:10:11,03:17,2851,10991,4555,5120,33138
复联全员败北，3个字抹除百万超能力者！,3109,903691,//i2.hdslb.com/bfs/archive/0edb20878ed7917d0f3471ec2376647b3c297330.jpg,60871048,BV12t411A7x2,1564148085,2019/7/26,21:34:45,11:11,4042,21463,31770,735,46680
狂笑之蝠：蝙蝠侠人性泯灭、彻底堕落，想要毁灭全世界？,2787,1830118,//i1.hdslb.com/bfs/archive/37bde0385cc6581c2663096d6eb20a0d2e820e67.jpg,60588578,BV1dt411L7Yx,1563973013,2019/7/24,20:56:53,11:30,3588,9950,15783,1249,44581
梁朝伟加入漫威第四阶段！16部新作曝光！女雷神、刀锋战士、X战警、神奇四侠都安排上了！,15302,1400468,//i0.hdslb.com/bfs/archive/5451aad7e06e6360cd9d3da54a511b7ba8186aa4.jpg,60122012,BV1yt411E7Co,1563696507,2019/7/21,16:8:27,04:01,8123,13086,19646,16914,44096
钢铁侠亏损数十亿！复仇者联盟解散！原因竟然是她……,1840,1556197,//i0.hdslb.com/bfs/archive/80bedfe235d94fda7ed39e1a1c9ff448aec0488c.jpg,59875316,BV1Et411n7MT,1563541847,2019/7/19,21:10:47,09:05,4981,22048,35056,898,61745
《蜘蛛侠3》会有6个反派？邪恶六人组介绍，全都白给？,1388,957515,//i1.hdslb.com/bfs/archive/6af9f61ce6b17e31b1d5e7693056d9aca3953587.jpg,59515175,BV1xt411g7t4,1563357651,2019/7/17,18:0:51,06:22,4183,3353,5002,609,23821
51套钢铁侠装甲全解析，终极进化史！完全制霸！,2683,2075047,//i1.hdslb.com/bfs/archive/1838e30204a307fab360ac231158fe32a295d836.jpg,58909882,BV1Gt411L7zV,1562990457,2019/7/13,12:0:57,19:30,24732,75088,109116,8908,129575
官宣！漫威第四阶段新作即将公布！90分钟全程高能,1655,1063154,//i2.hdslb.com/bfs/archive/531535c1c713f56d934da5622a272f874ee17df5.jpg,58448325,BV1Z4411F7zw,1562666453,2019/7/9,18:0:53,05:15,4268,4784,7925,2609,28162
《蜘蛛侠2》彩蛋背后的故事竟然如此曲折！神盾局长居然是…,1507,852906,//i1.hdslb.com/bfs/archive/f436309e6b67d7d55417bb46d0a94ef49d5f6d1d.jpg,57971733,BV1W4411c7jC,1562385605,2019/7/6,12:0:5,08:42,3913,4043,8492,847,26561
《蜘蛛侠2》的9个致命BUG？一部视频完全解答！,2107,997658,//i0.hdslb.com/bfs/archive/784ed7b078709bc5e0e37c0774cdc5ac36131226.jpg,57929593,BV164411A7iY,1562320825,2019/7/5,18:0:25,09:43,4711,3891,5822,1348,24422
漫威最大恶人「神秘客」究竟有多变态？蜘蛛侠被虐惨！,2089,1293646,//i0.hdslb.com/bfs/archive/b5ead4328a1da7a60db629cf33f9618022a1ebf9.jpg,57804715,BV1V4411A7sn,1562234445,2019/7/4,18:0:45,06:15,3260,5521,9645,1402,33451
《蜘蛛侠：英雄远征》全彩蛋解析，完美开启漫威下一个十年,3600,1632806,//i1.hdslb.com/bfs/archive/d1a6da49ee0196871b3e8f0b66ce6feb14535df3.jpg,57661959,BV1Lx41197uK,1562148021,2019/7/3,18:0:21,11:37,13898,11118,19777,7116,46993
《复联4》重映版全新片段曝光！多出来的7分钟到底讲了什么？,2366,2336257,//i2.hdslb.com/bfs/archive/50cbfc8b9bf15097ccf75a83eb10d132ce18dc0b.jpg,57473551,BV17x411X7Ms,1561975538,2019/7/1,18:5:38,03:28,3653,11296,8045,4346,38995
《蜘蛛侠：英雄远征》影评，又一部漫威最佳诞生？无剧透,6931,1148459,//i0.hdslb.com/bfs/archive/aad02c2452d53fb5c6ea57f7c758625bb2539648.jpg,57153454,BV1hx41197KD,1561780833,2019/6/29,12:0:33,05:53,6421,4640,11302,1922,31100
《蜘蛛侠2》观影指南，新装备、新反派、新对象全方位解析,4136,736631,//i1.hdslb.com/bfs/archive/aa36259d81039ade2d931ae3d8c368ff98deda55.jpg,56978745,BV1Tx411d7Mp,1561629637,2019/6/27,18:0:37,06:09,5467,3159,6518,4199,21535
《复联4》重映！钢铁侠、黑寡妇都不用死了！中国观众脑补三大完美结局！！！,2717,1153800,//i0.hdslb.com/bfs/archive/71fdff112e30346b9afa8fa8f53a05659101b6ac.jpg,56801988,BV1Px411Z7rU,1561461826,2019/6/25,19:23:46,09:10,5530,5454,7821,1768,28328
漫威最惨英雄，经历过10多次死亡，却总能复活！,1486,1265746,//i1.hdslb.com/bfs/archive/8d1cc99554c769c58fab535035ab40a6e38860d0.jpg,55744605,BV1u441157LG,1560938447,2019/6/19,18:0:47,09:18,3669,4357,7394,605,27111
"小丑的不死之谜「酒神因子」,他对蝙蝠侠的情感竟然这样深…",1361,1084256,//i2.hdslb.com/bfs/archive/df2853936f17986cde1afa21f184532c15fc3f45.jpg,55590359,BV1n4411V7Cj,1560571204,2019/6/15,12:0:4,08:34,3031,7129,11637,902,32161
"大群:拥有1000重人格,患严重精神分裂,却被誉为变种人上帝！大群介绍",1288,960987,//i0.hdslb.com/bfs/archive/7ddd50b8f5aa22af0abf2a6cfa0aff6ba4e45d91.jpg,55531542,BV1S4411P7zD,1560506419,2019/6/14,18:0:19,06:50,3060,4856,7345,778,26305
漫威最强英雄：Omega级变种人9位介绍！,1724,1287396,//i2.hdslb.com/bfs/archive/e0acf69f8aab3a890c0d5af0b304728df95aa1ee.jpg,55333907,BV1S4411A7hq,1560333614,2019/6/12,18:0:14,17:35,6547,7108,13241,1183,30674
漫威最强能量之一：凤凰之力到底有多变态？,1490,739840,//i0.hdslb.com/bfs/archive/7431a348ec69ea0c7eef58bdeb3ceec5662f8d1f.jpg,54867105,BV1f4411K7Mp,1559966453,2019/6/8,12:0:53,08:25,2490,2813,5057,971,18635
《X战警：黑凤凰》全彩蛋解析：下一站，复仇者联盟！,2511,809544,//i0.hdslb.com/bfs/archive/ef2d7610381c301df7299c195a0a91baa1736e8f.jpg,54853807,BV1R4411K7mP,1559913155,2019/6/7,21:12:35,05:52,2558,3111,4924,2188,18804
《黑凤凰》映前必看！X战警20年完整时间线解析,5462,1308082,//i2.hdslb.com/bfs/archive/114e52508693bf25bf6f99263a1a840fefb076d9.jpg,54636007,BV1t4411M7wb,1559735327,2019/6/5,19:48:47,17:08,9095,25355,41364,19006,55849
谁会成为下一任钢铁侠？15岁萌妹或成最佳人选！,1522,874405,//i1.hdslb.com/bfs/archive/99e8662b0eec13d6fcaa08c852f6ae347eeb6d04.jpg,52559335,BV1M4411J7ms,1558692004,2019/5/24,18:0:4,09:13,3052,3575,6611,720,21713
《复联4》隐藏片段揭秘，少女钢铁侠敲定！美队一直能举起雷神锤！,2264,1259835,//i2.hdslb.com/bfs/archive/61c5f0bec436e5c05f32ea120eefaefa12d1dcd7.jpg,52560731,BV1n4411J7SZ,1558152055,2019/5/18,12:0:55,13:04,6746,5448,12727,893,32339
变胖就会白给？雷神的15次逆天战绩,1496,948973,//i1.hdslb.com/bfs/archive/6be2eedaaa5cadc96b6ee058e5858bc54ebd00f3.jpg,52555302,BV1T4411J7ka,1558087200,2019/5/17,18:0:0,07:06,3580,4740,7861,934,24464
狂笑之蝠：三个蝙蝠侠竟然大打出手，结果...,2065,1492793,//i2.hdslb.com/bfs/archive/378c20b4399c47fedd777aec28665a194ae3fc89.jpg,52511954,BV1R4411E7Ri,1557914436,2019/5/15,18:0:36,13:09,4124,9215,16355,1796,34593
《复联4》百科：15个戴过无限手套的大佬，钢铁侠看完震惊了...,1709,1347889,//i0.hdslb.com/bfs/archive/9f1bbe065f3b167a1e2c744136ce21c420a3ea78.jpg,52040737,BV1m4411Y7Sw,1557547242,2019/5/11,12:0:42,10:30,4271,6093,10012,1433,29928
会有《复联5》吗？漫威未来19部新作大盘点！,2459,1071875,//i1.hdslb.com/bfs/archive/8138fb33aee228b75c6028bf09b87b00a109a695.jpg,51999360,BV1x4411Y7Ei,1557482438,2019/5/10,18:0:38,07:00,8165,8634,11573,4661,29204
《复联4》全剧透解析：我要为肥宅雷神说句话,3621,1155950,//i2.hdslb.com/bfs/archive/cd5cdfef3fe43d5da88a98ffde1683a7e3c82bc2.jpg,51928322,BV1w4411Y74V,1557401722,2019/5/9,19:35:22,17:13,9929,9169,25358,1185,41411
《复联4》百科：洛基如何复活？,1859,839035,//i1.hdslb.com/bfs/archive/9869fc4a598f854ac457425498c5e83de505abbd.jpg,51810964,BV1E4411v79L,1557309625,2019/5/8,18:0:25,11:07,3987,5123,9273,1673,24966
《蜘蛛侠2：英雄远征》最新预告逐帧解析，钢铁侠打开了多元宇宙？,3367,1106844,//i2.hdslb.com/bfs/archive/fc96470e5605db0992985d495d302f17429f71c1.jpg,51740253,BV114411e7nK,1557227201,2019/5/7,19:6:41,07:50,5242,5865,13828,4090,31785
最新《蜘蛛侠2》预告，紧接《复联4》剧情，平行宇宙理论坐实！【自填字幕】,4690,1035760,//i0.hdslb.com/bfs/archive/8654aabe0b30b0ad2dc185afd678b79a6d0242b2.jpg,51678738,BV1i4411e7SR,1557158827,2019/5/7,0:7:7,02:50,2019,6952,5966,11759,28638
《复联4》之后，钢铁侠、美队永久退役？黑寡妇可能复活！,2913,967796,//i1.hdslb.com/bfs/archive/d00aaae61397c75c98960e1be4d8a115d7b3ac4f.jpg,51399410,BV1k4411v7sN,1556964054,2019/5/4,18:0:54,08:46,4709,5323,10672,1826,27803
《复联4》百科：13个举起过雷神锤的狠人，美队看完惊呆了,2947,1469296,//i2.hdslb.com/bfs/archive/5217d21840cabc8eb9660acd14889924116657f0.jpg,51332503,BV1E441147iz,1556891659,2019/5/3,21:54:19,13:54,7033,6472,11339,1925,33978
漫威十年，I AM IRONMAN,5550,1660745,//i2.hdslb.com/bfs/archive/e0700506c44b5b6500ee0c060035a09321123298.jpg,51194621,BV114411x7kq,1556799805,2019/5/2,20:23:25,19:32,14544,60148,116554,13198,112137
《复联4》的时空破碎，可能会影响到一个大光头，他是...（含剧透）,2227,924412,//i1.hdslb.com/bfs/archive/9558e949c2c49dccd4b7c6199fa3f9c1185f0f29.jpg,51018014,BV1p4411t7xy,1556704825,2019/5/1,18:0:25,13:23,5223,5424,13343,1163,28937
《复联4》有12个严重BUG？含剧透！,9509,1097632,//i0.hdslb.com/bfs/archive/53cb99c9611a9bab83f7f2f2e95f0e2d5105a3b7.jpg,50946420,BV1w4411t7nT,1556619192,2019/4/30,18:13:12,11:59,10211,5894,9566,4213,27921
震惊《复联4》上映前30天，中国观众就破解一半的关键情节！,5642,1361840,//i0.hdslb.com/bfs/archive/47049ca06b8aea53cb827a7e65f227810bcbbeaa.jpg,50716274,BV184411b7oa,1556445620,2019/4/28,18:0:20,13:56,10352,11776,34999,4388,51767
竟有两个美队？完全理清《复联4》时间线，搞懂这部电影！（含剧透）,13268,1616476,//i1.hdslb.com/bfs/archive/39d41beae6825ea1b4b388279e8a2abf7834fd50.jpg,50660118,BV1s4411b7Qx,1556369857,2019/4/27,20:57:37,10:52,15192,22787,37502,29472,54041
《复联4》全彩蛋解析，拯救世界的竟然是TA！（有剧透！！！）,11241,1892726,//i1.hdslb.com/bfs/archive/fd602c68771b9bcd13e2ba5bfbe86643eca2be95.jpg,50536814,BV1b4411h7wc,1556282111,2019/4/26,20:35:11,17:01,19447,18248,31378,16313,52579
无剧透《复联4》影评，满分十分我给9.9！,14600,1294980,//i2.hdslb.com/bfs/archive/450497f0d75dfe874e7e11f8c4ed165417a43c6a.jpg,50328098,BV1zb411G7Se,1556102417,2019/4/24,18:40:17,05:28,8502,7238,17059,6366,35729
无剧透！《复联4》第一时间观感，无比激动，十年终局，必须去看！,10110,1159080,//i1.hdslb.com/bfs/archive/db155e63f32ff9bb7abb675cd70b5d47c8d17278.jpg,50299366,BV16b411G7Ra,1556053690,2019/4/24,5:8:10,01:39,4005,4016,11287,6717,32658
《复联4》观影指南，6分钟极简版，4大知识点刷完21部漫威电影,4087,1071640,//i0.hdslb.com/bfs/archive/2bea4571bca2693abdc680622df9e89eb8464e81.jpg,50145560,BV1Xb41137Po,1556013639,2019/4/23,18:0:39,08:04,4406,13653,26367,33711,39389
《复联4》前21部漫威电影，完整的时间线剧情大串联！,10463,6877849,//i2.hdslb.com/bfs/archive/e483bff0e827725908f4ad95185d23d4b8e6f4b4.jpg,49842011,BV1cb411V7Lm,1555732827,2019/4/20,12:0:27,37:09,64277,438333,581751,336615,481410
原来漫威骗了我们不止10年，深挖漫威预告中的17个假镜头！,1355,795793,//i1.hdslb.com/bfs/archive/8080dd303f940941da00c2f394393c900857cf13.jpg,49815079,BV1Qb411G7NQ,1555675863,2019/4/19,20:11:3,09:23,3012,8176,23911,1460,36137
《复联4》击杀灭霸的30种方法！钢铁侠只用一招就能绝杀,2229,1261774,//i1.hdslb.com/bfs/archive/fdc035b9137f8546037da3c9b0ca3c81e1e0ed79.jpg,49587979,BV1Wb41157zM,1555495231,2019/4/17,18:0:31,06:50,3663,5091,10080,1677,26793
讽刺人性的黑暗荒诞《小丑》首支预告解析与预测！,1742,950049,//i1.hdslb.com/bfs/archive/76cd6a94dc7679787634d2b928f686a640f7a741.jpg,49095325,BV1hb411K7cq,1555128000,2019/4/13,12:0:0,05:28,992,6314,12402,2960,28963
DC电影真的要凉了吗？,3424,900529,//i1.hdslb.com/bfs/archive/195fc8f84efa16382eca31354fdbe3e54b513070.jpg,49077886,BV1Vb411K7EV,1555064999,2019/4/12,18:29:59,09:55,6869,5223,8356,2111,23418
DC超强反英雄「黑亚当」科普，《雷霆沙赞2》反派就是他了！,1298,1033692,//i0.hdslb.com/bfs/archive/c917f4d21543461dcffe0230e0614abef4b54483.jpg,48871442,BV1wb411M73A,1554890417,2019/4/10,18:0:17,07:15,2128,6076,14202,737,28068
《雷霆沙赞》全彩蛋解析，《沙赞2》剧本暗藏其中！,2419,1222440,//i2.hdslb.com/bfs/archive/2e2dbdd9bd2d6db7493acea3537d5808a5485245.jpg,48494476,BV1Eb41137qU,1554547504,2019/4/6,18:45:4,08:11,3562,6189,14102,3727,28422
《雷霆沙赞》影评，DC以小博大的黑马之作？（轻微剧透）,5268,946869,//i2.hdslb.com/bfs/archive/a2de0de7e9a8747fd6063ba70a8fb95309779754.jpg,48386113,BV12b411g7P5,1554465096,2019/4/5,19:51:36,05:46,3161,5893,15609,1761,31071
《雷霆沙赞》观影指南，沙雕少年拯救世界！,2575,866823,//i1.hdslb.com/bfs/archive/7d94711215d64413be64172bd023e166ac1661c6.jpg,48226133,BV1nb411W7dC,1554372005,2019/4/4,18:0:5,07:24,3337,4154,9135,4398,23687
DC《小丑》起源电影首发预告！提前预定年度神作！,6600,1753218,//i0.hdslb.com/bfs/archive/8bbd6cb64178638f5d7d746a441da280b839d3f8.jpg,48230124,BV1pb411W7Ax,1554348061,2019/4/4,11:21:1,02:25,3063,20938,11571,33595,42899
《复联4》60秒预告解析，盾铁狂发喜糖，灭霸独孤求败,4240,1333554,//i1.hdslb.com/bfs/archive/04a5a54f3b388a7e16dc29acc69f7720ed8d4b58.jpg,48179959,BV17b411W7bs,1554289796,2019/4/3,19:9:56,09:19,9056,24568,82987,18296,89511
《复联4》第三支终极预告，钢铁侠美队和好！复联全员出击！,5434,1931506,//i2.hdslb.com/bfs/archive/a7acd67825982c2ecb6b973e70a03212d7dde7d0.jpg,48097195,BV1kb411p7mj,1554207740,2019/4/2,20:22:20,01:01,2669,14418,11871,34195,39216
漫威地表最强英雄「哨兵」又复活了？,1998,1119808,//i0.hdslb.com/bfs/archive/6d2b8641be96e4e0f2d65f21013c4e09960eb811.jpg,47660786,BV1Fb4114752,1553918402,2019/3/30,12:0:2,09:59,6033,4429,8262,763,23275
比《复联4》更虐！漫威不敢拍的复联10次团灭,2372,1914913,//i2.hdslb.com/bfs/archive/20d550e2843f3cb4bb1293c857357d570da87d87.jpg,47559559,BV1hb411x7wM,1553768279,2019/3/28,18:17:59,10:24,4185,15678,33443,2226,51802
死侍的自愈能力有多变态？不死之身竟然是灭霸给的！,1334,925996,//i2.hdslb.com/bfs/archive/f7ff569e99332a8c30dd4cd04add2ad6137acfa8.jpg,46978551,BV1fb411j7GS,1553248839,2019/3/22,18:0:39,06:52,1738,4450,8081,797,22764
《复联4》可能出现的10位新角色？灭霸的祖宗都来了！,2125,935862,//i0.hdslb.com/bfs/archive/10f228e969b75803cec3196365d00d1317dd96ea.jpg,46807472,BV1ob411E7pi,1553076039,2019/3/20,18:0:39,10:38,5275,8351,24819,4383,35094
大橘猫抓瞎尼克·弗瑞的原因找到了！他竟然是斯克鲁人变的？,2789,979353,//i2.hdslb.com/bfs/archive/991d3613bc2674cd37e42a4038f0253358845f4d.jpg,46433748,BV1Cb411J7kB,1552735857,2019/3/16,19:30:57,09:35,3762,7887,22404,4770,33745
《复联4》终极预告解析！钢铁侠回归，美队要牺牲？！,3057,1290872,//i2.hdslb.com/bfs/archive/4c7b0908b8b5bd80e22a641e5cd097107d7a0157.jpg,46352690,BV1Sb411H7VU,1552654312,2019/3/15,20:51:52,10:14,6077,18550,58733,12173,63401
《复联4》终极预告发布！量子战服登场，全员出击！,9816,2447536,//i0.hdslb.com/bfs/archive/1f39ea4f6655bf6b8f24cfbe67d975d844b96f8a.jpg,46270506,BV1eb411H7YN,1552568904,2019/3/14,21:8:24,02:31,8134,26009,21473,52575,57911
竟有两个宇宙魔方?！中国观众破解《惊奇队长》疑点剧情，偷换真品的人竟然是…,4263,978562,//i2.hdslb.com/bfs/archive/ff1324dc12cf9858b409909226b110cc18661a42.jpg,46180019,BV1Tb411H7gY,1552478317,2019/3/13,19:58:37,11:21,7150,7426,16350,13176,28376
《惊奇队长》全彩蛋解析，撸猫不规范，局长一行泪,3200,1432903,//i1.hdslb.com/bfs/archive/12eacf4614a2304c130c8b266ae096bbce9d7f78.jpg,45979137,BV1hb411e7Un,1552299185,2019/3/11,18:13:5,07:50,3997,14238,39776,7168,47501
《惊奇队长》影评，漫威承上启下之作（全程剧透解析）,6764,1173679,//i0.hdslb.com/bfs/archive/429f5eaeec1d9ddff39e1202db6bb0412015f1a2.jpg,45796559,BV1Nb411i7En,1552132126,2019/3/9,19:48:46,14:45,9439,4312,10781,2864,23584
《复联4》击败灭霸的关键，漫威骗了观众整整两年！,1520,1011477,//i2.hdslb.com/bfs/archive/56393566c11eaa535bee6102ffc0adbba0c873ac.jpg,45481765,BV1ub411q7kj,1551868229,2019/3/6,18:30:29,06:48,2142,4520,9921,2505,22865
漫威传奇的造梦师：斯坦·李,2119,545786,//i1.hdslb.com/bfs/archive/777235d2d398b5f7e1f24f0e9a079a26a3cfb194.jpg,45310411,BV1Fb411z7JE,1551678903,2019/3/4,13:55:3,11:10,4119,10198,20765,2876,31125
反毒液血清VS惩罚者，画面太猛不敢看,1086,828574,//i2.hdslb.com/bfs/archive/2a7e55e5469a70ea43e25e6853265c5378a7a1fc.jpg,44850836,BV1Yb411t7HH,1551262548,2019/2/27,18:15:48,09:47,2651,4923,10385,480,22418
看《复联4》泄露武器图，我又猜出了剧情...浩克竟然有了反灭霸装甲？,2072,1203134,//i2.hdslb.com/bfs/archive/490f4bf0ab23c6037e35d86eca77f06511f8fd4e.jpg,44360939,BV1xb411h7qn,1550831126,2019/2/22,18:25:26,08:31,3863,9319,26156,4072,37071
恶灵骑士：下地狱吗？每晚死一回的那种,2014,986361,//i2.hdslb.com/bfs/archive/6b15b7c42749fa299bc0c4a7735ae61d0cb4bdcc.jpg,44185881,BV1pb411Y76n,1550659685,2019/2/20,18:48:5,11:59,3888,14525,36455,1626,44186
为什么有人给《流浪地球》打1星？【Lorre说】,10739,767324,//i1.hdslb.com/bfs/archive/38702d1d3f4de6b6358517918d77f9dd32d2cfc4.jpg,44082202,BV1Qb411a7tA,1550571011,2019/2/19,18:10:11,05:50,5648,3966,10787,1100,25020
金刚狼爪Vs美队盾牌，漫威最硬的金属是什么？,1972,987857,//i0.hdslb.com/bfs/archive/9c2915adc6f68d8cb9ef0b644993e65948a08dcf.jpg,43764758,BV1gb411m7LL,1550376003,2019/2/17,12:0:3,07:24,3163,5186,11178,904,25648
死侍向漫威宣战，竟然消灭了全宇宙的死侍,2290,1003850,//i0.hdslb.com/bfs/archive/2bd65454192cbf536c66f877b5056d3cbbdfb3eb.jpg,43623735,BV1Bb411277p,1550226237,2019/2/15,18:23:57,08:56,3335,19065,23721,957,36793
《复联4》30秒预告解析，钢铁侠自救飞回地球？,2774,1037860,//i0.hdslb.com/bfs/archive/fc8e4e1e995c1866054e3f619f7cf324eeb50eb0.jpg,43436281,BV1gb411U7o1,1550057422,2019/2/13,19:30:22,10:42,7102,13298,45559,5530,49973
更骚、更浪、更话痨，三代蜘蛛侠的8个不同,3199,974047,//i1.hdslb.com/bfs/archive/72825426bdc164520d78148ec9538623d7d16190.jpg,41590808,BV1yt411b7T7,1549449037,2019/2/6,18:30:37,08:02,8703,8917,17893,1341,32229
死侍为什么没加入「复仇者联盟」？到底什么是复联？,1928,1096787,//i2.hdslb.com/bfs/archive/035e106c5b01d79b7ec73aed63e7739141c11931.jpg,41587918,BV1kt411b7Yc,1548842439,2019/1/30,18:0:39,08:21,3920,13221,29658,1490,43003
漫威最红(贱)英雄《死侍2》观影必备的10个知识,1843,856601,//i1.hdslb.com/bfs/archive/49d7dd62e5178f9697950fe7a6a1550bd58b5da8.jpg,41627631,BV19t411b7MP,1548417654,2019/1/25,20:0:54,07:04,4005,7591,18918,2786,28658
复仇者联盟Vs变形金刚，钢铁侠造出了「反霸天虎装甲」？！,1666,958867,//i2.hdslb.com/bfs/archive/59ccdac9ac978cd3d34916d98dcdd6dcc04c07dd.jpg,41192738,BV1nt41187S7,1547957139,2019/1/20,12:5:39,06:20,2483,4741,8587,1056,20799
《复联4》后《钢铁侠4》的剧情泄露，托尼成为了战争之王！,1255,1257238,//i2.hdslb.com/bfs/archive/db7738ef0032f75f47035a8ac9a3faa17a4a7abd.jpg,41025801,BV1Gt411a7XG,1547805600,2019/1/18,18:0:0,09:58,3167,9493,24582,3095,34044
蜘蛛侠一生的悲剧：格温之死,2105,760280,//i2.hdslb.com/bfs/archive/d443776952afc0f2cad673895dd9b045403ae254.jpg,40888202,BV1Lt411p7fy,1547635629,2019/1/16,18:47:9,07:37,3164,6964,17068,1247,24758
蝙蝠侠的身体与小丑的灵魂，史上最残忍、人性扭曲的狂笑蝙蝠，诞生了！,2912,1387751,//i0.hdslb.com/bfs/archive/d4aca79a503577b5fb9600ff7de9594e6212e181.jpg,40451251,BV1Qt411p7tv,1547201067,2019/1/11,18:4:27,07:25,3614,19993,47081,2641,53482
日本美少女蜘蛛侠，驾驶EVA大战毒液使徒！,2703,1463326,//i1.hdslb.com/bfs/archive/6ee35600d6a64887cd734f03b92ce28ebd09dddf.jpg,40296286,BV1vt411s7YV,1547029651,2019/1/9,18:27:31,07:08,4883,19468,38177,4175,44569
臂力10吨、玩摇滚、姐弟恋，她才是最朋克的蜘蛛侠,2211,1387229,//i0.hdslb.com/bfs/archive/e447e7f82eae00dbd6fd382686ea6a6f12a24c9d.jpg,39726431,BV1Zt411B7F1,1546423201,2019/1/2,18:0:1,05:42,3086,19332,44217,2127,49717
「海王」弱爆了？看看十大最强表现吧！武力值爆表,1599,749019,//i1.hdslb.com/bfs/archive/71dd236ff03742e126b71897cf1fe01059054197.jpg,39384093,BV1yt411z7i1,1546141605,2018/12/30,11:46:45,08:46,2879,6264,18810,544,24478
十年，无悔入漫威,4526,1724049,//i2.hdslb.com/bfs/archive/78e6673be5d0323e50a55de1fe67c327ba4745c3.jpg,39227450,BV1Ut411r75k,1545996017,2018/12/28,19:20:17,18:22,22022,69253,137016,18400,109927
蜘蛛侠之死，《平行宇宙》源起之战,2351,1224791,//i2.hdslb.com/bfs/archive/6eec73640cf0f4462e262da078e3c1ae219f71c1.jpg,39050559,BV1pt411C7op,1545816698,2018/12/26,17:31:38,07:09,3151,8852,16394,3658,25345
【Lorre说】洛基没死！他去演美剧了？,1527,600015,//i2.hdslb.com/bfs/archive/938c5fa78c0c0f48815f37eb1e20fb70b8647e56.jpg,38746279,BV1ot411Y7Vh,1545467137,2018/12/22,16:25:37,16:36,5882,4548,14311,751,19405
《钢铁侠之死》终章，美队托尼同归于尽，莫非暗示《复联4》....,1965,1490395,//i0.hdslb.com/bfs/archive/393f9bc849f77f08fa815363ef8757056130ea37.jpg,38670692,BV1vt411Y7cV,1545387794,2018/12/21,18:23:14,10:37,6266,7891,16113,1916,25480
讽刺人性的黑暗荒诞，影射现实的《致命玩笑》为何是DC神作？,3871,2053186,//i1.hdslb.com/bfs/archive/c01f06a21a7a0d6c009168a9c9c68ffc760fe5ec.jpg,38461530,BV1ct411v7de,1545213606,2018/12/19,18:0:6,21:59,9217,55672,158147,11572,107792
小丑的神作《致命玩笑》，DC排名前五的作品,6290,2737796,//i2.hdslb.com/bfs/archive/8e58184f1dca7e82cc801d3dc170b98ec7333a42.jpg,38019564,BV1qt411v7NN,1544781605,2018/12/14,18:0:5,41:18,21031,151252,332247,38214,202848
DC海王的起源故事，因何与黑蝠鲼相爱相杀？,2012,886679,//i2.hdslb.com/bfs/archive/717fa03c6c20b95ab2d63077d453e9bee9563fdc.jpg,37990870,BV1ut411B7Wt,1544611826,2018/12/12,18:50:26,04:18,965,22326,81764,1708,70368
中国观众破解《复联4》剧情，预告逐帧解析，钢铁侠会死吗？,3694,1180053,//i2.hdslb.com/bfs/archive/4ae0f31b8e938e70893b628f49719224a7163d3e.jpg,37734173,BV1Kt411D7TF,1544283513,2018/12/8,23:38:33,14:28,9598,16522,50609,20726,46279
炸裂！《复仇者联盟4》预告终终于来了，钢铁侠终局已定吗？,10444,3093991,//i1.hdslb.com/bfs/archive/dc58e4c6108c809748f68c9033347d103abb320b.jpg,37637833,BV1vt411S7uj,1544191878,2018/12/7,22:11:18,02:26,8006,28475,19772,58868,52841
毒液的儿子屠杀大战死侍！屠杀都有女朋友了，你呢？,1540,862428,//i1.hdslb.com/bfs/archive/e28f798469b89c03d30cf5a9cd21fa1ecbb3e7b4.jpg,37456117,BV1ht411Q7Jr,1544004151,2018/12/5,18:2:31,07:21,3206,6246,22189,1554,24414
《惊奇队长》第二预告来袭，剧情早已被中国观众破解！,3751,1298996,//i1.hdslb.com/bfs/archive/366e8339c4ee10311daab9d2cc752583d6c1ac3c.jpg,37389221,BV13t411Q7kr,1543898901,2018/12/4,12:48:21,25:51,7803,10549,31353,14072,27703
屠杀怀孕喜当爹，竟然生出比毒液强数10倍的“毒素”,1528,1054893,//i2.hdslb.com/bfs/archive/30bc8ba801800bc239af74635dc272b2de0da0f2.jpg,37105084,BV1Wt411X7L8,1543636821,2018/12/1,12:0:21,09:00,2657,7742,17760,2862,26227
死侍/屠杀/灭霸大混战《毒液宇宙》大结局？,3651,1252158,//i1.hdslb.com/bfs/archive/dc9953a9d59dfa6930e04e64a92622d89c6268c5.jpg,36995668,BV1Qt411Q7ix,1543485642,2018/11/29,18:0:42,07:43,3063,11040,34399,1035,34541
毒液的致命天敌，消毒液「血清」科普,1738,1592212,//i0.hdslb.com/bfs/archive/15a67fef6ff15fad5ad6f04c5705d1db57eaac0e.jpg,36595911,BV1Lt411y7wq,1543032022,2018/11/24,12:0:22,06:32,3076,10137,14996,2957,27677
毒液要叫他祖宗，共生体之神「纳尔渣渣」科普,1232,1306381,//i0.hdslb.com/bfs/archive/3c15420e7dfe6f7b636566ce2d1b223f5886863a.jpg,36565261,BV1Tt411y7LG,1542967239,2018/11/23,18:0:39,07:30,2803,7555,13931,3070,25132
【Lorre说】4个能秒杀毒液的角色，你猜有谁？,1762,803630,//i2.hdslb.com/bfs/archive/f89eb9f674fb36feae4ed4b1ca197508a72f1558.jpg,36432550,BV1Kt41127Hy,1542794416,2018/11/21,18:0:16,12:52,4469,2847,8979,1392,15507
比毒液变态10倍的杀手，竟然是他儿子？最后还成英雄了！,1627,1314909,//i2.hdslb.com/bfs/archive/8fcd3be5d871a31dca4b61d6534eb5d5d90d9241.jpg,36084058,BV1gt411m7WA,1542427244,2018/11/17,12:0:44,07:55,2696,7345,14633,3673,22393
斯坦李走了，他留给世人一个礼物：漫威英雄世界,2885,797064,//i2.hdslb.com/bfs/archive/67a5d81912c980247c77e52bc07fcb6b261587ff.jpg,35997719,BV1et41127cd,1542276012,2018/11/15,18:0:12,11:14,23758,29109,72841,8525,53025
恶灵骑士、死侍、金刚狼全成毒液了？毒液宇宙（一）,2388,1050180,//i2.hdslb.com/bfs/archive/719979ae2b20c24b2e40853f04dac96facba8715.jpg,35672372,BV1it411m7p6,1541835470,2018/11/10,15:37:50,04:58,2364,8493,23808,2972,25006
钢铁侠之死（一）渣男托尼寻欢记,1596,979192,//i2.hdslb.com/bfs/archive/4f7b22151cab7dc60f5a6addd0858bdd3890ecf6.jpg,35612973,BV1kb411c72s,1541759001,2018/11/9,18:23:21,09:38,2939,12214,36740,1742,33563
四臂绿巨人Vs惩罚者，撕的真生猛！,1343,1071554,//i1.hdslb.com/bfs/archive/c77ccde46f60b5b95bf71115e5542a13f73b1435.jpg,35213689,BV1pb411w7Kh,1541244728,2018/11/3,19:32:8,09:34,5251,10321,36913,1295,31663
漫威最强小学生，单手创造小宇宙,1156,1015947,//i2.hdslb.com/bfs/archive/1ff276dd5212aca9995c28c86217f5cb9c64835f.jpg,35114419,BV1hb411P7vb,1541152851,2018/11/2,18:0:51,07:31,2255,5428,15014,809,21274
史上最变态的15个绿巨人，强到漫威都不敢拍,1226,1772625,//i2.hdslb.com/bfs/archive/a8826c247f02cad9b08dded18f16f8e5b12ff337.jpg,34585284,BV1it411d7R7,1540548037,2018/10/26,18:0:37,07:09,3181,7134,13476,1229,24252
你知道吗？其实绿巨人很脆弱...,1327,780671,//i2.hdslb.com/bfs/archive/4da8131fa4ed5d613f0f9c2f744caaeb428ed93e.jpg,34559294,BV1Jt411d7uL,1540461647,2018/10/25,18:0:47,15:08,4138,12014,29233,3898,25609
钢铁侠剧透之作，漫威13年前就把《复联3》安排上了,645,602606,//i0.hdslb.com/bfs/archive/615d941668c9eeb53b1553284ca2f3d976e86dcb.jpg,34095968,BV1Bt411d7QJ,1539864431,2018/10/18,20:7:11,06:11,729,2586,11318,632,12825
不想演钢铁侠的恶灵骑士，不是好超人，性感凯奇的肥宅快乐梦,1052,640634,//i2.hdslb.com/bfs/archive/50beb699ac402b93dfac42bddfeed06a66b113bd.jpg,33667643,BV1Zt411f72d,1539339650,2018/10/12,18:20:50,10:36,2693,3070,6788,848,11862
漫威DC的10个区别，99%的人都不知道，一般人我不告诉他,4290,1317463,//i0.hdslb.com/bfs/archive/f9d8a4bec2be71f51420fe1562ea3f80f1b7449e.jpg,33606706,BV1bt411f7JJ,1539255055,2018/10/11,18:50:55,09:47,8801,13010,22344,3133,24561
退出DC保平安？电影史上最凶厄运，超人的17个诅咒！,1782,610418,//i2.hdslb.com/bfs/archive/b8dfd51c847c3380ec03809ec1d8c690842f09f5.jpg,32645510,BV17W411S7Pe,1538388017,2018/10/1,18:0:17,05:32,2363,2100,3913,1063,10017
当蝙蝠侠成为最强之神，他…,2366,1138833,//i1.hdslb.com/bfs/archive/4fde10040ede44cef0db4125fd562b54ccaf5923.jpg,32620226,BV1TW411S7r8,1538128805,2018/9/28,18:0:5,09:49,4165,5100,9775,1269,16217
震惊《惊奇队长》预告刚发，却以被中国观众预测破解！,1979,755940,//i0.hdslb.com/bfs/archive/ef15373cc446fcb9cf9c21803f7c21bddf179fdc.jpg,32169971,BV1jW411r7Ww,1537532659,2018/9/21,20:24:19,12:49,4342,3873,16823,6297,14711
漫威《惊奇队长》首支官方预告 中文版,2535,572937,//i1.hdslb.com/bfs/archive/8f43cce92caa0b8b0428edcc076136153fa39dfd.jpg,32026005,BV1kW41167pK,1537336841,2018/9/19,14:0:41,01:57,1421,2505,3558,8082,8634
PS4《蜘蛛侠》28套战服完全介绍+漫画起源故事,1113,932731,//i1.hdslb.com/bfs/archive/38a9239e17dc3d27cdc2bd59b8b005d6f8c59574.jpg,31709253,BV17W411y7SQ,1536926015,2018/9/14,19:53:35,08:40,2761,7703,10165,2259,14755
漫威电影宇宙的开国元勋，钢铁侠-唐尼的奋斗成长史！,4390,1466423,//i2.hdslb.com/bfs/archive/9ce81fd4ce1f7123d1892646a13974f30650d834.jpg,31631030,BV1PW411y7X6,1536834055,2018/9/13,18:20:55,09:16,6735,21936,47812,7858,36990
和超越者55开，能手撕哨兵的人，狠角色分子人【漫威最强英雄】,1982,1023419,//i2.hdslb.com/bfs/archive/913be6de507279beb4f868864e85ba4f0a6a1995.jpg,31252295,BV1pW411d7zM,1536314441,2018/9/7,18:0:41,09:47,2652,3619,7406,667,13848
独家剧透《惊奇队长》《复联4》，你敢看吗？,4289,898319,//i2.hdslb.com/bfs/archive/98189bfaf9d14e9bbab2e525a99b542348a9c26c.jpg,30821562,BV1YW411f7Li,1535728123,2018/8/31,23:8:43,10:50,8850,24760,98875,23460,45755
《蚁人2》的21个彩蛋！全收集！,1734,939448,//i0.hdslb.com/bfs/archive/52f2830b7a880ad8805c5dadf75329419ddd26b1.jpg,30633175,BV1js411c7Nw,1535541773,2018/8/29,19:22:53,08:21,3271,5227,17596,4080,17694
【漫威最'强'神明】行星吞噬者死过多少次？,2884,1180953,//i1.hdslb.com/bfs/archive/76ffa521429b4fc616348f15fba743581c975a1d.jpg,30203902,BV1FW411D7R3,1535105447,2018/8/24,18:10:47,09:35,4254,23982,24281,2801,27119
惊奇队长能打过灭霸，拯救复联吗？【Lorre聊英雄】,2329,896509,//i0.hdslb.com/bfs/archive/972790200811819aa202f8111f534cf4538f82d7.jpg,29613727,BV1AW411d7Pj,1534505452,2018/8/17,19:30:52,05:06,2960,3046,11508,1482,13080
漫威10强反派，第一竟然不是灭霸？！,3014,1376286,//i1.hdslb.com/bfs/archive/869c1b8aee0a4472be6112fc32e39d3aef0b4fcc.jpg,29022757,BV1us411u7G4,1533903344,2018/8/10,20:15:44,09:06,5836,6532,16786,1353,20463
【漫威最强神明】宇宙裁决者：生命法庭,2257,1181690,//i1.hdslb.com/bfs/archive/f614c90a93f47192b912406dd4d98ad6fe018cbf.jpg,28931109,BV1rs411M7eq,1533814944,2018/8/9,19:42:24,07:59,3419,6307,22702,1226,20724
旺达，我爱你。但我们...,2292,749998,//i0.hdslb.com/bfs/archive/eeef1f240e032c3cf82c1354374b272c18e9464e.jpg,28439803,BV1Ys41137KG,1533296052,2018/8/3,19:34:12,10:21,5102,26271,49984,4061,24828
【漫威最强神器】终极抹除者介绍,1584,756897,//i2.hdslb.com/bfs/archive/126357697ee221e70edcc2efb96cece85ad5f82f.jpg,27930785,BV1ys411A7bh,1532759875,2018/7/28,14:37:55,06:42,1933,2997,10705,313,12360
漫威最强神明：OAA介绍【Lorre聊英雄】,3802,1496085,//i2.hdslb.com/bfs/archive/a162a63e6d94d2549069caef0949fea7f7bbf5a1.jpg,27793769,BV1cs411A7eb,1532604945,2018/7/26,19:35:45,06:55,5728,29708,36691,3048,32415
DC发大招！《海王|沙赞》双英雄预告齐发！,6547,839223,//i1.hdslb.com/bfs/archive/b93dc6fdeec795989e8052f2ea7676b18dfc350f.jpg,27431317,BV1Ys411K7kn,1532223734,2018/7/22,9:42:14,05:19,5551,4035,5332,15739,11156
拳打浩克脚踢雷神，还拿起了雷神锤！究竟是何方神圣？【Lorre聊英雄】,1795,930414,//i2.hdslb.com/bfs/archive/317a6bff55d4fb531a3040a0ecc9293390cb004e.jpg,27380670,BV1Ks411K7rV,1532162151,2018/7/21,16:35:51,06:58,5754,4284,16885,943,16154
《复联5》可能发生的剧情《秘密入侵》,1471,789025,//i2.hdslb.com/bfs/archive/1eabf31777b7faaa385e1d231bf4d0284356912d.jpg,27306781,BV19s411N7ar,1532080565,2018/7/20,17:56:5,09:08,3138,4312,18455,1670,13587
B站100万粉丝福利，Lorre女装Cos黑寡妇,4981,937068,//i2.hdslb.com/bfs/archive/3d0983a802ba8899f6bdf9b9106d3a4448243760.jpg,27231870,BV1Zs411E7Kx,1531997786,2018/7/19,18:56:26,01:26,5268,6762,32353,2432,37145
雷神最强外挂——“符文王”究竟有多厉害？【Lorre聊英雄】,2829,1027621,//i2.hdslb.com/bfs/archive/2502770f92023b4664cb2c242aa584643ff2fb4f.jpg,27082303,BV1gs411E7t5,1531825890,2018/7/17,19:11:30,03:49,1995,3171,12133,894,14024
《复联5》的剧情，可能在10年前就泄露了【Lorre讲故事】,1978,1039768,//i1.hdslb.com/bfs/archive/dd7cf977e26215e3c02f6755d4c1c1035a5aad12.jpg,26923469,BV1Rs411J7NM,1531651471,2018/7/15,18:44:31,08:37,3579,4954,14164,2439,15165
毒液死侍Vs超越者，漫威最强之战！,2001,1682456,//i0.hdslb.com/bfs/archive/7a3598164779cb7292c3b4f103ab33eba10de42e.jpg,26754656,BV1gs411J79J,1531476031,2018/7/13,18:0:31,06:42,4511,6056,11581,1958,17583
漫威诸神记，永恒之子：神符,1578,685161,//i0.hdslb.com/bfs/archive/d8ab4c31ce68a43b97731454c9bd2939005175c6.jpg,26276342,BV1Zs411H7sH,1530870412,2018/7/6,17:46:52,06:56,2653,2206,6745,355,8507
《复联4》剧情泄露，爆料者称系漫威内部人士,2441,735044,//i1.hdslb.com/bfs/archive/972d615da49a7cc5d7f6dafdb0f1f1e75a6299e7.jpg,25505633,BV1ts411L74Q,1529826479,2018/6/24,15:47:59,08:43,5107,2253,5288,3489,7701
恶灵骑士VS灭霸，结局竟然…【Lorre讲故事】,2653,1623031,//i1.hdslb.com/bfs/archive/66ef43ac8bf3e04110052de6fa659a24b16829d7.jpg,25362021,BV15s41177Xj,1529663431,2018/6/22,18:30:31,11:12,5432,9795,20853,3158,19200
【Lorre说】什么？竟有第七颗无限宝石？会在《复联4》中登场吗？,1393,617810,//i2.hdslb.com/bfs/archive/602df73cd5b48db38c521922c35728617dc3517f.jpg,24998502,BV1QW411F7q8,1529143237,2018/6/16,18:0:37,07:43,2426,1835,5109,1190,7638
灭霸算老几？看惩罚者打爆漫威英雄！,1980,897596,//i1.hdslb.com/bfs/archive/3e44a846f728b31f3db73ca775797010487384a3.jpg,24593003,BV1uW411P72C,1528540808,2018/6/9,18:40:8,01:33,1777,2100,5191,658,8816
【Lorre说】惊爆内幕：洛基没有死！他伪装的绿巨人！第二季加强版,5158,659314,//i2.hdslb.com/bfs/archive/bb5aca33d69df5fc4a7c8229797807d148df495e.jpg,24554878,BV1KW411P7nR,1528456469,2018/6/8,19:14:29,18:40,9527,2614,7725,7183,8026
【Lorre说】惊爆内幕：洛基没有死！他伪装的绿巨人！,10371,1119968,//i2.hdslb.com/bfs/archive/fd3ca42a1ee846e2d6de3c1dfdfd3e20d6bcb49e.jpg,24240049,BV1FW411N7Ds,1527855928,2018/6/1,20:25:28,14:59,16499,10025,23298,33478,15523
【Lorre说】漫威最强，哨兵超越者会加入《复联4》吗？,2637,639577,//i0.hdslb.com/bfs/archive/b7b75a546bd11ad84473e1dc7ef7cd25b3afaf01.jpg,24053771,BV1gp411d7nj,1527507023,2018/5/28,19:30:23,13:19,5979,1466,6044,616,5939
【Lorre说】死侍加入《复联4》？金刚狼复活？,2521,750421,//i1.hdslb.com/bfs/archive/4bcf718ce20e4c4f55f9ce11f6cb70798e9233de.jpg,23968400,BV1Cp411R7X2,1527336702,2018/5/26,20:11:42,12:31,5105,1782,5476,640,6984
【Lorre说】《复联3》团灭，是星爵猪队友，还是漫威失了志？,3712,602958,//i2.hdslb.com/bfs/archive/fc37aa350ead6beee314b958a75af9b317ecc570.jpg,23824171,BV1rp411o7Ys,1527079208,2018/5/23,20:40:8,11:38,6654,1743,6619,849,6974
【Lorre说】《复联4》埋的6个伏笔，细思极恐！,4531,2093784,//i0.hdslb.com/bfs/archive/0963805d9ce327e66751260d1848ca54c340092d.jpg,23656194,BV1zp411d7Xi,1526735896,2018/5/19,21:18:16,16:44,12681,9139,19661,4032,25130
【Lorre说】《复联3》阵亡英雄会复活吗？,5021,543906,//i0.hdslb.com/bfs/archive/c24416dd48213dd023308ea6975f098390bb8274.jpg,23517415,BV1qp411Z71n,1526467657,2018/5/16,18:47:37,09:48,8509,1997,5845,1535,6288
【Lorre说】惊奇队长能打过灭霸？原来…,3220,1140311,//i0.hdslb.com/bfs/archive/a825a8b40723e72de74811e7dc3f3084091aa9d2.jpg,23435582,BV1pp411Z7jV,1526293735,2018/5/14,18:28:55,11:20,9609,3486,11012,4111,9861
【Lorre说】我给《复联3》打10分，不怕他骄傲！（无剧透影评）,7155,560094,//i2.hdslb.com/bfs/archive/2c4c38726cbfd97a0d655c490c94b3532165e209.jpg,23329694,BV1nW411F7SB,1526121027,2018/5/12,18:30:27,09:10,7515,2677,13402,1628,16293
《复联3》必看漫画，灭霸封神作《无限手套》,3622,1327322,//i2.hdslb.com/bfs/archive/217734b86c0393d673fcb44982b26555fbe77ab3.jpg,23291835,BV1gW411F73g,1526034913,2018/5/11,18:35:13,17:59,7505,29924,29453,17800,16107
《复联3》观影前必看！7分钟看完漫威宇宙10年的所有电影！,2135,777885,//i0.hdslb.com/bfs/archive/01951603eca5be032d14d63d98005e7b1303a5f3.jpg,23245303,BV1KW411F765,1525945014,2018/5/10,17:36:54,07:41,4838,8750,11582,25823,9753
《复联3》竟然拍假镜头？骗观众+骗演员，保证防剧透！,2303,611828,//i2.hdslb.com/bfs/archive/0510a8bd54f24c996f45d417741eb83e68478a92.jpg,23025126,BV15W411G7MB,1525519509,2018/5/5,19:25:9,07:48,3602,2236,7430,506,9151
漫威最强神力，凤凰之力竟被击败？【Lorre讲故事】,1744,1018252,//i0.hdslb.com/bfs/archive/b0220a56327ec6939a72eedd02136a324c0f8457.jpg,22961247,BV19W41137FG,1525429814,2018/5/4,18:30:14,11:59,4009,20243,17775,1428,12277
《复联3》剧情，灭霸集齐6颗无限宝石！第二章,1655,819983,//i2.hdslb.com/bfs/archive/17084e0949e721425bd032a57374c73d3c2e2ea9.jpg,22630179,BV1XW411G7bq,1524825014,2018/4/27,18:30:14,12:02,4055,17356,25357,2930,11325
【Lorre说】《复联3》谁会牺牲？英雄死亡几率排行榜,4344,689602,//i1.hdslb.com/bfs/archive/9f2ea6a0c7569e5ac0cd8b9fdbf109cf97b779f4.jpg,22081811,BV1bW411L7Fj,1523700840,2018/4/14,18:14:0,11:18,11572,3859,12642,2670,18975
《复联3》最强反派，灭霸被击败！【Lorre讲故事】,1564,988485,//i2.hdslb.com/bfs/archive/f5b6c2c4ddf3cb424552847472cee513873943a6.jpg,22027075,BV1nW411L7V5,1523615400,2018/4/13,18:30:0,10:59,3915,20965,20991,2182,12875
《复联3》大Boss，漫威最强反派，灭霸的起源【Lorre讲故事】,2135,974297,//i0.hdslb.com/bfs/archive/1088a0f1e38c1d71d76768f6196f9d5d964322ed.jpg,21708647,BV1JW411M759,1523010609,2018/4/6,18:30:9,10:42,4966,22730,23035,6261,13217
复仇者联盟的英雄都变异成食人魔？这就很酷了！,939,878330,//i0.hdslb.com/bfs/archive/e07c37d222c83775036989dc538f7d85aeba33f1.jpg,21342392,BV1MW411u72f,1522319425,2018/3/29,18:30:25,07:39,977,4528,9853,513,9840
【Lorre说】《复联3》剧情完全泄露？最高机密，不要告诉朋友！,1961,719096,//i1.hdslb.com/bfs/archive/7aa7428cab04092677603d1d1b9070b0a6b35101.jpg,21107001,BV1BW411g7oZ,1521801030,2018/3/23,18:30:30,13:19,5585,7121,32666,7975,23776
暴虐预警！《复联3》官方中文预告第三弹，绿巨人装甲正式登场！,4292,871542,//i0.hdslb.com/bfs/archive/62d9441dce2955ba30e02f00f8f2cc8121f01e67.jpg,20853376,BV12W411p71U,1521215443,2018/3/16,23:50:43,02:18,3418,5988,3409,12101,5486
《复联3》剧情，灭霸争夺6枚无限宝石 第一章,1703,911448,//i0.hdslb.com/bfs/archive/6f8f34d8d310e28769209a82ecf1ccb0a49a5298.jpg,20739332,BV1cW411p7v6,1521196235,2018/3/16,18:30:35,14:43,6845,26588,52043,4831,16308
【Lorre说】比钢铁侠有钱！漫威最富有的英雄《黑豹》观影指南,2366,740029,//i2.hdslb.com/bfs/archive/0abc4859e9acd8d78d787a731ec163f13aac1698.jpg,20489936,BV1vW411W7Rf,1520505006,2018/3/8,18:30:6,12:21,3890,2271,11795,1739,13755
【Lorre说】中国的超级英雄是谁？蛟龙就是,3300,468721,//i0.hdslb.com/bfs/archive/c9949f35f2a82ec3091a8d430315dfe8a4173176.jpg,20436996,BV1SW411x7Ue,1520335800,2018/3/6,19:30:0,18:27,2364,1571,6871,331,8093
金刚狼血战丧尸《漫威食人魔》第三章,1601,843246,//i1.hdslb.com/bfs/archive/d08a71efd9a8878339fb1497639ccd37181e65a9.jpg,20384014,BV1CW411x7mk,1520222437,2018/3/5,12:0:37,09:11,3614,22529,37136,745,17719
金刚狼打爆漫威宇宙！食人魔传 第二章,1969,795498,//i0.hdslb.com/bfs/archive/93e38d4cb7f32bc0ea1fc8f678b580ae742ec231.jpg,19676581,BV1CW411j7Tj,1518788559,2018/2/16,21:42:39,09:22,4446,27219,45817,953,26814
【Lorre说】神奇女侠背后不为人知的故事,2187,582514,//i0.hdslb.com/bfs/archive/633436ab502fc18d9ce5bfc0d4162764f6fed6bd.jpg,19549918,BV1vW411E7hD,1518525997,2018/2/13,20:46:37,18:14,3261,1989,5684,342,7505
蜘蛛侠艳遇史，6位女朋友介绍,1759,953554,//i0.hdslb.com/bfs/archive/3dd5c5a31745031d47b329ebae9cd04f9b4e20a2.jpg,19370042,BV1YW411n7v8,1518180520,2018/2/9,20:48:40,11:58,5623,30182,37083,1792,36673
惊！死侍加入《复联3》吊打灭霸(划掉)《死侍2》官方预告第二弹！,1086,743184,//i1.hdslb.com/bfs/archive/6d2a08a5f2873d804786f7e60b7afe2a1c3b0ce7.jpg,19302936,BV13W411n7so,1518070546,2018/2/8,14:15:46,02:21,1058,1995,1250,2556,3464
金刚狼屠杀漫威宇宙！食人魔传 第一章,2417,1054400,//i0.hdslb.com/bfs/archive/b0506a715667f45561827b9ee064d4d56027b8dd.jpg,19054339,BV1vW411H72z,1517576138,2018/2/2,20:55:38,11:40,5620,31821,43029,2025,19435
教你制霸钢铁侠机甲：第二辑！,608,303034,//i1.hdslb.com/bfs/archive/678788de76186e7074a44e077679f70f7cbb758d.jpg,18377672,BV1NW411v78V,1516101875,2018/1/16,19:24:35,07:16,760,837,1894,277,2538
死侍的女朋友们，敢给灭霸戴绿帽子？,1604,788637,//i2.hdslb.com/bfs/archive/ab392a3e240f9d0d2a81ca9c1e5ad65db87fafe5.jpg,18231092,BV13W411q7cx,1515754125,2018/1/12,18:48:45,13:55,6355,24377,27327,3440,12601
【Lorre说】漫威破产？DC被收购？！,1341,403975,//i0.hdslb.com/bfs/archive/d69374077a7e70d671fe1eed9791bbd5c7f77937.jpg,17807388,BV1BW411b7ZJ,1514700301,2017/12/31,14:5:1,17:57,4168,2395,6489,402,4141
漫威最强英雄，超越者之死,4278,1649522,//i1.hdslb.com/bfs/archive/0582f75cc5eacf6d9e1d4386b4c8ff2846031f15.jpg,17713705,BV1FW411b7pz,1514468572,2017/12/28,21:42:52,25:25,9729,26732,34839,6137,17735
爱与希望《蜘蛛侠：生命之光》,1860,606227,//i0.hdslb.com/bfs/archive/9c75819d86ac69385099f705998db4577c65e296.jpg,17323572,BV1rW411b7Qy,1513421441,2017/12/16,18:50:41,04:05,6875,5270,18941,1357,8606
【Lorre说】《复仇者联盟3》钢铁侠会死吗？他只是二线角色？！,2103,611111,//i2.hdslb.com/bfs/archive/8a4381429c83a53bf0eed6b4e668b34925abe82a.jpg,17197075,BV1CW411h78m,1513074963,2017/12/12,18:36:3,21:01,8095,2508,8747,1390,3779
漫威最强英雄，超越者之《秘密战争》,3102,1427104,//i2.hdslb.com/bfs/archive/13b9296aac374148303748058f9b20e0ae027053.jpg,17073675,BV1jW411h7g1,1512749934,2017/12/9,0:18:54,21:35,10063,35100,48522,6697,16265
抢先看《复仇者联盟3：无限战争》漫威官方中文预告！,8258,1773034,//i2.hdslb.com/bfs/archive/92bdb55260700990489925a4401017c9d59a2bd6.jpg,16784607,BV14W411a71b,1511963280,2017/11/29,21:48:0,04:51,11005,17406,8292,36244,9875
【Lorre说】《正义联盟》7个片段大揭秘！小闪和超人谁快？,1822,614083,//i1.hdslb.com/bfs/archive/5cd448976fb055dc14741e250a2ab69bffe9b7c0.jpg,16753308,BV1yx41157Q6,1511871085,2017/11/28,20:11:25,16:35,5611,2180,6544,1359,3420
啊？钢铁侠和美队结婚了！平行宇宙的68名钢铁侠介绍,1780,1169002,//i0.hdslb.com/bfs/archive/43c6007f8a4ea4f29cbb459855dfec89c7c4c227.jpg,16628756,BV1Nx41157Nf,1511529903,2017/11/24,21:25:3,08:47,6583,26445,27636,4660,14094
灾！死侍打爆漫威宇宙（完结篇）,2049,1319707,//i2.hdslb.com/bfs/archive/d33b7f1b806af802b15ff52e1d50f54ecf01e56e.jpg,16455584,BV19x411L7qt,1511014466,2017/11/18,22:14:26,13:28,4504,28060,31086,1579,12001
【Lorre说】雷神手臂断了？眼睛瞎了？锤子碎了？ 《雷神3》18个细节解读,2240,1157095,//i0.hdslb.com/bfs/archive/4c0b6d6ea9a6f50c1029574fea353c8ca5ca4e16.jpg,16239033,BV17x41177yM,1510413300,2017/11/11,23:15:0,13:45,6210,3336,7198,1778,5120
【Lorre说】真的有丧尸蜘蛛侠？正联票房会超过雷神3吗？,2200,542282,//i1.hdslb.com/bfs/archive/a779f55aec8c5568a6a4c17496f785d52bfcc785.jpg,16094500,BV1yx411j7Gy,1510052420,2017/11/7,19:0:20,09:46,3825,1014,3948,308,2615
死亡？蜘蛛侠：仅剩之日,4327,1414132,//i2.hdslb.com/bfs/archive/a45b80463b2e0bd9cb8869f51ac602f927ec6825.jpg,15987538,BV1Cx411E7Na,1509717688,2017/11/3,22:1:28,28:48,24976,34878,83448,6581,24365
黑化！蜘蛛侠：重归黑暗,3828,1335259,//i1.hdslb.com/bfs/archive/8b1ba5dd81bb541c9fa8614c1b6970e4bb322010.jpg,15582776,BV1ex411M7BV,1508581825,2017/10/21,18:30:25,19:13,13584,51962,117000,7684,25540
恶灵骑士有多强？实力技能解析！,3756,1769755,//i1.hdslb.com/bfs/archive/e132d24e9a461505576358494b63653cef492030.jpg,15354816,BV1Nx411g7cV,1507892639,2017/10/13,19:3:59,12:36,7997,25298,23424,4633,14835
漫威最强英雄，哨兵之死,4261,1808322,//i1.hdslb.com/bfs/archive/3ea5b52a11a65a05e57c74d463dab42696e9f878.jpg,14903166,BV1ux411V7TX,1506690164,2017/9/29,21:2:44,19:22,9745,34714,31971,6417,11614
还有女恶灵骑士？漫威四代恶灵完全介绍！,1762,859771,//i2.hdslb.com/bfs/archive/bf40f25fff4526a35e0310c3e4e6fcc8d60c870f.jpg,14672399,BV1sx411x74s,1506006188,2017/9/21,23:3:8,11:42,3493,22630,14083,1512,5289
啊？蜘蛛侠变猪了？平行宇宙中的56名蜘蛛侠介绍,4037,1491746,//i2.hdslb.com/bfs/archive/8b610c5399fb0779eae31beecbf2239d1bd59c26.jpg,14313512,BV15x41147WB,1504955501,2017/9/9,19:11:41,10:12,12087,43756,33358,11332,13867
教你制霸钢铁侠的全体装甲！Lorre小店广告,757,278952,//i1.hdslb.com/bfs/archive/2ebb61c19d9c1ec8d368655db50cf407fa661837.jpg,14140377,BV1Ax411b7Xs,1504440887,2017/9/3,20:14:47,05:10,613,666,1228,225,475
《蜘蛛侠》终极观影指南+预告分析（100%无剧透）,1486,464632,//i0.hdslb.com/bfs/archive/f98604c07375cc9e704c0ec6c41b86f89100416c.jpg,14070226,BV1Qx411t72T,1504272789,2017/9/1,21:33:9,10:31,3762,6424,6119,3940,1148
漫威DC互相“抄袭”的50位超级英雄（中？）,1755,813439,//i1.hdslb.com/bfs/archive/89a3a2a42050546008db193be6cb7c63a4c0f7c4.jpg,13769143,BV1fx411b7ow,1503587313,2017/8/24,23:8:33,11:16,6283,13405,9141,975,4111
漫威DC互相“抄袭”的50位超级英雄（上）,2107,887760,//i2.hdslb.com/bfs/archive/853fc9fd1fa052ace817efdb0cb9e018f8d55d32.jpg,13547544,BV1mx411J7vL,1503116677,2017/8/19,12:24:37,11:44,9484,16110,7738,1788,5182
DC最快的闪电侠，在你看标题时就已跑到银河尽头,5254,1049106,//i2.hdslb.com/bfs/archive/174cf53b0a7e0684f92591ed3ae029c5c8b50a25.jpg,13207512,BV1yx411n7D2,1502375026,2017/8/10,22:23:46,13:27,15628,22178,30612,9145,12546
灾！死侍再次屠杀漫威宇宙！,3041,932005,//i1.hdslb.com/bfs/archive/b6e786342966e104bf883780829ebbd9752e02c4.jpg,12919008,BV1Zx411H7eu,1501769558,2017/8/3,22:12:38,14:07,5720,17377,12257,1518,3085
罗根已死，金刚狼永生《暮狼寻乡》终章,3638,1198269,//i0.hdslb.com/bfs/archive/235e86356e69b938eb92a432e399ec10ba53dfc7.jpg,12442494,BV1tx411i7Mc,1500683444,2017/7/22,8:30:44,16:33,13608,38853,108962,5517,24289
漫威10年史诗，美国队长的诞生《惊世奇人》第一章,1739,483086,//i1.hdslb.com/bfs/archive/ac3875196232a2c54ff158ffd3d21dada4a39076.jpg,12170148,BV1dx411q7ZT,1499953070,2017/7/13,21:37:50,13:30,3676,8399,5242,378,1223
漫威英雄书灯，照亮你的夜,1147,256908,//i0.hdslb.com/bfs/archive/f656c153888d8f0e4ede6604bb208f70a7a66041.jpg,11966585,BV1ex411z7Kv,1499402356,2017/7/7,12:39:16,02:30,863,1828,824,505,432
死侍变成女生了？她竟然还把...,2767,1145069,//i1.hdslb.com/bfs/archive/50776750ce4e9c242762f9ab667e7dd5d7aa1661.jpg,11948685,BV1Jx411z7VZ,1499350135,2017/7/6,22:8:55,07:06,5675,35414,16703,1061,6499
DC四代《闪电侠》科普【Lorre】,1039,621228,//i2.hdslb.com/bfs/archive/ea894bff725e9af83dc87d8af293c0f3d0890102.jpg,11761663,BV1wx411r7S1,1498826802,2017/6/30,20:46:42,10:08,2606,1582,2429,574,1887
漫威排名前10的作品《惊世奇人》,1219,488986,//i0.hdslb.com/bfs/archive/445b356f177a087cd79106a0529aeb0a369747bc.jpg,11536993,BV1Ax41167jK,1498138184,2017/6/22,21:29:44,07:31,2404,1550,4070,478,1124
DC最重要的闪电侠，他是...,1553,613252,//i2.hdslb.com/bfs/archive/4f6322be4f5e90c39fa1966348e9867573ef5651.jpg,11352163,BV1wx411h71Z,1497532699,2017/6/15,21:18:19,07:48,3253,1651,3253,665,2150
《神奇女侠》猛揍了漫威一拳,3932,438892,//i2.hdslb.com/bfs/archive/d0d1b74d1eacc30be9b1ca995a8e8e25070a5d98.jpg,11169200,BV1ix411a7So,1496924886,2017/6/8,20:28:6,27:17,3872,996,2579,597,670
《神奇女侠》60年漫画历史，观影前必备,1253,327097,//i1.hdslb.com/bfs/archive/5155431d3dd7407b2df8a90f2714cbb5c6926c7b.jpg,10997534,BV1sx411e7Ck,1496322625,2017/6/1,21:10:25,10:32,3113,1443,2901,1602,723
吃过这里的小龙虾，灵魂就得到了升华,952,264292,//i2.hdslb.com/bfs/archive/739bbb063fe37bae3cff49a484306dd0d803127c.jpg,10920816,BV1Vx411e7tc,1496062172,2017/5/29,20:49:32,03:00,984,325,819,106,455
钢铁侠睡过的女人，比我吃的盐都多,1484,940158,//i2.hdslb.com/bfs/archive/a6fd713053fc2e07d80b0dac99ece66a4ebb97a8.jpg,10819814,BV1rx411Y7uA,1495713359,2017/5/25,19:55:59,08:13,3883,3891,4044,1760,5358
超人举起雷神锤，扛起美队的盾牌，漫威大战DC！,1277,680858,//i1.hdslb.com/bfs/archive/c7621e7596be52c10ab7a80dbed0622694f8022f.jpg,10648347,BV1Jx411v7pZ,1495105551,2017/5/18,19:5:51,08:39,3004,2093,3571,778,1995
《银河护卫队2》8个知识点+深度彩蛋解析（无剧透）,791,460028,//i0.hdslb.com/bfs/archive/d23e6052e7181acab217c42940e5a5480920da27.jpg,10476695,BV1Qx411m7o5,1494502839,2017/5/11,19:40:39,09:46,2696,1453,2905,1008,828
啥？漫威DC的宇宙要融合了？,1132,612286,//i0.hdslb.com/bfs/archive/ac118eeb1ee439be2c2c0fe749ac5ade11235c16.jpg,10310321,BV1Ax411m7EC,1493897737,2017/5/4,19:35:37,09:59,2555,2331,3699,694,1727
DC排名第一的漫画《守望者》导读,2210,750183,//i1.hdslb.com/bfs/archive/3bc02088d936b8e7849d233ed442704414c4a858.jpg,10174694,BV1wx411S7SN,1493447681,2017/4/29,14:34:41,06:26,2883,11170,6909,2163,5130
5分钟看漫威神器「无限宝石」能力与起源,1490,754701,//i2.hdslb.com/bfs/archive/d7a3451245c0ca80e3d8bb267201606111a9e221.jpg,10021352,BV15x411U7cx,1492863436,2017/4/22,20:17:16,05:31,2204,7044,5933,2904,2193
漫威的无限手套被DC大反派戴上了？怎么办？,682,611585,//i1.hdslb.com/bfs/archive/7213ca26261611f1bfb27f316415608f25de6657.jpg,9962240,BV1Tx411U7hy,1492656039,2017/4/20,10:40:39,10:42,2326,2079,3139,543,1598
雷神锤怎么碎的？《雷神3》预告片完全解析,1066,560619,//i2.hdslb.com/bfs/archive/c835e4b38c6bfcf1869ea1b2298fb0d0c16fc7e9.jpg,9866163,BV17x411D7hF,1492268654,2017/4/15,23:4:14,07:35,2216,4838,4428,896,874
美国队长Vs蝙蝠侠，赢的人是...,930,548466,//i0.hdslb.com/bfs/archive/0be09fd1a0d1ec2c54f412d898e9265ddbc0b3ca.jpg,9800782,BV1ox411S78o,1492053059,2017/4/13,11:10:59,12:55,2984,5473,3306,759,1376
漫威DC对决，钢铁侠猛干超人！第一章,1060,609552,//i1.hdslb.com/bfs/archive/a9974b5b7d90e1934be996bdfdfa598686d9c2bc.jpg,9640239,BV1Sx411Q7j9,1491448221,2017/4/6,11:10:21,11:15,3077,6902,5347,1222,1807
漫威被收购了，钢铁侠加入DC？,865,484940,//i2.hdslb.com/bfs/archive/5961fd7378272e4da886426d2aa327e0079f0326.jpg,9394773,BV1Jx411k7fF,1490491823,2017/3/26,9:30:23,26:42,4035,1210,2084,380,508
钢铁侠险些丧命，地球最强登场《浩克世界大战》下,1743,842255,//i0.hdslb.com/bfs/archive/25dda7ceb1a5686064b94ec03a502bc4597f2fc1.jpg,9332353,BV1wx411k7F4,1490238619,2017/3/23,11:10:19,10:54,3447,3264,6399,1230,2720
蜘蛛侠死敌：毒液、屠杀、极痛你能分清吗？,2170,2432519,//i1.hdslb.com/bfs/archive/ac053b0bb5774d5cf3a7df91357ac06bba4797c0.jpg,9189656,BV14x411r72x,1489631443,2017/3/16,10:30:43,07:53,4297,23175,11926,15348,13489
罗根已死，金刚狼永生《暮狼寻乡》上,1001,713845,//i2.hdslb.com/bfs/archive/1333ff241038f9f747a4ee006babf0e431f34002.jpg,9066229,BV1nx411C7rm,1489116619,2017/3/10,11:30:19,13:20,1417,6463,9756,4074,7744
科普：蝙蝠侠的6套战甲,1247,965663,//i0.hdslb.com/bfs/archive/f27d3304681fb6352c6f28913cf6b3b1594b2aae.jpg,8914818,BV1yx411k7to,1488424201,2017/3/2,11:10:1,10:01,3569,7167,8013,1852,4275
5分钟看完《金刚狼》所有电影,878,654132,//i0.hdslb.com/bfs/archive/8cdaab032468afcad24e0f34172b26b5bf2e98bc.jpg,8778777,BV1ex411y7Gh,1487817102,2017/2/23,10:31:42,08:00,2085,3133,3632,1410,2234
惊！手撕钢铁侠《浩克世界大战》上篇,1300,756868,//i1.hdslb.com/bfs/archive/cf912cd6c1e5ee7738c5fcafe6e051e68a6ffa58.jpg,8643222,BV1ex411277o,1487211734,2017/2/16,10:22:14,09:51,3063,2660,6418,1715,2660
漫威DC互相抄袭的6名角色,2325,1012158,//i0.hdslb.com/bfs/archive/4758706cf49ea83b27fc0cc61ad7e00310d3bcef.jpg,8496615,BV1Zx41117SG,1486605492,2017/2/9,9:58:12,09:32,5580,7067,7106,1054,4980
漫威蜘蛛侠的20套战服，你知道几个？（下）,1370,975981,//i2.hdslb.com/bfs/archive/6c4bf83ab3612d72bb9f6238b95777c50e0a7cb0.jpg,8348135,BV18s41187a4,1486005097,2017/2/2,11:11:37,10:28,4034,6851,5255,1740,3143
漫威蜘蛛侠的20套战服，你知道几个？（上）,1061,1155930,//i0.hdslb.com/bfs/archive/e0f706cfc02364503bb3f0599261216d8167a1c8.jpg,8226979,BV1ws41187NK,1485399274,2017/1/26,10:54:34,09:33,5233,10515,10109,2179,5393
我养了条假的拉布拉多，没有「可能」,966,619094,//i1.hdslb.com/bfs/archive/e73c1c4e681169d204cedd1c2d5b23a2421a695e.jpg,8123924,BV1ws411a75A,1484923189,2017/1/20,22:39:49,40:53,2030,2187,2126,906,776
漫威最强婚礼，死侍结婚了！,2267,1372766,//i0.hdslb.com/bfs/archive/ba70e2e34bee036c232c81cb3ffc6ba7334fef6c.jpg,8091931,BV1Qs411h7K1,1484799479,2017/1/19,12:17:59,08:36,7788,13369,37304,3543,6899
漫威的死侍结婚了？和谁？（上篇）,1133,728195,//i2.hdslb.com/bfs/archive/5dc973f2ef0f85f01de6a65957212a594d9ce75f.jpg,7966772,BV1Ws411h7QU,1484190773,2017/1/12,11:12:53,08:46,4377,4452,5557,1517,2667
能打过万磁王？钢铁侠的10套经典战甲（下）,1168,1324910,//i1.hdslb.com/bfs/archive/55439104cfb083492f5bcedc1e8b55374993db9d.jpg,7859146,BV1ns411Y7zB,1483585749,2017/1/5,11:9:9,10:46,4498,7932,7795,2538,4227
【科普】钢铁侠的10个经典装甲（上篇）,735,1148796,//i2.hdslb.com/bfs/archive/3db5ee639a512fa5f4ed7b15b20b39300f95c7d9.jpg,7746083,BV1Zs411a7TC,1482983064,2016/12/29,11:44:24,07:57,2718,7417,6480,2918,3658
金刚狼之死（下篇）,1127,1107744,//i1.hdslb.com/bfs/archive/dedbc1d35e215e6f01d1dfb22a16b45416dcef79.jpg,7671121,BV1as411a7Zz,1482559156,2016/12/24,13:59:16,14:59,7323,8707,16597,3478,5125
美国队长的盾牌碎过几次？你肯定猜不到,1197,970081,//i1.hdslb.com/bfs/archive/5cfab2e502d1af44762ff3d531effda3dbcf4cb7.jpg,7533679,BV1ps411e74j,1481772709,2016/12/15,11:31:49,06:37,2728,3888,4838,1414,3283
钢铁侠变丧尸，漫威丧尸英雄传！ 最终章？,3165,1642823,//i2.hdslb.com/bfs/archive/625c796cb2b0d6c647a10dae8f9457780a823ced.jpg,7432286,BV1Ds411Y7r7,1481168671,2016/12/8,11:44:31,09:26,3262,5413,6404,1298,7038
金刚狼之死（上篇）,695,1032533,//i0.hdslb.com/bfs/archive/23de1a5edcf7131d2af12f89bf1908d5a2f195e5.jpg,7331023,BV1Ls411s7nS,1480568301,2016/12/1,12:58:21,06:56,1995,5786,5223,3230,4119
钢铁侠变丧尸？漫威丧尸英雄传！ 第9章【Lorre】,1626,1285051,//i2.hdslb.com/bfs/archive/1317226364c04f4e60a860175ed27bf2e1dc1ecc.jpg,7231826,BV11s411W7Yc,1479964847,2016/11/24,13:20:47,24:05,1995,3102,4160,1102,4152
蜘蛛侠的最后反击，漫威丧尸英雄传！ 第8章【Lorre】,720,1296900,//i2.hdslb.com/bfs/archive/1f51871c254b02d10e435fc2d0f52809163216b7.jpg,7132895,BV1Ls411W7z9,1479360980,2016/11/17,13:36:20,06:39,2726,3873,4516,1306,5329
人尸之恋？漫威丧尸英雄传！ 第7章【Lorre】,581,1147232,//i0.hdslb.com/bfs/archive/1f074b8cfe7d6691826d58b56ec5109a4db1ce3e.jpg,7039521,BV1ts411x7jz,1478773308,2016/11/10,18:21:48,07:33,2215,3399,6505,1161,5042
《奇异博士》10个干货知识，观影前必备【Lorre】,550,708703,//i0.hdslb.com/bfs/archive/4b0657a54a26401d893aeb4c0774a597686dc2f9.jpg,6943815,BV1fs411s7Wv,1478177690,2016/11/3,20:54:50,06:07,2062,3429,3764,1559,2079
钢铁侠变丧尸？漫威丧尸英雄传！ 第6章【Lorre】,900,1100617,//i0.hdslb.com/bfs/archive/d11373b640777e26787504a52ed1e11371edd6cb.jpg,6941862,BV1os411s7eT,1478169251,2016/11/3,18:34:11,08:28,2924,3292,5354,1244,4998
钢铁侠变丧尸？漫威丧尸英雄传！ 第五章【Lorre】,912,1304116,//i0.hdslb.com/bfs/archive/442ffd5e388ac66b2f0e768a7cd18b50e2ad1408.jpg,6846026,BV1bs411s7JJ,1477561692,2016/10/27,17:48:12,08:24,3336,4699,7513,1453,5432
钢铁侠变丧尸？漫威丧尸英雄传！ 第四章【Lorre】,673,1176721,//i1.hdslb.com/bfs/archive/0890d5f2bcacffecf7acfc4eaca2b5569105affe.jpg,6750675,BV1Qs41147Kn,1476954286,2016/10/20,17:4:46,08:20,2418,3468,6994,1381,5824
宇宙之神被打败？漫威丧尸英雄传！ 第三章【Lorre】,929,1399013,//i0.hdslb.com/bfs/archive/a4d6ad0c4c57e8144c71a5d0c0f4e30f65bd69a5.jpg,6658293,BV1Hs41147xF,1476347388,2016/10/13,16:29:48,12:24,3544,6031,6902,1848,5011
钢铁侠变丧尸？漫威丧尸英雄传！ 第二章【Lorre】,757,1340978,//i2.hdslb.com/bfs/archive/a7ea4f525576e34e98c61fd04559089a2b5f2f41.jpg,6565811,BV1Xs411x7HE,1475742081,2016/10/6,16:21:21,06:06,2584,4747,6639,1741,6784
钢铁侠变丧尸？漫威丧尸英雄传 第一章,1021,1489683,//i1.hdslb.com/bfs/archive/ebbc61535e21ab3e0c986d6895273693e1645371.jpg,6469732,BV1Ns411b7EW,1475224184,2016/9/30,16:29:44,09:37,4918,7763,8123,6553,9287
哈莉奎因袭击DC公司总部？与毒藤女的闺蜜之夜~第7-10章【Lorre】小丑女？,169,460437,//i0.hdslb.com/bfs/archive/4b32859a605e44e346c973e8b647f2ef060358b6.jpg,6384750,BV1ts411t7re,1474623519,2016/9/23,17:38:39,10:29,998,2390,2889,290,1771
威震天如何成为《变形金刚》最强反派？有声漫画第二章【Lorre】,486,256428,//i0.hdslb.com/bfs/archive/15dc9a6460659a5339069f9092cd7ab71a2203e2.jpg,6384201,BV1bs411t7M4,1474620627,2016/9/23,16:50:27,14:43,1325,1343,2654,250,1257
威震天如何成为《变形金刚》最强反派？有声漫画第一章【Lorre】,644,311692,//i2.hdslb.com/bfs/archive/078fe48f4a13fc596cd5ca8dd128cc9aa4960c15.jpg,6282477,BV1ps411r7bK,1473904102,2016/9/15,9:48:22,12:12,1792,1941,3062,572,1590
死侍什么鬼？老娘也能打破第四面！哈莉奎因 第0-2章【Lorre】【小丑女？】,474,658439,//i0.hdslb.com/bfs/archive/339e4c515e683b034713f84df8b495fdd7287104.jpg,6080887,BV1Hs41167Vm,1472530418,2016/8/30,12:13:38,09:10,1359,4010,5033,532,2395
《自杀小队》有声漫画，哈莉奎因的情爱故事？【Lorre】,409,446298,//i1.hdslb.com/bfs/archive/0c95a6c24076a3ae433b4a484c3de2eb2b725d28.jpg,5852275,BV1Qs411r7hn,1471350059,2016/8/16,20:20:59,19:50,1761,2869,4944,670,1939
小丑最经典漫画《致命玩笑》,1375,709185,//i2.hdslb.com/bfs/archive/647f477557c2a64bec6f954b7bfe14ec1b0403df.jpg,5626476,BV1Ws411C7QW,1470202743,2016/8/3,13:39:3,27:53,6216,9610,23433,5528,5769
哈莉奎因最经典起源漫画《疯狂的爱》【Lorre】,804,649728,//i1.hdslb.com/bfs/archive/070a7c2ca48b4459d452a30093d914079a14cd6a.jpg,5201532,BV1Ds411v7Vc,1467636047,2016/7/4,20:40:47,17:34,3969,8181,6729,2025,3206
《死侍Vs灭霸》谁才是漫威最强？【Lorre】,777,1145814,//i0.hdslb.com/bfs/archive/0451b8b04cc9d62a02cff292bef0c785f448969b.jpg,5101594,BV1ns411v7uW,1466928218,2016/6/26,16:3:38,18:51,2525,4494,4420,1999,6542
