﻿title,comment,play,pic,aid,bvid,created,date,time,length,video_review,favorite,coin,share,like
小山羊的腐烂之旅,413,266498,//i0.hdslb.com/bfs/archive/82ecec454fbfdbdbf9c97586b21cd12d37fdc764.jpg,286084404,BV1Qf4y1y7cN,1592045727,2020/6/13,18:55:27,05:02,995,3378,5774,111,36150
瑞克莫蒂细腻的彩蛋（本季完）,403,231594,//i1.hdslb.com/bfs/archive/0be64c2a0328dd001235b0e408eee0ee7d4c6a14.jpg,840923614,BV1J54y1Q7WJ,1591329656,2020/6/5,12:0:56,05:51,494,2124,2996,153,19534
接盘瑞大战王宙斯的彩蛋集锦,279,203329,//i0.hdslb.com/bfs/archive/1238affbde7cae9f674f414babe168b348c71c7b.jpg,840778714,BV1i54y1D7a6,1590811240,2020/5/30,12:0:40,04:11,518,1731,2282,85,18080
如果让你重新来过你会不会发现这些彩蛋,392,271379,//i1.hdslb.com/bfs/archive/8059021174926b2d9421a414b8b9f8f259639169.jpg,625857900,BV1Ut4y1C7Ka,1590145193,2020/5/22,18:59:53,05:10,493,2006,2271,172,20245
快意恩仇甚至有点过火的细节彩蛋与剧情。,570,337686,//i2.hdslb.com/bfs/archive/0079c564284b5a36fad0d5125bba805653d433c1.jpg,710731988,BV16Q4y1A7nJ,1589421033,2020/5/14,9:50:33,04:46,571,4239,10581,216,34043
最难懂的一集的那些剧情细节与彩蛋,685,458650,//i2.hdslb.com/bfs/archive/5586e73415e5ad1c2c7256d3d99b7da635549702.jpg,883027501,BV12K4y1b7sE,1588928644,2020/5/8,17:4:4,07:13,1731,4470,7559,608,32449
一个水果们起来造反的游戏,430,161361,//i1.hdslb.com/bfs/archive/aa7be3ae08dd415d225e105a7736554793cb5dd0.jpg,200611295,BV14z411q7dY,1588759208,2020/5/6,18:0:8,11:38,661,723,636,113,9538
这集全员搞颜色 合力贡献最污的彩蛋,705,450017,//i2.hdslb.com/bfs/archive/8ee92be8899f1609d3a517d73aff004ba73f105a.jpg,243037168,BV14e411p7MX,1588477010,2020/5/3,11:36:50,05:07,7339,3199,3089,225,31638
在火车与站台的间隙反复横跳,388,250644,//i1.hdslb.com/bfs/archive/6f01209096fb04f84a20e9581b80f7270a07da0b.jpg,837919780,BV1kg4y1z7t2,1588248017,2020/4/30,20:0:17,09:19,1358,1509,1898,193,18514
这是一个彩蛋多如牛毛的游戏,699,330872,//i0.hdslb.com/bfs/archive/c80958acb0af5cc07ffa3b53aacbf9606e9d6b79.jpg,285319313,BV13f4y1S7qz,1587614423,2020/4/23,12:0:23,04:59,733,2091,1428,192,19433
动森里那些天真质朴的彩蛋,723,523573,//i1.hdslb.com/bfs/archive/0b3a6ebfb5cf9bad8fdcae9faa6310fe76b2667d.jpg,285264397,BV1Cf4y1U7sd,1587183139,2020/4/18,12:12:19,06:03,1753,5627,10856,1009,40777
反应够慢才能发现的彩蛋，生化宇宙有内味了！,603,452819,//i0.hdslb.com/bfs/archive/c5fad58ef4e57f1a4307d1aca1e1cfb39bec063c.jpg,370227213,BV1sZ4y1x7oZ,1586577635,2020/4/11,12:0:35,06:42,1672,3997,5464,257,34407
彩蛋里大佬最多的一集 竟然还能和马云扯上关系？,711,551333,//i1.hdslb.com/bfs/archive/0db1d47a560437863e593ef0ee304d0e46b4f04e.jpg,795020946,BV1hC4y147iJ,1586056921,2020/4/5,11:22:1,07:28,1324,4804,7142,425,42156
GMOD里这些彩蛋吓得我裤衩横飞！,1016,610126,//i1.hdslb.com/bfs/archive/5bfede2c577016b254b2f7f80317a37ba0eb962a.jpg,99646117,BV1v7411X7UM,1585454444,2020/3/29,12:0:44,07:52,4538,5469,7049,394,43363
一款用jio才能发现彩蛋的游戏,905,451543,//i0.hdslb.com/bfs/archive/2e72eabd1b4730e132a6d128ad0b4e3cc3b0943c.jpg,99585754,BV1p7411y7pB,1585306836,2020/3/27,19:0:36,04:33,996,2752,3604,390,30915
模拟山羊那些好嗨好嗨的彩蛋,634,530866,//i2.hdslb.com/bfs/archive/f412cae37ea99a009db96cc111d5e2772eadb279.jpg,98072489,BV1zE411c7yn,1584761774,2020/3/21,11:36:14,05:35,1896,4058,5111,185,35117
百闻牌里那些贼有意思的彩蛋你知道几个？,611,280796,//i2.hdslb.com/bfs/archive/630af3b2b48e29a6f6c48f2917a0e7411abd44d3.jpg,96460349,BV13E411G7JG,1584258631,2020/3/15,15:50:31,05:08,941,1502,1377,269,16496
用粘钩能否在家中打造梦幻的海边吊床？,809,262868,//i1.hdslb.com/bfs/archive/0e71ff235a3cdb4ed54ef537ad02d94ba966a039.jpg,94144726,BV1FE411p7wu,1583553639,2020/3/7,12:0:39,04:39,2152,2148,4444,236,21968
谷歌地图意外拍到的大型翻车事件！,665,655601,//i2.hdslb.com/bfs/archive/2d5b3c0139d228664c5b64278a8df0191a8a03cf.jpg,92479574,BV1aE411H79c,1582948817,2020/2/29,12:0:17,03:53,1639,5331,8986,376,54725
彩蛋最多动画 瑞克和莫蒂四季2集彩蛋,707,516133,//i2.hdslb.com/bfs/archive/bff2266eb9f25de4411863cf7af62eea77ae7ea5.jpg,90742592,BV1y7411F7eN,1582344058,2020/2/22,12:0:58,07:43,1277,5780,12420,507,36425
原来上网课这么有意思，笑到流泪。,1308,742626,//i1.hdslb.com/bfs/archive/0ec5618fb5209bda5126f6d6ba4bd6d1e0830900.jpg,90279240,BV1y7411A7hX,1582167577,2020/2/20,10:59:37,06:22,3442,4150,5736,1487,37727
寄生虫这些你可能错过的彩蛋 细节 隐喻,868,487594,//i1.hdslb.com/bfs/archive/a690a53673f50832f6e175bdf78fbad6bf508396.jpg,88909974,BV1g7411g7ED,1581739248,2020/2/15,12:0:48,06:09,892,4333,9094,1008,34564
当了几年up主重做B站的入站测试题，能否顺利通过呢？,2009,281635,//i1.hdslb.com/bfs/archive/4b9787b503324af4fbe06f282313e6ecbda4832e.jpg,88640322,BV1b741137AX,1581574612,2020/2/13,14:16:52,05:33,4929,2136,3589,303,20482
这么乱来的游戏里的彩蛋竟都如此精良？,787,670226,//i2.hdslb.com/bfs/archive/f719f44827e16d2969a2f68c90161ecc35b92c98.jpg,87122560,BV1s7411h7De,1581134425,2020/2/8,12:0:25,06:29,2246,7127,12371,442,47995
我受到了侮辱，这个网站说我拖了人类的后腿！,682,429879,//i2.hdslb.com/bfs/archive/acc8a9a09920666ba72a4fbf0530bc022d36210f.jpg,87095228,BV1j7411h7K3,1580977054,2020/2/6,16:17:34,06:53,2501,3182,4287,316,25512
CSGO那些刮了才能看到的彩蛋,591,720827,//i0.hdslb.com/bfs/archive/31dfd826395e2cc8c2ae25d9870641473c79259a.jpg,85379656,BV1j7411r7ho,1580443255,2020/1/31,12:0:55,04:39,1560,5182,8267,796,40365
拜年祭2020那些你早知道的梗和彩蛋,1445,681061,//i0.hdslb.com/bfs/archive/ca7093e225b179b821b067554fc9d2d26a096cb1.jpg,85413510,BV1x7411r7oJ,1580201630,2020/1/28,16:53:50,05:12,2668,11752,12279,995,50650
为什么一个度假岛上会有海龙卷和幽灵船？？杀手海文岛的彩蛋,452,507937,//i1.hdslb.com/bfs/archive/e3c5261cdce71e19b651bb76c740f58a7553a03d.jpg,84468383,BV1d7411Y7oz,1579924812,2020/1/25,12:0:12,06:54,1713,4704,10653,228,35630
过年回家就是要玩这些东西才有气氛,301,371342,//i2.hdslb.com/bfs/archive/f092c45333ca2c2646d6fca2ec0ca2a9a604cf99.jpg,84094493,BV1a7411q78r,1579431630,2020/1/19,19:0:30,13:55,1095,1331,1557,201,15410
这怕不是史上彩蛋最多的动画片？,779,690727,//i1.hdslb.com/bfs/archive/ec52e9817eb0bd3e8a8c7d74d9606bc9a4a4b279.jpg,83573851,BV1fJ411J7NQ,1579320026,2020/1/18,12:0:26,06:40,1499,7001,13829,784,40955
这部电影的彩蛋全是童年回忆,454,389049,//i2.hdslb.com/bfs/archive/e9c5e36cf8481f1bf4849f9ccc37aea2bc4d9fbf.jpg,82933825,BV1RJ411H7xP,1578711953,2020/1/11,11:5:53,05:33,965,2870,4343,231,21400
月圆之夜通关多次都未曾注意的彩蛋,651,454321,//i2.hdslb.com/bfs/archive/9cef3ae861376fc8eae3f258908929301ac9de78.jpg,81433518,BV1aJ411h7tt,1578045612,2020/1/3,18:0:12,03:58,933,2674,2860,377,22624
这真不是外星生物？谷歌地图意外拍到的凶禽猛兽！,376,520241,//i0.hdslb.com/bfs/archive/63602e00bf53f898a768c2d87bd2065fc9588e15.jpg,81439046,BV1aJ411h7dB,1577851227,2020/1/1,12:0:27,04:41,1308,3558,4982,345,23633
真的瞎！史上最骚躲猫猫，怎么什么都能变？？？,286,386088,//i0.hdslb.com/bfs/archive/15af3cb5c5eb839870188cb8d28fc6c8a3f57d10.jpg,80929810,BV1uJ411e7ui,1577505631,2019/12/28,12:0:31,12:44,1144,1625,2269,237,14483
最骚杀手狙击模式你可能错过的彩蛋,378,534354,//i0.hdslb.com/bfs/archive/173659eb069ef8b493df2194043570f22fd5ebb9.jpg,79963529,BV16J411x7yF,1576900844,2019/12/21,12:0:44,06:37,1361,4078,7436,224,27668
死亡搁浅里健康长寿的彩蛋~~~,302,429947,//i2.hdslb.com/bfs/archive/8ae499de85034825507e64566a3deeaf75faf804.jpg,79154337,BV1DJ411C7Ar,1576296059,2019/12/14,12:0:59,06:27,695,2826,4740,157,24113
兼职up主成为全职猎人之路,199,91704,//i2.hdslb.com/bfs/archive/edd82af58f71dbf77bf3f430d23a72113e3a4045.jpg,78657230,BV1gJ411y7AW,1575893433,2019/12/9,20:10:33,05:58,230,305,403,94,4844
塞尔达织梦岛里那些你可能没注意到的彩蛋,274,313408,//i0.hdslb.com/bfs/archive/9ab04c28b90093e539544a7b33a044d66f42af50.jpg,78280076,BV1rJ411i7au,1575691224,2019/12/7,12:0:24,05:34,639,2060,2839,276,14240
死亡搁浅里那些雅俗共赏的彩蛋,353,594024,//i2.hdslb.com/bfs/archive/16797a2ace134eeabfc7bc457b3e04d6d30234ed.jpg,76652903,BV1WJ411d7yv,1574481621,2019/11/23,12:0:21,06:40,1261,4031,4579,461,24876
价值2200元的死亡搁浅长啥样？,943,652671,//i0.hdslb.com/bfs/archive/c814db4dad33948f641781880e6d3e41da1a093d.jpg,75871909,BV1kJ411U7Nj,1573895002,2019/11/16,17:3:22,05:54,2570,3193,4840,634,28555
9012年学艺术能赚多少钱？本艺术生现身说法！,916,297766,//i2.hdslb.com/bfs/archive/fca0650f99b432f75ad8f2092fdf010027485e26.jpg,75343515,BV1TE411e7Sb,1573531242,2019/11/12,12:0:42,10:35,1118,5131,11445,988,20821
生化7里的那些彩蛋，万圣节快乐,277,372955,//i1.hdslb.com/bfs/archive/baf7fd0b5f04a360f20cee4931cf1a270d10baaa.jpg,74063169,BV1VE41187Rb,1572598808,2019/11/1,17:0:8,05:26,538,2199,6043,135,17140
无主之地3超级短的彩蛋【墨鱼】,294,345385,//i1.hdslb.com/bfs/archive/c4e9e742b938550ae2a223bc0c5e8d41b3a09a33.jpg,73405773,BV1LE411a7sE,1572062420,2019/10/26,12:0:20,03:58,351,1444,2256,163,12903
无敌破坏王2互联网世界的那些彩蛋,307,392215,//i1.hdslb.com/bfs/archive/53b77725ada3ebf9f722bb15f402e16a389ee644.jpg,71654288,BV1RE411r7Jk,1571457606,2019/10/19,12:0:6,05:07,895,3245,4989,265,18323
漫展舞台下的up主们居然做这样的事？！,283,254372,//i2.hdslb.com/bfs/archive/a77e26e9731ea428254b1f1bdb09184fb13c69eb.jpg,70999498,BV1HE411Z7cA,1570939234,2019/10/13,12:0:34,04:49,947,1826,3245,125,14288
这5个据说很恐怖的网站真的恐怖吗？【墨鱼】,1437,612422,//i0.hdslb.com/bfs/archive/2ee2eaa88b8854f34e56cd511bb695e3c3131e00.jpg,69295592,BV1FE411R7GJ,1570161632,2019/10/4,12:0:32,06:58,6436,10830,21866,1111,46309
无主之地3很长很长的彩蛋【墨鱼】,508,533633,//i1.hdslb.com/bfs/archive/8f2a08cf72bf0132c8fa1994000f48170397ba07.jpg,69289038,BV1fE41197Y7,1569902416,2019/10/1,12:0:16,06:47,1524,3909,8331,572,24737
谷歌地图里的那些带艺术家,422,448335,//i2.hdslb.com/bfs/archive/c750409bc1cbe2ec9d2f8ccc67a4af82126d9824.jpg,68403640,BV1oJ41137yc,1569038427,2019/9/21,12:0:27,06:07,1446,3971,7028,382,22940
宅男的wifi升级计划,645,226093,//i0.hdslb.com/bfs/archive/9b6a04477f336e4a0686ec13e9e04ae5756c868a.jpg,68161215,BV1DJ411g7vG,1568805641,2019/9/18,19:20:41,06:33,2161,1627,1118,342,10223
无敌破坏王2那些应接不暇的彩蛋,449,485760,//i0.hdslb.com/bfs/archive/36c4c4b6b1cf3bd007f3e2c38b8e52a6b3190db7.jpg,67631164,BV17J411N7KU,1568433617,2019/9/14,12:0:17,04:50,1354,4434,9455,320,26701
绝命毒师里那些隐藏极深的彩蛋,636,513264,//i0.hdslb.com/bfs/archive/5f75792c51a2edf9fe280cc553e57b534465af24.jpg,66864988,BV1x4411k74W,1567828846,2019/9/7,12:0:46,05:09,814,4129,6590,478,21686
最累人的“捉迷藏”游戏,449,242197,//i1.hdslb.com/bfs/archive/778f5d92ac30403235e76beb81d209dde66ea976.jpg,66131902,BV19441127mc,1567231963,2019/8/31,14:12:43,08:31,895,702,719,105,8183
杯状男子的悲剧人生 茶杯头的彩蛋,653,614965,//i1.hdslb.com/bfs/archive/47ad5b274d1026001cc74e90d0d54e5d33f41fbf.jpg,65230271,BV1T4411k7cz,1566705615,2019/8/25,12:0:15,04:49,1702,6286,13127,404,33266
憨憨勇者的崩溃之旅,617,247638,//i0.hdslb.com/bfs/archive/8d24bd382abd7948e99513dfd28cfdebd2072ac0.jpg,65037793,BV1T4411r721,1566644439,2019/8/24,19:0:39,06:47,652,956,722,200,8352
疯狂动物城那些你可能错过的彩蛋,864,605262,//i0.hdslb.com/bfs/archive/cbd6d8ee4622769ead26b3c7dba3521fa153c037.jpg,63831035,BV1H4411U7rq,1566028856,2019/8/17,16:0:56,05:38,5231,6020,11139,509,34815
csgo里这些彩蛋不太光彩,986,1107319,//i2.hdslb.com/bfs/archive/656166a1857d1cbac73eda7cc9ed26891b65c88d.jpg,63109709,BV1C4411X7Rn,1565503222,2019/8/11,14:0:22,05:54,3358,8754,13601,1367,41788
最大的地图软件里意外拍到的稀奇事物,873,738223,//i1.hdslb.com/bfs/archive/3477c456bc6d701e6091d478f6238d09c2eb70c1.jpg,62025076,BV1zt411u7rU,1564819717,2019/8/3,16:8:37,04:24,2679,6027,7707,423,33106
杀手赦免又大又圆的彩蛋,555,559918,//i1.hdslb.com/bfs/archive/e87af82242f518328b8f51e02ff6bf72491a4b6f.jpg,60969479,BV1jt411P724,1564214456,2019/7/27,16:0:56,06:23,2198,5475,12178,253,29071
【裸本求死日常】不开枪只开车能走多远？,483,408714,//i1.hdslb.com/bfs/archive/b3e83d5ab61144f764a91fe2de55ca515176efd8.jpg,60618636,BV1Rt411L7A2,1564027235,2019/7/25,12:0:35,07:08,1492,1558,2563,124,14121
每天拿在手里的钱居然也有这么多彩蛋？,982,463032,//i0.hdslb.com/bfs/archive/f35ba5f6e02d4f849ba87e33e7a4921fc143b8cd.jpg,59758917,BV1bt41137dg,1563604229,2019/7/20,14:30:29,04:25,2317,3239,4382,411,18969
四个猛男的捉迷藏游戏,552,557114,//i1.hdslb.com/bfs/archive/0d70de75709321a8677ae372151fcded4c2de930.jpg,58948710,BV1Wt411L7wN,1563006649,2019/7/13,16:30:49,11:38,1957,2794,3408,558,17177
终于百万了 这期视频做点不一样的,1225,515317,//i0.hdslb.com/bfs/archive/e285fe033037473e5e5bfdf5bb238a1f8ed70707.jpg,57977791,BV1s4411c7WK,1562401852,2019/7/6,16:30:52,10:39,3466,4485,12131,193,29648
cf我有加特林我能一统三国吗？,681,308642,//i1.hdslb.com/bfs/archive/903f9f12b23efe385c18826dd03f292c87eedc11.jpg,57971614,BV1W4411c72L,1562338389,2019/7/5,22:53:9,07:28,732,676,1007,95,7884
B站的那些彩蛋，老用户看了都沉默了！！！,5634,1491835,//i1.hdslb.com/bfs/archive/86c5124a967dd5c6a45f22577377a15cd23f2b03.jpg,57160736,BV1Yx41197Hu,1561795212,2019/6/29,16:0:12,05:43,7566,46932,265771,3208,197273
看了那么久的海贼王你有注意到这些吗？,944,546469,//i1.hdslb.com/bfs/archive/9c154ffa94fce8f7a1e3768805d6010f06971d9e.jpg,56434354,BV1q4411u7NU,1561191309,2019/6/22,16:15:9,05:13,1782,7663,13876,1089,28340
光头杀手潜入少妇豪宅结果竟然……,608,699962,//i0.hdslb.com/bfs/archive/ad27c25e43d5b6be2fbe1de78aa86052c33b16f8.jpg,55561194,BV1f4411P7Hy,1560589201,2019/6/15,17:0:1,05:50,1998,6269,9312,394,26619
心机少年带你攻城拔寨,333,172258,//i1.hdslb.com/bfs/archive/c32816a6fe54057c63ed091c858a0ff89608543d.jpg,55283733,BV1x4411K7Un,1560255041,2019/6/11,20:10:41,05:33,386,10525,5866,5131,15648
毕业多年的up主再次挑战考高能否考上清华,904,365993,//i0.hdslb.com/bfs/archive/da12bea816bca048a7991a00adeda137bcc4b68c.jpg,54834089,BV1U4411K7dg,1559984446,2019/6/8,17:0:46,10:44,3228,2039,4025,280,14008
这人大老远跑到泰国就为了干这个？,1004,319659,//i1.hdslb.com/bfs/archive/18e8b36a97c0fb77ca943b0e911084edda25ff9e.jpg,54540988,BV1f4411T7xc,1559635576,2019/6/4,16:6:16,05:31,604,1514,2951,132,10873
2019高考加油！UP主联合应援2019年高考,7226,1793601,//i0.hdslb.com/bfs/archive/07b32de5e59d03aeb7940b6f82ddcf43db6d442a.jpg,54456607,BV1D4411n7up,1559563249,2019/6/3,20:0:49,06:03,12364,17384,28558,6239,88987
热血物语一个我卡关卡的最久的游戏,746,411162,//i2.hdslb.com/bfs/archive/550277367b124a647d2ffc06f8dfcfe6729f1c0d.jpg,53439848,BV1i4411L7Ae,1558774829,2019/5/25,17:0:29,04:39,1155,2420,5286,316,13847
海绵宝宝的这些彩蛋你看到没？,1112,1217950,//i1.hdslb.com/bfs/archive/394db4b4bd8546a9fef4c0b80e8ee652f70d2bc2.jpg,51843992,BV1b4411v7kx,1558170023,2019/5/18,17:0:23,04:46,2390,12675,23241,853,56514
杀手2这童真的彩蛋你曾见过？,627,728802,//i1.hdslb.com/bfs/archive/297ca0eefd9caf5f59e1609cf27c21d8feecc778.jpg,51837628,BV1L4411v7QT,1557565247,2019/5/11,17:0:47,05:41,1456,8212,24291,249,37091
外卖奶茶，店家竟送来一杯水？？？,1575,481427,//i2.hdslb.com/bfs/archive/a149ea9f831a1eec8f5b8a891512e2d62691a73d.jpg,51320367,BV1s441147SP,1556956846,2019/5/4,16:0:46,05:50,2628,3930,10641,569,22630
黑历史？你可知道蜡笔小新被删掉的真正第一集？,1141,617220,//i0.hdslb.com/bfs/archive/c88c4d4c44d9258ceca700c0de1b652d03c935a1.jpg,50698729,BV1i4411b7cG,1556701209,2019/5/1,17:0:9,05:36,1827,5631,10139,747,21873
【墨鱼】孤岛惊魂新曙光人尽皆知的彩蛋,590,414880,//i2.hdslb.com/bfs/archive/3f05191a47216826ea99312ceea32258ec3640b6.jpg,49844076,BV1Fb411V76x,1555750812,2019/4/20,17:0:12,06:02,1125,3242,10405,152,17858
【裸本日常】逗川墨鱼可猛可猛俩男的,749,466998,//i0.hdslb.com/bfs/archive/7a85123a4fbb141386f4225abb24077de5380ae1.jpg,48704190,BV1Qb411u75u,1555146044,2019/4/13,17:0:44,16:51,2511,3180,13545,262,19490
【墨鱼】过了个憋屈的3月才找到这些彩蛋,848,746349,//i1.hdslb.com/bfs/archive/a08fa313ba76d9a1c6d60d5595b2714544e44bbd.jpg,48450761,BV1Pb41137p5,1554541221,2019/4/6,17:0:21,05:46,1839,5399,14715,521,27856
【墨鱼】今年我玩过平均颜值最高的游戏,658,641547,//i1.hdslb.com/bfs/archive/9a45dd19ff888389f8e4c74d6690868ec3c57452.jpg,47047860,BV1Jb41177QT,1553332313,2019/3/23,17:11:53,05:25,1510,7168,17586,428,26741
【墨鱼】守望新图巴黎的这些彩蛋你都见过了吗,527,343772,//i0.hdslb.com/bfs/archive/9abd2e4592c19e78ab45c1affadd58fd0bbe3624.jpg,46338206,BV1db411H7mf,1552726818,2019/3/16,17:0:18,05:35,1399,2942,6516,183,13854
【裸本日常】回归初心决赛圈就总能有我一席之地,827,554041,//i2.hdslb.com/bfs/archive/87546dbd240c7540003475839832bc70fd31b5dd.jpg,45694487,BV1Cb411v7Um,1552122008,2019/3/9,17:0:8,09:09,2202,5258,27915,619,30890
【墨鱼】生化2压力太大根本不想找的彩蛋,853,714757,//i1.hdslb.com/bfs/archive/a6eab74726b687862be1885c9cc1d9510eb4a08b.jpg,45036472,BV1kb411b7Ki,1551517251,2019/3/2,17:0:51,05:37,2169,5806,20372,266,31317
拾荒少年竟和皮皮虾抢地方住,415,255961,//i2.hdslb.com/bfs/archive/99b0139497d3ae11ca0fe08a1623ccd96487f0d7.jpg,45032939,BV16b411b7sq,1551443073,2019/3/1,20:24:33,14:20,910,745,1184,89,6628
【墨鱼】没想到幽灵列车真的让我等到了！,944,523324,//i1.hdslb.com/bfs/archive/c9aff25e37627f720ee6a29b37f90a643506ecc2.jpg,44005406,BV1Cb41117ao,1550912439,2019/2/23,17:0:39,06:41,1897,4277,13064,362,20817
【墨鱼】宝可梦你不知道也可以的彩蛋,1105,578188,//i0.hdslb.com/bfs/archive/7910a965d596b12456c32bcf973cd215222b62db.jpg,43245264,BV1Xb411S7sU,1549962002,2019/2/12,17:0:2,06:08,2246,9054,22900,545,29934
【墨鱼】20年前人尽皆知格斗游戏的彩蛋,2682,943759,//i1.hdslb.com/bfs/archive/161e69064dce3ce3159943ad2c5ff55c121a0591.jpg,42237669,BV1wb411k7AY,1549616452,2019/2/8,17:0:52,04:44,2258,15989,86787,492,71106
【墨鱼】彩虹六号风城行动你不知道的彩蛋,882,468109,//i0.hdslb.com/bfs/archive/16d591c079678534aff4c6b6f2dd09c527047f25.jpg,42233515,BV1Fb411k7Dm,1549184401,2019/2/3,17:0:1,06:08,2009,8848,22571,744,27378
如何让学生用最轻松的方式考上清华？池,352,210831,//i2.hdslb.com/bfs/archive/3bd8858e628522d8b5325cd0c3f40f87f01bcecd.jpg,42195073,BV18b411y79K,1549072839,2019/2/2,10:0:39,11:50,877,640,1315,106,3106
【墨鱼】史上最骚杀手2彩蛋,834,605777,//i0.hdslb.com/bfs/archive/c5709f6f039e92668618b7b1e586b1946e04aa10.jpg,41578080,BV1tt411b7ye,1548579625,2019/1/27,17:0:25,07:05,2954,6055,16582,512,25930
【墨鱼】刺客信条奥德赛那些绿色健康的彩蛋,904,580188,//i1.hdslb.com/bfs/archive/0a49d9a0728f48cfe315d68bfcab44aaf0629d77.jpg,41057629,BV1gt411a7CE,1547888402,2019/1/19,17:0:2,06:36,2539,6196,16981,473,24064
【墨鱼】DOOM毁灭战士惊现良心初代彩蛋,720,461282,//i0.hdslb.com/bfs/archive/5b02d1dbf459cf9229622412aa50161d63f720f3.jpg,40635950,BV1Tt411H7iJ,1547366285,2019/1/13,15:58:5,06:35,1459,8373,26403,215,30970
音乐天才带你指尖蹦迪,567,189701,//i2.hdslb.com/bfs/archive/7f2b8baaed6a426ec9e234b14655df02861cb33e.jpg,40504765,BV1Mt411W7pw,1547287243,2019/1/12,18:0:43,10:27,733,683,1212,113,4926
【墨鱼】居然用了一年的时间做了这个视频 2018壹年记,1043,434023,//i1.hdslb.com/bfs/archive/413a4358d22826735c36a671908c9f2f0d5334d8.jpg,39909414,BV1Et411x7AU,1546678834,2019/1/5,17:0:34,05:22,2175,4438,13658,317,19994
【墨鱼】绝地求生雪地里的那几个彩蛋,764,612977,//i2.hdslb.com/bfs/archive/7fefa8ec5d79a73bf88f442e886954a0402a60b6.jpg,39155985,BV1Lt411r7Aj,1546074045,2018/12/29,17:0:45,05:24,1820,5555,15149,423,20683
【衤果亻本曰常】人群中钻出一支爱的穿云箭,806,475281,//i1.hdslb.com/bfs/archive/ef94c56ab4a972b3ae7022a1910305f40d3824e9.jpg,38138398,BV1At411i71f,1545469245,2018/12/22,17:0:45,14:51,3464,3680,17977,269,19479
【墨鱼】守望先锋这些彩蛋你发现了吗,815,717376,//i2.hdslb.com/bfs/archive/2678b44bd5e8030da18bbc408caef0ea17141413.jpg,38134476,BV1wt411i78H,1544864403,2018/12/15,17:0:3,06:25,5455,7713,19659,498,26823
【墨鱼】和风美男子带你称霸侍魂神木町,233,275376,//i1.hdslb.com/bfs/archive/c76cd6efb91ffa3dd31ba10c0ac1b8d4124539a5.jpg,38126105,BV1Ft411i7TP,1544788837,2018/12/14,20:0:37,11:56,454,322,735,57,3226
【墨鱼】大镖客2那些一点都不恐怖的彩蛋,504,585875,//i0.hdslb.com/bfs/archive/f32f12ab3ea15287653209354c244d19125e6ddd.jpg,37604112,BV1st411S7De,1544259605,2018/12/8,17:0:5,05:13,1370,8459,24855,338,26062
【墨鱼】英雄联盟黑历史里的彩蛋,895,667154,//i0.hdslb.com/bfs/archive/76735093543b2dcf6deaaf71dcb02c65ca372aa6.jpg,37092931,BV1ut411X7od,1543654846,2018/12/1,17:0:46,04:52,1639,7199,18820,428,23310
出个门就能发家致富or血本无归,358,162895,//i2.hdslb.com/bfs/archive/b3f6dfcfcd9de61aa0064c9a5a0c3ef388c8c56f.jpg,36944697,BV1jt411R7Tn,1543485642,2018/11/29,18:0:42,13:37,641,422,956,96,3513
【墨鱼】从小就开始玩的游戏这些彩蛋你知道吗？,730,500391,//i2.hdslb.com/bfs/archive/a07744100d3bc9e37638d20166112f67b6eef2bc.jpg,36569465,BV1Et411y739,1543050045,2018/11/24,17:0:45,04:30,1579,9536,28930,318,26862
【墨鱼】塞尔达荒野之息你可能不知道的彩蛋,923,531917,//i1.hdslb.com/bfs/archive/b0ce60072175549e8765bcbbd9c9ddc0004f7f9a.jpg,36101315,BV1Nt411m7Kr,1542445207,2018/11/17,17:0:7,05:42,1576,8231,21142,804,21099
果鸟特工我刚顿悟了一种从天而降的枪法,555,387735,//i0.hdslb.com/bfs/archive/579b32359f209167fe9e9cb8ab509ead88cd8230.jpg,35835161,BV1Wt411U7oM,1542023249,2018/11/12,19:47:29,12:46,2552,1185,3151,248,6673
【墨鱼】你可知荒野大镖客竟是恐怖游戏,831,687108,//i2.hdslb.com/bfs/archive/f90b669a8b7710837f5e81bc1ab2ddbb5dcabdc6.jpg,35609920,BV1rb411c7Ve,1541840404,2018/11/10,17:0:4,06:39,2296,6610,20058,794,22322
【墨鱼】史上！！出的最晚的塞尔达荒野之息彩蛋#1,846,560432,//i1.hdslb.com/bfs/archive/6db40ded007c74523fb60827c92890dbe5c8b376.jpg,35159540,BV1Pb411w7KX,1541235605,2018/11/3,17:0:5,07:03,2406,8234,18761,936,21462
【墨鱼】英雄联盟里你可能根本就没兴趣知道的彩蛋,1299,656674,//i0.hdslb.com/bfs/archive/b28f5a061fb1c5c525ee14688d9a716be6ca3ec6.jpg,34672083,BV1Kb411N7zG,1540630845,2018/10/27,17:0:45,05:09,3011,5039,13729,1663,18584
【墨鱼】守望先锋你应该早就知道的彩蛋#1,1001,491857,//i1.hdslb.com/bfs/archive/0857d5692cb8cadb05433ed9c7133ac2a2064098.jpg,33618831,BV1Yt411f7th,1539421202,2018/10/13,17:0:2,06:13,2523,4979,12042,506,14278
【墨鱼】求生之路2找到也不会有奖励的彩蛋,1004,564740,//i0.hdslb.com/bfs/archive/87fc8a269957f6cad670da16474e77e626904f66.jpg,33027925,BV1pW411U7e9,1538816430,2018/10/6,17:0:30,05:13,2077,3149,17479,374,13857
【墨鱼】蜘蛛侠并不是所有的彩蛋都让人快乐#2,714,804497,//i1.hdslb.com/bfs/archive/9d16c7253719791fc27a3145219d07e7bf99f75b.jpg,32617135,BV1MW411S7Bw,1538384406,2018/10/1,17:0:6,07:05,2264,3589,11423,406,15850
中秋这个月圆之夜森林里会发生什么？？,606,170932,//i1.hdslb.com/bfs/archive/8d940e60435325b2dc88dbd4e86909305b9bcd87.jpg,32299550,BV1LW411z72W,1537761628,2018/9/24,12:0:28,14:27,839,282,768,114,3203
【墨鱼】漫威蜘蛛侠的彩蛋宇宙#1,652,558914,//i0.hdslb.com/bfs/archive/4e5678f3f29804736450173058cac48ceb114418.jpg,32140712,BV1TW411r7yu,1537606807,2018/9/22,17:0:7,08:44,2440,2744,13869,445,11760
【墨鱼】求生之路这么多年了这些彩蛋你发现了没,1204,648304,//i2.hdslb.com/bfs/archive/2a741208bf4debe09a435cf88b9014d9038643a8.jpg,31752726,BV1cW411k79u,1537002049,2018/9/15,17:0:49,06:03,2360,3194,11672,764,13365
【果体战队日常】只有站在高处的人才能算雷神,663,621942,//i1.hdslb.com/bfs/archive/bd1f62758ff6dab60dd339710914de43e230c09a.jpg,31315927,BV1CW411d7r9,1536397230,2018/9/8,17:0:30,13:57,2790,2930,20377,517,13750
【墨鱼】22年前的街机游戏竟有如此精湛的细节与彩蛋,1024,555252,//i2.hdslb.com/bfs/archive/015badb07419e41b923d8614c4d2cb82e02a4d10.jpg,30840112,BV1SW411f7U2,1535792451,2018/9/1,17:0:51,08:29,3592,6497,110001,587,38292
【墨鱼】底特律变人通关了所有分支你也不一定发现的彩蛋,1425,664415,//i2.hdslb.com/bfs/archive/adf79b259a8e03c88dffc0b7b7966a31dbd1e481.jpg,30223941,BV1jW411D7rd,1535187604,2018/8/25,17:0:4,09:32,4412,5158,16810,500,17900
果体战队日常：PBUG的地板下到底有什么？,949,375980,//i0.hdslb.com/bfs/archive/e11166dc00fcfa3bfb36415413f26d4708013d6b.jpg,29636860,BV1zW411X7WD,1534582826,2018/8/18,17:0:26,14:24,3701,1220,3167,325,7199
纯爷们儿墨鱼带你勇闯机械迷宫,477,163214,//i1.hdslb.com/bfs/archive/9ecc72874f14f55df813f6c61fe25190b1182adc.jpg,29483764,BV1sW411R7VB,1534478448,2018/8/17,12:0:48,11:30,1266,316,1225,90,3514
【墨鱼】GTA夜生活之曲你早就该知道的彩蛋,883,507981,//i2.hdslb.com/bfs/archive/bdee449d2c094724abfdcae2463bcd0e3a8a392b.jpg,29048385,BV1xs411u7R1,1533978004,2018/8/11,17:0:4,05:22,2373,2560,9912,336,11279
【墨鱼】GTA4里你知不道的那些彩蛋,1372,625757,//i0.hdslb.com/bfs/archive/9c8d1ca7107a2d2a52a03d85d9d06ac28fe9efe1.jpg,28458345,BV1ms41137Vj,1533459640,2018/8/5,17:0:40,06:43,3731,3260,15714,626,13559
一个需要精打细算才能取胜的游戏,592,217021,//i1.hdslb.com/bfs/archive/a45a96a850d3faca191af70877f80fb0d592b90c.jpg,28533052,BV1ws411G7af,1533391284,2018/8/4,22:1:24,13:58,1020,356,1044,70,4017
【墨鱼】堡垒之夜第五赛季更新后的那些彩蛋和趣味玩法,846,360346,//i2.hdslb.com/bfs/archive/1648414752906e52a01dfbc456ed04e93465722c.jpg,27881165,BV17s411A7Tq,1532768437,2018/7/28,17:0:37,07:41,1755,2834,26699,1386,12757
【墨鱼】CSGO里那些实实在在的彩蛋,883,639438,//i0.hdslb.com/bfs/archive/f4ef9a8daeb020a4177ad777a2e2bf38c7cd145f.jpg,27275017,BV1Cs411N78j,1532163621,2018/7/21,17:0:21,05:03,2319,3956,32804,571,17325
在帕金森模拟器里玩篮球,709,537374,//i0.hdslb.com/bfs/archive/a3ed6f86c1e9154f95c3b1ebebd1ce2b22fdaf0e.jpg,26791526,BV1Gs411J7Kf,1531558843,2018/7/14,17:0:43,11:03,1677,1726,2812,381,6751
【裸体战队日常】无意杀敌专心赛艇,637,378589,//i1.hdslb.com/bfs/archive/67fa64963fffd27f3d636315a0c600b31d49bf22.jpg,26226717,BV1Xs411H7hK,1530867634,2018/7/6,17:0:34,09:20,1659,1140,3199,516,5381
多险恶的城市也没这个岛的套路深,635,293893,//i0.hdslb.com/bfs/archive/09e2c0e5b95a1f522e84f8d72bcd5fb6ea7178bf.jpg,25795771,BV1Ls41157mr,1530270034,2018/6/29,19:0:34,15:39,1614,614,1731,119,3932
【墨鱼】堡垒之夜里有关足球的彩蛋,483,223913,//i0.hdslb.com/bfs/archive/4b71db37fb7f043d1e56a8d616f7a82811b9658e.jpg,25642044,BV1cs411j78D,1530262811,2018/6/29,17:0:11,06:42,1381,883,3833,155,4496
【墨鱼】csgo里被挂墙上的彩蛋,855,449401,//i1.hdslb.com/bfs/archive/a88d1fcc5092329dde258deb434140bfd0e78dd2.jpg,25371766,BV1bs41177C7,1529744419,2018/6/23,17:0:19,05:22,1712,1888,6155,472,7015
【墨鱼】绝地求生热带雨林新地图彩蛋,773,637863,//i0.hdslb.com/bfs/archive/18d0cb920a436f7b0d18834de12f8abd2dc15347.jpg,25007055,BV1PW411c7SG,1529138925,2018/6/16,16:48:45,04:36,2013,2166,5648,772,8524
100多根香肠的爱恨情仇,418,261218,//i2.hdslb.com/bfs/archive/82465a58ce7affda646ba93a41ad49281b2e1076.jpg,24457681,BV1BW411A7Gd,1529060433,2018/6/15,19:0:33,08:56,1365,453,1080,182,3210
【墨鱼】彩虹六号,752,359446,//i1.hdslb.com/bfs/archive/11b060f26dd9b57db15eb173e88234b515bb7771.jpg,24500442,BV1zW411A7Z7,1528534846,2018/6/9,17:0:46,05:45,1542,1946,6478,1022,6524
【裸体战队日常】树上长出了奇怪的东西,663,486519,//i0.hdslb.com/bfs/archive/a5f86c962ab289ac93e1115474649a4246c4a3d5.jpg,24267266,BV1uW411N7qR,1527930012,2018/6/2,17:0:12,08:38,1958,1448,5165,387,5997
【墨鱼】世上最早被公开处刑的电影,768,338232,//i2.hdslb.com/bfs/archive/b2354986ccdb777d46a04713b906fd7c21df5372.jpg,23835941,BV11p411o7Ar,1527325226,2018/5/26,17:0:26,07:17,1707,1052,3970,354,4756
【墨鱼】彩虹六号拆了那么多遍这些彩蛋你注意到了吗,973,486873,//i1.hdslb.com/bfs/archive/fa7127a3a8b35928d9c9d5870eb239ac52da6ff5.jpg,23644611,BV1vp411d7kd,1526806827,2018/5/20,17:0:27,05:19,1905,2509,7451,1061,7884
【墨鱼】幽灵行动荒野里一些彩蛋,790,417758,//i1.hdslb.com/bfs/archive/98bf607e21b7fdb6c1d8acfeaf9d60fdafabcde2.jpg,22969582,BV1dW41137sN,1526115608,2018/5/12,17:0:8,07:26,1638,2316,9461,504,7948
【墨鱼】亲身演示如何与小学生成为朋友,1181,352747,//i1.hdslb.com/bfs/archive/7c6f838b4222ef221ef76941ce4e5ea2ea64e049.jpg,22965689,BV1RW41137jz,1525510823,2018/5/5,17:0:23,10:00,3405,1794,5978,764,5679
【墨鱼】孤岛惊魂5彩蛋 假人派对,548,346664,//i0.hdslb.com/bfs/archive/4cd8ecf4b4338b362845cd5aeb1eb92cdf6d07ee.jpg,22728830,BV1sW411V7vx,1524991557,2018/4/29,16:45:57,06:07,1370,1422,6329,275,5697
在整个服务器找不到对手是什么体验,237,202281,//i2.hdslb.com/bfs/archive/663739d07da57a448d5a3f33e0a2e88cdbfa746b.jpg,22632738,BV19W411G7QN,1524823202,2018/4/27,18:0:2,10:52,456,193,877,47,707
【果本】从没想到我们在别人眼里竟然这么酷炫,788,675922,//i0.hdslb.com/bfs/archive/9178ab9005d305c336ed7aa5368893cecd5e4a20.jpg,22330128,BV1GW41157bi,1524301244,2018/4/21,17:0:44,12:14,3722,2729,8169,1073,7245
【墨鱼】孤岛惊魂5半恐怖半不恐怖的彩蛋小剧场,806,474119,//i0.hdslb.com/bfs/archive/ebb6cbdd647a35cb2c1067d1d178c46e89a36aea.jpg,21994358,BV1KW411T7d7,1523696403,2018/4/14,17:0:3,08:32,2532,1788,4536,460,5544
当moba遇上卡牌，游戏界的套路百科大全就此而来,388,121601,//i0.hdslb.com/bfs/archive/e278ce2bb36b374e636a0c7466a81c4c5dfd6d3e.jpg,22000592,BV1uW411T7dA,1523537238,2018/4/12,20:47:18,16:18,599,263,683,107,1850
【墨鱼】头号玩家的这些梗和彩蛋你看出来了没,1517,599984,//i0.hdslb.com/bfs/archive/31dbc4f5ff6d3aac4f2a84616da0a8b95d2d7376.jpg,21616788,BV1rW411T71U,1522832448,2018/4/4,17:0:48,10:49,3355,6986,18437,6250,11968
【墨鱼】阿甘正传里一些你也许不了解的细节,1014,353510,//i0.hdslb.com/bfs/archive/c41220b3b99cf4d5bcc79c8752a19f38601f625b.jpg,21365766,BV1jW411u7xt,1522486833,2018/3/31,17:0:33,07:03,1556,2219,6049,467,5797
【墨鱼】堡垒之夜更新出来的一些彩蛋,654,338559,//i2.hdslb.com/bfs/archive/a4363695996eaa8ac20f1570bc7757f0b86c8d8b.jpg,21073111,BV1xW411g7oE,1521882040,2018/3/24,17:0:40,07:15,991,2040,13087,328,7951
豪宅后院雕塑的奇幻之旅,572,291616,//i1.hdslb.com/bfs/archive/b64c89b91c457d657018f2beaa512b8783a71ff2.jpg,20832166,BV1tW411p79u,1521277231,2018/3/17,17:0:31,08:22,2748,1410,8025,627,4706
【墨鱼】堡垒之夜大逃杀模式你不知道的几个彩蛋 #1,650,327923,//i1.hdslb.com/bfs/archive/7b07777c766b8667d3c598f7a8090d83f86071dd.jpg,20563983,BV1mW411W7kg,1520672454,2018/3/10,17:0:54,05:58,1312,1422,6717,282,4882
【墨鱼】传说之下我觉得算是彩蛋的彩蛋,909,431509,//i0.hdslb.com/bfs/archive/533b1461057d1ebf5949237c8930d7be8bce4121.jpg,20232954,BV1oW411s72A,1520067632,2018/3/3,17:0:32,06:14,1752,2920,7796,349,7305
孤寡青少年的挤奶人生,615,226491,//i2.hdslb.com/bfs/archive/b5bd8c80436dd6298194aa77b7aa646fe032df5b.jpg,20222808,BV1dW411s7AV,1519988449,2018/3/2,19:0:49,09:38,1990,724,1860,453,2921
【墨鱼】GTA4年假没修够懒得想标题之彩蛋,964,488899,//i0.hdslb.com/bfs/archive/21caaa491f613629b2db4be5c4dfddc63697d01d.jpg,20082509,BV1rW41147Bn,1519635626,2018/2/26,17:0:26,05:42,1552,1681,4746,182,5528
真正的老爷们敢于用各种视角挑战吃鸡,608,249594,//i0.hdslb.com/bfs/archive/45945683287609854c7844448aa29467011936b6.jpg,19459550,BV1TW411E7z2,1519012803,2018/2/19,12:0:3,07:44,770,407,1456,177,2407
【墨鱼】传说之下你没注意到的彩蛋,1194,541266,//i0.hdslb.com/bfs/archive/dd0814d4ceae5c9057f2b7a28a948b73f716df3c.jpg,19457796,BV1MW411E7b6,1518426018,2018/2/12,17:0:18,06:44,2517,4748,18751,720,9839
【墨鱼】GTA4里那些我根本看不懂的彩蛋,732,501403,//i0.hdslb.com/bfs/archive/fecc304f8b280fee09875cec2dcd19b63681faff.jpg,19133004,BV1QW411H7Ga,1517821222,2018/2/5,17:0:22,05:09,1873,2581,10560,309,7328
江湖就在这我捏给你看,656,129637,//i2.hdslb.com/bfs/archive/a7818778c964d911e615d212fb530f59328a928d.jpg,19062015,BV1tW411H73v,1517630447,2018/2/3,12:0:47,15:22,2058,246,722,432,1497
裸体战队日常 我可能上辈子是只飞鱼吧,653,547765,//i0.hdslb.com/bfs/archive/7add8700b3fa176fc2e341e699f0449ed9553350.jpg,18714791,BV1EW411e7QM,1517043602,2018/1/27,17:0:2,06:34,2232,2561,6195,706,5475
【墨鱼】惊了GTA4里竟然有这种网站,813,537328,//i2.hdslb.com/bfs/archive/2e88eed436214c43bf2954df1151a8ba5a4254d6.jpg,18496146,BV1QW411v7bk,1516438810,2018/1/20,17:0:10,05:26,1896,4288,16834,312,9395
【墨鱼】绝地求生沙漠里的彩蛋,735,629809,//i1.hdslb.com/bfs/archive/318457d76b6d4ebc5088ca1e697949847ec12e1c.jpg,18262043,BV1nW411q7SF,1515833602,2018/1/13,16:53:22,05:23,1945,3445,11941,948,7971
用阴阳师去拆塔,538,113209,//i0.hdslb.com/bfs/archive/9364db8f57298330d1b98f6e49a98578d1b0ac36.jpg,18166633,BV1XW411i7zw,1515751254,2018/1/12,18:0:54,12:41,1169,165,559,90,1152
【年终总结】2017都干了些什么,1207,169280,//i2.hdslb.com/bfs/archive/bb4a031a8b5940959c60bc487bf45715e3f9cec7.jpg,17987627,BV1tW411B7HC,1515229214,2018/1/6,17:0:14,03:36,1460,1546,8212,293,3682
【墨鱼】GTA4最著名的几个你早知道的彩蛋,1007,448395,//i2.hdslb.com/bfs/archive/6da8649e1d29601f849a00cb0190f2457ecd7c3f.jpg,17859821,BV1fW411q7i9,1514801598,2018/1/1,18:13:18,05:32,1892,2930,8949,423,6603
【墨鱼】杀手6你可曾见过如此恐怖的哥斯拉,645,414394,//i1.hdslb.com/bfs/archive/7414041b3d07f7d5b44a90c2231d9eb4fe07c2af.jpg,17425145,BV1VW41187Yp,1514019656,2017/12/23,17:0:56,07:39,2771,2978,18925,287,6944
【墨鱼】杀手6里这么大个的蟑螂！没见过吧！！,813,416002,//i1.hdslb.com/bfs/archive/85f43e8dcef42390e7beabf550c8fb953b5c2976.jpg,17121391,BV1HW411h73v,1512896403,2017/12/10,17:0:3,06:35,1408,1646,5559,213,5206
RULES OF SURVIVAL一个傻子一个哑巴的智障之旅,441,151336,//i0.hdslb.com/bfs/archive/084385651a937087ea782bf299e6563626ce4d78.jpg,16988997,BV1hW411Y7VP,1512554448,2017/12/6,18:0:48,06:27,905,352,1282,222,1411
【墨鱼】杀手马拉喀那些好东西,646,421442,//i1.hdslb.com/bfs/archive/7c11eef553637291e2b283324c328e8e143536f4.jpg,16831725,BV1YW411a7LM,1512205259,2017/12/2,17:0:59,06:59,1782,3518,23189,229,10251
果体战队的日常2走上一生只为打死你,439,370844,//i1.hdslb.com/bfs/archive/8d8a3fae184e316f774bec0a0b5207521147ff53.jpg,16628766,BV1Nx41157NU,1511600452,2017/11/25,17:0:52,05:53,1359,1222,3906,400,2570
【墨鱼】CS1.6那些你不知道它是彩蛋的彩蛋,1049,707757,//i0.hdslb.com/bfs/archive/c4f1e7b7515e8fbc887a5034e6dc84d1a2e32cda.jpg,16419169,BV1kx411L7Vb,1510995625,2017/11/18,17:0:25,05:29,3017,5623,50409,542,12484
【墨鱼】杀手6彩蛋巴黎篇,485,487997,//i0.hdslb.com/bfs/archive/f9abb0c9ed93f32927259c00377816ce88e218d1.jpg,16188915,BV1Vx41177uE,1510390807,2017/11/11,17:0:7,05:13,1365,1750,7246,150,5571
曙光破晓 我今天就要感受壕的人生,355,73787,//i2.hdslb.com/bfs/archive/a7e4379c66626e4e8f4bd5344d3c69c9aab66f85.jpg,15896070,BV1px411E7Q7,1509616854,2017/11/2,18:0:54,11:52,505,197,509,61,705
【墨鱼】杀手6这些彩蛋做的真用心啊,679,444187,//i1.hdslb.com/bfs/archive/388a759956105b26ea52887f8336c9ae4d57bf4e.jpg,15758270,BV1ax411779u,1509181220,2017/10/28,17:0:20,07:09,2089,2242,15048,368,4930
丧尸来袭用什么才能起到噶韭菜的效果呢,409,183135,//i2.hdslb.com/bfs/archive/856c77fa99cda17d4164a24b9811739c918d86cd.jpg,15526480,BV1jx411M7LH,1508817616,2017/10/24,12:0:16,15:15,984,300,866,60,949
创世战车造超人,322,142264,//i1.hdslb.com/bfs/archive/a52166f3f588b702b09234acc1c93c56cd72b22a.jpg,15551957,BV1Wx411M7MQ,1508490024,2017/10/20,17:0:24,16:25,1617,330,1127,165,964
【墨鱼】上古卷轴5里的那些致敬电影的彩蛋,927,319334,//i2.hdslb.com/bfs/archive/67977573c91a71cb160aa56ac84166b039f0de9b.jpg,15262804,BV1qx411u7Jf,1507971651,2017/10/14,17:0:51,06:30,1928,2400,8732,176,3335
纯正的老爷们儿敢于用各种设备玩fps,641,204957,//i1.hdslb.com/bfs/archive/8dc3c0de662ed9d0d6301b1b19feefa2d9ed8001.jpg,14933052,BV1jx411V7SU,1507003247,2017/10/3,12:0:47,09:17,1443,284,1164,82,958
果本战队的日常,621,425547,//i2.hdslb.com/bfs/archive/0bda1253421a7825ec86ad84bc1f765001b331b2.jpg,14958386,BV19x411g7LJ,1506847109,2017/10/1,16:38:29,14:25,4359,1147,3927,502,2270
【墨鱼】绝地求生地图里的彩蛋,692,650166,//i0.hdslb.com/bfs/archive/a902317c537b63aff6aa3ec193c3ea28d527dd7b.jpg,14787848,BV1Cx411G7Bx,1506328247,2017/9/25,16:30:47,04:34,1886,2833,5114,2174,4665
【墨鱼】上古卷轴恐怖剧场,827,301480,//i0.hdslb.com/bfs/archive/0b621b6790aed2c6cab4f066583b611c4c4cda13.jpg,14572136,BV1Xx411s7Wc,1505725256,2017/9/18,17:0:56,04:35,1088,966,4354,188,2153
【墨鱼】绝地求生那为数不多的彩蛋,912,659160,//i0.hdslb.com/bfs/archive/f2d08235ce863cbdfb9e4c324b17ef3c6acad296.jpg,14125670,BV1Mx411b7TW,1504515611,2017/9/4,17:0:11,04:00,1235,2017,4204,1041,2502
【墨鱼】上古卷轴5里几个你看不懂的梗,1008,367269,//i1.hdslb.com/bfs/archive/c5f4615f44b4e126d0ae7b9407ebb109595986a1.jpg,13997709,BV1bx411t7zw,1504170048,2017/8/31,17:0:48,05:09,1577,2042,7672,347,3192
开局一只鸟，战斗全靠撞,589,97478,//i1.hdslb.com/bfs/archive/2a8a8371bfcca5f658073b1ac25e39291e2f3b4d.jpg,13749878,BV1kx411b79D,1504090846,2017/8/30,19:0:46,08:15,612,101,453,40,199
【黑椒墨鱼】上古卷轴5那些你不叽道的彩蛋,1174,356638,//i1.hdslb.com/bfs/archive/1a83ea510739a50b3222b19debaf3f2d637ece6b.jpg,13341305,BV14x411H7E5,1502701229,2017/8/14,17:0:29,05:38,2577,2260,16316,412,3707
【黑椒墨鱼】尼尔里这都什么乱七八糟的彩蛋,980,719501,//i1.hdslb.com/bfs/archive/856565a3f4c89adf731e6ecac0e6191398bee5f5.jpg,12962767,BV1Fx411p7iz,1502096442,2017/8/7,17:0:42,05:13,2017,4860,6177,549,7598
【黑椒墨鱼】尼尔机械纪元你早就知道的那些彩蛋,991,446644,//i2.hdslb.com/bfs/archive/c781a19f432b58ed8af457cbb8c13f6cc5f956bd.jpg,12265479,BV1sx411B7u4,1500282052,2017/7/17,17:0:52,06:06,2034,3449,6754,602,2063
创世战车 在战车游戏里开飞机？,575,147010,//i0.hdslb.com/bfs/archive/f16bc6a3768a2ae6f4eb628217164ce6799a6168.jpg,12097432,BV1Yx411q7CL,1499940052,2017/7/13,18:0:52,17:16,1733,273,781,144,282
【黑椒墨鱼】泰坦尼克号中一些不易被发现的细节,1140,308879,//i2.hdslb.com/bfs/archive/28d98d37debb6838d8a472c8f061ab3176448655.jpg,11932478,BV1sx411z7VJ,1499418040,2017/7/7,17:0:40,08:49,2757,3801,5848,1149,2520
剑与家园 有仇必报即使没找对人,434,54768,//i1.hdslb.com/bfs/archive/e1ec42fbc1e72035d6a939b862d804b1022b4ca1.jpg,11924247,BV1Gx411z7wr,1499331641,2017/7/6,17:0:41,14:05,790,75,450,56,123
【黑椒墨鱼】哈？血源里居然这么多人贩子,603,320683,//i1.hdslb.com/bfs/archive/5bb204e796c07bb86bf28cfe488b3f854a4f9a62.jpg,11242352,BV1ux411Y7Z6,1497258003,2017/6/12,17:0:3,06:56,1377,1481,7223,264,1759
【黑椒墨鱼】血源诅咒你不知道的剧情和彩蛋,1017,441759,//i0.hdslb.com/bfs/archive/4001a0c0900078a83a2148c27af7f59944eec885.jpg,10860476,BV19x411Y7QX,1496048403,2017/5/29,17:0:3,10:31,3472,2807,16753,753,3020
泰亚史诗初体验——被毒（nue）得根本停不下来,312,93092,//i2.hdslb.com/bfs/archive/289f156aa0fd82a2d6529a9c6a31446c3c436cfe.jpg,10860071,BV19x411Y7Dw,1495877262,2017/5/27,17:27:42,15:31,729,128,417,122,124
【黑椒墨鱼】神秘海域3和美国末日那些联系和彩蛋,527,210169,//i0.hdslb.com/bfs/archive/6e1bc6b562d42f5e2b4fb65a637b61e5defc52c3.jpg,10173654,BV1gx411S7sB,1493458240,2017/4/29,17:30:40,05:40,833,704,13603,135,1231
匹诺曹的鼻子能干嘛？能！,308,104404,//i0.hdslb.com/bfs/archive/1a0640818f55911912e24ec1dd91a487f25e63e9.jpg,10152697,BV1Rx411U7As,1493368891,2017/4/28,16:41:31,04:38,382,172,605,97,214
【黑椒墨鱼】辐射4关于其他游戏的彩蛋,525,337357,//i2.hdslb.com/bfs/archive/0c3ef518f29da2287955bb760a952714b9f1492e.jpg,9879513,BV1nx411D7S4,1492419629,2017/4/17,17:0:29,06:29,1890,1115,6698,135,1717
【料理次元】今天研究下妹子怎么“吃”,370,70053,//i1.hdslb.com/bfs/archive/02247665718088b6d3b0370e6e3562fcba02f4ae.jpg,9784091,BV1kx411S74M,1491980420,2017/4/12,15:0:20,11:12,754,244,432,61,134
【黑椒墨鱼】辐射4里的电影彩蛋 废土世界里的奥斯卡,676,311793,//i1.hdslb.com/bfs/archive/5156bb22de79631d8ed4fe46bb5b7f8ac04c7b2c.jpg,9244621,BV1Cx411r7Wr,1490000401,2017/3/20,17:0:1,06:08,1297,1146,13751,124,1588
【黑椒墨鱼】辐射4你也许不知道的彩蛋,682,463495,//i0.hdslb.com/bfs/archive/8764176f82be6a0a082574c1254c06a60ec45e06.png,9005359,BV1wx411C7KS,1488791530,2017/3/6,17:12:10,07:04,1826,2420,11214,380,2602
【黑椒墨鱼】神秘海域2里你不知道的彩蛋和秘密 P2附赠8分音符酱试玩,331,209368,//i1.hdslb.com/bfs/archive/bd3a22db23961d040e13a7a07339dfb78b909e34.png,8746659,BV1Wx411y7iK,1487664143,2017/2/21,16:2:23,10:39,1296,514,2613,91,719
【黑椒墨鱼】神秘海域1这些彩蛋你发现了没,477,221321,//i0.hdslb.com/bfs/archive/004e8fbd4297acceee487ac7e9c38e8d949c19f8.png,8592295,BV14x41127r1,1486980554,2017/2/13,18:9:14,05:09,949,569,3487,110,703
【黑椒墨鱼】看门狗2里你不知道的有趣彩蛋,1113,502054,//i0.hdslb.com/bfs/archive/fd3ad6bdc4369fb7c36ee360e15a93bb2fcdee37.png,8441447,BV18x41117aQ,1486378222,2017/2/6,18:50:22,05:15,1811,2135,13369,327,2983
仙境传说的这些事情你知道吗,495,72576,//i1.hdslb.com/bfs/archive/ce5e1661877474b8b03984f7b09dfeb331744505.png,8353926,BV1hs41187PR,1486025067,2017/2/2,16:44:27,05:42,892,121,519,70,119
【黑椒墨鱼】GTA SA中那些最有内涵的彩蛋,839,778803,//i1.hdslb.com/bfs/archive/7073e88fa951d578d2745a59bd05af10bec9e6c4.png,8174123,BV11s411b7xd,1485161554,2017/1/23,16:52:34,05:27,3603,3417,9382,699,3483
【黑椒墨鱼】美国末日你不知道的彩蛋和细节,617,417152,//i1.hdslb.com/bfs/archive/5e27549849018c6b367c8e300752133b52807aa6.png,8041083,BV12s411h7R4,1484555424,2017/1/16,16:30:24,06:26,1608,2118,17228,231,2602
火炬之光试玩,219,52581,//i0.hdslb.com/bfs/archive/9cffe6a24d276c590492bdf731986e19e6b3bb85.png,7970659,BV1Ws411h7gM,1484206804,2017/1/12,15:40:4,15:19,379,55,273,45,84
【黑椒墨鱼】扯游戏 看门狗2手把手教你做网红,496,239501,//i1.hdslb.com/bfs/archive/dfba6affb33702ae1348ac8849fefd39f44e9674.jpg,7838140,BV1ss411Y73u,1483442771,2017/1/3,19:26:11,10:39,1245,1389,3151,232,859
火柴人篮球2017试玩 这游戏里色角色颜值竟然一样高,196,119063,//i0.hdslb.com/bfs/archive/1596fb2114f13ce96606013180f4f9646230d92c.jpg,7765138,BV1Qs411a7Mx,1483090761,2016/12/30,17:39:21,08:29,627,180,908,47,222
【黑椒墨鱼】看门狗2恐怖秘闻,519,632742,//i0.hdslb.com/bfs/archive/fc7b41e489d916159d358bdf6748a00fefad57c9.jpg,7521531,BV1Es411e7yQ,1481693112,2016/12/14,13:25:12,07:26,1924,2418,4264,495,3362
【黑椒墨鱼】看门狗2彩蛋,498,573990,//i0.hdslb.com/bfs/archive/096e6f8a3569d85bce922ee877194e3fea5f27ce.jpg,7308746,BV1Js411s7rH,1480415756,2016/11/29,18:35:56,09:21,2335,2441,6113,696,2596
HEX·集换英雄：烧脑卡牌游戏的正确打开方式,264,69628,//i1.hdslb.com/bfs/archive/8c37214550a7836ce8effa52b427de4894ef7720.jpg,7296057,BV1Ks411s7jC,1480331637,2016/11/28,19:13:57,06:20,534,111,423,31,110
【黑椒墨鱼】GTA SA里那些地标性的彩蛋,477,515667,//i0.hdslb.com/bfs/archive/f973e257992d689fd68cb52e211321564593f230.jpg,6999263,BV15s411x7eC,1478497239,2016/11/7,13:40:39,05:19,1609,2060,6870,298,2500
【黑椒墨鱼】GTA圣安地列斯里的那些大新闻,587,650279,//i2.hdslb.com/bfs/archive/2982fb08dd0602d16a7cba46c84546513840ea1b.jpg,6809837,BV1Zs41147yM,1477296844,2016/10/24,16:14:4,05:57,2224,2902,5813,493,3562
【黑椒墨鱼】GTA罪恶都市里那些突破次元的彩蛋,571,834639,//i0.hdslb.com/bfs/archive/d496dae51efb2406c1a0e13b945c36c17ef7e944.jpg,6632453,BV15s41147tZ,1476159085,2016/10/11,12:11:25,05:26,3958,3095,6589,531,5093
【黑椒墨鱼】你可知道GTAvc是个绅士游戏,398,755937,//i1.hdslb.com/bfs/archive/c848d564c11c629fe32061f2c12a664b2fbbcbd2.jpg,6436228,BV1Rs411t7RD,1474963500,2016/9/27,16:5:0,06:07,2321,3950,11298,668,6450
【黑椒墨鱼】你可知道GTA罪恶都市竟是个恐怖游戏,1423,1135717,//i1.hdslb.com/bfs/archive/eadf63519429b46a1fe6b4501556458eca838e1d.jpg,6069023,BV1ts41167bM,1472459916,2016/8/29,16:38:36,06:27,5756,7480,14050,1722,5633
【黑椒墨鱼】刺客信条枭雄彩蛋,531,517437,//i1.hdslb.com/bfs/archive/61cd49bb4944e3d1a28c2689de3c99a340780375.jpg,5706586,BV1Fs411y7qe,1470626439,2016/8/8,11:20:39,06:16,2120,2326,4338,347,3077
我没有裤子穿了,196,245606,//i2.hdslb.com/bfs/archive/3d90e8f7ea2aaa2104f33f95b657935cb1d6ab63.jpg,5500465,BV1xs411176S,1469514062,2016/7/26,14:21:2,05:54,701,436,1231,74,773
【黑椒墨鱼】搜索引擎的正确打开方式,1389,570931,//i0.hdslb.com/bfs/archive/fd02b7fa160cac33478aa2dca200ee300faa640f.jpg,5411345,BV1gs411171g,1468991955,2016/7/20,13:19:15,06:47,4375,9119,6893,947,2215
随便玩玩,301,129770,//i2.hdslb.com/bfs/archive/fad7794bbab5ea79637d9aee82eb922f6cd6c411.jpg,5339403,BV1qs411y7ss,1468551382,2016/7/15,10:56:22,15:38,1516,357,1454,93,325
【黑椒墨鱼】巫师3狂猎 彩蛋,672,469887,//i0.hdslb.com/bfs/archive/ddc22f03c006039bf6946eaa16b60a472f7c76b5.jpg,5286653,BV1hs411y7nm,1468210131,2016/7/11,12:8:51,06:34,3051,2124,9839,539,3243
【黑椒墨鱼】合金装备彩蛋,399,370200,//i0.hdslb.com/bfs/archive/bfdad37f14eb688118d33592fc9770a9bc58d8ab.jpg,5193648,BV1Zs411v7vT,1467597438,2016/7/4,9:57:18,09:41,2234,2303,4872,277,1488
【黑椒墨鱼】合金装备_静静的故事,632,434856,//i0.hdslb.com/bfs/archive/7199f3252ed68bc66cc0dbe65438489928f99a43.jpg,5109543,BV1Ws411v7MY,1466990712,2016/6/27,9:25:12,11:19,2586,4910,4669,669,1343
【黑椒墨鱼】合金装备＆小岛秀夫,315,189401,//i2.hdslb.com/bfs/archive/6a2765621eeb44548e56a66caecebee6f6bdb4ad.jpg,5032958,BV1fs411e7BW,1466394885,2016/6/20,11:54:45,06:01,788,681,2735,109,669
【黑椒墨鱼】你不知道的蜡笔小新,696,543140,//i1.hdslb.com/bfs/archive/4a09c6041311928bea62bbb4797967b107ee8a36.jpg,4748659,BV1Vs411i76K,1464045620,2016/5/24,7:20:20,08:16,5520,3666,10982,1082,3247
【黑椒墨鱼】逃生2 故事背景简介,489,459810,//i0.hdslb.com/bfs/archive/dcd5c1c3147b4fab9702191c8ab4324f1537ef72.jpg,4545367,BV1Qs411q7bG,1462251734,2016/5/3,13:2:14,04:22,2812,2245,2021,890,1890
【黑椒墨鱼】GTA5中致敬电影的彩蛋,400,668846,//i1.hdslb.com/bfs/archive/9d651f530f28717743e941859eee3d233930906f.jpg,4400971,BV1fs411z71q,1460946147,2016/4/18,10:22:27,05:11,1661,4344,15048,1213,4399
【黑椒墨鱼】GTA5中最污的彩蛋,481,1483461,//i0.hdslb.com/bfs/archive/34ffd765349e0eddc8f9a44538b5e43a5cc6c056.jpg,4274882,BV1Js411z7iL,1459753051,2016/4/4,14:57:31,04:17,3509,7941,11254,2198,7287
【黑椒墨鱼】GTA5外星探秘,420,898448,//i0.hdslb.com/bfs/archive/7ddb8c9797a03936a29f8ba5c4f2ea2e6e8bb099.jpg,4102543,BV1Xs411Q76w,1458016285,2016/3/15,12:31:25,05:49,3076,5129,8568,2709,5233
【黑椒墨鱼】GTA5中的美国恐怖故事2,420,1142465,//i1.hdslb.com/bfs/archive/9746d707294d3624f7d4db3dc50eb5d193d38d7f.jpg,3990693,BV1us411Q77j,1456820699,2016/3/1,16:24:59,04:40,3671,6247,4169,3645,3796
【黑椒墨鱼】GTA5中的美国恐怖故事,1013,963818,//i0.hdslb.com/bfs/archive/4fc2f2620de51d1f7265e79d331a70075e08282e.jpg,3890840,BV1Es41197Vk,1455880900,2016/2/19,19:21:40,05:38,8683,6182,8023,6254,4610
【黑椒墨鱼】扯游戏#3  8分半看完战神3剧情,106,168555,//i1.hdslb.com/bfs/archive/c42937f7abc2d4e378a5ec6f387e45432d56253c.jpg,3734448,BV1hs411X7nX,1454409447,2016/2/2,18:37:27,08:39,612,554,1269,150,594
【黑椒墨鱼】扯游戏#2  8分30秒看完《巫师3狂猎》,131,204964,//i2.hdslb.com/bfs/archive/551a12e3db019706652af6cb24a16626fec36b67.jpg,3634951,BV1ks411R7Jw,1453431184,2016/1/22,10:53:4,08:31,787,816,1783,218,1160
【黑椒墨鱼】扯游戏#1  10分钟陪你扯GTA5剧情,736,510828,//i1.hdslb.com/bfs/archive/0497eef35eb7f4a1a39bae96fada85e2e7860d4b.jpg,3514898,BV1Ls411R7ZR,1451891704,2016/1/4,15:15:4,10:38,3184,5098,8969,2477,5517
