﻿title,comment,play,pic,aid,bvid,created,date,time,length,video_review,favorite,coin,share,like
【朱一旦的破产生活】02 找了份新工作，没想到我也有今天,3445,2406880,//i0.hdslb.com/bfs/archive/60eb9383074625577cd5c69822a97cd4cb2b3ac3.jpg,413484189,BV1rV411r7TF,1591959094,2020/6/12,18:51:34,03:15,10941,5303,13216,2935,140360
【朱一旦】197 帮助一名员工实现了网红梦,3856,2442132,//i0.hdslb.com/bfs/archive/0f0f1f7f409e713da89c74d0c58e0a6600cd0866.jpg,455897147,BV1C5411p7sZ,1591699185,2020/6/9,18:39:45,01:21,2690,6044,14808,3930,149934
【朱一旦】196 写信告诉我，今夜海是什么颜色,3935,2011537,//i0.hdslb.com/bfs/archive/3ca550b696a34bc7fc0055299ee41ad2bd361337.jpg,498487886,BV1bK411p7ve,1591611101,2020/6/8,18:11:41,01:45,4168,6732,15713,2649,123556
【朱一旦】195 为了给堂弟找女朋友，特地举办了一场比赛,3313,2441693,//i1.hdslb.com/bfs/archive/6eeacd63c74af2c8e699044bbafcfb81c5a08788.jpg,795918674,BV1fC4y1h7ve,1591443090,2020/6/6,19:31:30,03:07,7761,9209,34700,2990,186834
【朱一旦】194 请最抠门的员工吃饭，搭进去一块劳力士,2324,2528662,//i1.hdslb.com/bfs/archive/e5b53de0483a0edba78bc13ee6257ee0fee66931.jpg,540978668,BV17i4y1x7Yt,1591368329,2020/6/5,22:45:29,01:18,1917,4392,9350,1914,135035
【朱一旦】193 找了个大师学习绝世武功，顺便治下内八,3128,2261901,//i1.hdslb.com/bfs/archive/4a58c02c305c6bb8f599da61f1e43d30f02f0564.jpg,243421666,BV1Zv411z7ty,1591264385,2020/6/4,17:53:5,01:36,3086,5172,13143,3434,137961
【朱一旦】 我和屏幕里的自己聊了次人生,2311,1676412,//i2.hdslb.com/bfs/archive/69022f02aed79e6adaaa364feea174b89e339621.jpg,498460141,BV1JK411p7zh,1591187444,2020/6/3,20:30:44,02:40,2474,5111,11111,1562,114363
【朱一旦】192 为了祝大家儿童节快乐 辞掉了几个员工,3360,2634366,//i0.hdslb.com/bfs/archive/709f7890f929f7ee8caa24245628fcf2d878bca8.jpg,498383279,BV1NK411p7fK,1591017309,2020/6/1,21:15:9,00:40,3066,5225,11887,5029,148326
【牛一旦】01 不小心撞到了一个二流子，他反手踢了我一脚,3191,1926247,//i1.hdslb.com/bfs/archive/03ba673c07e62ba8bc1d765aa110c6d44583ea26.jpg,968408725,BV1Np4y1D7RS,1591007285,2020/6/1,18:28:5,01:47,2784,4037,6923,1579,117518
【朱一旦】191 朋友指责我是黑心老板！挖走了我的员工！,5935,2766624,//i0.hdslb.com/bfs/archive/672148d0efedc30397f08b175ce49b98fe7435d6.jpg,795789730,BV15C4y1p742,1590841532,2020/5/30,20:25:32,02:09,6802,9617,33352,5572,172765
【朱一旦】190 碰到了一位不经意露出劳力士的保安,4044,2857621,//i1.hdslb.com/bfs/archive/17c909f3d4ac43efa6b11dff1c72af1399b10d7b.jpg,200870482,BV1Nz411i7iL,1590490272,2020/5/26,18:51:12,01:42,3469,6296,10869,4519,139844
【朱一旦】189 打赢我，这块劳力士就是你的,8493,3582697,//i2.hdslb.com/bfs/archive/ca91bdfb46436e4cafacb12e1ff5a5e567c321b6.jpg,200865319,BV19z411v7fE,1590409257,2020/5/25,20:20:57,11:24,18681,12892,40389,26293,183174
【朱一旦】188 今天来翻旧账！,5244,3172736,//i1.hdslb.com/bfs/archive/6d82dc9c8b5ff678b007269af258ee46a9c90e4d.jpg,925758229,BV12T4y1u7tq,1590314421,2020/5/24,18:0:21,02:25,13380,14105,58966,4680,283657
【朱一旦】187 建议大家不要开法拉利去相亲,5750,3021235,//i1.hdslb.com/bfs/archive/d98b71c7d59adba8f376b3e5211530779319f01e.jpg,285856453,BV1Wf4y127Sg,1590231476,2020/5/23,18:57:56,02:41,4951,7353,15234,4609,154699
【朱一旦】186 全体起立！今天把我成功的秘诀告诉你们！,8779,2851029,//i0.hdslb.com/bfs/archive/1ba9152371ef12822d805350e3a8c4fe26744a4b.jpg,668186830,BV1Za4y1i7B3,1589801803,2020/5/18,19:36:43,01:56,6596,7843,20853,6299,161569
【朱一旦的破产生活】01  终于可以体验人情冷暖了,5375,3088182,//i2.hdslb.com/bfs/archive/c40f77f783a4ea7a1359e63724e28316bdcd0d3f.jpg,668197945,BV1Qa4y1i7Rj,1589717164,2020/5/17,20:6:4,03:29,20277,5976,13690,3231,160783
【朱一旦】184 从来没见过这么惨的网红！,5877,4168076,//i1.hdslb.com/bfs/archive/4aebcdaecd0bfdd070fbbf43b89ca12e22eec426.jpg,200665782,BV1Yz411q7SV,1589374675,2020/5/13,20:57:55,01:37,5293,15038,52412,4642,266005
【朱一旦】183 自行车跟法拉利有什么区别？,4388,3517922,//i2.hdslb.com/bfs/archive/c5c26b51d256dc3d0d3c377ac44d303450c7621c.jpg,838043987,BV1Jg4y167yK,1589031788,2020/5/9,21:43:8,01:44,4805,7825,21900,4368,196116
【朱一旦】182 原来这就是传说中的猛男粉,8256,3043406,//i2.hdslb.com/bfs/archive/ba787dac26495962cdd38d2e736edcd6fa72b1d0.jpg,498044499,BV1ZK41157fm,1588845603,2020/5/7,18:0:3,05:22,35264,10117,42112,12472,192109
【朱一旦】181 我的编剧跑路了,11853,4581314,//i2.hdslb.com/bfs/archive/e58598c1236ccd2233d1af7c1844a887e5801785.jpg,583100568,BV1vz4y1R7YX,1588682027,2020/5/5,20:33:47,01:30,6005,27725,177960,8178,379094
《非浪》| 朱一旦献给新员工的演讲,39978,5626483,//i2.hdslb.com/bfs/archive/ffe0550467917924f31d86420fe81447bc0ee67b.jpg,285578289,BV1Sf4y1m7Vs,1588600081,2020/5/4,21:48:1,02:48,36474,131679,409864,136706,508815
【朱一旦单曲】我们走在非洲大道上！,6992,2401662,//i2.hdslb.com/bfs/archive/1799411bc6a5d72071cecff949c0db8b4b13be16.jpg,498071077,BV1ZK41157sh,1588559455,2020/5/4,10:30:55,03:29,9621,24857,68642,7079,223985
【朱一旦】180 你向我走一步，剩下的九十九步我来完成,5991,3000927,//i2.hdslb.com/bfs/archive/3ed0e267ada37bd7c72767bd183d9d38848d4ab4.jpg,837965641,BV12g4y1z7JF,1588334139,2020/5/1,19:55:39,05:27,47958,8955,32331,8844,179140
【朱一旦】五一假期一周搭配｜朱一旦的枯燥穿搭,6060,2217849,//i0.hdslb.com/bfs/archive/d695a0c2f866eee4d999bac3663f614c10cbeb44.jpg,795460689,BV1LC4y1W7MK,1588303650,2020/5/1,11:27:30,02:09,9201,7624,14076,5140,134567
【朱一旦】179 轻描淡写的订购了1000辆汽车,6279,3541347,//i1.hdslb.com/bfs/archive/9088baa407fd8fbbaa85c0816b324ce415053356.jpg,667877647,BV1na4y1478E,1588068047,2020/4/28,18:0:47,02:56,9488,9868,25254,7916,208233
【朱一旦】178 主角不够坏 小说没人爱？,4996,3931275,//i0.hdslb.com/bfs/archive/43b195648527bb302afc9f7c340f803c79b445c0.jpg,752887306,BV1ek4y1r7iL,1587955990,2020/4/27,10:53:10,01:44,5224,12271,38726,5177,253002
【朱一旦】177 像我这样的人,9769,4096439,//i1.hdslb.com/bfs/archive/14f99268071780dde1a97368ae4407d6d4b213ad.jpg,455467367,BV195411x7nb,1587895924,2020/4/26,18:12:4,04:02,23801,18166,48868,14860,209684
【朱一旦】176 我们不再相爱了,21352,4554831,//i1.hdslb.com/bfs/archive/edb048dd4cd46cdd938372c1d90f9ffe2cd5eb3a.jpg,967864470,BV1ap4y1X7Ro,1587549980,2020/4/22,18:6:20,05:46,38572,78584,268595,37498,434004
【朱一旦】175 专业团队 为你服务,7844,4899983,//i2.hdslb.com/bfs/archive/be340fdac27e219dd04822012f2959eabe2c88b2.jpg,455329310,BV1Q5411t7ey,1587301003,2020/4/19,20:56:43,02:04,23667,24549,78242,21652,331604
【朱一旦】174 学会游戏第一天，就打败了最强的红富市一把刀！,4859,3175108,//i0.hdslb.com/bfs/archive/d567ce16d6f9bd05eb93d97ae7c653250a3a026b.jpg,837806779,BV1Xg4y187Xh,1587124856,2020/4/17,20:0:56,01:08,3027,6002,11318,2606,162865
【朱一旦】173 这种青涩又暧昧的感觉，让我沉醉,4806,3452063,//i1.hdslb.com/bfs/archive/cf3d34fb793baeb23f289f1a6787c8f2251dd894.jpg,412840373,BV1GV411Z7E4,1587041344,2020/4/16,20:49:4,02:07,8447,16335,52528,4755,231805
【朱一旦】读书等身，致我们热爱的书籍！,7558,2207687,//i0.hdslb.com/bfs/archive/4c2fad1914e583373c0fef1302456a53bfb48ba2.jpg,752815142,BV1qk4y1R73o,1587001070,2020/4/16,9:37:50,00:46,5529,6653,9634,1216,137802
【朱一旦】172 绿色且豪华的出行方式,15985,5293301,//i2.hdslb.com/bfs/archive/c69b159ba5d2fff2203b42d108e89c16b6baeb80.jpg,752853215,BV1Dk4y1R7GS,1586961578,2020/4/15,22:39:38,02:12,31460,69354,222615,89152,483137
【朱一旦】171 在公司开了网吧宾馆一条龙服务,5091,3320539,//i0.hdslb.com/bfs/archive/e4a5b3dd97ecfc6f20edb23082d8d418ecd96fe2.jpg,882705808,BV1yK4y1r7dA,1586782314,2020/4/13,20:51:54,01:04,4521,7496,15733,4324,179969
【朱一旦】170 我是一只流浪猫,19184,3291300,//i0.hdslb.com/bfs/archive/f7b3134aba5eb5e08b7900cb7bed6034b7a27dd3.jpg,882669211,BV1WK4y1r77C,1586602637,2020/4/11,18:57:17,03:51,18313,39386,148527,17990,333289
【朱一旦】168 好马配好鞍 好旦配好奶,7495,3810898,//i1.hdslb.com/bfs/archive/5d1259e181b050038b1e5c82a36c1a46afb1af62.jpg,455249098,BV1i5411t7uA,1586166298,2020/4/6,17:44:58,05:41,22329,41307,160447,9770,430309
【朱一旦】167 与员工进行一场卡丁车比赛！,4907,3613662,//i1.hdslb.com/bfs/archive/845043d09a7e14560ddc45c9bc4e0be0a02b033c.jpg,967620012,BV1pp4y1C7SU,1585909846,2020/4/3,18:30:46,01:31,3569,6771,12940,4537,172878
【朱一旦】166 喜迎暴发户回归母亲怀抱！,6517,4290758,//i2.hdslb.com/bfs/archive/bf2804ed35e277389023682715a9d225b386d5fe.jpg,327523390,BV12A41187UX,1585820695,2020/4/2,17:44:55,01:46,6368,16977,70472,11381,266062
【朱一旦】165 我被律师函警告了,6617,3779104,//i2.hdslb.com/bfs/archive/eb56dd699f808f668d4543762682d38d23605012.jpg,882578763,BV1mK4y1C7A4,1585737973,2020/4/1,18:46:13,01:33,3750,9696,23671,3704,201253
【朱一旦】164 我，破产了！！,3634,4989831,//i0.hdslb.com/bfs/archive/c8137f27adbb421b55f6fe95394322e61945a314.jpg,582579620,BV1A64y1u7xD,1585737973,2020/4/1,18:46:13,01:17,8947,12953,23668,6366,259106
【朱一旦】163 有些话想对近期取关的粉丝说,11452,4604463,//i0.hdslb.com/bfs/archive/0b5954e61366e0d74e3bbb58d60597aad3cbb3d7.jpg,412578164,BV1YV411f7L7,1585480998,2020/3/29,19:23:18,01:32,13878,13749,35759,6242,284031
【朱一旦】162 我还是曾经那个少年,11332,4613857,//i0.hdslb.com/bfs/archive/33d6edaa43eac8588c64110d5169397820bb785a.jpg,840059070,BV1o54y1R7fo,1585318635,2020/3/27,22:17:15,02:48,52241,34216,153518,18317,378094
【朱一旦】161 全都是泡沫 只一刹的花火~~,8128,2988556,//i0.hdslb.com/bfs/archive/26ea0b1ed0c9f469170bc59d052c403895fa912d.jpg,752537818,BV1yk4y1d7et,1585225097,2020/3/26,20:18:17,03:47,48562,9365,28649,14395,162838
【朱一旦】160 非 洲 之 光,8119,3310521,//i1.hdslb.com/bfs/archive/dc5b523d2710fd90ab2c28a59dbb84e7916469b9.jpg,99142066,BV1B7411y7LT,1585132245,2020/3/25,18:30:45,10:20,54554,27183,102710,14374,285795
【朱一旦】158 不着痕迹的笼络员工，就是这么简单,3326,2875884,//i0.hdslb.com/bfs/archive/c2522bdeb7b282413d3310135d24db258741ab1c.jpg,97810486,BV1FE411A7g7,1584702020,2020/3/20,19:0:20,01:58,6007,5079,11402,2846,134593
【朱一旦】157 雇人每天中午给我收垃圾，月薪三千,4423,2901845,//i0.hdslb.com/bfs/archive/fcde8d06e0bbb845305521d5d18d0bf4d9d561ec.jpg,97657087,BV1NE411N7Lv,1584621532,2020/3/19,20:38:52,02:21,4632,7883,21252,4243,188955
【朱一旦】156 纯情中年少女沦陷记,6926,3988689,//i0.hdslb.com/bfs/archive/15e0a4ef3d7f8f6203d7a182c3ff2e29871a529c.jpg,96823864,BV1d7411o7XH,1584361772,2020/3/16,20:29:32,04:47,56798,23734,120283,13845,319430
【朱一旦】155 没有如果,7221,3625283,//i0.hdslb.com/bfs/archive/7a5009478c579f059b364741e926252f90e61382.jpg,96028637,BV16E411G7on,1584102577,2020/3/13,20:29:37,05:53,46111,10427,37241,12835,177578
【朱一旦】154 学会这种驭人之术，你也能戴劳力士,3298,3001180,//i2.hdslb.com/bfs/archive/d885df969f9fdb9964539651f0863850a4823566.jpg,95474997,BV1VE411L73q,1583926736,2020/3/11,19:38:56,01:20,2995,5071,12949,2834,138467
【朱一旦】153 恋爱跟被扇耳光是同一种感觉,9805,3885994,//i2.hdslb.com/bfs/archive/4c431475864fef60f21640dfcc02b0ade7cfaf5b.jpg,94959465,BV1GE411T7GE,1583753869,2020/3/9,19:37:49,03:21,49133,15855,65802,23085,239681
【朱一旦】152 每月一次的相亲，竟然忘记戴劳力士了！,7811,3866951,//i2.hdslb.com/bfs/archive/ec9b7a0f52b6db67da5db3d1a7d623745036bd09.jpg,94461996,BV1wE411g76k,1583585649,2020/3/7,20:54:9,02:11,13578,10798,31107,9834,201068
【朱一旦】151 糟糕！是心动的感觉！,7562,3599153,//i0.hdslb.com/bfs/archive/c019897ff0b78fabcaacb560f45bffc392f95638.jpg,94200371,BV1ME411p7um,1583496275,2020/3/6,20:4:35,02:43,25210,11591,39950,19928,210224
【朱一旦】150 旦炒饭和烤冷面,5875,4558045,//i0.hdslb.com/bfs/archive/eb06adbaddbee7a80de3814c2e08d8fc6f6bd73e.jpg,93738615,BV1TE411x7oQ,1583347319,2020/3/5,2:41:59,02:47,13963,13004,34479,21319,235249
【朱一旦】149 当老板的快乐就是这么朴实无华且枯燥,6250,3457566,//i2.hdslb.com/bfs/archive/044d05393fbf20d97c59b2a2faf8705d29df1bd9.jpg,93098819,BV1zE411j7sS,1583145013,2020/3/2,18:30:13,02:00,11792,9067,26340,11102,175871
【运动版朱一旦】居家健身运动，愣着干嘛，进来交作业！,3938,1903491,//i2.hdslb.com/bfs/archive/744151924da0b4bd0974d6fd14709e35520b713d.jpg,92476445,BV1hE411H7pC,1582945243,2020/2/29,11:0:43,01:35,7618,7154,12181,3158,125594
【朱一旦】148 发现了一个全新的商机！,6607,3506644,//i0.hdslb.com/bfs/archive/69d9519adb157724a304e416a6e98b1cbccf2fc9.jpg,92157578,BV1J7411N7hc,1582799244,2020/2/27,18:27:24,01:22,6214,9462,28133,8412,183060
【朱一旦】147  今晚月光很美，适合……刺猹？,6444,3523698,//i0.hdslb.com/bfs/archive/cb2e8591dcaa3856183931b95dda1411d86f8ab9.jpg,91641493,BV197411T7Ar,1582626617,2020/2/25,18:30:17,02:10,9936,8000,18384,5866,158207
奇怪的健身动作增加了！,4002,1797342,//i0.hdslb.com/bfs/archive/2d706d4cd42338849b7d5f42027bef97f269cd5b.jpg,91243304,BV1Y7411M7VD,1582511760,2020/2/24,10:36:0,06:11,24414,16569,22133,6572,105035
【朱一旦】146 你说，我这一辈子是不是完了？！,6860,3982824,//i1.hdslb.com/bfs/archive/75a3e3654fc02bbea0d6ca9ab6e5727f3dfb4458.jpg,90908310,BV1q7411c7FN,1582371511,2020/2/22,19:38:31,01:10,12583,9721,28245,8565,186373
【朱一旦】145 线上办公的日常,3676,3396010,//i1.hdslb.com/bfs/archive/1ce450922eef48176ab8fe212bf40c3acb449b0b.jpg,90636031,BV1k7411w79Z,1582286442,2020/2/21,20:0:42,01:43,4746,8896,25403,8581,163762
【朱一旦】144 今天打算做一天监工,3982,3500917,//i1.hdslb.com/bfs/archive/8f0a8ae177fc46f6c89b853a1c40f71f3ec01349.jpg,90142725,BV1J7411j7TG,1582106232,2020/2/19,17:57:12,02:11,5848,9441,25796,6898,171809
【朱一旦】143 听听钞票蒸发的声音,5895,4162692,//i1.hdslb.com/bfs/archive/92670610b11eabcf3d307f0df792b0a461e331cc.jpg,89692415,BV1Q7411j7CM,1581937740,2020/2/17,19:9:0,01:22,5419,10029,29267,5045,185712
【朱一旦】142  一块劳力士的回家路,46334,9839346,//i0.hdslb.com/bfs/archive/ff6b51458223751d9d3efbe191fbf045bc1ea56f.jpg,88460964,BV1P7411V7Ga,1581504968,2020/2/12,18:56:8,03:12,88370,582172,2025001,411693,1586799
【朱一旦】141 这次，我真的只想当个好人！,5589,5358944,//i2.hdslb.com/bfs/archive/6348926707a7292b5d285f529a4e281805405442.jpg,88038773,BV1c7411t7Dr,1581339237,2020/2/10,20:53:57,02:14,10714,59436,456494,10572,621053
【朱一旦】枯燥的拜年，旦总原声大碟！,1173,1398740,//i2.hdslb.com/bfs/archive/44835fdf62406322bd6abdf3c9b90f4cc67e1a56.jpg,84864707,BV1L7411Y7PP,1579879852,2020/1/24,23:30:52,00:48,2383,2379,6539,1302,60566
【朱一旦】140 收到拜年消息，我反手就发了10万红包出去！,4055,4196082,//i0.hdslb.com/bfs/archive/b0243c774de38fae60f2045dd35f5696e58f3eea.jpg,84685262,BV1a7411a7jD,1579780826,2020/1/23,20:0:26,03:57,31161,25141,118889,5834,334618
【朱一旦】139 出门在外，口罩常戴！,16245,4824225,//i1.hdslb.com/bfs/archive/f5c9781b55bc73854e5a5de98c5ad7fcab901738.jpg,84603805,BV1B7411e7Gv,1579710604,2020/1/23,0:30:4,01:09,4948,12317,35396,13565,219136
【朱一旦】138 如何把一块劳力士变成两块？,2731,3254319,//i1.hdslb.com/bfs/archive/540c5616aae255422f4f69dd1c16e590d5117e04.jpg,84442949,BV127411Y7qE,1579609387,2020/1/21,20:23:7,01:50,2319,6217,15911,2561,128702
【朱一旦】137 准备去故宫朝圣，有什么建议吗,4014,4975349,//i1.hdslb.com/bfs/archive/26195c56544e30073b685dcd6faeef7a5c72b251.jpg,83984913,BV1F7411q71v,1579343399,2020/1/18,18:29:59,01:56,7159,48217,199909,8069,347454
【枯燥宇宙】03 被食堂大妈“宠爱”是一种什么样的体验？,2003,2419530,//i2.hdslb.com/bfs/archive/c434436eb9f45460719a412f4121a90faea8f52e.jpg,83804981,BV1nJ411E7Pd,1579263606,2020/1/17,20:20:6,01:26,1243,5011,9928,4428,103635
【朱一旦】136 奖励第一个去我非洲公司报道的员工！,2575,3606863,//i1.hdslb.com/bfs/archive/6e6df1b19a9c19f9a2ced003abcb814ceafc666b.jpg,83684083,BV1rJ41177Ug,1579167891,2020/1/16,17:44:51,01:16,2181,8712,20424,4964,136306
【朱一旦】135 旦哩旦哩拜年祭，一旦女团出道！,6817,3517893,//i2.hdslb.com/bfs/archive/8ae82758f7d785a89f7e721df966f42f1177634f.jpg,83492181,BV1WJ411J7NM,1579062524,2020/1/15,12:28:44,03:39,12484,34822,129727,12245,235423
【朱一旦】134 为了看拜年祭，我一个电话辞退了一个精英员工,1862,3707630,//i1.hdslb.com/bfs/archive/b9a8d11f64abd717bbceb1eb8292170a55d39706.jpg,83255429,BV19J411n7nd,1578967215,2020/1/14,10:0:15,01:27,1645,5432,11116,2299,115498
【朱一旦】133 把我身上最值钱的东西，放进了他的碗里！？,3495,4392654,//i0.hdslb.com/bfs/archive/19adf1cf2587a40a5967d9a859f8d4053ca32241.jpg,83210971,BV1SJ411n7Sj,1578882913,2020/1/13,10:35:13,01:33,29250,50022,431854,3802,474116
【朱一旦】132 特意派记者去采访了公司的精英！,1831,3065484,//i2.hdslb.com/bfs/archive/430b5c53b02e1ec409c5a0025ab34a57114747f2.jpg,82996504,BV1VJ411p7tD,1578740531,2020/1/11,19:2:11,01:15,985,4376,10413,2153,103607
【朱一旦】131 一天一百集 谁也抵挡不了,2830,3509468,//i0.hdslb.com/bfs/archive/4cb5777caac4a46ac7d3647c3e4e87ddd93ea85c.jpg,82710578,BV19J411G7bD,1578564947,2020/1/9,18:15:47,01:31,2343,7268,19366,4687,147836
【朱一旦】130 一旦一旦大侠遇见那个给他劳力士的人,6043,3404621,//i1.hdslb.com/bfs/archive/cfa03e4066c7cb0c46e06747c862f3626e23ca8b.jpg,82534855,BV1hJ41157Lh,1578477640,2020/1/8,18:0:40,07:09,44531,15455,59860,9681,232261
【朱一旦】129 随手给无关紧要的员工涨了工资,2618,3420200,//i0.hdslb.com/bfs/archive/e7de4753cce00d62698914102df716e0fa8b8bbf.jpg,82334439,BV1bJ411V7rP,1578308240,2020/1/6,18:57:20,01:21,2464,5522,13835,3719,105996
【朱一旦】128 为重振老朱家的辉煌而努力！,2460,3545688,//i2.hdslb.com/bfs/archive/a3ebd9ed51e05a61f8eeffe307ee197ee341d335.jpg,81926179,BV1RJ411j7zZ,1578054972,2020/1/3,20:36:12,01:48,3095,5820,15165,3822,119589
【朱一旦】127 跨年之夜想给自己找点乐子！,2317,3122993,//i0.hdslb.com/bfs/archive/6f2198c7e05e09341a700c6733197be4c352531c.jpg,81479255,BV1vJ411h7yz,1577796265,2019/12/31,20:44:25,01:42,2274,4598,12691,3562,111058
【朱一旦】126 虽然凝视深渊，但依旧心向光明,19033,6833355,//i0.hdslb.com/bfs/archive/0be1aa30a9d82823504accb7960b99385b7058f7.jpg,81029518,BV1ZJ411h7LU,1577539389,2019/12/28,21:23:9,02:31,22733,123544,528772,55833,616047
【朱一旦】125 最喜欢每个月突然发奖金，让员工感受单纯的快乐,2493,3172164,//i2.hdslb.com/bfs/archive/da2ba335808701df79819bff7923e462fe9f260f.jpg,80757170,BV1jJ411Y7Ho,1577359880,2019/12/26,19:31:20,02:17,5274,7092,18347,3570,111017
【朱一旦】124 为了量腿长特意买了棵圣诞树,2108,4539887,//i1.hdslb.com/bfs/archive/b5a085713b2b736baa39dd37c802ef086a8877a1.jpg,80632812,BV1YJ411W7ic,1577273693,2019/12/25,19:34:53,00:58,2099,8617,19340,7617,138670
【朱一旦】123 寻“密”十八岁,5067,2906376,//i1.hdslb.com/bfs/archive/93ae1f536795ec6c79853c3068c17b2107dcffd2.jpg,80098366,BV1HJ41147Xi,1577008829,2019/12/22,18:0:29,04:43,16744,12365,40013,6475,131907
【哔一旦】挑选一位人才，送出一张非洲船票,2725,2521527,//i1.hdslb.com/bfs/archive/45a87fdc79961ebe828bb0c4eddb6e7e1cb1da8f.jpg,79964760,BV16J411x7hi,1576926008,2019/12/21,19:0:8,03:45,6167,10259,25867,5229,126878
【朱一旦】122 今天收藏了一幅世界名画——《蒙娜旦莎》,1694,3474324,//i1.hdslb.com/bfs/archive/d280cd1cb85ee4cf394bf7b24cb47b8b7023dc37.jpg,79867861,BV1DJ411t7X9,1576760163,2019/12/19,20:56:3,01:36,1508,6561,19191,3025,101854
【朱一旦】121 给考研学子们的一封信！,4536,2653575,//i1.hdslb.com/bfs/archive/48fd9aadfb913a7de3b9c248b547e39802092b6c.jpg,79631894,BV1KJ411r7Jo,1576581959,2019/12/17,19:25:59,03:32,8081,20267,57326,19569,151201
【朱一旦】120 带着侄子去做了一个惊艳的造型！,2153,2994810,//i0.hdslb.com/bfs/archive/17e23d6daa0ca5f94be17a837843433399309aa7.jpg,79511683,BV1JJ41167Wm,1576495690,2019/12/16,19:28:10,01:54,3603,5285,17169,4023,104580
【歪一旦】偶遇一位外国友人，帮他完成了一个心愿,2813,3205131,//i1.hdslb.com/bfs/archive/112c85c353682efa7e5f5237afc9f100525cb7e1.jpg,79206618,BV1iJ411r7wD,1576321232,2019/12/14,19:0:32,01:45,5210,12039,35537,7168,143250
【朱一旦】119 又到了每个月的颁奖环节，这次特意找了个知名主持,2592,3455761,//i1.hdslb.com/bfs/archive/8b824cab5ba2b59c1ba8ab36a95b937ad6767649.jpg,78883216,BV1EJ41117zW,1576064127,2019/12/11,19:35:27,02:08,3648,8921,24717,8049,121108
【朱一旦】118 最近开车的时候总被人拦下,2412,2975544,//i0.hdslb.com/bfs/archive/e54380c90f416f447f7b29c2408fa85a0ddca438.jpg,78778749,BV1mJ411y7D1,1575981693,2019/12/10,20:41:33,01:44,1264,6960,17351,5965,106864
【朱一旦】117 年纪越大越害怕尝试新鲜,3208,2952904,//i0.hdslb.com/bfs/archive/df23d677a8dcff6cb18fd0ce7d1e7e06b07a7323.jpg,78500192,BV1MJ411v71i,1575785391,2019/12/8,14:9:51,03:50,5823,5304,12202,3308,91549
【枯燥宇宙】02 我不做大哥好多年，就等着朱一旦快升天,1746,2513617,//i2.hdslb.com/bfs/archive/95593d4ff6160d59b8048890d079568cb268fdf7.jpg,78426590,BV1dJ411e7aL,1575728199,2019/12/7,22:16:39,01:37,1813,5725,17804,2030,93948
【朱一旦】116 好才能贵 贵才能好,1986,3284992,//i1.hdslb.com/bfs/archive/9bbed3684f93f8ac1268fe23ef116d4d4286e772.jpg,78265696,BV11J411i7SA,1575629112,2019/12/6,18:45:12,01:09,1456,5273,11673,3884,96305
【朱一旦】115 她的烤冷面，让人天天都想念,2523,3587996,//i2.hdslb.com/bfs/archive/f1e463adb05ea27b834ba875f22f4ec140d0ba71.jpg,78160466,BV1LJ411i7HA,1575547613,2019/12/5,20:6:53,02:45,5281,12028,39124,8034,146829
【枯燥宇宙】01 每天下午三点，在办公室寻找一个单身男孩,2387,3068430,//i1.hdslb.com/bfs/archive/c34673ea44ff5b136edc6fa3be964de259d5ef0c.jpg,77934749,BV1mJ411q7Pp,1575370503,2019/12/3,18:55:3,01:49,3246,6558,12005,5362,91632
【朱一旦】114 不管影响是大是小，至少今天我真实存在,5794,3126548,//i2.hdslb.com/bfs/archive/247035d7d401b8a58cee55ddf9727076f88be816.jpg,77836327,BV1ZJ411z71P,1575290550,2019/12/2,20:42:30,01:38,3104,8607,28396,4448,115083
【朱一旦】113 给侄子找了一位家教，每小时2000元！,3018,5324212,//i0.hdslb.com/bfs/archive/da1731f8dd2d24011328668dc2ee371621a9af83.jpg,77442854,BV1HJ411Q7VW,1575028907,2019/11/29,20:1:47,01:31,5161,8279,14279,8318,117672
【朱一旦】112 沉默在尖叫,8149,4566701,//i2.hdslb.com/bfs/archive/99822b6e4a4561e402183e0fe2c1633b85335752.jpg,77125809,BV1LJ411X7iZ,1574772452,2019/11/26,20:47:32,02:56,6790,46669,199623,19119,305093
【朱一旦】111 招了一名文学系博士，来给我写赞美诗,2042,3088692,//i1.hdslb.com/bfs/archive/789e296c83630e2104008e5ebd244898e2689d50.jpg,77009888,BV1aJ411R7dy,1574683554,2019/11/25,20:5:54,01:16,2182,4025,10124,2623,88444
【朱一旦】110 赞助了一个拆房大赛，竟然包揽了八项大奖！！,2672,2870939,//i0.hdslb.com/bfs/archive/558480e30f3917f000f2ecde87399b653a6e73b8.jpg,76610796,BV1fJ411R7vT,1574421883,2019/11/22,19:24:43,01:27,1867,6843,18172,5337,100088
【朱一旦】109 他拿着一箱纸，抵了我20万的账,1619,3533296,//i1.hdslb.com/bfs/archive/34afe2b60ad6150d359b67e696a85c05053796e5.jpg,76492278,BV1bJ41127hf,1574331542,2019/11/21,18:19:2,01:38,1887,8565,21206,2519,103593
【朱一旦】108 不会画饼的老板不是好老板,1446,2368568,//i2.hdslb.com/bfs/archive/5b80ebd934ba4079a93b1376e8b6c3037e49bd60.jpg,76384370,BV1oJ41117MV,1574244843,2019/11/20,18:14:3,01:16,946,3452,7331,3494,65637
【朱一旦】107 占了我的杂物间 口号喊得震翻天  我不由得想帮帮他们,2940,3407971,//i0.hdslb.com/bfs/archive/93c07a9dd4746683511108f76d6b3bde147a841e.jpg,76163870,BV18J411m7tX,1574077490,2019/11/18,19:44:50,01:16,1834,6262,21314,5428,96907
【朱一旦】106 找了个地方，掏出飞机，回忆童年,1806,2702986,//i2.hdslb.com/bfs/archive/ee8188309990693ad6cda23ce730f4860a00ce6f.jpg,75762445,BV1MJ411U7Fm,1573812038,2019/11/15,18:0:38,01:07,1682,4022,10236,2853,78800
【朱一旦】105 找人陪我兜风，一小时500,2740,3457321,//i0.hdslb.com/bfs/archive/5d722d4d4c792f822cac99a481fe1b0bc21f18c1.jpg,75666068,BV1nJ411D7na,1573732205,2019/11/14,19:50:5,02:40,4987,6513,20029,4000,114608
【朱一旦】104 为爱信仰充值 秒变摄影大师,1974,2713179,//i1.hdslb.com/bfs/archive/99da1b01e394dbcac7dded14cddc3ef982bd3a87.jpg,75557803,BV1iJ411S7Gb,1573640544,2019/11/13,18:22:24,00:54,1039,4175,10531,3810,78729
【朱一旦】103 又到了每个月我最喜欢的发工资环节,3862,3506165,//i0.hdslb.com/bfs/archive/d5c2e9e58d78d1352353a505810ddda38da4873d.jpg,75454483,BV1hE411e7YM,1573553736,2019/11/12,18:15:36,01:17,2802,8335,21120,8699,108650
【朱一旦】102 看着一个导演从堕入深渊到迷途知返，十分欣慰,1660,2912443,//i0.hdslb.com/bfs/archive/5682a98565d2f707ba05783ec00ead196d270661.jpg,75223340,BV1wE411i7RH,1573378037,2019/11/10,17:27:17,01:08,951,3830,8047,1592,71520
【朱一旦】101 赚钱有道 羊毛少薅 一旦知道 非洲警告,6414,4585928,//i2.hdslb.com/bfs/archive/5962b24d41c37ce0fba06d9af38d35696cffcb96.jpg,74878234,BV1KE411q7NT,1573131727,2019/11/7,21:2:7,01:16,2783,15489,61862,11267,179914
【朱一旦】100《中年的你》——少了几分戾气，多了几分镇定,2462,3239726,//i2.hdslb.com/bfs/archive/f479553ebd5ea0909c90623153914c113131faaf.jpg,74753282,BV1bE411i7gV,1573036256,2019/11/6,18:30:56,01:26,4468,6453,19872,3562,103004
【朱一旦】99 劳力越戴，责任越大,6712,5676727,//i0.hdslb.com/bfs/archive/52d425393a9715a90ddc2cf9c168a5ab9d55fe44.jpg,74432260,BV1xE411b7UR,1572780618,2019/11/3,19:30:18,03:42,13522,98851,504624,22532,484917
【朱一旦预告】你到底会不会玩？,5242,3365511,//i2.hdslb.com/bfs/archive/15f2e647da9db8635ad3295caee77d6d47cd8294.jpg,74290225,BV1CE411t7UP,1572692716,2019/11/2,19:5:16,00:17,3119,7312,19990,15705,79588
【朱一旦】98 一夜暴富！在我奋斗的年纪，他已经开始退休养老,2160,3526882,//i0.hdslb.com/bfs/archive/1b8fdff7341bbf1cac731ddbb67c60da69f5644d.jpg,74150797,BV1YE41187Fm,1572603465,2019/11/1,18:17:45,02:50,5867,7274,16540,7276,92955
【朱一旦】97 旦愿人长久，非洲蜜月见,3852,3842769,//i0.hdslb.com/bfs/archive/15b5014cf4a19df3ff73d6fcbd75d8936fd0984c.jpg,73968210,BV11E411b7jf,1572446164,2019/10/30,22:36:4,00:54,3113,7346,27765,20182,103835
【朱一旦】96 原声献唱！《K歌之旦》粤语版！,5253,2551478,//i0.hdslb.com/bfs/archive/b63a0689657b8f3f69357d16162b8a51722bbd1c.jpg,73952733,BV18E411b7LG,1572438134,2019/10/30,20:22:14,03:11,13298,13727,45922,5565,123836
【朱一旦】95 我亲自来到了B站，找到了我的账号管理员！,3118,5121061,//i1.hdslb.com/bfs/archive/c1469cbeef1fd860f3fa179fd16374fe6c6bf561.jpg,73808938,BV1qE411h7Va,1572339641,2019/10/29,17:0:41,01:40,3640,13923,33086,4581,173792
【朱一旦】94 从公司骨干，到路边开店 ，包教包会 ，不会不退,1743,4141587,//i1.hdslb.com/bfs/archive/8c7af00e15ba5189e221d8ba0777773c956acd2b.jpg,73492885,BV1hE411a7Rb,1572087887,2019/10/26,19:4:47,01:27,1330,4639,10257,2768,84448
【朱一旦】93 用爱情打败爱情！,2127,2983300,//i2.hdslb.com/bfs/archive/4156d3994a84f5ea4d48996c8d024283e27444c9.jpg,73327887,BV1TE41117UQ,1571997316,2019/10/25,17:55:16,01:45,1873,4506,12427,3719,76449
【朱一旦】92 灵机一动，把员工送去了非洲团建,5728,3711535,//i0.hdslb.com/bfs/archive/2664cb7203f19e7c11915e9479de8da93c356c0a.jpg,73219416,BV1CE411y7AH,1571911215,2019/10/24,18:0:15,01:25,2069,4127,8296,3050,76701
【朱一旦】91 反转！领导变成下属了怎么办？,2041,2856315,//i1.hdslb.com/bfs/archive/82574b2a4cb8c39c8b53a41a849d4db44d03026f.jpg,73157722,BV1VE411y7ZB,1571830439,2019/10/23,19:33:59,00:59,800,5205,13797,3646,83648
【朱一旦】90 开车不喝酒 喝酒不开车,2234,2748349,//i0.hdslb.com/bfs/archive/13373973b3cb0837831764d606fe0d842d2ef1c9.jpg,73036650,BV1JE411276T,1571745633,2019/10/22,20:0:33,01:09,1438,3717,8629,2569,67864
【朱一旦】89 有位成功人士，试图融入我的酒肉圈子,3545,3521789,//i1.hdslb.com/bfs/archive/5f40677d20c82e3adf4007b7926f974df324520a.jpg,71706245,BV1HE411k7ME,1571479246,2019/10/19,18:0:46,01:35,1908,5218,10479,3417,78135
【朱一旦】88 才俊长安捉万妖，抬头看见一梵高,2755,3216267,//i0.hdslb.com/bfs/archive/2419ef2195841ce9c73c53ee8bcc0b079bad4c3a.jpg,71493693,BV12E411C7hp,1571306432,2019/10/17,18:0:32,02:38,3966,9090,27776,3944,98028
【朱一旦】87  紧跟潮流，参加了一场别开生面的读书会,3690,3224144,//i0.hdslb.com/bfs/archive/e2b8f117e474b1dd784e1bbc34bcca5ec3e64187.jpg,71431473,BV1tE411C7BG,1571223895,2019/10/16,19:4:55,01:22,3694,14823,53247,19279,130345
【朱一旦】86 最后，我到底有多少好机友,2683,3011948,//i2.hdslb.com/bfs/archive/219dc0702fecd8f2dae0d75e790dbab2ac9ec9a6.jpg,71297620,BV1GE411o7tu,1571133617,2019/10/15,18:0:17,01:46,2041,4345,11844,3428,79232
【朱一旦】85 想谈一场不分手的恋爱,2876,2913682,//i0.hdslb.com/bfs/archive/8162c25f1c84a4d37a6463e7adac3a971daf2c62.jpg,71218927,BV1fE411d7ns,1571048425,2019/10/14,18:20:25,01:03,1445,3541,8785,2593,63207
【朱一旦】84 这！就是高级的教养,2276,3907433,//i0.hdslb.com/bfs/archive/f07c7f7eab38256ca821068c1bc086409542851c.jpg,70998206,BV1HE411Z7Ly,1570883851,2019/10/12,20:37:31,01:27,1689,6984,18224,5293,93401
【朱一旦】83 大电影计划有了新的进展,1256,2738504,//i2.hdslb.com/bfs/archive/76da884fc0d6c5b2e088d6f0a45576f26af10bac.jpg,70856624,BV1mE411o7E6,1570795217,2019/10/11,20:0:17,00:56,977,3214,7763,1387,65474
【朱一旦】82 一定要记得说早安！,3613,3536250,//i0.hdslb.com/bfs/archive/a28931cd83cd9ce64488aea2026b0d8b1257f3d7.jpg,70778662,BV1RE411f7JX,1570707690,2019/10/10,19:41:30,01:51,7342,44278,130188,3970,164000
【朱一旦】81 吃饭就好好吃，你不能吃着饭就把锅砸了！,5475,6393298,//i2.hdslb.com/bfs/archive/bb2c0b5fefce990efccfbd0e4d0a03fcb25ed4f9.jpg,70570211,BV1XE411Z7Ng,1570530855,2019/10/8,18:34:15,01:33,3090,15333,68268,14992,160727
【朱一旦】80 二十天抓住短视频风口，半年实现财务自由！,2450,3421450,//i0.hdslb.com/bfs/archive/6f5e6e10766ebae0218ef7f3dd172efe7284cd01.jpg,70193663,BV1yE411D7gG,1570272475,2019/10/5,18:47:55,01:27,1620,5532,14479,3836,85318
【朱一旦】79  在电影院包场，不是为了看电影，而是喜欢观察奇葩,3270,3456970,//i0.hdslb.com/bfs/archive/06342eecd927d38929d3e14168768e63126d386f.jpg,69914393,BV1mE411Q7Y4,1570096607,2019/10/3,17:56:47,01:29,2206,6412,17084,4903,95320
【朱一旦】78 终于有个老板能打败朱一旦了！,1785,3286785,//i0.hdslb.com/bfs/archive/d2c01e13c2f0b276557df563b8769e943e2a2908.jpg,69648809,BV1uE41197Gd,1569926113,2019/10/1,18:35:13,01:07,1077,4199,10131,2464,78028
【朱一旦】77 致富有道，别学小暴，破产之日，虽迟旦到,2223,4365951,//i0.hdslb.com/bfs/archive/29fd11b991dda715c229f8d40257fe1ffb9fd248.jpg,69400725,BV1YE411R7Kg,1569757206,2019/9/29,19:40:6,01:13,814,5001,13562,2727,86204
【朱一旦】76 在街边被记者们围住，问我月薪多少,3051,4329035,//i2.hdslb.com/bfs/archive/ef64c6b2e34c2738b1af97aaaca3802d9dc95752.jpg,69289400,BV1fE41197iD,1569670543,2019/9/28,19:35:43,01:17,1616,6728,16440,5783,98641
【朱一旦】75 我去参加了一场科技界的海天盛筵,2258,3097847,//i0.hdslb.com/bfs/archive/b3f29d97689b175e4ecae2b66553bc52cdb6e0b9.jpg,69167830,BV1mJ411T7Ny,1569583132,2019/9/27,19:18:52,01:08,1297,4078,9296,2275,70264
【朱一旦】74 看着这个健身教练，我一度以为自己要完旦,1703,3183388,//i1.hdslb.com/bfs/archive/e0b1deda7de9be84d495450bb4c24e866a132a5d.jpg,69054971,BV1WJ411T78g,1569496974,2019/9/26,19:22:54,01:24,1847,5414,16766,4204,92765
【朱一旦】73 我觉得，可以安排他去跑非洲马拉松了,2219,2972689,//i2.hdslb.com/bfs/archive/36f645bfedcc111e61d3d95eb0388057aaedef10.jpg,68911667,BV1nJ411u7Q1,1569405621,2019/9/25,18:0:21,01:10,1366,4320,11742,3155,77935
【朱一旦】72 每月一次的面试，并不是为了求职,2731,3769022,//i2.hdslb.com/bfs/archive/34d6e1908d9387eee95eda4f97749d2a02fe223d.jpg,68762396,BV1eJ411M7jJ,1569239156,2019/9/23,19:45:56,01:22,1757,8747,23472,7466,98895
【朱一旦】71 每年的这一天，都会变身潮男，祭奠爱情,9682,4974868,//i0.hdslb.com/bfs/archive/79cc7fc91580b74c2da8427deaec6089fd74c2a5.jpg,68615520,BV1JJ411g7N2,1569148240,2019/9/22,18:30:40,08:05,12500,44054,109656,26013,173650
【朱一旦】70 怪我发展太快，长得太帅，处处给我使绊子,3792,4729005,//i2.hdslb.com/bfs/archive/2e007039bfc8f26e2c06fe1d5014a89f8ca7cad8.jpg,68187773,BV1DJ411g7Fw,1568809250,2019/9/18,20:20:50,01:30,2760,15441,61537,8377,131738
【朱一旦】69 做人不要太攀比 ！,3289,5976365,//i2.hdslb.com/bfs/archive/b775e385687929da8e0d128365126ae6432c848d.jpg,68079639,BV1VJ411w7ow,1568716183,2019/9/17,18:29:43,01:01,2050,20983,99341,8584,235977
【朱一旦】68 以劳力绅士的身份，成为了最大的赞助商！,2150,4548322,//i1.hdslb.com/bfs/archive/52fe8240f354eacdf64dbb23c2cd310d5a031cf6.jpg,67976798,BV1DJ411c758,1568630329,2019/9/16,18:38:49,01:09,1799,8131,15033,2632,100013
【朱一旦】67 百因必有果，你的闹钟就是我,1682,3878793,//i1.hdslb.com/bfs/archive/f42436f640e4f9329f4a79130632cb1e37eb06ce.jpg,67872012,BV1cJ411P7Gy,1568543571,2019/9/15,18:32:51,01:03,1398,10443,30120,4420,104207
【朱一旦】66 他说我占了他的座，我反手就给他升了商务舱,2415,4684332,//i1.hdslb.com/bfs/archive/831d2a0791413c2609aa50bdc33b900b40763e0d.jpg,67620002,BV1VJ411N7TW,1568380459,2019/9/13,21:14:19,01:27,2110,7871,20234,8328,109708
【朱一旦】65 王布斯的阴谋与两个臭皮匠,1973,3471376,//i0.hdslb.com/bfs/archive/55cb264457139ad5c94ebe87a3516c42a720b496.jpg,67463281,BV1xJ411P7gE,1568293240,2019/9/12,21:0:40,01:16,1748,4614,11446,2205,80698
【朱一旦】64 反正酋长科长都是长，非洲新娘身体棒！,2136,3992686,//i2.hdslb.com/bfs/archive/93ee0a4e70fb3c2a36ac7f835fb57bb3d3e847d1.jpg,67369329,BV1BJ411K7N9,1568197626,2019/9/11,18:27:6,01:37,2243,6020,16475,5387,87755
【朱一旦】63 今天挖了一名员工,1956,3233353,//i1.hdslb.com/bfs/archive/86911b0270209f0c6eca0070292839ab6361faf1.jpg,67189144,BV1XJ411N7V2,1568034040,2019/9/9,21:0:40,00:53,1004,3595,8360,2303,63313
【朱一旦】62 你对甲方的财力一无所知！,2082,3533140,//i0.hdslb.com/bfs/archive/280ad523446380519034f3ca87f8779685d0209b.jpg,66934430,BV1m4411k7AW,1567850195,2019/9/7,17:56:35,00:56,1203,5448,10943,6507,73376
【朱一旦】61  感谢“看见真相”栏目组，《非洲真相》综艺节目即将上映！,2930,4371926,//i2.hdslb.com/bfs/archive/caa66d839762b0e8b7e7cbd57417e91021122ec6.jpg,66816636,BV1w441117AD,1567765790,2019/9/6,18:29:50,01:38,6049,26154,78545,16833,223736
【朱一旦】60 致敬偶像！办了一场走秀，选出最美员工,1994,3281938,//i2.hdslb.com/bfs/archive/ee9c06f0ce5060d0601eb5ddcd9b67e96e7da0a9.jpg,66714658,BV1J4411y747,1567679643,2019/9/5,18:34:3,01:08,1332,6863,23115,1622,87684
【朱一旦】59 发了几条有钱人的动态，B站粉丝就破了百万，枯燥！,19355,5256069,//i1.hdslb.com/bfs/archive/2428736670ced88ccca39a4995702fcc8444bb00.jpg,66592561,BV1Q4411C7Xq,1567582344,2019/9/4,15:32:24,01:31,34700,19346,66737,10016,161284
【朱一旦】58 35秒绝杀，对于球迷来说这是一个美妙的夜晚,2350,3148588,//i2.hdslb.com/bfs/archive/21e196aa21c116f56026d89ce626fff25b3b40b2.jpg,66528793,BV15441127fZ,1567517744,2019/9/3,21:35:44,02:07,2614,5570,16422,4689,82923
【朱一旦】57 摘下劳力士让他戴了一分钟，他立刻现出原形,2940,4535846,//i0.hdslb.com/bfs/archive/b0664e56831c37a455e57fcea4acbed06ba58796.jpg,66176174,BV1Z441127GR,1567254622,2019/8/31,20:30:22,01:43,4068,6682,13392,3767,81817
【朱一旦】56 八月的最后，定了一个小目标——攻城掠地！,2411,2733816,//i2.hdslb.com/bfs/archive/f7f4272eef18aa8d65b347a8d80a149b7774a655.jpg,65997509,BV1M4411B7B9,1567170059,2019/8/30,21:0:59,01:00,971,2896,6925,1319,54061
【朱一旦】55 来到了西湖，不禁诗性大发，写了一首经典,2898,2584486,//i0.hdslb.com/bfs/archive/b4ef4a7b117539dbc9ed614ed03b02b5ed74ae96.jpg,65892076,BV1s4411q7oe,1567078113,2019/8/29,19:28:33,01:21,3971,4398,12763,2348,70243
【朱一旦】54 看他面对豪车不动声色的样子，我笑出了声,2818,4549944,//i2.hdslb.com/bfs/archive/f6a3c9ff2338e64cdbe7114fcbf530de11b74b32.jpg,65630686,BV1m4411B7Ri,1566913418,2019/8/27,21:43:38,01:08,1787,5814,13781,4329,80760
【朱一旦】53 他走进了高端车行，仿佛看到了为我努力卖命的样子,2399,3119955,//i0.hdslb.com/bfs/archive/76ce5b675daa72173f1e1536abaf1c667063676c.jpg,65479805,BV1X441167T1,1566823935,2019/8/26,20:52:15,01:08,1545,4102,11283,3064,66884
【朱一旦】52 想去打一场精彩的篮球，却意外的发现了一个商机,2481,2837837,//i0.hdslb.com/bfs/archive/16de4428700314d8e1890fb834b872154b346bcf.jpg,65198239,BV1d4411r79P,1566651815,2019/8/24,21:3:35,01:08,1945,4794,14330,4765,69632
【朱一旦】51 我放置着咖啡店长，而店长放置咖啡店,3221,3078989,//i2.hdslb.com/bfs/archive/79b0831d7555fd0a4655d70934bf4a7fb60e36df.jpg,64866283,BV1r441197Av,1566476739,2019/8/22,20:25:39,01:18,1487,4933,13146,2989,70734
【朱一旦】50 据说每个公司都有个小群,3509,4569985,//i2.hdslb.com/bfs/archive/5cb14ca3f048c1591ad27fe1365c8376ffd42efa.jpg,64780513,BV1V441197oS,1566406469,2019/8/22,0:54:29,01:13,2255,16854,69382,4891,155992
【朱一旦】49 偶尔也想当一把霸道总裁,3179,4887507,//i2.hdslb.com/bfs/archive/4bb8c0ed65373a6f5e454c62452bbcacca185723.jpg,64587220,BV1K4411d7rW,1566297032,2019/8/20,18:30:32,01:18,3461,8860,24269,7875,96350
【朱一旦】48 暴发户的创意总是那么与众不同,2673,3865561,//i2.hdslb.com/bfs/archive/2585830c7b17768908f364ad38612dace2163d63.jpg,64452200,BV1d4411o7yB,1566219365,2019/8/19,20:56:5,01:46,2046,18703,72197,2470,134733
【朱一旦】47 究竟是谁套路了我，而我，又套路了谁？,2444,3910764,//i0.hdslb.com/bfs/archive/3456be20c30405ecd40258cd1be279960f552f4d.jpg,64153971,BV1N4411f7Jh,1566045477,2019/8/17,20:37:57,01:16,1464,6018,14946,5176,73742
【朱一旦】46 暴发户来帮我打理公司，然后拐走了十佳员工，亏了,2418,3160801,//i2.hdslb.com/bfs/archive/7904b9ffed87114178344de087d024464db5c801.jpg,64007219,BV1b4411Z7Xg,1565959583,2019/8/16,20:46:23,01:11,1863,6183,20214,3224,74227
【朱一旦】45 旦我出差归来，不知公司还在不在，值得期待！,1631,2815600,//i2.hdslb.com/bfs/archive/cd71c0ca336111c958cd4430b8b6df5ab3903fd9.jpg,63705719,BV1R4411m7bj,1565784582,2019/8/14,20:9:42,01:09,1089,3480,9560,1289,54658
【朱一旦】44 旦我拍了部硬科幻！敬请期旦！,2618,3141598,//i0.hdslb.com/bfs/archive/3a80f70fa5dd9b352df770d5612a3919be72eb83.jpg,63559058,BV164411S7nB,1565700963,2019/8/13,20:56:3,01:20,1764,5226,17008,3908,73275
【朱一旦】43 例行开除可能会迟到，旦是永远不会缺席,2959,3683523,//i1.hdslb.com/bfs/archive/13b57d3d6d5682f8f283fc8e16b4c32447da00f4.jpg,63105661,BV1k4411X7kF,1565441792,2019/8/10,20:56:32,01:17,1970,5692,16888,4405,71733
【朱一旦】42 拓展了非洲的版权业务，想起来还有点小骄傲,2468,4427957,//i1.hdslb.com/bfs/archive/f677201eb55cc3739b6c420daf893f0c5bf0e4aa.jpg,62808989,BV1Bt411N7oq,1565267581,2019/8/8,20:33:1,01:26,2955,14914,60837,2949,126629
【朱一旦】41 今天你牵挂的人在身边吗？,5206,3146056,//i2.hdslb.com/bfs/archive/8bf8265e5983b5c0b7dfca59d0a69c7e384e0be6.jpg,62671559,BV1Rt411P7QP,1565187339,2019/8/7,22:15:39,02:06,15503,11630,32320,4119,85322
【朱一旦】40 这次我拿出了别墅加劳力士，只为枯燥的消灭单身病毒,2030,2283638,//i0.hdslb.com/bfs/archive/5c20903bb68e075c35d514ab038f7c2ddcd1b77d.jpg,62478407,BV1qt411K7HC,1565094604,2019/8/6,20:30:4,01:10,1284,9296,50902,2607,80586
【朱一旦】39 旦梦空间,2945,3511521,//i0.hdslb.com/bfs/archive/7cc34b023eb2349ae8c298c766adc23baf36c4aa.jpg,62352231,BV1zt411M7kC,1565005528,2019/8/5,19:45:28,00:51,1369,7086,44033,1449,86444
【朱一旦】38 帮侄子拼了个对象，没想到竟如此枯燥！,2066,3659605,//i2.hdslb.com/bfs/archive/d5d38f9b1f5446bbec4a827c5d536337b6a1da16.jpg,62151672,BV1Bt411T7F6,1564914614,2019/8/4,18:30:14,01:05,1651,8816,33727,2933,95467
【朱一旦】37 暴发户要去英国避暑，他认真的样子，很酷,2403,4544769,//i2.hdslb.com/bfs/archive/cba59fa6ca3183acb8db7350f95c00aa42e7864a.jpg,61898733,BV1ct411u7PE,1564743229,2019/8/2,18:53:49,01:10,1900,12375,45726,4392,109908
【朱一旦】36 惯的太久了，得治治！,7624,6399108,//i1.hdslb.com/bfs/archive/8f5d221845c4520dc2f05bde1d4eebd55ee77dab.jpg,61602400,BV1Tt411w7ZL,1564573825,2019/7/31,19:50:25,01:02,5119,50465,178755,33288,208753
【朱一旦】35 草莽义气，大得过钱？和酒肉朋友一起沉迷@逆水寒,2693,3420444,//i2.hdslb.com/bfs/archive/499554e88ad4310535178793dc2645b26f82f4af.jpg,61523959,BV1yt411c7gP,1564535854,2019/7/31,9:17:34,01:12,1790,11559,47495,3812,98827
【朱一旦】34 无聊的周一，做了一个有意思的决定,2372,3198752,//i0.hdslb.com/bfs/archive/72adb45bf0c9b5ea02b120ece9bbb8021fcbbf73.jpg,61307024,BV17t411A7ZL,1564402334,2019/7/29,20:12:14,01:10,1239,9457,33144,2143,78768
【朱一旦】33 旦我，像爱惜羽毛一样爱惜人才,2735,5724358,//i0.hdslb.com/bfs/archive/5423daccecffc4f823e7b9b130e77784eea47acd.jpg,61025509,BV1kt411P7VZ,1564231011,2019/7/27,20:36:51,01:03,1759,26485,108560,5034,161844
【朱一旦】32 挚友来找我帮忙，我一个电话就打给了酒肉朋友,2729,3871759,//i2.hdslb.com/bfs/archive/222299c0329e3dfd4bf3b2e83442d8b9981feb0a.jpg,60743682,BV1Yt411j7R6,1564061431,2019/7/25,21:30:31,01:10,1720,5757,15730,4094,59319
【朱一旦】31 奖励了一下销售三甲！,1675,2783316,//i0.hdslb.com/bfs/archive/17b3abb2a808a85532c62e9235223d7a69af32d3.jpg,60598490,BV1Zt411L7uL,1563975129,2019/7/24,21:32:9,01:15,1275,4314,16146,1833,55441
【朱一旦】30 享受了一小时的音乐洗礼，有钱人的生活，往往离不开艺术,2605,3651972,//i2.hdslb.com/bfs/archive/97fd2e54546e22a786d6396cfe4b9dc4c1115dc2.jpg,60443256,BV1rt4117732,1563883348,2019/7/23,20:2:28,01:01,1323,5544,13368,3006,57954
【朱一旦】29 教会一群老年人打榜，就是这么容易且枯燥,1659,3381039,//i1.hdslb.com/bfs/archive/edc6527d8012b299cf5b637af270c6d92cd96d51.jpg,60302361,BV1Mt41177kF,1563807449,2019/7/22,22:57:29,00:58,1570,4239,13665,3003,60273
【朱一旦】28 给努力工作的员工连续发了九个奖，有意思的事情发生了,1757,3148521,//i0.hdslb.com/bfs/archive/643d799be6bdb017a397acb7f0fbb2dfcf5809bf.jpg,60030296,BV1dt411n7aH,1563641366,2019/7/21,0:49:26,00:54,1656,6963,17784,7544,58102
【朱一旦】27 做的蛮好，为啥要辞职？我还给他带了劳力士…,2349,3455437,//i2.hdslb.com/bfs/archive/d00d1b98b1499a5e61c6b68f5b1af184f1f7d455.jpg,59736308,BV1et41137Nc,1563457951,2019/7/18,21:52:31,01:06,1402,4182,12713,2088,54580
【朱一旦】26 今天有人来挖我…唉,1317,3456709,//i1.hdslb.com/bfs/archive/ecdc8f15876f50fda5d8c4ead9cdb918a6e0b1b9.jpg,59588424,BV12t411g7pA,1563365870,2019/7/17,20:17:50,00:58,1115,3418,9795,1403,50354
【朱一旦】25 例行开除的周一，很枯燥,1470,2940933,//i0.hdslb.com/bfs/archive/e1c6c56f2bcff06c3f307b8906b3a4fe767e030d.jpg,59294603,BV1Ut41137dj,1563189969,2019/7/15,19:26:9,00:59,746,3113,9405,1938,45701
【朱一旦】24 随手拯救了一份纯真的友谊，我很欣慰,1842,3087935,//i0.hdslb.com/bfs/archive/1c20997678309afa679a123fbd34da40a4833c42.jpg,59172563,BV1Qt411V7Dm,1563109801,2019/7/14,21:10:1,01:00,985,4192,16103,2353,54589
【朱一旦】23 闲来无事，想参加个瓶盖挑战，没想到这么简单,2047,3258295,//i0.hdslb.com/bfs/archive/30c48539784ea54b5ccea9b1d37e2fa18898c4ec.jpg,58777073,BV18t41157R9,1562849060,2019/7/11,20:44:20,00:59,1006,4746,24175,2844,59388
【朱一旦】22 找了个人专门夸赞我，不知道我的价格公不公道？,1883,2893290,//i2.hdslb.com/bfs/archive/32a20b8d1d72c4dbf02faf40a2234312b24db00d.jpg,58645789,BV1jx411f7fq,1562766546,2019/7/10,21:49:6,01:00,1017,3408,11381,1822,49506
【朱一旦】21 暴发户在我楼上开了一家公司，酒肉朋友也紧随其后,1863,4379238,//i2.hdslb.com/bfs/archive/acbe4c454dbb7ea3fa3f43eb76b7c44fdb0483cf.jpg,58492680,BV1rx411Z7xf,1562671543,2019/7/9,19:25:43,01:00,1342,5884,24780,4766,65707
【朱一旦】20 枯燥的周一，我决定从办公室挑一个人，送去非洲,2096,4990395,//i1.hdslb.com/bfs/archive/65319b297f6762db8d4d0da32d1ef9b9d465ba8a.jpg,58368677,BV1y4411F7Zv,1562590451,2019/7/8,20:54:11,01:06,1436,6275,21282,5135,69813
【朱一旦】19 在咖啡厅遇到了两个姑娘，我伸出我的劳力士，然后一切都顺理成章,2549,4045556,//i2.hdslb.com/bfs/archive/509084133c4affec99e1b6a33dd783e84a734878.jpg,57972903,BV1p4411c7oz,1562329403,2019/7/5,20:23:23,01:00,1622,9153,25469,11761,69717
【朱一旦】18 出差之前，把公司交给了外甥，回来后一切都不一样了,1394,2834159,//i1.hdslb.com/bfs/archive/d1f45fa11d0ad7d5b5adafdc56b08f5e92718128.jpg,57842025,BV1W4411A7dv,1562242094,2019/7/4,20:8:14,01:00,696,2947,8147,1437,40970
【朱一旦】17 为了体验垃圾分类，特意来到了上海，这一天注定充实而欣慰,1652,2692074,//i2.hdslb.com/bfs/archive/88c2618fdd2063356338f1e7180991d3aeb773b9.jpg,57667641,BV1Ex41197wd,1562126109,2019/7/3,11:55:9,00:55,1330,4698,16715,4696,58466
【朱一旦】16 做了一件好事，满满的都是正能量，虽然枯燥但是我很欣慰,2462,3556951,//i1.hdslb.com/bfs/archive/dd73e542af117e577a282ae248ae15199c0e5fcd.jpg,57487840,BV1Yx411X75T,1561993600,2019/7/1,23:6:40,01:10,1388,6902,29252,8339,68541
【朱一旦】15 背井离乡的孩子，有前途,1764,3084707,//i1.hdslb.com/bfs/archive/b6b5d1722a490a6e150b4da8c34e0823617dfa65.jpg,57130615,BV1Ax411o7fm,1561719009,2019/6/28,18:50:9,01:00,746,4623,15406,4434,51027
【朱一旦】14 听说女神离婚了，让秘书买了去韩国的机票，差点去了韩国,1336,2658842,//i2.hdslb.com/bfs/archive/b3e77afab35048879b401dd6062e1757448b824d.jpg,57027905,BV1ax411d7tY,1561636525,2019/6/27,19:55:25,01:00,484,3156,11279,1688,41873
【朱一旦】13 出差也不让我省心,1159,2853008,//i1.hdslb.com/bfs/archive/3ebac4505283e668db8883a2fe1a754e75264185.jpg,56927400,BV1wx411d71X,1561554845,2019/6/26,21:14:5,01:00,706,3224,8252,1663,41335
【朱一旦】12 找了个营养学博士给我定制了食谱，有钱人的快乐就是这么朴实无华且枯燥,1104,3009057,//i1.hdslb.com/bfs/archive/cc05fda87c9fbf09394af93867ba27676fcf3747.jpg,56860873,BV1Wx411Z7sp,1561513315,2019/6/26,9:41:55,00:59,1242,4479,10982,3315,47329
【朱一旦】11 给员工投资开了一个理发店，看着他开心的像个孩子，我充实而又欣慰,771,3194525,//i0.hdslb.com/bfs/archive/c34241ce32aee33a16cb63a3bbd7b38eb7168264.jpg,56821393,BV13x411Z7KE,1561469079,2019/6/25,21:24:39,00:59,792,3619,9204,2951,44709
【朱一旦】10 给远方亲戚的儿子，提供一份工作，看到他拼命工作的样子，我充实而又欣慰,545,1980483,//i1.hdslb.com/bfs/archive/c4c10cd112e9ee5c8e7e0174af3bcdb1b2a43306.jpg,56785993,BV1Ux411o7zQ,1561449348,2019/6/25,15:55:48,00:52,243,2224,5369,970,33844
【朱一旦】09 新买了一台笔记本，配上我的劳力士，无形中散发着金钱的气味,692,2730582,//i1.hdslb.com/bfs/archive/5163846e89e5a3b6be31904e9b77b45c055b446a.jpg,56777975,BV12x411o73Q,1561442650,2019/6/25,14:4:10,00:53,794,4177,9044,4018,46802
【朱一旦】08 有钱人的相亲就是这么索然无味且枯燥,962,2942094,//i2.hdslb.com/bfs/archive/08f6c2b2daa0cace67ad4e205c992a5904db23df.jpg,56766810,BV1Rx411o7hx,1561435551,2019/6/25,12:5:51,01:00,790,4399,13002,4649,50374
【朱一旦】07把酒肉朋友的妹妹安排的明明白白，有钱人的枯燥就是这么大差不差,881,3572640,//i1.hdslb.com/bfs/archive/69e86be4d64c8bc05092b1d0f8ee231520b9d3f3.jpg,56752453,BV1zx411o7Eg,1561424102,2019/6/25,8:55:2,01:00,1270,11175,20683,18389,66754
【朱一旦】当着销售冠军的面，奖励销售亚军，这感觉朴实无华又枯燥,596,2309546,//i1.hdslb.com/bfs/archive/6182a86601c4f3858cda1f3930083183da47f704.jpg,56752555,BV1zx411o77p,1561424098,2019/6/25,8:54:58,00:55,667,3258,5994,5371,38688
【朱一旦】有钱人的圈子，就是这么错综复杂，且枯燥！,1267,4208484,//i0.hdslb.com/bfs/archive/247480400c78c0b58d83d1548e9df5cd66324e33.jpg,56711092,BV14x411o7eB,1561382631,2019/6/24,21:23:51,01:00,1149,8898,19605,11491,62143
【朱一旦】想给自己写一部传记，却发现原来我们有钱人的生活如此单调且枯燥！,697,2521708,//i1.hdslb.com/bfs/archive/4a7c5141bdd17a0070b6187b2be7a0ac0cb5c50e.jpg,56688763,BV1hx411o7E1,1561370196,2019/6/24,17:56:36,00:57,654,3185,7236,2598,43543
【朱一旦】儿时的女神竟然变得如此枯燥！我狠狠心还是接受了她！,480,2826475,//i1.hdslb.com/bfs/archive/d1c15c5dbba9f9f80ffe76f5f9c5f7c4da922f25.jpg,56677923,BV1jx411o7mq,1561361569,2019/6/24,15:32:49,00:51,635,3222,5650,2172,43501
【朱一旦】被一个二流子撞到，我反手给了他一笔钱，感化的过程充满了金钱的枯燥！,671,2903012,//i2.hdslb.com/bfs/archive/10cddab8d9b8139771665079c0d8a99b498c3090.jpg,56668107,BV1px411o7jS,1561359077,2019/6/24,14:51:17,01:00,845,3966,7226,10169,47157
【朱一旦】吹着自然风，看着我的劳力士，有钱真是枯燥！,805,3198740,//i2.hdslb.com/bfs/archive/7f5f6c65880caff63ac9dacd3a483df8a8c2c066.jpg,56655219,BV1Mx411o72m,1561353439,2019/6/24,13:17:19,00:49,568,3960,7959,5142,52387
【朱一旦】有钱人的生活就是这么朴实无华又枯燥,1943,4944570,//i2.hdslb.com/bfs/archive/de621b7be44a9634a4da26f1c53c2ccb71050e52.jpg,56645328,BV1Kx411o7fe,1561340238,2019/6/24,9:37:18,00:49,2109,15616,22614,35954,108924
