﻿title,comment,play,pic,aid,bvid,created,date,time,length,video_review,favorite,coin,share,like
改善肋骨外翻运动，靠呼吸快速减腰围、缩肚子、丰胸！提升核心改善体态！【周六野Zoey】,1208,317388,//i0.hdslb.com/bfs/archive/5b324d1ad658358de716da0263974a35c7cc7377.jpg,200918629,BV1gz411i7mE,1591873053,2020/6/11,18:57:33,28:43,1176,38668,5988,2310,15659
10分钟下腹部小肚子运动｜高效燃脂、无工具【周六野Zoey】,2021,626602,//i0.hdslb.com/bfs/archive/f69e7ace3fd89e75b2339ddf70e4a8885325763c.jpg,625925680,BV1Mt4y1y7Pt,1591273746,2020/6/4,20:29:6,13:14,3175,79062,9667,6372,27937
20分钟全程躺趴全身燃脂塑形运动｜无跳动、膝盖友好【周六野Zoey】,2382,904500,//i0.hdslb.com/bfs/archive/b7c70bc366a8ec35e26de44b28aaae1b0b6aecc5.jpg,710811611,BV15Q4y1P7Ms,1590660301,2020/5/28,18:5:1,20:15,4640,123980,15865,10665,37584
10分钟进阶腹肌运动｜无工具瘦腰、超燃马甲线【周六野Zoey】,2545,750368,//i0.hdslb.com/bfs/archive/cfcb43f9a8e2ccdd7b7642a7acebc124e07b5b3e.jpg,328295628,BV1jA411q7ix,1590062691,2020/5/21,20:4:51,10:47,3661,71447,8210,7744,22874
520征婚现场【周六野Zoey】,808,270426,//i2.hdslb.com/bfs/archive/128c49d5eac64cbcf809c17ddc0a713b5f2b87c7.jpg,540662459,BV1Gi4y1477d,1589894219,2020/5/19,21:16:59,07:25,1593,495,844,188,12841
我一天都吃了什么？都多少卡路里？分享我的一日三餐健康食谱！【周六野Zoey】,1312,464903,//i2.hdslb.com/bfs/archive/9662c57916a08c2774c04925abb862bde497ac71.jpg,710649279,BV1KQ4y1K7fQ,1589456799,2020/5/14,19:46:39,02:46,622,3429,1252,1054,16940
曝光我的一天VLOG｜自律的小技巧【周六野Zoey】,1384,503263,//i0.hdslb.com/bfs/archive/5a12ca01fb1e3883802db609e26aaf7b2d5162e4.jpg,668089407,BV1ta4y1i7gG,1588855844,2020/5/7,20:50:44,05:13,1578,5872,5832,1438,29240
10分钟高效增强臀腿柔韧性拉伸运动，改善腿型、增高，让腿肌又长又直，坐位体前屈马上成功！（素颜公开x碧欧泉）【周六野Zoey】,1742,857038,//i0.hdslb.com/bfs/archive/7641f6f8a4a039f72e93dcb653024b23c5dfea29.jpg,540496709,BV1Pi4y1b7un,1588251636,2020/4/30,21:0:36,33:36,4798,75941,8259,5609,28186
15分钟美背运动，超燃烧紧实背部线条，改善驼背圆肩，气场飙升【周六野Zoey】,3548,1351160,//i0.hdslb.com/bfs/archive/7ff154e370d228e8e4e7fde3607f87e0d0f759f5.jpg,455458438,BV1f5411x7eW,1587647078,2020/4/23,21:4:38,20:09,10948,144326,14013,10967,41919
约吗？约了些会，这些男人我爱了！- 闺蜜没秘密 第19期【周六野Zoey】,2400,662200,//i0.hdslb.com/bfs/archive/d0d4e425f73d9832df2a3924006ab5d2993560e0.jpg,327764767,BV1gA411b7vs,1587045386,2020/4/16,21:56:26,20:38,5771,6944,14641,2973,32457
10分钟床上运动，提臀瘦腿，超刺激【周六野Zoey】,4401,1780005,//i2.hdslb.com/bfs/archive/43d962bdacbb91f7abff72b9aa4f43bfd267b9a1.jpg,200055707,BV1Vz411b784,1585825679,2020/4/2,19:7:59,12:19,13194,184509,21402,18298,62049
丰胸必看！！一个俯卧撑都不会？马上学会！乳沟升杯不是问题！【周六野Zoey】,1967,691917,//i2.hdslb.com/bfs/archive/55bab972e30c0eb41b54b0d7e597bb8756e37db4.jpg,242536100,BV1Ve411x7T8,1585396384,2020/3/28,19:53:4,06:08,817,53796,7360,9627,25878
五分钟马甲线运动！练出侧腰曲线，简单高效，适合入门！【周六野Zoey】,7731,2885280,//i0.hdslb.com/bfs/archive/e7c768db64e33ebec2f2f6176c95427cd03d92e1.jpg,97647233,BV1DE411P7xG,1584623270,2020/3/19,21:7:50,07:42,27679,281922,31867,31860,81860
10分钟进阶丰胸运动！亲测超明显升杯提胸、练出乳沟！消副乳瘦手臂！【周六野Zoey】,11524,3086367,//i1.hdslb.com/bfs/archive/f55f2f6815c8cd2a34d7eb9cd4eb12671aa4f4ff.jpg,95768845,BV1AE41157EK,1584023436,2020/3/12,22:30:36,15:05,32310,329572,47240,79311,89974
10分钟美腿拉伸运动，变直变长，改善腿型！【周六野Zoey】,11896,2509200,//i0.hdslb.com/bfs/archive/f0f6b7404d3fb209b944e9266c7f0ec4ced48f32.jpg,93951850,BV1kE411W75u,1583410188,2020/3/5,20:9:48,15:07,17606,258128,24030,17802,68710
奇怪的健身动作增加了！,4002,1797396,//i0.hdslb.com/bfs/archive/2d706d4cd42338849b7d5f42027bef97f269cd5b.jpg,91243304,BV1Y7411M7VD,1582511760,2020/2/24,10:36:0,06:11,24414,16570,22133,6574,105036
我和我的情人|一封写在2020情人节的信【周六野Zoey】,1523,446785,//i2.hdslb.com/bfs/archive/fb6cc63b2d2ce40ade479a1c4c8b3427ab4c5d3b.jpg,88957051,BV1L7411g7SP,1581678463,2020/2/14,19:7:43,03:03,721,4278,8911,1289,25463
7天矫正驼背圆肩，每天2分钟1个动作美背【周六野Zoey】,12278,3608380,//i0.hdslb.com/bfs/archive/9b38c79173015c8401684bece646fee11ddc8310.jpg,84716952,BV1z7411a7Rc,1579774716,2020/1/23,18:18:36,05:58,27069,375681,39313,54932,92817
7天2分钟平板支撑打卡挑战！21天的新年打卡计划来加入吧！【周六野Zoey】,7871,1065776,//i2.hdslb.com/bfs/archive/355835b3b7e4d05b1ca002bda9118bc97a4aba08.jpg,83681216,BV16J41177HN,1579172509,2020/1/16,19:1:49,03:17,27706,53556,7246,8083,23710
2019年太糟糕！分手、焦虑、孤独的一年【周六野Zoey】,4823,940729,//i0.hdslb.com/bfs/archive/5d578bce0ebae45a52ffc20726bdeb9a82904aa4.jpg,81932811,BV1ZJ411j7Dz,1578058168,2020/1/3,21:29:28,13:22,7657,7470,24313,3010,47227
20分钟全程站立燃脂有氧运动（P2加配音）｜进阶版【周六野Zoey】,4745,4280404,//i2.hdslb.com/bfs/archive/ff0fd19e99d2e2902ff9890b91d0e05cc00de02e.jpg,79929935,BV1GJ411b75r,1576818521,2019/12/20,13:8:41,44:14,23877,296743,28880,60788,50657
10分钟伸展燃烧有氧运动！适合冬季懒人舒展身体和取暖燃脂升温！【周六野】,1574,1491063,//i2.hdslb.com/bfs/archive/cc93c5c49fa29905d73730b850382c69a66a435e.jpg,79075007,BV1qJ411C7sq,1576221932,2019/12/13,15:25:32,11:55,7036,104097,13659,16210,29936
5分钟女性盆底肌训练，让私处更紧致，掌控自己的快感、产后修复、解决漏尿【周六野】,1912,1174851,//i1.hdslb.com/bfs/archive/36fc55df69704780ff5281ae4b564e6dfa10cc5a.jpg,75740070,BV1CJ411D7nR,1574339980,2019/11/21,20:39:40,11:22,4203,122344,21182,20156,39472
【周六野】吃火锅看花滑谈护肤 一起感受冰与火的重庆-吃货瘦子vlog,353,219586,//i2.hdslb.com/bfs/archive/a99a8a66be656dd3b8cf85731dfa716f0b751156.jpg,75468225,BV1yE411e7zC,1573564005,2019/11/12,21:6:45,05:49,425,404,511,246,5773
【周六野】缓解关节磨损，下巴变短？变矮？关节疼？,396,322906,//i1.hdslb.com/bfs/archive/6de56c2b006221e2719717d098b111784234760c.jpg,75244145,BV1qE411Y7oP,1573390850,2019/11/10,21:0:50,07:15,229,5604,671,762,4897
【周六野】膝关节康复运动，用泡沫轴解决膝盖疼痛问题！,590,277664,//i0.hdslb.com/bfs/archive/f0ae670b2e057dc76603aa77ffc20ec9331be5b9.jpg,74655284,BV1zE411B7Xe,1572955486,2019/11/5,20:4:46,08:49,418,16351,2089,4688,7829
【周六野】5分钟天鹅颈肩颈运动，缓解颈椎痛，双十一买买买也别忘了舒缓脖子酸痛,3532,4271527,//i0.hdslb.com/bfs/archive/0e48a70d359354fadf823df78f40aa762d538edf.jpg,74540084,BV19E411q79W,1572863948,2019/11/4,18:39:8,17:03,25448,383101,44782,66612,89171
腰椎间盘突出康复运动，改善和预防腰酸背痛【周六野Zoey】,1324,510556,//i2.hdslb.com/bfs/archive/db970222955e42bc61326ad944801f0ea074b364.jpg,73265234,BV1UE411y718,1571916126,2019/10/24,19:22:6,11:33,1194,50027,9776,27777,18088
曝光我在上海的单身独居生活/带你参观我的家/Apartment Tour【周六野Zoey】,1126,537947,//i2.hdslb.com/bfs/archive/2d7e580102d799f9d3493493b510aa6d62b95cf8.jpg,73069782,BV1bE41127SH,1571750368,2019/10/22,21:19:28,05:17,1495,2395,7543,706,23872
【周六野】在海景房深蹲蹦迪，闺蜜秀好身材，唱歌感动天地 | 青岛Vlog,325,238206,//i1.hdslb.com/bfs/archive/fa5cb019817cfa71f46ca53d6cd4d48940910539.jpg,67102127,BV1B4411C7R5,1568019626,2019/9/9,17:0:26,08:13,562,702,761,496,6030
【周六野】我在上海滑板、攀岩和潜水？周末这样活力难道会胖? | 上海Vlog,333,186147,//i1.hdslb.com/bfs/archive/2c2daac09fe0ef9e8407b90327a3916ab5c27d0a.jpg,66616772,BV1S4411C75A,1567596237,2019/9/4,19:23:57,03:57,323,565,968,326,6590
臀腿拉伸，改善腿型，让腿更美更直更长！【周六野Zoey】,1608,1595666,//i2.hdslb.com/bfs/archive/2fd13914356735a11f6cc17be459b87e5f2a6af4.jpg,63865440,BV1C4411U7Zy,1565880097,2019/8/15,22:41:37,07:58,1910,131236,14229,7834,39206
【周六野】正确的睡姿，改善腰酸背痛、驼背圆肩！,2809,1698241,//i0.hdslb.com/bfs/archive/a454e160b77312b419e05b31bd04e8b7e4559b97.jpg,62696059,BV1Gt411N7ow,1565219110,2019/8/8,7:5:10,11:12,5598,68612,21051,11390,56132
【周六野】我们遇到过的渣男和如何应对的-闺蜜没秘密#16,2251,470656,//i1.hdslb.com/bfs/archive/2bdac254bd3115b878ba21143d2345cfe230f026.jpg,61767265,BV1jt411F78Z,1564669318,2019/8/1,22:21:58,13:30,3361,4088,5931,1901,19076
【周六野】我去健身房都做什么运动？,903,389171,//i0.hdslb.com/bfs/archive/ad4c407d52b03ee552cfc80aaa701f9a3f8621d3.jpg,57831399,BV1g4411A7n9,1562235576,2019/7/4,18:19:36,07:40,936,9866,2505,1374,8794
【周六野】自卑丑小鸭十年蜕变心路历程和十年后的规划,3992,1129305,//i2.hdslb.com/bfs/archive/5eb826591c2446bfca3b8966a818511ebb408ae8.jpg,56193932,BV1d4411g7eH,1561021978,2019/6/20,17:12:58,10:33,9415,9896,16481,1143,36450
【周六野】我的运动不脱妆！,4958,263375,//i2.hdslb.com/bfs/archive/da08cdb7179f362a3097ac118c8cb123f826c5b0.jpg,55465860,BV184411P76R,1560421306,2019/6/13,18:21:46,01:36,931,1512,1972,322,6743
【周六野】12分钟瘦腿运动详解！我的瘦腿秘籍！,4827,1992078,//i0.hdslb.com/bfs/archive/6de90fadd5b760fc3f2a097bfe1f25a28dcad160.jpg,55179290,BV1k4411N7mk,1560164925,2019/6/10,19:8:45,04:32,845,84419,11893,6446,33465
【周六野】大基数体重减肥的常见问题与动作指导！顽固肚子？膝盖保护？平台期？,5609,1060505,//i1.hdslb.com/bfs/archive/a7785082d392e5b93b15a100f3aae5309e53102b.jpg,54744334,BV1Q4411M7SV,1559828078,2019/6/6,21:34:38,14:44,3737,34626,10480,8263,22766
【周六野】5分钟马甲线小蛮腰+瘦手臂运动，同时针对侧腰、腹部、手臂！,3104,2951284,//i2.hdslb.com/bfs/archive/43e9193419001c9ac2d8b7456a5c4517a7e051ca.jpg,54075603,BV1y4411H7ps,1559219209,2019/5/30,20:26:49,07:11,16358,262098,24057,26945,54379
我是B站UP主，我为女足加油！,390,126476,//i0.hdslb.com/bfs/archive/f731ba4ba52cfd2b3c0f750fd4d3829ccb121c97.jpg,53805560,BV1w4411W7o2,1559008801,2019/5/28,10:0:1,01:06,303,408,1445,918,9401
【周六野】我的一日三餐食谱公开！这样吃不健康瘦才怪！与世界卫生组织合作的公益宣传片,821,883300,//i1.hdslb.com/bfs/archive/d7d188dfd23c5f7fdca1ab7267bb37b3f380d0d0.jpg,53154571,BV1c441177k4,1558422723,2019/5/21,15:12:3,03:22,537,15353,2672,2138,15548
"Zoey接受魔鬼问题采访,惨叫连连 | 怀疑人生、健身的意义【周六野】",586,184927,//i2.hdslb.com/bfs/archive/ce5517b35ef918a9542caad8302c9a3a91b3ae9b.jpg,52105739,BV1M4411e7yC,1557549849,2019/5/11,12:44:9,05:23,586,788,1738,186,6774
【周六野】平板支撑打卡挑战Day1！及正确做法！,15553,1036797,//i1.hdslb.com/bfs/archive/9ed6d6040d4de3191e648609f2005351691b3f38.jpg,50165295,BV1Ub41137SF,1555935517,2019/4/22,20:18:37,03:15,21567,46102,8243,6403,24870
【周六野】10分钟翘臀瘦腿运动！针对大腿外侧，改善臀凹陷，更显腿长,5578,5352836,//i2.hdslb.com/bfs/archive/fee2a009afb29bcf36aa194ced9743a8aa530656.jpg,49726866,BV1ob41157TT,1555591526,2019/4/18,20:45:26,12:16,28114,499368,31848,43298,78433
10分钟全程站立马甲线瘦腰运动，适合春天，膝盖友好，无工具【周六野】,13591,6875728,//i1.hdslb.com/bfs/archive/6cf961be2b8bb25ac7d668c0b3b9f8bcdcb5cd51.jpg,47631191,BV1rb411x7W5,1553824639,2019/3/29,9:57:19,11:45,44079,526341,58752,82890,102529
30天每天100个臀桥挑战结果！腰细了？臀小了4厘米还翘了？【周六野】,4159,2184165,//i0.hdslb.com/bfs/archive/f20c035e97264934ba6195f1b0b9b3c4e7401228.jpg,46926440,BV1Qb411j7dU,1553174624,2019/3/21,21:23:44,12:04,2391,84533,7047,13008,22824
【周六野】7天深蹲挑战，正确做法和好处！瘦腿提臀马甲线？腿变粗？矫正腿型？,6731,1652131,//i0.hdslb.com/bfs/archive/dde1c4294d20755b966831fdc87439bc37729dd6.jpg,46207635,BV1jb411H7FF,1552536981,2019/3/14,12:16:21,05:54,11296,124249,15977,16286,31828
【周六野】如何交到新朋友、约会聊天不尴尬？10个克服社交恐惧、恐男的小技巧！谈话技巧！-闺蜜没秘密#15,2043,357546,//i0.hdslb.com/bfs/archive/0d9bbb9ae543622e828179351e39e0cc62797f83.jpg,45578779,BV16b411q7Mn,1551960041,2019/3/7,20:0:41,14:14,3635,13357,8205,1362,16869
【周六野】我的晚餐吃什么 | 吃货瘦子Vlog#7,578,320157,//i1.hdslb.com/bfs/archive/15a88f640948b28989b3828d5d8602ef14f49f16.jpg,44950866,BV1Nb411b7n2,1551358976,2019/2/28,21:2:56,10:19,1078,2637,1248,461,5879
【周六野】床上瑜伽 | 基础拉伸加强柔韧性，改善驼背圆肩腰酸背痛,3651,3024093,//i2.hdslb.com/bfs/archive/2a41f9f9ccfd70d76de2ee30a749d4cf5a21abbc.jpg,44281041,BV1Qb411Y75p,1550744752,2019/2/21,18:25:52,10:16,17265,258029,28155,33173,55155
【周六野】30天每天100个臀桥挑战Day1,5106,965621,//i0.hdslb.com/bfs/archive/39ed3a599f7473bc85617a24fddaa200449f3d87.jpg,44003168,BV1kb411175y,1550503283,2019/2/18,23:21:23,01:09,3286,24299,1919,5260,10029
【周六野】单身如何快乐？好男人都在哪？我脱单前的修炼-闺蜜没秘密#14,1653,361767,//i2.hdslb.com/bfs/archive/d6d1903ef1aa1f6e0472b61a1c39eeeded603e13.jpg,43560658,BV17b41127GB,1550152308,2019/2/14,21:51:48,13:59,3603,9914,21243,4176,27291
【周六野】3个“吃不胖”秘诀和3个减肥瘦身的“千万不要”,2379,1251743,//i1.hdslb.com/bfs/archive/bb9fbee56b4457041e817f5519e00e41ce9d3702.jpg,42453048,BV1Mb411C7mT,1549111129,2019/2/2,20:38:49,12:48,8340,31226,18700,9305,39433
【周六野】健身博主的上午-早餐午餐、晨练、工作计划 |吃货瘦子VLOG#6,415,205883,//i2.hdslb.com/bfs/archive/aa51f2d8463fa6f19cf74957b2716ce9f3717fce.jpg,41021743,BV1ct411a7dG,1547789128,2019/1/18,13:25:28,08:50,619,2136,1197,408,5024
【周六野】五分钟在家瘦腰运动！小升级挑战版！做过马甲线原版的来挑战！,3604,2270314,//i1.hdslb.com/bfs/archive/f82942e6862945d6ad7efdc7eec4377251b723c6.jpg,39155175,BV1Lt411r7Eb,1545909136,2018/12/27,19:12:16,07:06,9938,161709,13437,18388,27180
【周六野】20分钟低难度有氧运动 | 腰腿| 燃脂| 无工具高体脂大基数入门适合,24727,9372133,//i0.hdslb.com/bfs/archive/674745adb945747f73c76a92e978b631764a5a77.jpg,38601443,BV1Vt411Y7n1,1545311085,2018/12/20,21:4:45,21:51,98255,654889,84631,177705,134249
【周六野】啪啪啪前后及过程中的清洁护理 | 尴尬如何开口？,1355,1202975,//i1.hdslb.com/bfs/archive/bfea39613cc4b7e3c4dbf033afe1431031c0c172.jpg,38071468,BV16t411v7f7,1544710241,2018/12/13,22:10:41,08:22,3226,13426,13118,18490,25464
【周六野】克服面对妇科男科疾病的心理障碍、看医生,609,169289,//i0.hdslb.com/bfs/archive/7f6c8eeadfcff104a739848dc212df32b90f5727.jpg,37555475,BV1Jt411S7hY,1544098305,2018/12/6,20:11:45,07:37,408,1649,2872,1013,5858
【周六野】5分钟臀腿加强运动| 膝盖友好| 提升核心力量| 瑜伽球|入门适用,451,439843,//i1.hdslb.com/bfs/archive/058f66b44657c68921829f791fc4c402722af449.jpg,37015837,BV1mt411Q79K,1543487224,2018/11/29,18:27:4,07:15,663,25992,1850,1896,6016
【周六野】淘宝40斤开箱试穿和书分享 |海外如何快速购买淘宝京东？,404,203912,//i1.hdslb.com/bfs/archive/d87ae303b25dc68d27efc8c38beae80cd854b226.jpg,36525345,BV19t411C72Z,1542890460,2018/11/22,20:41:0,12:50,1157,1765,2244,284,6029
5分钟马甲线、腰背线条核心力量加强运动 | 瑜伽球【周六野Zoey】,642,414335,//i1.hdslb.com/bfs/archive/ea70f13a46eb5c528798c5785c6bbd5de9822b57.jpg,36018885,BV1St41127oS,1542279981,2018/11/15,19:6:21,07:32,1205,22292,1867,2325,5753
重新认识女生的“小妹妹”，闻起来像酒？经验分享和科普【周六野Zoey】,2397,870066,//i0.hdslb.com/bfs/archive/352939231f674b04c9e85c508d1e2c00df33b481.jpg,35585122,BV1Yb411c7Do,1541731523,2018/11/9,10:45:23,11:49,8310,13012,33606,13078,42543
减肥速度慢？天生肌肉型？如何加快收效？|我的基因大曝光！混血|卖唱【周六野Zoey】,2154,373326,//i0.hdslb.com/bfs/archive/c1c152935a06511dc47fbe91b4130dbbc75e3468.jpg,34645886,BV1Fb411N7uJ,1540552086,2018/10/26,19:8:6,09:31,585,5013,1177,856,4966
10分钟改善斜方肌粗大、溜肩圆肩富贵包、背厚、肩颈背疼痛、高低肩！【周六野Zoey】,37399,25551824,//i1.hdslb.com/bfs/archive/746e3c53d9a7a15e2436b5c57431a2caf4eb328e.jpg,34107674,BV1kt411d7Ht,1539869097,2018/10/18,21:24:57,18:03,240513,1766987,196082,429198,388153
【周六野Zoey】超低难度全身塑形有氧运动，假后恢复、懒人入门、坐着完成！,3524,686858,//i0.hdslb.com/bfs/archive/bae7a9db19b705933620e3e16996709d5a97b2e8.jpg,33618273,BV1Yt411f7n4,1539258791,2018/10/11,19:53:11,12:21,1941,62804,5769,6257,12505
【周六野】运动多久能瘦？瘦多少斤？坚持不住怎么办？没时间怎么办？,4660,788278,//i2.hdslb.com/bfs/archive/1c30577c232dc47fecbae2c3cb2cd9f84345eea1.jpg,28365789,BV1gs41137kb,1533217609,2018/8/2,21:46:49,07:30,1525,11870,5686,2324,12217
8分钟进阶美背运动！摆脱虎背熊腰和拜拜肉，成为背影杀手！【周六野Zoey】,2961,2851213,//i2.hdslb.com/bfs/archive/5a4bfb5cdf8ee9be4f6267745d3b23e2e4a3491b.jpg,27159584,BV1Ws411E7kB,1531915120,2018/7/18,19:58:40,09:35,4531,200297,10882,15196,23785
10分钟瘦腿提臀阻力带塑形运动！塑造完美腰臀腿线条！,1288,918096,//i2.hdslb.com/bfs/archive/d71f3abf35357a87df4a5d9fad130cd27e47a4eb.jpg,26556689,BV1Qs411n7ab,1531218788,2018/7/10,18:33:8,14:03,3010,80280,4590,6679,9362
聊一聊我被性骚扰的事和安全感【周六野Zoey】,4905,418923,//i0.hdslb.com/bfs/archive/36f32a65f377367138408337d1c852f2827a946a.jpg,25155000,BV1zW411c7bt,1529320923,2018/6/18,19:22:3,14:44,4307,4400,14367,1946,18390
5分钟瘦手臂运动，无工具坐着完成超酸爽！【周六野Zoey】,16207,7306695,//i1.hdslb.com/bfs/archive/05672d6827fe1eb98932e703a103022afd4b2395.jpg,24376193,BV1yW411N7uG,1528110792,2018/6/4,19:13:12,09:58,71381,562607,48790,82601,97452
一个动作改善驼背圆肩、脖子前倾和“富贵包”！1分钟就见效！随时随地做！【周六野Zoey】,2979,2549309,//i0.hdslb.com/bfs/archive/b4dbcb2d07006d39c08a2419e45637706bb23511.jpg,24134944,BV1bW411P79X,1527657710,2018/5/30,13:21:50,03:07,2958,231603,24241,29832,48500
10分钟改善腿型运动！假胯宽？X型腿XO型腿？梨形？臀凹陷？一网打尽【周六野Zoey】,9092,5364212,//i0.hdslb.com/bfs/archive/509de6b207702de5bb5814cef1d87521e4e57e87.jpg,24065538,BV15p411d742,1527507694,2018/5/28,19:41:34,11:32,24157,519627,38042,36267,74158
改善假胯宽、X型腿、臀凹陷，改善梨形身材和腿型臀形的方法【周六野Zoey】,2014,1776158,//i1.hdslb.com/bfs/archive/c37ea65c855ca19b17ce8e7bc298d1e15823afab.jpg,23870890,BV1Vp411R77t,1527160961,2018/5/24,19:22:41,10:27,3856,158766,13467,9223,28395
8分钟月经期和生病时的舒缓瑜伽运动，亲测减少痛感、更快恢复超有效！【周六野Zoey】,1146,858630,//i0.hdslb.com/bfs/archive/f4ca5b21a2aa892f0cc48f3edc076dfde2d038b8.jpg,23560366,BV1wp411f7hx,1526558410,2018/5/17,20:0:10,10:53,1480,122013,8106,13315,17265
如何选择运动内衣？对胸部健康和运动效率很重要！,1717,414754,//i1.hdslb.com/bfs/archive/bd5289d501d9f157696f8c2180d47b663d817d6c.jpg,22954933,BV1XW41137Rs,1525405294,2018/5/4,11:41:34,10:02,1174,11044,2530,1782,7277
膝盖受伤？是选错了运动鞋！运动鞋选择及4款鞋测评,445,257196,//i2.hdslb.com/bfs/archive/7a5ce08612c7a3708a40790ce293f2d70a75c073.jpg,22674497,BV1KW411V7qv,1524896106,2018/4/28,14:15:6,09:16,990,4687,887,572,2703
我的第一次！分享交往恋爱身心准备！【周六野Zoey】,3594,972295,//i2.hdslb.com/bfs/archive/f50d2f10caaa1dbdffd310fe5f64344ef26cdfca.jpg,21876355,BV1JW411K7tm,1523275218,2018/4/9,20:0:18,12:24,9068,13230,29917,20633,29282
10分钟全身超燃脂有氧运动，突破平台期加速减脂HIIT，强度升级【周六野Zoey】,10978,5330858,//i2.hdslb.com/bfs/archive/31b4beb0952fc702847c27f2bcee619fb6a219f4.jpg,20998978,BV19W411u7Q8,1521519683,2018/3/20,12:21:23,11:17,22639,417541,30444,60048,53913
如何瘦小腿，针对肌肉腿和脂肪腿的方法及要避免的动作【周六野Zoey】,2531,1887843,//i2.hdslb.com/bfs/archive/a47b892810f0efef201ad8e7d8a425cba1c8352a.jpg,20212321,BV16W411s7fq,1519880221,2018/3/1,12:57:1,08:19,5966,99147,12873,8250,26159
5分钟无跳动膝盖友好瘦腿提臀运动，全程躺着完成【周六野Zoey】,10813,3832476,//i1.hdslb.com/bfs/archive/b591c9007eb89f23cbd2062369d5ad81a829c1fa.jpg,19855888,BV1bW41177Hc,1519201899,2018/2/21,16:31:39,06:27,28157,294330,24877,35179,41896
我的避孕经验分享，情人节啪啪更放心！家长医生不告诉你的那些事【周六野Zoey】,1875,625434,//i2.hdslb.com/bfs/archive/cd9053168cf7b05be86f0e6b79750202f62584ad.jpg,19485579,BV17W411E7jG,1518417312,2018/2/12,14:35:12,12:05,4276,13060,19663,20480,16391
超后悔！千万别忽视智齿，害惨了我的牙！拔牙和牙齿护理经验分享【周六野Zoey】,1084,171481,//i2.hdslb.com/bfs/archive/1fd012269c504324a978d394aed9972d0834a8d9.jpg,19206607,BV1kW411J79Y,1517887642,2018/2/6,11:27:22,07:56,788,2872,959,1045,2711
无跳动不伤膝盖超燃脂有氧运动，20分钟无工具低强度减肥操【周六野Zoey】,22678,9697384,//i1.hdslb.com/bfs/archive/e99d0d3332bfa772b10755a3bb06a3f0b13c8a4c.jpg,18749938,BV1bW411e7w2,1516948017,2018/1/26,14:26:57,21:13,65796,705958,82551,161171,126510
2018如何坚持健身减肥、学习工作的目标和动力！我的新年计划！【周六野Zoey】,711,103747,//i0.hdslb.com/bfs/archive/a873859ffcaa60784cf8d3a9d72b665e694de985.jpg,18098230,BV1hW411i7To,1515400546,2018/1/8,16:35:46,12:00,726,3042,2282,447,2370
爱用品分享，美白牙齿敏感肌混油皮护肤美妆【周六野Zoey】,235,131902,//i2.hdslb.com/bfs/archive/fd6b264276c1659231e9d9313415793e65a17e5b.jpg,17260082,BV1wW411a7qD,1513254793,2017/12/14,20:33:13,11:21,549,5025,1426,273,2767
肚子大很难消减？饭后马甲线不见了？你不是胖，是腹胀！【周六野Zoey】,1027,1080576,//i1.hdslb.com/bfs/archive/fddd9d11030610573d4797b13477167264855ebf.jpg,16818437,BV1zW411a72G,1512100808,2017/12/1,12:0:8,12:31,2695,37921,3736,4698,10198
3分钟马甲线运动，椅子版本，适合工作学习看剧坐着休息时练,1603,609304,//i1.hdslb.com/bfs/archive/ee23954efd46953fa88ed149bf10405c0df51f83.jpg,16413863,BV1hx411L7bP,1510919416,2017/11/17,19:50:16,04:40,3452,65780,4639,7467,8008
5分钟瘦下腹运动，减顽固小肚子，塑造马甲线下腹肌小蛮腰【周六野Zoey】,18415,10828120,//i1.hdslb.com/bfs/archive/262c6a4126ff539e7e5765cafab1d2a4deea5c81.jpg,16199500,BV1Lx41177uf,1510322033,2017/11/10,21:53:53,07:55,65318,804659,61662,114551,121660
最有效的瘦脸方法，瘦脸运动！脂肪脸双下巴、水肿脸、大咬肌统统搞定！【周六野Zoey】,2693,2094281,//i2.hdslb.com/bfs/archive/30fd966968c0a003d64676351e97b44b2bf9a9ef.jpg,15766255,BV1yx41177fK,1509089436,2017/10/27,15:30:36,14:32,10880,128003,14294,12120,35824
2分钟教室办公室拉伸运动，在座位上舒缓全身，预防颈椎病及腰酸背痛【周六野Zoey】,326,411830,//i1.hdslb.com/bfs/archive/0449497a45a80baf4ebb61cf9229a5407da8064f.jpg,15552680,BV1xx411M7V2,1508474261,2017/10/20,12:37:41,04:35,658,49273,4954,10348,7234
10分钟快速瘦小腿运动，超有效燃脂塑形打造细长腿，摆脱萝卜腿【周六野Zoey】,14894,6277350,//i2.hdslb.com/bfs/archive/f13718427e75e5296ebbc162d0baac1f443677b1.jpg,15348225,BV15x411g7T1,1507878270,2017/10/13,15:4:30,14:18,43561,527855,43302,55486,83450
5分钟床上运动之睡前拉伸！拉长肌肉线条，改善睡眠，舒缓身心，适合学生上班族和失眠宝宝【周六野Zoey】,10836,4363642,//i2.hdslb.com/bfs/archive/09110586bb8ac07ae7ab3b91761e1bddf45a8534.jpg,15093288,BV1sx41137qi,1507176345,2017/10/5,12:5:45,07:38,36969,410243,49978,59178,85853
床上运动第2弹！5分钟加速一天全身燃脂减肥瘦腰瘦腿！适合懒人或学生上班族！【周六野Zoey】,6721,2401129,//i1.hdslb.com/bfs/archive/6ed975e940237418465155f00a6c91ac3de42c86.jpg,14865597,BV1ox411G7RZ,1506593415,2017/9/28,18:10:15,08:53,20491,219738,23888,28686,35054
博主都是富二代？天生吃不胖？出国？口语？异国恋？关于我的50个问题+送福利【周六野Zoey】,1036,353539,//i0.hdslb.com/bfs/archive/05e00aabcf0a34870b6415c96f5597c6b8b8fce1.jpg,14657124,BV18x411x7FX,1505977636,2017/9/21,15:7:16,18:00,5750,8557,18888,3321,16622
运动脖子疼，腰酸背痛？错误健身减肥，后果很严重！入门必学保护颈椎腰椎技巧【周六野Zoey】,444,284550,//i0.hdslb.com/bfs/archive/b1eb1416f049672d98ab9dbe78dbb912fa00140f.jpg,14452524,BV14x411s7VV,1505373022,2017/9/14,15:10:22,11:00,1069,20329,3583,2788,5869
聊聊异味，黑色素，毛发，月经杯，不懂这些护理，你可能是假女生！送福利【周六野Zoey】,1052,406697,//i0.hdslb.com/bfs/archive/5c450ae1e798ca5f607f73666e818845504004a5.jpg,14270543,BV1wx41147UK,1504850483,2017/9/8,14:1:23,16:49,3870,15185,10657,2618,8716
6个常见错误瘦腿动作和误区！膝盖疼腰疼是因为你做错了！健身入门必学保护膝盖脊椎技巧【周六野Zoey】,382,331120,//i2.hdslb.com/bfs/archive/8429cce99c33250fa017277a828ff742d5055e20.jpg,14128006,BV1gx411b7FN,1504421917,2017/9/3,14:58:37,09:41,749,25855,4113,1919,5697
有氧运动VS无氧运动，慢跑vsHIIT，减肥到底哪个更快速，更适合你？【周六野Zoey】,1085,575217,//i0.hdslb.com/bfs/archive/094b62401318a21bc8bb45baec2400307e0d032f.jpg,12789599,BV1fx411W7Wv,1501484117,2017/7/31,14:55:17,10:28,1153,12366,2375,1487,5775
28天沙滩身材在家私教课❤快速减脂塑形赢大奖【周六野Zoey】,295,358845,//i1.hdslb.com/bfs/archive/67f88f348e0d258cb2ed602cdcc72b874241f589.jpg,12553624,BV13x411q7Le,1500940487,2017/7/25,7:54:47,00:58,77,6308,748,414,1439
9分钟瘦大腿+HIIT超燃脂运动，针对大腿内侧！28天比基尼身材挑战Week5【周六野Zoey】,14614,9141635,//i1.hdslb.com/bfs/archive/5633628fc855564fe5cb0dfdd8756c97b0b1ace8.jpg,12000092,BV1yx411z7PJ,1499492775,2017/7/8,13:46:15,12:26,53857,766194,48175,77326,108060
10分钟增强版腹肌马甲线人鱼线瘦腰运动！28天比基尼身材挑战Week4 【周六野Zoey】,9497,4344317,//i0.hdslb.com/bfs/archive/b1f40494a3e94b607bf80ef67c8340cba40516cc.jpg,11777418,BV17x411r7Eu,1498877698,2017/7/1,10:54:58,13:16,22756,276534,14696,41818,26707
在家健胸运动，丰胸增杯，练出事业线！想瘦胸防下垂的女生也看进来+送运动手环（比基尼挑战3）【周六野Zoey】,2280,946513,//i1.hdslb.com/bfs/archive/5aad717fdaa934fd74a474163e4fd9bc08e0aff1.jpg,11574188,BV15x41167jo,1498269652,2017/6/24,10:0:52,14:09,3145,97466,4917,9947,9491
关节响？害怕肌肉变太大，太粗壮？这些健身误区，后果很严重【周六野Zoey】,678,278579,//i1.hdslb.com/bfs/archive/918b418c64170ccdb4cb9611ef8f66664b22a137.jpg,11497354,BV1ix411h7aa,1498015025,2017/6/21,11:17:5,05:48,623,11404,1237,724,2522
性感美背训练，减副乳瘦后腰，穿露背，28天比基尼身材挑战第二周【周六野Zoey】,1030,966658,//i1.hdslb.com/bfs/archive/693a1722709e6ef536f58717b80f139c7a509bb2.jpg,11365645,BV1dx41187tM,1497591812,2017/6/16,13:43:32,12:20,2036,108707,4448,4899,8491
10分钟瘦手臂显锁骨运动，28天比基尼身材挑战第一周【周六野】,4391,3296827,//i1.hdslb.com/bfs/archive/9ba78e282554da44b553e491cffda0dea92e7e69.jpg,11183060,BV1Xx411a7bi,1496978481,2017/6/9,11:21:21,14:41,14348,240924,13211,20918,31241
月经期科学健身运动，加速减肥，和经痛说拜拜【周六野Zoey】,1435,979509,//i0.hdslb.com/bfs/archive/879aa8b37ed5234f287f2b7bbd265f35b600be15.jpg,10983487,BV1hx411e791,1496289653,2017/6/1,12:0:53,06:41,2274,88506,5233,6335,13108
如何勾搭17个国家的男神！暗恋？表白！我的搭讪故事【周六野Zoey】,497,166367,//i2.hdslb.com/bfs/archive/33c3244fa05e20eb5ee942690c672abe8ea471bf.jpg,10833415,BV1ex411Y7oQ,1495778269,2017/5/26,13:57:49,15:19,2053,3711,3570,1358,4176
10分钟超燃脂HIIT有氧运动（不伤膝盖）比跑步郑多燕更有效减肥瘦身！【周六野Zoey】,35624,18525700,//i1.hdslb.com/bfs/archive/55d92cadf8f5e98c3a407647ad525d39d08c5054.jpg,10659559,BV1Yx411v7Z1,1495160891,2017/5/19,10:28:11,13:04,107686,1218140,118521,247223,217399
床上全身燃脂运动！8分钟加速减肥瘦腰肚瘦腿！太忙？没地方？进来吧！为做HIIT准备！,29812,10712265,//i2.hdslb.com/bfs/archive/970f2c71445ea395f8236b63646c26c8d44c8b51.jpg,10585616,BV13x411v7KA,1494849513,2017/5/15,19:58:33,12:35,131169,961234,113214,159794,191638
现场试用卫生棉条？女性私处科普！下水？处女？那些你很可能不知道的事！【周六野Zoey】,929,--,//i1.hdslb.com/bfs/archive/f59392fc56eb10641e4ce9411deabb4e9e59a716.jpg,10466484,BV1Fx411U7QX,1494440448,2017/5/11,2:20:48,12:33,3268,4707,9703,5378,8278
一个月矫正O型腿，骨盆前倾，膝超伸，瘦胯，改善腿型变直变长还增高（一周就可以看见效果）！【周六野Zoey】,8183,4220427,//i1.hdslb.com/bfs/archive/860c73e5fd97ba1e65dda679695597aa88f47025.png,10307623,BV1cx411m7pb,1493892876,2017/5/4,18:14:36,11:31,21891,438532,44745,34945,70804
私处腋下4种脱体毛体验分享和演示过程（剃毛，拔毛，蜜蜡，激光脱毛）【周六野Zoey】,790,597768,//i1.hdslb.com/bfs/archive/7b077a850f4741174a151e95f1ac843157153d91.jpg,10227223,BV11x41127ip,1493636431,2017/5/1,19:0:31,10:00,953,9915,2028,1435,5509
减肥健身午餐，懒人美味简易汤面！吃货瘦子第三集【周六野Zoey】,187,174400,//i1.hdslb.com/bfs/archive/4a233af17a798fc255f5219323ee53dd481247f9.jpg,10122554,BV11x411U7Ui,1493251228,2017/4/27,8:0:28,06:25,620,5051,586,389,1338
比基尼脱毛和巴西脱毛？剃毛刀还是蜜蜡？【周六野Zoey】,593,259259,//i2.hdslb.com/bfs/archive/5ac7ed336d1b814d36dbde794ac982cd4e18c9a6.jpg,9985983,BV1wx411U7RQ,1492753811,2017/4/21,13:50:11,08:01,912,3198,949,651,1311
减肥健身常见问题!肌肉酸痛?体重增加!?瘦脸显锁骨瘦肌肉腿?【周六野Zoey】,640,233549,//i1.hdslb.com/bfs/archive/7255c8a2ac722a1fdb4b3ebda89ac881fb42774b.jpg,9939342,BV16x411D7jc,1492563639,2017/4/19,9:0:39,13:58,1252,9929,2578,600,4152
早餐吃什么？运动瘦身饮食！吃货瘦子第二集【周六野Zoey】,215,256675,//i2.hdslb.com/bfs/archive/3a0ba0e0bfa92eaf04bb96870004314e08227ddc.jpg,9802618,BV1fx411S7Qf,1492040351,2017/4/13,7:39:11,03:28,513,6347,1001,496,3015
怎么吃出好身材？健身瘦身饮食！吃货瘦子第一集【周六野Zoey】,384,322659,//i1.hdslb.com/bfs/archive/e397fed0e3d364f9b6a42fedaf04bbef577b2547.jpg,9740351,BV16x411S7Wv,1491787609,2017/4/10,9:26:49,05:26,1229,8003,926,792,2393
一周见效马甲线瘦腰运动，在家练出小蛮腰（进阶版）【周六野Zoey】,12063,7508742,//i1.hdslb.com/bfs/archive/7da217367676be4ce5a004d86150821f6bfe374b.jpg,9566990,BV1jx411Q72A,1491166747,2017/4/3,4:59:7,11:39,46061,545369,29782,80382,79545
快速矫正驼背圆肩，美背瘦背增高显瘦改善气质，一星期就见效~【周六野Zoey】,15706,8684724,//i0.hdslb.com/bfs/archive/555d7daa3929a28afd290c3e698c234ab71ddc26.jpg,9466939,BV12x411D7q1,1490791658,2017/3/29,20:47:38,10:33,51077,810150,87399,94469,159792
不伤发卷发教程！不用卷发棒打造自然卷发【周六野Zoey】,57,61647,//i1.hdslb.com/bfs/archive/44bfd04a269cdc2107daa7b94139c2a8766ab061.png,9354941,BV17x411k7Vs,1490335004,2017/3/24,13:56:44,03:38,165,1605,245,177,684
5分钟运动前后全身热身拉伸运动，拉伸瑜伽初级入门【周六野Zoey】,5379,7992375,//i2.hdslb.com/bfs/archive/8017e634ae8e43d38a0e97ed99fb16afeaf00269.jpg,9296477,BV1Sx411r7yZ,1490051113,2017/3/21,7:5:13,06:15,16711,462780,27074,58613,51573
5分钟在家瘦腿运动，瘦大腿提臀，练出细长腿（进阶版）！【周六野Zoey】,7927,4394533,//i0.hdslb.com/bfs/archive/9bcb70b86e3057e247dbe12bc883f1a1f377c6ca.jpg,9091446,BV1Bx411C7Wi,1489371132,2017/3/13,10:12:12,07:31,23251,370909,19277,32327,39619
快速瘦小腿运动！摆脱萝卜腿让小腿更细长，拉伸小腿【周六野Zoey】,47112,21650242,//i2.hdslb.com/bfs/archive/7dcd5d51e6f7b19d806f3dea1630f656b5134984.jpg,8879609,BV1Ax41117D1,1488346201,2017/3/1,13:30:1,09:31,174033,1616597,149090,268075,379508
在家低强度瘦身减肥操有氧运动，一星期就掉肉（来自评论）HIIT入门【周六野Zoey】,8145,3547342,//i2.hdslb.com/bfs/archive/43e7290e45b5896626fe888ba8b9d4021e0b628d.jpg,8862279,BV1ux41117Ms,1488321355,2017/3/1,6:35:55,19:42,23649,290017,24981,39570,42401
如何搭配运动鞋，春季这样穿出舒适时尚感【周六野Zoey】,81,64263,//i0.hdslb.com/bfs/archive/31851069bfd259ac055bae969ae42566700ed998.jpg,8795021,BV1Sx411y7JF,1487991602,2017/2/25,11:0:2,03:11,184,688,415,71,885
五分钟在家瘦腰运动！快速瘦肚子小蛮腰，马甲线一周现形！适合初学者【周六野Zoey】,54541,26841632,//i2.hdslb.com/bfs/archive/e161008a0355e91901a8cf518becfa47261c607b.jpg,8775849,BV1ax411y7zQ,1487787532,2017/2/23,2:18:52,07:51,241866,1807842,154814,395496,306087
"5分钟在家瘦手臂运动，甩掉拜拜肉~超有效懒人运动, 适合入门初学者【周六野Zoey】",3782,2423345,//i1.hdslb.com/bfs/archive/4a2312deb365f9e8672068da316039881c8fe83d.jpg,7950318,BV1Ts411h77U,1484095045,2017/1/11,8:37:25,06:05,8727,247528,14468,16408,32029
我在美国怎么过圣诞和跨年-周六野Zoey,45,31633,//i1.hdslb.com/bfs/archive/046c5ca27e829bf14010aacbe21bbf7440b57bbf.jpg,7861339,BV1Hs411Y7fv,1483596543,2017/1/5,14:9:3,03:53,127,146,286,38,351
4款Choker短项链DIY超简单手工制作，时尚百搭潮人必备【周六野Zoey】,43,60670,//i2.hdslb.com/bfs/archive/65756786eeb2b6d8267b678eb3d4f604e00be0e8.jpg,7343494,BV1Ys411Y7W6,1480651513,2016/12/2,12:5:13,03:55,151,1229,335,95,778
7款简单的长发日常发型，上学约会让你每天美美的！【周六野Zoey】,126,134905,//i0.hdslb.com/bfs/archive/134dc09fe27b1eb46d8558b4e017d43a3e75fff8.jpg,7319873,BV1Ws411s7r5,1480494038,2016/11/30,16:20:38,07:34,588,6210,872,387,1756
不深蹲无翘臀？两个方法做好标准自体深蹲~提臀瘦腿必学！【周六野Zoey】,89,251834,//i0.hdslb.com/bfs/archive/dd33a73451a8758d118fe3b5b8f9d117898515e4.jpg,7291684,BV1Ns411s7i8,1480310363,2016/11/28,13:19:23,02:27,113,21196,977,1437,2393
5分钟在家提臀瘦腿运动，减肥塑形一个月见效，简单适合初学者~【周六野Zoey】,4288,1962105,//i0.hdslb.com/bfs/archive/f42367afa35dd4f097adb73a4489990b95ac5767.jpg,7271055,BV1fs411W7Ww,1480180380,2016/11/27,1:13:0,08:00,10463,160155,8371,14891,16106
