﻿title,comment,play,pic,aid,bvid,created,date,time,length,video_review,favorite,coin,share,like
光影炸裂！7分钟告诉你光追和DLSS2.0同时启动有多香,2190,666747,//i0.hdslb.com/bfs/archive/590530860c1db56a3bfba5288af5ae7471b4942e.jpg,710451695,BV1KQ4y1N7S9,1588223117,2020/4/30,13:5:17,06:48,2241,5995,5680,1725,43232
游戏史上压迫感最强的那些BOSS 传说中的盗版限定怪！,1691,975376,//i2.hdslb.com/bfs/archive/dd9b21a3e72a27f982b865b4ba4c7669c33f26e0.jpg,752959805,BV1mk4y1r7cP,1587584988,2020/4/23,3:49:48,07:13,3383,10856,21868,975,84533
LOL暗星反派盘点 把星球当甜食的家伙们,1167,328827,//i0.hdslb.com/bfs/archive/d24e4767e64aacf7b1c221d21e2caca7d8989a19.jpg,795150100,BV1hC4y1s7x2,1586340045,2020/4/8,18:0:45,06:24,1223,2056,2730,334,25144
猛男森友会！9分钟告诉你动森为何如此迷人？,5477,1741147,//i0.hdslb.com/bfs/archive/e89151f8520da21f934046d85275559d4d4cfa28.jpg,925076735,BV1bT4y1575M,1585349982,2020/3/28,6:59:42,09:21,8459,49065,86924,45997,144814
打造一台能玩世界80%游戏的万能游戏手机！,3117,1101920,//i1.hdslb.com/bfs/archive/a850aa8a699d69e1fb7ddb5d79d724a309f5bb96.jpg,95637580,BV1PE411j7K3,1584021616,2020/3/12,22:0:16,10:36,4636,14941,13001,2673,63460
《如龙7》真香！极道勇者的人生RPG,1705,951555,//i0.hdslb.com/bfs/archive/8aad8f797f75fb24cceb4386b1f621a8edbb5a42.jpg,88931401,BV1K7411g7ph,1581681649,2020/2/14,20:0:49,12:36,2794,9346,14172,3613,49806
5分钟回顾 童年GBA神作《龙珠大冒险》,1344,551525,//i0.hdslb.com/bfs/archive/61a95d512abe5586fa0d55d598bedcd765d5b846.jpg,85995418,BV127411s7rV,1580482487,2020/1/31,22:54:47,04:42,1516,3962,8451,667,35455
游戏史上最洗脑的4个广告 精神污染1000万玩家,3737,3262332,//i2.hdslb.com/bfs/archive/579065cfad576c8623aeb58cb50bf880b8ff9ceb.jpg,85859818,BV1h7411B7iX,1580434133,2020/1/31,9:28:53,10:18,25849,40450,54942,7264,209498
《晚安，科比》——谨以此片缅怀我永远热爱的,1902,936237,//i1.hdslb.com/bfs/archive/e67d228ca9d958d3ecb0a684eb1c83db267ed67d.jpg,85364799,BV1W7411r7Nd,1580178218,2020/1/28,10:23:38,06:10,4380,29289,49350,4046,78071
童年最变态游戏关 10年前劝退无数玩家的噩梦！,1579,933372,//i0.hdslb.com/bfs/archive/023cb256c0c120ce440d29ba78728ddc80310435.jpg,84870161,BV1t7411Y7yS,1579868832,2020/1/24,20:27:12,06:39,4456,6137,11208,396,50574
游戏史上10大惊艳的中国风美少女【拜年祭情报】,2019,1840891,//i0.hdslb.com/bfs/archive/a629fc987b106caa5f42cce6920626ef16d0bc29.jpg,83520212,BV1aJ411J7oH,1579399239,2020/1/19,10:0:39,12:26,9301,27273,25662,1418,89378
2019年我心中最棒的3款手游,2394,1037601,//i2.hdslb.com/bfs/archive/c33abb3567bba1fbf36b7b25e5386ba971d8aba9.jpg,81897925,BV12J411j7uj,1578054317,2020/1/3,20:25:17,07:12,3521,13310,13088,1351,46798
画面炸裂！照片画质mod下的《荒野大镖客2》多震撼？,1649,974211,//i2.hdslb.com/bfs/archive/8fdc21a3a8a2be8c4c5529d8fa71c71d8a78d2ab.jpg,80756333,BV1sJ411Y7NP,1577361989,2019/12/26,20:6:29,06:12,1576,8028,10460,2637,37892
几月不玩 这游戏居然多了这么多黑科技？,689,586509,//i0.hdslb.com/bfs/archive/548597309f1810ac673e1a66ad1e80925d5c03cb.jpg,80093296,BV1nJ41147oB,1576927632,2019/12/21,19:27:12,05:53,714,1610,2575,208,21488
游戏史上最难对付的5只小怪 劝退100万玩家！,2047,1811620,//i0.hdslb.com/bfs/archive/839bd73436944c517d20afe54660fd366eef4ae9.jpg,79682766,BV1gJ411r7WT,1576641892,2019/12/18,12:4:52,09:03,4589,12098,26537,829,76924
百万粉UP主2019年竟然经历了这些……【2019年年终总结】,3155,2668474,//i0.hdslb.com/bfs/archive/f15085c19f9ff3a1a6f7a31e2004b4a25cef67fe.jpg,78135967,BV1ZJ411v77g,1575541099,2019/12/5,18:18:19,04:36,17438,21644,25282,4517,128645
游戏史上最变态迷宫！99%的玩家无法走出,1412,965967,//i2.hdslb.com/bfs/archive/39015f1dcdeeaade86d789cf039fd5f23db0e7d0.jpg,77602825,BV12J411B7JZ,1575127114,2019/11/30,23:18:34,08:54,2232,5176,9201,470,41759
【TOP9】电子游戏史上战斗力爆表的9个刺客,1408,838497,//i0.hdslb.com/bfs/archive/3ffc56dc1d81914781c7a1aa77ad500fd32d4da7.jpg,75668891,BV1JJ411D7n9,1573738374,2019/11/14,21:32:54,10:22,5784,7608,10500,643,36330
这款末日生存手游 时隔6个月居然整容了？,2154,842629,//i0.hdslb.com/bfs/archive/feb537a7cb0b08a9570533a9bdd3b6a394a2abbb.jpg,74435890,BV17E411b7MR,1572783993,2019/11/3,20:26:33,09:21,3040,5260,11360,1091,37434
游戏史上最像真人的NPC！拥有人类智商,1175,837062,//i1.hdslb.com/bfs/archive/9524330d4a49648e0939f8170ea281b5d3ee0272.jpg,73454740,BV1nE411a73u,1572070766,2019/10/26,14:19:26,09:16,2693,15168,24628,893,51506
史上最戏精的游戏玩家 把我骗到自闭,576,555839,//i1.hdslb.com/bfs/archive/54a3c80e5f5f00c31b8091ffd3e326c3ab167783.jpg,73252539,BV1XE411y7QM,1571918458,2019/10/24,20:0:58,07:31,1260,2668,4952,200,23294
世界上第一款塔防游戏是什么样的？,893,555500,//i2.hdslb.com/bfs/archive/92ad4f819ba210839a2fed3088adeb41e9a7a9c5.jpg,69546619,BV1mE411X7iv,1569856461,2019/9/30,23:14:21,03:59,982,2937,5191,219,24867
13年前火遍中国的神级“游戏掌机”电子词典能玩什么游戏？,936,607121,//i0.hdslb.com/bfs/archive/72c4a5e520f2de5a7f7411c31dfec298072fed47.jpg,69467834,BV1XE411R7xi,1569819223,2019/9/30,12:53:43,05:18,1472,5127,13199,278,32311
游戏史上最肉BOSS！18小时才打得死的怪什么样？,3272,2779025,//i2.hdslb.com/bfs/archive/1c102d362e7bd80736719f26530eda5701ed2df7.jpg,69238512,BV1kE41197VR,1569643957,2019/9/28,12:12:37,07:59,4111,16399,26226,1721,88261
史上画质最好的SCP恐怖游戏！灵异怪诞神作《控制》,1386,975729,//i1.hdslb.com/bfs/archive/c5a201fd034b410eba4af7ab1a7e714b9d3cd438.jpg,68571761,BV1TJ411g79z,1569124850,2019/9/22,12:0:50,09:14,2840,16401,21109,5091,44611
怪物猎人史上最恐怖的5个新人杀手 劝退100万玩家！,2372,1268907,//i0.hdslb.com/bfs/archive/60deebcbfb2535b0f0b034551e39602de6d37391.jpg,67455423,BV1pJ411P7mj,1568287802,2019/9/12,19:30:2,08:34,6017,6061,10360,2150,36126
第一次和女孩一起玩恐怖游戏的我 为何全程冷漠脸？,1047,538965,//i0.hdslb.com/bfs/archive/623401fc9519da6e56d70bb5b3fe454708adf168.jpg,66185781,BV1F4411m7as,1567258785,2019/8/31,21:39:45,16:39,2756,2212,3515,212,17493
【都市传说】游戏史上最恐怖的一首歌 听起来多可怕？,1712,916668,//i2.hdslb.com/bfs/archive/ded6b26bac6ec9bd6ffddb5968bac265de978ecb.jpg,66100801,BV1C441127p5,1567214366,2019/8/31,9:19:26,09:00,7604,8534,9466,1252,33687
游戏史上藏在BGM里的神级彩蛋！把歌倒放会发生什么？,1432,1193750,//i2.hdslb.com/bfs/archive/16b06a57602bf5321c7dcde66df3345c6c7f1eaa.jpg,65868809,BV184411q7Kv,1567069230,2019/8/29,17:0:30,07:53,3729,17193,31207,1365,65222
游戏史上最恐怖预言 预言了911和日本地震！,3685,1802442,//i2.hdslb.com/bfs/archive/e4e096ab2a25def388959ee94862d92f0931a69f.jpg,65224235,BV1V4411k7S9,1566665276,2019/8/25,0:47:56,09:05,11593,29938,82482,3167,110436
游戏史上最冗长的结局名单！10分钟通关 60分钟看职员表？,1336,898459,//i1.hdslb.com/bfs/archive/d8dd0a10242df4a1652e4899b3ae41aede1872f6.jpg,61617519,BV1r4411f7op,1564581166,2019/7/31,21:52:46,06:18,2581,6917,15208,355,39492
游戏史上最早的一首BGM 听起来有多奇怪？,1122,690587,//i1.hdslb.com/bfs/archive/c1ee00e1e1827b362214631f1c4c960d9b84b894.jpg,61347273,BV1Ft411c7WP,1564420336,2019/7/30,1:12:16,06:23,2530,6972,17468,310,38653
10年前震撼玩家的“民间神级游戏“【第一期】,1300,810477,//i1.hdslb.com/bfs/archive/c1ad90d202ee270330bf942e703abb41bd540d9a.jpg,60833776,BV1Ct411A7Vk,1564131358,2019/7/26,16:55:58,07:39,3838,7016,14086,410,37414
史上最精神污染的游戏 95%的人难以忍受！,1962,1209262,//i1.hdslb.com/bfs/archive/1669e9561f2b77866b0922b67080e25c47c10c55.jpg,59913667,BV1ht411n71s,1563568632,2019/7/20,4:37:12,07:19,10414,9489,13186,1299,48878
15年前国产自由度超高游戏 可以模拟大学生活,1119,621304,//i0.hdslb.com/bfs/archive/86983585a3e9f40d79f07cae9b308edb253da788.jpg,57390688,BV1Cx411R76B,1561906598,2019/6/30,22:56:38,03:57,1213,3182,5205,224,19728
游戏史上读盘最久的游戏 30分钟载入的游戏有多夸张？,1716,749466,//i2.hdslb.com/bfs/archive/dc65ef5c84e76623de152feed68a99e3c026e505.jpg,57311841,BV1Jx411R7Db,1561864485,2019/6/30,11:14:45,07:43,3344,5381,14081,237,31491
史上最不硬核的音游 蒙上眼都能825连击？？,1194,627568,//i1.hdslb.com/bfs/archive/bdf3f8c3e998b7dde84f694cf44283457e89ed2b.jpg,56183987,BV1D4411g72v,1561114856,2019/6/21,19:0:56,07:46,2361,6278,8229,598,23075
你即将玩到的核弹级游戏大盘点！【Xbox篇】,1600,797034,//i1.hdslb.com/bfs/archive/1747cfb5bbf8db01353b192c4d5f41a3dddd9bea.jpg,55771556,BV1E441157tu,1560686433,2019/6/16,20:0:33,08:40,4498,7096,10005,1302,34904
游戏史上最核能的关卡 值得重玩100遍的名场面们！,2064,1815351,//i2.hdslb.com/bfs/archive/9a0e43f16e9da24c360ec93dd49e2e0e298a5b61.jpg,55215210,BV1P4411K7mB,1560184679,2019/6/11,0:37:59,09:43,6076,28517,69731,1925,79287
6分钟让你搞懂《死亡搁浅》到底是一款什么游戏?,3038,1581185,//i0.hdslb.com/bfs/archive/97fd41e524446a3e31ac2c81b61162fddcee08a8.jpg,54177967,BV1L4411p7Dm,1559312406,2019/5/31,22:20:6,06:21,2074,12006,19389,5953,47748
游戏史上最阴险的合法外挂 台球游戏95%进洞秘诀！,1168,714305,//i1.hdslb.com/bfs/archive/1433c7372069a3b02f66417acec63e308da13591.jpg,54088845,BV1B4411H7cF,1559227483,2019/5/30,22:44:43,05:52,393,4521,8632,274,22344
游戏史上最变态合法外挂 教你100%胜率找茬方法！,1730,1213762,//i2.hdslb.com/bfs/archive/71cf70008767d68687445db96fe0e47358f62afe.jpg,53829383,BV1Z4411p7vZ,1559016605,2019/5/28,12:10:5,05:43,2936,11189,13696,1056,34958
游戏史上最高的大楼！从2000米高楼跳下来会怎样？,2578,2257889,//i2.hdslb.com/bfs/archive/5b2a65cfa7c7a9f79a9f82d77f28d48b9ec54cf7.jpg,53207142,BV1T441177Yf,1558458128,2019/5/22,1:2:8,10:57,6323,30824,57837,2021,80814
国产恐怖游戏《纸人》划水试玩,971,422122,//i1.hdslb.com/bfs/archive/8149da08abcccbef781951d57f9aba0e2a358c66.jpg,50964724,BV1j4411t7VB,1556634937,2019/4/30,22:35:37,11:10,3407,1618,3187,289,12167
史上最早的钢铁侠游戏长什么样？4位漫威英雄在游戏中的第一次亮相,966,712698,//i0.hdslb.com/bfs/archive/6da3dd7caaf636ac7f50c874e006c13545e0c5ad.jpg,50817766,BV1w441187zD,1556512929,2019/4/29,12:42:9,06:10,1715,4787,8385,279,22246
20年前少有人知的电脑自带“3D游戏”,967,416854,//i2.hdslb.com/bfs/archive/6df6c7e6962a8d4639e5e0bf3a83954cd5e380fd.jpg,50483977,BV1w4411h7qE,1556251550,2019/4/26,12:5:50,06:24,1803,4271,9855,236,22514
童年最变态游戏关 12年前劝退无数玩家的噩梦！,5955,1946750,//i2.hdslb.com/bfs/archive/c8eb0c49ae2fc196973620ccf26a73d85b5aa802.jpg,49759489,BV1Kb411L79v,1555671939,2019/4/19,19:5:39,08:22,13353,16268,43356,1420,63430
游戏史上最被低估的游戏 评分29的年度最佳游戏,2179,1524251,//i0.hdslb.com/bfs/archive/18095f45bca244f98c241e0b399fe3a1fa9776ec.jpg,47895556,BV1Hb411s72f,1554034177,2019/3/31,20:9:37,08:07,3610,14507,32614,762,51907
这款15年前火遍中国网吧的联机游戏 现在怎么样了？,1374,783184,//i0.hdslb.com/bfs/archive/008a89ca7cfd22ab7e9ca39c8392f13ff3b156cd.jpg,47662231,BV1Qb411x73h,1553850896,2019/3/29,17:14:56,05:06,1588,5186,28056,289,30340
史上最经久不衰的游戏 时隔47年还在出新作,1236,668038,//i1.hdslb.com/bfs/archive/ef5fc354d0bc805b38489bf60de2b699d0a88530.jpg,47336855,BV1Qb41147Ks,1553521751,2019/3/25,21:49:11,06:55,1494,5578,15343,291,27352
史上画面最好的国产网游里 我是全程狗头的大恶人,1784,661439,//i0.hdslb.com/bfs/archive/731f25b329548f07f516698c53d7a125a0688abe.jpg,47077167,BV1bb41177zF,1553339117,2019/3/23,19:5:17,06:19,1961,3749,5646,663,19583
【燃向混剪】我想活下去！,1349,948581,//i2.hdslb.com/bfs/archive/40807e4de72fb300d1ac89803063a4ab08fb66cc.jpg,46115148,BV1Gb411v7vi,1552403668,2019/3/12,23:14:28,04:04,1919,39376,45071,3082,56342
这款16年前的神级网游 现在过得怎么样了？,3667,1224884,//i0.hdslb.com/bfs/archive/9ae831b32638307b1cfe93c08d90ca45d3b43ba6.jpg,44895159,BV1ob411t7XC,1551296811,2019/2/28,3:46:51,05:32,3949,12789,35369,1364,46674
游戏史上最失败的掌机 能玩5帧的破产《生化2》,1632,1142283,//i2.hdslb.com/bfs/archive/859c884ab9d0a51b57ccbfd2c1e968d22ede4ac3.jpg,44647793,BV1Vb41187KQ,1551068112,2019/2/25,12:15:12,08:17,2843,8892,17563,539,33264
史上画面进化最夸张的游戏 超时代3年！,3234,1922812,//i0.hdslb.com/bfs/archive/9af6793ed97d93a8d36978533c889e766c63f37c.jpg,43678141,BV1yb41127wh,1550239388,2019/2/15,22:3:8,08:09,5828,28753,73132,2191,91397
EVA没电了如何自救？店长A带你种田生存！,1331,418927,//i0.hdslb.com/bfs/archive/3552dfca372c3e57befea824764d9eee6bee45a3.jpg,42947955,BV1Eb411672p,1549713646,2019/2/9,20:0:46,04:59,1611,1687,4715,137,13383
真正的模拟现实级游戏 你还需要这4个黑科技,2460,900623,//i2.hdslb.com/bfs/archive/11c8350782ecca9e9d3ad01ddb1eaf0d87884725.jpg,42181523,BV1qb411y7U4,1548861107,2019/1/30,23:11:47,05:58,3713,10338,26002,2002,35744
【店长A】假如游戏人物上了春晚会发生什么？,1570,793134,//i0.hdslb.com/bfs/archive/6c6d653d9b2e4474da32d2a23dd42d4abd9ca547.jpg,41944191,BV1Wb411C7rM,1548666406,2019/1/28,17:6:46,04:52,3471,15188,32502,3670,42416
游戏史上最震撼的城市 20公里宇宙大城长什么样？,3424,2335964,//i2.hdslb.com/bfs/archive/cb7b103acaec5cd3ceb75123dff8c247d97e078c.jpg,41325046,BV1At411h7QV,1548074802,2019/1/21,20:46:42,07:02,5116,40086,77537,5438,84860
游戏史上最硬核的游戏 99％的玩家被劝退！,3211,2107276,//i1.hdslb.com/bfs/archive/9a0ff8d25ee544765d7e21fe9cb68effbf08084f.jpg,40812617,BV19t411H7gK,1547552416,2019/1/15,19:40:16,05:30,6236,29090,51559,3200,63518
【店长A】10年前惊艳过你的手机游戏,4020,1042811,//i2.hdslb.com/bfs/archive/83a689dcabc07182eeb945c657924285a94e241b.jpg,39228933,BV1Ut411r7NS,1545998215,2018/12/28,19:56:55,07:36,17633,13598,39697,1090,42515
游戏史上最震撼的BOSS战 1万公里巨型生物！,4099,3653676,//i0.hdslb.com/bfs/archive/b2b0d8bdd4199ceb452146dfb145b8f512e35271.jpg,38381999,BV11t411e7mF,1545043187,2018/12/17,18:39:47,06:54,11532,60208,129761,4176,123713
【神秘店长A】游戏中痛彻心扉的死亡瞬间,2223,1447702,//i0.hdslb.com/bfs/archive/d1207127c59160127b213869fbcc5a01acdedb8a.jpg,37710209,BV1Zt411S7Ed,1544270940,2018/12/8,20:9:0,03:34,3629,36178,46317,2915,49068
游戏史上最灵异BUG！8月32日真的存在？,2167,1453015,//i0.hdslb.com/bfs/archive/8cfd23294c1ec4dee709294c8f7d2f5e3b599df7.jpg,37147438,BV1bt411X7ci,1543649421,2018/12/1,15:30:21,05:24,4536,12614,18295,1809,31753
最适合联机的高画质国产手游之一【店长A推荐】,1328,620906,//i0.hdslb.com/bfs/archive/8a0003070efbf7da3d05aee123ffa6530b036360.jpg,36805696,BV1Yt41197gT,1543291249,2018/11/27,12:0:49,05:02,1576,2897,8656,361,14746
游戏史上最严重BUG 导致100万玩家角色死亡！,2256,2858811,//i1.hdslb.com/bfs/archive/b7f5aed51f764f9e7c25abd0a7cb09d1f794331e.jpg,36106426,BV1Mt411m7bu,1542383661,2018/11/16,23:54:21,05:18,4249,24527,74546,2834,76774
这款恐怖网页游戏 6年前因为吓死人而被关闭,5561,1317794,//i2.hdslb.com/bfs/archive/025ee40cc0406a1898e7f00f95e8c8b5609825da.jpg,35071478,BV1bb411P7ya,1541073475,2018/11/1,19:57:55,04:47,3419,14545,18355,7130,27522
【神秘店长A】10年前电脑课上你爱的游戏,2617,875692,//i2.hdslb.com/bfs/archive/b4d24c4a9b02a0e9a09e3c3351c89d49fe2b8c96.jpg,34658462,BV1Xb411P786,1540561492,2018/10/26,21:44:52,05:50,5076,12830,61575,2213,42866
史上同屏人数最多的游戏 100万人打群架什么样？,3028,3665560,//i2.hdslb.com/bfs/archive/f8a9a1f0620019907416f305a1f30efb3afc4a4b.jpg,33694257,BV1Tb411F7R1,1539354508,2018/10/12,22:28:28,05:53,6776,25680,127242,2102,78030
游戏史上最震撼的场景 6万米巨型天空都市！,2692,2061245,//i0.hdslb.com/bfs/archive/5d847026746dbbf224dc44d0b55ef343948d0e1b.jpg,32874566,BV12W411m7ne,1538445657,2018/10/2,10:0:57,07:08,7588,33684,110409,5262,64471
【神秘店长A】游戏史上脑洞最大的关卡 通关竟要拔插头？,1189,1043063,//i2.hdslb.com/bfs/archive/7bef9f52e1d996ff9d8de31298f5bc562701875b.jpg,32131569,BV1NW411r7vE,1537529112,2018/9/21,19:25:12,05:24,2247,10935,27021,977,27645
当游戏人物上了央视广告会怎样？【全程高能】,915,967850,//i0.hdslb.com/bfs/archive/4f7a1b225e761a2eb69529440bf83e4521626e65.jpg,32067659,BV12W41167Xz,1537443001,2018/9/20,19:30:1,02:17,1928,17060,39355,4653,31602
【神秘店长A】史上最赚钱的游戏 总收入是英雄联盟3倍！,2790,779644,//i2.hdslb.com/bfs/archive/db96b2439f28d96b22d305efaf4586ddc0407406.jpg,31282411,BV1YW411d7yE,1536329403,2018/9/7,22:10:3,05:23,4382,8066,27287,2177,26244
史上最短的游戏 6秒就通关的游戏长什么样？,3322,1558304,//i0.hdslb.com/bfs/archive/19be8cfbc28921be09350a343cdf8badc7be1f63.jpg,30814594,BV1kW411f723,1535722683,2018/8/31,21:38:3,06:12,5718,22429,40864,1414,41779
用抖音的方式打开游戏大作会发生什么？,2277,813618,//i2.hdslb.com/bfs/archive/025d058380dd07e6a21027603b9fb083dc2f785f.jpg,30123487,BV1tW411X7UC,1535023598,2018/8/23,19:26:38,03:09,3697,18815,42412,4836,33098
史上配置要求最高的游戏 10万元的机子才带得动！,5358,3877340,//i1.hdslb.com/bfs/archive/6731a8d4fd1f28f59538965eb3d8c1ec5d9a1419.jpg,29621263,BV1NW411d7Wg,1534511838,2018/8/17,21:17:18,06:02,6998,31885,52332,4104,56343
【神秘店长A】游戏史上惊人的撞脸 长得就和亲姐妹一样！,2073,789309,//i0.hdslb.com/bfs/archive/6c6b469fff46689b4eb97a72dc89504e557e274e.jpg,29092307,BV18s411u71n,1533981161,2018/8/11,17:52:41,06:35,3299,11098,20217,651,20907
世界上最小的游戏 0.4KB的游戏长什么样？,2395,1392041,//i1.hdslb.com/bfs/archive/a0951d156f2cdb055b93294a94c15f3eec146a3d.jpg,28441667,BV1as41137hZ,1533297828,2018/8/3,20:3:48,04:52,4178,17342,31247,1176,33968
【神秘店长A】游戏中最触动人心的几个瞬间,6256,1121867,//i1.hdslb.com/bfs/archive/920741ab9b041f9b5e5ace8befd758133f0d18d7.jpg,27881178,BV17s411A7TL,1532704957,2018/7/27,23:22:37,06:14,6214,23561,42029,3036,34704
史上容量最大的游戏 300GB的游戏长什么样？,9057,9288751,//i1.hdslb.com/bfs/archive/b583a63856b90b1a1138e6cc2155f3559c57fa19.jpg,27315158,BV12s411N7g2,1532087188,2018/7/20,19:46:28,05:36,13214,93759,85013,9427,126857
【神秘店长A】史上最难拿到的游戏成就 目前全球0人拥有！,1738,1311346,//i1.hdslb.com/bfs/archive/9845c12749056e2a7383f4cd03282c3c5d7c8bf3.jpg,26819895,BV1hs411J7Er,1531537802,2018/7/14,11:10:2,05:36,2379,10958,22867,1245,25421
游戏史上最难对付的BOSS 目前全球0人通关！,4183,4069000,//i2.hdslb.com/bfs/archive/38acb150dde816e4b12d9a75b4610b4a0e0335d7.jpg,26283407,BV1Ms411p7tz,1530876809,2018/7/6,19:33:29,06:03,8463,32003,52411,4905,49657
史上画面最接近PC的手游,4452,1652931,//i0.hdslb.com/bfs/archive/a44387aa7c13bd3f35bff8c16d3b1c1cf4c70105.jpg,25821630,BV1xs41157E8,1530274147,2018/6/29,20:9:7,05:12,4009,22424,18780,2102,23183
史上画面最接近现实的游戏 玩一把显卡96度！,3367,3410192,//i0.hdslb.com/bfs/archive/390e934f6dc8745a4dace81dec03a7b21c31dd91.jpg,25292763,BV19s411j73Q,1529668248,2018/6/22,19:50:48,05:38,7955,41298,38546,10141,40118
【神秘店长A】游戏史上最弱的角色居然是他？,817,618170,//i0.hdslb.com/bfs/archive/7ce4d86fd747e988af1adc6c26a55eaf3d59d160.png,24952507,BV11W411F7U4,1529062010,2018/6/15,19:26:50,05:16,2154,4853,15077,496,19166
游戏史上价格最贵的游戏 一盒要6500万！,1116,808792,//i0.hdslb.com/bfs/archive/652da4e712338a9a7c3977bd3a763c71bce08466.png,24557024,BV1MW411P7uc,1528458881,2018/6/8,19:54:41,05:43,2216,7022,28935,1538,24398
游戏史上地图最大的游戏 跑一圈要585亿年！,6320,3170024,//i2.hdslb.com/bfs/archive/a798b2b3ed4070e55f27b9854007f283e7e1164c.png,24237900,BV1cW411N7t8,1527853209,2018/6/1,19:40:9,05:17,10350,32046,40676,4371,46923
