﻿title,comment,play,pic,aid,bvid,created,date,time,length,video_review,favorite,coin,share,like
我 是 冠 军,1083,365959,//i2.hdslb.com/bfs/archive/0b2d233038b7defb32c52b732bd7d4388d3e29db.jpg,968565327,BV1dp4y1D7nG,1592046016,2020/6/13,19:0:16,11:17,2316,4083,6614,600,36744
【C菌】8分钟带你了解《最后生还者2》!,1816,546342,//i0.hdslb.com/bfs/archive/3d9e7544d9184edd0e38df68c8ad0db45e184877.jpg,285896788,BV1if4y127X8,1591945231,2020/6/12,15:0:31,09:42,3826,13629,23830,2978,57376
干货! 成绩全A的UP主讲述留学生常走的五条弯路!,2744,631252,//i2.hdslb.com/bfs/archive/af5079b72dd7832b96aa04bff3991cbf7cc3967a.jpg,925885091,BV1xT4y1g7KZ,1591439322,2020/6/6,18:28:42,09:01,4066,36810,46283,3674,84366
好 男 人 模 拟 器 (第一集),2342,1057753,//i0.hdslb.com/bfs/archive/ab50b6219ad6aa4cf1c733811bf180dd20768dca.jpg,753255284,BV1ik4y167Z3,1590816314,2020/5/30,13:25:14,26:09,8459,19469,31892,1196,92897
"【C菌】揭露孤儿院的恐怖真相, 他们竟然强迫孩子们做这事儿! (修复字幕)",3050,1043612,//i0.hdslb.com/bfs/archive/1dc799498df363ec37b22ee1598d3fa0f40e8f89.jpg,583362530,BV1Lz4y197uX,1590211813,2020/5/23,13:30:13,25:16,11601,51379,47382,1899,98683
"【C菌】人生第一次下厨, 为自己做了份生日蛋糕!!",5928,844532,//i0.hdslb.com/bfs/archive/64ac36cc2a04622f7978d5e4650f1cfdd0fa8f17.jpg,968130145,BV13p4y1Q7LZ,1589539029,2020/5/15,18:37:9,21:51,49738,34453,70219,4181,130083
"【C菌】玩了这个阴间餐厅游戏, 我再也不敢吃快餐了…!",2440,1105355,//i1.hdslb.com/bfs/archive/510e00de87f3b44d91231503333365fbf198db8c.jpg,455550934,BV1b5411475c,1588919737,2020/5/8,14:35:37,21:40,15634,37682,35425,1657,95320
刚入坑，玩了3天，记录一下昨天的高光时刻,5036,1308973,//i1.hdslb.com/bfs/archive/fb88dc56f206319e1ac7a5f89574d19b83e9c1df.jpg,968070021,BV11p4y1972b,1588671437,2020/5/5,17:37:17,00:18,891,4512,19207,2183,84222
【C菌】专 业 搬 家 团 队 -- (超级沙雕双人游戏!),2411,1111775,//i0.hdslb.com/bfs/archive/f3ebebd3a3db7abb0b8bebfde3098ed7100f9a87.jpg,370512974,BV1GZ4y1s7q8,1588483784,2020/5/3,13:29:44,18:47,9749,33980,61582,5118,108147
"【C菌】“群体免疫”已经一个月了, 英国现在是什么样?",4688,1599929,//i2.hdslb.com/bfs/archive/0fdf73e8adb61329fc4211ea070d2fe0942c6b70.jpg,582894915,BV1f64y1T7nq,1588226166,2020/4/30,13:56:6,04:42,7072,20832,54995,2257,182449
"【C菌】这个游戏难得令我窒息, 教程都卡关一整天!! 【试不过三】第一期",1775,842784,//i2.hdslb.com/bfs/archive/ef46a19d0648e005b9143082fbb69086a7ba4d3b.jpg,882924470,BV1LK4y1b7E8,1587788604,2020/4/25,12:23:24,19:52,14369,25345,50032,1412,94559
【C菌】要素过多! 2020最抽象游戏!!,3054,1006224,//i0.hdslb.com/bfs/archive/2f499cffb9242c4cc32fff37c08656e4657cac19.jpg,285342115,BV1Tf4y1S74r,1587269034,2020/4/19,12:3:54,05:40,9464,26013,36225,1102,103268
"【C菌】玩了这个阴间便利店游戏, 再也不敢逛超市了...",4649,2165398,//i0.hdslb.com/bfs/archive/4e7920306bd35c0e5984b4b75304bd84ef0be807.jpg,752633034,BV1ak4y197sR,1586670021,2020/4/12,13:40:21,37:51,59388,49759,51508,6394,134598
"【C菌】B站三怂又双叒叕被吓飞!【生化危机3: 重制版】长篇实况, 已完结",10138,3773541,//i0.hdslb.com/bfs/archive/1c62889c311c9ab8b91d3a9df47ed2e76f0b20ef.jpg,242574257,BV14e411x7jC,1585909833,2020/4/3,18:30:33,282:14,135062,82285,139483,9961,146816
【C菌】这款游戏的转折令我窒息!,3304,1292071,//i1.hdslb.com/bfs/archive/d6fa867cc1613c5d5eb4a65128c701e9968de5ea.jpg,100104284,BV1L7411X7ga,1585394361,2020/3/28,19:19:21,95:55,40691,24722,36946,4258,74268
【C菌】这款游戏真是太懒了…但该死的好玩!,2774,1112362,//i2.hdslb.com/bfs/archive/ba8d1715ce00c09162bad42b628e3b6ddffcaebe.jpg,97927391,BV1qE411A7cv,1584707026,2020/3/20,20:23:46,07:44,9900,7369,16236,794,70166
【C菌】B站三怂的噩梦! 《生化危机3试玩版》实况+中文字幕,4034,1295209,//i0.hdslb.com/bfs/archive/b3d539caf095a35604e9cfd543a18961fa4986af.jpg,97523403,BV1pE411P7Rd,1584593852,2020/3/19,12:57:32,25:55,18127,28253,45990,5719,91903
"【C菌】这就是我投资了500欧元的游戏, 真的太值了! 《恶魔从不撒谎》实况 | 完结",10074,3404572,//i2.hdslb.com/bfs/archive/0ae7fe7e028a7a3fb07bf5df75684e5da87dd555.jpg,94408009,BV19E411u78r,1583572557,2020/3/7,17:15:57,186:57,158598,109288,189098,10961,212735
【C菌】世界上最难受的游戏，你能坚持几秒？,4641,2206513,//i0.hdslb.com/bfs/archive/7a896971f41ed99b844f0ad95e949fa292b8b8b1.jpg,92911871,BV1HE411E7Wg,1583058294,2020/3/1,18:24:54,04:58,9931,71856,96167,3332,207745
【C菌】揭露39年前美国最恶劣悬案！《瑞秋的自杀惨案》实况全篇,6586,2301131,//i0.hdslb.com/bfs/archive/07a9d00904fd2aa8d18dc36f4bf25cc8cd760b7b.jpg,91410515,BV1W7411u79G,1582549714,2020/2/24,21:8:34,160:47,76329,50147,75354,7077,107138
"【C菌】干货! 和父母分享这个视频吧, 希望他们会理解爱游戏的你!",7617,1396060,//i2.hdslb.com/bfs/archive/35af44100553a6b67aab90b317aa4d1441f4c24b.jpg,88891700,BV1d7411u7xR,1581672356,2020/2/14,17:25:56,09:27,9328,117830,207219,30296,193276
"【C菌】耗时半年, 我终于打通了史上最难恐怖游戏《甜蜜之家》大结局！（实况完结）",3549,2724078,//i1.hdslb.com/bfs/archive/b4674d5305a019f67c45f96de9cbaa4df7b2fa9b.jpg,87524340,BV1Z741187Te,1581151773,2020/2/8,16:49:33,136:38,89369,45467,65028,8065,97955
【C菌】要素过多！2020最猎奇游戏！,2260,2259490,//i0.hdslb.com/bfs/archive/e5aec0930dbba4da42154147fee68c33b47ea954.jpg,85438617,BV117411r7ZE,1580210345,2020/1/28,19:19:5,06:30,9098,61313,100540,6210,178057
【C菌】除夕偶遇热情小姐姐和可爱小哥哥，携手共同跨年！！,1125,705823,//i2.hdslb.com/bfs/archive/290b7eb79e6c0ca4d6c6bd234ee07eec003004a2.jpg,84963761,BV1D7411r7R9,1579953607,2020/1/25,20:0:7,12:20,7203,5606,15417,1079,45058
【C菌】寒假必看!国产恐怖游戏大作《港诡实录》实况【完结】(粤语语音),5955,4223236,//i1.hdslb.com/bfs/archive/aeb6736d2f8abea8ed371f6400d78714231e5d30.jpg,82969316,BV1jJ411p7Q3,1578731036,2020/1/11,16:23:56,105:02,234685,70820,100180,35124,134085
【C菌】你情商是否及格? 做这5道题就知道了!,1606,1268805,//i2.hdslb.com/bfs/archive/13dbfea86980712ce6d5bf7622954adb6d6d29bd.jpg,81874504,BV1tJ411j7RH,1578042032,2020/1/3,17:0:32,25:45,11640,11757,22830,2021,65908
【C菌】这款游戏竟然火了六年？知道原因的我也入坑了！,2801,1313399,//i2.hdslb.com/bfs/archive/a5e6e2f62109d14b7735b5a4006339d33c661599.jpg,80431856,BV1GJ411x7kx,1577188822,2019/12/24,20:0:22,13:01,10200,11899,33201,5645,59189
【C菌】2019年度最黑马恐怖游戏巨作《心魔》实况连载【完结】,2801,3033152,//i0.hdslb.com/bfs/archive/6184cb218d9a4685b060f9b3525f8afda13f0c22.jpg,79952396,BV1MJ411b7F6,1576832387,2019/12/20,16:59:47,300:17,114974,58002,82191,9030,90094
【C菌】奥利给! 今天我如何揍哭了三个男人！,1248,1197181,//i0.hdslb.com/bfs/archive/b8dcc9ff879f47b5c0d64d26db8b4e0a0d6f958f.jpg,79064210,BV1pJ411C7L3,1576227636,2019/12/13,17:0:36,08:47,6493,29414,50338,2017,82237
"【C菌】父亲半夜外出鬼混, 女儿在家中竟然发生这种事..!【恐怖游戏Dark Veer】",1466,922674,//i0.hdslb.com/bfs/archive/9c59bfe4d1622a85feb52160f56be92a04a05be2.jpg,78248102,BV1hJ411i7s2,1575622712,2019/12/6,16:58:32,10:21,10971,10911,26368,2512,51367
【C菌】我发现了B站的最毁三观的视频《超级沙雕恋爱游戏，你能坚持几秒！》,1263,1658962,//i2.hdslb.com/bfs/archive/be7965a0e597e92455192f4ec0065598ffc9afad.jpg,77392684,BV1oJ411D7ga,1575019805,2019/11/29,17:30:5,11:29,10328,17862,22362,2803,73245
【C菌】开箱测评2019最黑科技产品，手机也能玩荒野大镖客2? 谷歌Stadia云游戏服务!,1710,782860,//i1.hdslb.com/bfs/archive/d8a71094224d67aad86f2324213b9bb5feb7bf97.jpg,76710584,BV1rJ411d7Du,1574492457,2019/11/23,15:0:57,08:27,3219,9563,22894,4787,46426
【C菌】球还能这么打? 你从未见过的创新游戏玩法!【智障游戏合集2.0|59】,1116,919135,//i0.hdslb.com/bfs/archive/b3d80330c3c0fe4bdab415feb06a1475f16bd2ac.jpg,75836685,BV18J411U7tb,1573872333,2019/11/16,10:45:33,17:38,7697,20483,41054,1877,65159
【C菌】只有6.8分的神作?《死亡搁浅》是否值得购买？全面测评！,5397,1821666,//i1.hdslb.com/bfs/archive/c64714d816567b9a730cfd9643f8b01ee420348b.jpg,74261718,BV1vE411t7GR,1572681525,2019/11/2,15:58:45,12:05,12981,23351,56077,11052,90531
【C菌】史上最差评国产游戏! 玩了一下我开始质疑人生...【迷惑游戏大赏｜第一期】,1674,1330358,//i2.hdslb.com/bfs/archive/a9e24f294fa567a950a0113227526e0a52071336.jpg,73316671,BV1VE41117iv,1571994043,2019/10/25,17:0:43,09:49,9506,36328,62053,3007,92833
"【C菌】比黑暗欺骗还难, 10个小时才通一关的泰国恐怖游戏《甜蜜之家》第二章实况, 中文字幕",3060,2349003,//i2.hdslb.com/bfs/archive/6ec22fbe963e9bc0411274fa1480c6e7e0b23f15.jpg,70984054,BV1bE411Z7AU,1570876519,2019/10/12,18:35:19,112:22,67938,45200,87038,7104,96718
【C菌】8岁少女如何度过生命最后一天？《不幸小姐/Little Misfortune》实况【完结】,5403,2914093,//i2.hdslb.com/bfs/archive/41c5447be0ac82623f5f6deeaea0a996b04c123c.jpg,69511380,BV1vE411X7DH,1569842186,2019/9/30,19:16:26,166:34,76659,101800,144760,10637,137553
"【C菌】与史上最坑队友挑战2019最难游戏, 也就死了800次！",1257,1164520,//i1.hdslb.com/bfs/archive/544e01bb1ea4a7d67c2a12f3bedfd6aaa7cb30bf.jpg,68344448,BV1qJ41137d6,1568980829,2019/9/20,20:0:29,18:25,5835,12525,25784,3323,48934
【C菌】干货！99%的玩家都拥有的心理问题，3分钟带你看透！,1687,1290890,//i2.hdslb.com/bfs/archive/5fd7b63c0690e921a9c2c9d13d7a4bd31d4ca333.jpg,67713703,BV13J411A7tC,1568449185,2019/9/14,16:19:45,04:04,1675,35076,69965,2067,100598
【C菌】B站三怂又双叒叕被吓飞!《黑相集:棉兰号》双人实况|已完结|字幕放大版,2671,2119388,//i1.hdslb.com/bfs/archive/6df3add8d458cca02ce24f33c0cfdd3f7845b1d4.jpg,66821481,BV1w4411179v,1567769421,2019/9/6,19:30:21,204:08,52996,44293,64793,6176,70752
【C菌】史上最难游戏，我花了七个小时才过了一关！【智障合集2.0|58期】,2508,1884087,//i1.hdslb.com/bfs/archive/2856f425113a612b53e1f34a9da360e1b804bdfc.jpg,65274208,BV1S4411z7Bu,1566708511,2019/8/25,12:48:31,14:43,22127,44957,97985,3540,126875
【C菌】全是干货！GPA4.0研究生UP主教你学习诀窍！,6758,2111069,//i0.hdslb.com/bfs/archive/6f0baa5b8d7c5080d8356576d4faedb4239fcf61.jpg,63716273,BV1o4411m7Hb,1565787289,2019/8/14,20:54:49,14:21,33931,178836,274166,18988,248489
【C菌】2019最恐怖游戏！寂静岭PT精神续作《VISAGE|面容》第二章实况,3231,2213758,//i2.hdslb.com/bfs/archive/b4947248661621635c2a627495d97a529908e7eb.jpg,62891779,BV1Vt411K72Q,1565324191,2019/8/9,12:16:31,98:06,85304,49940,62032,5775,79915
"【C菌】调戏世界最强人工智能, 被蠢哭了...【智障游戏合集2.0|第57期】",1640,1484248,//i0.hdslb.com/bfs/archive/7831e1a2c72207206f101deb9b1c899a4df23706.jpg,61896530,BV1ct411u7kA,1564740880,2019/8/2,18:14:40,15:10,14307,31513,48348,2314,86533
【C菌】史上最虐! 这个萌萌哒的国产独立游戏今天收割了千亿人头,1904,1267877,//i0.hdslb.com/bfs/archive/090f2a2455b0caf21830a2e4054bea65123959b1.jpg,60875985,BV1mt411A7LP,1564142423,2019/7/26,20:0:23,11:11,6749,12213,20131,1144,52152
【C菌】暑假必玩！2019最被低估的PC游戏,2852,1391698,//i1.hdslb.com/bfs/archive/4d06b16eb4f7ddc178b81b78c7b62c60d004b5bd.jpg,59530343,BV1Et411g7HQ,1563364829,2019/7/17,20:0:29,06:19,7535,22542,38358,3809,65012
【C菌】99%的人都不知道的家暴黑暗真相：遇到这些情况，你会怎么做？,5118,1094255,//i0.hdslb.com/bfs/archive/f142ef41d6c93fd94b464596b4d6ba53050036fc.jpg,58908717,BV1Vt411L7F4,1562932527,2019/7/12,19:55:27,13:52,21827,28104,37178,4233,66817
"【C菌】这是游戏史上最虐最难的一关, 逼疯无数玩家《黑暗欺骗》第三章第五关（完整版）",2697,2492331,//i2.hdslb.com/bfs/archive/895fc49f339398e975686306d8d53bb0b7a84e4c.jpg,57830165,BV1g4411A7kP,1562235159,2019/7/4,18:12:39,16:15,31812,64943,118139,2525,127835
"【C菌】世上最难的恐怖游戏, 死八千次才过关! 《黑暗欺骗》第四关！",2371,1730843,//i1.hdslb.com/bfs/archive/c0792b6b8d753156dee72ef8d566c7955af1704d.jpg,57072330,BV1ix411d7tT,1561712400,2019/6/28,17:0:0,19:41,22042,56387,96224,3159,105671
【C菌】曹贼！休得妨碍我匡扶汉室！,1935,1119700,//i1.hdslb.com/bfs/archive/35ba0fc10e0516d84fbc31adf2ab419403222052.jpg,56313399,BV1a441137aQ,1561112146,2019/6/21,18:15:46,07:36,647,20373,30397,1203,51758
【C菌】哭了! 史上最难做饭游戏教你炸飞厨房【智障游戏合集2.0|56期】,3253,2251217,//i1.hdslb.com/bfs/archive/549c3a38d8e64ee5c8dbbe279970c5257e560106.jpg,54939723,BV134411T7qq,1559978963,2019/6/8,15:29:23,33:42,26199,35836,54552,4182,78942
"【C菌】这是一个你从没听过的小众神作, 惊天转折的剧情！【恐怖游戏《103》】",6846,1479669,//i2.hdslb.com/bfs/archive/a60d4720d9153687780f29298cc4155f66a6c75a.jpg,54222971,BV1J4411p7hs,1559361283,2019/6/1,11:54:43,32:59,17923,39474,63988,2280,81629
"【C菌】在生命的最后一天, 她竟做了这样的选择!《Little Misfortune》实况/中文字幕",3285,1282738,//i1.hdslb.com/bfs/archive/d59527f684255a243d9c777eef04903f4870a85c.jpg,52914112,BV174411E7qa,1558236927,2019/5/19,11:35:27,23:19,13539,53983,83294,2483,90227
【C菌】资深女玩家的高科技游戏公寓！,6323,2041899,//i2.hdslb.com/bfs/archive/5dd9e5452889d8c4dd3e86953e4f522447458c6d.jpg,51916210,BV1M4411Y78W,1557482702,2019/5/10,18:5:2,13:43,19622,77781,152660,10946,159467
【C菌】这是什么丧心病狂的扫雷游戏？！【智障游戏合集2.0|EP54】,2894,1658129,//i0.hdslb.com/bfs/archive/a37e8728d7a52bb2f0e1388720cf7487fd16a725.jpg,51185633,BV1C4411x7zm,1556793459,2019/5/2,18:37:39,12:12,14378,45808,72224,1762,90640
【C菌】国产虚幻引擎恐怖游戏大作《纸人》抢先试玩实况！,5235,2253397,//i1.hdslb.com/bfs/archive/a8b401f892e1655ab2523d30b6c958486373c89e.jpg,49824499,BV11b411G7QP,1555676833,2019/4/19,20:27:13,29:13,66074,41265,80666,8458,100689
"【C菌】世界唯一从不睡觉的人, 不仅活着竟然还能练瑜伽???【智障游戏合集第53期】",3189,1475609,//i2.hdslb.com/bfs/archive/4be5d7b5389ba3f1187a698b1a441bd7a7e7ebef.jpg,49211321,BV1db411K7uj,1555160893,2019/4/13,21:8:13,28:26,17776,35466,65774,2361,77577
【C菌】抑郁症为什么如此可怕? 一起走入患者内心世界,20400,1867561,//i2.hdslb.com/bfs/archive/03a78eecb928b83418c5c40e684d8f213869e975.jpg,48503532,BV1Sb411M7Yo,1554553129,2019/4/6,20:18:49,50:48,65214,52229,67914,12482,81669
"【C菌】用了8年B站, 竟然不知道弹幕可以这样玩！(99%用户不知道)",3226,1309092,//i0.hdslb.com/bfs/archive/ecc5c8d313f947e9492ff3a929e560321aff18fc.jpg,47863847,BV13b411s7yQ,1554013824,2019/3/31,14:30:24,04:47,15129,20578,28562,951,53616
【C菌】只能用耳朵玩的国产推理游戏！,3623,1289679,//i2.hdslb.com/bfs/archive/31533f9eb47df9a5cdae9459e463fa83afc3f04b.jpg,47631172,BV1rb411x7We,1553862631,2019/3/29,20:30:31,31:37,14638,36089,48764,5217,64959
"【C菌】第一次在伦敦跨年, 英国人竟然是这样过年的!《伦敦一日/London In A Day》",4562,1491762,//i0.hdslb.com/bfs/archive/b8bf93b0f036af66d731b46d3ccad709dabce2c6.jpg,46918210,BV1nb411J7ii,1553164137,2019/3/21,18:28:57,12:57,24714,65376,123686,7424,119703
"【C菌】世界上最难的恐怖游戏, 耗时一个月终于打通《黑暗欺骗》第三关！",4936,2241182,//i1.hdslb.com/bfs/archive/63c85f52c45edceb1e0abe8dcd44b4bab4906a74.jpg,46466164,BV19b411J7so,1552741680,2019/3/16,21:8:0,16:55,30972,78576,167932,7347,149859
【C菌】资深女玩家耗时一个月打造出梦想游戏桌！,11310,2339299,//i2.hdslb.com/bfs/archive/99b3455acebd01752810a7febe99b98255d57a1d.jpg,45794602,BV1Kb411i7AX,1552129505,2019/3/9,19:5:5,10:29,16038,118789,205244,37843,191249
"【C菌】史上最硬核恐怖游戏, 一个月才通第一关《黑暗欺骗》实况！",4665,1752045,//i2.hdslb.com/bfs/archive/a589806657ae1a0bb0c7df2c0b6a2df2bdd09046.jpg,45033827,BV16b411b7uE,1551440528,2019/3/1,19:42:8,23:58,23034,33703,81202,8602,91841
【C菌】史上最傻屌模拟器：健身房如何泡小姐姐【智障游戏合集:第52期】,4014,1925370,//i0.hdslb.com/bfs/archive/9359c1e6f3adcda030a144cb88c12ded0de2e9c5.jpg,43438771,BV1Gb411U7oC,1550064316,2019/2/13,21:25:16,08:34,15448,27717,69093,3142,93291
【C菌】风靡国外的国产游戏！,3495,1452883,//i0.hdslb.com/bfs/archive/58436e59ea4dfc8072d751eb6955c8a53a6e2c3b.jpg,42121472,BV17b411y7Sa,1548849605,2019/1/30,20:0:5,10:10,9839,13521,40778,1497,54264
"【C菌】B站三怂再次被吓飞!【生化危机2: 重制版】长篇实况连载, 已完结! （健康护眼版）",28012,10806162,//i1.hdslb.com/bfs/archive/e8f138e69a07be0ed56d212a97ab155c8c5fae98.jpg,41726339,BV1yt41147b9,1548475069,2019/1/26,11:57:49,575:33,356897,178493,315409,27635,250417
"【C菌】《生化危机2重制版》超难抢先试玩, 我竟然通关了?!【完整绿色版】",3010,1183911,//i1.hdslb.com/bfs/archive/1914be8e66e0a7a06c6c075a6156ad073ea032ce.jpg,40473558,BV1Ft411W7Xo,1547205501,2019/1/11,19:18:21,28:27,5901,9360,28567,3732,36062
【C菌】最不能错过的5个独立游戏-手机版！,3165,1214505,//i0.hdslb.com/bfs/archive/c44b732d809b5c77f85025096ed772f069f6a93e.jpg,39965448,BV1it411x7dJ,1546689606,2019/1/5,20:0:6,10:03,7732,40294,52791,4196,58777
【C菌】2018世界游戏销量排行TOP 10【修改版】,3628,727292,//i2.hdslb.com/bfs/archive/a04a40374309cd1bfa43dde22039cca4f4869992.jpg,39526538,BV1zt411675N,1546244104,2018/12/31,16:15:4,11:56,7120,11484,27146,3667,34882
"【C菌】这是我玩过最吓人的恋爱游戏, 女主变女鬼了!!【恐怖游戏合集2.0|第十期】已修复",2581,988763,//i1.hdslb.com/bfs/archive/5d6774971769d9eb9588093034a9f49a5d2d8852.jpg,38218721,BV1qt411i7P4,1544874743,2018/12/15,19:52:23,52:06,25429,12113,37601,1859,35883
"【C菌】史上最傻屌恐怖游戏, 只能用嘴巴玩!【智障游戏合集 | 第51期】",3133,1355985,//i2.hdslb.com/bfs/archive/ba028539d07d037a1b1e35a3388d7df8e9aa19da.jpg,37718041,BV1gt411D74h,1544275628,2018/12/8,21:27:8,16:57,16663,17532,51587,7410,56862
"【C菌】2D恐怖游戏巅峰之作, 好评率98%之《Distraint2》",2573,1336374,//i2.hdslb.com/bfs/archive/eee53e63a541783abe88e0f0ff58a4be20417e15.jpg,36671246,BV1mt411y76a,1543063110,2018/11/24,20:38:30,124:29,21875,26468,38966,2997,42437
"【C菌】史上最烧脑毁三观的悬疑游戏, 你绝对猜不到结局!【化身侦探】实况（完结）",4158,961312,//i1.hdslb.com/bfs/archive/0d8b2dedc45dbc2fb6ca51122b25d6b0629467be.jpg,36241846,BV1Et41117q2,1542533477,2018/11/18,17:31:17,185:09,17589,19680,28800,2576,30179
【C菌】史上最骚格斗游戏，每一招都不堪入目！【智障游戏合集|第50期】,2234,1441594,//i2.hdslb.com/bfs/archive/72d24bd7d85d5d03f6c3ff8ce64a63bd8612020d.jpg,35679613,BV1it411m76P,1541841045,2018/11/10,17:10:45,25:53,14229,15060,47127,2071,44916
【C菌】波兰百人制作团队教做匠心游戏！,1661,579465,//i2.hdslb.com/bfs/archive/30560419e78e51cf81fec6da49a0a0889e51efa0.jpg,35307853,BV1Qb411w7Kv,1541419218,2018/11/5,20:0:18,22:17,4933,7282,19012,1466,24484
【C菌】2018最恐怖游戏！寂静岭PT精神续作《VISAGE》实况！,8439,3492022,//i1.hdslb.com/bfs/archive/09d024675a13523e8c7e48504d1ffa8baf8c7290.jpg,34234423,BV1Ht411o7Aw,1540028624,2018/10/20,17:43:44,90:53,155879,50664,74781,16770,90374
【C菌】超傻缺游戏: 黑洞模拟器!【智障游戏合集|49期】,3250,1450348,//i1.hdslb.com/bfs/archive/69c0db5b4f73a1ae3dbb445af4dc00cb030fc562.jpg,33254956,BV1DW41127w6,1538812410,2018/10/6,15:53:30,21:52,19148,10963,40837,2129,42342
【C菌】年度最创新游戏出新作【奇异人生2】实况【完结】,10361,2628642,//i0.hdslb.com/bfs/archive/36f9fd264db0d61e21634b54b5e56d5d8fd9373b.jpg,32799063,BV13W411m7dq,1538362822,2018/10/1,11:0:22,967:39,95105,58893,75463,5858,61559
"【C菌】2017本土最佳独立游戏, 国产黑马再现",3193,780749,//i1.hdslb.com/bfs/archive/4b11504537206c65e171563396b5eb2749acdb05.jpg,32212217,BV16W411r79m,1537617632,2018/9/22,20:0:32,17:12,5931,5062,17228,1537,23711
【C菌】最另类恐怖游戏：竟为剧情拍了个电影!【恐怖游戏合集2.0|第七期】,2604,935204,//i1.hdslb.com/bfs/archive/f6b61056482127986f7cdf16fd5ed1b0d9c3268a.jpg,31770808,BV1dW411r7Vk,1537004888,2018/9/15,17:48:8,25:03,16048,8038,24286,2340,25621
【C菌】国外对别人随意比中指会怎样？【智障游戏合集|第48期】,3599,1619057,//i0.hdslb.com/bfs/archive/f029d019d1f2abdd0f826c2d0a4e1a487e0c8ec2.jpg,31334359,BV1ZW411d7kw,1536400231,2018/9/8,17:50:31,52:27,27928,13345,32621,2870,38258
"【C菌】史上最难恐怖游戏, 通关竟需要死几百次【恐怖游戏合集2.0|第六期】",5252,1571914,//i1.hdslb.com/bfs/archive/d36c459f12ba0b056efb32264cfbeaf2e1c3782b.jpg,30335311,BV1kW411D7XC,1535261402,2018/8/26,13:30:2,50:11,35686,22286,54301,4743,47792
【C菌】最奇葩吃鸡游戏! 【智障游戏合集 | 第47期】,4394,1409521,//i2.hdslb.com/bfs/archive/37b714ede929724eefdb82afa9c382115d5a1709.jpg,29770199,BV13W41197hq,1534680015,2018/8/19,20:0:15,15:46,24132,13376,36021,3191,39987
【C菌】桐人和炮姐谁更厉害？官方做了个游戏解答,5335,686783,//i0.hdslb.com/bfs/archive/eecf06755af87d48042e03675e3b56509efd5215.jpg,29041048,BV1xs411u7h3,1533918573,2018/8/11,0:29:33,15:39,11596,8305,14571,1517,23918
"【C菌】最黑暗的恐怖游戏, 竟会毁灭操作系统...【恐怖游戏合集2.0: 第五期】修复！",8192,1711504,//i1.hdslb.com/bfs/archive/443d299304b1b6dd05ede17319c71ad91bc3b719.jpg,28582041,BV11s411u7Rr,1533456203,2018/8/5,16:3:23,85:45,63228,26793,47783,4809,41242
【C菌】99%的人都打不过的数学游戏!【智障游戏合集 | 第46期】,5608,1493893,//i1.hdslb.com/bfs/archive/a4654de006636cac9f11bedc645573eda2c14152.jpg,27948041,BV1zs411A7J9,1532773960,2018/7/28,18:32:40,42:58,38898,14210,53400,5132,38952
【C菌】俄罗斯恐怖游戏竟暗藏世界终极秘密..【恐怖游戏合集2.0: 第四期】,4906,1326125,//i1.hdslb.com/bfs/archive/53c7181520b97fa1eb8a4ffe8d7f1439115cc546.jpg,26844721,BV1Bs411J7rm,1531560267,2018/7/14,17:24:27,36:58,33418,23520,42069,2430,32219
【C菌】爆笑! 最傻缺吃鸡模拟器【智障游戏合集 | 第45期】,4103,1953984,//i1.hdslb.com/bfs/archive/0d96661c4257817d594cb01c2e3388fc0a22fb83.jpg,26342654,BV17s411p7hN,1530955052,2018/7/7,17:17:32,15:09,19253,27070,60995,7588,46705
【C菌】最无可争议的叙事神作!《奇异人生2》试玩【超能队长】实况,4157,1013774,//i0.hdslb.com/bfs/archive/246d7c5c53909bdd35ae675ec313dc1b5ec12996.jpg,25926687,BV1ds41157mj,1530418023,2018/7/1,12:7:3,121:29,23764,21450,30281,3212,24475
【C菌】这TM就是国产游戏的光啊！,4247,1394843,//i1.hdslb.com/bfs/archive/223fdfba9806f3a0b701db5442402a9575bc5710.jpg,25681702,BV1Gs411j7Ny,1530100808,2018/6/27,20:0:8,23:01,11030,11043,31098,1799,25919
"【C菌】B站上市后竟花血本办了个巨型漫展, 而且还送限定PS4?!",4561,931121,//i1.hdslb.com/bfs/archive/12e1f78bcc08961f9c4ea3028df3d424a21a35ba.jpg,25386332,BV1ps41177NB,1529755253,2018/6/23,20:0:53,10:16,10903,15747,39572,14548,32213
【C菌】五个最不能错过的独立游戏：手机版！,7032,1995203,//i2.hdslb.com/bfs/archive/2c1a415bb47aa308d111a8d5d0845972170e3657.jpg,24940257,BV1kW411F7Md,1529064049,2018/6/15,20:0:49,09:47,18163,39882,44930,6494,43051
"【C菌】法国顶级团队打造神作!【底特律: 变人】实况, 已完结 (多结局补充中 6/8/2018)",58980,12416058,//i1.hdslb.com/bfs/archive/fbcc67d4091a58bfac095a853dde74e55885125d.jpg,23947116,BV1tp411R7tB,1527307775,2018/5/26,12:9:35,649:41,586248,261822,339916,86885,160096
"【C菌】2018年Steam满分神作, 好评率95%【玛丽的房间】双语字幕实况",3871,1196669,//i0.hdslb.com/bfs/archive/eb5a14947767f761e4f1a0f76cce12522b624279.jpg,23638749,BV1yp411d7Rr,1526713711,2018/5/19,15:8:31,49:09,18469,22679,42009,2285,24400
【C菌】史上最恐怖游戏4K重置! 恐怖游戏合集2.0【第3期】,7220,2403125,//i0.hdslb.com/bfs/archive/7105390fefc05357e6b7e5f68131f2f401a364cc.jpg,23015741,BV1HW411G7md,1525508066,2018/5/5,16:14:26,36:41,40410,28347,49026,8919,41292
【C菌】这游戏绝了，第一关你都过不了...智障游戏合集【第44期】,4610,1772446,//i0.hdslb.com/bfs/archive/591639ea6b6177d261d45d5308cc54558580e071.jpg,22709005,BV1bW411V7bp,1524970808,2018/4/29,11:0:8,27:17,21334,26785,89723,6424,37770
【C菌】B站上市独家幕后大放送!【纽约游记3】,3312,710218,//i2.hdslb.com/bfs/archive/b6cce439a08e5a1c24764044b042a2c1198a709b.jpg,22372787,BV1jW41157e5,1524287442,2018/4/21,13:10:42,22:21,14150,24246,50280,2922,29144
【C菌】那些和朋友玩了就会撕逼的游戏!【第四期】,4386,1351646,//i0.hdslb.com/bfs/archive/267904b80396d415764abaafcbb701f2ae64c204.jpg,21998041,BV1TW411T7oM,1523620820,2018/4/13,20:0:20,23:27,18668,17847,28120,4276,25013
【C菌】9分好评? 亚洲第一动漫网游? 看看就知道了,3371,825277,//i1.hdslb.com/bfs/archive/296229db08372b338ea859ce9e39926dbf0b8f38.jpg,21270082,BV11W411M7CR,1522756832,2018/4/3,20:0:32,18:33,8524,4980,11444,1073,13348
【C菌】美国男厕所gay佬游戏! 智障游戏合集【第43期】,7260,1644774,//i2.hdslb.com/bfs/archive/5f769f5315c3b585ad18ed3eb366250ac25edeee.jpg,21155057,BV1rW411g7ej,1521875009,2018/3/24,15:3:29,36:04,38881,30383,48302,11381,28286
【C菌】二战期间的日本校园怪谈！恐怖游戏大合集2.0【第2期】,3935,1424474,//i0.hdslb.com/bfs/archive/e66a20bb1419f9a7c57931c6f834df23b6b62aac.jpg,20866818,BV16W411p7bB,1521256970,2018/3/17,11:22:50,27:07,29528,16783,43603,2199,23449
【C菌】首款搓♂澡模拟器! 智障游戏合集【第42期】,4771,1277795,//i0.hdslb.com/bfs/archive/8480883441e33bf83a538772fe4451af5a1e5ed5.jpg,20584992,BV1PW411s7ry,1520653631,2018/3/10,11:47:11,48:41,29815,28415,42073,12027,25989
"【C菌】这款游戏向你讲述癌症!【癌症似龙】实况, 自制中文字幕",5836,756596,//i2.hdslb.com/bfs/archive/786925bff94ff8f9ce4bcf48b768d0c8f84013bb.jpg,20328562,BV1tW411x7b2,1520080525,2018/3/3,20:35:25,89:32,16204,24134,39806,5315,23407
"【C菌】这游戏不难, 也就1小时死385次...智障游戏合集【第41期】",6201,1964585,//i0.hdslb.com/bfs/archive/d9ac3573bf88122785a781f4588b9f86e7c11c32.jpg,19863303,BV1rW41177Rv,1519216767,2018/2/21,20:39:27,27:50,24963,40429,91903,10748,42715
【C菌】一款玩了能减肥的良心游戏,3823,1007231,//i0.hdslb.com/bfs/archive/2fb1567e39661e38b66ab34938302f358c63bb46.jpg,19463714,BV1uW411E7wc,1518436837,2018/2/12,20:0:37,22:45,12687,7095,14378,1317,15088
"【C菌】PS2史诗级游戏被重置 【汪达与巨像(重制版)】实况, 已完结(02/19/18)",10952,1509670,//i1.hdslb.com/bfs/archive/182689bcf4886d33cbcf7039b125609bc7a27483.jpg,19323286,BV1TW411n7zB,1518094460,2018/2/8,20:54:20,279:21,69837,42644,53083,4161,27783
【C菌】游戏中最经典的十句台词，你都听过吗？,8454,1690552,//i0.hdslb.com/bfs/archive/4952b2c6960d0579914b738bd96bebbd8f6bc74a.jpg,18711299,BV17W411e79n,1516896038,2018/1/26,0:0:38,16:27,32908,24788,52245,3363,30757
【C菌】挤奶模拟器--这什么鬼游戏?! 智障游戏合集【第39期】,4809,1900792,//i0.hdslb.com/bfs/archive/ea5d910e8f5d83d3846cd9b993486c3eb6c802c6.jpg,17795120,BV1vW411b7JN,1514685614,2017/12/31,10:0:14,21:52,40782,23311,52313,6453,33728
【C菌】天啦噜! 这阵容突破天际了,2478,533348,//i2.hdslb.com/bfs/archive/b3480274d2005da786ea2f7a868ead77ece28a06.jpg,17254548,BV1cW411a7hW,1513267229,2017/12/15,0:0:29,23:18,8670,6292,11988,610,8312
【C菌】这座梦幻般的城市，竟无人问津？,7908,1649486,//i1.hdslb.com/bfs/archive/2071ddf71bfd1ae7162e861490b9c7190bf10d11.jpg,17126517,BV1pW411h7K4,1512886566,2017/12/10,14:16:6,26:09,30441,40692,80391,9044,47207
"【C菌】史上最""真实""骑车游戏 【智障游戏合集: 第38期】",3309,1241037,//i1.hdslb.com/bfs/archive/7b2311ecef1193173c601219f4db3ca4d9aa7ea7.jpg,16862565,BV1rW411a7jd,1512193772,2017/12/2,13:49:32,38:36,21008,18942,35357,2504,16166
【C菌】最猎奇的独立游戏!【恐怖游戏合集2.0 - 第1期】,3828,1497590,//i2.hdslb.com/bfs/archive/bd0129f664edbead189153b67e8f5e16a3804910.jpg,16652877,BV1Gx41157DG,1511597599,2017/11/25,16:13:19,35:37,31976,23800,29888,2733,15614
【C菌】什么? 手机也能玩吃鸡?!【智障傻缺游戏合集】【第37期】,3607,1343570,//i2.hdslb.com/bfs/archive/e8d616d58257572b2a0b4efbc67ac77c2b97ca49.jpg,16519928,BV1Yx411V746,1511265631,2017/11/21,20:0:31,31:56,42631,22244,41560,6331,16517
【C菌】首款赛博朋克风恐怖游戏!【>Observer_ (观察者)】实况连载【完结】,5043,1265677,//i2.hdslb.com/bfs/archive/999d483959ca28603d28216f14231dc07036ad3f.jpg,16002547,BV15x411j7a4,1509767584,2017/11/4,11:53:4,261:32,38090,36895,37888,4006,14793
"【C菌】绝了, 全程真人尬演的游戏! 智障傻缺游戏合集【第36期】",3776,1523311,//i0.hdslb.com/bfs/archive/b77562b668bd7c2d5657036b8132a8e8b87f42be.jpg,15793473,BV1rx41177v5,1509162538,2017/10/28,11:48:58,44:42,38478,16917,42968,4075,15347
【C菌】烂片竟改编出好游戏! 恐怖游戏【不要敲两次门】实况 完结,5008,1268342,//i2.hdslb.com/bfs/archive/b7f6f59acacc1e8d9d8c9bd024438b166067ce06.jpg,15375889,BV1nx411g7h5,1507954302,2017/10/14,12:11:42,48:33,46639,15609,32415,2379,11378
"【C菌】一款细思恐极, 只适合成年人玩的游戏! 超智障游戏合集【第35期】",6690,1650452,//i0.hdslb.com/bfs/archive/30e03afd4e9b2cb4b15bc263abad0e1f08d252dc.jpg,15166877,BV1mx41137sp,1507354225,2017/10/7,13:30:25,29:03,66544,17220,75302,5798,16412
"【C菌】惊了, 据说这是今年最恐怖的游戏!  最新恐怖游戏合集【第0期】",5246,2596948,//i1.hdslb.com/bfs/archive/71a9cfa91c2075a54745561ab739713bf8faa37b.jpg,14918763,BV1Wx411V7hj,1506749562,2017/9/30,13:32:42,41:46,72063,19624,33346,9369,20931
【C菌】这是我死最多的游戏! 最傻X智障的游戏合集【第34期】没时间解释了!,4954,1497014,//i0.hdslb.com/bfs/archive/42983a88caeaf3d1785f2efba23c467cfda22388.jpg,14713739,BV1Hx411G7Mb,1506141836,2017/9/23,12:43:56,24:44,30728,20062,35728,3924,12383
【C菌】友尽吧! 那些和朋友玩了就会撕逼的游戏!【第三期】,4620,1314066,//i2.hdslb.com/bfs/archive/05d1e3b54e5ad03c09f672f1edc2383b72d27fd2.jpg,14505008,BV1Yx411s7PX,1505534131,2017/9/16,11:55:31,39:09,32300,11854,24517,3037,10374
【C菌】传说中的满分神作【奇异人生: 暴风前夕】更新彩蛋！ (3月8日),12673,1953247,//i1.hdslb.com/bfs/archive/fdc0b0031ba77a9bd327eb359da794a71b61e35d.jpg,14086463,BV12x411t7Zs,1504322263,2017/9/2,11:17:43,732:27,86472,45027,52150,6084,14915
"【C菌】从未玩过如此扎心的游戏【Lydia】恐怖游戏实况, 已完结",10020,1021395,//i2.hdslb.com/bfs/archive/bcd5d92d626e445f3038996ca128d7e699d00b6d.jpg,13832052,BV1Ex41187P6,1503739698,2017/8/26,17:28:18,71:43,54831,23159,50484,3589,5718
【C菌】国人竟然做了这样的游戏?! 智障游戏合集【第33期】,6143,2076453,//i1.hdslb.com/bfs/archive/a60b71bec45726833acc745a8bfd00077d90f607.jpg,13544830,BV12x411J7TX,1503115371,2017/8/19,12:2:51,40:08,47799,22007,44687,6385,13334
【C菌】什么? B站竟然自主研发了一个游戏?!,9392,1344191,//i0.hdslb.com/bfs/archive/a20ef02c8e6adeac01413f79f98747081d47748f.jpg,13234797,BV1Cx411n7Rb,1502467240,2017/8/12,0:0:40,23:14,35404,7510,37405,1481,3811
"【C菌】这令人窒息的剧情!【Late Shift/晚班】实况, 已完结 (附真结局)",7650,1147992,//i0.hdslb.com/bfs/archive/6ead545eb9e2a543b639841546a7940ef5fbfb0a.jpg,12978948,BV1Lx411p7ji,1501896920,2017/8/5,9:35:20,114:26,62536,28135,37257,7480,6940
【C菌】天! 竟有如此不堪入目的游戏! 那些最奇葩智障的游戏集合!【第32期】,7115,1622680,//i0.hdslb.com/bfs/archive/eaa21fea428d637c5e04031fdd4c5f23ab7189b7.jpg,12455374,BV1rx411i7cX,1500694878,2017/7/22,11:41:18,36:33,50060,16603,39704,3342,6746
"【C菌】盲人视角恐怖游戏! 一秒变怂!【Perception(感知)】实况, 已完结",8517,1515625,//i1.hdslb.com/bfs/archive/3f5ff579889e5620d5f31c4418e11cc4b5e5c183.jpg,12221852,BV1Fx411B7yD,1500102736,2017/7/15,15:12:16,137:58,94359,25643,40444,5437,7181
【C菌】毕加索真迹再现人间! 那些最奇葩智障的游戏集合!【第31期】,5722,1007963,//i0.hdslb.com/bfs/archive/0bb438ee7b15fa6615a65dc95ff32593ec7f6bf7.jpg,11998007,BV1yx411z7kp,1499486744,2017/7/8,12:5:44,32:32,150745,12464,42758,2756,4051
"【C菌】走进70号房内惊天阴谋! 【70号: 巴希尔之眼】实况, 已完结 (恐怖游戏)",5795,1474382,//i2.hdslb.com/bfs/archive/3c0a554cdf37007d61f89a38f7d8f4a9046582ea.jpg,11777390,BV17x411r7JX,1498877881,2017/7/1,10:58:1,74:09,88212,22594,40969,3403,8764
【C菌】任天堂全球唯一旗舰店! 【旅游小电影: 纽约(第二集)】,3790,535421,//i2.hdslb.com/bfs/archive/37d49c9ae44ca553b7a8f325b7c2d60fab7aea1b.jpg,11583690,BV1Mx41167Yu,1498286707,2017/6/24,14:45:7,18:23,19860,6694,33968,1839,2645
【C菌】黑魂版刺客信条!《刺客信条：起源》超长试玩！和《马里奥疯狂兔子》超长试玩！,4395,924642,//i1.hdslb.com/bfs/archive/645d35ec8b050ae53ec68eef3611331fcea41d95.jpg,11391181,BV1Nx411h71C,1497673063,2017/6/17,12:17:43,76:25,18755,5291,20924,3290,1359
【C菌】如何在一分钟内毁灭世界! 那些最奇葩智障的游戏集合!【第30期】,4009,1330355,//i0.hdslb.com/bfs/archive/6b817380800fdbb715a306905669b2179e67c469.jpg,11032697,BV1Rx411h79z,1496459408,2017/6/3,11:10:8,26:38,39322,7499,35303,2508,5116
【C菌】什么样的游戏才算是神作?【伊迪芬奇的秘密】实况【完结】年度满分神作!,7951,1889220,//i0.hdslb.com/bfs/archive/99ca6d71ed909d86b563b183d35a5dae78294044.jpg,10853395,BV1Dx411Y7q1,1495855905,2017/5/27,11:31:45,120:31,56167,59200,72485,24277,17520
【C菌】世界最大同性恋城! 大开眼界... 【旅游电影: 旧金山】,6433,1043526,//i0.hdslb.com/bfs/archive/75fa48ee68a7f78db5190b6281d4409b82d19ca5.jpg,10696112,BV1yx411v7Qy,1495275188,2017/5/20,18:13:8,26:07,65192,11306,36866,2134,9061
【C菌】分手! 那些和朋友玩了就会撕哔的游戏!【第二期】,5493,1438012,//i1.hdslb.com/bfs/archive/82626ba9034eac2a2e8b9882861a53447e1e05c0.jpg,10520722,BV1Dx411e7TW,1494650041,2017/5/13,12:34:1,26:56,32702,6828,21775,2492,4525
【C菌】窒息般恐惧!【逃生2】中英双语实况连载【完结】(5/10),16827,5150564,//i0.hdslb.com/bfs/archive/ab84854a36016a948d61254d0c4d65a0af2af4fa.jpg,10153436,BV19x411U7zX,1493371415,2017/4/28,17:23:35,348:31,235649,82563,91995,22596,36258
"【C菌】全军突鸡! 一万只鸡VS美国大兵, 谁会赢? 那些最奇葩智障的游戏集合!【第29期】",6942,1311739,//i0.hdslb.com/bfs/archive/5f8e7a876f73019d24903bb468183d4c61b871a8.jpg,10007899,BV1nx411U7xh,1492833125,2017/4/22,11:52:5,45:40,51550,5750,30449,2056,3446
【C菌】我与比尔盖茨合影啦!! 【C菌旅游电影: 西雅图篇】,4835,653473,//i0.hdslb.com/bfs/archive/45af46feb698c2f8d77f69828db3754294bb43d4.jpg,9848497,BV1Ax411D7TS,1492226237,2017/4/15,11:17:17,16:36,33762,6030,34742,1021,2172
【C菌】黑暗系恐怖游戏!【Sally Face】实况【完结】,32916,5643829,//i1.hdslb.com/bfs/archive/4cc12407548cb1e36c5e470b2979ed5876f364e4.jpg,9687474,BV1Rx411Q7C7,1491620508,2017/4/8,11:1:48,372:46,214403,164210,176352,28765,97208
【C菌】国产游戏竟如此扎心! ...那些最奇葩智障的游戏集合!【第28期】,4955,1634105,//i1.hdslb.com/bfs/archive/759122a49afd8eebf733adbedebc03ac013c1250.jpg,9522322,BV1wx411Q7mR,1491019709,2017/4/1,12:8:29,39:52,46863,11191,44005,3181,4209
【C菌】救命!,5187,999417,//i0.hdslb.com/bfs/archive/29e8be64eece03a3a00ffd8be0d6df0480f17e48.jpg,9374889,BV1Wx411k7u9,1490409814,2017/3/25,10:43:34,49:50,28390,7092,19757,520,1780
【C菌】活久见! 最具创意游戏! 那些最奇葩智障的游戏集合!【第27期】,3961,1364669,//i1.hdslb.com/bfs/archive/32295030803f62024dd136622453295102751fe5.jpg,9231565,BV1bx411r72q,1489806662,2017/3/18,11:11:2,33:47,29450,6979,24458,2242,3015
【C菌】游戏脑洞惊天! 结局竟然... 那些最奇葩智障的游戏集合!【第26期】,4855,1493631,//i0.hdslb.com/bfs/archive/951fce08f0d5cae47cc131aebcc4a9cc0966b0e0.jpg,9089413,BV1Bx411C7fY,1489201649,2017/3/11,11:7:29,50:13,50486,7407,24009,1600,3865
【C菌】我竟被做成恐怖游戏主角! 而结局竟然是这样的？？！,5308,1688490,//i1.hdslb.com/bfs/archive/72c0d7bac6810624cb8615df8167120d3e2b31b7.jpg,8953409,BV1Rx411k71d,1488595850,2017/3/4,10:50:50,53:38,61335,20602,43946,1408,7546
【C菌】日本超奇葩体育游戏! - 那些最奇葩智障的游戏集合!【第25期】,4771,1909315,//i2.hdslb.com/bfs/archive/f63b8cd28a50b658ce71ce17b3467a35966b730c.jpg,8817536,BV1Rx411y7mX,1487992218,2017/2/25,11:10:18,38:20,79138,27401,57405,24778,11375
"【C菌】纽约街头偶遇""川普"" 【C菌的旅行电影: 纽约篇】",8657,991667,//i2.hdslb.com/bfs/archive/b8eb543352f6e9d9e361f7cf58d0a0ad9a7a31f9.jpg,8684037,BV1Lx411y7sg,1487398077,2017/2/18,14:7:57,52:31,58950,22293,77657,3810,2989
【C菌】友尽! 那些和朋友玩了就会撕逼的游戏!【第一期】,8399,1985373,//i2.hdslb.com/bfs/archive/c1b2b22b417f95c27ecd0ef4fb4a6dfaae9a1580.jpg,8542833,BV1wx41127jC,1486781085,2017/2/11,10:44:45,29:07,67015,16391,44675,9737,7892
【C菌】B站X怂被吓飞!【生化危机7】实况【完结+DLC】已更新DLC佐伊的结局 (12月20日),19771,9155255,//i1.hdslb.com/bfs/archive/08e7bc241dc53a3733dc4acaa25b471d7cee1cd8.jpg,8208517,BV1ms411b7Ph,1485318211,2017/1/25,12:23:31,529:42,447501,110759,153257,28137,53583
【C菌】老司机为你刮♂毛! 那些最奇葩智障的游戏集合【第24期】,4994,1470258,//i1.hdslb.com/bfs/archive/1ec749a787fe745d61ee7243a0be6052cd48947c.jpg,8130137,BV1hs411b7kY,1484968716,2017/1/21,11:18:36,29:16,44857,8550,41221,2204,2531
【C菌】辣眼睛! 游戏中的十大奇葩发型!,9971,1915207,//i2.hdslb.com/bfs/archive/e625e18b983e1eb7b95f52cea1a20332096bfeaf.jpg,7951058,BV1us411h7nV,1484101187,2017/1/11,10:19:47,15:51,66861,23126,106081,4424,17355
【C菌】文明观球❤! 那些最奇葩智障的游戏集合!【第23期】新年快乐!,7757,1386860,//i0.hdslb.com/bfs/archive/9a4d1867727f2e59b04738e2f95362f0b2974dc0.jpg,7775794,BV1Ks411Y7nu,1483151326,2016/12/31,10:28:46,27:52,49742,7960,55640,1742,2659
【C菌】隐藏在圣诞老人背后的恐怖真相! 那些最恐怖游戏合集【第37期】标题骗你的科科,4430,1163230,//i1.hdslb.com/bfs/archive/d19be2389df9e2a8878e52962da784a56e2903b5.jpg,7668493,BV1es411a7A1,1482548728,2016/12/24,11:5:28,27:58,61593,4863,18008,1219,1839
【C菌】这才是正确的撩妹姿势! 那些最奇葩智障的游戏集合!【第22期】天国的片头...,3954,1195706,//i1.hdslb.com/bfs/archive/9e454de6565ce5f153a3dc315ce4531e38581e88.jpg,7562400,BV1hs411e7oB,1481945908,2016/12/17,11:38:28,26:01,28262,5529,24858,1206,2420
"【C菌】跳票五年, 制作十年的巨作! 【最后的守护者】实况【完结】(12/19)",9673,2209828,//i0.hdslb.com/bfs/archive/34e222bc33462d47b3d7c54860668bc00544db1a.jpg,7461469,BV1Fs411e7Hb,1481344708,2016/12/10,12:38:28,375:47,93369,45252,63305,5893,7980
【C菌】老司机激情碰♂撞! 那些最奇葩智障的游戏集合!【第21期】,4487,1246253,//i2.hdslb.com/bfs/archive/561173642e8c3ec823cd9116b327e218bf32f5ad.jpg,7357496,BV1bs411Y7KW,1480732148,2016/12/3,10:29:8,26:58,156,6735,37706,2563,3059
【C菌】高手在民间! 国外年度恐怖游戏制作大赛! 【恐怖游戏集合第36期】修复版,4462,959640,//i0.hdslb.com/bfs/archive/96ac34cc20a21353db5ebbd6a507a00ccb26097d.jpg,7256580,BV1As411s7ri,1480126406,2016/11/26,10:13:26,24:39,39175,5634,26000,919,1770
【C菌】老司机带你原地起飞! 那些最奇葩智障的游戏合集!【第20期】,5037,1378998,//i0.hdslb.com/bfs/archive/8847c5ea77417de07239172cd2e25b2bffcaa4c2.jpg,7157542,BV1Ys411W7Q7,1479521572,2016/11/19,10:12:52,35:22,52284,11869,38259,3564,2113
【C菌】你完全猜不到的结局!【最恐怖游戏合集 第35期】,5219,918384,//i1.hdslb.com/bfs/archive/8badedc1c398bdf8d2f37f9775172320373c2736.jpg,7061793,BV1is411x7Tj,1478922317,2016/11/12,11:45:17,20:28,50335,6144,26951,962,1816
【C菌】三观尽毁! 那些最奇葩傻缺的游戏集合!【第19期】,4316,1065172,//i0.hdslb.com/bfs/archive/99bb082009398f569075fe7ff869291810c6d1da.jpg,6965288,BV1Ns411x7Ga,1478316130,2016/11/5,11:22:10,23:48,34203,5058,31856,867,2357
【C菌】万圣节挑战极限恐怖! 【那些最恐怖的游戏集合: 第34期】,4563,934067,//i2.hdslb.com/bfs/archive/77a94fdad2708e18e66032c547daba4342cbb823.jpg,6867407,BV1vs411s7FG,1477709363,2016/10/29,10:49:23,32:58,36038,5975,24124,1505,4370
【C菌】采访育碧《看门狗2》制作团队! 附完整版游玩录像！,5206,868331,//i2.hdslb.com/bfs/archive/f78711ed9c8067a84bffadd1d924ca70f436faf2.jpg,6775166,BV1Us41147kU,1477335600,2016/10/25,3:0:0,51:11,17738,10926,47925,2385,917
【C菌】《逃生2》抢先试玩! 吓哭了!,6849,1169459,//i1.hdslb.com/bfs/archive/7a1625547b4809e96e2cd9cd333487a4cec760b5.jpg,6533265,BV1xs411b7Hq,1475573070,2016/10/4,17:24:30,19:33,46784,8766,23558,4144,1358
【C菌】神TM智障! 那些最奇葩傻缺的游戏集合!【第17期】附赠【奇异人生】之圣地巡礼!,5625,1608397,//i1.hdslb.com/bfs/archive/7b621fe0e17a3d023d20e307cfbd3a65799de9a1.jpg,6495055,BV1Gs411b7Sq,1475374753,2016/10/2,10:19:13,46:50,102061,15209,59078,3037,4623
【C菌】最辣鸡恐怖游戏!! 那些最恐怖的游戏集合【第33期】,4877,877451,//i1.hdslb.com/bfs/archive/bdb86de2f7758969aadb145dbee1928fffb6ec6a.jpg,6393106,BV16s411t7oa,1474685181,2016/9/24,10:46:21,26:25,52384,6236,24222,1354,1943
【C菌】妈的...智障! 那些最奇葩傻缺的游戏集合!【第16期】战争永不结束!,5322,1649319,//i1.hdslb.com/bfs/archive/e62eee0cfba6b12f56a1a67c5102feebddf15255.jpg,6298459,BV1Gs411t7pb,1473992541,2016/9/16,10:22:21,24:20,57995,11845,36967,4240,8234
【C菌】妈的超智障! 最奇葩傻缺游戏集合!【第15期】神奇的功夫!,6602,1324151,//i1.hdslb.com/bfs/archive/05d554cde3c75ea01cf8ceb7c60e054168fa769f.jpg,6135634,BV1ms41167BW,1472870664,2016/9/3,10:44:24,25:21,37347,8182,53083,1084,3303
【C菌】这是我被吓最惨的一次! 那些最恐怖的游戏集合【第32期】Timore又来了!,12926,1782096,//i1.hdslb.com/bfs/archive/b308552417ab6dcfe98f873bd4882f0a511ad838.jpg,6031594,BV1js4116752,1472266767,2016/8/27,10:59:27,40:15,178606,19423,43250,9403,5503
【C菌】妈的特别智障! 那些最奇葩傻缺的游戏集合!【第14期】奥林匹克精神!!,5466,1337584,//i1.hdslb.com/bfs/archive/6c482837b52bc57555e3f0d0dc808f680048d069.jpg,5913374,BV1Hs411k7Pc,1471663792,2016/8/20,11:29:52,19:39,50835,8652,36011,2624,2693
【C菌】美炸! 年度悬疑神作【看火人 / Firewatch】实况【完结】ft. 莫璃,8105,1922946,//i2.hdslb.com/bfs/archive/59650ef70af20c30f43853f683baf76b5123a95f.jpg,5792279,BV1vs411r7YP,1471055849,2016/8/13,10:37:29,134:34,88273,36524,43059,2864,5041
【C菌】妈的惊天智障! 那些最奇葩傻缺的游戏集合!【第13期】切嗣爸爸原谅我!,6525,1334220,//i1.hdslb.com/bfs/archive/04fc30a62f9dfe8efa412460708eed01454de2ce.jpg,5674122,BV1Ss411C7JX,1470451094,2016/8/6,10:38:14,24:42,50785,8685,57189,1650,2784
【C菌】看看你能挺过几个游戏! 那些最恐怖的游戏集合【第31期】,9355,1229307,//i2.hdslb.com/bfs/archive/aa076f72b9f6c56ba1ae66c93d8903bf4b40b480.jpg,5560315,BV1Ps411C7kd,1469846306,2016/7/30,10:38:26,33:53,133125,11057,50148,3332,3667
【C菌】妈的逆天智障! 那些最奇葩傻缺的游戏集合!【第12期】神奇物理引擎又来了!,6928,2135312,//i1.hdslb.com/bfs/archive/50f2f84f5032e03d6e38f65afe96a3ddbe42bcd2.jpg,5468898,BV1Es41117cW,1469335192,2016/7/24,12:39:52,62:40,107453,21357,62315,6836,6267
【C菌】惊! 中国老太竟是恐怖游戏BOSS! 那些传说中最恐怖的游戏集合【第30期】,6467,1166979,//i1.hdslb.com/bfs/archive/b2b904b689a4fd1085e0cc308489c496fe2aa502.jpg,5353423,BV1Ds411y7ig,1468638266,2016/7/16,11:4:26,26:07,79075,7843,26014,3317,1864
【C菌】妈的如此智障! 那些最奇葩傻缺的游戏集合!【第11期】C菌竟公然调戏女子??,5352,1537955,//i0.hdslb.com/bfs/archive/cb68e13c58fa2abd845ef3989c90a9035adf694a.jpg,5259379,BV1Vs411y7mS,1468032810,2016/7/9,10:53:30,18:53,42917,9836,54469,1830,4820
【C菌】毁童年的恐怖游戏! 那些传说中最恐怖的游戏集合【第29期】,5215,1491098,//i1.hdslb.com/bfs/archive/9ea4cc97e0f8f665c542e7c5cc9687159413232d.jpg,5168774,BV16s411v742,1467428326,2016/7/2,10:58:46,26:12,72544,10229,24755,2984,7077
【C菌】听说生化危机7不恐怖? 那些传说中最恐怖的游戏集合【特别篇之Resident EVII】,4421,1105575,//i0.hdslb.com/bfs/archive/2cadce87fad11fd15b9ecf78a0ed7bdb2f49af33.jpg,5008782,BV1Ds411e79c,1466221432,2016/6/18,11:43:52,29:22,38638,6707,17112,1629,1400
【C菌】妈的绝顶智障! 那些最奇葩傻缺的游戏集合【第九期】最智障一期!VVVVVVVVVVVVV,4424,1768080,//i2.hdslb.com/bfs/archive/4eea868f439cab457c3d4bb62c45766ca7f4f429.jpg,4936646,BV1Gs411q7Ny,1465615998,2016/6/11,11:33:18,23:33,49193,10205,32146,2437,8943
【C菌】这是我玩过坠恐怖的游戏! 那些听说是最恐怖的游戏集合【第28期】,4221,973649,//i1.hdslb.com/bfs/archive/083b352c31763b815d09b389d5419def352bc937.jpg,4857631,BV1ds411i7qG,1465007877,2016/6/4,10:37:57,26:19,73872,6782,25607,2970,3052
【C菌】最后一次玩恐怖游戏!  那些最恐怖猎奇的游戏集合【第27期】或最终回,5621,853748,//i0.hdslb.com/bfs/archive/bd23dc52d012e4b3105843c00df14b44bc5025c2.jpg,4716914,BV1ys411B7to,1463800020,2016/5/21,11:7:0,30:20,57528,5453,24171,1404,1641
【C菌】妈的无限智障! 那些最奇葩傻缺的游戏集合!【第7期】这是爱情!,3401,1252512,//i0.hdslb.com/bfs/archive/de90c5b7df4aba5da6ce9175f7afcbbc4eb73ab0.jpg,4647151,BV1ps411B7zZ,1463198321,2016/5/14,11:58:41,30:08,35999,7591,25747,1604,2688
【C菌】这款游戏让你细思恐极! 那些最恐怖猎奇的游戏集合【第26期】,4130,948236,//i2.hdslb.com/bfs/archive/56fc8e2c2fb4072727a51c6dd6f562cd0b343df2.jpg,4579189,BV1cs411B7dK,1462588271,2016/5/7,10:31:11,40:10,56866,7407,21895,1027,1553
【C菌】妈的超级智障! 那些最奇葩傻缺的游戏集合!【第六期】,3606,1434993,//i2.hdslb.com/bfs/archive/44a59ca2d9826234ed7549ab0fc4212aa5879420.jpg,4508655,BV16s411q78K,1461984717,2016/4/30,10:51:57,24:57,55394,7169,29524,1636,3402
【C菌】竟在恐怖游戏里搞百合! 狗粮有毒! 【光之镇】完结,4289,982512,//i2.hdslb.com/bfs/archive/90e4998536eb1233a58a9fb828d32b794758968d.jpg,4443174,BV1cs41167W3,1461380051,2016/4/23,10:54:11,45:28,72247,15093,19450,2769,3268
【C菌】妈的永远智障! 那些最奇葩傻缺的游戏集合【第五期】,3493,1341409,//i2.hdslb.com/bfs/archive/b790992f7f53bf597d7213cc87c6802a69b27990.jpg,4378846,BV1ks411z7Ze,1460779045,2016/4/16,11:57:25,26:02,40849,8484,27293,3012,3797
"【C菌】爽到爆炸! 科幻巨作【量子破碎】【完结】 (08/09更新, 全部完结)",10467,1983024,//i2.hdslb.com/bfs/archive/4df41c7cf2b1c7aa802d128921ed67afa36e0e3d.jpg,4306452,BV18s411z7kc,1460118423,2016/4/8,20:27:3,65:08,65136,35878,29274,2787,6614
【C菌】印尼神TM恐怖游戏【小镇惊魂】已完结! 4月5日更新 (恐怖游戏合集特别篇),5051,969087,//i0.hdslb.com/bfs/archive/c16d69d2d310559f839eebc6d448833fcb785ff0.jpg,4249095,BV1ws411z7Rv,1459566959,2016/4/2,11:15:59,149:28,95932,10688,17293,2307,1758
【C菌】妈的依旧智障! 那些最奇葩傻缺的游戏集合【第四期】,4202,1413304,//i1.hdslb.com/bfs/archive/ecd741cc92c8886af1d2bb97b79a82ca75ce3898.jpg,4189265,BV1us411X7TZ,1458959048,2016/3/26,10:24:8,27:41,41823,7456,20801,1632,2793
"【C菌】妈的吓人! 那些最恐怖惊魂的游戏集合【第24期】超现实主义的恐惧, 胆小别看",3917,1001972,//i2.hdslb.com/bfs/archive/2b97d93ed6c6bd63984a443320cf18054b4d664d.jpg,4131529,BV1ws411X75z,1458354876,2016/3/19,10:34:36,43:12,75390,7814,22630,2765,2227
【C菌】妈的还智障! 那些最奇葩傻缺的游戏集合【第三期】3.14绿色版,4276,1745861,//i0.hdslb.com/bfs/archive/509f52302cc8aee8279d3d938de5f29e558e9dcc.jpg,4073771,BV1ys411Q73p,1457751870,2016/3/12,11:4:30,27:10,36166,14872,28481,6378,5393
【C菌】妈的害怕! 那些最恐怖惊魂的游戏集合【第23期】 害怕 - B站三怂限定版!,3219,797336,//i2.hdslb.com/bfs/archive/bc3cdec2c0ff86f3fdc050f2255006d1ace378d7.jpg,4017068,BV1js411Q7ht,1457145827,2016/3/5,10:43:47,25:33,46809,4258,10378,1078,1169
【C菌】妈的又智障! 那些最奇葩傻缺的游戏集合【第二期】,4244,1591652,//i1.hdslb.com/bfs/archive/e9643fdcdd0ff6ed2970713c9fa07446ff879e86.jpg,3961983,BV1Fs411Q72v,1456541674,2016/2/27,10:54:34,21:54,42649,9659,23165,4028,3686
【C菌】妈的智障! 那些最奇葩智障的游戏集合!【第一期】WTF?!,5274,2331745,//i2.hdslb.com/bfs/archive/cb7bd6a177244cf8bb93a8d358fbc764db440185.jpg,3896385,BV1Hs41197Md,1455936996,2016/2/20,10:56:36,25:38,91431,21385,44652,7384,8159
【C菌】分娩☆Time!! 【传说中最恐怖的游戏合集(特别篇)】CALENDULA(金盏花),3274,704733,//i1.hdslb.com/bfs/archive/a5a850bdcc430f0cc74aae1d1e9707a77e7b4852.jpg,3823273,BV1fs411X7H9,1455333632,2016/2/13,11:20:32,38:41,43557,6754,13435,2191,1062
【C菌】带你下海找鸡! 传说中最恐怖游戏集合【第22期】,3221,662215,//i0.hdslb.com/bfs/archive/00a41fe8f164547a7d07306a5ab670c615a65ccf.jpg,3768192,BV16s411X72R,1454730339,2016/2/6,11:45:39,27:46,54883,3280,8994,873,955
【C菌】带你走近科学! 2015科幻神作【万众狂欢】已完结 (01/24),5351,1450135,//i0.hdslb.com/bfs/archive/40c564386d793bb4aee2e0029e3408fa07ab544c.jpg,3591195,BV1ts411R7Ng,1452912312,2016/1/16,10:45:12,65:57,58319,26672,22176,2812,2910
【C菌】辣些听说是最恐怖的游戏集合【第20期】据说这是PC版的PT !!!,2382,528549,//i0.hdslb.com/bfs/archive/5e8f9cf841d2d6595d2a84aaf57bb0cfac5b32a6.jpg,3544059,BV1ss411R7h1,1452309205,2016/1/9,11:13:25,24:21,29428,2942,8742,816,922
【C菌】那些传说中最恐怖的游戏集合【第19期】最佳Unity游戏! 大家新年快乐!,3237,703623,//i2.hdslb.com/bfs/archive/a1f34c4917373f2d8134510cf080222727cc043b.jpg,3498479,BV1cs411R75b,1451700228,2016/1/2,10:3:48,47:57,49207,3574,6862,775,817
【C菌】本月最恐怖游戏! 那些听说是最恐怖的游戏集合【第17期】我已吓飞,2551,558117,//i1.hdslb.com/bfs/archive/7d1c630ad30511009c996936c87421957b98d853.jpg,3410638,BV1ks41197zH,1450497346,2015/12/19,11:55:46,24:44,34249,2939,5861,1251,791
【C菌】那些听说是最恐怖的游戏集合【第16期】女鬼扇了我一巴掌! 马勒个巴子!!!,1838,494941,//i1.hdslb.com/bfs/archive/51646d658a5e0ca9c9e72449c0c64eb2577d2fcc.jpg,3370923,BV1cs411o7pZ,1449890987,2015/12/12,11:29:47,24:47,31889,2521,4812,513,795
【C菌】茶理理来我家玩恐怖游戏!【恐怖游戏合集特别篇(P.T.)】b站三怂都有谁?,3631,1240354,//i1.hdslb.com/bfs/archive/132acf289445a75e4e44a80b2003b81f78ee12e1.jpg,3331208,BV1Ss411d7mo,1449284572,2015/12/5,11:2:52,57:21,74141,14819,11838,3640,1817
【C菌】那些听说是最恐怖的游戏集合【第15期】终极高清导演剪辑重传版V.3,2040,630689,//i0.hdslb.com/bfs/archive/ad4cb452e182491f93389aa91b9642f94e84f8b9.jpg,3254447,BV1is411d7Tw,1448078028,2015/11/21,11:53:48,22:19,34081,3227,6409,738,1006
【C菌】年度最恐怖独立游戏【The Park/游乐园惊魂】PT算什么? 我彻底方了!,3252,1141229,//i0.hdslb.com/bfs/archive/dcf4e5a8ef540489b3460715008428e946998fa9.jpg,3187800,BV1Ls411d7oc,1446948127,2015/11/8,10:2:7,59:15,86040,14996,15083,3718,7571
"【C菌】教你学英语【奇异人生】双语字幕实况+解读, 第五章(终章)完结, 双结局!",6095,1132931,//i2.hdslb.com/bfs/archive/24648b56ed719425a5237cd7974a6731730a87da.jpg,3145396,BV1ms41127mA,1446270257,2015/10/31,13:44:17,42:37,56100,24364,34352,3231,7521
"【C菌】那些听说是最恐怖的游戏集合【第14期】拾肆, 是死!",2096,507175,//i0.hdslb.com/bfs/archive/40defd2b44c1701e1c0fff88a51ec8c720a92f05.jpg,3107643,BV1qs411275b,1445660365,2015/10/24,12:19:25,24:19,33166,2409,5986,467,988
【C菌】辣些听说是最恐怖的游戏集合【第13期】13是一朵非常不吉利的数字!,1966,533366,//i1.hdslb.com/bfs/archive/edaadad7746c42f4187f057047278856dfec1430.jpg,3071054,BV1ss41127Ck,1445051615,2015/10/17,11:13:35,22:06,31471,2723,5499,537,1348
【C菌】用心率监测仪玩恐怖游戏【NEVERMIND(无须在意)】试玩,1812,468453,//i0.hdslb.com/bfs/archive/ac8587c92c513b531377115822e6f9b7c85b258e.jpg,2996158,BV1Vs41127pV,1443846264,2015/10/3,12:24:24,25:06,22172,3095,6052,352,638
【C菌】辣些听说是最恐怖的游戏集合【第12期】,1858,496837,//i0.hdslb.com/bfs/archive/d4bd4ada4f9b5431c388bd7194a7dd3df72e6483.jpg,2963930,BV1As41127uA,1443332803,2015/9/27,13:46:43,26:42,28903,2030,4341,240,821
【C菌】年度恐怖巨作【直到黎明/Until Dawn】实况【更新6-10章 已完结】附特典,2431,1234191,//i2.hdslb.com/bfs/archive/ef1818329ad638b4f032b7b061f63453afd3c9ca.jpg,2921527,BV1Ds41117jM,1442548515,2015/9/18,11:55:15,193:20,57741,11176,10031,1819,4340
【C菌】年度恐怖巨作【直到黎明/Until Dawn】实况【更新第3-5章】,1345,800323,//i1.hdslb.com/bfs/archive/a60c25e7e1917eaa919089f52fe427c624a881a3.jpg,2896586,BV1Cs41117HT,1442030888,2015/9/12,12:8:8,104:28,36363,8130,7380,891,2709
"【C菌】与100个男人缠缠绵绵, 乙女恋爱史诗!（ ___, 括号内删除）",1825,570559,//i2.hdslb.com/bfs/archive/e6f5172c2741ccfb2bc96db6f436c2a6f72a5328.jpg,2891410,BV16s41117cX,1441936923,2015/9/11,10:2:3,25:42,29663,4832,3530,1042,896
【C菌】辣些听说是最恐怖的游戏集合【第11期】恐惧永不完结!,1766,694355,//i2.hdslb.com/bfs/archive/30a8475f36b23da5fb6832d5d4c51e934a9b1376.jpg,2872310,BV1Ts411U752,1441517177,2015/9/6,13:26:17,29:31,34017,3791,10936,438,1710
"【C菌】年度恐怖巨作【直到黎明/Until Dawn】实况【连载, 更新第1-2章】",1980,960681,//i0.hdslb.com/bfs/archive/d0d2a57f8dd4fa318f89c012a0bc113dcb35a6d1.jpg,2862186,BV1Gs411U7Vo,1441360851,2015/9/4,18:0:51,86:35,34296,13240,8728,2358,5168
"【C菌】PS4恐怖巨作【直到黎明/Until Dawn】实况【第零期, 试玩, 双语字幕】",2976,1032848,//i2.hdslb.com/bfs/archive/1eefffeb60aa3991dc0ac7a6b61fefc5e1e0aca6.jpg,2808928,BV11s411m76N,1440575304,2015/8/26,15:48:24,44:56,36940,7266,5604,1226,1772
【C菌】辣些听说是最恐怖的游戏集合10【第十期】(大结局?),2148,614068,//i1.hdslb.com/bfs/archive/b6543c682edaa68a2c03b7bfd93d835c73f85f37.jpg,2788168,BV1Ss411m7Du,1440300112,2015/8/23,11:21:52,33:48,46830,2998,6141,360,1709
【C菌】辣些听说是最恐怖的游戏集合9【第⑨期】,1796,568909,//i0.hdslb.com/bfs/archive/a207c4929401336000a49d526e2612df37d968b8.jpg,2744337,BV1ts411m7JF,1439690109,2015/8/16,9:55:9,27:21,41280,2155,4173,230,1038
【C菌】教你学英语【奇异人生】第四章 双语字幕实况【完结】,4074,1071373,//i2.hdslb.com/bfs/archive/66249caabd68c1efe90fda1ef01fda7d9861810d.jpg,2738908,BV1ss411m7HR,1439605517,2015/8/15,10:25:17,29:27,51069,18594,19285,1807,5513
【C菌】那些听说是最恐怖的游戏集合8【第八期】,1711,646005,//i1.hdslb.com/bfs/archive/8bff6ceb160b325bd2919afe30eb2063870be1e2.jpg,2705970,BV15s411m7rD,1439087001,2015/8/9,10:23:21,29:49,50561,2664,3998,350,1653
【C菌】辣些听说是最恐怖的游戏集合7【第七期】,2282,932748,//i0.hdslb.com/bfs/archive/571d30ff34725b3593b6d50142e5c08d173f9910.jpg,2667198,BV15s411m7AL,1438480782,2015/8/2,9:59:42,22:24,73934,6872,11541,2668,4725
【C菌】辣些听说是最恐怖的游戏集合6【第六期】666666666666666666666666666666666666,1479,671927,//i1.hdslb.com/bfs/archive/718553d9a71d3c6e3cf1c2ecb26611906e9e221e.jpg,2630127,BV1As411m7Fs,1437877501,2015/7/26,10:25:1,22:28,43234,2662,4257,480,1453
【C菌】辣些听说是最恐怖的游戏集合【第五期】,1518,805890,//i0.hdslb.com/bfs/archive/26b42f606e01ed8161145e94c41559f3f8de8edd.jpg,2589990,BV1hs411S7xt,1437193146,2015/7/18,12:19:6,21:37,36571,3677,3347,399,1213
【C菌】那些听说是最恐怖的游戏集合【第四期】,1643,630605,//i1.hdslb.com/bfs/archive/de78e18cb3de2ae7a7b426055e9cff8935adc990.jpg,2555948,BV1ns411S7RB,1436583675,2015/7/11,11:1:15,22:18,40122,2767,3509,318,1722
【C菌】那些听说是最恐怖的游戏集合【第三期】,1874,812948,//i1.hdslb.com/bfs/archive/8c73fc185214fae2ff0587c1a3024f4523e46896.jpg,2523177,BV13s411S7gv,1435983544,2015/7/4,12:19:4,31:54,57755,3688,4978,590,2763
【C菌】那些听说是最恐怖的游戏集合【第二期】!,1786,763433,//i0.hdslb.com/bfs/archive/f69d096f1acae78ad8c6fabfe98a437e2edbf955.jpg,2488896,BV1Ss411U7FA,1435377570,2015/6/27,11:59:30,19:22,44075,3847,4151,617,1603
【C菌】那些听说是最恐怖的游戏集合!【第一期】,2936,1979672,//i1.hdslb.com/bfs/archive/0599b11752c6db31167eaad004834a6469d1c83f.jpg,2459832,BV1Ds411U7wX,1434769136,2015/6/20,10:58:56,30:42,119853,14408,10415,3451,12879
"【C菌】大片教你学英语3【奇异人生】双语字幕实况+解读, 第三章(超恐怖)完结!",1716,889955,//i0.hdslb.com/bfs/archive/a1f8b03fc86b069fc74bb6914d6978fcfcd9a489.jpg,2428439,BV16s411U7g9,1434078711,2015/6/12,11:11:51,164:06,40653,18675,18465,1925,6115
"【C菌】大片教你学英语【奇异人生】双语字幕实况+解读, 第二章完结, 量子力学!",2183,1094953,//i2.hdslb.com/bfs/archive/f5ed59186e9607f9c0fda846dc142b060ca34952.jpg,2354246,BV1Us411D7Ge,1432351546,2015/5/23,11:25:46,122:25,54828,22030,27262,2513,7777
"【C菌】大片教你学英语!【奇异人生】双语字幕实况+解读, 第一章完结 (12月23日修复)",3673,2175211,//i2.hdslb.com/bfs/archive/ad4b83b1bfda7402aa90cce11fc93d90ad19e06d.jpg,2330168,BV1Ds411D7UD,1431754559,2015/5/16,13:35:59,116:09,65613,47416,34928,14606,15955
煽！情！肾！大片级实况【生化危机:启示录2】【完结】结局真的很酷!,995,374352,//i2.hdslb.com/bfs/archive/d9d880d8b0ed9ce6c52e998970c0a276550abcda.jpg,2279274,BV14s411D7M7,1430536473,2015/5/2,11:14:33,91:34,18434,3045,4697,134,1608
"【C菌】浅谈40年游戏简史, 一同前往进化之地!【科普向实况】【完结】",1127,562323,//i2.hdslb.com/bfs/archive/4231d34135157cf75fc7091b7cdd1b49ffd2983d.jpg,2251426,BV17s411D7GR,1429850065,2015/4/24,12:34:25,69:54,17809,8989,7101,479,1981
无！伤！肾！大片级实况【生化危机:启示录2】第三章【巴瑞篇完结】,1300,315414,//i0.hdslb.com/bfs/archive/31261290af9b505ce78588b66194b28ffa008cf2.jpg,2207188,BV1Vs411D7uu,1428716671,2015/4/11,9:44:31,78:48,20521,2102,2548,104,851
丧！尸！肾！大片级实况【生化危机:启示录2】第二章【完结】04/06更新,1286,346298,//i2.hdslb.com/bfs/archive/33631350a01ae3837dc9bc996d837b8121daecb6.jpg,2152615,BV12s411S7D5,1427507948,2015/3/28,9:59:8,129:20,19143,2349,2855,122,1125
生！化！肾！大片级实况【生化危机:启示录2】第一章【巴瑞篇】档案英/俄配音,838,265824,//i0.hdslb.com/bfs/archive/f9551e0465a6758742468a1b80e92e3cd0251c96.jpg,2134194,BV1Xs411S7Ek,1426986022,2015/3/22,9:0:22,60:35,11407,2101,2389,109,838
丧！湿！肾！大片级实况【生化危机:启示录2】第一章【更新P3】档案英配(修复),1396,629604,//i0.hdslb.com/bfs/archive/7761bbb6e576b365dfbddc7beaedd421436e0502.jpg,2105758,BV1Cs411S7Qu,1426299141,2015/3/14,10:12:21,56:16,19906,5170,4969,502,3495
电！锯！肾！大片级实况【电锯惊魂2】第8章【完结】 (你作业写完了吗?),748,333436,//i0.hdslb.com/bfs/archive/66f90929817434224f74fd9402122cb7b839698b.jpg,2076653,BV1fx411A7qw,1425522090,2015/3/5,10:21:30,59:34,9990,2132,2194,90,1170
电！锯！肾！大片级实况【电锯惊魂2】第7章 (听说你们开学了哈哈哈哈哈),1354,273799,//i0.hdslb.com/bfs/archive/880e05c50329b64ba66018c1886aeef4c1bbc40b.jpg,2048024,BV1kx411A778,1424916853,2015/2/26,10:14:13,61:38,13264,1809,2758,103,732
电！锯！肾！大片级实况【电锯惊魂2】 第5-6章★大年初一就当给您拜年啦!,900,248710,//i0.hdslb.com/bfs/archive/ebda2ef6ff5aca2cec8cae75d9f40066738604bb.jpg,2019876,BV1Yx411A7oc,1424328272,2015/2/19,14:44:32,66:45,12229,1819,2367,72,733
电！锯！肾！大片级实况【电锯惊魂2】 第4-5章(中)  我爹知道大秘密!!,928,243335,//i2.hdslb.com/bfs/archive/74ffe75befd00ba76ad51698cfaa67c07e788eb7.jpg,1989478,BV1px411A7zc,1423706271,2015/2/12,9:57:51,57:47,10738,1831,1970,79,862
电！锯！肾！大片级实况【电锯惊魂2】 第3-4章(中)  你是被选中的人!,1250,527670,//i2.hdslb.com/bfs/archive/f614028fe71de2b3337c823a91d0d5871e46e619.jpg,1960567,BV15x411A7wZ,1423101568,2015/2/5,9:59:28,58:33,17282,2966,3249,150,1424
电！锯！肾！大片级实况【电锯惊魂2】 第1-3章(上)  我想玩一个游戏:,2094,--,//i1.hdslb.com/bfs/archive/fc0864e71dd2fdf796eb6160eeb326439c15f983.jpg,1932433,BV1Nx411A7w4,1422415075,2015/1/28,11:17:55,60:18,38964,7341,8660,721,6797
肾！透！汁！大片级实况【寂静岭:暴雨】【完结】欢乐颂,669,330143,//i1.hdslb.com/bfs/archive/f2469508aefeccce6e837758203d716c593b3f3b.jpg,1896323,BV19x411w7En,1421462551,2015/1/17,10:42:31,68:55,14096,2105,3680,90,757
肾！透！之！大片级实况【寂静岭:暴雨】【P16-P18】完结篇(上)新年亏哎乐!,730,232119,//i2.hdslb.com/bfs/archive/04d61ecf8f541fbd60efb95c65ae4622c81f0ee9.jpg,1848448,BV1Dx411w7wi,1420078386,2015/1/1,10:13:6,66:37,11685,1499,1920,45,488
肾！透！纸！大片级实况【寂静岭:暴雨】【P13-15】,482,241353,//i0.hdslb.com/bfs/archive/d2a4c1a2ba872eeb78786d822e71b1f2bc2ab501.jpg,1830585,BV15x411N7iq,1419559450,2014/12/26,10:4:10,101:40,9838,1728,1939,94,547
肾！透！纸！大片级实况【寂静岭:暴雨】【P10-12】留恋处、兰舟催发.,742,198660,//i1.hdslb.com/bfs/archive/719ead08e3048269ee278b2ad52b807a9dff298e.jpg,1790756,BV1Px411N7rT,1418269817,2014/12/11,11:50:17,42:50,12507,1460,2458,56,557
肾！透！坑！大片级实况【寂静岭:暴雨】【P8-P9】拖延症的最高境界,693,188486,//i1.hdslb.com/bfs/archive/9b3eb74ccd68aeca7cb4b5e2d8264e16d7f490d3.jpg,1756572,BV1Qx411P7ie,1417233362,2014/11/29,11:56:2,60:21,10826,1462,2311,57,568
肾！透！蛋！大片级实况【寂静岭:暴雨】【P5-P7】,647,285083,//i2.hdslb.com/bfs/archive/a7c42d3d056fa676f108d9d17b29157f873c99d9.jpg,1709972,BV1Ux411P7kf,1415934259,2014/11/14,11:4:19,19:30,15855,1793,2896,90,788
C菌讲鬼故事【表演系实况】校园七大不可思议【1-5】,1532,1053371,//i2.hdslb.com/bfs/archive/a05288d0067cbea927ec87216d379ea2ca2aa437.jpg,1700553,BV1ix411P7yZ,1415606079,2014/11/10,15:54:39,09:36,19737,10606,3955,1006,5883
肾！透！吸！大片级实况【寂静岭:暴雨】【P3-P4】田园脆鸡堡简写是脆JB吗?,701,254401,//i2.hdslb.com/bfs/archive/295aafa9744ef7436016809eb487827e69baec71.jpg,1687199,BV16x411P7Cn,1415247739,2014/11/6,12:22:19,28:30,22754,1740,3676,89,868
肾！透！支！大片级实况【寂静岭:暴雨】哑巴山 情深深 雨蒙蒙【P1-P2】,961,512595,//i1.hdslb.com/bfs/archive/12cdb6a396a9c4badfe2dcae0d8d44a69f63a686.jpg,1669709,BV1xx411P7xZ,1414731392,2014/10/31,12:56:32,41:32,26995,4091,7303,382,2171
肾！透！支！大片级实况【寂静岭: 归乡】【完结+合集】一个男孩的故事.,893,554311,//i0.hdslb.com/bfs/archive/8b2527d3f2acb3c38ddc838607ad92e7192e4dca.jpg,1643073,BV1bx411P7bv,1413949062,2014/10/22,11:37:42,560:00,317401,8599,12885,593,2117
肾！透！支！大片级实况【寂静岭: 归乡】这座哑巴山被窝承包了!【P17-P19】,989,237853,//i1.hdslb.com/bfs/archive/920d9d34247fa2d4e6b507fff17293c812f9568b.jpg,1582952,BV1gx411P7Ft,1412301254,2014/10/3,9:54:14,25:55,21199,1238,3081,64,595
肾！透！支！大片级实况【寂静岭: 归乡】哑巴山的敌人不说话!【P15-P16】,860,202771,//i1.hdslb.com/bfs/archive/8a94555b50f1df41d08c62d22bab8aee782640ee.jpg,1560901,BV1vx411K7gE,1411701403,2014/9/26,11:16:43,26:34,14327,1169,2983,65,582
肾！透！支！大片级实况【寂静岭: 归乡】我又变长了好开心啊!【P13-P14】,890,211112,//i1.hdslb.com/bfs/archive/53b7f83678601b6a0f7add98c862765d1a264ec7.jpg,1539763,BV14x411K7cK,1411011485,2014/9/18,11:38:5,64:35,21961,1385,2713,66,638
肾！透！支！大片级实况【寂静岭: 归乡】这个BOSS我打了七周目【P11-12】,880,259122,//i2.hdslb.com/bfs/archive/a2142561445c037747ddb224f5fa3d375917c2a3.jpg,1520429,BV1ax411K7Rs,1410404446,2014/9/11,11:0:46,18:03,17225,1474,2856,77,588
肾！透！支！大片级实况【寂静岭: 归乡】【P9-P10】,1218,275299,//i1.hdslb.com/bfs/archive/08be278d932b91324d218a37ca6312fb139d4267.jpg,1498029,BV15x411K7VG,1409813148,2014/9/4,14:45:48,49:48,22243,1357,3427,69,685
肾！透！支！大片级实况【寂静岭: 归乡】老__和BOSS决一死战!【P7-P8】,1472,322098,//i1.hdslb.com/bfs/archive/e8af1f3fb8a526a1726903e43ccd13d0edba301a.jpg,1474010,BV1Kx411K7sf,1409201342,2014/8/28,12:49:2,19:32,27150,1387,3783,86,826
肾！透！支！大片级实况【寂静岭: 归乡】欢迎收看格斗游戏实况!【P5-P6】,1867,426309,//i0.hdslb.com/bfs/archive/14eeafa82d93751ffa7344b6c43af127d8695405.jpg,1448010,BV1ux411K7To,1408677565,2014/8/22,11:19:25,42:57,44674,1996,5896,150,1420
肾！透！支！大片级实况【寂静岭: 归乡】请严肃观看恐怖游戏实况!【P3-P4】,1492,635824,//i1.hdslb.com/bfs/archive/49a80c1f6be0fbdd790519096da55badf8cbe787.jpg,1418003,BV1cx411K7tK,1408077266,2014/8/15,12:34:26,57:11,67569,2836,7958,267,2099
肾！透！支！更新P2【寂静岭: P.T.】 逃生咒怨统统弱爆!【PS4试玩版】,1097,624450,//i2.hdslb.com/bfs/archive/1a90b43f6301d570dffaa130430553ad81b7c7ee.jpg,1412613,BV1Zx411N7wQ,1407967693,2014/8/14,6:8:13,28:56,34634,3265,6109,1298,2351
肾！透！支！大片级实况【寂静岭: 归乡】我胆子很大q_q【P1-P2】【周番】,1957,1113406,//i2.hdslb.com/bfs/archive/f66d1a0af22a906d64899aec41f7c5506266cc75.jpg,1380217,BV1mx411N7Hj,1407302276,2014/8/6,13:17:56,38:24,56425,6610,12485,987,5240
吓！没！肾！大片级实况【死魂曲: 新解】先做眼保健操再看!【完结篇+下期预告】,1043,267495,//i2.hdslb.com/bfs/archive/45b9e50bc991a8bcae6ddc47536fa4ae27e9a4b1.jpg,1332108,BV1sx411N7Tu,1406347370,2014/7/26,12:2:50,124:10,30891,1351,4340,85,756
吓！瘫！肾！大片级实况【死魂曲: 新解】再、再也不会怕了真的!!【10-11章】,1329,300445,//i2.hdslb.com/bfs/archive/8fbca403470679f7d29acc1830fdf92cb7715db1.jpg,1294259,BV1wx411M7qr,1405483786,2014/7/16,12:9:46,63:37,30025,1317,3722,95,693
吓！炸！肾！大片级实况【死魂曲: 新解】被吓到另一个世界线上了!【第8-9章】,1024,313067,//i1.hdslb.com/bfs/archive/214786a6b6eb9cb2f40193d79991750569e4cc23.jpg,1267215,BV11x411T7M1,1404794563,2014/7/8,12:42:43,56:20,28086,1452,3288,125,700
吓！裂！肾！大片级实况【死魂曲: 新解】P3补上神曲【第6-7章+Friend】,700,313507,//i0.hdslb.com/bfs/archive/6a4124c1b9e71676684a20d65137bf22e53ee57d.jpg,1245343,BV1Ux411T79Z,1404191146,2014/7/1,13:5:46,55:24,22119,1565,3252,127,809
吓！尿！肾！大片级实况【死魂曲: 新解】胆子练练就...更小了【第4-5章】,612,389857,//i0.hdslb.com/bfs/archive/5d7b389a0bf292757a49cb6424808746ec6dbd9f.jpg,1226076,BV1kx411T7i2,1403590837,2014/6/24,14:20:37,81:59,28652,1881,5265,138,1232
吓！坏！肾！大片级实况【死魂曲: 新解】P3全程高...一点不吓人!【1-3章】,1622,912589,//i2.hdslb.com/bfs/archive/49819593d30135db4ce3edc9b89ad4e8fd086eb9.jpg,1208647,BV1tx411T7En,1403008284,2014/6/17,20:31:24,91:53,50131,5715,9570,924,3884
"大片既视感的实况: 【它动了】深度恐怖, 真的真的真的!!【已弃坑】",1424,770600,//i0.hdslb.com/bfs/archive/349b1a93b4c76b2d2c64a126c0c1ad70474031d1.jpg,1145463,BV1Tx411T77m,1400933166,2014/5/24,20:6:6,23:06,23307,3684,3236,235,2525
【C菌实况】【恐怖婚礼/The Wedding】【完结合集 】,3738,845488,//i2.hdslb.com/bfs/archive/9cb1d2781b99973c814f748c4e185f92f146a31a.jpg,1108646,BV1dx411K7JW,1399439451,2014/5/7,13:10:51,44:16,20063,3889,4754,295,5313
