﻿title,comment,play,pic,aid,bvid,created,date,time,length,video_review,favorite,coin,share,like
黑 铁 剑 魔 选 出 手，吓 得 队 友 直 发 抖 ！【文盲文】,242,169904,//i1.hdslb.com/bfs/archive/c9c0d6ee4f4ec03736b670a2772a009fc200c1ea.jpg,840976803,BV1g54y1B7FM,1591962949,2020/6/12,19:55:49,03:58,639,1086,1877,229,27696
当 代 网 红 现 状！【文盲文】,1355,608038,//i0.hdslb.com/bfs/archive/f73ce20e401343bd099e34ecaa3796d97f8917f3.jpg,413293243,BV1pV411C7v9,1590938157,2020/5/31,23:15:57,06:19,2174,7186,11023,1086,65916
某小学文化男子竟然在现实中还原出了蟹黄堡！吃完一口竟然差点变异！网友：希望汉堡没事【文盲文】,1319,287387,//i2.hdslb.com/bfs/archive/1f393d81fb576e9d5d9f8defd6f57124fdd7ac77.jpg,625790431,BV1xt4y1C7yv,1590670606,2020/5/28,20:56:46,04:05,3178,2525,2688,301,35551
祖 安 蟹 老 板！这TM才是不爱钱财蟹老板！【文盲文】,1191,627998,//i2.hdslb.com/bfs/archive/0beb3e09bd0a43c58fda558cd830c7b3e3605edd.jpg,370693893,BV1jZ4y1p7D9,1589375776,2020/5/13,21:16:16,05:28,4359,10005,16322,2460,95485
要开学的都进来看看，这说的是不是你！【文盲文】,1376,842293,//i2.hdslb.com/bfs/archive/e2ea68d0d16d2b5b8a0fad75289575aadeeadf67.jpg,710430270,BV1UQ4y1P7Fk,1588246619,2020/4/30,19:36:59,06:05,4134,9748,13693,2912,104044
祖 安 派 大 星！这是派大星让海绵宝宝原地爆炸的一集【文盲文】,1303,1127240,//i2.hdslb.com/bfs/archive/6a0507d461580a2296dee3cd31680d52f30090a5.jpg,795489935,BV1eC4y1W7aE,1587654880,2020/4/23,23:14:40,05:56,5685,12962,15786,4587,105365
祖  安  Q  宝,944,442303,//i1.hdslb.com/bfs/archive/91d2d94a2642bc6df3be8f3cae3afafe3a250b7c.jpg,412845421,BV1pV411Z7fq,1587458442,2020/4/21,16:40:42,03:13,2442,7931,5393,2045,48244
论作死，谁敢比，此男子，必第一【文盲文】,607,375892,//i1.hdslb.com/bfs/archive/76471feefa42c8ca27aa9029f7d3c911db3d1541.jpg,285366140,BV1Lf4y1S7Vk,1586936274,2020/4/15,15:37:54,05:10,1475,1758,1545,366,30210
这TM的才叫TM的海绵宝宝！【文盲文】,2745,3299225,//i2.hdslb.com/bfs/archive/736ac62c7ea468da6c7c6487b8d5646746755980.jpg,752753206,BV1Ek4y1R7pD,1586863351,2020/4/14,19:22:31,06:16,19803,83784,106877,40894,322294
男 人 要 是  骚 起 来，女 人 就  得 说 拜 拜！【文盲文】,2509,483354,//i2.hdslb.com/bfs/archive/a12af61fcc71b954ba0a4c37d173b7ab9e69e1ea.jpg,710088044,BV1iQ4y1M7Ru,1585670891,2020/4/1,0:8:11,04:31,1562,4588,4972,1786,48144
这TM才是真·童年阴影！海绵宝宝吓到所有人的一集，每个人的童年噩梦！【文盲文】,1623,785382,//i2.hdslb.com/bfs/archive/d3799ff8d98849c8da98781dbf0b6dd99f017707.jpg,99333316,BV1m741117xV,1585149193,2020/3/25,23:13:13,06:40,7275,11240,13374,2764,93653
杀人换脸！为了逃避追捕，某男子竟然换上别人的脸皮！文盲文打开吉良吉影传（中）【文盲文】,751,534727,//i2.hdslb.com/bfs/archive/7540bd19f0c5dfc71d2d85170984da118074258a.jpg,97411144,BV1v7411R7do,1584543264,2020/3/18,22:54:24,04:08,842,4596,5826,743,52172
杀人剁手！残害四十余名无辜少女，只为砍其双手，成其玩物！文盲文打开吉良吉影传（上）【文盲文】,1093,851780,//i2.hdslb.com/bfs/archive/57fce5f659efb996db265e9e931fb827a7745c71.jpg,96326957,BV1hE411379h,1584197710,2020/3/14,22:55:10,04:41,2000,10926,11580,3210,84623
这尼玛也能叫打架？,589,395462,//i0.hdslb.com/bfs/archive/5cb04eedf6ef0519af3a18fcb46eca2ff58b616b.jpg,93911910,BV1JE411W7ca,1583403576,2020/3/5,18:19:36,05:28,1310,2022,2576,718,33267
这TM才叫女 装 大 佬！,1529,1411679,//i1.hdslb.com/bfs/archive/23b49e4978c08b15aff51c385528f63316fe46a8.jpg,93253136,BV15E411771J,1583163400,2020/3/2,23:36:40,05:44,7561,26532,44826,9920,265585
都 说 A D 像 条 狗，我 选 E Z 还 出 肉！我不做 ADC啦！【文 盲 文】,812,904522,//i1.hdslb.com/bfs/archive/0bd1a00b8bca1612ad6870bd3c808ef6bd7e5f90.jpg,92280293,BV18E411n7fF,1582862454,2020/2/28,12:0:54,04:04,1751,2878,6998,1254,81395
宅 在 家 中 无 事 做，化 身 赌 怪 秀 操 作！【文 盲 文】,864,376362,//i2.hdslb.com/bfs/archive/ab3e7f0037e4e7070501d89d65a8ca5b50dcc3e7.jpg,92109797,BV197411P7dw,1582799977,2020/2/27,18:39:37,04:41,890,1358,1458,295,23211
海绵宝宝也被感染！面对疫情，海绵宝宝里的做法竟然和现实里一模一样....【文盲文】,2372,729427,//i1.hdslb.com/bfs/archive/96736be39f9e442f76d88e2e9217e338444ed54f.jpg,91467376,BV1S7411u7kk,1582559591,2020/2/24,23:53:11,04:08,2367,7176,12568,1779,78814
祖 安 章 鱼 哥！文盲文打开章鱼哥原地爆炸的一集！【文盲文】,2098,3704461,//i0.hdslb.com/bfs/archive/e0754ed350f6019235f44067fc01714a32668b5a.jpg,90498863,BV1w7411w7tm,1582257657,2020/2/21,12:0:57,05:40,16800,99123,139796,44697,357630
当  代  寡  人,1576,460968,//i2.hdslb.com/bfs/archive/9e5c620ed5b596515d49d4f18071e5e4ee8d896f.jpg,89212158,BV1q7411J7aT,1581765117,2020/2/15,19:11:57,08:06,5608,5547,12372,730,65050
先 有 汤 姆 后 有 天，裆 劈 大 树 日 神 仙【文 盲 文】,692,1030272,//i1.hdslb.com/bfs/archive/b4033a894d1ac61c7698e4ad1a27fc5059a47e0d.jpg,87440875,BV18741187b1,1581134425,2020/2/8,12:0:25,03:31,3815,22033,34156,10244,111024
谣 言 四 起！海绵宝宝中讽刺造谣的一集，竟然遇见了几十年后各大造谣者的现状！【文 盲 文】,1950,893596,//i1.hdslb.com/bfs/archive/e06ce91752450689d575112cdcba27bf4e02badd.jpg,85941055,BV127411B7C9,1580474528,2020/1/31,20:42:8,05:50,3612,11946,20753,3310,78784
只 要 亚 索 选 在 手，队 友 都 是 我 的 狗【文 盲 文】,532,625691,//i0.hdslb.com/bfs/archive/a96fbb5f72c722768a3acb947bfb9ad47d238f1a.jpg,84647824,BV1F7411v7GX,1579773657,2020/1/23,18:0:57,04:04,920,5298,11459,1849,76499
杠精必死！海绵宝宝里竟然有讽刺杠精的一集，自以为是，张口就喷，目光短浅，无脑跟风！【文盲文】,5675,2680843,//i0.hdslb.com/bfs/archive/83f837d20f0c0523bf46bd756ca39e8d285b050e.jpg,83613340,BV1wJ411n7jL,1579147243,2020/1/16,12:0:43,05:28,4493,36914,68277,5139,266287
童年阴影！海绵宝宝中最恐怖的一集，所有90后的童年恶梦！【文盲文】,1691,1401437,//i1.hdslb.com/bfs/archive/48f741f5fcb1a11a8371585dd7b3ef844e318625.jpg,82845013,BV1qJ411H7Md,1578651418,2020/1/10,18:16:58,05:35,4555,25945,60818,4373,150140
快乐无限，E往无前，太子虽浪，有惊无险！文盲文打开反转高能电视剧《鹤唳华亭》【文盲文】,182,268770,//i2.hdslb.com/bfs/archive/e4bfc85788c38604ad519c4153782ea577d285c8.jpg,82598263,BV1MJ411G7KY,1578553254,2020/1/9,15:0:54,06:01,599,812,1084,131,13660
用聊斋志异的方式打开伊藤润二恐怖动画中最恶心的一集，看过的人都吐了【文盲文】,498,326694,//i2.hdslb.com/bfs/archive/4c7ebf8f87fe181ec98c7635b505bf30042d782a.jpg,81459673,BV1bJ411h75K,1577791203,2019/12/31,19:20:3,04:27,746,2145,4048,485,22199
章鱼哥最邪恶的一面！文言文打开章鱼哥最傲娇的一集！【文盲文】,597,1057806,//i0.hdslb.com/bfs/archive/8d6b2c5d23127bb3361c56a8d7460befbda21291.jpg,81011722,BV1AJ411a7W6,1577533646,2019/12/28,19:47:26,04:59,2861,12003,18431,2220,77730
论bug，谁敢比，此游戏，必第一！【文盲文打开史上bug最多的游戏】,168,234961,//i1.hdslb.com/bfs/archive/ab5c84185a02e488a4b4cfbbbdb237cc30e7a3dd.jpg,80712957,BV1MJ411s71h,1577356229,2019/12/26,18:30:29,04:42,563,1332,1497,311,13423
【文盲文】论阴b，谁敢比，此男子，比第一！,172,253381,//i2.hdslb.com/bfs/archive/8d1bea5039c5c2c5dbb4a4bb099ecf3f7ca92d2c.jpg,80594790,BV1HJ411W7fW,1577268080,2019/12/25,18:1:20,04:34,358,1044,1966,415,17060
论卖骚，谁敢比，此男子，必第一！（百万粉纪念）,766,438597,//i0.hdslb.com/bfs/archive/6824dc91d53b3e6947ad5aa6185497bcf2226ea8.jpg,79962757,BV1rJ411x7Tj,1576839557,2019/12/20,18:59:17,15:14,2320,2148,5310,216,30078
某小学文化男子竟用文言文打开海绵宝宝【文盲文】,428,673457,//i1.hdslb.com/bfs/archive/367da0261b3b49ff2daa4a95a1ce1793863ff44a.jpg,79114547,BV1SJ411C7Qn,1576252697,2019/12/13,23:58:17,05:54,2076,9031,18182,3310,58353
只要颜值足够高，丧尽天良也无妨！文言文打开猫和老鼠中讽刺看脸的一集！【文盲文】,432,562656,//i1.hdslb.com/bfs/archive/fc2421d36f0ad11aea7cc755eac64543cad69f6c.jpg,78423377,BV1RJ411e7Aj,1575727309,2019/12/7,22:1:49,04:27,1617,5607,9227,1655,37887
章鱼哥之死！海绵宝宝超奇异的一集！任何人都想不到章鱼哥居然是个......【文盲文】,724,627971,//i2.hdslb.com/bfs/archive/e391e89d7b57cba31beb2575743a6bcb6502a868.jpg,76886541,BV1RJ41197pp,1574764217,2019/11/26,18:30:17,04:27,1303,7228,10951,2001,41817
男人们的快乐往往就是这么简单且单纯~,294,251357,//i1.hdslb.com/bfs/archive/fa18956d4559c792484c721b144fdb109056240f.jpg,76543661,BV1iJ41127JP,1574419235,2019/11/22,18:40:35,09:43,708,1190,2128,195,15102
老脸丢尽！爷爷偷看成人影片被全家人发现后......【文盲文】,649,437141,//i1.hdslb.com/bfs/archive/8198117a1b39e95c44e4001ffdf436a9fc80c959.jpg,76381198,BV1yJ41117Xy,1574243569,2019/11/20,17:52:49,03:57,812,4138,6259,2895,28007
如狼似虎！男玩家恐怕成了这款游戏的稀缺生物~,376,388382,//i2.hdslb.com/bfs/archive/7b495ee3ba9ba8881b62f62832293f6e4ce74ed6.jpg,76025209,BV12J41127ir,1573986444,2019/11/17,18:27:24,05:59,1156,2129,1639,450,18153
童年阴影！海绵宝宝超猎奇的一集！竟然曾在电视上播出过！【文盲文】,917,1522193,//i2.hdslb.com/bfs/archive/559be1a600d63ae68241894934b12b75676faa3c.jpg,75902062,BV1SJ411U7Qx,1573905511,2019/11/16,19:58:31,05:34,2905,19637,30355,3680,93647
丰妹带你上当受骗【文盲文】,224,186731,//i0.hdslb.com/bfs/archive/6d9f9eca97ed447d1f55a59b90829783e4dced89.jpg,75680735,BV1VJ411D7k5,1573743623,2019/11/14,23:0:23,06:13,549,750,833,168,11147
文言文的方式打开有钱真的可以为所欲为【文盲文】,417,356236,//i0.hdslb.com/bfs/archive/7eca280179f26a064d5bcdceb0e4e38703686e1b.jpg,74848658,BV1oE411i7SH,1573115142,2019/11/7,16:25:42,02:51,547,4394,9186,1238,28187
【文盲文】富婆竟勾引闺蜜儿子？文言文速看奇葩美剧《致命女人》,308,207199,//i1.hdslb.com/bfs/archive/7dbc6f4f83325ee0c43cbde6465feb9869198de1.jpg,73960020,BV1kE411b7DD,1572443876,2019/10/30,21:57:56,05:59,529,2595,8530,729,20985
派大星一直在装傻！他的恐怖之处让所有人都意想不到！【文盲文】,695,1284864,//i0.hdslb.com/bfs/archive/b3dc62c87e44ccec9d87af603b25045b67548719.jpg,73655476,BV1HE411Y7QT,1572235206,2019/10/28,12:0:6,05:00,2704,17336,28004,4096,93298
论风骚，谁敢比，此男子，毕第一！【文盲文】,276,265912,//i2.hdslb.com/bfs/archive/2142a01a02c7a9c2ebf2f4f292b466782ac79bc7.jpg,73158639,BV15E411y7gY,1571831510,2019/10/23,19:51:50,06:14,772,1073,1987,277,14416
某小学文化男子竟用文言文打开了齐木楠雄的灾难【文盲文】,316,263736,//i2.hdslb.com/bfs/archive/8efcdf8b7c1c85a351938966d8e6514f404a3f62.jpg,71587695,BV1vE411r735,1571394927,2019/10/18,18:35:27,04:25,565,4421,6604,610,28802
史上最畸形海绵宝宝，竟然有如此不堪的秘密！【文盲文】,544,541049,//i0.hdslb.com/bfs/archive/9f5965e39df63a264b5f195094ebf587db794243.jpg,71011552,BV1vE411Z7n3,1570890777,2019/10/12,22:32:57,04:44,1270,5382,8448,1271,37175
论颜值，谁敢比，此女子，必第一！【文盲文】,797,743083,//i2.hdslb.com/bfs/archive/981d69f7a988d97c26c09cfe2b60a42d4308b111.jpg,70467375,BV1gJ411c7pZ,1570444538,2019/10/7,18:35:38,03:36,1669,8866,27800,1057,57178
论颜值，谁敢比，章鱼哥，必第一！【文盲文】,657,956605,//i1.hdslb.com/bfs/archive/cf71e994876ed68ee3fafc35a9319e9cac3daec5.jpg,69503680,BV1YE411X7eu,1569837198,2019/9/30,17:53:18,04:19,2766,13986,23818,4894,87091
土味文言文打开影流之主！莫非此乃君离辞？【文盲文】,871,820613,//i2.hdslb.com/bfs/archive/10a40f451af9322deb32a106bdf145b9d944a0f0.jpg,69071292,BV1EJ411T7BR,1569511309,2019/9/26,23:21:49,04:36,2970,12295,17797,6186,57090
海绵宝宝竟然杀过人！海绵宝宝史上最邪恶的一集！【文言文】,493,737539,//i1.hdslb.com/bfs/archive/ec1f862b781796de3c0055579ef274154cf7cd5b.jpg,68259048,BV1nJ41137Bx,1568952042,2019/9/20,12:0:42,05:53,1533,7446,10715,1700,47750
人类灭亡，不慌不忙，刘海消失，痛哭流淌！文言文吐槽上海堡垒！【文盲文】,819,457715,//i2.hdslb.com/bfs/archive/19b22fc42f8ea7ce17a1c73727753f6580655f86.jpg,67554113,BV19J411P7gd,1568365247,2019/9/13,17:0:47,05:44,1907,4108,7215,906,34393
论阴人，谁敢比，此男子，必第一！【文盲文】,873,409633,//i1.hdslb.com/bfs/archive/536cbb26563653560ccab8bd3192a5af026b622f.jpg,66856750,BV1Y4411k7mc,1567825221,2019/9/7,11:0:21,05:11,719,1357,1632,317,16545
章鱼哥被邪教逼疯！海绵宝宝中细思极恐的一集【文盲文】,755,1054210,//i0.hdslb.com/bfs/archive/d35d296044d15305c38d5ab01c737589f3a86e0e.jpg,66197137,BV154411m73P,1567261185,2019/8/31,22:19:45,04:59,3835,14812,21809,5047,69707
论装逼，谁敢比，此男子，必第一！【文盲文】,1329,1937027,//i0.hdslb.com/bfs/archive/9c5f1a59a8c815de82640a5df7b8bfa59616b638.jpg,65750067,BV1W4411z7R4,1566991788,2019/8/28,19:29:48,05:26,4240,28299,50526,6282,134288
文言文的方式打开猫和老鼠史上最大战争【文盲文】,497,756577,//i0.hdslb.com/bfs/archive/33e9d7d3dfe68fe01d80a56137dd6bccc50f44f1.jpg,65056355,BV1H4411r79b,1566568534,2019/8/23,21:55:34,03:46,2641,12603,17860,4480,54424
海绵宝宝史上最讽刺教育的一集：这就是艺术【文盲文】,1674,922201,//i1.hdslb.com/bfs/archive/e09123a6f45f5b258d04cbf9aa3de6b800293174.jpg,64425285,BV1o4411o7jg,1566206980,2019/8/19,17:29:40,04:14,2039,9389,11310,1875,55794
周星驰电影史上最装逼男子：在座的各位都是乐色【文盲文】,565,315806,//i2.hdslb.com/bfs/archive/848d8d01c1a9337ccff3974d67a8274f82a2b54b.jpg,63207480,BV1Y4411D7u7,1565505183,2019/8/11,14:33:3,06:17,1336,2711,5263,443,25369
某F姓男子竟用文言文翻译出了乔碧萝殿下,1259,873241,//i2.hdslb.com/bfs/archive/b008ab915baf44b9be31d51ef326e019fe3c4b58.jpg,61925790,BV1ut411u7yy,1564755359,2019/8/2,22:15:59,04:15,3861,11810,17179,4333,64411
史上最讽刺的海绵宝宝:正常人就应该有正常人的亚子【文盲文】,1115,2085760,//i1.hdslb.com/bfs/archive/362c1b78a030d87415fe42882e73d983bf6a7d96.jpg,61452385,BV1Yt411c7Jn,1564491608,2019/7/30,21:0:8,04:04,4126,33639,37050,6939,111901
儿子为了报复父亲出轨竟然是去泰国做......,898,406605,//i0.hdslb.com/bfs/archive/0b2632595faed483fc69088d40008529b0f2d6da.jpg,61005136,BV1xt411P78B,1564221484,2019/7/27,17:58:4,05:08,2038,8140,26853,737,42458
探秘!保加利亚妖王的偶像养成之路,289,120834,//i2.hdslb.com/bfs/archive/cfedabea5d3593a2359e4966466e20f09d0fc444.jpg,60675616,BV1Gt411j7PX,1564033271,2019/7/25,13:41:11,06:49,954,903,1667,240,9435
【文盲文】这是一部比《回家的诱惑》还骚的泰国狗血神剧《吹落的树叶》,705,468838,//i2.hdslb.com/bfs/archive/2e31073352af93f75f4866dc7a4c18525b4d405d.jpg,59748917,BV1qt41137oF,1563508849,2019/7/19,12:0:49,04:27,1739,7420,22298,1325,49406
文言文打开比汝甚骚还骚的泰国狗血神剧《吹落的树叶》第一集,543,236997,//i0.hdslb.com/bfs/archive/e90926048cac3be0f0fe34c85287b29e60db0cc6.jpg,59390860,BV1tt411G7PJ,1563272903,2019/7/16,18:28:23,04:01,1468,5180,14626,2172,28491
【创作训练营】1000元做一碗的葱油面是何等奢侈,965,468940,//i0.hdslb.com/bfs/archive/1b497aa470b5d115600d38e816a5fe857220625a.jpg,58932238,BV1tt411L79f,1562944366,2019/7/12,23:12:46,17:56,2424,1950,2107,1204,13403
某男子竟用文言文打开了逮虾户之疾走小洋马,246,242731,//i1.hdslb.com/bfs/archive/29965a26e1f11ed4f24f6c560a408e1773d0b04c.jpg,57601171,BV1dx411X7p1,1562069861,2019/7/2,20:17:41,04:17,410,839,1454,155,9825
【文盲文】某小学男子竟然一个人在游戏中做出了价值99999美元的佛跳墙？！,324,249280,//i0.hdslb.com/bfs/archive/e9afece5c035056ad204c20b1dd2b21457512d1a.jpg,56813071,BV1Zx411o7Zb,1561467214,2019/6/25,20:53:34,04:07,754,1976,3553,318,13161
某小学文化男子竟用文言文翻译出了钢铁侠3,290,328475,//i1.hdslb.com/bfs/archive/6d0c8aeb9aeea30e396e1850d136d93a8b48347a.jpg,56181222,BV1Q4411g71V,1561013566,2019/6/20,14:52:46,04:39,869,2561,3037,384,13815
世界上最早的真香警告竟出自章鱼哥之口！【文盲文】,1258,1453549,//i0.hdslb.com/bfs/archive/71b55cb1158890dbcffbcff8fb2d7ba2eb35bc2a.jpg,55593351,BV1G4411V7hZ,1560524448,2019/6/14,23:0:48,04:22,5087,24496,23981,8005,73747
【文盲文】文言文打开《小时代》中的撕逼名场面,760,442747,//i2.hdslb.com/bfs/archive/1c3a5573bc09c16ad43c0558ed5a94df9561d846.jpg,54765139,BV1M4411u7kp,1559880055,2019/6/7,12:0:55,06:24,2395,5384,13993,1418,31192
【文盲文】某小学文化男子竟用文言文翻译出了台湾性教育影片《杰哥不要》,1895,882140,//i1.hdslb.com/bfs/archive/f35277303ba3fc3596ec6fc0bd25a79fc92301a3.jpg,54175612,BV154411p7eB,1559310495,2019/5/31,21:48:15,05:02,1844,14388,19604,9696,44382
【文盲文】lol世界赛史上最快最快之战:ig16分钟推平skt,691,375938,//i2.hdslb.com/bfs/archive/e84467e59255771f9a36bb494cbfee84af2d31ea.jpg,52428308,BV1R4411a7Gy,1557806389,2019/5/14,11:59:49,03:47,595,3313,6460,1743,18978
【文盲文】某小学文化男子竟用文言文的方式翻译出了《钢铁侠2》,529,438470,//i1.hdslb.com/bfs/archive/d6e01377c2b9e58e8ffec94db1010b30ea561544.jpg,52018825,BV164411Y7Fd,1557479926,2019/5/10,17:18:46,04:44,862,8818,20393,883,34480
【文盲文】某小学文盲男子和一群禽兽玩了这款游戏后英语竟考了一百五？？?,456,223802,//i1.hdslb.com/bfs/archive/441473c8273b3d87228ec9854dacb46430171988.jpg,50970331,BV174411t7jq,1556769653,2019/5/2,12:0:53,07:20,1433,2499,5193,531,14703
【文盲文】某小学文化男子看完复联4后竟用文言文翻译出了钢铁侠1,1269,735679,//i1.hdslb.com/bfs/archive/9a33aef4ad845543823ba51e45f7264b53a12575.jpg,51042912,BV184411t7Uk,1556705490,2019/5/1,18:11:30,05:46,2456,15627,30408,2867,55881
【文盲文】某男子竟用文言文翻译出了吴亦凡的大碗宽面,1596,800357,//i2.hdslb.com/bfs/archive/3b8da67cfa6735f14ef6a93e59c57b6ef2c9ff72.jpg,49933032,BV17b411V7RN,1555759129,2019/4/20,19:18:49,03:54,4040,13084,26483,3728,51328
【文盲文】猫和老鼠中最惨的一集二人卧轨自杀,1047,656117,//i0.hdslb.com/bfs/archive/f5a0d000c5d22f3014a93568be334037d7430284.jpg,49159178,BV1Ub411K7La,1555133114,2019/4/13,13:25:14,03:44,2482,12980,22503,5380,47465
【文盲文】某小学文化男子竟又用文言文翻译出了jojo的奇妙冒险#02,998,702008,//i0.hdslb.com/bfs/archive/d7671016f75b66458b5fa4f9fc96481147096e25.jpg,47790058,BV1Fb411s7AA,1553949662,2019/3/30,20:41:2,05:13,1650,10848,21115,1482,39304
某小学文化男子竟把郭敬明的小时代改编成了一首诗,1063,541908,//i0.hdslb.com/bfs/archive/de6646d362064e556878575fadf672527553bb30.jpg,47496522,BV1ub411x78J,1553681073,2019/3/27,18:4:33,04:22,1975,6036,15879,2329,33466
【文盲文】某小学文化男子竟用文言文翻译出了吴亦凡的狗血爱情故事,1477,750732,//i0.hdslb.com/bfs/archive/6de691087ed16f535e497f860fd4fffecdaea81c.jpg,46993570,BV15b41177PD,1553243099,2019/3/22,16:24:59,06:17,4424,10269,27314,5110,51302
【文盲文】某小学文化男子竟续用文言文翻译出了你好骚啊#09（完结）,2469,1243623,//i0.hdslb.com/bfs/archive/abd7604a65d241cf836a8833b521441bef77fae6.jpg,46324219,BV16b411H7zF,1552634259,2019/3/15,15:17:39,07:30,11192,25657,66029,12911,87334
【文盲文】某小学文化男子竟咋用文言文翻译出了你好骚啊#08,1903,1375745,//i1.hdslb.com/bfs/archive/76ed7798ca75cb033ab9745779259666e4bfbb36.jpg,45677150,BV1bb411v7b2,1552036577,2019/3/8,17:16:17,04:44,6394,28966,79984,9269,107222
【文盲文】某小学文化男子竟用文言文玩起了西洋游戏,599,298340,//i1.hdslb.com/bfs/archive/eed46536a5cb6091202e547f3ea76022b7648b16.jpg,45105014,BV1Nb411B7L3,1551508873,2019/3/2,14:41:13,03:30,745,2886,7083,1901,17293
【文盲文】某小学文化男子竟用文言文翻译出了我不做人啦,2137,860710,//i1.hdslb.com/bfs/archive/d7dd005a33f45f52cafc15ebad5e9eae943a9599.jpg,44167141,BV1Kb411Y7zg,1550648689,2019/2/20,15:44:49,05:40,3560,20553,47220,7737,64688
【文盲文】某小学文化男子竟也用文言文翻译出了你好骚啊#07,4948,2560766,//i0.hdslb.com/bfs/archive/a091d3c9ee5b6e11393f09d03ba0d5fca9ebbbc6.jpg,43421161,BV1Lb411U7ij,1550048235,2019/2/13,16:57:15,07:21,16204,47611,151739,21281,181948
【文盲文】某小学文化男子竟亦用文言文翻译出了你好骚啊#06,4008,2328884,//i0.hdslb.com/bfs/archive/8cf012a61c0feb13e6bd17043e5a2b67c33907c8.jpg,42901297,BV1Vb41167tY,1549598413,2019/2/8,12:0:13,04:27,15102,46156,151306,17721,176603
【文盲文】某小学文化男子竟复用文言文翻译出了你好骚啊#05,6704,2818748,//i1.hdslb.com/bfs/archive/ddff2d1d56e53de45359b1beff1101f7ccd4fa75.jpg,42514950,BV1ob41167N6,1549172113,2019/2/3,13:35:13,04:24,17788,62529,203749,28966,219419
【文盲文】某小学文化男子竟再用文言文翻译出了你好骚啊#04,4703,2869089,//i2.hdslb.com/bfs/archive/c648d264d342d844d93b117c182b0815c3f99e39.jpg,42135482,BV13b411y7Y8,1548833718,2019/1/30,15:35:18,05:23,17164,57088,162376,28142,186875
【文盲文】某小学文化男子竟还用文言文翻译出了你好骚啊#03,4903,2875967,//i2.hdslb.com/bfs/archive/f5b40ee5e730ba3c3cfe527ead36b4cf17ead434.jpg,41657516,BV1Pt41187jL,1548403889,2019/1/25,16:11:29,04:01,11532,68457,187599,32921,216866
【文盲文】某小学文化男子竟又用文言文翻译出了你好骚啊#02,4541,4143113,//i0.hdslb.com/bfs/archive/359176000039a53c2186e74795b7d9d64a7e7cfa.jpg,41397140,BV1st411h7KX,1548149407,2019/1/22,17:30:7,04:13,10345,97162,240485,65460,279037
某小学文化男子竟用文言文翻译出了你好骚啊,5462,6817020,//i0.hdslb.com/bfs/archive/5c00dbd1432e7432a1f1eec9bf1be5fe5065a7f9.jpg,41114598,BV1bt411a7GV,1547896010,2019/1/19,19:6:50,04:14,18137,168737,312049,220622,363323
用文言文的方式打开超级玛丽,547,587829,//i2.hdslb.com/bfs/archive/0e52381c07b99a6a5bef4748219ff4feabdb4b1e.jpg,40888227,BV1jt411p7Fs,1547635497,2019/1/16,18:44:57,03:22,1647,9892,18420,5407,32271
和醉酒女人共处一室的沙雕bug游戏,226,112954,//i1.hdslb.com/bfs/archive/7265a729b576fd5e5a5db53ba24f550b867ab115.jpg,38683802,BV1tt411Y78X,1545400334,2018/12/21,21:52:14,17:06,936,384,605,349,2199
史上最渣游戏！同时和四名少女一起，男子竟然......,215,101546,//i2.hdslb.com/bfs/archive/1cd2855a35e0f137190cfacb0cd2a407fec21dac.jpg,38137945,BV1At411i7iF,1544782823,2018/12/14,18:20:23,07:22,662,948,1591,435,3507
超怀旧！史上最真实的四驱车的游戏，男子玩后竟然...,135,120103,//i1.hdslb.com/bfs/archive/0c864e978840a1a4eb845c09018e4928943a9faa.jpg,37720149,BV1Gt411D7LY,1544287757,2018/12/9,0:49:17,07:39,471,428,947,171,1631
人人都能成为百万UP主？！UP主竟然公开营销号制作秘诀，你也能成为营销大师！,198,51358,//i2.hdslb.com/bfs/archive/a262d252f5b2fb3336bb1eeb5bbe3b56bea7453a.jpg,37171621,BV11t411X7Xs,1543660714,2018/12/1,18:38:34,05:30,257,888,1775,115,2756
美少女的奇妙冒险,86,35492,//i2.hdslb.com/bfs/archive/b673a67e90c543f6493301d4f0d37eb211aaa01e.jpg,36158997,BV1Yt411m7KE,1542448303,2018/11/17,17:51:43,07:45,224,201,634,50,1124
做一个全网最烂的游戏视频能骗到多少点击率,214,95688,//i0.hdslb.com/bfs/archive/bdd182eaa2f7374c4d290bdb3083326ba5a8f9e5.jpg,36076137,BV1Zt41127EK,1542359162,2018/11/16,17:6:2,02:28,436,711,3410,143,6603
史上最中二的游戏玩家——斯巴达之子？？？,117,36956,//i1.hdslb.com/bfs/archive/ea2b5f3b7c2cce9c39e4ca880867c5ea4feb4d09.jpg,31212193,BV1GW411d7hh,1536232972,2018/9/6,19:22:52,06:50,308,232,1040,58,1282
千万不要随便让陌生人上车，否则......,148,73639,//i1.hdslb.com/bfs/archive/4d798f96e6e00632584686de18b7f5aa3dfc2359.jpg,30267856,BV1nW411D7a8,1535177055,2018/8/25,14:4:15,05:11,378,254,794,98,2458
网络上各种沙雕片段的沙雕配音,354,190027,//i1.hdslb.com/bfs/archive/7be721e44a2da43a012a86183eed435c38b7bddd.jpg,29507886,BV1aW411R7hH,1534408653,2018/8/16,16:37:33,05:55,2480,3975,10126,2431,14236
【八十岁以下慎入】这可能是世界上最恶心的游戏了,526,94122,//i0.hdslb.com/bfs/archive/64ef84726b3ea588e230e0cd097d801abf46ac61.jpg,29109630,BV1Ps411T7LW,1533999300,2018/8/11,22:55:0,08:58,2590,1313,1793,1401,4321
【慎入】这可能是世界上最奇葩的五款恋爱游戏了,506,135739,//i0.hdslb.com/bfs/archive/582876df887d43fcfc3d2e7222f7b46a82133b4c.jpg,28529865,BV1Fs411G7Xq,1533390058,2018/8/4,21:40:58,05:29,1114,2577,2481,1449,3735
羞耻的声控游戏一定要一个人偷偷玩,193,89430,//i1.hdslb.com/bfs/archive/19a4d1927a155cf69eda7fd80a2b576c8d4a78a7.jpg,27965295,BV1Rs411A7gP,1532785610,2018/7/28,21:46:50,19:06,1146,428,605,270,1780
发生在中国人家中的恐怖游戏,141,42708,//i2.hdslb.com/bfs/archive/a453852465f85423594a64f00327875225fcbfc8.jpg,27635887,BV1Rs411P76g,1532438036,2018/7/24,21:13:56,17:35,1088,186,321,96,933
脑洞最大最中二最奇葩的蝙蝠侠电影,142,23273,//i0.hdslb.com/bfs/archive/f6ca04905177d956323449a3e2c8c93523774cad.jpg,27263874,BV1rs411N7dR,1532059228,2018/7/20,12:0:28,10:40,470,550,769,124,1191
人性考验？在没有法律的六十秒会发生什么（这个游戏有毒）,236,104407,//i1.hdslb.com/bfs/archive/a2a97568e2081f204f4341d58176e4ee01a3e297.jpg,22741758,BV1zW411V7NX,1525012086,2018/4/29,22:28:6,07:40,918,1193,1389,231,8107
美少女的纯情之恋,134,30866,//i0.hdslb.com/bfs/archive/db9a30d0824cb2533e5fc49a0ff39388db1897e0.jpg,22563406,BV1YW411G7GV,1524662227,2018/4/25,21:17:7,07:32,451,269,560,191,1069
【港普甲级】重庆人在彩虹六号中装成香港人会发生什么,69,42125,//i2.hdslb.com/bfs/archive/e2b13db44025670b50eb97ba30d964547ae37af8.jpg,22339487,BV1PW41157S9,1524218182,2018/4/20,17:56:22,05:20,93,83,165,42,479
我国史上最讽刺的游戏：最终章,221,124721,//i1.hdslb.com/bfs/archive/95bbaa29da9ff2a7ad03b481b372d1d9336bff58.jpg,21748047,BV1HW411M7Sj,1523030823,2018/4/7,0:7:3,11:57,715,1226,4059,149,4253
某男主播竟然生孩子了？！,80,33439,//i0.hdslb.com/bfs/archive/4da0fa9d1a98d3d13ba4359f5849331fb60e0b37.jpg,21418768,BV1WW411u7Au,1522458028,2018/3/31,9:0:28,06:32,280,213,520,92,1130
史上最讽刺的国产游戏：文艺青年篇,436,335892,//i0.hdslb.com/bfs/archive/1e55fbd0db454c9439b8e801f6194c6fabfd49ad.jpg,21121589,BV1aW411g7ng,1521799467,2018/3/23,18:4:27,08:25,1227,3034,2461,362,4603
【第二章】特别好评的国产低成本讽刺游戏：社畜篇,223,59556,//i2.hdslb.com/bfs/archive/56bd1e1d1925b18b68fa3d0237f5c7232a56b53a.jpg,20836106,BV18W411p7MV,1521192581,2018/3/16,17:29:41,08:27,906,1297,1832,189,1626
特别好评的国产低成本讽刺游戏（这个游戏有毒）,831,278930,//i0.hdslb.com/bfs/archive/be3f488976fb69c685c677db92e49d25e0046a34.jpg,20553048,BV19W411W7aB,1520587290,2018/3/9,17:21:30,07:36,1242,4979,15953,967,6479
史上最变态的化妆游戏教学,240,90301,//i0.hdslb.com/bfs/archive/e1a380f3a8b15c757c488eb2cd057f4f07903378.jpg,20270392,BV1ZW411s7zo,1519986211,2018/3/2,18:23:31,14:36,1622,443,746,327,1375
过年的时候你们家有这些习俗吗（这个游戏有毒系列）,113,27946,//i2.hdslb.com/bfs/archive/6df406c286d89203281904cddafa61e16bf11d78.jpg,20057222,BV1CW41147SH,1519569877,2018/2/25,22:44:37,08:20,295,249,996,90,1047
猥琐大叔竟然和女孩子恋爱了？！【这个游戏有毒】,115,39388,//i2.hdslb.com/bfs/archive/2d253fa9951d1d241a282ad5cf4921b59afaf263.jpg,19107364,BV1QW411H7af,1517740222,2018/2/4,18:30:22,09:21,731,270,697,115,1029
如何开启你的后宫之路,155,48732,//i1.hdslb.com/bfs/archive/e7fdb32f98db0c9952e9fb151a0c79c68d0585f6.jpg,19040727,BV1aW411H7VK,1517652004,2018/2/3,18:0:4,08:41,431,571,272,65,628
日本变态猫里奥（这个游戏有毒系列）,141,57695,//i1.hdslb.com/bfs/archive/02de54ef8830e7d6421b80f9db5ac5514ee44e64.jpg,18710411,BV1NW411e7f4,1516968005,2018/1/26,20:0:5,09:42,515,354,1084,225,1575
【四种语言】不会英语也能和亚洲人民愉快吃鸡？,56,17875,//i1.hdslb.com/bfs/archive/b25a2c844189b7ff369a4b5c689a22b2325c845a.jpg,17922606,BV1MW411B7wk,1515211203,2018/1/6,12:0:3,11:58,192,68,205,41,361
某主播连续玩十天掘地求生后竟然......（这个游戏有毒系列）,723,592041,//i0.hdslb.com/bfs/archive/8cd767280efd1804d84d0ad403214b64e26fd72e.png,16624190,BV1Px41157nV,1511518953,2017/11/24,18:22:33,12:17,6997,4904,19822,5477,5021
（伪）俄罗斯人教你成为一名优秀的特警,63,29092,//i1.hdslb.com/bfs/archive/898aa09c76b1156eaa5a1d42a52bf41b7c4e9436.jpg,16462760,BV1ox411L7HV,1511038611,2017/11/19,4:56:51,06:40,327,197,453,96,494
是男人千万不能玩的游戏（这个游戏有毒系列）,157,37970,//i0.hdslb.com/bfs/archive/77e120c157092c41dc1a771a835c3aeed52ab63f.png,16210272,BV1ux411775J,1510347565,2017/11/11,4:59:25,10:05,1063,296,1153,269,868
《绝地求生》的中的欢乐傻缺时刻,46,17742,//i2.hdslb.com/bfs/archive/0d96688250e569ba08beeb22fdc2fd6f0deac2d2.jpg,14285999,BV1Nx41147a4,1504882288,2017/9/8,22:51:28,23:08,157,30,62,19,144
看过这个视频的人都吐了,804,1384373,//i0.hdslb.com/bfs/archive/7b1cb88bc4f5b6698703c8da478856fcd2d27d3d.jpg,14022502,BV14x411t7Ef,1504167099,2017/8/31,16:11:39,09:05,413,17054,19802,4102,12633
【游戏实况】杀马特的纯情之恋（这游戏有毒）,87,28457,//i0.hdslb.com/bfs/archive/f5412b89249fd27bb533d292c6947b48c24f94a6.jpg,13907000,BV1cx411t7yf,1503906613,2017/8/28,15:50:13,14:29,376,91,137,59,314
（第二话）你看过”乳“此丧病的《杀戮都市：O》的四川话配音吗,101,267733,//i0.hdslb.com/bfs/archive/f669225cab9c70b3b80ade129a2bd2a3b6464b64.jpg,12610879,BV1Xx411p7nS,1501073129,2017/7/26,20:45:29,17:25,3359,1536,1021,122,2171
你看过“乳”此丧心病狂的《杀戮都市：O》配音吗,350,175053,//i1.hdslb.com/bfs/archive/fbeb15debd17f38a55ccc0eb5086e744a82ffdd0.jpg,12256118,BV1px411B7ao,1500196254,2017/7/16,17:10:54,10:27,753,1109,506,185,477
动漫遇上熟悉的广告,31,20487,//i2.hdslb.com/bfs/archive/b1b580d11c0957015ad8a807e904328201aded88.jpg,9722425,BV1Wx411S7TF,1491726501,2017/4/9,16:28:21,03:01,145,130,106,84,373
当天线宝宝遇上Bigbang,63,62937,//i1.hdslb.com/bfs/archive/627a670b05226ccafc169b9f581e560348b27c83.jpg,7501931,BV1Gs411e7Wv,1481548816,2016/12/12,21:20:16,03:59,265,660,628,493,966
2016年里超燃的游戏集合,24,13582,//i0.hdslb.com/bfs/archive/31a9c5e211b30b48db14a8381792f06a15a9de69.jpg,4390119,BV1ys411z78m,1460860693,2016/4/17,10:38:13,03:59,48,82,44,18,114
再见，童年！再见，和田光司！,1381,206801,//i0.hdslb.com/bfs/archive/280341148d4147b64680c750fd2e2f6f2f575067.jpg,4308249,BV18s411z7cP,1460105310,2016/4/8,16:48:30,05:34,12746,6179,7898,2140,373
【丰胸来了】五三九营地狩猎啦,86,10723,//i1.hdslb.com/bfs/archive/85c38136a55b11269d6a0b4dc646f4c6465bcc38.png,3437941,BV1rs41197kq,1450877017,2015/12/23,21:23:37,24:45,40,9,13,17,70
【丰胸来了】 这游戏不充钱就TM是在玩抖m之魂,57,38457,//i2.hdslb.com/bfs/archive/c8c34306e6fd6f42bcac14be7161131da16db3d3.jpg,3329570,BV1Us411d7gk,1449243402,2015/12/4,23:36:42,16:39,133,62,49,13,431
勇敢的心：兄贵大战 实况解说第一期（应该还会有后续吧）,109,35454,//i2.hdslb.com/bfs/archive/89a638f37ca6ca17b5d59a96c9c4dfeb5dd2fb97.jpg,3273226,BV1Ys411d75R,1448340046,2015/11/24,12:40:46,35:28,194,77,74,19,712
