﻿title,comment,play,pic,aid,bvid,created,date,time,length,video_review,favorite,coin,share,like
【鬼谷说】鲸：一曲鲸歌寄沧海,2170,545303,//i2.hdslb.com/bfs/archive/731dab19704aec0ac583143e9c5490e4e41890d2.jpg,243484343,BV1jv41167hr,1591962588,2020/6/12,19:49:48,12:25,4163,13115,34182,1719,61354
我们为什么还不能星际航行：从一款游戏说起,1598,294234,//i1.hdslb.com/bfs/archive/c1b1bfa917031eab656db6e8ede6f69be7b0538c.jpg,498433711,BV1gK411p7qn,1591358415,2020/6/5,20:0:15,07:15,2680,3115,3690,447,24612
【鬼谷说】龙兽争霸（其五）：让恐龙再次伟大,3033,870427,//i1.hdslb.com/bfs/archive/7f2380b28e8a5655fc18370627daae36c29bb839.jpg,328276805,BV1nA411q7VG,1590831826,2020/5/30,17:43:46,10:01,6743,63153,108070,2222,133239
【科学八卦史】他曾与诺贝尔奖擦肩而过，却沦落到开班车为生,912,305985,//i1.hdslb.com/bfs/archive/b142495325c4d46c9b7b3607fe79da3639beb1c0.jpg,328232099,BV1dA411i7aQ,1589704724,2020/5/17,16:38:44,06:58,1753,3560,6807,720,26743
【鬼谷闲谈】朊病毒：脑中的不灭幽灵,5755,1024574,//i0.hdslb.com/bfs/archive/83a530aebb284878f083ecf153fcb9a88664a1fa.jpg,968060291,BV1hp4y197E1,1589031845,2020/5/9,21:44:5,09:43,8213,24012,55141,6138,103362
【鬼谷说】辐鳍鱼类：亿年老苟 坟头舞王,2366,1037889,//i0.hdslb.com/bfs/archive/1de179d2435e4d8659578203ed80fb207b510938.jpg,582945393,BV1W64y1M7bK,1588343154,2020/5/1,22:25:54,12:26,6301,16772,52708,2008,92515
鬼谷菌带你参观上海国家安全教育馆【4·15全民国家安全教育日5周年】,1223,299111,//i0.hdslb.com/bfs/archive/c06e912808416a120e8178a37e711fdef4c24172.jpg,625269740,BV1ut4y1277c,1586912419,2020/4/15,9:0:19,06:36,2857,3717,8102,1093,29828
【鬼谷闲谈】BNA动物新世代OP里的那些古生物是啥,1726,668462,//i0.hdslb.com/bfs/archive/47ce0517769d907f4c339522df0400e64363336f.jpg,837737383,BV1ag4y187LQ,1586515919,2020/4/10,18:51:59,10:10,11063,18783,58571,2934,85092
【科学八卦史】生活虐我千百遍，我待生活如初恋,1700,427595,//i0.hdslb.com/bfs/archive/3a951a7a243822da870ae2aabfd24e7b4c5d01dc.jpg,242620934,BV1Se411x712,1585491585,2020/3/29,22:19:45,10:15,3982,7177,14248,2523,37111
【鬼谷闲谈】雌雄博弈：套路深深深几许,5302,948695,//i2.hdslb.com/bfs/archive/8ffae0ab5c8545013e8553aa74a89236429d7caf.jpg,98678649,BV1U7411m7vE,1584952439,2020/3/23,16:33:59,08:15,8008,11988,23578,8495,60500
鬼谷菌今天减肥了吗？,1597,310673,//i2.hdslb.com/bfs/archive/089e58ccec0e4092536a732f90919395887cd865.jpg,98189250,BV1WE411w7dD,1584792051,2020/3/21,20:0:51,03:59,2332,1589,3244,214,26619
【鬼谷说】龙兽争霸（其四）：卧薪尝胆，兽虽三户可屠龙,8627,1602029,//i2.hdslb.com/bfs/archive/40d03b1b2c698445139d13ae5ba2f7487a491aa6.jpg,95718264,BV1dE411V7yB,1584010091,2020/3/12,18:48:11,13:41,13073,67525,129701,3972,159401
【科学八卦史】他以一人之力碾压全球科学家，让资本沦为自己的提款机，却被千夫所指,1691,891875,//i0.hdslb.com/bfs/archive/9cc31213b1522237f31069dca76066a70c21479d.jpg,92415111,BV1GE411H7Nv,1582898630,2020/2/28,22:3:50,18:04,5971,11790,20661,3256,55565
【鬼谷说】鳞龙：命途长多舛 热血总难平,3807,1106076,//i1.hdslb.com/bfs/archive/fe947e2b0579f9effcb9d58b936c75ebbb318952.jpg,90362991,BV1c7411P79s,1582188706,2020/2/20,16:51:46,10:05,8116,20638,79392,2790,103599
【粉丝突破十万暨百万庆典】读评论：鬼谷是站在凳子上录音的吗,2011,422042,//i2.hdslb.com/bfs/archive/3e53cb10fcb60e160cf3883c0e24c27eaceee921.jpg,88942503,BV1n7411g7ih,1581679018,2020/2/14,19:16:58,07:44,6298,6772,23534,507,43817
【鬼谷说】蝙蝠：我们仍未知道那天蝙蝠是怎么起飞的,3957,1249556,//i1.hdslb.com/bfs/archive/8a09b62268b7ce42adeb93f44ae1e40beb8c6661.jpg,87348230,BV1X7411b7Yc,1581076328,2020/2/7,19:52:8,08:10,11805,13990,35083,7311,69207
【鬼谷闲谈】病毒：生于三界之外 不灭六道之中,5131,2093594,//i2.hdslb.com/bfs/archive/50aebcee22978d5ec699530afd41f003b7252256.jpg,85751585,BV1S7411q7wp,1580375815,2020/1/30,17:16:55,10:04,10068,45981,95079,27044,133328
【鬼谷说】龙兽争霸（其三）：龙族巅峰,3051,1555283,//i1.hdslb.com/bfs/archive/8168e2a40641dc1062a82779c8867e9f549cac50.jpg,83779134,BV1gJ411E7eA,1579231420,2020/1/17,11:23:40,15:02,8186,20470,66094,2895,81285
【科学八卦史】当爽文主角进入现实,1579,574134,//i1.hdslb.com/bfs/archive/d32f9c2aa140db4b57bb55a80e01697f671e2477.jpg,82703099,BV1rJ411G7sF,1578562847,2020/1/9,17:40:47,06:44,2598,5556,10622,3493,29773
【鬼谷说】鳍龙：迷惑演化造就世界最苟,2465,1895495,//i0.hdslb.com/bfs/archive/4394a4af52ae3290be09d2e639b00a8795392f72.jpg,81437977,BV1YJ411h75d,1577784430,2019/12/31,17:27:10,10:21,7243,49339,184800,2778,188149
【鬼谷说】翼龙：大鹏一日同风起,3163,1163336,//i2.hdslb.com/bfs/archive/57ed24622bf55482eeb9fd77205455d0a0c93744.jpg,79955988,BV1qJ411x7oD,1576832845,2019/12/20,17:7:25,10:40,5293,14915,43642,2582,65394
裸猿成为国际物种，原来是靠它,1603,583531,//i1.hdslb.com/bfs/archive/214282ce1b3e20628bcd8a5f58c78505532419af.jpg,79024804,BV1GJ411C7pJ,1576233045,2019/12/13,18:30:45,09:11,6034,4492,10887,1038,32901
【鬼谷闲谈】鳄鱼：鳄生最苦求不得,1881,1297437,//i1.hdslb.com/bfs/archive/6b9dfde57e37fd490f711289e7f5f505de9d1c79.jpg,78771397,BV1vJ411y7LM,1576035042,2019/12/11,11:30:42,10:27,7503,12827,33082,2668,60999
【鬼谷说】鱼龙：身世浮沉雨打萍,2826,1218953,//i1.hdslb.com/bfs/archive/880a125a4318a2122ed5cb300c208554b89ab32f.jpg,77564112,BV1fJ411Q71L,1575109739,2019/11/30,18:28:59,10:01,5873,16315,49576,2857,67029
【科学八卦史】双螺旋的撕逼往事,2132,518102,//i0.hdslb.com/bfs/archive/ded8d3ad8167bb074b8ec9d3cec66ddfee50c200.jpg,76604070,BV1fJ411R748,1574417403,2019/11/22,18:10:3,06:32,3287,7407,18416,1938,36954
【鬼谷闲谈】龟：来自三叠纪的神秘奇迹,2160,1157079,//i1.hdslb.com/bfs/archive/ba4963e55cbd42be20393e57de11fcc653dd6d9c.jpg,75773632,BV13J411U7S6,1573818310,2019/11/15,19:45:10,08:13,4251,11405,28804,2488,52611
【鬼谷说】龙兽争霸（其二）：时空狭缝中的异世界,2583,1393979,//i1.hdslb.com/bfs/archive/721134cf2cbe4b218da181b4bd18b6ff70eafeb3.jpg,75114341,BV1BE411v7i1,1573304413,2019/11/9,21:0:13,10:49,5588,14583,42652,2313,59584
【鬼谷闲谈】二叠纪末大灭绝：灭度苍生,2356,1179712,//i2.hdslb.com/bfs/archive/04b70de06f8c76f8159d9cb5231fab184543bb21.jpg,74149690,BV18E41187Ri,1572603057,2019/11/1,18:10:57,07:59,4771,16302,47685,3025,61672
【鬼谷说】龙兽争霸（其一）：开局一只兽 装备全靠莽,2569,1621558,//i2.hdslb.com/bfs/archive/116a9738c5e70d669ad93dcece255a5567346040.jpg,73219922,BV1CE411y7G7,1571911215,2019/10/24,18:0:15,10:46,7199,22084,65776,4964,78397
鬼谷君带你看阿里爸爸如何“云守护”野生动物,1035,331650,//i1.hdslb.com/bfs/archive/0d6d84c4b3b82801bc98f7f68721147f50f06e40.jpg,71353571,BV1PE411C7Hd,1571220698,2019/10/16,18:11:38,08:26,2656,4382,15866,688,27235
【鬼谷闲谈】超常刺激：坚不可摧的欲望牢笼_科学3分钟特别篇,1813,1051545,//i0.hdslb.com/bfs/archive/37a0e90079e1421cb3844f5e4e8e888c1726b76c.jpg,69775583,BV1jE411Q7yp,1570016908,2019/10/2,19:48:28,08:00,4148,20420,52990,5125,75607
【鬼谷说】软骨鱼：头铁真汉子 亿年五五开,4408,1701534,//i2.hdslb.com/bfs/archive/aae927dec9696d4877e46a2e3439aa9feefde6d6.jpg,68379346,BV1SJ41137bu,1568973934,2019/9/20,18:5:34,14:11,12745,25153,70780,5750,81340
【鬼谷闲谈】古新世始新世极热事件：热潮 来袭,1725,1183443,//i1.hdslb.com/bfs/archive/4f7ffa5b43287b33fc95647e4ea0dcbdd58ad325.jpg,67017054,BV1H4411C72U,1567917387,2019/9/8,12:36:27,05:46,3923,11947,28763,1757,49808
【鬼谷闲谈】卡尼期洪积事件：一场绵延两百万年的雨,2190,1319908,//i2.hdslb.com/bfs/archive/50ff19590f713ff2b516c62f41105bdadd055338.jpg,66217556,BV1g4411m7YW,1567303256,2019/9/1,10:0:56,06:53,4083,34608,57770,3441,76136
演化只是一个假说？鬼谷君带你从鱼身上寻找答案,4144,574271,//i2.hdslb.com/bfs/archive/43c112ca61accfc9fd94d88905d1c113e29077c4.jpg,65711614,BV1n4411z7Xo,1566985246,2019/8/28,17:40:46,16:14,7117,4723,13787,712,30602
【鬼谷说】离片椎类两栖动物：我有特殊的生存技巧,2648,1438998,//i2.hdslb.com/bfs/archive/ef0a68174b5e01d181936652c77879ae5111660b.jpg,65155308,BV1R4411r7AR,1566640064,2019/8/24,17:47:44,13:20,9887,17171,49787,3043,67680
【鬼谷闲谈】关于脊椎动物登陆的一点碎碎念,3235,1104027,//i1.hdslb.com/bfs/archive/414b108995afd678c9272d0483b5947652c25872.jpg,63998311,BV144411Z7U5,1565958254,2019/8/16,20:24:14,07:33,5421,13793,38775,1846,57994
脊椎动物与牙齿细菌的亿万年斗争，究竟谁是胜利者？,2348,733707,//i0.hdslb.com/bfs/archive/e6bd8b5791c4036051d73c4cae02fc7834826c2d.jpg,62531669,BV1At411T7dh,1565146841,2019/8/7,11:0:41,09:20,9523,6974,18115,1115,39008
【鬼谷说】肉鳍鱼类：目标 陆地,4046,1533606,//i0.hdslb.com/bfs/archive/e276386025a6ee6c42174f7cfaa583d29c9231c8.jpg,62108466,BV17t411g7Ni,1564884044,2019/8/4,10:0:44,12:15,12339,23926,73688,3631,82728
【鬼谷闲谈】半索动物：你不懂我没有主角光环的伤悲,1561,1078558,//i0.hdslb.com/bfs/archive/4c004e37477c07d093ff98bd4581116eb068b0c6.jpg,60910343,BV1ot411A7f5,1564193064,2019/7/27,10:4:24,06:38,3504,10408,26028,1046,43623
【鬼谷说】早期鱼类：亿年苦寒无人问，一朝出世四海平,4042,2431722,//i2.hdslb.com/bfs/archive/71991c50d28f075a346717467f4ea1f9c2c3a299.jpg,59998211,BV1Zt411n7qF,1563622055,2019/7/20,19:27:35,12:33,14465,27046,69718,4974,88842
【创作训练营】眼中有码，心中无码,845,313643,//i0.hdslb.com/bfs/archive/31d6b92560eba97d21bbdd5ad08ed5f342578432.jpg,59013896,BV1At411V73D,1563105608,2019/7/14,20:0:8,09:46,2402,1482,2022,1056,12171
【鬼谷闲谈】触手冠动物：动物界的不胜传说,2186,1015491,//i0.hdslb.com/bfs/archive/41ffc3cc046166384b141ee7f5f0c12418aa73eb.jpg,58910301,BV1Gt411L7Ur,1562983213,2019/7/13,10:0:13,07:03,4520,9325,22071,828,39331
【鬼谷闲谈】尾索动物：希望的火种,3419,1050212,//i2.hdslb.com/bfs/archive/c2b71dac6201d47fb69360a98eeaff4922426198.jpg,57911268,BV124411A7AB,1562317202,2019/7/5,17:0:2,05:58,5983,9892,24303,929,40151
【鬼谷说】早期后口动物：脊椎动物的黎明,3207,1499710,//i0.hdslb.com/bfs/archive/77895d33318c966749ffcc8ef8cccfba6d7151be.jpg,57173931,BV14x4119749,1561773659,2019/6/29,10:0:59,09:33,10132,24461,70929,4158,72022
【鬼谷说】昆虫：被偏爱的都有恃无恐,4339,1626831,//i0.hdslb.com/bfs/archive/3c96e2a1771e7e36381e614f087947688c9dc2f6.jpg,55541532,BV1X4411P7ce,1560505817,2019/6/14,17:50:17,16:10,14884,33215,94084,7595,88865
【鬼谷闲谈】塔利怪物：迷之古生物,2994,1268678,//i1.hdslb.com/bfs/archive/776edfcd8ea0e17a409be2dc14d1f9257f99a61a.jpg,54104674,BV194411H7KB,1559293859,2019/5/31,17:10:59,03:57,1292,10765,23489,1370,39832
【鬼谷说】水母：原初与彼方的超然魅影,3202,1320815,//i2.hdslb.com/bfs/archive/ca49a21d125f61a475d5eed943839b669194804e.jpg,53435182,BV1v4411L7Ee,1558685673,2019/5/24,16:14:33,10:33,6371,19144,46509,3696,55547
【直播录像】鲈鱼，菌菇，贻贝_20190512,888,255151,//i0.hdslb.com/bfs/archive/de025ef5631b5cd7a88907fa6c3bc1134c32ee72.jpg,53110517,BV1q4411j7Mm,1558369305,2019/5/21,0:21:45,74:19,2789,1056,2859,322,7138
【鬼谷闲谈】螯肢动物番外：演化老司机蜱螨亚纲,2425,1028954,//i1.hdslb.com/bfs/archive/30a8a75b7da347d2161f352cc32c9b3d9fb11977.jpg,52147530,BV1n4411e7h2,1557573346,2019/5/11,19:15:46,08:20,6114,11818,30915,1823,40907
【鬼谷说】螯肢动物：死生一念 世路茫然,5709,1711007,//i1.hdslb.com/bfs/archive/554a5051bba4e1772ed7dd56ae6b0a9ac936e716.jpg,51342337,BV1n441147Wq,1556893865,2019/5/3,22:31:5,12:45,10349,26274,76652,4249,79209
【鬼谷闲谈】软体动物番外：关于头足类的碎碎念,1477,1126794,//i2.hdslb.com/bfs/archive/95bf403b19eaf0de75573f243d7c561511488dc4.jpg,50691422,BV1p4411b7Y2,1556411442,2019/4/28,8:30:42,03:51,1764,9927,23206,1185,36657
【鬼谷说】软体动物（其三）：远古王者的不屈征途,4965,1892780,//i0.hdslb.com/bfs/archive/547ca3fea0d84decb7c34425700da55b910110ce.jpg,49810786,BV1Sb411G726,1555670809,2019/4/19,18:46:49,12:38,12146,32419,93826,6219,90175
【鬼谷说】软体动物（其二）：一场跨越三亿年的秘密战争,2459,1652100,//i0.hdslb.com/bfs/archive/3e760849e9647dd1a72bc3d5cb780f908870b631.jpg,48509047,BV1Xb411M7br,1554555299,2019/4/6,20:54:59,11:22,7053,21257,60514,4104,66546
【鬼谷说】软体动物（其一）：家里有矿可劲儿浪,3333,1823126,//i2.hdslb.com/bfs/archive/27e9db9aa9fe2798c4793e9a052ab87c2bf04a78.jpg,47364954,BV1gb411t7DT,1553591110,2019/3/26,17:5:10,11:21,8724,29291,84600,8987,83125
【鬼谷说】三叶虫：一个平凡家族的不屈与彷徨,5588,1979466,//i2.hdslb.com/bfs/archive/732ab9d9b26a87906af0a3dac5dc9fd276b8de12.jpg,46213558,BV1jb411H7aa,1552553449,2019/3/14,16:50:49,13:25,11137,40400,103809,10594,102337
【鬼谷说】棘皮动物：六亲不认的演化步伐,4041,2943725,//i1.hdslb.com/bfs/archive/9978465265e3e8c368f4ebd0cbc1c05e849d2547.jpg,44815270,BV1Nb411h7bc,1551258053,2019/2/27,17:0:53,10:48,15923,47574,88220,26417,100520
【粉丝突破1000暨粉丝突破10000庆典】芳斯塔芙&鬼谷藏龙带你游上海自然博物馆,517,256267,//i2.hdslb.com/bfs/archive/600a2e29fe0b16673a2f8e78a1b4751082d24a0c.jpg,44151474,BV1Vb411Y7ve,1550652649,2019/2/20,16:50:49,05:55,883,1027,3718,321,7716
【鬼谷说】奇虾：初代霸主的故事,3931,2459694,//i1.hdslb.com/bfs/archive/c854cca10a79fcf2e778fcb7403d64fe797cbf81.jpg,43536748,BV1wb41127jT,1550141475,2019/2/14,18:51:15,13:34,12835,31661,66280,11729,84409
【沙雕实验】如何用磁铁吸掉玉米片里的铁质,145,102888,//i2.hdslb.com/bfs/archive/f8eea926ac6735a0d759155ca9976ab343f6ed4a.jpg,41900693,BV14t411t7nd,1548635717,2019/1/28,8:35:17,04:25,621,280,760,218,2279
【沙雕实验】用地铁卡充值机能给手机里的虚拟地铁卡充值吗,122,67868,//i0.hdslb.com/bfs/archive/8c3c6f31ca9586e632013849d0dd8d4fba109815.jpg,41279281,BV1qt41187md,1548058833,2019/1/21,16:20:33,02:26,175,187,589,201,1612
【粉丝突破100庆典】芳斯塔芙要转型萌宠UP了？！,519,127198,//i2.hdslb.com/bfs/archive/9f55066b2d6b80f21343d9ad31c66f78a1a2578c.jpg,36689321,BV1yt411y744,1543105858,2018/11/25,8:30:58,02:11,485,219,714,186,2763
【浮游生物】浮游生物：三千大千世界_Plankton,74,145489,//i0.hdslb.com/bfs/archive/6fd0698f592b2a8c2145486225a6f1bf22b6dd8d.jpg,35577365,BV1hb411c7e9,1541721918,2018/11/9,8:5:18,02:03,76,608,413,211,2327
【浮游生物】动植物共生：生死与共_Vegimals,30,65610,//i0.hdslb.com/bfs/archive/04907d876528dcce825739009d75725e66d09e60.jpg,35328120,BV1Tb411A7Qt,1541376615,2018/11/5,8:10:15,02:20,51,259,223,174,1075
【浮游生物】海胆：一段奇妙的生命旅程_Sea Urchins - Planktonic Origins,38,57202,//i1.hdslb.com/bfs/archive/84b987c5472381e4bfa8c2d7ff22eace569cdc63.jpg,35241702,BV1zb411w7jR,1541290523,2018/11/4,8:15:23,02:55,101,338,213,228,971
【浮游生物】慎(虫戎)：桶中驭尸客_Phronima - Monsters in Barrels,40,47954,//i2.hdslb.com/bfs/archive/630fc4b9523788c6e7b561dd297eaa77fac3ec7f.jpg,34752417,BV1pb411N7A1,1540686480,2018/10/28,8:28:0,02:26,55,275,175,186,842
【浮游生物】胚胎与幼体：众生之初_Embryos and larvae,34,52733,//i1.hdslb.com/bfs/archive/1982b4bb3da6999afd4533530324c1d894bfa0a9.jpg,34302683,BV1rt411o7Fs,1540102887,2018/10/21,14:21:27,01:33,27,290,181,187,936
【浮游生物】游水母-魅影刺客_Pelagia - Fearsome Jellyfish,18,25216,//i2.hdslb.com/bfs/archive/40e7a933687643a907c4370515df68ee7b326a1c.jpg,34002345,BV1Dt411Z7V1,1539721206,2018/10/17,4:20:6,02:31,36,330,128,201,562
【浮游生物】侧腕水母：炫彩小灯笼-Pleurobrachia,13,15679,//i1.hdslb.com/bfs/archive/beaa7d67cba0e82cd50747b895939bc343fa6483.jpg,33846448,BV1wt411Z7XB,1539520127,2018/10/14,20:28:47,01:51,34,186,123,182,386
【浮游生物】帆水母：百舸随风任沉浮_Velella Planktonic Vessels,22,18030,//i0.hdslb.com/bfs/archive/cf15074fcbccfe4eeb7c1cb3c8b65d98619571cb.jpg,33381407,BV1mW411y711,1538956842,2018/10/8,8:0:42,02:37,41,206,131,180,411
【浮游生物】栉水母：幻境玄光_Iridescent Ctenophores,24,20092,//i2.hdslb.com/bfs/archive/d953a0840efcf801d826878edec7867fec29c1aa.jpg,33033629,BV1QW411179z,1538615513,2018/10/4,9:11:53,02:00,36,209,125,197,459
【浮游生物】管水母-此身绵延无穷矣_Siphonophores - Longest animals on the planet,23,29391,//i2.hdslb.com/bfs/archive/c1e48f871bb703a11306d63d90e8a92f1f7fb7c7.jpg,32664651,BV13W411S7Vv,1538168121,2018/9/29,4:55:21,03:56,75,346,146,201,680
【浮游生物】翼足类-展翅畅泳的海螺_Pteropods - Swimming Mollusks,29,22357,//i2.hdslb.com/bfs/archive/f283beec360e6cbd6d235bb563990622da88e643.jpg,32263717,BV1PW411z7aM,1537654700,2018/9/23,6:18:20,02:01,35,191,129,174,592
【浮游生物】樽海鞘-生生不息_Salps - Exploding Populations,19,29643,//i2.hdslb.com/bfs/archive/655b5002fcc9860e3a41983d9a16217efc27b6f7.jpg,32207958,BV1bW411r7fA,1537587785,2018/9/22,11:43:5,02:16,35,187,112,175,483
【浮游生物】尾海鞘-结网为庐_Larvaceans-their house are nets,12,25920,//i1.hdslb.com/bfs/archive/90a27e1e483dbac097533cfae82043d130ef693c.jpg,32000239,BV1sW41167YG,1537292385,2018/9/19,1:39:45,02:44,47,150,119,171,555
【宇宙|致郁系混剪】遨游_【请配合耳机食用】-芳斯塔芙,83,110124,//i1.hdslb.com/bfs/archive/87d5c68a25402e8081334c848822d0debdc35a4f.jpg,31915551,BV1zW411k7Cj,1537171328,2018/9/17,16:2:8,05:32,341,1538,1417,366,3111
【浮游生物】角藻-纤纤素手为光而生_Ceratium-grow fingers to catch more light,20,27150,//i0.hdslb.com/bfs/archive/4a7f929d01fe6a9417e7d243891326f746b4e0fb.jpg,31831017,BV1xW411k7Ar,1537074651,2018/9/16,13:10:51,02:04,54,184,137,181,660
【浮游生物】硅藻-水晶宫里的居士_Ditoms,59,65264,//i2.hdslb.com/bfs/archive/985f89903d57d192c3bff49001ff095262cf89e3.jpg,31748670,BV1SW411r7df,1536983392,2018/9/15,11:49:52,05:03,187,338,219,207,1400
【浮游生物】半球美螅水母_Clytia,155,163653,//i2.hdslb.com/bfs/archive/6a64f556f2961a46a820dde17004c40d9723a671.jpg,31658260,BV1VW411y7zo,1536852744,2018/9/13,23:32:24,03:17,651,570,548,233,3939
【粉丝突破10庆典】-莫比乌斯爱心制作教程_芳斯塔芙,585,180433,//i2.hdslb.com/bfs/archive/6174a99cdb5d72a44d1d4d518d47d09a4605dd17.jpg,30362936,BV1SW411D77D,1535272832,2018/8/26,16:40:32,04:18,861,798,1184,235,6419
