﻿title,comment,play,pic,aid,bvid,created,date,time,length,video_review,favorite,coin,share,like
铲屎官自制猫薄荷奶茶！小小一杯猫咪起飞！【花花与三猫】,1958,474406,//i1.hdslb.com/bfs/archive/04f0341ac5e6845205658214fb01d010a744bbcb.jpg,753575603,BV1Ck4y1z7sS,1592215951,2020/6/15,18:12:31,07:17,6655,7188,21122,1653,65350
猫片拍成真人版动森，全家都绿了只为吃口草?【花花与三猫】,2061,687569,//i2.hdslb.com/bfs/archive/9dec3853ca6159d01a6368ae4f8821398215ea27.jpg,456002876,BV1W5411W72c,1592042807,2020/6/13,18:6:47,07:59,7102,9693,27374,1633,80681
猪皮猫被拖去洗澡，分哥急得嗷嗷叫，浴室差点拆掉！【花花与三猫】,3350,1473142,//i2.hdslb.com/bfs/archive/8832629c1ec4a6ce2c7b26cb6a7bdd9ffc95a200.jpg,370965528,BV1ZZ4y1n7hW,1591424072,2020/6/6,14:14:32,06:11,11219,17733,56251,4683,140417
猫：铲屎官又剁手败家，我怎么养得起她啊？！【花花与三猫】,3363,1246968,//i1.hdslb.com/bfs/archive/bb325bcc8da6a2f0312a7f33bac98c2647ef92b7.jpg,795842528,BV1rC4y1p7tV,1590943481,2020/6/1,0:44:41,07:52,9847,13592,46077,2393,122765
闻气味猜猫游戏！男朋友作死耍诈，猫：分手猫房？【花花与三猫】,2643,1117152,//i2.hdslb.com/bfs/archive/e3420d61916748e67a70889eaa43e5dbf9de0ffb.jpg,968304240,BV1Lp4y1X7Z6,1590825090,2020/5/30,15:51:30,07:45,11017,14091,48519,2214,127864
别的小猫咪都只洗爪爪，凭什么我洗澡啊？？？【花花与三猫】,3649,2422182,//i0.hdslb.com/bfs/archive/0d9d00e8c16614d78f827f3b4d8102534be8916e.jpg,840847034,BV1d54y1D7AX,1590224460,2020/5/23,17:1:0,06:58,11701,24635,76151,6729,206275
带5只猫搬入170m²大豪宅！铁汁萌觉得贵吗?【花花与三猫】,10915,2318560,//i1.hdslb.com/bfs/archive/889791a2285e1d00249512c18ff31838f2cad9fa.jpg,795723839,BV19C4y1H7dj,1589616611,2020/5/16,16:10:11,07:20,29473,50982,214668,8374,283475
花花与三猫：我们回来啦！,38559,2231328,//i0.hdslb.com/bfs/archive/861dca833f9f620a190d06d1fba5efcd14470e5c.jpg,625695120,BV1Bt4y117RB,1589538296,2020/5/15,18:24:56,24:14,87900,59846,251399,8924,312720
"【闭关修炼指南】家里突现100只鸟，猫玩儿疯了，冲就完了！【花花与三猫】",6376,1930638,//i2.hdslb.com/bfs/archive/86ecb61822d6c6d72421452a3a9d9150cb1cd27c.jpg,98131287,BV1oE411c7wn,1584780546,2020/3/21,16:49:6,06:10,15697,8698,31309,2655,97564
给猫咪做生日蛋糕，再简单吃个帝王蟹火锅！【花花与三猫】,5063,2397066,//i0.hdslb.com/bfs/archive/8cd1261111cc0923f5bd0405165a2c7439411840.jpg,97330033,BV1n7411R7eM,1584533458,2020/3/18,20:10:58,08:27,26283,23681,86156,6498,157314
m12牛排太香了，饭后运动全程被猫调戏，羞耻的宅家vlog！【花花与三猫】,2457,1578108,//i2.hdslb.com/bfs/archive/5dc2d470ae7c93ac6ac9bd8bd9cca7b0b867bf6d.jpg,96414908,BV1TE411G7bJ,1584251041,2020/3/15,13:44:1,10:38,14649,13155,33937,4694,104283
花花与三猫比赛画自己家的猫，猫看到后：菜鸡互啄？,3627,1103739,//i0.hdslb.com/bfs/archive/aa209d31daba9847ba70eadc53bcadd44fe87a1f.jpg,95204969,BV1oE411N7Pz,1583853142,2020/3/10,23:12:22,04:09,6528,8796,24697,1878,90039
铲屎官假装被外星人抓走，猫会来救主人吗？结局泪目！【花花与三猫】,3129,1390009,//i1.hdslb.com/bfs/archive/4ea89e1376b10b501cee2808ddad79ea93ef3147.jpg,94367922,BV1fE411p79V,1583571394,2020/3/7,16:56:34,07:45,10099,23636,92771,3065,142902
【花花与三猫】主人忘锁零食柜，猫：机会来了……,3461,1703540,//i0.hdslb.com/bfs/archive/959e6f9062f4cb014cc2d9f17ab7a5ca342e0a8e.jpg,92652656,BV1eE411J7Ma,1582966387,2020/2/29,16:53:7,06:51,16216,18100,54296,8244,133573
【花花与三猫】零食混药药骗猪吃，你当我是猫？什么都吃？,3873,1798909,//i1.hdslb.com/bfs/archive/0bf6674e24a57a187c1e0412550c1592ad4de03e.jpg,89171088,BV1v7411J7Ka,1581753651,2020/2/15,16:0:51,05:57,6531,12903,40130,4646,115551
装成玩具熊，猫不认识我，拿出零食后...瞬间叫妈！真实！【花花与三猫】,2496,1722869,//i2.hdslb.com/bfs/archive/c6a427c10ecbec3243a1ae21f03ec702b824c068.jpg,84674927,BV1t7411a7Ps,1580191219,2020/1/28,14:0:19,05:53,8400,17293,59798,3396,126589
猫薄荷糖葫芦！我小猫咪今天就要吸翻在这儿！【花花与三猫】,2398,1986144,//i1.hdslb.com/bfs/archive/b400d06276e4c2b8c915478e3b317a5e8542763a.jpg,85233088,BV1r741167cx,1580102929,2020/1/27,13:28:49,07:29,14918,19406,68955,6298,151172
小猫咪绝育，醒后还被强迫看自己的蛋蛋，实惨！【花花与三猫】,3631,2416561,//i2.hdslb.com/bfs/archive/f34884a37aeb2a289efd4aab9abdec2f2159dbdb.jpg,84688981,BV1p7411a7Cg,1580011202,2020/1/26,12:0:2,07:23,19762,22416,69703,12469,159373
【花花与三猫】2019百大vlog+年终总结，掏心窝子了,2094,928131,//i0.hdslb.com/bfs/archive/d2b3da234a06a263f2b01a8f75bb9cbebf2050c1.jpg,84915013,BV1k7411Y7zm,1579923059,2020/1/25,11:30:59,13:22,18775,16033,60459,1543,90668
花花与三猫被粉丝操控的一天...太羞耻了！,29090,1156589,//i1.hdslb.com/bfs/archive/0a908d87bd2680641fabd6044610e6d3759dc591.jpg,84295727,BV1y7411v7e5,1579525239,2020/1/20,21:0:39,07:57,36401,11833,38610,1951,84155
【3D 猫 吃 播】,2346,1341525,//i2.hdslb.com/bfs/archive/a5b5e1f923c61443220db16785f1736e41c01cc7.jpg,83958979,BV1D7411i7Tp,1579333988,2020/1/18,15:53:8,38:11,12858,16835,32928,6038,70366
主人化猫仿妆，本猫一看惊了，猫：我？？？【花花与三猫】,4210,1409326,//i1.hdslb.com/bfs/archive/7d1b1cfd848b8df18a0ecdc59d97b559c704cfad.jpg,82829184,BV1EJ411V7TN,1578649360,2020/1/10,17:42:40,07:22,11183,15405,56460,3909,107830
"橘猫猪突猛进,崩断牙手术花了4000多,还饿到生无可恋!【花花与三猫】",3444,2763390,//i2.hdslb.com/bfs/archive/fadb7abcd87d6f87595b7484d5a600f06e9089b9.jpg,82008182,BV1gJ41177LT,1578122386,2020/1/4,15:19:46,05:51,7880,21648,86337,8730,148234
扎心了！原来，UP主们在2020年想要做这些…,1262,1261960,//i1.hdslb.com/bfs/archive/bd6033684747957356771850af57bb85996a5594.jpg,81391725,BV1uJ411h7ng,1577774708,2019/12/31,14:45:8,05:19,7279,3877,6356,2665,58508
过完圣诞过元旦，过完元旦就割蛋！猛猫落泪！【花花与三猫】,2590,1905590,//i2.hdslb.com/bfs/archive/7040d3981b37bbf403c3f0b2aba035223030142a.jpg,80485722,BV1ZJ411p7Px,1577181986,2019/12/24,18:6:26,11:09,13323,13521,37828,4797,95255
矮脚猫:腋毛?那里不可以啦!主人:嘿嘿嘿小猫咪......【花花与三猫】,1346,1478742,//i2.hdslb.com/bfs/archive/8696df1dbdca1e6fec25fda28e8c6661ad1f7a77.jpg,79959487,BV1zJ411x7hr,1576835140,2019/12/20,17:45:40,05:59,7137,10838,29409,4008,77282
太有钱了！2天建30米长火车，只为方便猫玩耍！【花花与三猫】,2046,1630827,//i1.hdslb.com/bfs/archive/e8e933133d82ad72d4738ec2fc4aabac2a5a82f6.jpg,79006271,BV1LJ411C74q,1576157069,2019/12/12,21:24:29,05:47,4826,13574,45286,4601,92872
抢不赢地盘，猫咪在菜板上尿尿报复，主人不生气还给奖励！【花花与三猫】,2868,1873032,//i1.hdslb.com/bfs/archive/8a4b4c7e60564ae059fd302a8a4716b6874cda79.jpg,78349890,BV1VJ411q7PV,1575695245,2019/12/7,13:7:25,06:12,6385,23228,102818,7097,129463
人造肉or真牛肉？测试猫咪能否分辨！橘猫：有区别吗？【花花与三猫】,2116,1791014,//i2.hdslb.com/bfs/archive/00fbe0210eb4f8f42056a8634f721091ec199b25.jpg,77519981,BV1vJ411Q7H1,1575089625,2019/11/30,12:53:45,07:15,7665,13281,41198,4158,97723
学会逗猫棒第7天，我的猫表情逐渐沙雕！每天一遍防止抑郁！【花花与三猫】 ‍,1404,1727729,//i1.hdslb.com/bfs/archive/6232472612073e8aa87d6c7e016094dad89fdecd.jpg,76601298,BV1oJ411R7ZB,1574417784,2019/11/22,18:16:24,06:59,5394,13065,36526,4956,89458
"猫从高空蹦到主人胸口,主人:野猫disco?",2077,1539868,//i1.hdslb.com/bfs/archive/8d5fc4d8378b258ee4eeac3d8ccb02e51c532a82.jpg,75898989,BV1DJ411U72s,1573907934,2019/11/16,20:38:54,05:40,8464,12072,36751,3383,91055
做3个网络最火猫咪挑战！第一个被猫揍出血！第二个居然是谣言？,1908,1535576,//i0.hdslb.com/bfs/archive/d9a44ff338d96b273ac208affa81ca2a27442688.jpg,75097186,BV1pE411v71f,1573298058,2019/11/9,19:14:18,06:39,5948,13758,43482,3435,95879
花7000元猫房大改造！让人类嫉妒的豪华家具，猫咪感动哭了！,1837,1684071,//i1.hdslb.com/bfs/archive/66ac4b2652cfb2825398417d9a5757419acd0813.jpg,74396679,BV1jE411b74Z,1572776105,2019/11/3,18:15:5,05:51,5992,17760,57970,4667,107018
吃最大的大闸蟹，喂最橘的猫，有矿真好！,2037,1868965,//i0.hdslb.com/bfs/archive/e04690d36e2776e6844317286efe9c44a2f62c25.jpg,73614595,BV1uE411Y7mM,1572170111,2019/10/27,17:55:11,06:59,7199,12149,35301,6441,87422
幸运粉丝到家撸猫，狂摸猫蛋皮，被迫穿女装却暗爽？？？,2514,1598974,//i2.hdslb.com/bfs/archive/5477bf4b55c7a5672c9ad21b616509367120530b.jpg,73331444,BV1uE41117Hk,1571994043,2019/10/25,17:0:43,07:41,14186,11818,37139,2837,89844
主人把鱼捞出来洗缸，被5只公猫团团围住，先吃鱼还是先喝汤？,1671,1618196,//i1.hdslb.com/bfs/archive/25f75bfbba0710dd64e0ff150da26310488469f5.jpg,71636411,BV1FE411k7Hp,1571400655,2019/10/18,20:10:55,05:45,5057,11247,33677,2860,85664
情侣玩蒙眼猜猫，5只猫就错3次，3年铲屎情破裂，猫：离了吧！,4077,1695121,//i0.hdslb.com/bfs/archive/94cfefbcb32822158ec760dab59d32bc7ae78f9b.jpg,70451639,BV1TJ411c749,1570442076,2019/10/7,17:54:36,09:54,14427,21876,88930,4640,124084
测试猫有多细？食诱猫钻5根透明管道，最细半径5cm！液体猫实锤！,1987,2008433,//i2.hdslb.com/bfs/archive/a3160170735cffc6820e044ceb641d1f4c819477.jpg,68067546,BV1JJ411w7ZB,1568977257,2019/9/20,19:0:57,06:29,7834,12995,37596,4375,94059
up主买1000根鸡毛插身上逗猫，cos鸽子王，猫：本色出演！,2813,1494445,//i2.hdslb.com/bfs/archive/73d709034a03cd8679ead244175e0452d8b83714.jpg,67746710,BV1HJ411A7j7,1568464079,2019/9/14,20:27:59,04:50,9971,14508,50717,3329,103431
短腿猫初洗澡，发出猪叫求救，然鹅几分钟后开始享受泡澡！洗完吸猫毛无压力！,2774,2819059,//i2.hdslb.com/bfs/archive/58d61f30cb153cb366b359dfcebb980564bc3d66.jpg,67558702,BV19J411P7ZB,1568365247,2019/9/13,17:0:47,06:24,10268,17973,46208,6956,113094
和粉丝面基大会，五号女仆线下热舞，竟还不打码？！,1998,1596385,//i1.hdslb.com/bfs/archive/6f48790670e09f8f6a0928fc125a6302e4e35704.jpg,66162790,BV1P4411m7qR,1567247130,2019/8/31,18:25:30,05:52,9295,12976,34763,2859,85168
短腿小猫咪刷牙初体验，新牙刷直接报废，牙膏不够吃......,2668,1681068,//i0.hdslb.com/bfs/archive/53fae1e7b124a21d14e24847c940b64bb3fbe42d.jpg,65186100,BV1A4411k7Ka,1566651421,2019/8/24,20:57:1,06:07,14361,13518,43589,4011,97364
吃播猫完结，应大家要求吃猪皮年糕，再来只烤乳鸽，希望不要再咕咕咕......,4093,2703105,//i1.hdslb.com/bfs/archive/45373dcea9e74b7dccb96219ceb833daa5fb1641.jpg,64838438,BV1a4411977T,1566465214,2019/8/22,17:13:34,10:37,32596,32731,113957,6601,159204
新养的斗鱼到家，嘴巴嘟嘟挑逗猫咪，猫：劳资把鱼缸给你锤烂！,7625,1669555,//i0.hdslb.com/bfs/archive/51335b371fb3f7b6a02087eef93431862e7c024f.jpg,63984926,BV1V4411Z7CV,1565950554,2019/8/16,18:15:54,05:12,10844,10482,29731,2115,83495
15斤大波龙和猫共享，芝士蒜蓉清蒸三种口味，人生圆满了！,5210,2758138,//i1.hdslb.com/bfs/archive/5881e7d8c5a14ecfc1e744db2a3226787aca4b8a.jpg,63803977,BV1s4411U7rC,1565859937,2019/8/15,17:5:37,09:46,23792,32204,120700,12585,167839
给猫吃鸵鸟，4斤肉3斤蛋开壳用电钻，集体给三猫面子,4577,2896269,//i1.hdslb.com/bfs/archive/edf035ee1ea74d33f18e1164bd40794947e29ec5.jpg,62751571,BV1ht411N76w,1565255535,2019/8/8,17:12:15,10:09,20099,24124,75059,5635,138800
小猫到家2个月喜提豪车，装上各种道具逗猫，猫：爽不堪言,3014,1528386,//i1.hdslb.com/bfs/archive/2aa68c2aefda5b3fca43b30b2771b36a70fb2b43.jpg,62506302,BV12t411K77W,1565096913,2019/8/6,21:8:33,05:16,10314,14666,44627,2057,94858
专为猫做的几款游戏，猫咪玩得太疯，差点把屏幕给抠烂！,2788,1952800,//i2.hdslb.com/bfs/archive/7d08aeec3cb4625f9dbbf10a0347b90c7c9077d1.jpg,62025620,BV1zt411u7Uf,1564829194,2019/8/3,18:46:34,06:08,9404,15138,40972,3233,100714
3亿年份的鸭嘴鱼，一条做香辣烤鱼宵夜，一条给猫吃！爽！,3632,2152909,//i1.hdslb.com/bfs/archive/aecad51a5f8e473efbf5eb9639f52d9e2d5ef945.jpg,61692803,BV194411f7og,1564650013,2019/8/1,17:0:13,09:55,24873,19792,65255,3450,121690
女主人七夕送礼，猫咪收到了古装，而男主人收到了女装,3519,1534487,//i1.hdslb.com/bfs/archive/45824cff7c83ca071c3a0d58f884cc26572908e5.jpg,61541059,BV1ft411c7WK,1564563600,2019/7/31,17:0:0,07:04,29233,19173,69852,3221,114755
家里橘猫都瘦了，胖主人怒购减肥工具，一试用差点笑疯！！！,3651,2107269,//i0.hdslb.com/bfs/archive/6c0fe9e6e0ec918f70bc30520efdb783ed46f987.jpg,60856464,BV1Dt411A7qW,1564138209,2019/7/26,18:50:9,07:33,21292,19425,57025,3849,106007
超豪华猫咪章鱼烧，橘猫暴风吸入，三猫准备去摆摊了！,4870,2387795,//i0.hdslb.com/bfs/archive/d49e59bf99ba348e2172a2b20c93371403c70535.jpg,60679937,BV1Vt411j7Hn,1564045246,2019/7/25,17:0:46,10:01,33107,29253,100635,3840,155993
给猫咪尝下虫瘿果，刚吃半颗就嗨起来了，比猫薄荷还喜欢吃！,2940,2981074,//i1.hdslb.com/bfs/archive/624bff132464ed24e5e13442a1e38a2bd0932c2a.jpg,59981489,BV1Dt411n7CQ,1563618802,2019/7/20,18:33:22,06:10,10899,18173,61543,4190,124993
猫咪被逼吃面条，节目预算不足，结果比帝王蟹还吃得香！,4310,2723130,//i1.hdslb.com/bfs/archive/4a062c61e266e28597415a39cdd750374cc8213a.jpg,59386778,BV1xt411G7DJ,1563264017,2019/7/16,16:0:17,11:37,32349,23183,78159,3663,126398
进口M12和牛给猫做牛排，猫吃一口直接吐了，三猫主厨史上最大翻车！,5809,2374516,//i0.hdslb.com/bfs/archive/2dd9c3f02596e19c8473a16fdb38a1c99fee8250.jpg,58736498,BV1tt4115766,1562831600,2019/7/11,15:53:20,13:19,42413,24426,92674,3941,134636
小奶猫拒绝剪指甲，铲屎官不仅唱歌还拿小鱼干哄，大猫：我也该剪了！,6287,2035248,//i0.hdslb.com/bfs/archive/33167345bf03f497d553b1408e6bdddcf62c67e8.jpg,58066126,BV1X4411c7VU,1562402262,2019/7/6,16:37:42,06:29,12618,19347,70129,3226,117171
b站第一只吃帝王蟹的猫？人不如猫巅峰！！！结果还是便宜了铲屎官,5876,3975462,//i2.hdslb.com/bfs/archive/b866b41bb737502562469ecb30b398944afffa1b.jpg,57800250,BV1w4411A7s7,1562230829,2019/7/4,17:0:29,12:50,22130,42550,144383,13944,194266
小奶猫头次见大猫，惨遭咆哮围攻，橘猫猪皮竟然最快接受？,5422,3141976,//i0.hdslb.com/bfs/archive/f767a30043e84c52673c5b76fc41d0e43f5afe5f.jpg,57221511,BV1Qx41197om,1561793975,2019/6/29,15:39:35,06:43,15966,22974,69306,6437,129546
小奶猫屁毛太长总沾臭臭，女主人熟练剪毛，猫反抗不成便开始享受！,3132,1934879,//i1.hdslb.com/bfs/archive/f8a65926b7957e5d1a1749340f2615b7a82321b8.jpg,57111458,BV1Sx411d7nD,1561712858,2019/6/28,17:7:38,04:25,8134,14393,40796,3947,83849
斥巨资给猫做豪华寿司刺身，一端上来就开抢，三猫化身居酒屋老板娘！,3807,3093359,//i0.hdslb.com/bfs/archive/39460664aa2f31050d3edab0b5f4d1b802176310.jpg,56984841,BV1Jx411d7Rq,1561626022,2019/6/27,17:0:22,10:01,33366,47895,160243,7858,201742
猫和铲屎官一起吃火锅串串，牛肉配海鲜，快活似神仙！,4244,2550168,//i1.hdslb.com/bfs/archive/3788fa793ea2f9378355edca7318d1a7fc08edaa.jpg,56411520,BV1n4411u7mW,1561194053,2019/6/22,17:0:53,09:31,16411,26297,93583,5058,136241
花花与三猫的新小猫，随时踩奶粘人不认生，一离人就马上疯狂喵叫！,29740,4600158,//i0.hdslb.com/bfs/archive/cef736b52e736de69070e972ba63b57931de8617.jpg,56310793,BV164411377q,1561114771,2019/6/21,18:59:31,06:45,27543,39741,124512,16866,178688
小奶猫即将到家，铲屎官疯狂拆快递置办新家当，片尾小猫视频曝光!,8844,1916505,//i0.hdslb.com/bfs/archive/6bec9ddbe5da3794002158d7fd5fd94c2b16bbcf.jpg,55578322,BV174411V7M2,1560589201,2019/6/15,17:0:1,08:21,16183,17032,50097,3110,88292
铲屎官疯了同时洗2只猫，猫一直粗口，差点和主人打起来！,3615,2167097,//i1.hdslb.com/bfs/archive/a0803ca0b2ec24eb32ae276924f22b1431c18d76.jpg,54826087,BV114411K7fE,1559894979,2019/6/7,16:9:39,08:03,12648,30382,107905,5866,133854
老母亲出去浪，老父亲独自喂猫一天，妙语连珠最后还露头了，长得真别致！,4211,2691308,//i1.hdslb.com/bfs/archive/ab268abd2603da32477da46debedf1741c02e085.jpg,53547383,BV1s4411s7Mb,1558774552,2019/5/25,16:55:52,08:01,13829,17351,45750,3864,88076
主人拿鸟挑逗猫，猫咪一口含住鸟头，鸟：我是一个铁脑壳,2928,2311039,//i1.hdslb.com/bfs/archive/499db1b45c7250618273f0cc5fe17961fbdddc35.jpg,52853098,BV1Z441177oJ,1558176990,2019/5/18,18:56:30,04:50,5750,15257,49032,2414,85611
B站最甜猫咪CP，终于结婚了，铲屎官现场泪崩！,5996,2119793,//i0.hdslb.com/bfs/archive/5f5321d41d11f0cfb6926503b295a4e845130e0c.jpg,52344320,BV164411a7GU,1557741648,2019/5/13,18:0:48,06:30,29873,61565,215449,9604,192825
家里猫大哥腿受伤，老二立马预谋篡位，竟用屁崩走大佬！,2682,1533493,//i0.hdslb.com/bfs/archive/be6661107621a19c7a188c7598a74dce773b4135.jpg,52125554,BV1A4411e7wc,1557563629,2019/5/11,16:33:49,04:58,5218,11927,32929,1924,67382
女主人玩扭蛋，一口气给4只猫换30套衣服，把猫都搞懵了,3103,1354724,//i0.hdslb.com/bfs/archive/a9ba93f1c0010528da6a625c3e06a0bcb0b852ad.jpg,51298230,BV1j441147oT,1556877445,2019/5/3,17:57:25,05:44,51936,16269,52150,2917,78663
女主人和猫咪玩智力游戏，猫:明明可以靠脸吃饭，要什么智商！,2709,1542797,//i1.hdslb.com/bfs/archive/bb320f4e486a2a791e764a47be9e1e35e1e4f2d3.jpg,51167652,BV1b4411x7VH,1556784270,2019/5/2,16:4:30,04:43,10707,20223,68653,3892,97329
和敬汉卿挑战数猫毛，一天居然掉10万根？敬汉卿：悔不当初！,3382,2431407,//i1.hdslb.com/bfs/archive/1fca72c1fc0759fb9ebd50d36619b8253626b403.jpg,51069574,BV1z4411t7Ry,1556715728,2019/5/1,21:2:8,06:13,7989,12047,31617,2076,84108
花花与三猫家吃播小剧场，看完睡觉好吗宝贝儿？【P2是纯净版哦】,5950,1762548,//i2.hdslb.com/bfs/archive/5ba90764c07e49e0315523ce4aafc580dbad2b1c.jpg,49918122,BV1sb411V7ty,1555752684,2019/4/20,17:31:24,29:33,20390,42506,100974,9206,104855
猫咪洁牙麻醉狂吐舌头，被医生强行塞回嘴里，铲屎官心疼的笑了,3317,2041878,//i0.hdslb.com/bfs/archive/184d9f6a165f084c9162c2b2f41d779720a3c51d.jpg,49811978,BV1Xb411G7FN,1555675753,2019/4/19,20:9:13,05:46,10039,17438,42522,8991,71428
铲屎官自制陷阱诱捕馋猫，没想到被轻松识破，难道这猫成精了？,4252,1341138,//i1.hdslb.com/bfs/archive/cf11dea48bddf5ff77a52840e5ca1fdf9a130d34.jpg,49170487,BV1kb411K7bY,1555156831,2019/4/13,20:0:31,06:02,11744,13391,41351,5795,66864
铲屎官买10斤上好牛肉，给猫咪做肉干，好吃得打起来！,4064,2347751,//i1.hdslb.com/bfs/archive/c7ab066e2888fecbf2c9bf23ed96a18639ecc658.jpg,49067407,BV1Hb411K7T4,1555057819,2019/4/12,16:30:19,05:19,9548,27909,113679,5148,131605
橘猫第一次体验洗澡，极度反抗多次逃跑，女主人气的直接干搓！,3619,2426021,//i1.hdslb.com/bfs/archive/8c53c9d0f5fbd14f91e78f3b85d483a820564400.jpg,48979479,BV1Wb411M7o4,1554975358,2019/4/11,17:35:58,07:12,9504,19705,61655,5738,93351
铲屎官用微波炉加热榴莲，猫咪集体围观，一开箱猫瞬间开门逃跑！,3872,1878580,//i1.hdslb.com/bfs/archive/63f619eefc3564edc682686899a1c1facd8bb1a5.jpg,48479431,BV1pb41137BC,1554540360,2019/4/6,16:46:0,04:57,7658,14979,55396,4475,88327
女主人扮恐龙把猫吓的到处飞，直接六亲不认，一脱衣服，猫：妈？,4206,2227418,//i2.hdslb.com/bfs/archive/799b2a3d2613be6ee698b554677464f6b4981609.jpg,47661833,BV1Qb411x71C,1553851043,2019/3/29,17:17:23,05:11,12290,27297,87950,11781,112924
橘猫第一次出门春游，看到桃花满脸惊奇，一听到不能吃瞬间炸毛！,2788,1736586,//i2.hdslb.com/bfs/archive/55699966c63d3db02f75c02b5340dcb9bc5a0ae8.jpg,46989038,BV1cb41177TJ,1553240927,2019/3/22,15:48:47,04:32,4461,10490,28372,4077,58422
带猫咪打疫苗，猫咪居然全程乖乖配合，原来是提前做了这些事！,2172,1404092,//i0.hdslb.com/bfs/archive/a85685fa41bdc004199576785bcb5a0213e861d0.jpg,46336005,BV1Rb411H7cr,1552642127,2019/3/15,17:28:47,05:10,3247,20350,79494,2196,104001
橘猫太胖减肥5天，老父亲陪练，猫没瘦多少人瘦了5斤！,3313,2238736,//i2.hdslb.com/bfs/archive/15b087a9b30a3f0336d38c071a8c53324c533bd6.jpg,45994064,BV14b411e7PJ,1552296235,2019/3/11,17:23:55,05:57,8697,16941,47902,8164,80450
传说没有猫能拒绝的按摩器，来了个全套后：少废话，办卡！,2899,1966285,//i0.hdslb.com/bfs/archive/0f8a7662aba56c6155d3fcec57b787cb0c22c646.jpg,45769822,BV1Zb411v7BX,1552116513,2019/3/9,15:28:33,04:49,5758,18177,63149,4310,89698
猫掉进有200个猫薄荷的浴缸，出来腿都软了，这谁顶得住啊！,5896,4030793,//i2.hdslb.com/bfs/archive/660ce42d7321315220805b28c801c30ca7cb1373.jpg,45013206,BV1Wb411b73X,1551427006,2019/3/1,15:56:46,05:50,7668,28814,92346,9027,129258
橘猫猪皮终于绝育，麻醉后它在狂笑，女主人笑着笑着却哭了！,12527,4108178,//i0.hdslb.com/bfs/archive/044c63be31c124aec44b6de9dce4e17330485d6c.jpg,43036447,BV1fb411U73C,1549700095,2019/2/9,16:14:55,07:53,29983,34086,95408,23264,125456
给四只猫洗爪子，比洗澡累十倍，猫先是委屈挣扎最后直接骂出来！,4298,2831089,//i0.hdslb.com/bfs/archive/6c077a915de9327860dcd94fa38e988f83d6decc.jpg,42954467,BV1Jb41167xg,1549617870,2019/2/8,17:24:30,05:48,9852,50211,172260,11492,179904
去b站领奖，某些up主私下居然是这种人，花花与三猫两年来想对大家说的话！【vlog】,6720,2142361,//i2.hdslb.com/bfs/archive/6cb842f085f036d3bdc1d3a2c44054369f31743f.jpg,42873598,BV1Kb41167df,1549530821,2019/2/7,17:13:41,13:46,36137,22712,87655,1962,101665
猫咪网红年入百万，铲屎官膨胀，带着4只猫咪住进130m²豪宅？！,5769,2963103,//i0.hdslb.com/bfs/archive/d80b203c04025d1c679de109ebc859980d7811cf.jpg,42789881,BV18b411z7Kw,1549440386,2019/2/6,16:6:26,04:58,6412,25161,97936,4335,110324
这个猫舌梳有倒刺，专用来舔猫猫，而我有一个大胆的想法……,4001,1944595,//i2.hdslb.com/bfs/archive/e4994da25bd90a4fccd985d1ded10c1f868e768a.jpg,42709846,BV1Zb411r73U,1549354466,2019/2/5,16:14:26,05:26,7576,24801,76574,7305,94580
主人陪猫咪吃年夜饭，一起表演爆笑沙雕舞狮，猫：大过年的太丢人了！,3228,1105511,//i1.hdslb.com/bfs/archive/36537fc6683ced84480ac3363e3df85bd6682cd5.jpg,42436005,BV15b411C7Fd,1549098076,2019/2/2,17:1:16,05:43,11633,16533,62238,4024,70364
小公猫发情夜夜嚎叫，主人不堪其扰欲鸽蛋，拍下最后的蛋写真！,9271,2412416,//i2.hdslb.com/bfs/archive/4266240b10082156cba50399f6d165f1d28d4ecd.jpg,41751854,BV1Qt41147a6,1548493774,2019/1/26,17:9:34,04:42,10282,13411,31181,11446,62074
5招教你如何征服美丽猫咪！养猫最最最基础攻略！,3659,1633000,//i0.hdslb.com/bfs/archive/25b01cb6c91fe4f4b841fbd8732f85e5dfe10c32.jpg,41126133,BV1kt411a7HY,1547899592,2019/1/19,20:6:32,05:08,4980,22060,33865,7238,55180
橘势已定！记录橘猫膨胀过程，不满一岁全面猪化！,4343,3568994,//i2.hdslb.com/bfs/archive/00d16cc17b8d970b105623073174844787067963.jpg,40529789,BV1Kt411W7KC,1547269911,2019/1/12,13:11:51,03:36,6452,31289,78998,21852,107747
主人用快递箱设路障，橘猫腿短爬不动，结果零食一放像个炮弹嗖一下射出！,3448,2387490,//i1.hdslb.com/bfs/archive/f4095d2e0a842a5bb4cced36d508abc8fc95413d.jpg,39974824,BV1zt411x7wL,1546685509,2019/1/5,18:51:49,05:28,12165,28753,84981,11407,97282
圣诞节到了，公猫们又被迫穿起了女装，太可爱太秀了！,3014,1030645,//i2.hdslb.com/bfs/archive/70a9ea6773cf8f26b69ee44a726cbda1e2217c3e.jpg,38917150,BV1Ct411k78X,1545644639,2018/12/24,17:43:59,05:52,41446,20653,69395,4354,70257
宠物猫为救流浪猫，乖乖被医生抽了一管血，令人感动又心疼...,2637,1607534,//i0.hdslb.com/bfs/archive/f973689c20e9cc0dc018f645b247a5709e0a91fb.jpg,38746273,BV1ot411Y7Vb,1545468381,2018/12/22,16:46:21,05:50,5062,31897,98906,2335,96455
当猫爪接通电流，神奇的事情发生了！猫：请求联络喵星总部！,2315,1473315,//i0.hdslb.com/bfs/archive/750f0501bcda11237dba537bc56ae0ed6d2db6ea.jpg,38211941,BV1it411i7nv,1544862747,2018/12/15,16:32:27,04:33,9354,28636,91503,3464,87673
主人痛斥猫咪床上撒尿，为了证明自己，它又当面撒了一次......,3273,1900998,//i2.hdslb.com/bfs/archive/a26f3fbd8c39134c3e6a2062e9612e26592f87aa.jpg,37698015,BV1Pt411D7pY,1544264338,2018/12/8,18:18:58,04:57,4685,24778,81502,5407,90369
在b站养猫终于100万粉丝了，抽一个人来我们家撸猫！奖牌开箱+粉丝问答+抽奖活动！,15966,1733176,//i0.hdslb.com/bfs/archive/7325634ad5d3d6b0615d4ec05366c75ec8d8f4d9.jpg,37162914,BV1rt411X7tJ,1543654868,2018/12/1,17:1:8,10:37,41249,40413,157289,8644,125022
女主人浪费了几十个猫抓板，打造大型猫咪乐园，隔壁猫羡慕惨了！,2237,1531172,//i2.hdslb.com/bfs/archive/098401224b0737588d99c08977e3794c1c3817c7.jpg,37078979,BV1Kt411X7ov,1543578988,2018/11/30,19:56:28,06:47,6085,21426,73715,4028,79599
女主人为教猫咪上厕所，竟亲自示范全过程！猫都惊呆了！,12340,1095015,//i2.hdslb.com/bfs/archive/4c3617114bf12de79bb628e779a74506441ed6c9.jpg,36572460,BV17t411y7EW,1542960857,2018/11/23,16:14:17,05:57,3787,14876,42904,4540,43281
铲屎官出差突然回家，开门的瞬间人和猫都哭了，场面一度非常感人！,3366,2720815,//i2.hdslb.com/bfs/archive/afabcb88d0679de41ff5a57af680159f955112d4.jpg,36152076,BV1at411m7XV,1542443457,2018/11/17,16:30:57,05:30,10415,46810,131765,6454,128672
中分身世解密！如何领养一只猫咪？到家之后需要注意什么？,2922,1436784,//i0.hdslb.com/bfs/archive/6bcaa785e6c61b2673fd1865bbe47341c71d17f6.jpg,35756847,BV13t411U7cz,1541925808,2018/11/11,16:43:28,06:45,4020,18292,39370,4862,51766
这种新型猫薄荷威力加强了10倍，大猫一脸迷醉，小猫爽到瘫倒！,1702,1808676,//i2.hdslb.com/bfs/archive/c9075eafc5a96d498b9118ec132e4cb5d14dc81c.jpg,35674459,BV1vt411m7y4,1541836728,2018/11/10,15:58:48,04:52,4578,12333,32080,5540,46907
猫咪抵抗剪指甲，女主人背上抓了十几厘米伤痕，当初为何要养猫？,3646,1268831,//i0.hdslb.com/bfs/archive/c968f606b857e4896cbf8bdafa1cbb2fc06948d8.jpg,35221857,BV1sb411w7Yg,1541249480,2018/11/3,20:51:20,04:17,4115,39545,143603,4606,122684
猫咪被剃脚毛，爪子奇痒暴跳如雷，直接撕烂了猫包！,2433,1541614,//i1.hdslb.com/bfs/archive/8c1a0f4b6d185c6edfe4f74f2e0896206d2b9740.jpg,34719728,BV1Gb411N77x,1540644317,2018/10/27,20:45:17,04:26,3855,10852,35726,4023,46644
花花与三猫：记录我家真实的一天，和四只猫羞羞的日常！vlog！,2568,2436929,//i1.hdslb.com/bfs/archive/34cc89a55be8cc8ad8f6618ab4d15dbee3837577.jpg,34632452,BV12b411P7Nu,1540555204,2018/10/26,20:0:4,05:09,8650,19101,52785,8928,66813
从没见过老鼠的猫咪，看到老鼠之后发疯了，满屋子追着跑！,2190,1233575,//i1.hdslb.com/bfs/archive/24e77c8468f6f86ceeffb931a7c74829282596d8.jpg,33891917,BV14t411Z73F,1539600026,2018/10/15,18:40:26,03:53,3170,5750,16188,2964,29335
短腿猫太矮，上厕所沾到了臭臭，主人被臭的忍无可忍暴力洗屁屁！,2167,1825684,//i2.hdslb.com/bfs/archive/8bbe781635ec1e492624af702126cd7b4f3fb527.jpg,33254972,BV1DW41127wW,1538818645,2018/10/6,17:37:25,03:47,4248,9166,26295,6994,39427
铲屎官买只小猫回家，大猫看到是橘色的，瞬间惊恐！,2869,2035865,//i0.hdslb.com/bfs/archive/5dee11dc5216441c57a10a3c9e318ac391c66595.jpg,33088823,BV1FW41127QY,1538656538,2018/10/4,20:35:38,05:51,7821,10964,22237,6716,42406
给猫咪换上新衣服，主人感觉它开心到变形，猫：妈这个有点紧……,2489,1819778,//i1.hdslb.com/bfs/archive/4ff81dac1b3b957aebf2e10364056445e1de9370.jpg,32763161,BV1rW411S7a1,1538306206,2018/9/30,19:16:46,05:16,10417,13643,28533,11917,41145
人猫实验：把猫薄荷香水喷满全身，然后装死，猫咪会来吸我吗？,2283,1762622,//i2.hdslb.com/bfs/archive/8ca380c866dca0636012c39f0fe4c56e819b318b.jpg,32166457,BV17W411r7jm,1537530809,2018/9/21,19:53:29,04:26,4940,9052,22725,4049,36805
橘猫太能吃导致破产，铲屎官不得不卖猫，一块钱一斤有人要买吗？,2157,1608098,//i2.hdslb.com/bfs/archive/ceb1a28f2047e8ff220769717d75fd098054ccfb.jpg,32116412,BV1gW411r75i,1537456110,2018/9/20,23:8:30,04:08,3945,10194,24259,4002,37570
铲屎官给猫咪买了猫薄荷玩具，猫咪抱紧不愿放手，猫：这个是我的！,1627,1085022,//i2.hdslb.com/bfs/archive/fcee0fd3e016fab6fcacd33870de9ac798b6e6cf.jpg,31776033,BV1oW411r7Lr,1537007330,2018/9/15,18:28:50,06:16,4192,4927,13761,3090,25348
员工天天带宠物上班，老板不管反而支持，自己的猫也养在公司里（下集）,1590,1353655,//i2.hdslb.com/bfs/archive/8f8725ae3a92437ec697a5c7cfc8cfe14b6a435b.jpg,31328609,BV1oW411d7r5,1536395068,2018/9/8,16:24:28,06:43,3924,7147,14977,3600,27614
我在B站吸猫撸狗，员工带宠物上班，变成动物园啦！(上集）,1379,955378,//i1.hdslb.com/bfs/archive/98c5b72f9568d4b4568eea8c18cdf2a34437f026.jpg,31262389,BV1qW411d7eP,1536312771,2018/9/7,17:32:51,07:06,3798,6578,15678,3289,25602
奶牛猫两年没洗，洗澡时差点把房顶掀翻，铲屎官满身抓痕！,3520,2142492,//i2.hdslb.com/bfs/archive/45103bfe3e21826d19b1df347fb0eadca386cf97.jpg,30274429,BV1WW411D72Y,1535182041,2018/8/25,15:27:21,05:13,7374,13527,43069,8990,52790
铲屎官和猫咪一起吃海鲜大餐，这猫家里有矿！,3635,2996349,//i1.hdslb.com/bfs/archive/9b8e314d2c887d237b600e17fe69805ae09a5ce9.jpg,29267357,BV19s411T7Jj,1534162373,2018/8/13,20:12:53,04:48,8823,12973,28378,10156,48260
小橘猫初次吃猫薄荷，一脸迷醉爽不停，吸飘了居然敢打大哥！,5242,4412744,//i2.hdslb.com/bfs/archive/cc8e889b7b5802145da67c567e71461fdc5f50fd.jpg,29010362,BV1Ls411u7gx,1533893578,2018/8/10,17:32:58,03:56,6739,24995,36432,22492,54952
猫咪被忽悠去绝育，悲痛留下泪，回家兄弟还炸毛嫌弃它！,5877,2690738,//i1.hdslb.com/bfs/archive/bc2103111bf404a7eef8fa54721a3f06edbf395d.jpg,28923355,BV1zs411M7Ms,1533807197,2018/8/9,17:33:17,05:15,13149,11014,19365,8646,38393
猫咪绝育前体检，以为要被鸽蛋，结果被剃了一大坨胸毛，丑哭了！,2761,1272320,//i0.hdslb.com/bfs/archive/48f8f91f601f007b058d65627b028b509b2bee1c.jpg,28819358,BV1os411g7BW,1533703464,2018/8/8,12:44:24,04:32,4245,4468,9706,3353,20674
铲屎官撸秃猫咪，做成毛毡猫蛋蛋，橘猫：离了吧，日子过不下去了,2051,2371215,//i0.hdslb.com/bfs/archive/aee71fc2b91f850d9463944f206ced73d91514ad.jpg,28433150,BV18s41137hV,1533290704,2018/8/3,18:5:4,04:05,4528,12697,16853,7634,31497
up主50万粉一家五口穿女装，猫咪女仆咖啡厅了解下？,3426,1803649,//i1.hdslb.com/bfs/archive/914254126985bd65213f580f7bae1c09ddba5154.jpg,27932588,BV1ys411A7sA,1532760661,2018/7/28,14:51:1,04:06,11253,19020,58302,11774,49767
小橘猫喵生首次剪指甲，吓到眯眼睛，结果睡着了统统剪光！,1952,1421868,//i2.hdslb.com/bfs/archive/bbc6975117eb3ea618a0eb95276a7d1ead247354.jpg,27782146,BV1ts411N7zk,1532600259,2018/7/26,18:17:39,03:06,3195,9382,13441,7527,23758
橘猫第一次刷牙超凶，牙没怎么刷干净，牙膏倒是快被吃光了！,1801,1119688,//i1.hdslb.com/bfs/archive/e2d5689340f7fb608ae844bf821ecb964c66934f.jpg,27386629,BV1us411K71Q,1532165188,2018/7/21,17:26:28,04:23,5227,6198,11929,3797,19736
铲屎官为训练橘猫性格，竟让朋友到家轮流强吸，嘤嘤喵生太艰难！,1656,1027830,//i0.hdslb.com/bfs/archive/647c21bc0147311fce68e319f8c5c9a507805a57.jpg,26914833,BV1ws411n7HY,1531641652,2018/7/15,16:0:52,05:10,4906,8189,16103,6423,23143
橘猫因贪吃被骗打针，全程狂吃被扎毫无波动，医生：十年难遇的橘猫天赋！,1997,3190648,//i1.hdslb.com/bfs/archive/9f9649e61ace07cdf66e95551ddad518e8db9d99.jpg,26334388,BV1Ls411p7KT,1530947801,2018/7/7,15:16:41,04:09,5339,12894,28518,6979,35268
猫咪拒绝吃驱虫药，护士姐姐生气了骑在猫身上，手起手落药已入喉,1353,1125972,//i1.hdslb.com/bfs/archive/f4e05667ac366c93c21d12a47fbcacc609196c38.jpg,25819418,BV1Vs4115723,1530271486,2018/6/29,19:24:46,04:08,2435,6239,13571,2884,17744
铲屎官花3000给新猫装扮猫房，大猫嫉妒无比来捣乱，凭啥我没有！,1129,1222801,//i0.hdslb.com/bfs/archive/2c1881f6fcc7ffcfb3c61be517fd713f81672eca.jpg,25522417,BV1ss411L745,1529842342,2018/6/24,20:12:22,04:27,2491,7541,16923,3469,21674
短腿小橘猫开箱，腿只有手指长，吃的却比大猫还多！,2832,3661847,//i2.hdslb.com/bfs/archive/c24e8f1be574065fc536c113221b569ee197725f.jpg,25381761,BV1Hs41177EC,1529660608,2018/6/22,17:43:28,04:12,8483,26670,21302,21031,38293
小橘猫第一次打针，嘤嘤嘤还咬人，拿出吃的瞬间乖巧！,1670,1599677,//i0.hdslb.com/bfs/archive/dfa186b8abf48a6e90bdc3e8400878b1199d06b4.jpg,25013093,BV1NW411c7b4,1529143981,2018/6/16,18:13:1,04:47,3701,17860,18691,9745,26377
妹子养了4只哈士奇9只猫，只好成为抖音网红，结果暴涨300万粉丝！,1020,1217863,//i2.hdslb.com/bfs/archive/12a5ddd5725160ae760ccc1c2b3292f8293997a0.jpg,24653824,BV1oW411c7mt,1528626444,2018/6/10,18:27:24,03:47,3083,6217,5130,5731,16222
家里来了只小橘猫，大猫们直接炸毛：丢出去！它会吃穷咱家的！,4002,5907137,//i0.hdslb.com/bfs/archive/39198e51adb969ceda972cd55ae5b9aca943aff8.jpg,24543540,BV1PW411P7DR,1528443515,2018/6/8,15:38:35,04:27,13941,39144,34879,31033,72396
小猫咪飞了2000公里去新家，老猫看见这个色号就疯了！,1636,1822456,//i1.hdslb.com/bfs/archive/aa1ddda2dbc138c1016ba7c8d1df5da023d2deee.jpg,24194212,BV1dW411P7Z6,1527769068,2018/5/31,20:17:48,04:24,3310,12410,10590,5439,23308
用张学友和VAN的表情包嘲讽猫咪，结果被追着打，猫：你才食屎！,1027,1263931,//i2.hdslb.com/bfs/archive/54baec8f1fff52261d1c1884ee2348184c59bcfd.jpg,24073641,BV1Tp411d7wQ,1527516390,2018/5/28,22:6:30,03:54,2496,7928,7784,2594,15409
惊了！猫屎盆里居然长猫草了！猫：好吃真香，就是味儿有点怪...,501,722361,//i0.hdslb.com/bfs/archive/f3c1b7891294ed86a279d564d26748939cbccdd7.jpg,23604973,BV1Yp411d7AZ,1526649264,2018/5/18,21:14:24,04:50,1570,5290,16073,1330,20225
猫看着主人变成哈士奇后…奶牛猫：很皮,714,712560,//i2.hdslb.com/bfs/archive/6e08fc45d3b62a9ce73e1972a69850b9948ff10f.jpg,22983167,BV1GW411G7Fq,1525445649,2018/5/4,22:54:9,03:59,1831,6070,7553,2444,13612
如何用纸箱诱捕喵星人？！每天吵着要偷我家猫的人，你倒是来学下啊？@花花与三猫CatLive,1118,870002,//i1.hdslb.com/bfs/archive/d47d25446bfe6ac4575fa6b9398a0d2d341d791d.jpg,22690374,BV1HW411V7re,1524919677,2018/4/28,20:47:57,04:31,2246,8421,13034,1687,20612
铲屎官对着猫咪吹泡泡，偷加了猫薄荷成分，主子玩疯了爆一脸！#铲屎的，你走开# @花花与三猫CatLive,527,1093491,//i2.hdslb.com/bfs/archive/c5c4c4ac261a1ca7de03fbb74cfab961b4cb7332.jpg,22489216,BV1cW411L7kB,1524491158,2018/4/23,21:45:58,04:01,1666,5434,6200,1294,13339
猫：如果你不给我草莓吃，我就让野食小哥做我的铲屎官！@花花与三猫CatLive,714,923932,//i2.hdslb.com/bfs/archive/671c3d7dffe32254358c6097f0e9919ea783ff81.jpg,21567227,BV1qW411T7nF,1522682193,2018/4/2,23:16:33,04:30,1715,2952,3835,578,10512
猫咪为了抢主人的零食吃，对猫弟弟大打出手！小猫咪没办法委屈无比！@花花与三猫CatLive,491,793085,//i2.hdslb.com/bfs/archive/e21fad8434e0585b010b5cf982fd6dd27be3a4a0.jpg,21421673,BV1pW411u7An,1522412753,2018/3/30,20:25:53,03:04,1212,3799,13555,1137,14931
猫咪生日那天惨遭绝育，内心无法接受便装死，主人和医生都吓哭了！@花花与三猫CatLive,5201,3413446,//i2.hdslb.com/bfs/archive/0cc8c377fc497a3e4402825a2154f699ac8a0631.jpg,21136385,BV1mW411g7KK,1521817408,2018/3/23,23:3:28,05:04,12624,19159,20380,16821,44963
心疼！怀孕被遗弃的流浪猫妈妈，喵生第一次吸猫薄荷在废墟打滚......@花花与三猫CatLive,1752,580232,//i0.hdslb.com/bfs/archive/a5ba8594cfb3a840996f7d148a81fc7d0a5caf8c.jpg,20835754,BV1bW411p7oy,1521193657,2018/3/16,17:47:37,05:30,2078,6835,44916,2041,28089
【我在故宫吸御猫】猫薄荷和逗猫棒！让老北京一脸懵逼的故宫玩儿法！@花花与三猫CatLive,1280,956572,//i2.hdslb.com/bfs/archive/9c497d2384adf7f82ba45ec02e8d769b80b591be.jpg,20561975,BV1UW411W7E9,1520598948,2018/3/9,20:35:48,12:32,5606,13756,12510,5380,19305
猫咪感冒去医院被逼测肛温！流下痛苦的泪水。医生：嘿嘿，多来几次就习惯了！@花花与三猫CatLive,509,993351,//i2.hdslb.com/bfs/archive/cc14cde523dd6528311243a2ecf157c68d4f327e.jpg,19630984,BV13W411J7cB,1518689776,2018/2/15,18:16:16,03:42,1330,3010,3403,617,11445
老爷爷投食高架流浪橘猫2年，记录超难救猫全过程，神似广西电瓶领袖！@花花与三猫CatLive,581,321965,//i2.hdslb.com/bfs/archive/9d4bc8c3c623d6004e3e9fc971552bef2b3d6e9a.jpg,19560396,BV1zW411E7Qy,1518536872,2018/2/13,23:47:52,03:51,1369,1834,6828,473,14650
千万不要给猫咪听猫叫模拟器，本来以为没卵用，结果居然发情了...@花花与三猫CatLive,1961,3763988,//i1.hdslb.com/bfs/archive/5328af1c35ed193793e0dbd29537cc8c5dfad687.jpg,19328088,BV1MW411n7hT,1518104102,2018/2/8,23:35:2,03:57,4872,17040,11838,5783,28757
猫咪闻了螺蛳粉后疯狂刨地！猫：救命！铲屎官要逼我吃屎！@花花与三猫CatLive,1425,1434653,//i1.hdslb.com/bfs/archive/3ff7b601734d642dc7ee46279dc21be7a3e38203.jpg,19056668,BV14W411H7Jx,1517583093,2018/2/2,22:51:33,04:48,3945,6378,8087,5752,18581
看见这猫的舌头后，我居然想做它女朋友，怎么能这么可爱！？@花花与三猫CatLive,552,304304,//i2.hdslb.com/bfs/archive/c4fb4b200f55879c5e23fb6e994741ef76fd2bb7.jpg,17990118,BV1zW411B7oo,1515149396,2018/1/5,18:49:56,02:29,954,2828,3642,696,6451
圣诞节到了，公猫们也开始被迫穿起了女装...被女主人彻底玩儿坏了@花花与三猫CatLive,539,355391,//i2.hdslb.com/bfs/archive/e87eab7990eae5b30b66bc3e1f0099511926bb54.jpg,17552072,BV1XW411877H,1514040180,2017/12/23,22:43:0,04:27,1483,2243,3785,1118,6379
猫咪怒吸猫薄荷棒棒糖，竟然开上扫地机器人飙车？！@花花与三猫CatLive,524,652382,//i2.hdslb.com/bfs/archive/6676a45eb2deb2bc9a9c311ba11ab1166349fdfa.jpg,17103316,BV15W411h7hy,1512831630,2017/12/9,23:0:30,04:18,1586,4185,5075,1685,8449
我们在有5000只流浪狗的山上，救出了一只猫咪@花花与三猫CatLive,2375,687938,//i2.hdslb.com/bfs/archive/6788d94ecb29c23eee8ac6db202208182c90c52f.jpg,16875734,BV1oW411a76X,1512216400,2017/12/2,20:6:40,05:31,5073,10697,26799,4398,27532
猫咪用生命反抗洗澡，气到脸变形，女主人说要给奶喝瞬间乖巧！@花花与三猫CatLive,1250,1442605,//i2.hdslb.com/bfs/archive/6803a52be536ab79cdf1d3e413b1e85d2a09e1f0.jpg,16623532,BV1Px41157rW,1511518540,2017/11/24,18:15:40,05:40,3517,14376,14085,3125,27534
主人给猫咪喂药，喂药器猛的一下塞进喉咙就完了，猫咪一脸懵逼？@花花与三猫CatLive,484,556750,//i0.hdslb.com/bfs/archive/77fa4ebefeee91b13864510991b12c771a3ba3a0.jpg,16587611,BV1Xx411V7xE,1511410792,2017/11/23,12:19:52,03:01,891,2930,3405,1193,6446
当扫地机器人遭遇逗比猫咪，被玩弄沦为逗猫玩具，有钱真的可以为所欲为！@花花与三猫CatLive,421,352529,//i2.hdslb.com/bfs/archive/8c7503d8cb022efc734641dd328375718d2d3e77.jpg,16193501,BV15x41177hg,1510312740,2017/11/10,19:19:0,04:32,1738,4550,10387,2121,9118
猫咪撒娇不想剪指甲，下一秒就被戏精女主人辣手摧花剪个精光，猫咪一脸懵逼...@花花与三猫CatLive,306,400867,//i0.hdslb.com/bfs/archive/af7c9f6de2f33e23de2bc7046972d8254c71726d.jpg,15969654,BV11x411E7rV,1509706855,2017/11/3,19:0:55,03:15,832,3626,4289,1134,6393
猫咪拒绝少女掏耳朵，瘙痒难耐，不要把奇怪的东西伸进去啊啊啊啊爽... @花花与三猫CatLive,485,556463,//i2.hdslb.com/bfs/archive/aa64ef20394affd4d78ba8e96d8286f0f3730eef.jpg,15599971,BV1Ux411M7DQ,1508592187,2017/10/21,21:23:7,04:20,1422,4590,5099,911,8612
女主播斥巨资给网红猫过生，豪华酷炫生日party，人看了蛋糕都想吃！,418,511660,//i2.hdslb.com/bfs/archive/eed0f769d87cbfb191dcd139bbdda577a5a686fe.jpg,15464864,BV1Bx411g71U,1508173738,2017/10/17,1:8:58,02:55,1302,2111,4238,406,7618
猫咪被拖去洗澡，彻底疯了，四个人一起上还搞得筋疲力尽...@花花与三猫CatLive,835,1517133,//i0.hdslb.com/bfs/archive/50f40b0cadb04c44dc6cdcad06c1b8ccfd7a109e.jpg,15356294,BV1Kx411g7kt,1507896797,2017/10/13,20:13:17,04:08,2488,6708,8875,2903,16039
不忍直视，猫咪女主人丧心病狂，把猫当做成礼物送网友【10w粉丝礼物】@花花与三猫CatLive,9386,570084,//i0.hdslb.com/bfs/archive/818a08eb5ac1d08e804e57a31119b04bad999c77.jpg,14355495,BV1qx41147cE,1505053048,2017/9/10,22:17:28,03:48,2257,2572,4764,587,7622
女主播给猫咪吸了猫薄荷棒棒糖！后果不堪设想，猫群疯了场面一度失控,1373,1719063,//i2.hdslb.com/bfs/archive/bf9a36469b5160cfd854faca6b96f843868d060b.jpg,14069734,BV1Sx411t7UL,1504268297,2017/9/1,20:18:17,04:29,4609,18577,8812,12671,10164
给猫咪做大保健，完事儿躺在女主人怀中，舒服到灵魂出窍,585,657165,//i0.hdslb.com/bfs/archive/54e242b4b3a1d07a325ddfee3296988f571874db.jpg,13485683,BV1Jx411J7wF,1502988480,2017/8/18,0:48:0,02:24,1025,4313,6588,1743,8568
猫咪不愿意打针，以为是绝育疯狂抵抗，女主人一招让它乖乖就范！@花花与三猫CatLive,1201,1513813,//i1.hdslb.com/bfs/archive/e91c48c600b77ba66763234e264c3f6908c7bf32.jpg,13279491,BV1Tx411H7f4,1502541187,2017/8/12,20:33:7,04:17,4166,11870,10811,5931,9848
猫咪吸了猫薄荷后，飘飘欲仙狂躁无比，猫咪：我感觉自己飞大了！@花花与三猫,1390,1718511,//i0.hdslb.com/bfs/archive/f135999c0688b6710770660fbcd77e300b7e1bab.jpg,13000900,BV1Vx411p7gT,1501952050,2017/8/6,0:54:10,02:24,2276,8553,4709,8735,9142
小奶猫睡觉被吵醒，又萌又凶，气鼓鼓叫个不停，你准备好被萌出血了吗？,2296,2422104,//i1.hdslb.com/bfs/archive/f3c965625dec6e426ba9e966529870b2a68f34b3.jpg,12886457,BV1mx411H7Rj,1501699029,2017/8/3,2:37:9,03:22,7277,16718,18710,9794,23038
哥哥那里不可以的...喵星人激烈肉搏，哲学实力不可小窥！,621,937051,//i2.hdslb.com/bfs/archive/b8097d9a98974cc915415898e86b295271d90887.jpg,12800352,BV1Xx411W7bL,1501500579,2017/7/31,19:29:39,02:20,2121,9339,5784,4506,13158
流浪猫咪被集体绝育，救助人员：这是善后的第一步,1853,310366,//i1.hdslb.com/bfs/archive/24fcc2f5e797291a62c12fcaa58bc5a2ac6f5ef0.jpg,12689046,BV14x411W7LW,1501252083,2017/7/28,22:28:3,02:51,1109,1553,5688,518,4837
为了让猫上天，养猫少女在家里钻了几十个洞洞，房东看了想打人！,665,713219,//i2.hdslb.com/bfs/archive/9a778da881856c0eec2b9adefd24371854faacab.jpg,12043881,BV1mx411z7Zg,1499602516,2017/7/9,20:15:16,04:04,1629,3399,4675,712,10582
流浪猫被热油毁容，当我们还在怕的时候，姑娘却坚持要带它回家@花花与三猫CatLive,1218,482206,//i0.hdslb.com/bfs/archive/b3c2ab6954a9849c70c9fc301b9ba2583dd46a29.jpg,11978822,BV1tx411z7cW,1499426121,2017/7/7,19:15:21,03:34,2885,2049,6859,854,8631
喵星人也有地域歧视！小奶猫被本地哈士奇猫天天欺负，地头蛇太霸道了,444,935392,//i2.hdslb.com/bfs/archive/6e074eda3869a409bbe89384f538bdda1855d7ad.jpg,11842294,BV1ox411B7EN,1499057819,2017/7/3,12:56:59,02:11,1842,4776,3823,1846,12859
女主播成功拐骗小猫回家，喵星人居然认贼做母！,981,915884,//i1.hdslb.com/bfs/archive/62851c407bd379c7d6cc49f731c1c710bf79ae01.jpg,11537865,BV1wx41167DM,1498139284,2017/6/22,21:48:4,02:24,2765,5045,3426,1795,8812
猫咪车祸被主人扔路边！女孩救助花光身上几千块钱，还给了它温暖的家@知猫志,1432,597689,//i1.hdslb.com/bfs/archive/b2249f736bf9c2d24335fb71abf73a6a64abb2d4.jpg,11375203,BV1gx411h7SS,1497615893,2017/6/16,20:24:53,04:48,4021,4385,42460,1720,19568
危急救援！堕入20米深井的绝望猫咪，求你们不再散养了！@知猫志,1765,483253,//i2.hdslb.com/bfs/archive/4398785f65f85a78ab355065e987038bd207c9e2.png,11076260,BV1Jx411a72f,1496597026,2017/6/5,1:23:46,07:57,5257,3818,16531,1790,13975
少女白天惨遭魔爪，一气之下剪掉了他的........................指甲【养猫少女】,459,693802,//i0.hdslb.com/bfs/archive/a30643acd87a1c9b9aacc331b1d21157aef221fa.jpg,11000135,BV14x411e7N4,1496328045,2017/6/1,22:40:45,03:44,1501,3090,2726,1056,8197
甜粽子or咸粽子？呵呵，别争了，你活的还不如一只猫！【养猫少女】,533,683782,//i0.hdslb.com/bfs/archive/ee1460c42831cab5028875403e0be3b4fd5c3b8c.jpg,10940668,BV1ux411e7aB,1496129755,2017/5/30,15:35:55,04:54,2080,2979,4965,753,11350
【养猫少女】超美小猫到家，四只大猫轮流暗中观察、欺负，各怀心机......,778,1108933,//i0.hdslb.com/bfs/archive/d2bfd43fbfd0bdb202642b5bd7db8e6aa93dc9b5.jpg,10843086,BV1zx411Y7a6,1495804628,2017/5/26,21:17:8,03:22,1816,4201,4795,1443,13415
【养猫少女】公猫被绝育之后，还能硬♂朗吗？没蛋蛋也能有幸福生活！,446,853824,//i1.hdslb.com/bfs/archive/3e40f00b001ea4e8f966b78b4891bc36381cd14c.jpg,10806353,BV1tx411Y7NG,1495658668,2017/5/25,4:44:28,03:35,1975,3465,3535,1247,12066
【养猫少女】领养了只像哈士奇的猫！弄哭了女主人，她经历了什么...,1410,1941264,//i0.hdslb.com/bfs/archive/1def15cc011935cb11407be2d3a634e00c8b6ff9.jpg,10648328,BV1Jx411v7W7,1495105125,2017/5/18,18:58:45,04:06,4250,8302,8972,2729,25924
【养猫少女】猫咪被绝育，女主人悲痛欲绝全程记录，竟然做成搞笑记录片！？,4151,2923569,//i0.hdslb.com/bfs/archive/5bed79c5a4131479069baadf09af2f5c5c350039.jpg,10432957,BV1Dx411m78S,1494316615,2017/5/9,15:56:55,04:08,11562,16099,14092,9519,36622
