﻿title,comment,play,pic,aid,bvid,created,date,time,length,video_review,favorite,coin,share,like
看见声音，你的耳朵几岁了,851,142530,//i1.hdslb.com/bfs/archive/20ad37004d079eb912a1a9bbd15f1af0e5eb8a31.jpg,201117180,BV1bz411e7zJ,1592215494,2020/6/15,18:04:54,6:32,1717,3284,6430,1188,14359
相机大战的幕后故事,665,251358,//i2.hdslb.com/bfs/archive/db3e2436f911b7e23ed987807f24b8f6845d653d.jpg,498516633,BV1BK411p7Nb,1592118026,2020/6/14,15:00:26,12:32,1636,4616,11211,1125,27299
相 机 大 战,4164,1638598,//i0.hdslb.com/bfs/archive/67c3bbae0eec01a1783f35851649724cb4c408bd.jpg,371067145,BV16Z4y1H7NG,1592031651,2020/6/13,15:00:51,5:34,9738,79308,203986,24647,225110
【影视飓风】一英寸的徕卡模块化运动相机？！Insta360 ONE R评测,413,178649,//i1.hdslb.com/bfs/archive/97e114076f289cd6d93d246153a59883d6b67475.jpg,328397859,BV1UA411q7KS,1591927209,2020/6/12,10:00:09,16:06,1599,3169,5314,2313,11998
10分钟拍大片挑战！[LKs+影视飓风+十音+林海音],2656,667326,//i0.hdslb.com/bfs/archive/8bfdecb678dd04d43bff291923f6bc527f625da3.jpg,968416962,BV1Zp4y1S7i3,1591435800,2020/6/6,17:30:00,25:22:00,29873,22809,57216,12096,71644
《伙伴》——致我们尚未远去的童年！,1865,647094,//i2.hdslb.com/bfs/archive/a91ccf1d9462754064ebc40a6c86781281cdb469.jpg,540773074,BV1di4y1479u,1590930031,2020/5/31,21:00:31,3:48,2845,10766,16176,6687,41672
【4K 120FPS】你的设备顶得住吗？4K120帧技术演示片,4272,936304,//i1.hdslb.com/bfs/archive/7a6ed973e7bc8551091b149399e9d99aa736e9da.jpg,883362563,BV1fK4y1t7hj,1590663567,2020/5/28,18:59:27,4:56,8507,20158,11691,7507,26360
【4K 50FPS重制版】B站的帧率提升了！4K 120FPS！,880,209343,//i2.hdslb.com/bfs/archive/8e1c004d4b73e2bafc748492964e057ba8174acf.jpg,413273169,BV1xV411C7UF,1590658223,2020/5/28,17:30:23,11:09,1107,4530,8151,1139,15259
【硬核科普】全“绿”的游戏 - 为什么用绿幕？,533,339255,//i1.hdslb.com/bfs/archive/d802239e43c16af4539119cca2308e6ae0f7df06.jpg,625789756,BV14t4y1C7Lf,1590544831,2020/5/27,10:00:31,9:56,2672,9060,21716,1035,36129
【影视飓风】NETFLIX认证的首台微单？松下S1H评测,679,232248,//i2.hdslb.com/bfs/archive/9baf528c82433e34d85e9ccf86167ea2b1fd3211.jpg,413172939,BV1oV411k7uE,1589940046,2020/5/20,10:00:46,14:52,2129,4046,14427,1135,21480
【硬核科普】猫咪奔跑的秘密 - 时域采样,1380,814030,//i1.hdslb.com/bfs/archive/7ddb91bece7cfdaf54e1187c64925d780d98068b.jpg,840517636,BV1d54y1Q7r6,1588939785,2020/5/8,20:09:45,6:56,2933,20200,56552,3154,91035
【硬核科普】焦段是什么？,632,311493,//i0.hdslb.com/bfs/archive/abdae512223ac8cd886b278ce2dc940c6a00a331.jpg,497921476,BV1nK41157no,1588230158,2020/4/30,15:02:38,6:44,1791,10443,19029,2158,29965
【影视飓风】精准刀法下的优秀无人机？Mavic Air2上手体验,1007,277701,//i1.hdslb.com/bfs/archive/3e8ad3521e301e818f316d93532df0f0de782286.jpg,370384611,BV1VZ4y147wF,1588127856,2020/4/29,10:37:36,7:17,1977,1934,4302,1743,13298
【影视飓风】4K之下的显微摄影,1059,337012,//i0.hdslb.com/bfs/archive/852994bd65e5c9265fbb2b8e72ebe9d3bcb303f1.jpg,840405669,BV1554y1R7Mm,1587866431,2020/4/26,10:00:31,7:52,2078,5957,15823,2140,27030
【影视飓风】4K演示片——B站的画质提升了！,5127,1196850,//i1.hdslb.com/bfs/archive/64e357e0db6cf8915d1ba9a40367ce55c6c9da59.jpg,412878419,BV1QV411R7d1,1587622978,2020/4/23,14:22:58,11:09,11485,24895,29249,10303,62290
【影视飓风】B站也能看全景视频啦！,1455,325140,//i0.hdslb.com/bfs/archive/b7b057f21c6bad5e768de690ff7db2a0c5819e79.jpg,412892602,BV1RV411R79V,1587621619,2020/4/23,14:00:19,3:40,1399,5917,8738,2994,14920
400w粉情侣up主给你推荐奇怪的书籍【4·23世界读书日特辑】,875,399264,//i2.hdslb.com/bfs/archive/0bb3874a3e73268e84209c1de08f2d8e55af977b.jpg,625333645,BV1bt4y127dE,1587471623,2020/4/21,20:20:23,9:55,2999,5669,5236,726,31616
【干货】一小时上手达芬奇剪辑！第八集 秘传技,554,118510,//i1.hdslb.com/bfs/archive/7d0ab9aed7870af844e147d217f2baf276d7c9ff.jpg,795276392,BV1FC4y1x7GJ,1586859846,2020/4/14,18:24:06,8:48,650,7067,7912,368,10152
【影视飓风】B站画质第四的UP主是怎样做视频的?,1370,478622,//i2.hdslb.com/bfs/archive/7e30633db9348d7659414700ee763096709a56b3.jpg,200221458,BV1Kz41187Pe,1586126403,2020/4/6,6:40:03,15:08,10669,17731,34325,4856,44775
我抛弃了RED，选择了它,1123,222105,//i2.hdslb.com/bfs/archive/67f3a9d5113d0fe0577a557b67b015f650516d4d.jpg,837577902,BV1kg4y1b75B,1585721128,2020/4/1,14:05:28,2:59,1846,1323,3535,1184,14122
【干货】一小时上手达芬奇剪辑！第七集：快捷键,429,90691,//i2.hdslb.com/bfs/archive/59f1e543239f50b2e1c98b0b0b64240ca86f0fd1.jpg,967500636,BV1Ep4y117KA,1585713871,2020/4/1,12:04:31,7:46,460,6906,6774,231,9346
【硬核科普】奇妙的帧率增加了！,1861,716595,//i0.hdslb.com/bfs/archive/72166a2db094f0784a40ba5b925b260ee31f39cf.jpg,98054105,BV1kE411c7yZ,1584756429,2020/3/21,10:07:09,10:15,3571,42649,78001,7568,94240
【干货】一小时上手达芬奇剪辑！第六集：软件交互与工程打包,507,119991,//i1.hdslb.com/bfs/archive/80844d50522c3ca84f2eb1d59040269fc815664f.jpg,96810120,BV1A7411Z7PU,1584365952,2020/3/16,21:39:12,7:26,685,7849,8453,457,11363
【4K 120FPS HDR】拍摄一部高帧率短片是什么体验？,1998,592648,//i0.hdslb.com/bfs/archive/a803af529a034feec5128dd002b731e75f939af6.jpg,95747416,BV1RE411V7Af,1584019717,2020/3/12,21:28:37,13:31,15152,17814,43540,9580,46435
【干货】一小时上手达芬奇剪辑！第五集 关于变速的一切,377,102555,//i2.hdslb.com/bfs/archive/c170d64ad0afae0d3bd528c451d6f835f5b45762.jpg,95477732,BV1GE411L7rT,1583925246,2020/3/11,19:14:06,8:20,500,7726,9014,306,10744
【干货】一小时上手达芬奇剪辑！第四集 快编界面,469,126335,//i0.hdslb.com/bfs/archive/600940345ff67f4e3278882280d0a78f68016090.jpg,94398039,BV1kE411u7cK,1583578224,2020/3/7,18:50:24,7:41,801,8902,11099,445,12789
【4K 120FPS HDR】OPPO FINDX2屏幕技术演示片——The Origin,996,280230,//i1.hdslb.com/bfs/archive/bdcb5481043e3da91d09962da7aa6c436f097e91.jpg,94188974,BV1VE411p7SD,1583498580,2020/3/6,20:43:00,4:56,1305,3765,5156,2070,11933
【干货】一小时上手达芬奇剪辑！第3.8集 智能媒体夹与双时间线剪辑,484,133766,//i0.hdslb.com/bfs/archive/e805e167bc378ac3a1eed4b8505191981f3cb46e.jpg,93376351,BV1dE411x79b,1583233249,2020/3/3,19:00:49,6:35,614,9269,11649,494,13001
【干货】一小时上手达芬奇剪辑！第3.5集：代理文件的生成,545,128544,//i2.hdslb.com/bfs/archive/8aa9ec891110e0d7f88c727a5ac788184aa84944.jpg,92202468,BV1W7411N7Nu,1582855250,2020/2/28,10:00:50,4:15,395,9479,10907,506,12366
【影视飓风】性价比最高的万元视频机？富士X-T4上手体验,1193,392713,//i1.hdslb.com/bfs/archive/1203ecbaef2f10f9d540d603259b8c789fdf9951.jpg,91919897,BV1m7411K72s,1582725642,2020/2/26,22:00:42,9:37,2491,4290,10920,3523,20108
【干货】一小时上手达芬奇剪辑！第三集：添加效果与关键帧,996,233809,//i2.hdslb.com/bfs/archive/c9fa7971ad95ef638734a4ab3e5fe4f7dd0543d9.jpg,91200016,BV1s7411F7JV,1582509654,2020/2/24,10:00:54,9:21,1658,17574,23772,1003,22847
【干货】一小时上手达芬奇剪辑！第二集：剪辑面板,1052,319826,//i0.hdslb.com/bfs/archive/69361decf29091cb64656e804a2f4b8b5b9f7658.jpg,90223727,BV1b7411A75j,1582164355,2020/2/20,10:05:55,9:03,1494,26190,38869,1676,33969
【干货】一小时上手达芬奇剪辑！第一集：入门简介,1960,772899,//i0.hdslb.com/bfs/archive/2098616e20a0b2a5687a87ab59dbfbb4d4adf986.jpg,90251619,BV1B7411A7M1,1582164016,2020/2/20,10:00:16,8:14,2744,73389,84252,9468,73061
【预告】一小时上手达芬奇！,2795,367856,//i2.hdslb.com/bfs/archive/7c6385b97c59631944baac3947697c867fff152e.jpg,90173725,BV187411j7ab,1582115284,2020/2/19,20:28:04,3:06,5145,31244,86418,6611,65180
【上升】把相机送出地球背后的故事,338,185898,//i2.hdslb.com/bfs/archive/45a229450286eeb53c2c78eb06f246a2ba55c6de.jpg,84897430,BV1s7411Y7Uo,1579917600,2020/1/25,10:00:00,11:38,1000,14,4962,221,2511
升空30000米，我们把相机送出了地球,5340,1792610,//i2.hdslb.com/bfs/archive/766f1804cfce9fa47904f04ffe646d505becff7f.jpg,84178790,BV1M7411v7uX,1579485599,2020/1/20,9:59:59,14:28,49305,232,138076,1554,12640
【影视飓风】预告：上升，带着所有人的梦想,980,242370,//i1.hdslb.com/bfs/archive/f0bf6487aab51bb0a895fb77a813b9d9c4c43e17.jpg,83836061,BV1BJ411E7uM,1579399200,2020/1/19,10:00:00,1:32,711,8,5059,252,4640
【RoomTour】在杭州4000元租到130平的房子，居然还有猫卧室？,890,495455,//i0.hdslb.com/bfs/archive/79b2bcf3930276dd91819ea606ef3903879e6cdf.jpg,82417169,BV1PJ41157h5,1578373053,2020/1/7,12:57:33,12:27,2965,6088,8009,6064,18457
【WhiteTalk第一季】No.1“视频一定是5G的第一个爆点” 与影视飓风聊聊5G爆发前夜的未来影像,1273,422834,//i2.hdslb.com/bfs/archive/f84fa4a590d336b727232fb3f2ee249a2b6c2eb5.jpg,79617676,BV1DJ41167Nu,1576843215,2019/12/20,20:00:15,29:57:00,8323,5419,13084,1872,19451
【影视飓风】2019年的最佳Vlog相机？佳能M6 II评测,971,406549,//i1.hdslb.com/bfs/archive/6b4748dae733ad3d081886bf7e5261409f3c35e9.jpg,79844733,BV1vJ411t7Yd,1576749535,2019/12/19,17:58:55,9:09,2548,7320,13855,3483,19126
【影视飓风】GoProMax评测：全景相机的救赎,303,198427,//i2.hdslb.com/bfs/archive/7efd1eec75bbb1fbae3bb58812a7ba93a3358496.jpg,78946356,BV1ZJ411k7Qi,1576120056,2019/12/12,11:07:36,11:24,1220,2431,7663,1166,10849
【Vlog】和UP主巨石强森线下面基,746,733232,//i1.hdslb.com/bfs/archive/5bb0acd2ae1ccb3c5568bf01431a715d080b63ad.jpg,78120578,BV1wJ411i7QH,1575524852,2019/12/5,13:47:32,26:05:00,3823,7523,12316,1692,27812
【Vlog】S9总决赛之后的我们,818,492429,//i1.hdslb.com/bfs/archive/3d8369fe5353fbec9268e8d031d4fa667b747141.jpg,77314169,BV1WJ41197p4,1574929042,2019/11/28,16:17:22,13:00,3328,7364,21917,3696,28384
【Vlog】在阿里巴巴达摩院工作是什么样的体验？,642,360221,//i2.hdslb.com/bfs/archive/0e5e0e62a25214fef461add0bcb1aa9f2c501fa2.jpg,76820864,BV1eJ411972R,1574563662,2019/11/24,10:47:42,10:28,2455,3796,7470,3057,15499
【影视飓风】#认识分镜#如何拍出脑海里的画面！,308,231865,//i0.hdslb.com/bfs/archive/f47eb696519f78a8e83bd1fc269753e495c4fab5.jpg,76324932,BV1zJ41117r6,1574215217,2019/11/20,10:00:17,5:39,475,10090,6703,2139,10069
【影视飓风】干货！成为广告导演，你将面对什么？,351,142095,//i0.hdslb.com/bfs/archive/b1a24cbd5136131f981f6799101a9cdeb6e64808.jpg,76040113,BV1kJ41127bp,1574042421,2019/11/18,10:00:21,11:07,638,3521,5139,1163,7066
影视飓风迄今为止最大规模制作——短片广告《高达工厂》幕后揭秘,484,243221,//i1.hdslb.com/bfs/archive/0f7d113062c85741091a24a7a59761f627a23894.jpg,74851782,BV1fE411i7JX,1573119567,2019/11/7,17:39:27,21:25,1400,3141,8191,2026,11883
【合作短片】认同感体系+幕后,682,223747,//i0.hdslb.com/bfs/archive/3ba4f02e34651e83d127fe6b3fa2aefb65dab57d.jpg,74178146,BV1zE41187nD,1572617387,2019/11/1,22:09:47,18:49,1317,5967,14517,3458,17172
【影视飓风】Mavic Mini评测:会飞的手机?!,915,331396,//i1.hdslb.com/bfs/archive/f768d1420a22e02b5c7fc1e82e35fb4e2298c8a6.jpg,73908827,BV1fE411h7od,1572440406,2019/10/30,21:00:06,12:09,3184,5138,17099,5747,20651
【物理特效】看见声音,1302,698048,//i0.hdslb.com/bfs/archive/dbb487c6e78ba6178fb0e5c2053dd0b056b0ba70.jpg,73088431,BV1CE41127dr,1571796049,2019/10/23,10:00:49,3:39,1635,35264,61464,6649,68707
【Vlog】在费城的48小时┆守望先锋联赛总决赛┆iPhone11Pro视频功能测试,581,225334,//i0.hdslb.com/bfs/archive/76ce1f2eb7da4ef855634f47f616ddb00ee99419.jpg,71419169,BV1WE411C7fq,1571217922,2019/10/16,17:25:22,15:35,2769,3079,8200,2054,11471
【影视飓风】GoPro HERO8 Black评测：挑战在前方！,2135,451240,//i0.hdslb.com/bfs/archive/387613c3d83df1928a9e3671cd3b23d8fcbaafd8.jpg,69750500,BV1oE411D7Co,1569998514,2019/10/2,14:41:54,11:31,6643,4948,15172,3999,20353
【影视飓风】8600块的键盘，值得吗？,820,472785,//i1.hdslb.com/bfs/archive/09428bd311706c30e1ab029ca6ae474db9130587.jpg,69005136,BV1oJ411K73D,1569460643,2019/9/26,9:17:23,10:44,4354,5629,13647,1719,24011
【影视飓风】我浪费了4万元买了这个破玩意-Edelkrone电控滑轨,933,472660,//i0.hdslb.com/bfs/archive/7e819cf86dcad9096fd0ad5eaaa5d39db5a1a897.jpg,68698001,BV1VJ411M74v,1569200424,2019/9/23,9:00:24,11:38,2384,3004,6089,1013,14807
【影视飓风】2019年我的包里有什么？,814,305188,//i1.hdslb.com/bfs/archive/3853eb5eceff9f94d8a52a76f8e9b2f7bb0d3850.jpg,67479048,BV1rJ411P75o,1568291083,2019/9/12,20:24:43,10:47,2699,5342,11656,1333,16188
【影视飓风】8700元的卡片机，值得吗？,587,251348,//i2.hdslb.com/bfs/archive/e882ab5c878ba1e93d56e9db458c3dea114abe08.jpg,66703342,BV1L4411y7Z7,1567675850,2019/9/5,17:30:50,15:44,1674,2304,6501,1164,10635
【影视飓风】用六千元的手机和六千元的微单拍视频画质有什么区别？,721,334353,//i2.hdslb.com/bfs/archive/e307f88c18cbee3d5adf4a33c3d9b5c0f6512b6d.jpg,65600106,BV1q4411B7rk,1566901804,2019/8/27,18:30:04,17:05,3689,2853,7363,1788,11265
【影视飓风】BMPCC6K评测：性能怪兽，问题仍在,722,312083,//i2.hdslb.com/bfs/archive/2c0976debdb269fc748bce9c7d31257d428486da.jpg,64145803,BV1w4411f7Q1,1566042331,2019/8/17,19:45:31,17:33,2145,3155,8235,2488,10558
【影视飓风】6K50FPS! BMPCC 6K实拍样片,1040,311080,//i0.hdslb.com/bfs/archive/61f4643317104fbe3e7f7e1d249d48ce16da48e3.jpg,63634581,BV1w4411D7vg,1565750825,2019/8/14,10:47:05,3:57,1522,5188,7801,3337,11573
【教程】20天，我们在工作室创造了微缩宇宙,840,304248,//i1.hdslb.com/bfs/archive/5b0fc9939f3868a327b1f5dca42fe293f39834f8.jpg,62681840,BV1Ft411N7T8,1565213616,2019/8/8,5:33:36,4:45,1500,5640,15731,1589,18964
【影视飓风】Tim在杭州2800元租到的公寓什么样？,1020,478476,//i0.hdslb.com/bfs/archive/3660a4f3d6934dcbfc0c7bd796dbaf01d20dc2ce.jpg,61425622,BV1Vt411c7dB,1564478818,2019/7/30,17:26:58,16:58,6096,4786,8239,2623,14089
【教程】我们在工作室创造了“毒液”,549,361901,//i2.hdslb.com/bfs/archive/6d776a4b6c5c132bddbbe34d40f82275de7ff810.jpg,60750310,BV1et411j7Yk,1564106420,2019/7/26,10:00:20,2:18,736,3919,5535,729,14224
【影视飓风】我们伪造了一次登月,1760,730576,//i1.hdslb.com/bfs/archive/235b8f3e430cc144346fe517f9eb4d74bc0404d8.jpg,60005360,BV1ft411n7We,1563619601,2019/7/20,18:46:41,16:07,509,16014,48492,5665,47971
【影视飓风】如影SC：正确方向的一小步,1654,211594,//i0.hdslb.com/bfs/archive/086a2e577e80b9ab51915bbfab681bb2ee646937.jpg,59669825,BV1ct41137Sm,1563426924,2019/7/18,13:15:24,13:35,3717,2124,5534,1354,7589
【影视飓风】用如影S一年之后，我们把它魔改成了这样,618,180987,//i1.hdslb.com/bfs/archive/8574d9f85332ed4f581971eca129748d363502a4.jpg,57825534,BV1u4411A7G7,1562232272,2019/7/4,17:24:32,14:09,1481,3234,7828,1548,8928
【影视飓风】想做UP上大学有意义吗？用这些钱买设备开频道会怎样？Feat.Kai W,734,182453,//i2.hdslb.com/bfs/archive/a3a6133cd501492f2fb85e52593af3286ccdfb71.jpg,57508725,BV1zx411X7hw,1561997172,2019/7/2,0:06:12,15:02,1579,3550,5968,1017,8418
【影视飓风】用10年前价值40万的电影机拍视频是什么体验？,902,415575,//i0.hdslb.com/bfs/archive/8b83188da60235e4eb58989c50038fefc5deab4e.jpg,56828886,BV1Vx411Z79e,1561473088,2019/6/25,22:31:28,8:55,1754,3748,6788,833,12794
【教程】用干冰做彗星？三个能用干冰实现的特殊效果,807,317617,//i2.hdslb.com/bfs/archive/d2d717b766a704702c1159e7d67e76324123eb59.jpg,56392411,BV154411u74b,1561167769,2019/6/22,9:42:49,2:49,604,13093,19482,2398,23070
【教程】别只用网易云了！影视飓风音乐资源大公开,2401,734853,//i0.hdslb.com/bfs/archive/5462825fef7d423ac36c8b60eed5c3dc9926f914.jpg,55569685,BV1c4411N7WG,1560512389,2019/6/14,19:39:49,10:23,1331,64218,41514,2905,42517
小白测评新工作室大解密！feat.影视飓风 对谈“我的自媒体”,422,183856,//i2.hdslb.com/bfs/archive/82afbaf279744ec480cfe43b647e73b6a3e15db6.jpg,54846733,BV1k4411K7sE,1559911223,2019/6/7,20:40:23,20:04,1509,1070,1961,417,5499
【影视飓风】使用一亿像素的中画幅相机拍视频是什么体验？,924,317355,//i1.hdslb.com/bfs/archive/2e11051d515a13d299c78005859b3977055b9054.jpg,54312929,BV154411n7Lb,1559440813,2019/6/2,10:00:13,10:01,727,2110,4508,1065,8345
片长警告！十万粉丝特别节目【B站摄影UP主图鉴】彩蜂摄影中国行VLOG,1009,340798,//i1.hdslb.com/bfs/archive/ecac8246b02f3d956f0af4a6997e68aa41f85b67.jpg,53769324,BV164411p7Rk,1558950491,2019/5/27,17:48:11,72:37:00,5161,5785,11616,1455,12359
阿盛将离开影视飓风(不开玩笑),940,272968,//i0.hdslb.com/bfs/archive/6762530c2155bf7229a8dbc5ac0666a530afbde9.jpg,53467369,BV1y4411L71d,1558705086,2019/5/24,21:38:06,5:26,1533,907,3527,439,8195
【Vlog】和粉丝挑战一天内学会Ollie |一加&VANS潮流快闪,397,143955,//i0.hdslb.com/bfs/archive/70d6a4692ec273de09aab10367a056c4153bc69f.jpg,53324796,BV134411L7TV,1558584591,2019/5/23,12:09:51,9:52,1260,752,2003,473,4607
【未来科技】Osmo Action灵眸运动相机：运动相机的一大步,4074,527511,//i0.hdslb.com/bfs/archive/6c35cf067a51537b812b656b6d0de8f102529199.jpg,52579266,BV1L4411J7JW,1557934785,2019/5/15,23:39:45,14:15,7694,16941,32860,8883,28063
【影视飓风】这个无线麦克风改变了一切 | RØDE Wireless Go,308,152017,//i2.hdslb.com/bfs/archive/30a52d308be326cc2233a9c819d73f89071828f8.jpg,52342558,BV1B4411a74R,1557726735,2019/5/13,13:52:15,5:54,779,1502,1473,711,3136
【未来科技】蔚来ES6体验：特斯拉Model3与奥迪S3车主的感想,1016,169150,//i1.hdslb.com/bfs/archive/011277f2fe6edf0f5af1885a9e4d96791b0f35e2.jpg,52026056,BV1a4411Y7f2,1557484011,2019/5/10,18:26:51,9:17,981,554,1118,655,2689
【影视飓风】最值得入手的500元Vlog相机 | 要啥自行车系列—索尼NEX5R,6705,303450,//i2.hdslb.com/bfs/archive/601621794101532de29ef85c3795654e0ce0cc46.jpg,51302429,BV1g441147nz,1556876418,2019/5/3,17:40:18,6:20,937,6328,6459,2663,8518
【拯救废片计划】我们在工作室里做出了龙卷风！,499,271477,//i2.hdslb.com/bfs/archive/eb928e7b674185ccd87bf8a74a4c79d452b92316.jpg,50571086,BV1B4411h7ii,1556290959,2019/4/26,23:02:39,4:53,885,4217,9942,746,13454
Vlog拍摄技巧大揭秘：拍好你的第一个Vlog,565,480118,//i1.hdslb.com/bfs/archive/27c12adf8f93f3729edc7049b5f1377c5e2e4725.jpg,50427188,BV1y441187TB,1556193635,2019/4/25,20:00:35,6:46,1493,28664,13348,4108,20536
【影视飓风】七个可以用身边物品实现的超级摄影技巧,687,191325,//i2.hdslb.com/bfs/archive/3437b355e92fe68eeed545ec3830f1c5e283d955.jpg,50275691,BV1Yb411G7nM,1556031342,2019/4/23,22:55:42,4:56,797,10349,11036,1273,12220
【Vlog】人生第一次坐直升飞机是一种什么体验？,829,276028,//i2.hdslb.com/bfs/archive/50ef41d6845c67c92297cd2974b0432d7d660948.jpg,49782346,BV1pb411L7g8,1555651012,2019/4/19,13:16:52,18:37,3372,5344,11418,2783,13140
【影视飓风】2019NAB特辑 | 爱图仕、Libec、PGY、致迅、铁头、罗德、国造TERRA……第三日新品上手体验！,3892,80878,//i0.hdslb.com/bfs/archive/cb342c9beb2427ce62e92c4b72240e0297332a58.jpg,49016024,BV1vb411M7ry,1554999150,2019/4/12,0:12:30,11:03,680,409,977,390,1902
【影视飓风】2019NAB特辑 | 第一日：夏普、Zcam、BMD、印迹、Atomos……在NAB展会上有趣的产品！,217,66910,//i2.hdslb.com/bfs/archive/c47c92a9b00273569a39a322be2e5dca3c27018b.jpg,48845427,BV1yb411T7Xd,1554833270,2019/4/10,2:07:50,10:47,566,343,1057,308,1965
【未来科技】特斯拉Model3评测：性能，科技与遗憾,1141,637722,//i1.hdslb.com/bfs/archive/432cbe01daae62213932d8bfa6b4cbe4c5454a74.jpg,48388537,BV11b411g7hp,1554467874,2019/4/5,20:37:54,11:56,2855,2928,5183,3618,9726
这一次我们将震惊B站——影视飓风全自动剪辑机发布,815,232670,//i2.hdslb.com/bfs/archive/15b7ad2c60b6efd699b26e3d779bfb938e955cc8.jpg,47933942,BV1Yb411s7tL,1554052716,2019/4/1,1:18:36,2:49,960,1306,2394,646,5461
【影视飓风】华为P30Pro VS 价值60万的电影机 RED MONSTRO 8K VV,3949,552859,//i2.hdslb.com/bfs/archive/c12db847dbfd7bfe682f5b39dc1869d63ecdc686.jpg,47818165,BV1Mb411s7xq,1553997642,2019/3/31,10:00:42,4:45,2813,17647,49007,1889,34566
【影视飓风】B站画质第二的UP主用什么摄影机拍视频？,1268,598555,//i0.hdslb.com/bfs/archive/8781bbb8fe0a3584c824b4ef890956e6dd7e34bb.jpg,47062944,BV1Yb41177XN,1553307037,2019/3/23,10:10:37,10:38,1984,7055,8353,1514,13692
【未来科技】BOSE的音乐眼镜真的值1600元吗？BOSE FRAMES深度体验,341,176070,//i2.hdslb.com/bfs/archive/3613eb2aa763977a393c78c2050ed15488726319.jpg,46281560,BV1zb411H7Fi,1552617004,2019/3/15,10:30:04,5:13,737,799,2303,781,3945
【影视飓风】种草警告！看了就想买的六大科技产品,1680,313893,//i1.hdslb.com/bfs/archive/f276b0214a5a746dfc06e610c549d755d0c96b48.jpg,45874982,BV1bb411i7yW,1552197221,2019/3/10,13:53:41,11:00,2818,3327,7294,600,9808
【影视飓风】快速提升你vlog的背景质感,226,163680,//i1.hdslb.com/bfs/archive/024f1b756a47590a4475710de94ebce8bbba6aa5.jpg,45270902,BV1mb411B7wf,1551664824,2019/3/4,10:00:24,5:26,505,9331,15486,933,14197
【影视飓风】用爱发电就真的亏吗？在洛杉矶的第二个24小时 ¦ Vlog,361,116484,//i2.hdslb.com/bfs/archive/57282cbb92090d5c2e109050ee6c41bd7552ea78.jpg,44989900,BV1Lb411b76N,1551407435,2019/3/1,10:30:35,14:22,1066,1156,3812,548,4993
#Vlog#在洛杉矶的24小时,479,129487,//i2.hdslb.com/bfs/archive/4cdd18a104bcab95d323453ac83bf0122c18d6ec.jpg,44438146,BV1Fb411a7Z7,1550889644,2019/2/23,10:40:44,15:28,1834,1265,4492,528,6358
2000预算电脑极限挑战20万电影机素材 Feat.极客湾,928,254134,//i2.hdslb.com/bfs/archive/a8c745a98c9e19b3052fa0c7a20f89fc6a74c522.jpg,43072399,BV1gb411S7xw,1549767104,2019/2/10,10:51:44,7:07,1428,2817,2925,1650,5163
给想做UP主的你三个建议,380,162929,//i0.hdslb.com/bfs/archive/962c8f2ed7ce42525327b68686eb69b17e4a9ada.jpg,42372204,BV1Xb411k7QL,1549072839,2019/2/2,10:00:39,8:25,1137,8013,10530,805,10935
二十万粉丝的频道收入有多少？自媒体商业模式大揭秘,5411,1274845,//i2.hdslb.com/bfs/archive/250aaaf8052e7283a19f22437c2e294c52e3e9e2.jpg,41812312,BV13t411t7P6,1548551558,2019/1/27,9:12:38,21:33,20579,49285,128846,12584,106567
过了十年佳能居然毫无进步？5D2 VS EOSR,867,173509,//i1.hdslb.com/bfs/archive/7084384ddc74639846a8bfeca55717d33690d482.jpg,40845170,BV13t411p71N,1547596935,2019/1/16,8:02:15,6:33,1290,1127,4511,895,4452
获得最佳俯拍视角的三个技巧,244,97637,//i0.hdslb.com/bfs/archive/57e98f104f0c8726079c729da6aa1e5c13dbbe2e.jpg,40579235,BV1Yt411W7nr,1547300206,2019/1/12,21:36:46,4:06,404,1913,2212,463,2789
能让你变好看的5个低成本布光技巧,357,184459,//i0.hdslb.com/bfs/archive/b535eeb43561b9c1d5c0834a9e59f82780889a4e.jpg,39936127,BV1tt411x7ud,1546655445,2019/1/5,10:30:45,5:51,644,8009,6748,1263,6584
【未来科技】未来的视频创作利器？iPad Pro评测,727,267019,//i1.hdslb.com/bfs/archive/374bc394a14212a0a52d41fb2cd54e2625e70d60.jpg,39270605,BV1Ft411k71K,1546042053,2018/12/29,8:07:33,11:11,1350,1815,3451,1075,5059
全杭州最有钱的器材租赁公司|佳能EOSR Vlog初体验,230,89021,//i0.hdslb.com/bfs/archive/9034efdece9a7680780dab42277ceedc1abe88a3.jpg,39016044,BV1Vt411C7XH,1545749189,2018/12/25,22:46:29,21:12,879,886,1447,1066,1774
谁是口袋VLOG最强机——OSMO POCKET VS GoPro7,436,130696,//i1.hdslb.com/bfs/archive/a80482f0f2c4fc53ef4bb0584fb9a0c7dc934916.jpg,38728745,BV1rt411Y7o1,1545454934,2018/12/22,13:02:14,10:32,946,1201,1912,1689,2483
【影视飓风的镜头库】我们是用什么镜头拍视频的？,310,170254,//i2.hdslb.com/bfs/archive/3076bfcd510f6e321f24127426303e87cc97fc5e.jpg,38122238,BV1Mt411i7vk,1544774698,2018/12/14,16:04:58,10:33,745,3029,3160,726,3512
14000元的失败手机——RED HYDROGEN ONE,309,170011,//i2.hdslb.com/bfs/archive/689da8f34bff9aa411593bf94185bdf52de557a3.jpg,37680394,BV1St411S7M7,1544251706,2018/12/8,14:48:26,9:08,757,444,776,386,1629
万元内最值得购买的APSC视频微单|富士XT3 fujifilm XT3,543,221845,//i2.hdslb.com/bfs/archive/41e999bb3877f044ccc8c44829d4b7a9acca5071.jpg,36732665,BV1Ft41197qC,1543131902,2018/11/25,15:45:02,7:51,768,1371,1467,1631,2119
达芬奇还是PR，剪辑软件哪家香,1049,293897,//i0.hdslb.com/bfs/archive/e506ff7f82fc387158fb754fd7bb15b52057e3ab.jpg,36093457,BV1Gt411m7qE,1542373328,2018/11/16,21:02:08,10:43,1712,4771,2752,1650,5181
Z CAM E2一台能带你赚钱的业务机,325,147830,//i1.hdslb.com/bfs/archive/bdaaa465c86d611be65fb56850dedb2de625a028.jpg,35635492,BV1Db411c7ri,1541777342,2018/11/9,23:29:02,6:05,613,1576,1212,1287,1824
#Vlog#用照片讲述香港夜晚的故事,436,111499,//i1.hdslb.com/bfs/archive/353dc4e90f6e1c69c12e8d52b9dfac9278d51b23.jpg,35065451,BV1xb411P7Uz,1541068233,2018/11/1,18:30:33,14:09,1359,2283,5101,1861,4398
使用BMPCC4K一个月之后,410,149693,//i0.hdslb.com/bfs/archive/5d08256f192ff14288d561801fc049a924de0d76.jpg,34900920,BV1ib411A7te,1540832637,2018/10/30,1:03:57,8:55,546,1475,2187,1598,2387
找不出缺点的Mavic 2 Pro,350,143431,//i0.hdslb.com/bfs/archive/cf44ad39886a7a77cdbaf759edb9f253cbc01752.jpg,34121803,BV1dt411d7AC,1539914404,2018/10/19,10:00:04,7:30,593,1118,2209,1017,2246
我们为B站拍了宣传片——BLG主题曲《新战场》幕后,417,142234,//i2.hdslb.com/bfs/archive/890345c9222b24b2498a297a7030e9005dc0ca46.jpg,33641557,BV16t411f7Qz,1539274878,2018/10/12,0:21:18,10:20,679,2000,4851,2125,4110
买得起的电影机——BMPCC4K上手,325,133257,//i1.hdslb.com/bfs/archive/5256078236a4cd3a7d47053e92e801d4e80099bd.jpg,32115821,BV1gW411r7TM,1537460259,2018/9/21,0:17:39,5:09,544,838,865,798,1179
能放进口袋的性能怪兽——索尼RX100VI 黑卡6,294,153210,//i2.hdslb.com/bfs/archive/dbf7e9dfdec36febbfd3d204aad6558b86482616.jpg,31670601,BV1TW411y7Ym,1536868988,2018/9/14,4:03:08,8:00,913,812,1140,897,1434
腹肌南波湾？富士X-T3上手,284,118680,//i2.hdslb.com/bfs/archive/4f2d5f6d5eafb888aec87a73f8fbd2d94a83a111.jpg,31298445,BV1UW411d79E,1536368419,2018/9/8,9:00:19,5:00,356,477,964,664,1159
进来进来~看看我们的全新工作室,532,114965,//i0.hdslb.com/bfs/archive/9e3e3460854473e4250219a2431952f6a18e0ef0.jpg,30681855,BV1cW411f7w9,1535598872,2018/8/30,11:14:32,13:39,1341,1126,3254,987,2782
422，420，10bit，8bit？这些究竟是什么,618,201580,//i0.hdslb.com/bfs/archive/08606ba1860d5363a86fffd34cc16d5eaea5af31.jpg,29270929,BV1ds411T7F4,1534169368,2018/8/13,22:09:28,6:40,758,9679,11195,2547,9229
收音？我为什么选择用录机,217,109929,//i0.hdslb.com/bfs/archive/d1542ea8f06cc851ae7220f641a3a1bd6449dfe3.jpg,28459265,BV1zs41137qv,1533311612,2018/8/3,23:53:32,5:30,443,1433,869,462,1436
#VLOG#永远是学生,604,169874,//i2.hdslb.com/bfs/archive/165cc01b3fe0903ca58001c8f01b83b683670f48.jpg,27920173,BV16s411A7mp,1532750779,2018/7/28,12:06:19,14:43,1622,3684,7304,2259,6806
三分钟学会挑选麦克风,328,164389,//i1.hdslb.com/bfs/archive/2ab0efb235d790c30ca45107daf0a2335ec2c572.jpg,27328231,BV1Ss411N7tp,1532096349,2018/7/20,22:19:09,4:25,448,3073,1346,981,2564
#VLOG#3000公里的惊喜,624,115309,//i1.hdslb.com/bfs/archive/3137ae46c577de9a91deb6c909440103f8505330.jpg,26560753,BV1ks411n7XZ,1531224248,2018/7/10,20:04:08,8:43,1351,1231,3297,1958,2720
高画质的背后——视频的封装与编码,838,269336,//i0.hdslb.com/bfs/archive/7bf6c39ce1d5a39223cb4227e59d1637490171ba.jpg,25783076,BV1ws41157f8,1530223334,2018/6/29,6:02:14,6:32,1094,15918,10262,2853,9493
零成本提高你的人声收音质量,452,208426,//i2.hdslb.com/bfs/archive/3a08403c40bbeaa0bbca3b13259baabd83b458d2.jpg,25394186,BV1ss41177ty,1529673565,2018/6/22,21:19:25,10:24,903,6414,2639,1243,4412
是数码也是胶片， 是创新亦是经典——富士XH1评测,464,101380,//i1.hdslb.com/bfs/archive/479d47a83bded163dbcd341793d3d1d4a55155d6.jpg,25217984,BV1hs411j7vU,1529412264,2018/6/19,20:44:24,17:32,1047,706,1458,963,1154
用垃圾桶里捡来的400元相机拍出了电影感,643,251381,//i1.hdslb.com/bfs/archive/3d4f67cf62f488bf6ec8c5b385129965999625f3.jpg,24614345,BV1xW411P73F,1528555164,2018/6/9,22:39:24,5:52,910,2595,1633,1342,2505
拿到DJI RONIN-S 的第一天,321,79289,//i0.hdslb.com/bfs/archive/b539dd088b254524922d56fb6ba9bd11d8641459.jpg,24380819,BV1VW411A7mY,1528119384,2018/6/4,21:36:24,5:36,305,358,2409,610,805
iPhone X VS 200000RMB+的电影机RED GEMINI 5K,884,164166,//i0.hdslb.com/bfs/archive/bc755882eeb3931673743d4f929a54b8aa5d7f17.jpg,24147800,BV1YW411P768,1527677407,2018/5/30,18:50:07,8:07,1536,1414,2729,1436,1905
爷爷！你关注的频道带着RED回归啦！,422,118244,//i0.hdslb.com/bfs/archive/4e8dd0b04aeb4dcca04751cd787fe2a8cd1abb0c.jpg,23665597,BV1Qp411d7Cg,1526753224,2018/5/20,2:07:04,12:12,1206,506,1807,644,1741
#外卖伴侣#佳能M50和奔驰C63,226,59245,//i1.hdslb.com/bfs/archive/6f2dd58230bf7a80bfa5510370a514fa148486a0.jpg,22853655,BV1hW41137Wd,1525194053,2018/5/2,1:00:53,5:52,341,224,414,390,433
全新的开始,506,69947,//i1.hdslb.com/bfs/archive/d16cba0e933433f42397ad6e99df1ea9496ee672.jpg,22547215,BV1BW411G7gG,1524629387,2018/4/25,12:09:47,10:28,754,579,3255,459,1536
#2018NAB特辑#Kinefinity新款6K摄影机——MAVO,103,25339,//i1.hdslb.com/bfs/archive/bc31fb8c6b29ae4294547b6e4b0bc3230ed3d70b.jpg,22097033,BV1rW411L7Hr,1523720193,2018/4/14,23:36:33,4:11,151,91,150,178,157
#2018NAB特辑#智云快别秀了，我买，我买还不行吗,130,37852,//i1.hdslb.com/bfs/archive/4adfeb0f6cf4014feecdbea55f70ea2754c55ee2.jpg,22017590,BV1PW411T7yW,1523581789,2018/4/13,9:09:49,2:53,175,95,192,198,161
#2018NAB特辑#印迹的诸多更新——易用性全面提升,40,14552,//i2.hdslb.com/bfs/archive/191405faccc20cdc1c1f2d437814b52aaaff7c4a.jpg,22017360,BV1PW411T7B7,1523580955,2018/4/13,8:55:55,2:55,38,37,82,105,80
#2018NAB特辑#音频设备的新生力量——Deity,30,13288,//i0.hdslb.com/bfs/archive/f01a914fa8a26f3d6266c3b1c691b7ca32a5ef8a.jpg,22017197,BV1PW411T7Yh,1523580285,2018/4/13,8:44:45,3:32,51,52,76,93,81
#2018NAB特辑#什么！采集光线还能重新映射！爱图仕的新科技,36,12797,//i2.hdslb.com/bfs/archive/1c7b44afd814af7b1bd14ace8ca0b571265caf41.jpg,21997571,BV1TW411T7ds,1523532689,2018/4/12,19:31:29,6:40,107,33,129,105,101
#2018NAB特辑#用体感控制如影2——大疆的新配件,57,17451,//i1.hdslb.com/bfs/archive/71ed2ecf3bbaf5eeb32b0fed2d620437c10750be.jpg,21997328,BV1MW411T7tN,1523531925,2018/4/12,19:18:45,2:51,91,41,83,82,99
#2018NAB特辑#可以光速架设的三脚架——Sachtler flowtech75,47,17277,//i0.hdslb.com/bfs/archive/26e99031c74d98e830280038b104caa65463d69b.jpg,21994903,BV1KW411T74M,1523527160,2018/4/12,17:59:20,1:33,72,68,48,68,108
#2018NAB特辑#价格亲民的优质监视器——富威德众产品亮相,64,24547,//i0.hdslb.com/bfs/archive/c4fdb02b8cd77068ac21eff340e2fafb4cc60192.jpg,21994638,BV1KW411T7HX,1523526851,2018/4/12,17:54:11,3:59,98,149,76,73,128
#2018NAB特辑#垂涎已久的RED GEMINI 5K！,72,28344,//i1.hdslb.com/bfs/archive/f830d7fdfb60eedf7e9887f0e85793fcdd292706.jpg,21993769,BV1KW411T7mz,1523525588,2018/4/12,17:33:08,3:22,133,79,108,108,175
Preston Systems的超级跟焦系统,70,21186,//i1.hdslb.com/bfs/archive/da9c9c8d9da6d9b14ec558e011e2b9ce7eba8c56.jpg,21973251,BV1SW411K7ZM,1523473150,2018/4/12,2:59:10,1:50,96,104,89,95,140
Spiritlab的超强解析力电影镜头,45,21611,//i1.hdslb.com/bfs/archive/46db6ebf897ede450bb5685e948161c841a554e2.jpg,21972598,BV1DW411K7Jt,1523471528,2018/4/12,2:32:08,3:09,83,78,79,48,116
#2018NAB特辑#铁头的模块化套件和跟焦系统,54,13797,//i2.hdslb.com/bfs/archive/6073fb4287f35bd03ab88aa979d54febdb696f5c.jpg,21952381,BV1yW411K7Ez,1523439126,2018/4/11,17:32:06,3:28,76,65,110,57,118
#2018NAB特辑#支持ProRes Raw录制的精巧监视记录仪——Atomos Ninja V,104,17192,//i1.hdslb.com/bfs/archive/a32072c5281c2b0abcc031fdb3abe15a0d6f1a72.jpg,21942667,BV1kW411K7F1,1523421962,2018/4/11,12:46:02,3:27,115,92,132,85,120
#2018NAB特辑#Syrp魔法地毯滑轨——难以用语言形容的顺滑,71,16536,//i2.hdslb.com/bfs/archive/5b3e10131a71345d539de21c2cccc7515748d392.jpg,21941729,BV1zW411K7Qm,1523418861,2018/4/11,11:54:21,2:58,112,66,97,62,109
#2018NAB特辑#颠覆传统电控系统——Edelkrone的两款新产品,71,13975,//i1.hdslb.com/bfs/archive/b5b5d479bdc6a80af9e2d5fb0af7331316f9273f.jpg,21916695,BV1aW411K7ag,1523357751,2018/4/10,18:55:51,2:50,89,52,125,64,136
#2018NAB特辑#全新SmallHD FOCUS——改变行业的三款小监视器,65,16236,//i2.hdslb.com/bfs/archive/808842ae7174cdfb2150358bff8a0d396a8d71e2.jpg,21913444,BV1hW411K7ae,1523352766,2018/4/10,17:32:46,2:34,85,67,135,54,145
#2018NAB特辑#新一代神机——BMPCC 4K上手体验,202,49975,//i1.hdslb.com/bfs/archive/024ceb486d6d15061b38f1ef5932ff06c571eaf6.jpg,21912666,BV1hW411K77L,1523351703,2018/4/10,17:15:03,3:39,199,189,298,296,244
一个更新,278,36482,//i0.hdslb.com/bfs/archive/d02749931b6dcc7d183cc14e9cde5fb9ac635e30.jpg,21739488,BV18W411M7Yo,1523010374,2018/4/6,18:26:14,2:43,249,66,740,53,511
#VLOG#原来女生坐性能车真的会尖叫,227,98466,//i0.hdslb.com/bfs/archive/9dc7367ba4fdd18e9049a5e0ef55d209cbea3adf.jpg,21413367,BV18W411u75n,1522402511,2018/3/30,17:35:11,10:55,779,658,826,402,837
多用的HDR录机——Atomos Sumo19,129,29038,//i1.hdslb.com/bfs/archive/4266d027283d1b9b2506380bccdb601e65c73a42.jpg,21199840,BV1dW411g787,1521944102,2018/3/25,10:15:02,5:26,176,138,412,72,247
小身材，大能“亮”,140,40166,//i0.hdslb.com/bfs/archive/1cb7ec41ac890356f8a055bd0f74d6f85233dda3.jpg,21014948,BV1uW411g7E6,1521545954,2018/3/20,19:39:14,3:39,165,173,277,111,274
一学就会的曝光基础,216,199580,//i2.hdslb.com/bfs/archive/0643b209fdc746ff2c6e4f4f9f621c4b1e38e65d.jpg,20559729,BV1oW411W7yr,1520595725,2018/3/9,19:42:05,5:45,693,6857,2195,1339,3360
超级转场的核心——变速,351,178474,//i1.hdslb.com/bfs/archive/15368b95d00418307ee8f6b91cf605edd10377a0.jpg,20450727,BV1pW411W7KF,1520343011,2018/3/6,21:30:11,5:41,493,19155,8528,1867,5350
令你失望的最佳Vlog相机——佳能M50,500,241147,//i1.hdslb.com/bfs/archive/03f53f6d6217346e55105c8935da3879285553da.jpg,20076106,BV16W41147oa,1519621216,2018/2/26,13:00:16,4:36,641,1107,1056,1312,2030
最好的消费级无人机——Mavic Air,218,66834,//i0.hdslb.com/bfs/archive/88f6aebcb1f36da70891293fd911f2fbd10c8d9a.jpg,20053103,BV1aW411479j,1519570384,2018/2/25,22:53:04,7:15,331,345,523,307,456
新年,264,47474,//i1.hdslb.com/bfs/archive/58ec40ee83b387aaf586583c3bb7200b203b009c.jpg,19969679,BV1EW41147cE,1519406492,2018/2/24,1:21:32,10:50,627,429,1226,304,749
听说冬奥会开幕了 feat.RX0,178,32022,//i2.hdslb.com/bfs/archive/bfd5818cc9fba4b20c73ec0b8c79b8049aac580b.jpg,19398232,BV18W411n7H8,1518240811,2018/2/10,13:33:31,5:53,283,110,287,102,203
不只是延时利器——Syrp Genie Mini,303,39752,//i2.hdslb.com/bfs/archive/dc95f2c765551f24a918a2345836f2a398d9e615.jpg,19371497,BV1YW411n7E5,1518185185,2018/2/9,22:06:25,5:32,462,861,1484,252,710
#VLOG#阿盛逐梦演艺圈,127,60821,//i2.hdslb.com/bfs/archive/6ef6f9f8dde00d3a6ea753df0bd1e1f2b60c24be.jpg,19092065,BV1zW411H7wd,1517657011,2018/2/3,19:23:31,10:36,689,138,318,75,349
B站高码率&HFR画质测试(使用B站大会员可观看1080P 60FPS 6Mbps）,917,133750,//i1.hdslb.com/bfs/archive/88d7dc6c9af43fda04628d70fca85be68a0741b1.jpg,19036741,BV1nW411H7p4,1517551424,2018/2/2,14:03:44,4:32,949,2440,1795,1355,983
天空之眼——Inspire2 ＆ X7,214,70063,//i0.hdslb.com/bfs/archive/fcc464266f340be09e5c1a25498ec2b6b6379fa4.jpg,18801773,BV1vW411e7WY,1517051659,2018/1/27,19:14:19,7:11,363,390,941,279,603
PR和AE的无缝衔接大法,512,247754,//i2.hdslb.com/bfs/archive/867b9302e359e7a3d252faf7357062cfd6eb884f.jpg,18747023,BV14W411e7iz,1516944536,2018/1/26,13:28:56,4:59,678,21980,3875,764,4552
我们是这样拍出LPL宣传片的,301,196650,//i0.hdslb.com/bfs/archive/0bd2cc3eac4d0a90f09159eeb7163a8c41048654.jpg,18487056,BV1SW411v7t2,1516360331,2018/1/19,19:12:11,12:58,938,2480,4684,1561,3913
你从未见过的英雄联盟,391,119709,//i0.hdslb.com/bfs/archive/d113a83959d685b04cfed2a39e583f632af58953.jpg,18369681,BV1wW411v7Yw,1516088097,2018/1/16,15:34:57,2:33,413,1088,1493,1664,1233
#VLOG#你有一份来自Tim的圣诞礼物，点击拆开,203,48199,//i0.hdslb.com/bfs/archive/a6bb5e83c5b037dc3962224a24177450a4134db6.jpg,17564492,BV1sW411t7ox,1514079155,2017/12/24,9:32:35,14:42,552,191,689,131,414
#VLOG#Tim的48小时,196,44362,//i1.hdslb.com/bfs/archive/2a275c82d87db9c52fb9aa20e6a8a551ba5f015b.jpg,17052545,BV1gW411h7xr,1512713961,2017/12/8,14:19:21,14:25,659,438,746,442,312
完美曝光的秘诀,204,158789,//i0.hdslb.com/bfs/archive/7382a69d3b1bbbd10fea31ef8a65b930bb5bf990.jpg,16759170,BV11x41157WX,1511881958,2017/11/28,23:12:38,4:14,390,5702,1776,929,2125
GoPro——超乎你想象的“6”,301,71183,//i0.hdslb.com/bfs/archive/a11ab69981f62a014a1ad3a2d13a6e0ef33f96dc.jpg,16698360,BV1jx41157a8,1511705137,2017/11/26,22:05:37,7:58,327,1202,1290,1165,733
半画幅镜头脱了裤子看着一边的全幅机,156,54453,//i2.hdslb.com/bfs/archive/ba83d11e3c93a2bf884b6c663474e20143414add.jpg,16442425,BV16x411L7wg,1510995988,2017/11/18,17:06:28,3:37,169,387,384,295,283
身高两米看世界是什么感受,119,50198,//i0.hdslb.com/bfs/archive/75149bc046bcefebf5b66b3af365d765724f5c15.jpg,16301364,BV1Nx411L7qy,1510578731,2017/11/13,21:12:11,3:58,181,201,456,100,197
她微微一笑，飞上了天,124,37374,//i0.hdslb.com/bfs/archive/a762aa7d8bd6ae2c33b4ca022c3e230a4186183c.jpg,15983589,BV1rx411E7Dq,1509710961,2017/11/3,20:09:21,4:51,267,147,500,102,222
如果有来生，我想安静的做一只星云稳定器，45°仰望星空,102,28172,//i2.hdslb.com/bfs/archive/bb040204e0e5ede626b9782766ef37126497ead6.jpg,15961411,BV1Cx411E75q,1509641785,2017/11/3,0:56:25,3:53,122,69,235,67,119
让Tim脸红的她是......,203,182658,//i1.hdslb.com/bfs/archive/54dab465e5fb38d803f8ddd3045f2999c1284d29.jpg,15909085,BV1Ex411E7r5,1509470207,2017/11/1,1:16:47,12:37,791,624,394,232,1709
关于A7R3你不知道的事儿,186,73363,//i2.hdslb.com/bfs/archive/b38633d310626f6d67eb516f425ce7cb993740a7.jpg,15853745,BV1cx411E7AZ,1509300615,2017/10/30,2:10:15,5:50,215,311,443,253,305
放入口袋的4k摄影机——IPhone 8 Plus评测,871,97736,//i1.hdslb.com/bfs/archive/cb86111d593bb94206a28f7a62ab6547e812e2fc.jpg,15505588,BV1Jx411M7yR,1508312789,2017/10/18,15:46:29,8:54,550,1406,1172,1896,713
还是电动的舒服啊,292,78098,//i1.hdslb.com/bfs/archive/d05be9c47d16e8780c142ab96e6ba570f565b912.jpg,15249431,BV1Cx411u7ym,1507553672,2017/10/9,20:54:32,6:20,686,359,842,288,749
朋友圈的装B利器,127,33167,//i0.hdslb.com/bfs/archive/ccc308c2671621aca0653bea0883488957868ade.jpg,15147874,BV19x41137pB,1507310301,2017/10/7,1:18:21,8:28,246,190,452,208,170
它让你的Gopro能上天,165,28898,//i0.hdslb.com/bfs/archive/137ca0e4b8f5831d1833f36331d31a12f9924026.jpg,15112410,BV1rx41137aJ,1507216497,2017/10/5,23:14:57,6:07,312,115,434,94,179
#飓风简评#手拿六千八，国庆怎么花,172,29049,//i1.hdslb.com/bfs/archive/4072fddad1aa7c3b7eab9bdca542d1521611e00f.jpg,14932130,BV17x411V7Ke,1506776176,2017/9/30,20:56:16,3:06,222,57,412,55,144
三分钟短评RODE Video Mic Pro+,162,40120,//i2.hdslb.com/bfs/archive/ed9267f4cecdaaefa693153ab7e9f680f4edabe7.jpg,14781739,BV16x411G7ip,1506311353,2017/9/25,11:49:13,2:53,174,371,616,210,273
听听大家的意见,258,19802,//i2.hdslb.com/bfs/archive/3376c9acee387b1eae36e82c57a6a5be1c3e8abb.jpg,14533840,BV1rx411s7aH,1505595251,2017/9/17,4:54:11,5:26,353,43,373,43,107
小身材 大能量 索尼RX100V AKA黑卡5,320,106747,//i1.hdslb.com/bfs/archive/e310840a46bcd6b6a6de5745ef86e0e434984143.jpg,14402950,BV1kx41147h2,1505221210,2017/9/12,21:00:10,7:44,622,624,698,688,433
用画质触动你——大概是“我”存在的意义,341,69745,//i0.hdslb.com/bfs/archive/e96fa58cfc31a2abb4c5cf2a7432b8d5f8bd48f2.jpg,14376256,BV1Yx41147s3,1505135726,2017/9/11,21:15:26,13:40,563,1349,2331,1477,582
#Vlog#BIRTV之行，都是GH5的锅,172,33329,//i2.hdslb.com/bfs/archive/c1c759d634388466248a0ca9787ea5e20e39800f.jpg,14087090,BV1mx411t7NT,1504323260,2017/9/2,11:34:20,11:57,528,102,255,89,87
飓风灯1号,161,38078,//i1.hdslb.com/bfs/archive/20fd617ed8e2538d2a59a00588c929757fa05735.jpg,13366250,BV1Wx411H7Rt,1502729573,2017/8/15,0:52:53,1:29,216,109,227,215,107
三千不到，魔爪Air值得入手吗,259,66078,//i1.hdslb.com/bfs/archive/4c9a041690a48947a53849c7626501d385fb158e.jpg,13224873,BV1zx411n7kY,1502454610,2017/8/11,20:30:10,6:02,288,429,390,308,178
重庆与TESTV,286,98745,//i1.hdslb.com/bfs/archive/10c22d05770ab2bc58c31fbc0a02d83e42ec3848.png,12881516,BV1yx411H7zo,1501686731,2017/8/2,23:12:11,13:09,1070,513,1031,249,795
还要啥自行车？最适合初学者的视频相机！,447,188008,//i2.hdslb.com/bfs/archive/0ee3a1833772c6e53270ae55b49691f0264d53b6.jpg,12712537,BV1sx411W7MC,1501309949,2017/7/29,14:32:29,8:55,784,2155,909,1171,1171
电影镜头真的好吗？,172,94505,//i1.hdslb.com/bfs/archive/31502aa7a3acd0a3ac3e4b3cc681abc4d5e3cf86.png,12589812,BV1ox411p7JB,1501025748,2017/7/26,7:35:48,6:53,444,642,538,205,443
8K RED与秘密产品,149,42792,//i0.hdslb.com/bfs/archive/cfd4895cb6118cb7cd425bac4527413e08916e1b.png,12378577,BV1ux411i7jh,1500506994,2017/7/20,7:29:54,15:23,722,216,344,237,169
迷你见面会与三七幕后,126,14716,//i0.hdslb.com/bfs/archive/4398e49952593241a489da3f00d66d725f2c3356.jpg,12147892,BV1qx411q71o,1499894663,2017/7/13,5:24:23,12:03,225,53,215,45,49
最佳的Vlog麦克风？,87,75969,//i2.hdslb.com/bfs/archive/ea9c37ff519a1b00314a4ef915737ab823a37454.jpg,12098182,BV1Yx411q7nB,1499760207,2017/7/11,16:03:27,6:04,190,980,329,179,390
第10届三七短片汇3710-446号作品《袭》,89,27604,//i0.hdslb.com/bfs/archive/d47c22bfb38641efa4cacac79b9387881501077e.jpg,11902493,BV1Vx411z7b4,1499228230,2017/7/5,12:17:10,3:47,173,97,329,114,107
短片大赛与桃子,141,24666,//i1.hdslb.com/bfs/archive/901c50ad9cc539bea66a683501626d6c2cbbef57.jpg,11714634,BV1Ux41167YV,1498685316,2017/6/29,5:28:36,14:48,483,67,299,51,102
也许你会想要这盏不可破坏的灯,71,18391,//i2.hdslb.com/bfs/archive/74f811829effc1109bc27f4a983b246670e35a6b.jpg,11518717,BV1yx411h76P,1498072302,2017/6/22,3:11:42,7:11,79,73,258,61,77
问你一个问题,253,22554,//i1.hdslb.com/bfs/archive/924e02e2f0bf00046983343025c82c1f5df2f700.jpg,11285907,BV1kx41187Bg,1497303900,2017/6/13,5:45:00,12:01,510,54,277,60,119
飓风评测：Ursa Mini Pro,98,31230,//i0.hdslb.com/bfs/archive/f0b7b5644278f4f1e35afb284e07e2a48b84eb7d.jpg,11109063,BV18x411a785,1496720639,2017/6/6,11:43:59,9:36,173,162,320,184,111
C200首测，佳能C系的新成员,81,47559,//i0.hdslb.com/bfs/archive/f464733224dec14840aab46acea6e9b540058fd8.jpg,10970700,BV17x411e7oN,1496224808,2017/5/31,18:00:08,6:10,190,197,294,138,148
大疆Spark（晓）实机体验,100,29922,//i0.hdslb.com/bfs/archive/c07a1712c1f674034f37ba4db0987778d07df013.jpg,10868779,BV12x411Y7Pq,1495898897,2017/5/27,23:28:17,4:49,130,90,304,155,93
GoPro与它的小伙伴们(KarmaGrip&Seeker),153,24680,//i1.hdslb.com/bfs/archive/d44b09cb4bd919dbd8b92a13d430e540ca8b76c8.jpg,10751882,BV1Jx411Y7px,1495450802,2017/5/22,19:00:02,10:16,227,302,378,284,67
生日与福利,624,14288,//i1.hdslb.com/bfs/archive/4fe46021ec9faa83606450fcec1162b241dca4ce.jpg,10604336,BV1Nx411v7kV,1494930182,2017/5/16,18:23:02,12:15,717,54,392,38,92
GoPro与工作室,139,26147,//i0.hdslb.com/bfs/archive/ce01fe6a5688450f3ccd8b82251e5e752db7282e.jpg,10588506,BV1Gx411v7hB,1494857457,2017/5/15,22:10:57,11:48,383,268,438,190,102
4K 100fps的魅力——FS5+Shogun Inferno测试样片,146,67229,//i2.hdslb.com/bfs/archive/c231cb3a1d9c6a99e74aee949093ea9c7546bd97.jpg,10490778,BV1kx411e7xt,1494539963,2017/5/12,5:59:23,1:58,115,428,338,382,173
飓风评测：FS7,173,57326,//i0.hdslb.com/bfs/archive/4092576a54248f9208c91ca6c36ffe0acda63a1b.jpg,10457663,BV1Zx411m7dM,1494413105,2017/5/10,18:45:05,9:35,244,279,406,117,263
NAB结束之后,72,11891,//i1.hdslb.com/bfs/archive/9b761fbec99ff774bf74fba798f20336d2c2343b.jpg,10258027,BV1dx41127og,1493708710,2017/5/2,15:05:10,8:34,158,35,265,28,54
【NAB2017】：曼富图的氮气云台,29,18012,//i2.hdslb.com/bfs/archive/7301eaa81019b79b8442cc95f9890055f3749e61.jpg,10164999,BV1Mx411S7eQ,1493400939,2017/4/29,1:35:39,2:22,72,42,64,36,44
【NAB2017】：和传统绿幕说拜拜,49,17074,//i0.hdslb.com/bfs/archive/1cff7eaa735d29e49acbfdea7b07e5f031671452.jpg,10154467,BV1dx411U7UE,1493379318,2017/4/28,19:35:18,2:33,68,152,118,93,58
【NAB2017】：也许你不知道A9的这些问题,83,16548,//i0.hdslb.com/bfs/archive/e750f3095c1eb79b43a2c678ea354946a23aa529.jpg,10137959,BV1cx411S7CP,1493300921,2017/4/27,21:48:41,2:58,91,38,87,31,41
【NAB2017】：铁头G1稳定器与原力跟焦器,31,9393,//i2.hdslb.com/bfs/archive/5d7444fa290334f37ac3cce4f0482b7619509191.jpg,10136616,BV1fx411U7ac,1493297176,2017/4/27,20:46:16,4:10,94,49,77,36,21
【NAB2017】：这个监视器会改变Vlog,30,29999,//i0.hdslb.com/bfs/archive/ee64e64f812c641b79869bb1b41a53d9da952dae.jpg,10132001,BV1Zx411U72F,1493286042,2017/4/27,17:40:42,3:11,50,181,93,38,75
【NAB2017】：电影镜头中的新人——Bokkelux,21,6551,//i0.hdslb.com/bfs/archive/c420cf8d9889ae3f1383beea37c4bcab3ddf93ee.jpg,10129666,BV1fx411U77J,1493277889,2017/4/27,15:24:49,2:56,28,24,66,22,23
【NAB2017】：进步了的智云云鹤,43,9504,//i1.hdslb.com/bfs/archive/181ac38785ff9cb137acdf99b16b90a75e6b5a90.jpg,10114090,BV1Cx411U7EV,1493209584,2017/4/26,20:26:24,3:47,72,29,92,35,23
【NAB2017】：爱图仕的5员大将,24,7042,//i1.hdslb.com/bfs/archive/8182e41012777353517a42c2278f9ddeb3e0c7cf.jpg,10112884,BV1rx411U7rW,1493204547,2017/4/26,19:02:27,5:29,55,51,90,30,27
【NAB2017】：国造5K Terra终于来了,55,16529,//i1.hdslb.com/bfs/archive/9b46db83feb2700ce253c8db8e9167646f57974d.jpg,10109619,BV1kx411U78C,1493195004,2017/4/26,16:23:24,4:07,84,89,102,28,28
【NAB2017】：大疆家族的新伙伴,43,10395,//i0.hdslb.com/bfs/archive/1071556d9929aed5a6c6ed350217137d4a69aa03.jpg,10092895,BV1mx411U7Ej,1493119973,2017/4/25,19:32:53,5:04,102,24,81,24,22
【NAB2017】：印迹的超级滑轨Shark Mini,28,9937,//i0.hdslb.com/bfs/archive/60555ad8a2b5a981c1b0c524b600cf63383aa597.jpg,10090391,BV1ix411U7g9,1493115535,2017/4/25,18:18:55,4:14,60,57,90,25,25
【NAB2017】：达芬奇Resolve14与Ursa Mini Pro,38,10883,//i2.hdslb.com/bfs/archive/3c82fbef92bc76b9334142b9bde7618d635c5ff4.jpg,10084413,BV1vx411U7Nn,1493096578,2017/4/25,13:02:58,3:50,60,55,99,18,20
【NAB2017】：Atomos的重型选手——Sumo19,43,6415,//i1.hdslb.com/bfs/archive/80654010902fa12f5d9fea739dc164b11e612937.jpg,10067173,BV1qx411U72n,1493024247,2017/4/24,16:57:27,4:05,57,21,108,15,14
产品特写秘传技与NAB,92,14878,//i2.hdslb.com/bfs/archive/898963d2a601779fd2135af6fdcce17c6cbbab1b.png,9964134,BV1Kx411U7S8,1492661968,2017/4/20,12:19:28,14:00,280,401,414,79,104
一亿像素的相机,274,196957,//i2.hdslb.com/bfs/archive/2ed33c2b20f26ef08b0fe8fb8cf2bc13ebb85360.jpg,9807423,BV1Fx411D7Cr,1492062290,2017/4/13,13:44:50,11:25,1054,1084,717,388,1413
最好的独脚架——印迹Cobra&Cobra Strike,90,29229,//i2.hdslb.com/bfs/archive/e8827aa2d50eaed077772e72ed615fedaab8856d.jpg,9742497,BV1zx411S714,1491796414,2017/4/10,11:53:34,7:41,201,412,303,176,170
和C300MarkII说再见,68,25264,//i1.hdslb.com/bfs/archive/88e9960ef7e3603719db220f1617b6a2930e561c.jpg,9476548,BV1fx411D7hW,1490815337,2017/3/30,3:22:17,12:55,282,83,243,37,124
旅途,123,19651,//i2.hdslb.com/bfs/archive/ae946053192312be0fd38fdd274552cd181edbb3.jpg,9424688,BV1bx411k77k,1490588499,2017/3/27,12:21:39,12:08,395,86,417,70,127
它能让你的微单拥有电子ND,69,16618,//i2.hdslb.com/bfs/archive/a1cb0ca1b5e5d1e089573cfc93177c8d3ee2ff8a.jpg,9333595,BV1cx411k72Q,1490226463,2017/3/23,7:47:43,5:41,66,170,262,48,79
最后的Vlog(For Now),161,13855,//i2.hdslb.com/bfs/archive/6bb0de10fc6b9ccc5bef7c33ee7fa608fcfe402a.jpg,9277583,BV1dx411r7PP,1489965193,2017/3/20,7:13:13,4:09,174,46,527,18,103
不是Vlog,140,11157,//i0.hdslb.com/bfs/archive/1586cedae051d3d4e7bb77bf39666dddbc9af03f.jpg,9229535,BV18x411r7pq,1489795516,2017/3/18,8:05:16,4:01,250,45,546,18,132
URSA MINI PRO,42,16926,//i1.hdslb.com/bfs/archive/569f3b08f9f86472c2c541971367c9c11f615cea.jpg,9227539,BV1tx411r7rb,1489781668,2017/3/18,4:14:28,12:11,183,62,153,32,55
50帧又何妨（25FPS已重传）,127,16522,//i0.hdslb.com/bfs/archive/cbb972ed58796f0313340beb326fce939c7c7636.jpg,9198307,BV1Jx411r78C,1489656831,2017/3/16,17:33:51,21:22,316,110,282,80,60
最棒的滑轨,142,61480,//i2.hdslb.com/bfs/archive/cca254a0cd82f9e88936e7966882c0f319ec6e72.jpg,9176342,BV1Wx411r7xW,1489559840,2017/3/15,14:37:20,11:09,541,620,438,117,399
两分钟的安静,92,25988,//i2.hdslb.com/bfs/archive/af531a1d4fbf5b323887c8d94c395b2ae9815732.jpg,9156620,BV1Zx411C7UD,1489463577,2017/3/14,11:52:57,11:13,372,244,401,157,169
Switch与徕卡,60,24163,//i1.hdslb.com/bfs/archive/d55ab34a9507038e6a66908b5273682b93569303.jpg,9140810,BV1Cx411C7nc,1489386779,2017/3/13,14:32:59,13:46,431,79,244,39,123
最实用的Vlog相机？,112,98882,//i0.hdslb.com/bfs/archive/50dfc8d7a8a7c9efb7dc0dc5696e595fcb956106.jpg,9113637,BV12x411C7Lq,1489294055,2017/3/12,12:47:35,9:20,310,795,378,134,504
Kai与富士,53,20726,//i1.hdslb.com/bfs/archive/103cd88c88e66772aa116840663be0d48f458eef.jpg,9085011,BV1qx411C7k5,1489169522,2017/3/11,2:12:02,12:19,312,84,263,38,93
80000元的终极Vlog相机,157,156130,//i0.hdslb.com/bfs/archive/c049220475b06cec336562b73ea7b6b793931065.jpg,9000577,BV1cx411C7Vq,1488773749,2017/3/6,12:15:49,11:29,668,563,798,154,1268
GH5真的有这么好吗？样机体验感想,84,81874,//i2.hdslb.com/bfs/archive/215fb52f411039dbe4d4c631eb818854617aee54.jpg,8945587,BV1kx411k7zj,1488552019,2017/3/3,22:40:19,7:43,190,353,265,167,280
它能解决你的所有相机供电问题,66,17667,//i2.hdslb.com/bfs/archive/6bdbd9d91c7d62dd273b43c1000b11c6f11e557d.jpg,8732658,BV1tx411y7RJ,1487591633,2017/2/20,19:53:53,6:41,75,247,127,65,98
你的GoPro可能需要这个稳定器,73,30085,//i0.hdslb.com/bfs/archive/601ba8555dbf22edbff26cccb603be67237c634b.jpg,8639424,BV1Yx41127MX,1487175114,2017/2/16,0:11:54,7:17,100,304,227,92,105
首发！GH5上手初体验,74,20652,//i1.hdslb.com/bfs/archive/55911f698d0aa1a0997754756012fba5a5cf88b8.jpg,8407630,BV1nx41117NX,1486243395,2017/2/5,5:23:15,6:44,137,112,167,54,67
我是怎么做评测的？工作流大揭秘,150,57625,//i1.hdslb.com/bfs/archive/69a35f943410d33c344e435acff1b22310bf346c.jpg,8189391,BV16s411b7C9,1485235132,2017/1/24,13:18:52,7:01,365,3365,3915,261,2072
最爱的影视灯——COB 120D,37,20338,//i0.hdslb.com/bfs/archive/9fb7d71f489edb643d76742ba667ac1fb84b8752.jpg,7918466,BV1fs41187kA,1483890234,2017/1/8,23:43:54,9:33,101,474,229,227,159
小技巧:LUTS,81,60275,//i2.hdslb.com/bfs/archive/4f37f1b4afb83614734f3ee0cab220edf827e508.jpg,7855737,BV1Js411Y7K4,1483543661,2017/1/4,23:27:41,4:47,155,4086,1227,325,1040
飓风评测：BMPCC,195,55466,//i1.hdslb.com/bfs/archive/eb726cd5f5cfe97db8c49812c9783e9b577ef581.jpg,7677020,BV1vs411a7dy,1482579139,2016/12/24,19:32:19,10:12,297,943,1333,519,731
飓风评测：OSMO M VS 智云Smooth 2,35,16698,//i0.hdslb.com/bfs/archive/085efb5982782551cce8276df4c1fcab9c4c1024.jpg,7443799,BV1Ns411e7tE,1481239159,2016/12/9,7:19:19,5:39,70,105,93,62,57
小技巧：PR被低估的10个快捷键,134,84020,//i1.hdslb.com/bfs/archive/82e7e3277c8d6ab20a19211640b21785dc244c02.jpg,7301488,BV1Ts411s7Lu,1480362790,2016/11/29,3:53:10,4:55,235,11929,2512,468,2338
飓风评测：PSVR,23,13399,//i2.hdslb.com/bfs/archive/44be7752af24e7a97e3c0880316f58a5500e6341.jpg,7173043,BV1bs411W759,1479579948,2016/11/20,2:25:48,10:41,91,59,173,32,75
Premiere小技巧：秘传技,118,83036,//i0.hdslb.com/bfs/archive/1627bb765d1d3a166e617243e3a060a666b4e276.jpg,7045442,BV16s411x7ZN,1478816766,2016/11/11,6:26:06,9:16,596,8569,3403,467,2096
小技巧：无缝转场与轨道蒙版,83,90012,//i0.hdslb.com/bfs/archive/8bb72f7a244689bc5963a94a74853002a12a897d.jpg,6936344,BV1os411s7GL,1478138582,2016/11/3,10:03:02,11:53,290,7815,1283,615,1128
小技巧：超级转场的制作,109,116753,//i0.hdslb.com/bfs/archive/3fdd5654005a36a8e88d112f33f8e5e924011bd5.jpg,6746166,BV16s41147M7,1476926852,2016/10/20,9:27:32,10:06,780,7506,1993,607,1568
飓风评测：GoPro5深度评测,80,53305,//i2.hdslb.com/bfs/archive/1fcead273c3f851f098d2ab3634b8bccaa0f6126.jpg,6655496,BV1ns41147KW,1476330324,2016/10/13,11:45:24,9:49,231,525,332,406,305
飓风评测：GoPro 5 Black 开箱！,24,11994,//i1.hdslb.com/bfs/archive/057cb5340203ac098b8bbac0b6c5debe752174b9.jpg,6545666,BV1Js411b7WW,1475642506,2016/10/5,12:41:46,7:40,112,65,93,40,56
飓风评测：Lens Regain增光跟焦转接环,17,8002,//i2.hdslb.com/bfs/archive/0a71b78c161fd4f8a5b137cd79cae5b4cc981324.jpg,6454142,BV1Ss411t7Ry,1475094082,2016/9/29,4:21:22,9:20,19,94,76,24,53
飓风评测：智云云鹤稳定器,27,30613,//i1.hdslb.com/bfs/archive/fb322f04ee1225b306313fa4fcce1edbf29c9a87.jpg,6099497,BV1Bs411671m,1472627950,2016/8/31,15:19:10,7:38,106,190,111,96,113
飓风评测：爱图仕M9卡片灯,21,23393,//i1.hdslb.com/bfs/archive/af5143b4350cbd3d5a06989b16d3c922d3708b70.jpg,5854856,BV19s411r7tB,1471358655,2016/8/16,22:44:15,6:54,67,350,104,136,119
飓风评测：雷蛇灵刃2016版,41,22852,//i0.hdslb.com/bfs/archive/18ff72b32a76718513bb5debd42fc4b33a5935ca.jpg,5712902,BV1Fs411y7Ce,1470649509,2016/8/8,17:45:09,6:11,155,112,120,52,76
小技巧：用AE制作抛物效果,27,14256,//i1.hdslb.com/bfs/archive/6f4e886cae61de740ea675e71d0b452e976f7946.jpg,5624440,BV1ss411C7tH,1470194479,2016/8/3,11:21:19,10:20,69,1009,197,51,142
【影视飓风】晶格化效果的制作,11,5399,//i2.hdslb.com/bfs/archive/09d708ca7fb761cbe5f8676159d79720158c1a2b.jpg,5133156,BV1hs411v7CX,1467172589,2016/6/29,11:56:29,7:18,24,281,60,17,35
Pr/Ae CC2015.3 新功能详解（中文）,10,9486,//i1.hdslb.com/bfs/archive/9a5727c0a8a993ebf84ebdb233b893cfea2dcb30.jpg,5054496,BV17s411v7TD,1466574552,2016/6/22,13:49:12,18:35,32,383,66,59,55
AE技巧：风阻火焰的制作,43,26988,//i0.hdslb.com/bfs/archive/01533540b3ceee73cdd7451d532ec531ebcba65a.jpg,5018002,BV1Ks411v73i,1466268670,2016/6/19,0:51:10,20:16,146,1302,261,85,205
影视飓风：抽奖结果公布&问答,15,3296,//i2.hdslb.com/bfs/archive/d5b70aa995bc7f8b3e1766966e264dc4b5fffaec.jpg,4922814,BV1Ls411q7R6,1465517402,2016/6/10,8:10:02,8:38,24,18,39,11,42
AE小技巧：勾股定理,12,7808,//i1.hdslb.com/bfs/archive/b7899d8abd30e55c14288c286d684bec899853d8.jpg,4887054,BV1Ts411q7Gc,1465222930,2016/6/6,22:22:10,9:47,41,395,83,19,86
飓风评测：OSMO与它的小伙伴们,20,14009,//i0.hdslb.com/bfs/archive/ac2c7ebe3450ac2cf32156e3aa259ca0f2fc8617.jpg,4809128,BV1Ys411i7Vu,1464543826,2016/5/30,1:43:46,10:08,91,115,102,66,57
完全解析：录屏101,25,12907,//i1.hdslb.com/bfs/archive/2b823a7abd594b3601da7fd6dae8885f3a3a3c2a.jpg,4738723,BV1us411i7th,1463931422,2016/5/22,23:37:02,10:42,65,889,283,103,253
小技巧：速度计与瞄准器的制作,9,5943,//i1.hdslb.com/bfs/archive/b07005721347f8f615ff91d5a98e05ecf683de0c.jpg,4669727,BV1hs411B7r9,1463334887,2016/5/16,1:54:47,15:57,32,377,64,17,56
飓风评测：罗技MX MASTER鼠标,21,14252,//i1.hdslb.com/bfs/archive/4448fc1351f1ec63e9a60c96bac8a62c13c7c446.jpg,4608778,BV1Gs411B7vB,1462814686,2016/5/10,1:24:46,6:07,87,74,55,62,83
小技巧：MG动画元素的制作,18,15061,//i0.hdslb.com/bfs/archive/cd69617540ad05845afaf54e11c2bf3f817b660f.jpg,4531596,BV1Zs411q7kV,1462135058,2016/5/2,4:37:38,10:11,82,1480,268,53,213
【影视飓风】NAB特辑:会面AK&Corridor Digital！世界最大影视展会,16,8642,//i1.hdslb.com/bfs/archive/52d947aca3ae18faf4ab102fce53d675d8ff2883.jpg,4488969,BV1es411q7uP,1461798242,2016/4/28,7:04:02,81:02:00,196,95,141,26,78
【影视飓风】NAB特辑vol3:环球影城,7,6060,//i1.hdslb.com/bfs/archive/d5e47d597f73c846fc9095f5fa475758bdcf26c9.jpg,4486659,BV1es411q7rP,1461762422,2016/4/27,21:07:02,5:49,30,18,30,12,34
【影视飓风】NAB特辑vol2:大麻烦,7,4985,//i2.hdslb.com/bfs/archive/d552c0a73a6febfe541a471d404dbcbf035868b8.jpg,4367924,BV1Us411z7ZX,1460682497,2016/4/15,9:08:17,7:46,44,11,35,5,36
【影视飓风】NAB特辑vol1:系列简介,15,4720,//i0.hdslb.com/bfs/archive/31201547213e950313fb85163541d059164a15ea.jpg,4324659,BV1ss411z7u5,1460241970,2016/4/10,6:46:10,2:09,16,17,46,21,51
【影视飓风】长阴影与轴心运动,8,6721,//i2.hdslb.com/bfs/archive/c5e3c8c21865948ff7d3197b068b8f966cd6a507.jpg,4314210,BV1ps411z75N,1460167020,2016/4/9,9:57:00,9:25,13,313,98,24,51
【影视飓风】万能的CC Composite,19,9476,//i0.hdslb.com/bfs/archive/906e84a885c2a54e5a84d094114c1d428a62c31b.jpg,4258141,BV1Ps411z7oj,1459626621,2016/4/3,3:50:21,13:36,75,580,204,26,128
AE小技巧：扁平化爆炸,15,7966,//i0.hdslb.com/bfs/archive/e706a804263071a94617f70e452cc498001bf9db.jpg,4196697,BV1ds411B7sQ,1459003418,2016/3/26,22:43:38,16:08,48,614,126,30,95
完全解析：编码与封装,170,78867,//i0.hdslb.com/bfs/archive/33f590517f559d7b3a04c71ef479c031d1066f44.jpg,4101573,BV1Xs411Q7o1,1458003188,2016/3/15,8:53:08,13:50,343,7814,3235,960,3452
AE小技巧：创造银河,34,20087,//i1.hdslb.com/bfs/archive/d42848f5e4d89bcb6035091b3afbc6a46473fc88.jpg,4000604,BV1Hs411Q7WV,1456933700,2016/3/2,23:48:20,19:28,65,1099,172,53,199
BSC影视设备大展(2)：Red乌鸦/小武器/大武器体验,13,10503,//i2.hdslb.com/bfs/archive/10e4f86c075734b4bfd918439274e7ff8d59c7e5.jpg,3748455,BV12s411X7hq,1454549864,2016/2/4,9:37:44,5:03,29,38,34,20,42
BSC影视设备大展（1）：Alexa mini/旋翼飞机?!,10,4944,//i1.hdslb.com/bfs/archive/530482e02eaafbf7f4457faba3eb9360e393fe24.jpg,3739102,BV1rs411X7SV,1454462283,2016/2/3,9:18:03,13:42,47,29,34,16,51
影视飓风：虚拟现实视频的创作与传播,12,6063,//i1.hdslb.com/bfs/archive/d222294c829e560ac57d639fea3b52636d177854.jpg,3700079,BV1ns411X7mF,1454082924,2016/1/29,23:55:24,12:31,31,88,50,13,71
爱图仕VS2 FineHD监视器评测,10,8287,//i0.hdslb.com/bfs/archive/a8ea7392f326713504e3f0bb521ba9705982f7d2.jpg,3642446,BV1Rs411R752,1453506978,2016/1/23,7:56:18,9:55,37,47,38,7,58
适马24-35 F2开箱,49,24169,//i0.hdslb.com/bfs/archive/e161ec1d9d68c3975378b1e5fd299666304215bc.jpg,3567744,BV1Hs411R7X7,1452592450,2016/1/12,17:54:10,8:21,290,80,116,34,115
渲染大战： 外星人VS微星VS3AXIS,22,15807,//i1.hdslb.com/bfs/archive/d8976f5443609bc1c69f308c3166944ccbdc5f91.jpg,3493224,BV1os41197dt,1451637974,2016/1/1,16:46:14,12:32,209,56,56,18,74
【纪录片】BANGKOK HOUSE 曼谷之屋 2015年 【国产自制】,31,17019,//i1.hdslb.com/bfs/archive/0237f52596140d6c3e9973faa8d9b1fbec8c3904.jpg,3450289,BV1ds41197Nj,1451052450,2015/12/25,22:07:30,17:52,115,405,357,270,240
新工作站！Scan NVIDIA BATTLEBOX开箱,26,17472,//i2.hdslb.com/bfs/archive/ab1e5d9946eb9e9d3658fbd07737738d7e6eaf85.jpg,3215866,BV1ss411d7Uy,1447421830,2015/11/13,21:37:10,7:39,122,80,60,28,73
E3D系列教程（1）特效素材拍摄,12,20622,//i2.hdslb.com/bfs/archive/fc19e56931339243bb7c1b86684a7a8af75f4891.jpg,3170900,BV1cs411d7mL,1446679596,2015/11/5,7:26:36,11:11,59,341,95,14,136
【影视飓风】索尼A7R MarkII简评,188,88698,//i1.hdslb.com/bfs/archive/202d5144619c3fb8a4eeb1a99d0ddcacda19a0d5.jpg,3000761,BV1Ps41127Wn,1443888536,2015/10/4,0:08:56,6:47,329,425,364,150,715
影视理论(5)：航拍/无序视频的剪辑,82,31487,//i1.hdslb.com/bfs/archive/7d90e18a1a65daec624ebccbb179358951d5318a.jpg,2386540,BV17s411U7ec,1433087556,2015/5/31,23:52:36,15:08,375,1206,492,131,460
五分速递(3)：Premiere工具讲解,28,24521,//i0.hdslb.com/bfs/archive/919f6aa636534187c6cb75f2933023dc886292f8.jpg,1991847,BV1Wx411A7Rd,1423740665,2015/2/12,19:31:05,4:51,100,1139,221,126,284
影视理论(3)：数码相机的工作原理与设置,92,30048,//i2.hdslb.com/bfs/archive/960580f542932989eb158eb03ec29b6b071a7bc8.jpg,1952500,BV13x411A7ee,1422887740,2015/2/2,22:35:40,14:02,403,778,409,116,635
影视理论(4)：绿幕的拍摄与处理,55,28781,//i2.hdslb.com/bfs/archive/1d763f17fc34ffbe168d2e5fe92d2b03f223e354.jpg,1952496,BV13x411A7e8,1422887643,2015/2/2,22:34:03,18:42,158,1262,325,137,460
After Effects新手教程(3)Motion Graphics动态图形,18,10450,//i2.hdslb.com/bfs/archive/5ae248e0325e190fa254f92bf9892bba43dcd7ea.jpg,1894867,BV19x411w7xm,1421412835,2015/1/16,20:53:55,18:00,33,339,90,15,120
《影视飓风》After Effects教程（6）：TypeMonkey输入魅力,63,36867,//i2.hdslb.com/bfs/archive/c41a87b88de8fc020d35060e38e04e7dcf8a7e01.jpg,1894861,BV19x411w74w,1421412735,2015/1/16,20:52:15,23:42,309,1138,388,142,357
《影视飓风》5分速递(1)： 跳切，贴合切与离切,560,61608,//i1.hdslb.com/bfs/archive/8f0047c49fddcd48ea0b07a65add5d383f7b554b.jpg,1894851,BV19x411w74P,1421412619,2015/1/16,20:50:19,3:07,576,1108,738,125,1430
