﻿title,comment,play,pic,aid,bvid,created,date,time,length,video_review,favorite,coin,share,like
帅小伙招待客人，一次性做10斤麻辣小龙虾，吃的太过瘾了,2740,808916,//i1.hdslb.com/bfs/archive/f22362ea46a2aa4679dea2745b23e7e82b476f97.jpg,753535535,BV18k4y1z7fp,1592213444,2020/6/15,17:30:44,05:18,7452,4198,12474,1246,80730
伊比利亚猪排和普通猪排有什么区别？帅小伙两份都烤着吃，太香啦,3116,1425555,//i1.hdslb.com/bfs/archive/7503cabc4cc38afe8b8e22c810b4c9f07a7c7357.jpg,201106612,BV1qz411e7h3,1592030226,2020/6/13,14:37:6,06:58,12289,8428,20745,3014,118857
网上爆火的烤豆皮做法是真的吗？帅小伙整整做了五次，终于...,3348,1459145,//i1.hdslb.com/bfs/archive/f09d49d67e8471cb469a1c79222c70148d13cb89.jpg,243422061,BV1Zv411z7zC,1591867842,2020/6/11,17:30:42,05:46,19570,5425,16499,1825,108987
“深夜派食”五大包羊肉串，一个人在阳台烧烤，太过瘾,3851,1588402,//i1.hdslb.com/bfs/archive/65e53e0fce1631da1dc1ac8f60a611d85b5d9e1b.jpg,838433250,BV12g4y1i7dD,1591624819,2020/6/8,22:0:19,05:07,13596,7445,25751,2321,128264
挑战把100颗大白兔奶糖做成超大大白兔奶糖，帅小伙能成功吗？,3572,1400847,//i0.hdslb.com/bfs/archive/307f77582af5ba525fb4fc3083fa33adf8449ba8.jpg,883425598,BV1BK4y1x7it,1591435800,2020/6/6,17:30:0,03:53,19610,6320,20707,1217,124591
帅小伙试吃某宝销量排名前五的蛋黄酥，到底哪一款最好吃？,5048,1951566,//i2.hdslb.com/bfs/archive/ae7f03d21ac4314aa9930ed122a24d66bc9b369f.jpg,285884430,BV1Yf4y1275D,1591171507,2020/6/3,16:5:7,05:52,11438,7256,24126,1990,165956
网上那些爆火的美食攻略真的靠谱吗？三帅哥按照攻略每家都去尝试,2782,1409779,//i0.hdslb.com/bfs/archive/736c78adc64b7ec72f2e252d70dc4d87bd7f9624.jpg,840898516,BV1p54y1Q77V,1591003745,2020/6/1,17:29:5,08:24,10812,6486,19552,2434,126070
100元在长沙可以点多少臭豆腐，三帅哥点了满满一大桌,3839,2037414,//i0.hdslb.com/bfs/archive/6e9b5b0762cda632dff308949734be8021796f29.jpg,968251920,BV1Sp4y1Q7Ka,1590831001,2020/5/30,17:30:1,06:01,11748,6765,19925,1900,159001
“深夜派食”跟黄磊老师学的糖醋小排真的好吃吗？,5924,2397382,//i0.hdslb.com/bfs/archive/4ad676785dc101a6a91d083009d58f2e996bb083.jpg,370751269,BV1yZ4y1p7zK,1590658213,2020/5/28,17:30:13,05:03,36939,11561,35487,2142,182673
抖音上学的窝蛋牛肉饭真的好吃吗？小伙拿电饭煲做了一锅尝试,4452,2317050,//i0.hdslb.com/bfs/archive/0a8fce4a726964301f2f5c92f0c65cda991f263c.jpg,328312675,BV1aA411q7b9,1590226255,2020/5/23,17:30:55,04:32,18912,9123,22348,2337,156611
“读评论”终于发现UP主晚上拍视频的秘密，原来是这....,3753,1569596,//i2.hdslb.com/bfs/archive/f2b3ffd33fbb3b0ec3f1cb4e9707f2c126f28dcc.jpg,925660296,BV1LT4y1u76k,1589958725,2020/5/20,15:12:5,07:24,41051,9141,30732,1461,178947
“深夜派食”帅小伙花24小时制作半熟芝士蛋糕，结果出乎意料！,4802,1865024,//i0.hdslb.com/bfs/archive/e9de4869ad2a5e1320429064314deea437881cc2.jpg,710728910,BV1BQ4y1A7Su,1589880411,2020/5/19,17:26:51,06:21,20267,8770,32297,2184,179226
自制一锅家庭版火锅面，牛肉蔬菜全部下，煮了一大锅,4331,2548633,//i2.hdslb.com/bfs/archive/55d554f4d568fb156b84edc84e8acc1e23debaf6.jpg,200737660,BV1Tz411B73N,1589617840,2020/5/16,16:30:40,03:30,15797,9197,24517,2877,178789
小伙试吃某宝销量排名前五的螺蛳粉，到底哪一款最好吃？,9291,3775657,//i0.hdslb.com/bfs/archive/d7074d934b1ee499c3e610962cdec528d2f36ad0.jpg,968217549,BV16p4y1Q7Fg,1589444551,2020/5/14,16:22:31,07:57,33088,16810,71978,11248,316561
“揭秘”网红烤牛骨髓用这方法就可以无限循环，以后你还吃吗？,4641,2343914,//i1.hdslb.com/bfs/archive/f1c33ddccb8d3f06f99e89a254c86d79905dc22d.jpg,710731118,BV16Q4y1A72L,1589268985,2020/5/12,15:36:25,06:33,17609,8171,26568,1719,167498
据说只要加上这些....你的海鲜就会变得非常好吃，是真的吗？,7180,2587865,//i2.hdslb.com/bfs/archive/8ff801fa6785f9d6841fc4ed8d355b86692907b2.jpg,883026040,BV12K4y1b7ak,1589017375,2020/5/9,17:42:55,05:44,37178,11155,41425,2950,255608
100元牛肉可以做出多少牛肉干？小伙做完后感慨怪不得卖那么贵,5513,2491579,//i1.hdslb.com/bfs/archive/a0d4a042fe0b92140baec689c176781b6ee7ffdd.jpg,498047941,BV1FK411L7Yz,1588579863,2020/5/4,16:11:3,06:09,24238,12343,27860,3343,164855
“探秘”在饿了么美团点相同的外卖，送来的外卖会是一样的吗？,7695,4016663,//i2.hdslb.com/bfs/archive/c33c0e86f12ce7cff2e6db52e3c98b23925cd6d7.jpg,498014700,BV1SK4115767,1588404569,2020/5/2,15:29:29,05:51,43143,11540,35796,3499,250468
自制一大盘街边摊炸茄盒，小伙完成童年梦想实现茄盒自由,5787,2639400,//i2.hdslb.com/bfs/archive/c1f91adec97881f31b105ad49f45ee09064e9ec0.jpg,840434180,BV1r54y1Q7DH,1588232544,2020/4/30,15:42:24,06:14,37506,18626,63061,4396,244340
五斤鸡全腿做炸鸡腿，小伙复刻德克士手枪腿，能成功吗？,5639,2319934,//i1.hdslb.com/bfs/archive/f60250ba78b821ea36f55635fd555218aecd0289.jpg,967909573,BV1op4y1X7wd,1587976975,2020/4/27,16:42:55,05:57,34992,10638,32689,3567,172112
小伙自制超简单叉烧饭，电饭煲就能做，味道比饭店卖的还好吃！,8053,2070835,//i0.hdslb.com/bfs/archive/b9320e1a3ef96b5ff24f4a0054adf7b9750c4358.jpg,840446739,BV1154y1Q7e5,1587721366,2020/4/24,17:42:46,04:55,24075,15527,27058,3898,157264
小伙因从来没吃过关东煮，怒买一台关东煮机，自己做一大锅吃到爽,6405,3280904,//i1.hdslb.com/bfs/archive/76f1d4a97ea3e1873da25733386744e788f38a51.jpg,497813985,BV1UK411V7Fd,1587455993,2020/4/21,15:59:53,05:56,29846,13530,41305,5881,232277
西瓜皮可以做西瓜软糖，抖音上的生活小妙招是真的吗？,6468,2429235,//i1.hdslb.com/bfs/archive/3cad26f51958a2480fd88978fb0a7ea61e8df45c.jpg,455301104,BV1C5411t7Nu,1587282371,2020/4/19,15:46:11,05:37,34078,9425,25957,2534,183820
哪种豆做出来的豆浆最好喝？帅小伙一次性买来五种豆做豆浆尝试！,6646,1758686,//i0.hdslb.com/bfs/archive/5bb7cb317eab7c9adc48c7c032c4861ff3cc89df.jpg,625289726,BV1st4y127oo,1587198347,2020/4/18,16:25:47,05:43,44047,8441,28929,1998,159311
“读评论”如何妙出精髓,6563,2342892,//i1.hdslb.com/bfs/archive/8153d684129755756efb88efd468a8d94be666e9.jpg,200330457,BV1hz411B7n4,1586937667,2020/4/15,16:1:7,07:33,61156,17166,56445,3279,257630
“24小时自律挑战”按照世界公认健康作息表生活一天！,7574,3692902,//i2.hdslb.com/bfs/archive/c92b646af787079002e9a9406c7caedecf9fdd28.jpg,967655255,BV1Yp4y1C7Tz,1586683591,2020/4/12,17:26:31,06:25,51969,27141,66696,5707,288509
帅小伙自制一盆五斤毛血旺，麻辣鲜香配上米饭吃太过瘾了！,4366,2558452,//i2.hdslb.com/bfs/archive/e3eb84ddc9ec0d3b595af6fa4897b53b1bad7bde.jpg,710170919,BV1gQ4y1K7pr,1586595407,2020/4/11,16:56:47,05:43,23254,15358,47295,4273,227250
小伙白拿10斤羊排做烤羊排，先煮后烤，制作出来鲜嫩多汁太香啦,6927,2986662,//i0.hdslb.com/bfs/archive/979a09302d87ac4ee335ca00f0fae5763d181eb2.jpg,497719496,BV1FK411j72c,1586249559,2020/4/7,16:52:39,06:43,38551,26464,97252,8077,303340
小伙尝试世界第一辣泡面，比鬼椒面辣三倍，吃第一口下去就慌了！,4480,2195662,//i2.hdslb.com/bfs/archive/a98ff10d714d6cd0c92cc91048fa24f429fa215e.jpg,967699549,BV1ip4y1C7Yg,1586158683,2020/4/6,15:38:3,03:31,33449,7016,21515,2956,154629
小伙买来食品添加剂炒粉王，原来街边摊好吃的秘密都是加了这个？,4905,2476929,//i2.hdslb.com/bfs/archive/cbcac91d68758d5b0338105dc8097c3f09d73128.jpg,200245833,BV1Vz41187jd,1586072337,2020/4/5,15:38:57,04:55,30137,7836,24086,1708,165670
帅小伙因太久没吃烤串，一次性把烧烤店里所有小串都买了！,7895,3703692,//i2.hdslb.com/bfs/archive/d6923f5db8097d42178689bd417c857dbd17e397.jpg,710124650,BV1mQ4y1M7mV,1585724718,2020/4/1,15:5:18,05:17,55353,13512,43079,4814,236615
小伙一次性买120个灌汤包挑战大胃王，只为体验吃灌汤包吃到饱的感觉,12501,3359699,//i0.hdslb.com/bfs/archive/86279e077415328a1678561a7dbd46d93c386b73.jpg,752522305,BV1Sk4y1d7gd,1585553975,2020/3/30,15:39:35,04:44,64907,13683,42378,4391,226890
帅气小伙一次性卤五斤鸡腿，只为做一份沙县小吃的鸡腿饭！,6864,2250215,//i2.hdslb.com/bfs/archive/94e07c839eed42dd550918999a3ed91ddf35277d.jpg,925100434,BV14T4y1573i,1585300501,2020/3/27,17:15:1,06:30,50150,13758,39666,3145,170811
帅小伙自制网上爆火的无骨鸡爪，光去骨就花了两小时，一口一个吃着真过瘾,5078,2359576,//i1.hdslb.com/bfs/archive/b62a91b44d3230456f194c0fa4f109328a3b7745.jpg,99205968,BV1f7411y782,1585125772,2020/3/25,16:42:52,07:33,43118,9746,33387,3761,167683
硬核小伙教你制作潮汕砂锅粥，掌握这个步骤煮出来的粥非常鲜甜,4825,1792340,//i1.hdslb.com/bfs/archive/0e7228106f8ffc49c7dba14bef8f6f00cd107823.jpg,98661159,BV1e7411m7EP,1584955344,2020/3/23,17:22:24,05:16,22787,13744,26818,3709,136070
何炅老师教的牛奶麻辣烫真的好吃吗？精神小伙做完直呼可以,5291,3601092,//i2.hdslb.com/bfs/archive/0e67331cf42cd908db9c896663b4f68f7aa1673e.jpg,98115509,BV1wE411w7AM,1584773379,2020/3/21,14:49:39,04:32,24596,15630,34655,5859,262526
帅小伙回忆童年味道，把儿时吃的所有食材都买回来，自制铁板烧烤,5120,2761192,//i2.hdslb.com/bfs/archive/65658792628ec86f374c70a070910dee1dfa2b10.jpg,97841003,BV1ME411A7ig,1584690499,2020/3/20,15:48:19,04:56,53818,16294,65357,3867,222475
超好吃的家庭版肠粉怎么做？硬核小伙教你在家从零开始做肠粉,5668,2208055,//i2.hdslb.com/bfs/archive/5740fd19394fe022b2a2ce84a5866ba2d52eed1e.jpg,97550142,BV1nE411P7ct,1584603873,2020/3/19,15:44:33,07:17,32076,18063,43272,5668,187645
网上卖的KFC原味鸡腌料真的靠谱吗？帅小伙买来10斤鸡腿尝试,4730,2635015,//i0.hdslb.com/bfs/archive/35b8a73faeee2896c4073a72830a2e391c5c1182.jpg,96452627,BV1gE411G7QG,1584264532,2020/3/15,17:28:52,06:22,26244,16149,44912,6366,180811
万物皆可牙签肉？小伙自制牙签猪肉，麻辣鲜香太妙了,3486,1985704,//i0.hdslb.com/bfs/archive/0ef2f1640c05e4f670e6d595041f9da685b41d2f.jpg,96199799,BV1YE411V7Rw,1584176916,2020/3/14,17:8:36,04:55,17303,6518,18858,1718,131956
“读评论”小伙被粉丝嘲笑不认识明星，当场去找周杰伦合影,4679,2183536,//i0.hdslb.com/bfs/archive/c616e8c260acf7ea443778e332fa85ac19a92476.jpg,95928357,BV1QE41157Cv,1584085973,2020/3/13,15:52:53,09:31,47255,18439,63491,3617,228415
小伙为了吃一碗正宗葱油拌面，怒买10斤小葱自制葱油酱,4684,2867664,//i1.hdslb.com/bfs/archive/2cb132aa038124f6dfafdccf8a793f10f96e71cf.jpg,94873749,BV1iE411u76P,1583746238,2020/3/9,17:30:38,06:49,50108,12877,42838,5685,188589
小伙一次性买来三种番薯，只为自制烤番薯，到底哪种最好吃？,3755,1630229,//i0.hdslb.com/bfs/archive/6f34349d2654fc1d1990a05bcab2e10d9ad9e5d3.jpg,94379014,BV1yE411u7dV,1583574936,2020/3/7,17:55:36,05:33,17012,5656,21692,1722,129998
原来街边摊的铁板豆腐成本这么低？小伙买一大板豆腐才12元,5359,2349978,//i0.hdslb.com/bfs/archive/8cc9dee51e1763ec0350c0ba4e2b2a7f6334d945.jpg,94108862,BV1EE411s79R,1583487026,2020/3/6,17:30:26,04:47,24540,16107,38262,5305,179591
100斤土豆可以做出多少土豆淀粉？毅力小伙花了整整五天才做完,10193,5039323,//i2.hdslb.com/bfs/archive/c55f45ab985666219b3ced7a870a73fff30a9761.jpg,93879496,BV1ME411W7ry,1583398245,2020/3/5,16:50:45,06:04,91897,118497,750894,7653,1151538
啤酒炸鸡好吃还是可乐炸鸡好吃？小伙直接买100元炸鸡对比尝试,6640,2902507,//i1.hdslb.com/bfs/archive/2595e8260409ae9a5f12fe4d6db48fea273be7ea.jpg,92706354,BV1FE411n7Xt,1582982012,2020/2/29,21:13:32,05:38,57466,11251,41814,9258,176615
五斤鸡胸肉可以做出多少鸡精？小伙花两天时间才做出来这么点,6123,2577699,//i0.hdslb.com/bfs/archive/cc23dd14cde5a061d53742a57e79cb58317c9ae1.jpg,92378722,BV1cE411H7Ex,1582888077,2020/2/28,19:7:57,07:16,40242,19953,113925,2853,284724
抖音上推荐的网红零食真的好吃吗？帅哥买了三样就花了100多！,6292,3434340,//i2.hdslb.com/bfs/archive/fc91eca1b0f3b44ed373acf133200127035cbe51.jpg,91826619,BV1E7411K7Hp,1582709430,2020/2/26,17:30:30,06:30,29722,12657,44648,3341,224744
“深夜派食”帅哥自制超下饭的梅菜肉饼，吃这道菜下一锅饭不是问题,4038,1774105,//i1.hdslb.com/bfs/archive/e560846d8699c2981234ff2e95350aaf69dd084e.jpg,91307306,BV1c7411u7g7,1582536611,2020/2/24,17:30:11,04:58,18810,8442,33021,1987,145900
奇怪的健身动作增加了！,4003,1797622,//i0.hdslb.com/bfs/archive/2d706d4cd42338849b7d5f42027bef97f269cd5b.jpg,91243304,BV1Y7411M7VD,1582511760,2020/2/24,10:36:0,06:11,24418,16570,22133,6575,105041
小伙嘴馋买来三斤大骨头自制酱骨头，酱香浓郁味道也太香啦！,3977,1783687,//i1.hdslb.com/bfs/archive/010de5c03d8db253cfdc126f4cee67ceb3beee8a.jpg,91067312,BV11j411f7cx,1582450239,2020/2/23,17:30:39,06:57,18408,10589,32553,3544,125603
小伙自制创新菜“咖喱乡巴佬排骨”浓香四溢，再来一盘也能吃完,4728,1887178,//i2.hdslb.com/bfs/archive/5b15da834ee6fb222f38cb8a794aa4258605ed28.jpg,90546323,BV147411w7Dz,1582277445,2020/2/21,17:30:45,07:05,23481,13434,40811,5047,143389
“深夜派食”小伙自制超下饭的虎皮尖椒酿肉，有这盘菜一锅饭都下肚,4113,1875254,//i0.hdslb.com/bfs/archive/1a133e5a87024347184a61cdfa513b20638c9250.jpg,90064306,BV1d7411L7Jt,1582104642,2020/2/19,17:30:42,04:57,17567,24025,61671,5535,158651
小伙自制年夜饭必备菜之一“粉蒸肉”肥而不腻入口即化，配上饭真过瘾,4243,1721848,//i2.hdslb.com/bfs/archive/b3dc39dcb76450b8d5aa7afe223f354a399bf4c7.jpg,89654236,BV1r7411j7vi,1581931874,2020/2/17,17:31:14,06:51,33705,12510,38228,4501,132715
“深夜派食”小伙自制一盆蒜泥白肉配一缸米饭，香辣爽口太过瘾了,4895,1882085,//i2.hdslb.com/bfs/archive/7a3aeda5bfc8940df7dcc35fa7989248f6bd901f.jpg,89222629,BV1z7411J7x9,1581766952,2020/2/15,19:42:32,04:44,13900,13212,32806,4459,137512
五斤鸡胸肉可以做多少肉松？小伙花了整整36小时才把五斤做完！,4669,3512180,//i1.hdslb.com/bfs/archive/76bd0a6e982d2941668cdb23b72bfdde87016795.jpg,88922492,BV1P7411g7Jk,1581674328,2020/2/14,17:58:48,08:46,48546,39692,212237,5781,433484
“深夜派食”小伙晚上睡不着起床做水煮肉片，配一缸米饭吃真过瘾,4026,2582124,//i2.hdslb.com/bfs/archive/5133242258490e2ec7053aad4b737d515f630bfa.jpg,88387868,BV197411G7Ky,1581499818,2020/2/12,17:30:18,06:12,16150,19433,43971,8484,171210
抖音上学的韩式蜂蜜炸鸡翅真的好吃吗？小伙在家做了一大盘尝试！,4256,2987785,//i1.hdslb.com/bfs/archive/c7660154e7efa02e69ddda72711f7e5ae4377462.jpg,88154449,BV1p741157a1,1581413432,2020/2/11,17:30:32,06:43,31013,32960,47212,15062,186295
小伙自制大排档同款凉拌皮蛋，鲜辣爽口一整盘都能吃完！,4165,2071391,//i2.hdslb.com/bfs/archive/714ef61b1c5a8a9058d707f285e5e1d2a307edac.jpg,87542807,BV1Q741187uv,1581157976,2020/2/8,18:32:56,05:55,27689,12054,40077,3962,145113
小伙因为挑战大胃王从来没成功过，怒买十斤草莓挑战大胃王吃播！,6068,2355331,//i0.hdslb.com/bfs/archive/209f9214b2106443c76eb75610aa8503c50096a6.jpg,87113349,BV1h7411h7c1,1580981748,2020/2/6,17:35:48,06:15,28727,9571,44245,4208,165157
“读评论”帮粉丝完成心愿，把话转达给贤宝宝,3030,1926403,//i1.hdslb.com/bfs/archive/fd22f8701b8a3ea48c8e77fdf2baae1ab49fdbe0.jpg,86725721,BV1F7411W7vz,1580816701,2020/2/4,19:45:1,06:45,24021,10493,32392,2495,138800
小伙花160买两斤半羊排，自制秘制烤羊排，滋滋冒油看着太香了,3216,2043734,//i1.hdslb.com/bfs/archive/0807dca3afa0d5cc8f4851f5cf7346e09e128804.jpg,86113882,BV1V7411x73o,1580552218,2020/2/1,18:16:58,07:20,14924,8376,33287,4665,123998
小伙凭想像制作肯德基吮指原味鸡，没想到味道竟然...,3277,2416320,//i0.hdslb.com/bfs/archive/1315b827de2c5045bb5e1dd88e4e3735c0821bcc.jpg,85750244,BV1S7411q7Tf,1580376769,2020/1/30,17:32:49,06:18,16099,8528,28442,3501,126159
海底捞什么火锅底料最好吃？小伙为了尝试把所有底料都买了！,4624,4108423,//i0.hdslb.com/bfs/archive/681e3f9a3e6eac5504c4001b5812e59785088a69.jpg,85369921,BV1W7411r7fq,1580203835,2020/1/28,17:30:35,07:23,18053,34748,182144,10018,395904
试吃米其林厨师制作的速食烤牛腿，烤20分钟就能吃，真的好吃吗？,2260,2105300,//i1.hdslb.com/bfs/archive/f79bbac168add6514e029a42470b71003cd56745.jpg,85073930,BV1v7411k7bf,1580031020,2020/1/26,17:30:20,04:40,9075,5833,22112,1451,109450
“蛋黄派的VLOG”我获奖了！！,1846,2059689,//i1.hdslb.com/bfs/archive/ca6299bd14eb732894f7575d75d39f4a07adc20d.jpg,84938045,BV1Q7411r7Lr,1579944644,2020/1/25,17:30:44,04:28,16084,12050,39938,1104,149089
小伙学网上新奇做法烤牛肉，一口锅就能做，以后都不用烤箱了！,2965,2503370,//i0.hdslb.com/bfs/archive/d4e34117c04dd0294d4ce884b1ec1ef3d5e3a063.jpg,84665915,BV1o7411e7Mb,1579771842,2020/1/23,17:30:42,07:24,19401,13710,44173,5521,148621
原来外卖的“粥”都是用3块5的料理包做的，看完你还敢吃吗？,2917,2026311,//i0.hdslb.com/bfs/archive/0553291a173813fa2e1e01290aa5cf0d2b87de0e.jpg,84373228,BV1K7411i76c,1579599036,2020/1/21,17:30:36,05:03,7363,6081,24208,4105,119162
抖音上教的照烧鸡排饭真的好吃吗，小伙买两斤鸡腿制作尝试下！,2534,2607195,//i0.hdslb.com/bfs/archive/da379bb4e4527814ae9c888acca0783e77f4b8fc.jpg,83747618,BV1AJ411E7wx,1579253430,2020/1/17,17:30:30,05:00,11649,14306,26580,3869,116439
海底捞虾滑吃到饱要多少钱？两小伙点满满了一桌，路人都看呆了,3243,2521040,//i2.hdslb.com/bfs/archive/002fc4e51df050130e2c01a995fd2999b52c714d.jpg,83493312,BV1vJ411J7Rk,1579080604,2020/1/15,17:30:4,05:56,20313,11334,44131,4444,152821
100元潮汕砂锅粥有多少？小伙花100元点了满满一大盆，吃的太过瘾了,2817,1636339,//i1.hdslb.com/bfs/archive/f81387bb4e3b0646b8d9591bef2a5e9e1618b3a4.jpg,83389172,BV1XJ411E7FA,1578995580,2020/1/14,17:53:0,05:06,8416,5740,23454,2198,94568
肯德基狂魔上线！试吃新品烤全鸡桶，要提前预定才能吃到，真的好吃吗？,2843,3142183,//i0.hdslb.com/bfs/archive/c252daa74250dd2eb7a20adafc1c0422debc36ab.jpg,82976516,BV17J411p77c,1578734936,2020/1/11,17:28:56,06:43,20586,13172,58466,6550,207613
德克士什么产品最好吃？小伙一次性全买完尝试下！,6925,3536655,//i2.hdslb.com/bfs/archive/10e7e0bc62caff447635fe5af661442576a8f67f.jpg,82676003,BV1kJ411G7Fq,1578562251,2020/1/9,17:30:51,07:06,24154,11500,33125,4836,156418
小伙尝试网上爆红零食，惊了，这难道就是传说中的.....,2495,2551331,//i2.hdslb.com/bfs/archive/086144631f62a01fc22a78fc610e2ce5a1e38ad3.jpg,82185327,BV1YJ411L73m,1578215838,2020/1/5,17:17:18,05:18,10058,8283,18351,1992,109362
小伙模仿韩国吃播吃炸鸡，点上满满一大盘，能吃的跟他们一样香吗？,3197,3999434,//i1.hdslb.com/bfs/archive/231668d7762173687bdc25dd5ee5e6239e0bd6bf.jpg,82005586,BV1MJ41177XA,1578130220,2020/1/4,17:30:20,05:12,23426,14029,46451,7841,176473
小伙自制中国传统美食“三不沾”足足搅拌了30分钟才做出来！,2409,2264249,//i1.hdslb.com/bfs/archive/ba01fa178cba7c028784ab0b9d4626745f0a2744.jpg,81400526,BV1HJ411h7qx,1577784609,2019/12/31,17:30:9,05:11,24156,17021,95527,2173,169200
扎心了！原来，UP主们在2020年想要做这些…,1262,1262040,//i1.hdslb.com/bfs/archive/bd6033684747957356771850af57bb85996a5594.jpg,81391725,BV1uJ411h7ng,1577774708,2019/12/31,14:45:8,05:19,7279,3877,6356,2665,58510
小伙花368元买了只4斤烤乳猪，吃着味道像腊肉，真的好吃吗？,2228,2105750,//i1.hdslb.com/bfs/archive/f8a684593ecb72b33fb4b26ad27540d3cb7ae5ff.jpg,81150077,BV1iJ411a7nC,1577613061,2019/12/29,17:51:1,05:43,11373,6337,31284,2110,108521
把客家特色小吃“捆粄”全买完，到底需要花多少钱？,3517,1695848,//i1.hdslb.com/bfs/archive/db6a1c9e7857ea53ab8f119923b1c66ba0846fae.jpg,80958395,BV1EJ411e73w,1577525424,2019/12/28,17:30:24,06:43,13271,5891,23411,2590,94329
“读评论”粉丝叫我去跳影流之主，有内味吗？,2609,1633548,//i1.hdslb.com/bfs/archive/2c3fdf83eeb5906e63ece9ad240a6033caacef16.jpg,80739570,BV1NJ411s7Cc,1577355185,2019/12/26,18:13:5,06:01,34348,9952,42684,2002,128634
小伙花费两天时间自制“脆皮烤鸡”皮脆肉香，整只拿起来吃太过瘾,2365,3125927,//i1.hdslb.com/bfs/archive/e9521ce4eb9ae6fb610568f0c00f2cb70631e537.jpg,80454612,BV1hJ411x7xH,1577181218,2019/12/24,17:53:38,05:49,18676,18212,59518,6056,191500
沙县小吃什么炖汤最好喝？小伙直接一次性全点完尝试下！,2325,2243594,//i1.hdslb.com/bfs/archive/fc2d19c9bc7bea860fb324f9eeefd244d6071d13.jpg,80096080,BV1nJ41147ec,1576924333,2019/12/21,18:32:13,06:58,13052,8884,41033,2397,149032
小伙花100元买骆驼掌自制“烤骆驼掌”先卤后烤，做出来好吃吗,1761,1299174,//i1.hdslb.com/bfs/archive/c7b180f1ddc3c23f9cf98742cb7c771335fbf678.jpg,79922195,BV1uJ411b7HQ,1576834225,2019/12/20,17:30:25,06:33,11105,6820,27594,3726,75308
小伙自制超好吃的“牛肉丼饭”一口锅就能做，也太简单了！,2648,1764908,//i0.hdslb.com/bfs/archive/a761494f76f1d12e6adc0218fd5a9520019a17a1.jpg,79703910,BV1cJ411t75N,1576661420,2019/12/18,17:30:20,05:15,12725,12812,23486,3562,83754
抖音上曝光的肯德基原料是真的吗？小伙一次性全买来求真！,4020,3504113,//i1.hdslb.com/bfs/archive/a5951f00a395571fe480244401fe3cd62c44c950.jpg,79465773,BV1VJ41167yb,1576488605,2019/12/16,17:30:5,09:03,15640,34364,171848,4482,243165
广东早茶什么点心最好吃？小伙直接一次性全点完尝试下！,5018,3608613,//i1.hdslb.com/bfs/archive/63ad7d1b377ba6d6bd0410bd8e2f8563e9aeef44.jpg,79178852,BV14J411r7jT,1576315844,2019/12/14,17:30:44,07:22,30483,27442,150785,8779,280312
“红外线”烧烤机和烤箱有什么区别？小伙花400买个机器对比！,1822,1477419,//i2.hdslb.com/bfs/archive/70461c6abc806c0dff2a0f136eff8427dbb5541f.jpg,78845768,BV1MJ41117ga,1576056602,2019/12/11,17:30:2,06:23,7608,5070,24411,1247,76810
小伙自制家庭版“猪肉酥饼”皮用手抓饼代替，酥脆可口太好吃了,1564,1329348,//i1.hdslb.com/bfs/archive/dedeccedd6bff25317e360027bda767ed7813be2.jpg,78724398,BV1bJ411y7Rt,1575970230,2019/12/10,17:30:30,05:03,7420,7270,26013,1849,74848
小伙自制一锅五香茶叶蛋吃个够，茶叶的芬芳，味道是真香！,1868,1235515,//i1.hdslb.com/bfs/archive/e1d83791ffa34f877472f93f4cd441f2d5da0679.jpg,78485632,BV1GJ411v7Rk,1575797428,2019/12/8,17:30:28,05:12,8528,8006,25622,1755,77792
小伙自制“水煮牛肉plus”满满一盆全是肉，饭锅拿起吃的过瘾,1527,1449727,//i2.hdslb.com/bfs/archive/652ca5b9e93f32b2e89c4ad9b81f1fa9d0ec7aa7.jpg,78252201,BV1kJ411i7pg,1575627196,2019/12/6,18:13:16,05:57,8678,10413,23445,3468,77062
百万粉UP主2019年竟然经历了这些……【2019年年终总结】,3155,2668917,//i0.hdslb.com/bfs/archive/f15085c19f9ff3a1a6f7a31e2004b4a25cef67fe.jpg,78135967,BV1ZJ411v77g,1575541099,2019/12/5,18:18:19,04:36,17439,21645,25284,4520,128660
干吃黄油是什么味道？小伙学电视剧干吃黄油，一口下去就懵了！,2342,2589971,//i1.hdslb.com/bfs/archive/89e4d77b369e4997116475e86e564fe5487e2bca.jpg,78106598,BV1tJ411B7Yf,1575538227,2019/12/5,17:30:27,06:02,9281,9120,22409,2492,106069
肯德基狂魔上线！4大新品哪个最好吃，超靠谱的试吃来了！,1554,1564269,//i2.hdslb.com/bfs/archive/1b6a4befb7892604743f6dd6125b695d24e4840e.jpg,77807652,BV1zJ411z7bU,1575278386,2019/12/2,17:19:46,04:08,5367,3969,15903,2755,72608
抖音教的30天做流油咸鸭蛋是真的吗？小伙花30天求真，结果却...,3380,2557205,//i0.hdslb.com/bfs/archive/a36523afed834e2f9ea55ade76022b1de766d37e.jpg,77663156,BV1AJ411z7ZX,1575192632,2019/12/1,17:30:32,06:26,14631,18134,92585,2716,215242
“大胃王系列”小伙被人说不行，怒吃5斤生蚝补身体！,2238,1710211,//i2.hdslb.com/bfs/archive/7a04c9eebc9b8b6e9d888be2ed8e21866b1723a7.jpg,77295766,BV1uJ41197nD,1574933414,2019/11/28,17:30:14,06:38,12141,8729,36245,3305,97407
挑战火遍全网的鬼椒面，一杯面就有100万辣度，吃到嘴肿！,1777,2292500,//i0.hdslb.com/bfs/archive/380e5ef6731b004dd6417079f020482737deb47c.jpg,77186781,BV1vJ411X7Ew,1574847052,2019/11/27,17:30:52,04:32,10653,6394,25308,4579,99039
我都没见过这样的周黑鸭，竟然不辣，还这么好吃？,1533,1347917,//i2.hdslb.com/bfs/archive/be7dcfe2f5d8db23627634c260dfcec2744f45f4.jpg,76992735,BV17J411R7NK,1574679824,2019/11/25,19:3:44,04:49,5488,2631,9120,4102,73815
小伙自制懒人版鸡翅，肉嫩味香，电饭煲就能做，也太好吃了！,1455,976478,//i0.hdslb.com/bfs/archive/738973093ef704cebfaccc27a30a1df46db0f1a7.jpg,76835974,BV14J41197kt,1574587816,2019/11/24,17:30:16,04:19,5569,11384,21924,3351,62881
小伙用豆奶腌制鸡排，自制成正新鸡排，味道到底怎么样？,1720,1510244,//i2.hdslb.com/bfs/archive/231607b52e3483a6bbecdab92fe17affd950318b.jpg,76597186,BV1dJ411R717,1574415704,2019/11/22,17:41:44,05:04,7151,6001,20722,1526,77299
附近小吃店没卖鸡蛋汉堡，怒买机器自己做一大盘，吃的太过瘾了,1808,1919899,//i1.hdslb.com/bfs/archive/67b76c968bbd7bc63d77c08a839acc1d9d523769.jpg,76460299,BV1nJ41127Zs,1574328619,2019/11/21,17:30:19,05:38,10767,8838,19206,3430,90721
“读评论”美食博主被问做鸭三天有什么心得体会？,1936,1190089,//i0.hdslb.com/bfs/archive/58a23a733ea5b6c8b5f2f130e2ec804ce41587c2.jpg,75986678,BV1TJ411S7s7,1573983017,2019/11/17,17:30:17,04:27,6401,11191,46764,1624,154479
自制电烤肉加烟熏“食品添加剂”能烤出跟外面一样的烟熏味吗？,1096,733944,//i2.hdslb.com/bfs/archive/554e8452bc7479064179243b22da8e8880e385b4.jpg,75851548,BV1xJ411U7nX,1573896602,2019/11/16,17:30:2,05:26,5417,2619,13274,706,44068
小伙自制家庭版“番茄牛腩”汁浓肉香，也太下饭了！,1637,1550372,//i2.hdslb.com/bfs/archive/39ef1cd338fcfd1c0ec10fcb7ef1b1380d772d29.jpg,75624253,BV1dJ411S7sm,1573723809,2019/11/14,17:30:9,04:47,8160,13281,28430,3659,84203
小伙人生第一次“做鸭”足足花了三天时间，竟然感觉还不错？,2026,1728049,//i0.hdslb.com/bfs/archive/797f1a725c7e3fd0ea3d73186c736a40e619f95a.jpg,75222449,BV1FE411i7yn,1573378227,2019/11/10,17:30:27,07:22,12380,11673,66514,2368,126295
“三斤”猪寸骨配上秘制酱料，小伙做蒜香烤寸骨，吃的太过瘾了,1210,1045449,//i2.hdslb.com/bfs/archive/57d3cb160b4930751bd4bc2bcc5fc11c0dec8529.jpg,74959826,BV1HE411q7NX,1573206856,2019/11/8,17:54:16,05:12,6340,6307,23532,1945,83138
小伙自制东北名菜“锅包肉”脆脆的声音听着都觉得好吃！,2733,2507598,//i0.hdslb.com/bfs/archive/22ebbeb1d80d48544152e71f4042448bf599c18c.jpg,74724672,BV1JE411i7qU,1573032604,2019/11/6,17:30:4,05:19,10059,16402,54533,3131,210693
小伙请贤宝宝吃加料100元煎饼果子，结果他却说我是标题党！,2556,4119403,//i2.hdslb.com/bfs/archive/4a27c42202e07767ebbd3a09cd8dbbf2fa1d4e6e.jpg,74510845,BV11E411q7rz,1572859851,2019/11/4,17:30:51,06:20,19328,19695,35745,4849,169833
小伙自制家庭版“湿炒牛河”直接加一斤牛肉，吃的太过瘾了！,1901,1642491,//i1.hdslb.com/bfs/archive/97a4b4479a5028de9404f44f86135f4975acc1c2.jpg,74001657,BV1RE411b7ar,1572514249,2019/10/31,17:30:49,04:24,8331,10289,33390,1847,131788
肯德基狂魔上线！试吃肯德基新品“泡菜肥牛堡”吃第一口就被辣到,1192,1249393,//i2.hdslb.com/bfs/archive/5711ea4080fd38f81925e04fa137394adef7e2f2.jpg,73730434,BV1VE411h7x3,1572254576,2019/10/28,17:22:56,03:26,3631,2804,9571,3018,51575
小伙买三斤牛仔骨煎着吃，配上秘制酱汁，吃的太过瘾了,1313,935480,//i0.hdslb.com/bfs/archive/51debf51b510c3e6b95817308855b1b4470b62cc.jpg,73615984,BV1uE411Y7YT,1572170584,2019/10/27,18:3:4,05:27,7146,7555,27112,1905,58830
小伙花90元买了两斤猪肘，做隆江猪脚饭，是否能达到饭店标准！,2269,2416064,//i0.hdslb.com/bfs/archive/c66684d2955279b384c47dda918470901ab16137.jpg,73356623,BV1jE41117JK,1571998793,2019/10/25,18:19:53,05:34,19152,14568,102423,2030,179285
为了做好汉，和小翔哥一起爬长城，结果差点走不动路,1315,1082755,//i1.hdslb.com/bfs/archive/aed641b9dae0d5835204914f026a4a16c9c7313e.jpg,73157867,BV1VE411y7o5,1571833136,2019/10/23,20:18:56,05:56,7423,10437,41369,1211,75440
快乐宅男最爱的烧烤大咖！小伙做了整整一大盘吃得超满足！,1430,2411303,//i1.hdslb.com/bfs/archive/f69aba432de43b5ff6f0efd9566e61f5897c2c88.jpg,71990061,BV1oE41167pK,1571652695,2019/10/21,18:11:35,03:53,7196,7083,19030,2386,86638
小伙为了吃正宗的北京豆汁，直接跑来北京，喝完一口脸色都变了,1435,927379,//i0.hdslb.com/bfs/archive/1bc11c6e35e2f930ef23d0eadc339686bca55834.jpg,71744276,BV1aE411k79i,1571479439,2019/10/19,18:3:59,09:13,10892,3136,12777,1088,48039
小伙第一次吃大闸蟹，直接蒸一盘，这蟹黄也太多了！,1111,1020466,//i1.hdslb.com/bfs/archive/5b7cb3f893a55fa5bf5ed658b1e7875972d0ebe6.jpg,71599684,BV1UE411r787,1571391034,2019/10/18,17:30:34,04:47,4770,2865,12834,919,46024
“读评论”不要在网络上逼逼赖赖，不服现实碰一碰！,1580,1364043,//i0.hdslb.com/bfs/archive/de3dbac65dea9cf149ccb0ef3d344d687d0348fa.jpg,71037408,BV1vE411Z7Ko,1571045410,2019/10/14,17:30:10,05:47,10012,6950,25476,1952,86348
小伙挑战把100根仔仔棒融化做成一个巨大仔仔棒！能成功吗？,1202,993108,//i0.hdslb.com/bfs/archive/bfa455924e0f3e738375249a36f93a3312515385.jpg,70848176,BV1yE411o7Uc,1570786256,2019/10/11,17:30:56,04:46,5585,2424,10058,1078,44014
网上爆火的柠檬鸡爪到底好不好吃？小伙直接做一盆来尝试下！,1160,1199666,//i0.hdslb.com/bfs/archive/32e8e362b166a5da3ebf8674ed609a6bc3885eaa.jpg,70639367,BV13E411f7dG,1570613418,2019/10/9,17:30:18,03:49,3947,4028,13254,1506,53820
小伙第一次吃猪扒包，直接加100块猪扒肉，吃的太过瘾了！,1972,1718248,//i1.hdslb.com/bfs/archive/250837a34c187691a8b42698a47f1b815793d9a1.jpg,70179395,BV1bE411D7AQ,1570268317,2019/10/5,17:38:37,05:01,10702,5025,18422,1370,74759
小伙自制懒人版“酸奶芝士慕斯”简单易做，懒人手残党都会！,2290,2353978,//i2.hdslb.com/bfs/archive/418168d5bca3891255b0acf60549a5373173e0bb.jpg,70014748,BV1BE411S7yR,1570181415,2019/10/4,17:30:15,04:38,12024,42152,47859,6024,134716
小伙买4斤鸡脆骨自己做“烤脆骨”脆脆的声音，听着就觉得好吃！,1301,1338819,//i2.hdslb.com/bfs/archive/31c10887eaf49f528b2a54dae9862df29828093d.jpg,69738780,BV1NE411Q7Re,1570008638,2019/10/2,17:30:38,04:16,12542,4968,22014,1346,69804
芝士就是力量！小伙在家做韩式芝士排骨，也太香了吧！,1222,1179928,//i1.hdslb.com/bfs/archive/7d37c4bf3f487211055acfdca3fd086f0a2fa7a7.jpg,69473388,BV1sE411X75J,1569835808,2019/9/30,17:30:8,04:44,5535,8102,25363,2062,68643
真·美食博主终于到100万粉丝了，感谢大家厚爱“读评论”特别篇,2029,1025299,//i2.hdslb.com/bfs/archive/d30e95c339c65207aaef355ca0d491bee59b294e.jpg,69274085,BV1PE411R7gw,1569665074,2019/9/28,18:4:34,04:27,11990,7571,33275,1348,85644
小伙在家花两天时间自制酱牛肉，大口吃肉简直不要太爽！,1122,1174140,//i0.hdslb.com/bfs/archive/e4481bc601380397827546109b567c6c75567229.jpg,68944624,BV1SJ411K7kc,1569404657,2019/9/25,17:44:17,04:35,4310,5870,17511,1439,56333
小伙自制黑暗料理“咸蛋黄火锅”味道简直太“妙”了！,1213,1544794,//i2.hdslb.com/bfs/archive/8e113ed4b78713bd50f4035e6f7c3107287b5c49.jpg,68747501,BV18J411M7Zw,1569231309,2019/9/23,17:35:9,04:28,5041,4080,17381,1189,64131
小伙在家无聊，挑战把100块奶片做成一个大奶片！能成功吗？,1025,1250565,//i0.hdslb.com/bfs/archive/5cd6150afbfe24bff5842b1014f3bc86853b8dbb.jpg,68373879,BV12J41137Kn,1568971173,2019/9/20,17:19:33,04:08,4256,3489,11723,1241,55221
小伙在家自制“烤肠”没想到做法这么复杂，能成功吗？,1219,1121617,//i1.hdslb.com/bfs/archive/ea075a43afe24f21fb15877dc93ab3554cfa881b.jpg,68170790,BV1RJ411g7y3,1568799725,2019/9/18,17:42:5,05:26,6675,4012,17533,1181,55666
小伙自制“蒜蓉肉沫烤茄子”吃一口就停不下来，太过瘾了！,1565,1200996,//i0.hdslb.com/bfs/archive/cc48e17f319a2fac32c930b11df330b9d155f568.jpg,67862755,BV1ZJ411A7ZF,1568541235,2019/9/15,17:53:55,05:11,7651,9543,25837,2580,69570
真·美食博主上线！自己在家做两大盘奥尔良烤翅，味道怎么样？,1082,1100021,//i2.hdslb.com/bfs/archive/4834bf60b0b0364428ed75bb3aa466b0c24b99d1.jpg,67556419,BV1RJ411P7td,1568368817,2019/9/13,18:0:17,05:24,5970,6010,17900,2238,55584
试吃300元一只的法国蓝色大龙虾，味道会比波士顿龙虾好吃吗？,857,1047331,//i2.hdslb.com/bfs/archive/61c49ab18dfd26c216bdb74a5f1b04983aa36374.jpg,67364049,BV1qJ411K7A1,1568193677,2019/9/11,17:21:17,04:16,4169,3678,18794,1128,53091
肯德基狂魔上线！小伙一口气点100块钱榴莲鸡块，太爽了吧！,1069,1367473,//i2.hdslb.com/bfs/archive/b7498653a639a25c20cd49a32ba8e2af67e8f5af.jpg,67058631,BV1v4411C7Nw,1567933859,2019/9/8,17:10:59,02:49,2871,2479,7316,1624,45749
加料100元的螺蛳粉是什么样的？这一大碗装不下！,1593,2443619,//i1.hdslb.com/bfs/archive/2252f8c3a37544b344896156aca2ee198b25e21a.jpg,66787066,BV1X4411y7mD,1567764031,2019/9/6,18:0:31,04:27,7165,5273,16935,3208,82448
遇水变“皮”的越南春卷味道到底怎么样？,931,820744,//i2.hdslb.com/bfs/archive/2d2f04e67d8b84b41f0b0a520921495baf702da6.jpg,66605556,BV1m4411C7CA,1567590025,2019/9/4,17:40:25,04:31,3167,1970,7025,822,34994
小伙初次去日本，就点了份4800块的炸龙虾天妇罗！真的好吃吗？,1818,1452522,//i1.hdslb.com/bfs/archive/bad6fd7d5113b1b627cf098eeb9e709207fb8452.jpg,66502981,BV1Z441117u9,1567506724,2019/9/3,18:32:4,08:00,7854,7090,33292,1195,76997
小伙在家就能一键做菜，居然比饭店里还好吃？,1113,1120883,//i2.hdslb.com/bfs/archive/cfd61d8c00c4c04af203ce4b266f4d40b3d6b764.jpg,66403063,BV1v4411179b,1567421886,2019/9/2,18:58:6,04:53,4336,3098,7341,1101,41852
肯德基狂魔上线！试吃新品香锅鸡块饭和酥饼，味道到底怎么样？,1223,946731,//i0.hdslb.com/bfs/archive/ce7c07e969dddf5aacaf170e01ac6745b00b881c.jpg,65882369,BV1p4411q7mp,1567073689,2019/8/29,18:14:49,03:09,3437,2040,6674,850,38720
小伙成“箱”买零食！真是太幸福！,1371,994091,//i0.hdslb.com/bfs/archive/b8b010c05151f85e57b2b0cd3751fe1dfee40377.jpg,65745918,BV1Y4411z7RJ,1566990421,2019/8/28,19:7:1,06:33,8744,3773,13820,886,55474
小伙第一次做邮轮，竟还在米其林三星餐厅点了碗牛肉面！,1615,1922325,//i2.hdslb.com/bfs/archive/be3dffb9ec84d74985b0c2db5547d713a58ae860.jpg,65603129,BV1U4411B7Zm,1566906747,2019/8/27,19:52:27,05:33,8510,3961,8498,1178,59776
小伙自制一盘“蒜香烤排骨”，这焦黄的颜色看着就很好吃！,2008,1137381,//i2.hdslb.com/bfs/archive/79662154aef2b14dbed51b19fcbd505b2d950f12.jpg,64543674,BV1k4411R7x3,1566296061,2019/8/20,18:14:21,03:43,5497,6917,17415,2241,57786
花100元能买到多少寿司？没想到是这样的“份量”？,2268,1786352,//i2.hdslb.com/bfs/archive/d6750a24c9a2a2c750eed316d8cc25139234c1fc.jpg,63658104,BV1g4411D7Vc,1565791252,2019/8/14,22:0:52,03:56,6733,4377,14004,1234,67774
“读评论”小伙为何变身“李现”？被粉丝挤兑最惨的一期！,1503,879461,//i1.hdslb.com/bfs/archive/ceeb555767a5d6081f1674a60c3f7a0f333309aa.jpg,63645655,BV1j4411D7ms,1565776823,2019/8/14,18:0:23,04:57,5404,5257,19269,1546,75471
终于成为“真”美食博主！自制脆皮五花肉烤出一盘油？,1378,1208651,//i0.hdslb.com/bfs/archive/11556881a3052e6cc6a17f766a9e103b69908ae5.jpg,63035669,BV1n4411X7dC,1565431255,2019/8/10,18:0:55,05:01,7074,4037,13774,1692,51146
小伙化身大厨，“专业”手法做羊排味道超赞！,1421,884628,//i0.hdslb.com/bfs/archive/9739417365fe7e635be983d37aca748a10cf666a.jpg,62484268,BV1Bt411K7a8,1565085358,2019/8/6,17:55:58,04:18,6856,4193,18225,1124,48515
2元的“速冻”扇贝和10元的“鲜活”扇贝，到底哪个更好吃？,1254,986655,//i1.hdslb.com/bfs/archive/488dd39bdb2d067374305ab0e4cf4618efa5aa50.jpg,62147704,BV1it411T77H,1564912859,2019/8/4,18:0:59,04:39,5318,2242,8227,600,38430
白虾和黑虎虾到底啥区别？不料被小伙做成了一锅红虾！,1319,718752,//i0.hdslb.com/bfs/archive/4d25f458f8afdfdb65e7278973c04b8ede5ad5e0.jpg,62002035,BV1yt411u7sn,1564826417,2019/8/3,18:0:17,04:31,5326,2501,13277,564,37198
“全网最大”火腿肠到底有多大？每一口都是肉！,2131,2054608,//i0.hdslb.com/bfs/archive/d84075edc624e8393c6616ba4b6c6eebf90a0c58.jpg,61738099,BV17t411F7e4,1564653087,2019/8/1,17:51:27,04:31,13036,3863,10280,1660,62023
加料100元的奶茶是什么样的？老板直接拿“桶”装！,5440,4366133,//i2.hdslb.com/bfs/archive/a17a5735fa74116ab1046831422f311f6b20c6ae.jpg,61588161,BV1Pt411w7Qd,1564569978,2019/7/31,18:46:18,05:50,25637,34921,108171,33484,305575
肯德基狂魔上线！试吃肯德基新品“鸡霸堡”比素堡还好吃！,1756,1685374,//i2.hdslb.com/bfs/archive/b14c46c679ca01bd123d8a687a71a1d1903c5ea2.jpg,61002171,BV14t411P7WQ,1564221135,2019/7/27,17:52:15,03:12,5898,3898,10126,1791,48724
加料100元的手抓饼长什么样的？老板：放不进饼里！,2239,2962542,//i1.hdslb.com/bfs/archive/8f87f4adb015d0d49d63f9216f81f965d1de705f.jpg,60822109,BV1rt411A7zv,1564135225,2019/7/26,18:0:25,06:51,27451,10777,34480,8179,117367
小伙花150元买“电烤炉”烤食材，和碳烤出来的有什么区别？,854,942293,//i2.hdslb.com/bfs/archive/b469efca242a857a244845fe8c82a026e1a8b9ca.jpg,60428176,BV11t41177U8,1563877579,2019/7/23,18:26:19,04:56,4405,2115,8463,487,31795
小伙试吃螃蟹中的健身大王“青蟹”这钳子长得都是肌肉吧！,648,626407,//i0.hdslb.com/bfs/archive/02aed3a62a20c94ce2895f977ddc68ca8dac7380.jpg,60091911,BV1et411E7Ag,1563703240,2019/7/21,18:0:40,05:03,3322,1133,4172,388,20863
试吃速食“牛杂火锅”一锅一斤半，小伙一人吃完太过瘾了,1232,1596964,//i1.hdslb.com/bfs/archive/0822b4b23705db9876ec8c9ae0c0c63ae7221927.jpg,59881005,BV1Ht411n7ur,1563543351,2019/7/19,21:35:51,04:54,7906,3556,13526,744,49601
小伙前几天吃帝王蟹自闭了，竟然迷恋起这些食物......,820,1572633,//i1.hdslb.com/bfs/archive/c10506865cec62677631cadf86e32cd146fa586d.jpg,59819787,BV1Xt411J7Vg,1563530402,2019/7/19,18:0:2,05:29,6646,8797,21182,916,60550
小伙试吃7款“韩式炸鸡酱”，到底哪款最适合炸鸡？,992,901933,//i1.hdslb.com/bfs/archive/82bcdb82d38e1f34681cc1c586b480620577e6b0.jpg,59431099,BV18t411G7jb,1563274780,2019/7/16,18:59:40,05:05,6199,3774,17640,873,43151
小伙100元网购“椰子鸡”原料，自制一道椰子鸡，味道也太好吃了,724,1025470,//i0.hdslb.com/bfs/archive/86460d28dd5ce9dd84ce94195ca8b9b3597b27c7.jpg,59252202,BV1yt41137GN,1563184803,2019/7/15,18:0:3,05:13,3772,2441,6746,559,31843
号称种草狂魔李佳琦推荐的炫迈究竟好吃到什么地步？小伙试吃现场很疯狂！,886,561504,//i1.hdslb.com/bfs/archive/26475bf0aaa33da29d817092e27eda2e9eab6dcb.jpg,59037139,BV1gt411V7v9,1563021301,2019/7/13,20:35:1,06:22,3461,1388,4923,305,21434
小伙履行承诺，600元帝王蟹安排！真是经费最高的一期了,1140,1644893,//i2.hdslb.com/bfs/archive/2f7fc1a2b22213a518bb9cca315278daa293da17.jpg,58843713,BV1Xt41157B1,1562925631,2019/7/12,18:0:31,06:12,8979,7736,49160,1075,107153
小伙花300元买了2斤“松叶蟹”鲜甜软嫩也太好吃了吧,833,1175887,//i1.hdslb.com/bfs/archive/3f32477218c764b27013c5d37113f547fe517ef2.jpg,58432253,BV1A4411c7iP,1562666453,2019/7/9,18:0:53,05:17,4063,4496,23331,568,71826
网上号称用“鲜活海鲜”做成的罐头，口感到底怎么样？,798,982633,//i1.hdslb.com/bfs/archive/400371653290a755d32ec568261fb1859b984058.jpg,58212233,BV1Rx411f7BP,1562491267,2019/7/7,17:21:7,04:53,4045,2444,11792,456,40442
小伙55元买了一斤“竹节蛏王”肉比手指还大，一口一个太过瘾了,1191,1848136,//i0.hdslb.com/bfs/archive/057631345b4728ca8b069ca11b0c8aa0ef5968e6.jpg,57956849,BV1M4411c7WG,1562325600,2019/7/5,19:20:0,04:58,7670,4708,19531,987,67667
肯德基狂魔上线！小伙20元买36个鸡翅尖骨头都不吐，吃的太过瘾了,943,794253,//i1.hdslb.com/bfs/archive/54e35b96266f6a09c09738b33cef70addd29f662.jpg,57827646,BV134411A7uo,1562236907,2019/7/4,18:41:47,04:45,3227,1591,6308,742,24654
全网最不会做饭的美食博主挑战自制“鱼头汤”到底能不能成功？,564,518079,//i1.hdslb.com/bfs/archive/c9001968e7389b6858d53dc234c8db4234d3cb5c.jpg,57705071,BV1C4411w7xQ,1562148182,2019/7/3,18:3:2,04:09,2367,1168,5799,135,19468
小伙听说吃蛋黄派会测出酒驾，怒买超市所有的“派”！,750,697927,//i2.hdslb.com/bfs/archive/267233118b963fc5af8e09457f3ec6527f9ad4d0.jpg,57467495,BV1jx411X7hr,1561976477,2019/7/1,18:21:17,04:12,3375,2259,6219,622,28789
“肯德基狂魔”上线！肯德基竟然出了“素堡”味道到底怎么样？,561,779016,//i2.hdslb.com/bfs/archive/a9360b226cdfc624c09d284b791c9bf7e0fc7269.jpg,57235982,BV11x41197HX,1561801406,2019/6/29,17:43:26,03:52,2036,1523,5504,319,23377
小伙花150元买了台商用刨冰机，只为找到夏天的“童年味道”！,680,980284,//i0.hdslb.com/bfs/archive/4c0426db18c08c0657b5f380bdf4c8ba012a7937.jpg,57119208,BV1wx411o7Hc,1561715327,2019/6/28,17:48:47,05:09,9466,2865,8144,1510,39527
“网红”产品真的靠谱吗？看小伙试吃“冰烤地瓜”后怎么说？,663,1032617,//i1.hdslb.com/bfs/archive/a481d2237013a24c3b9e8f07ecb3d3cda2e2b0ab.jpg,56987837,BV1Hx411d7Jq,1561629637,2019/6/27,18:0:37,03:56,3610,1389,4153,289,28507
真惨一小伙！自制省钱又健康的“薯饼”到底怎么样？,870,927437,//i1.hdslb.com/bfs/archive/2443e94c74aada5b9b577cb5076d9eb95ff56ddd.jpg,56794343,BV1cx411Z7Uv,1561458813,2019/6/25,18:33:33,04:41,3488,2382,7916,647,31298
小伙在网上买到“食品添加剂”到底什么口感，真的能增香？,1163,1018994,//i0.hdslb.com/bfs/archive/f421fa8d4c0fa614a939f2a017532b1cb54f1c0e.jpg,56548736,BV1w4411g7He,1561284008,2019/6/23,18:0:8,03:44,3408,3051,6616,1011,30700
被爆头八爪鱼刷屏后，小伙挑战“海兔”爆头！,896,1100528,//i0.hdslb.com/bfs/archive/456e015ba2342f685b4c70964d1786cff2ab2745.jpg,56171663,BV1o4411g7Qn,1561024806,2019/6/20,18:0:6,04:27,3825,3144,14788,374,50791
小伙突发奇想把50个脆香米融化，制作出世界最大的脆香米,1246,1431991,//i1.hdslb.com/bfs/archive/d14489b5190b662c326c06ec4c2a2794490404b0.jpg,55992297,BV1Y4411G7qg,1560855667,2019/6/18,19:1:7,04:33,7935,4604,14801,1459,51854
小伙试吃新疆特色手抓饭，羊排入口即化也太香了吧！,1289,1023055,//i0.hdslb.com/bfs/archive/bd45cccf54aef871b9fde7001742359a994fa2da.jpg,55766200,BV1N4411577N,1560679202,2019/6/16,18:0:2,04:23,3175,2258,6967,445,35821
值得无限回购的零食有哪些？小伙竟发现比薯片还好吃的东西！,506,291328,//i1.hdslb.com/bfs/archive/04fec3b676b5f6d066e3e1aafbae1ff8c5856fac.jpg,55482884,BV1y4411P7o8,1560434710,2019/6/13,22:5:10,05:07,1207,1085,2835,104,10329
小伙试吃”22种口味“康师傅泡面，到底哪种口味最好吃？,3550,2416360,//i2.hdslb.com/bfs/archive/f4209aa7580bef4aa22ec083bc36dbfe3246c781.jpg,55459913,BV1b4411P7Yv,1560416750,2019/6/13,17:5:50,05:56,35345,11417,21547,5642,84570
美食博主拥有的零食神器到底是什么？618三只松鼠大促！你也能即刻拥有！,2980,361096,//i2.hdslb.com/bfs/archive/998cf5a54e022f2b049798be7af60d88acddec85.jpg,55157225,BV1m4411N7NS,1560160846,2019/6/10,18:0:46,04:37,1631,1063,3245,1138,11845
100个星球杯里到底有多少饼干？一起来看小伙的恒心挑战！,1115,1273150,//i0.hdslb.com/bfs/archive/544d17ce7d86d97009ab1377e4a9cae7518e94e3.jpg,54804600,BV184411K74t,1559901617,2019/6/7,18:0:17,04:04,6307,5367,29629,1455,55280
帝王蟹还有罐头？小伙搭配泡面，吃出神奇感觉！,1116,837024,//i2.hdslb.com/bfs/archive/837cbe5a769c5dacd9b787a9f4c63ff1fcad6991.jpg,54608747,BV134411M7Nv,1559728850,2019/6/5,18:0:50,03:43,2769,1354,5161,200,24866
肯德基狂魔上线！5大新品哪个最好吃，最靠谱试吃来啦！,1662,641021,//i1.hdslb.com/bfs/archive/f325d89e28915ac372dcabb9b9ca02b76a851f1f.jpg,54463831,BV1c4411H73w,1559554323,2019/6/3,17:32:3,03:54,1273,1657,7296,647,20609
小伙试吃端午节最硬核粽子，号称全网最大！里面都包了什么？,1641,1134406,//i1.hdslb.com/bfs/archive/113d20db9d75b8b7d52a7b48c4d98d9100f23f00.jpg,54378408,BV1e4411n71W,1559471316,2019/6/2,18:28:36,04:30,3513,2965,14600,681,40680
小伙试吃网红脆皮五花肉，脆脆的声音听着就觉得好吃！,1525,1149400,//i2.hdslb.com/bfs/archive/963da19306043f3696c1b0114e42a8682fcac02a.jpg,54152537,BV1d4411H71g,1559301525,2019/5/31,19:18:45,03:52,1592,2734,7826,688,31084
美食博主读粉丝评论第二弹，在线怼粉毫不留情！,604,814232,//i2.hdslb.com/bfs/archive/5012916dad247a99e8b137b41e65ed26d7cc64dc.jpg,53962268,BV164411W77f,1559125369,2019/5/29,18:22:49,03:35,2883,2863,6968,521,30848
肥宅快乐的源泉！对比中韩炸鸡，哪一个更好吃？,705,641546,//i1.hdslb.com/bfs/archive/cfcae226d3bf96fecf69403ff82ba171b61a4cd1.jpg,53801059,BV1D4411p7Zn,1558965280,2019/5/27,21:54:40,03:44,2088,1250,3940,281,16883
提前过六一！小伙童年零食大开箱，从小吃的就这么硬核？,519,410902,//i2.hdslb.com/bfs/archive/80ece9c37c992cb0f7dd88708ff4b986cf9adb4e.jpg,53759504,BV1i4411p7Uk,1558951229,2019/5/27,18:0:29,03:41,1383,918,2556,119,11879
小伙花80买了一只比脸还大的面包蟹，吃蟹黄吃到爽？！,534,1003078,//i0.hdslb.com/bfs/archive/cdf949412f0c4936a7ce8fdf7e76f362b70acbfd.jpg,53550768,BV1W4411s7jU,1558778655,2019/5/25,18:4:15,03:34,1700,1358,4674,213,21235
完成粉丝心愿的一天，在麦当劳吃肯德基是种怎样的体验？,740,515688,//i2.hdslb.com/bfs/archive/8d0e612fe2517d3f97a0ab63b3d80b3522496ede.jpg,53420603,BV1r4411L7dG,1558692004,2019/5/24,18:0:4,04:26,2885,3839,22330,743,36783
端午节预警！又是一场南北方的硬战，甜粽和咸粽你pick哪一个？,2839,317508,//i1.hdslb.com/bfs/archive/520ea893f8d36a6715a400f1e015349712d8d0bf.jpg,53238005,BV1e441157vK,1558519251,2019/5/22,18:0:51,03:52,4947,823,4045,142,11323
小龙虾热门口味！麻辣小龙虾VS十三香小龙虾，到底哪款更好吃？,712,498103,//i1.hdslb.com/bfs/archive/f06c982c6ca888cfcfe11fd096af9346ba1e0fdf.jpg,53048357,BV174411j7m5,1558346456,2019/5/20,18:0:56,04:42,2037,1296,5145,256,16727
单身美食博主怎么过520？不堪秀恩爱怒买1000元零食吃过瘾！,616,435762,//i1.hdslb.com/bfs/archive/cda405ea3061f98d14da9fe01e55aa5fa1a5b92f.jpg,52983344,BV1Z4411L74U,1558266442,2019/5/19,19:47:22,04:54,2117,1570,5105,180,17321
小伙试吃“速食”兰州拉面，对比现做兰州拉面到底哪个更好吃？,1010,737419,//i2.hdslb.com/bfs/archive/eaecd81ef02fe44bfa533409c0dfec4629d5e37f.jpg,52844422,BV1d441177oT,1558173257,2019/5/18,17:54:17,04:14,2179,1630,5027,151,19594
小伙自制网红双蛋黄雪糕，又甜又咸的魔鬼搭配会好吃吗？,502,526296,//i2.hdslb.com/bfs/archive/1cda999626ee192d2ea695ae5689c99d6d234094.jpg,52704847,BV1W441177Vh,1558087200,2019/5/17,18:0:0,03:37,1201,1222,3822,334,16040
小伙网购三斤重的“安康鱼”直接做成红烧吃着也太香了吧,908,1134766,//i0.hdslb.com/bfs/archive/a518cb2718782516dc945d04616bc5cf8e2d9f55.jpg,52453579,BV1B4411E7gr,1557829226,2019/5/14,18:20:26,03:28,3593,1720,5595,399,27607
南方小伙第一次吃北京特色大懒龙，为什么吃起来味道和肉包一样？,852,673681,//i0.hdslb.com/bfs/archive/e1871b863712e8b7c4adce092e5583988944a024.jpg,52220176,BV1X4411h7g3,1557655212,2019/5/12,18:0:12,04:01,2329,1639,4123,200,20044
小伙第一次吃活的波士顿大龙虾，害怕到无从下手险些丧失海鲜大餐,656,924602,//i2.hdslb.com/bfs/archive/133005465b2a4109df9f64a56df69334c6d76ee2.jpg,51900759,BV1i4411v7Xv,1557396038,2019/5/9,18:0:38,04:51,3901,2955,10811,699,31614
广东小伙从小没吃过鲍鱼，长大后一次怒买40只鲍鱼吃过瘾！,1089,1158892,//i2.hdslb.com/bfs/archive/08007be4a21469c861732cb24f9170c03b320156.jpg,51731487,BV1k4411e72K,1557220520,2019/5/7,17:15:20,04:13,5062,2352,10470,336,36744
价格相差五倍！猫山王榴莲vs金枕榴莲，到底哪个更好吃？,734,595103,//i1.hdslb.com/bfs/archive/20b705668a9cb7d932f972d1edce3912d04b412d.jpg,51635473,BV1d4411i7EK,1557134534,2019/5/6,17:22:14,04:03,1606,1516,4386,603,16196
普通用户试吃肯德基新品，塔克青年乌龙恋茶社可颂哪款够惊艳？,858,696636,//i1.hdslb.com/bfs/archive/b154e8bbdd5f188e65ea4abf9f8a5d4384962aa5.jpg,51536577,BV1x4411i7s5,1557048151,2019/5/5,17:22:31,03:49,2157,1352,4212,491,18639
小伙自制大饼卷熏肉，徒手撕比两个脸还大的巨饼！！,618,1080793,//i0.hdslb.com/bfs/archive/ed6c2cda555d21fb246a24fa5b7fcbe317ef3e83.jpg,51176826,BV1h4411x7Ha,1556788907,2019/5/2,17:21:47,03:27,2441,1992,6651,211,28569
小伙试吃速食带骨烤香肠，一根便宜到只要2块钱？！,650,646951,//i2.hdslb.com/bfs/archive/26e6d98ecf02022576bd72d44a60583969c82d99.jpg,51056018,BV1C4411t7m8,1556704859,2019/5/1,18:0:59,04:22,1866,1767,5776,244,18612
KFC新品全网首发大测评，港式鸡腿饭vs柚子味圣代你pick谁？,702,647610,//i0.hdslb.com/bfs/archive/227ed50723a810ce378baed2c6b9ebedc2a4c73e.jpg,50842129,BV1g441187cF,1556530361,2019/4/29,17:32:41,03:43,1732,1693,5898,364,17530
小伙脑洞大开把三文鱼做熟，对比生三文鱼有什么区别？,843,608379,//i0.hdslb.com/bfs/archive/0df3ffe5532a571881a17b830ed647960ff5086c.jpg,50744122,BV1z4411b7QR,1556448843,2019/4/28,18:54:3,04:12,2090,1133,4891,204,17114
00后美食博主挑战大胃王第二弹，怒买6斤山竹能否全部吃完！？,746,494201,//i1.hdslb.com/bfs/archive/8b14a1bf54378268db4aef43808c2d3de52e3700.jpg,50504833,BV174411h7Xs,1556272839,2019/4/26,18:0:39,03:49,2000,1138,7429,192,17943
小伙网购5斤生蚝，直接做成两道菜，吃着太过瘾了！,600,479717,//i0.hdslb.com/bfs/archive/9fc6492ef72d7ae00cbc1f31702884f6d1ec9032.jpg,50408327,BV1m441187vM,1556186406,2019/4/25,18:0:6,06:14,2543,1068,4730,281,14599
美食博主网购速食烤羊腿，跟现烤羊腿相比难吃到只想拉黑！,436,485921,//i1.hdslb.com/bfs/archive/6e4f9f5d9a7e8a935d156ab6213a47d95296df8f.jpg,50152048,BV11b411374a,1555928155,2019/4/22,18:15:55,03:46,997,643,2441,97,11147
2019年第四波“粉丝礼物”31件大开箱，非常感谢,902,1438756,//i0.hdslb.com/bfs/archive/7384ce6e52a0b51a5591bd8edad216037d05e758.jpg,49944999,BV1ab411V751,1555768178,2019/4/20,21:49:38,05:20,8397,7386,18500,2443,55363
小伙试吃张云雷网红泡面，老干妈和泡面的神仙组合也太配了吧！,916,868998,//i2.hdslb.com/bfs/archive/a47d7cbcebfab825b31dbb70ebb3f57477e81d1b.jpg,49792678,BV1jb411L7rH,1555669822,2019/4/19,18:30:22,04:02,3469,6282,11552,1460,29796
美食博主读粉丝来信，应粉丝呼声竟然穿上了女装？,693,419923,//i2.hdslb.com/bfs/archive/4a69fb35352677aed108ed7f5cbbb2a8df64bb7c.jpg,49518910,BV1Cb411j7nR,1555411962,2019/4/16,18:52:42,04:53,3488,3032,10420,626,22266
小伙试吃速食日式蒲烧鳗鱼饭，和地道的鳗鱼饭比起来有差吗？,610,1256751,//i1.hdslb.com/bfs/archive/e7ddb84ddf3242391095973edf4d5c7e1bbe1429.jpg,49415556,BV1Gb411j7gy,1555320877,2019/4/15,17:34:37,03:13,2995,1803,4389,240,28223
试吃真正意义上的灌汤包“蟹黄汤包”一个就要15元，真的好吃吗？,1089,857737,//i1.hdslb.com/bfs/archive/3f6e1a9a632e47c479c42e3d604e804213bba7b1.jpg,48980429,BV1xb411M7ob,1554975265,2019/4/11,17:34:25,04:05,4757,2115,10858,814,25630
试吃肯德基新品“黄金鸡柳”一条就要一块多，真的好吃吗？,417,418843,//i0.hdslb.com/bfs/archive/2bf07576df207533d6a067db31a96db27a8d2fcc.jpg,48889424,BV1ob411T7M6,1554889440,2019/4/10,17:44:0,02:47,861,646,2270,169,10100
试吃海底中的“燕窝”光处理就要15小时，真的好吃吗？,423,367429,//i2.hdslb.com/bfs/archive/e4b7f43e19bc749a337a20bbba90c5e4531560ac.jpg,48705174,BV1Db411u7dN,1554716825,2019/4/8,17:47:5,03:36,1232,649,2462,113,10306
试吃北京特色小吃“卤煮”据说只有北京人吃的惯，真的好吃吗？,1091,1106904,//i1.hdslb.com/bfs/archive/528f12cd52e588ec5bbf7400d72d646e5a93071f.jpg,48488665,BV17b41137tM,1554546682,2019/4/6,18:31:22,03:59,2737,1579,4919,252,25798
广东小伙自制3斤蒜蓉扇贝，一口一个吃完直呼太过瘾了！,883,629524,//i2.hdslb.com/bfs/archive/0ed1f53792e0cc5bdb6cb5b68a449c151f396ae0.jpg,48258625,BV1Nb411g7n5,1554373440,2019/4/4,18:24:0,04:59,2664,2052,8907,635,22857
小伙作死挑战网红吃法水果蘸酱油，究竟是黑暗料理还是人间美味？,646,402605,//i2.hdslb.com/bfs/archive/2c766f4e406dabe9ee364c8aa96076146ff12a01.jpg,48086437,BV1Ub411p7Tb,1554202011,2019/4/2,18:46:51,05:08,1897,770,2963,381,11412
试吃肯德基新品“咸蛋黄酥青团”26元4个，到底好不好吃？,758,487648,//i0.hdslb.com/bfs/archive/d4d40a376464dd6ff06d781ab6b14a589ee34878.jpg,47662612,BV1Qb411x7pi,1553853811,2019/3/29,18:3:31,02:43,828,595,1997,300,9606
世界上最奇葩的水果干“甘蔗干”硬的跟木头一样要怎么吃？,404,380976,//i1.hdslb.com/bfs/archive/09c02d19ab51b109e01731276b68e49ea57fe4fe.jpg,47562604,BV18b411x7My,1553767252,2019/3/28,18:0:52,03:36,886,516,2372,211,9794
小伙广州长隆坎坷之旅vlog，万万没想到被困豪华酒店？,318,159557,//i2.hdslb.com/bfs/archive/8f0d4ba0c9de2d7834c315ad60b556fd094c63e6.jpg,47492427,BV1Mb411x7jr,1553680662,2019/3/27,17:57:42,04:21,629,278,1102,52,4814
小伙春游广州长隆vlog，住千元酒店排队自助嗨吃停不下来,309,201031,//i1.hdslb.com/bfs/archive/e227f1094199b11189a3dbb8e3c2feb9390d437a.jpg,47407264,BV15b411t7Qo,1553597380,2019/3/26,18:49:40,04:38,850,737,6302,97,9701
2019年第三波“粉丝礼物”24件大开箱，感谢,873,948097,//i0.hdslb.com/bfs/archive/9af0453ca0b8e688e9713d34cf06806ffaf9082a.jpg,47020198,BV13b41177wH,1553261102,2019/3/22,21:25:2,05:50,5497,2290,5154,741,26535
耿直小伙狂喝两斤奶！战斗黑眼圈！！,1050,443054,//i2.hdslb.com/bfs/archive/28ee573814b76d3d49dbd41253a76d47fdad5ed9.jpg,47001725,BV1jb41177hQ,1553248318,2019/3/22,17:51:58,04:25,2168,1164,4648,236,13644
小伙第一次试吃新疆特色美食手撕椒麻鸡，好吃到根本停不下来！,891,828738,//i2.hdslb.com/bfs/archive/ff13dacf265bd9496cd5d235585db41e4eb5c5b3.jpg,46566677,BV1Wb411n7Tb,1552822608,2019/3/17,19:36:48,04:57,2779,2024,6869,602,22061
小伙试吃来自海拔3500米的名贵松茸，一小袋就要130块！,597,538877,//i1.hdslb.com/bfs/archive/b023995583a15568e252d63c79dd6cfe1bfbc03e.jpg,46323430,BV1rb411H7we,1552644019,2019/3/15,18:0:19,04:53,1463,617,2672,94,11168
小伙一次挑战300串鸭肠，信誓旦旦的要成为大胃王吃播！,783,644923,//i0.hdslb.com/bfs/archive/d90b965c18c76c56a54a55169184d013470b42d5.jpg,46084382,BV1Pb411v7rH,1552383842,2019/3/12,17:44:2,04:08,2500,2285,10019,346,19579
小伙第一次“烤榴莲”据说味道像炖屎，到底是不是真的？,504,433900,//i1.hdslb.com/bfs/archive/008f91fb2e010603961073b479eb669f67493c42.jpg,45968989,BV1jb411e721,1552298407,2019/3/11,18:0:7,03:55,1578,713,2798,357,11259
争议很大！菠萝和凤梨究竟是不是同一个东西？,4078,912645,//i2.hdslb.com/bfs/archive/aa15faf1b7faacd03e66b20d74284547bd29edee.jpg,45761860,BV1db411v778,1552125619,2019/3/9,18:0:19,03:44,3232,3022,10379,1588,21853
小伙试吃米其林星级牛排，一片卖到200块，是普通牛排的10倍！,678,1212239,//i0.hdslb.com/bfs/archive/b4ba41b156f0b167cf38f4f0e1ae26f8f331be12.jpg,45492522,BV1Wb411q75k,1551866420,2019/3/6,18:0:20,03:29,2483,1518,3673,204,20970
小伙试吃黄金糯米蛋，香甜的糯米包裹着流油的鸭蛋，太神奇了！,291,366658,//i1.hdslb.com/bfs/archive/aeab62074964470b65ad11f7ae549a81ffd14cf8.jpg,45340205,BV1Mb411z7rp,1551691118,2019/3/4,17:18:38,03:42,1267,794,2819,229,9986
试吃水果中的蛋黄“鸡蛋果”吃起来是什么风味？,369,263209,//i0.hdslb.com/bfs/archive/c2686217a8f415e345afc003415a9ef849e80409.jpg,45104875,BV1Nb411B7Mq,1551520801,2019/3/2,18:0:1,03:31,796,490,2339,103,8511
试吃高端名菜“佛跳墙”据说最贵可卖到上千元，真的好吃吗？,755,822427,//i0.hdslb.com/bfs/archive/14d08126411826536c899e8ae294dc7e56a0dee2.jpg,45009891,BV1pb411b7V5,1551437137,2019/3/1,18:45:37,03:26,2231,1563,6523,298,21035
试吃法式焗蜗牛，近3块钱一粒，味道似“香菇”嚼劲十足,618,461406,//i0.hdslb.com/bfs/archive/0a40d1a5c3c09ddd763e17076aa6e4da71df6bb7.jpg,44741922,BV1Qb41187Xt,1551175202,2019/2/26,18:0:2,04:13,1202,746,3800,125,10509
肯德基狂魔上线！试吃肯德基新品避风塘大虾堡，真的好吃吗？,583,415865,//i1.hdslb.com/bfs/archive/2fdf40834d0e8ceddee3b4ac451c2dab419de583.jpg,44476112,BV13b411a7vX,1550914201,2019/2/23,17:30:1,03:18,1239,891,4034,364,11066
2019年第二波“粉丝礼物”12件大开箱，感谢,366,548448,//i0.hdslb.com/bfs/archive/4f3ef07151f4ea4d937aaaa67b4785ec97ae1f2f.jpg,44385483,BV1Yb411h7Rh,1550833919,2019/2/22,19:11:59,04:12,2311,2255,10746,585,24714
试吃“俄罗斯单兵战斗口粮”一打开满满一桌东西，也太多了吧！,1168,877070,//i1.hdslb.com/bfs/archive/eb9b51d0cbdaaefa8b0b7d642f4b08a15de2b8b7.jpg,44252280,BV1kb411Y716,1550743205,2019/2/21,18:0:5,07:25,4808,3029,10686,1127,28520
小伙试吃八种口味的泡面，场面堪称满汉全席，别提多爽了,632,672234,//i1.hdslb.com/bfs/archive/cca3f1d34a5abe9d1194d8987b6da222c328f498.jpg,44045176,BV1rb411a7cD,1550570449,2019/2/19,18:0:49,04:51,2100,2080,6464,423,19752
自制家常美食“可乐鸡翅”小伙一口气吃8个！,778,274417,//i2.hdslb.com/bfs/archive/1c26014f2b559f06037aa2a2935178457a3909ad.jpg,43869858,BV1wb41117mB,1550400514,2019/2/17,18:48:34,04:42,1576,688,2208,240,8070
试吃超神奇的“神秘果”吃了真的能改变味觉吗？,407,251520,//i0.hdslb.com/bfs/archive/7488cc57e6507c622389dae5989318589c9fb8ad.jpg,43730944,BV1Fb411m7S3,1550311254,2019/2/16,18:0:54,03:34,1126,372,1692,87,7094
户外试吃274元的“肉蟹煲”里面都有些什么东西？,1009,630091,//i0.hdslb.com/bfs/archive/829c18cf123b5765f67f8002d7b27b54493df6f3.jpg,43538303,BV1wb41127KZ,1550141180,2019/2/14,18:46:20,04:22,6954,1266,6246,305,17954
试吃世界上最小的椰子“海皇椰”也太硬了吧，锤子都砸不开！,329,467207,//i0.hdslb.com/bfs/archive/e600210fcf0be678697e0c62f735069ca7b78e07.jpg,43043563,BV1Qb411U7Pr,1549704366,2019/2/9,17:26:6,03:55,1205,535,1619,134,9675
小伙在家自制口水鸡，又麻又辣，简直是下饭神器,581,545069,//i1.hdslb.com/bfs/archive/05479828e9574772145b7255fd95c7dc498d6b77.jpg,42858101,BV1Qb411z7P5,1549533644,2019/2/7,18:0:44,04:30,1634,1289,2816,257,12206
我用音兔“2018年度盘点mv”，见证一年来的开箱精彩！,172,126715,//i2.hdslb.com/bfs/archive/04e7c0f348b1aff1f63e2cd73c92d81ad64b2f3f.jpg,42798893,BV1kb411z7w5,1549450336,2019/2/6,18:52:16,00:55,128,181,884,11,3621
小伙大年初一出去探店，居然然然扑了个空,345,181775,//i2.hdslb.com/bfs/archive/c5dda7d52d0dee6226c52610c952234ba1d16955.jpg,42716314,BV1mb411r78o,1549358566,2019/2/5,17:22:46,02:57,563,231,971,60,4740
12元的现做正新鸡排pk30元的“即食”正新鸡排，到底有没有差距？,770,763990,//i2.hdslb.com/bfs/archive/7d31dee9ca086f6d05deb7c835786368217a6ba0.jpg,42518868,BV1mb41167te,1549189013,2019/2/3,18:16:53,03:35,1640,1195,3082,262,14196
小伙挑战日本生鸡蛋拌饭，是黑暗料理还是人间极品？,1397,855645,//i0.hdslb.com/bfs/archive/b58f1ebfcb664951194180175fe19ecfa9f50fcb.jpg,42440965,BV15b411C7oY,1549101089,2019/2/2,17:51:29,03:58,3743,1321,2927,453,14621
怀旧玩具来袭，小伙带你穿越回去，来看看哪一个你玩过,317,229811,//i0.hdslb.com/bfs/archive/bebd8e98f60e977c50f3ba4a148870ca7932ec50.jpg,42315193,BV1vb411k7Qh,1549015250,2019/2/1,18:0:50,04:33,1221,524,1469,143,6343
试吃舌尖上中国同款“毛豆腐”传承千年的美食真的好吃吗？,650,471458,//i0.hdslb.com/bfs/archive/9aab35153121a502e78805119117f9a6c85be1a9.jpg,42215652,BV1Nb411k7QL,1548928809,2019/1/31,18:0:9,03:50,1255,424,1487,143,9016
试吃肯德基新品“荷叶腊味饭”22元一个，真的值得吃吗？,846,540220,//i0.hdslb.com/bfs/archive/a76cf1ae1933d30e91697c808cf020a8289823e6.jpg,41970514,BV1Hb411C7gc,1548686055,2019/1/28,22:34:15,02:36,1716,870,3774,724,12811
南方小伙第一次吃羊蝎子火锅，满满一大锅吃到停不下来！,537,525379,//i0.hdslb.com/bfs/archive/d55318dabe810b4855c55ab05d6e569894b19d81.jpg,41923073,BV11t411t7An,1548669603,2019/1/28,18:0:3,04:20,1521,588,2497,143,10752
小伙第一次吃龙虾，为了吃到肉，简直是什么工具都用上了,380,355909,//i0.hdslb.com/bfs/archive/fa2846d830f8001f059fc4e3ad1b9c691edaf08e.jpg,41835388,BV1Kt411t7Zo,1548583234,2019/1/27,18:0:34,04:36,909,388,1707,70,6931
三款“三只松鼠”网红年货礼包，哪款最值得买？,406,190388,//i1.hdslb.com/bfs/archive/b06ce142848dba87ecb7882c79f83ce1179c7617.jpg,41691264,BV1at41147DB,1548427420,2019/1/25,22:43:40,03:18,518,323,1851,99,5613
“探秘”肯德基蛋挞与速冻蛋挞，到底有没有差别？,377,304356,//i0.hdslb.com/bfs/archive/376491c27a3c47acdf0b21905db2b6c6f905abc8.jpg,41634877,BV11t411b7zg,1548408616,2019/1/25,17:30:16,03:40,803,605,1385,220,6579
2019年第一波“粉丝礼物”10件大开箱，感谢,468,447931,//i1.hdslb.com/bfs/archive/b226fa4ab75a22caedb391c7000787b56c6255b8.jpg,41459453,BV1wt411b7TZ,1548237614,2019/1/23,18:0:14,03:42,1573,1686,11570,270,21726
小伙试吃泡面的三种网红吃法，到底哪种吃法最好吃？,441,582351,//i2.hdslb.com/bfs/archive/fb6c8eaabeab739a61b3a85535f30a9d6514f821.jpg,41374588,BV1Mt411h7RB,1548151225,2019/1/22,18:0:25,03:38,1539,860,1956,241,10950
试吃肯德基新品“小龙虾糯米卷”这么小一个，一口就没了,498,418348,//i2.hdslb.com/bfs/archive/2dfd851022999ad6bc7c250a51b38b9d6b26ac43.jpg,41131222,BV1Ct411a7Lo,1547893617,2019/1/19,18:26:57,03:33,792,521,1620,192,8118
试吃舌尖上的中国同款“诺邓火腿”纪录片推荐的火腿真的好吃吗？,642,362756,//i2.hdslb.com/bfs/archive/ed94ccb15269f1ea96b9f767a1c52cf4bc17438b.jpg,40945405,BV1qt411h78q,1547719209,2019/1/17,18:0:9,03:22,872,365,1166,73,6148
13块的速冻披萨pk38块的外卖披萨，两者之间的差距有多少？,365,497822,//i0.hdslb.com/bfs/archive/32068634cc8fca3b87673b375f20790713f04d1f.jpg,40812635,BV19t411H7um,1547551534,2019/1/15,19:25:34,03:43,1482,685,1561,101,10246
试吃48元的“米其林一星泡面”米其林认证的泡面真的好吃吗？,505,915715,//i2.hdslb.com/bfs/archive/5668d7578482cce99527c2aabfba6e8c37d5f64d.jpg,40726982,BV14t411H7Bt,1547459752,2019/1/14,17:55:52,03:09,1551,1088,2790,164,18842
小伙为了做自媒体扩大拍摄场地，居然把床都拆了？,300,244585,//i0.hdslb.com/bfs/archive/02145d979fe9496ca2246da8fd72f77a4f3d6b4d.jpg,40622728,BV1vt411W7EU,1547373642,2019/1/13,18:0:42,04:00,1246,461,2748,36,8212
韩国部队火锅初体验，吃到北京瘫是什么赶脚,501,902362,//i0.hdslb.com/bfs/archive/4359a26a82f2d9d21c19c6c87a7ca7d973fa133a.jpg,40390238,BV1pt411p7qB,1547113109,2019/1/10,17:38:29,04:26,2069,1067,2593,298,15784
网红38元一瓶的“带电矿泉水”小伙一口气喝一半会有什么反应？,243,261949,//i0.hdslb.com/bfs/archive/ef7be469a668105a916b5233c6bca85b03bc1465.jpg,40216688,BV1Ht411s75t,1546941615,2019/1/8,18:0:15,02:17,722,481,1595,185,6511
实验派上线！旺仔牛奶糖融化后会变成地道的旺仔牛奶吗？,325,280233,//i1.hdslb.com/bfs/archive/180ed17e7b0a54452e56cc3265e69675169e7404.jpg,39960808,BV1vt411x7xk,1546684357,2019/1/5,18:32:37,02:18,597,339,1293,114,6403
肯德基狂魔！2019年第一个视频竟然是吃“麦当劳”？,462,312665,//i0.hdslb.com/bfs/archive/2d24b57fa132ccbaecb011c44f7d5d0190401c95.jpg,39742834,BV1Xt411B7MR,1546424263,2019/1/2,18:17:43,02:33,846,448,1592,91,5876
百万博主的2018年回顾！给自己的2019年定下这些新目标，你们呢？,401,134948,//i0.hdslb.com/bfs/archive/29fa8bfee51481aa1b7c77fceddfc5acdf46f55d.jpg,39504832,BV1nt41167mW,1546234852,2018/12/31,13:40:52,01:35,446,292,1765,32,5230
小伙试吃肯德基网红吃法，这些“脑洞大开”的吃法真的好吗？,350,345376,//i1.hdslb.com/bfs/archive/720fe184b66b992cc876858050d329f5a5f0ded8.jpg,39400583,BV1Ft411673p,1546164038,2018/12/30,18:0:38,04:24,781,503,1632,150,6251
试吃肯德基回归“小龙虾汉堡”24元的价格真的值得吃吗？,336,245469,//i1.hdslb.com/bfs/archive/224d11e5572abb0be02b1cce0abf04acd4916b95.jpg,39291471,BV1Tt411k7wG,1546077602,2018/12/29,18:0:2,03:41,614,370,1224,214,4591
小伙试吃四川香辣“兔腿”一口下去全是肉，吃着太过瘾了,341,217326,//i2.hdslb.com/bfs/archive/6dc3cfdc10ce68e43c25c32f3de8f3f82ae60858.jpg,39132515,BV17t411r7gY,1545904812,2018/12/27,18:0:12,03:31,708,280,1325,179,4582
小伙测评网红香体糖，吃完真的可以变“香妃”？,224,148906,//i0.hdslb.com/bfs/archive/a1d20d12fc7fd6611f985ec40b965cb3c6683f04.jpg,39059986,BV1ot41167t6,1545818440,2018/12/26,18:0:40,02:35,467,210,821,97,3657
2018第6波“粉丝礼物”10件大开箱，感谢,292,508708,//i2.hdslb.com/bfs/archive/ab6c7620772d7a6f512338710d9ea252d639dfc4.jpg,38908840,BV1Qt411k7JN,1545647456,2018/12/24,18:30:56,03:31,1240,811,2557,78,13587
试吃东北特产冻梨！又冰又硬一口下去透心凉,354,247408,//i1.hdslb.com/bfs/archive/10cd2b069f61bda2c5c5742639b1eab8c585f08e.jpg,38662796,BV1Ht411Y7XB,1545395412,2018/12/21,20:30:12,02:26,627,247,1007,108,4498
10元不到的孟非小面，竟然有这么多牛肉，吃起来太过瘾了,354,297991,//i2.hdslb.com/bfs/archive/8135e509c3e11dc1fb6f2dda40573184742b578b.jpg,38666003,BV1Ht411Y7Nw,1545391803,2018/12/21,19:30:3,02:53,432,371,1326,58,5169
某宝最网红三款吐司面包大测评，销量这么高真的代表好吃吗？,404,305658,//i2.hdslb.com/bfs/archive/053256fb3d41d7e355714c5422338426f1cba7b5.jpg,38516031,BV1tt411v7EP,1545220829,2018/12/19,20:0:29,03:08,1380,792,2929,104,6927
人参鸡汤自热火锅什么味道？打开竟然有一整只鸡腿,287,221232,//i1.hdslb.com/bfs/archive/29fc98163bea3febb561a9a25a9a45234860843e.jpg,38433174,BV1Xt411e7ty,1545127247,2018/12/18,18:0:47,03:35,485,271,1186,59,3995
试吃八种口味“奥利奥饼干”哪种口味最好吃？,445,192468,//i2.hdslb.com/bfs/archive/848e9458c423609fa03d637588d2d9a7b263ada1.jpg,38001226,BV1ct411B7iT,1544607692,2018/12/12,17:41:32,03:17,811,394,1442,107,4666
试吃北京传统特色小吃“豆汁儿”一口喝下去差点吐出来,354,208186,//i0.hdslb.com/bfs/archive/b1ff9b2eae54f4424445bb92871d7f9d4924f2f9.jpg,37918113,BV12t411q7Gh,1544522410,2018/12/11,18:0:10,03:20,693,270,1289,177,4224
小伙花60元买了一颗“巨型费列罗”这种大的有小的好吃吗？,412,307622,//i0.hdslb.com/bfs/archive/aa696f1849f899f527a9ca5709a4353a376c2a52.jpg,37770497,BV1Dt411i7zQ,1544349617,2018/12/9,18:0:17,02:45,840,367,1576,325,5717
试吃18元高铁“自热瓦罐汤”这种自热产品的汤真的好喝吗？,236,168471,//i0.hdslb.com/bfs/archive/c26078d42c879c6e283d49604f69c947d30684a1.jpg,37673076,BV12t411S7EW,1544263215,2018/12/8,18:0:15,02:44,322,218,1276,42,3683
试吃6元一袋外卖“料理包”外卖真的都是料理包做的吗？,595,519329,//i2.hdslb.com/bfs/archive/e88c8a9120d1b326d59d2deba7f78bb179595b35.jpg,37530002,BV1Gt411S7b7,1544090431,2018/12/6,18:0:31,02:54,755,916,1797,1140,7828
亲手制作日本名吃“章鱼小丸子”小伙一口气吃7个，太过瘾了,364,423981,//i1.hdslb.com/bfs/archive/37c2c363adb029d3ec96fb400cc9493944fd914a.jpg,37387616,BV1ft411D7kH,1543917645,2018/12/4,18:0:45,03:40,839,672,2384,161,8873
试喝20元网红“晚安水”喝完真的能一秒入睡吗？,682,589483,//i2.hdslb.com/bfs/archive/53788cc56dafe59d239a09912a63017c9cf335ee.jpg,37143410,BV14t411X726,1543658453,2018/12/1,18:0:53,02:50,1582,756,1915,193,10454
试吃世界最小西瓜“拇指西瓜”一口一个，嘎嘣脆,269,398623,//i0.hdslb.com/bfs/archive/b91786e8b9dd5f7a6828b4915289661ada01e43b.jpg,36948111,BV1Tt411R7JE,1543399700,2018/11/28,18:8:20,02:38,876,453,1315,130,7274
试吃肯德基圣诞节新品“过瘾炸鸡桶”真的能吃过瘾吗？,566,674104,//i2.hdslb.com/bfs/archive/faddd46db0290884cc72e20cae14192136b75903.jpg,36865035,BV1Xt41197Az,1543312813,2018/11/27,18:0:13,03:39,1824,979,2708,559,9861
试吃8090“童年零食礼包”50个品种，你都吃过哪些？,353,203466,//i1.hdslb.com/bfs/archive/43998579d20adb6cb1ab379298ec53d97965e8f5.jpg,36804360,BV1et41197cB,1543227635,2018/11/26,18:20:35,03:09,1393,723,4301,168,6672
号称中国最难喝的“五种饮料”到底是不是真的难喝？,970,323358,//i2.hdslb.com/bfs/archive/aad449a840ab26e8ae2cf52873793c0ef505a18b.jpg,36625100,BV1Wt411y7kk,1543053652,2018/11/24,18:0:52,03:13,2176,513,1209,168,5823
B站粉丝问题解答，你觉得自己长得像王大锤吗？,680,213159,//i2.hdslb.com/bfs/archive/60853ffc3517e221455a6d7e25bcb3c7e9351eee.jpg,36443263,BV1zt411C7Pq,1542801631,2018/11/21,20:0:31,02:08,433,470,1333,81,5912
试吃20元一份“肉眼牛排”到底好不好吃？,293,262972,//i2.hdslb.com/bfs/archive/f9f668a240ecf67df128f5a1a9d47425462dbd2f.jpg,36433642,BV1Kt41127w2,1542794416,2018/11/21,18:0:16,03:25,538,347,1544,59,4376
咖啡也有黑科技，试喝53元的“透明咖啡”真的好喝吗？,185,152961,//i1.hdslb.com/bfs/archive/fbde7a01de0405971f2c8110f45c0c046c8013c4.jpg,36226503,BV1At41117rj,1542535210,2018/11/18,18:0:10,03:23,506,245,1079,151,3471
试吃18元一片“菲力牛排”配上黑椒酱，一口咬下去满满的幸福感,235,179250,//i0.hdslb.com/bfs/archive/1d666d24262bf6802443f37791733a23caaa7db6.jpg,36163323,BV1Wt411m7hZ,1542452014,2018/11/17,18:53:34,03:12,594,245,874,64,3175
实测沙雕神器“防油面罩”到底好不好使？花费两份烤冷面手抓饼,191,105282,//i0.hdslb.com/bfs/archive/7b251f17f9740f74c877c144920dbd5a1eced5f6.jpg,35995866,BV1et41127ey,1542276012,2018/11/15,18:0:12,03:05,433,110,607,86,2189
2018第五波“粉丝礼物”10件大开箱，谢谢哥,315,303968,//i0.hdslb.com/bfs/archive/f55ff59297817ff11672c0462508f4f43720a95e.jpg,35948137,BV1bt41127ib,1542196819,2018/11/14,20:0:19,03:08,730,649,2717,86,8288
日本网红“黑糖珍珠奶茶糖”吃一颗像喝一杯奶茶，这么神奇？,186,123636,//i0.hdslb.com/bfs/archive/80ecd13293e481177bec012ed7d189e18a0c0518.jpg,35829644,BV1et411U732,1542016447,2018/11/12,17:54:7,03:00,350,213,924,48,2763
试玩黑科技“应急尿袋”遇水结晶！这么神奇？,209,149784,//i0.hdslb.com/bfs/archive/645fa36f5b62eaa7ccde4bfafb3d5c630350b819.jpg,35739057,BV1dt411m7hz,1541930422,2018/11/11,18:0:22,02:41,386,168,426,54,2545
试吃肯德基新品“热辣香骨鸡”自己吃一桶太过瘾了,204,197571,//i2.hdslb.com/bfs/archive/134a98917fbd6a766a8c8cf3ce4c1a093ff6aad7.jpg,35594991,BV1Ub411c7jj,1541757640,2018/11/9,18:0:40,02:58,567,310,955,280,3138
试吃“森林奶油”牛油果！竟然和猪油一个味道？？,274,208917,//i0.hdslb.com/bfs/archive/eb99e948349f53a81081576ab92668baacd3a35f.jpg,35477812,BV1cb411c7vU,1541586639,2018/11/7,18:30:39,03:01,659,273,1156,100,5037
单身理由千千万？采访——“千万”粉丝博主自我剖析,225,109249,//i0.hdslb.com/bfs/archive/801e75bde8edaecf006c073971641b9c3202098e.jpg,35426911,BV1ob411F7pG,1541497710,2018/11/6,17:48:30,02:45,573,587,1585,287,4511
双11期间应该做什么！先吃一只外卖“炸鸡”过过瘾,202,121020,//i2.hdslb.com/bfs/archive/1ff0124778e366509e1128986153b5e63467836e.jpg,35273833,BV1Ub411w7RP,1541325619,2018/11/4,18:0:19,01:46,313,200,782,61,2576
试吃拉面说新品“胡椒猪肚鸡拉面”这是我吃过最好吃的速食拉面,269,186347,//i1.hdslb.com/bfs/archive/90741976222b2df2518dbe87eb5686c09bdcfa2f.jpg,35179592,BV1gb411w7u7,1541239217,2018/11/3,18:0:17,03:37,461,502,1437,141,3842
试吃三只松鼠新品泡面“抖唇”吃完整个嘴巴都麻了,187,190374,//i2.hdslb.com/bfs/archive/de7d2a9f8899f061e251bc44fe7c7b705e32f8e3.jpg,35045862,BV1Gb411P7F2,1541066455,2018/11/1,18:0:55,03:02,502,262,1038,62,3869
试吃比手大的“章鱼足”水煮以后还膨胀了？,199,222714,//i1.hdslb.com/bfs/archive/145941bb9d3b2ac5fdc4fbbdcbb702e02a7afdb9.jpg,34955534,BV1yb411A7Ly,1540909237,2018/10/30,22:20:37,02:50,389,252,986,43,4283
试吃“速食手抓饼”油都不需要，一口气吃了两个！,239,243718,//i0.hdslb.com/bfs/archive/3f21f5232e783b11e2f2117619c41e1e763ebc7b.jpg,34576360,BV1et411d7Qt,1540462110,2018/10/25,18:8:30,04:04,578,371,1323,141,4561
试吃三只松鼠新品“自热烧烤”不用火不用电8分钟吃烧烤,192,366918,//i2.hdslb.com/bfs/archive/f9b0f84d4ed7985486f88d22bba02174f03a0640.jpg,34498831,BV1Ft411d7vF,1540375205,2018/10/24,18:0:5,02:27,633,477,1624,81,6514
网红88元“苏打水机”矿泉水3秒变苏打水，黑科技还是鸡肋产品？,301,148930,//i0.hdslb.com/bfs/archive/b75e4b14756292eca49c4a50b64f28a0d6a62c4d.jpg,34436830,BV1rt411R7B3,1540288825,2018/10/23,18:0:25,04:43,908,393,1862,319,3634
试吃“古典风餐厅”3人吃了157块钱，都吃了什么？,210,173350,//i1.hdslb.com/bfs/archive/6104859ed86ed8f1dbd786343d9a9b4d5a55e76f.jpg,34387799,BV1it411R7X4,1540203560,2018/10/22,18:19:20,01:37,296,213,785,25,3389
试吃即食山西特产“碗团”懒人必备,316,226847,//i1.hdslb.com/bfs/archive/5c3262d44ca3c74566b43ec2000faf2dd16d0550.jpg,34289001,BV1mt411o7HS,1540116021,2018/10/21,18:0:21,02:36,694,311,822,136,4219
试吃肯德基新品“万圣节全家桶”这是我吃过最不划算的全家桶,304,191087,//i0.hdslb.com/bfs/archive/5e14eff5bcc9c49f8114cc110500b668aaaeb16b.jpg,34089592,BV11t411d7tR,1539862210,2018/10/18,19:30:10,04:03,794,332,1263,110,4080
2018第三波“粉丝礼物”10件大开箱,270,251497,//i0.hdslb.com/bfs/archive/6861cb899fc8726aa176a6266271f6f2ec825656.jpg,34017553,BV1Kt411f7gp,1539770457,2018/10/17,18:0:57,04:16,829,584,3534,87,7956
试吃40元的“迷你鱿鱼仔”这个味道让我有点失望！,235,144184,//i1.hdslb.com/bfs/archive/9064de35f3c82e3d3bb1dabcc275343113a3647a.jpg,33955830,BV1yt411Z7Xi,1539684003,2018/10/16,18:0:3,03:18,2200,158,1526,53,3526
试吃网红博主推荐零食，真的那么好吃吗？,208,182938,//i1.hdslb.com/bfs/archive/9382823c6e82a9ad05701f8a28bac34b23168759.jpg,33903120,BV1nt411Z7st,1539602130,2018/10/15,19:15:30,05:04,493,581,1646,77,4233
网红“不锈钢冰块”冰三小时就能重复用，是鸡肋产品还是黑科技？,350,181058,//i1.hdslb.com/bfs/archive/b6aec754ec6cc595873c45e452122e20ccf1de23.jpg,33825225,BV1Kt411Z79w,1539511226,2018/10/14,18:0:26,03:18,533,186,752,122,2490
试吃肯德基回归“十翅一桶”小伙一人吃完太过瘾了,343,271169,//i0.hdslb.com/bfs/archive/08426b240d2cb5c5bfd84c50aaa71c18db58d8f1.jpg,33739490,BV13b411F7he,1539424808,2018/10/13,18:0:8,02:24,752,349,1420,135,4040
试吃“养生类食品”养身食品是不是都没味道？,151,66640,//i2.hdslb.com/bfs/archive/75ab3fc572ce4cac226d5e8c66c6bfc69a3d674e.jpg,33642130,BV1rt411f7F7,1539276437,2018/10/12,0:47:17,03:07,270,111,908,31,1903
试吃网红“食族人酸辣粉”这酸酸辣辣的感觉吃着真过瘾,311,276686,//i2.hdslb.com/bfs/archive/68369ff1d2533b66ed4837c6ee46c57576c09b89.jpg,33606875,BV1bt411f7LE,1539255055,2018/10/11,18:50:55,03:43,758,501,1241,234,5467
试玩“网红蓑衣刀”30秒让一根黄瓜变弹簧,267,197857,//i0.hdslb.com/bfs/archive/a50c41fff70e8d4f90b11ed1218d0c8cdd8c69e8.jpg,33540300,BV1qW411178B,1539168657,2018/10/10,18:50:57,02:33,445,188,849,46,3018
试做“烤冷面”一道简单的烤冷面被我做成了抹布！,336,346707,//i2.hdslb.com/bfs/archive/f347fbbe5d919fef5448d5dffb4025632759878d.jpg,33410378,BV1oW411y7nB,1538995255,2018/10/8,18:40:55,03:58,788,439,1608,193,5933
花50块钱在“拼多多”买产品，都能买到什么？,274,377158,//i0.hdslb.com/bfs/archive/7ea3dc4ab630370141c93b73a6084bc05ff3d82d.jpg,33330009,BV1yW411y7cn,1538906432,2018/10/7,18:0:32,03:07,852,434,1530,92,6579
试喝18元“星巴克咖啡”和普通咖啡，哪个更好喝？,201,72961,//i2.hdslb.com/bfs/archive/c390104a9d6668780e371b33632383838519c6af.jpg,33167220,BV1eW41127XN,1538739015,2018/10/5,19:30:15,02:32,392,140,810,61,2255
32块钱买了六个“健达奇趣蛋”开到三个重复的玩具是不是亏了,180,78602,//i2.hdslb.com/bfs/archive/cd6253633360f88cf4411b38d0aecb92e56765bc.jpg,33010470,BV1tW411U72o,1538576414,2018/10/3,22:20:14,03:54,390,96,663,31,1973
半年自媒体的感受，我又为什么成为美食博主？,563,88393,//i0.hdslb.com/bfs/archive/e457ccc96933123766243982f609b09083b4d026.jpg,32920330,BV1DW411m75e,1538490034,2018/10/2,22:20:34,06:10,1255,1098,5707,272,7100
试吃日本“纳豆”看着像鼻涕吃起来还很臭,201,181490,//i0.hdslb.com/bfs/archive/5175b9fe0b9445353c357a33997eca14b1996def.jpg,32827954,BV1nW411m7Yf,1538389826,2018/10/1,18:30:26,03:07,572,221,886,95,3792
试吃新品“海底捞”下饭酱，火锅店卖的下饭酱！味道怎么样？,235,149345,//i1.hdslb.com/bfs/archive/f354570d92ca9939d25923829098bd0bd33a0f56.jpg,32754110,BV1zW411S7pe,1538309445,2018/9/30,20:10:45,04:08,564,557,4417,110,4571
试玩49元“全自动蛋卷机”到底是黑科技还是鸡肋产品？,257,329010,//i0.hdslb.com/bfs/archive/2705c8cfcd618a00d622ca0ae10a74472229f2bd.jpg,32682084,BV1tW411S7fx,1538215212,2018/9/29,18:0:12,03:55,891,343,1344,151,6344
39元买的一次性“烧烤炉”拿来烧烤整个厨房都是烟,120,138537,//i1.hdslb.com/bfs/archive/2cab29e25fc529c70507ebb5063e957baa79fdb7.jpg,32572937,BV19W411U7Zg,1538058039,2018/9/27,22:20:39,02:45,409,232,1296,101,3301
试吃17.9的“钢珠糖”吃到嘴里有微微的铁锈味,113,55070,//i0.hdslb.com/bfs/archive/0147d1939ac640cee9c4f38275d00cf07c4d223d.jpg,32515055,BV1qW411U75S,1537961424,2018/9/26,19:30:24,02:28,332,194,1086,64,1914
试吃网红“吃不完的棒棒糖”这是我见过最硬的糖,175,116383,//i1.hdslb.com/bfs/archive/001f9804605449c2cd9a71f4dbe6b2a24be256ab.jpg,32388876,BV19W411z7rW,1537798838,2018/9/24,22:20:38,02:36,354,162,614,76,2563
2018第二波“粉丝礼物”24件大开箱,356,301407,//i2.hdslb.com/bfs/archive/5922caa5f978408af285e46a67ddd90da3574430.jpg,32318365,BV1YW411z7LF,1537714203,2018/9/23,22:50:3,04:48,1204,1041,5562,243,10837
试吃肯德基新品“中秋全家桶”59元一桶看看里面有什么,294,246599,//i0.hdslb.com/bfs/archive/8d87dde341db749351502ad16899fb5eac2b2f18.jpg,32226830,BV1yW411r7uL,1537626047,2018/9/22,22:20:47,03:09,676,411,2605,134,3979
试吃广西柳州“自热螺蛳粉”这辣辣的口感吃着真是太爽了！,188,112460,//i0.hdslb.com/bfs/archive/8b0bb108e86f101b129bef5da3c164cd554cf72d.jpg,32125381,BV15W411r7k1,1537524052,2018/9/21,18:0:52,02:40,337,237,830,78,3323
试吃七种口味“汤达人”哪种口味最好吃,489,483438,//i2.hdslb.com/bfs/archive/0d96cce29a2a6e1b7fd2587cf754e8c4a8068144.jpg,32087634,BV1cW411r7CD,1537437647,2018/9/20,18:0:47,03:37,2894,1710,2637,535,13615
平均20元一盒的“拉面说”两种口味试吃体验，哪个最好吃？,150,107224,//i1.hdslb.com/bfs/archive/20a51015caab1c11c2e60a90c1abe007fa79156f.jpg,32024218,BV1CW41167Ai,1537351244,2018/9/19,18:0:44,03:50,318,193,655,78,2396
试吃39元“日式寿喜锅”不辣的火锅大口吃太爽了,145,245173,//i0.hdslb.com/bfs/archive/43c3708c5ae39a3f780a6cbdf0b159c134453e96.jpg,31972304,BV1ZW411k7ND,1537266652,2018/9/18,18:30:52,03:51,641,830,1248,133,5345
旺旺新品“冻痴”没冻时是杯牛奶，冻住变冰淇淋，这么神奇？,126,230557,//i1.hdslb.com/bfs/archive/f6f11f7b60ed4d2c73876c2dfe69fb26aad89e52.jpg,31910363,BV1BW411k76h,1537178456,2018/9/17,18:0:56,02:15,428,458,824,70,4544
试吃日本网红“超大盛炒面”这分量也就一般面的两倍,183,141480,//i1.hdslb.com/bfs/archive/32a571cf17fa0bf32a18479ad53c372a24459400.jpg,31746633,BV1UW411r7Nq,1537005656,2018/9/15,18:0:56,03:24,462,224,748,71,2886
试吃11块钱的外卖“汉堡炸鸡”都能吃到什么呢,124,82639,//i2.hdslb.com/bfs/archive/bb6203cb43e5d1cbee2fda192534ebf8cf3eff89.jpg,31691235,BV1WW411y7HE,1536922849,2018/9/14,19:0:49,02:02,203,141,464,17,1921
试喝6元泰国网红“瓶盖饮料”感觉花了6块钱买了杯色素,166,119521,//i2.hdslb.com/bfs/archive/f77a32e7b3adc4366cbcc2db45ccab530809542c.jpg,31633652,BV1KW411y75A,1536848422,2018/9/13,22:20:22,02:10,434,189,541,34,3858
试吃29元一盒“自热烧烤”这个不就是不加水的自热火锅吗,103,53724,//i2.hdslb.com/bfs/archive/69f80d298cbb85d1b12a54ebb8183ab93a925f4a.jpg,31569583,BV11W411C7qb,1536746444,2018/9/12,18:0:44,02:57,168,91,370,20,1331
试吃香芋做成的薄片“香芋脆片”这个味道比薯片好吃多了,108,33955,//i1.hdslb.com/bfs/archive/57e52431c8daf5cb0a72c10ee5b8cf7f54cfe201.jpg,31522467,BV1JW411C7zS,1536674402,2018/9/11,22:0:2,03:34,164,105,315,14,1235
试吃12元KFC新品“咸蛋黄鸡翅”到底值不值得吃,80,59144,//i0.hdslb.com/bfs/archive/805aea7cf1179ba9ac370ad7ca49c3d621cc4a19.jpg,31519020,BV1nW411C7ae,1536660010,2018/9/11,18:0:10,03:42,243,90,380,34,1329
试吃六款下饭神酱“老干妈”哪款才是真正的下饭神酱,170,208471,//i0.hdslb.com/bfs/archive/e86e3fe08fd3e5f7d0ef4b69fe6190282122b0ae.jpg,31458445,BV13W411C7vp,1536573654,2018/9/10,18:0:54,02:55,706,531,1106,121,4069
试吃“双倍辣火鸡面”吃了几口感觉嘴巴都红了,139,133445,//i0.hdslb.com/bfs/archive/271ab6974109b7ca855382f3634a42076b62629b.jpg,31397105,BV1EW411o7eY,1536487228,2018/9/9,18:0:28,02:10,431,219,1105,60,3314
试吃“终极原谅大礼包”这里面的零食还真的是原谅色的,129,173446,//i2.hdslb.com/bfs/archive/7d57773ae718b946bb667ae14e6cc8d1610c63cb.jpg,31320562,BV1yW411d7ta,1536416423,2018/9/8,22:20:23,01:46,451,381,689,126,4328
试吃“猫山王榴莲冰皮月饼”吃一块感觉像吃了一块榴莲肉,94,35135,//i0.hdslb.com/bfs/archive/0bb3265a400a9be066dfefab84453782afb66a3a.jpg,31289939,BV1iW411d7zY,1536400839,2018/9/8,18:0:39,02:07,123,82,342,17,1186
试吃八条拼装“芝士条”吃完还是感觉原味的最好吃,123,110145,//i0.hdslb.com/bfs/archive/47716121fa18803126736e2f09938a7f08851865.jpg,31232926,BV1bW411d7sN,1536314441,2018/9/7,18:0:41,02:22,232,307,501,47,2542
试吃好利来的“冰山熔岩巧克力蛋糕”吃完这一块要胖多少斤,139,156684,//i1.hdslb.com/bfs/archive/c061ce7a6ae3966ea2fcb602671920be321385cf.jpg,31188028,BV11W411Z7BB,1536227420,2018/9/6,17:50:20,02:30,279,279,556,75,3173
2018第一波“粉丝礼物”11件大开箱，还收到了女生的假发,182,378371,//i2.hdslb.com/bfs/archive/14839e8432488d63fa727128b9428f639d70ec6c.jpg,31136882,BV1BW411Z7du,1536143413,2018/9/5,18:30:13,04:46,1181,867,1915,100,11348
9.9买来的“煮蛋器”真的可以用来煮溏心蛋吗,221,246981,//i1.hdslb.com/bfs/archive/0e36b48c320a64fa9a97266d877b5699b91d2c5f.jpg,31093486,BV17W411Z7w2,1536074118,2018/9/4,23:15:18,01:53,335,337,595,53,3433
开箱89元的“气球布丁”一盒布丁卖到89元，真的那么好吃吗,111,135589,//i2.hdslb.com/bfs/archive/f080d77cdd172d20d8345cd402caac029959fd56.jpg,31074100,BV1nW411Z7hi,1536040152,2018/9/4,13:49:12,02:35,241,347,1828,52,3773
试吃“棒棒鸡和夫妻肺片”这是我吃过最好吃的麻辣产品,203,209029,//i0.hdslb.com/bfs/archive/6314fc9c86ba025084588065903b712c07a3b8fd.jpg,31040980,BV1gW411Z7Yo,1535982720,2018/9/3,21:52:0,03:02,410,510,1116,137,4490
试吃KFC回归的“嫩牛五方”每一口都是酱香味,135,133497,//i0.hdslb.com/bfs/archive/fc01cacac818139a001f782d2a11033a894498c5.jpg,30985910,BV1kW411o7jc,1535968854,2018/9/3,18:0:54,01:37,192,193,396,53,2419
粉丝礼物三连开，竟然还收到了单生狗拼图,125,178355,//i2.hdslb.com/bfs/archive/d409774fa483842c4a332ff4b7bd30395ed65fb0.jpg,30947357,BV1rW411o7V1,1535883654,2018/9/2,18:20:54,02:34,433,372,795,30,5598
试吃粉丝送的6种“水果干”每种果干吃起来都像吃肉,115,42385,//i0.hdslb.com/bfs/archive/4bd314dca23792d537bd05d00958dbd1c31fcd28.jpg,30843375,BV1QW411f7j9,1535796000,2018/9/1,18:0:0,02:12,106,95,274,10,1447
试吃肯德基23元“龙虾鸡肉卷”这里面大概有10只小龙虾,127,73245,//i1.hdslb.com/bfs/archive/a93becd8096c9d0f7fb61f693c25f1e4e575b740.jpg,30742611,BV1JW411f73K,1535709635,2018/8/31,18:0:35,02:06,183,126,680,24,1842
试吃“红酒蔓越莓软饼”这饼味道不错，主要还不粘牙,159,26504,//i1.hdslb.com/bfs/archive/580be3bdd82bb970cf895bbfbd0f42cbbfb1fe5d.jpg,30695745,BV1dW411Z7yn,1535623233,2018/8/30,18:0:33,02:32,193,89,602,9,1683
收到一位粉丝送来的“女装”作为钢铁直男的我受到最严重的侮辱,371,99930,//i0.hdslb.com/bfs/archive/0cfa83b334fdde192a1c045ec2f0e073b1cbcbd6.jpg,30610127,BV1ns411c7mS,1535536849,2018/8/29,18:0:49,01:47,712,1035,2442,492,6355
试吃9包“乐事薯片”一个正常人能吃完9包薯片吗,315,197358,//i0.hdslb.com/bfs/archive/ce9f8df04b0c383f31b0331fdfb64b4db4737568.jpg,30523996,BV1ys411F7hU,1535451325,2018/8/28,18:15:25,00:54,541,228,391,65,3097
十种口味“乐事薯片”测评，哪种口味最好吃,346,100552,//i0.hdslb.com/bfs/archive/1f5a5f6984b808991bec26a30fac9369909097fc.jpg,30519527,BV1Xs411F7Xw,1535450419,2018/8/28,18:0:19,02:45,1598,301,427,99,2481
试吃“小白心里软口袋面包”这里面酸奶的味道很像优酸乳,115,31943,//i2.hdslb.com/bfs/archive/c62aa9b35acaaef79c07b98339481552898b401a.jpg,30443144,BV1bs411F7vU,1535367359,2018/8/27,18:55:59,01:48,126,81,313,18,1120
试喝网红“断片酒”一罐喝完我是真的晕了,279,155975,//i1.hdslb.com/bfs/archive/ae8f35104b0e14fce85cd839ceb67bf5e16d4cc7.jpg,30366543,BV1DW411D7ov,1535286647,2018/8/26,20:30:47,02:50,457,349,1269,173,3152
试吃外卖22元“沙县小吃”22元都能吃到什么,307,278513,//i2.hdslb.com/bfs/archive/801d76953471f8e2f1cf65bffe81a73ae9cfe3b6.jpg,30267200,BV1HW411D7wt,1535190345,2018/8/25,17:45:45,02:31,585,293,1256,54,4442
试吃16元盗版“正大鸡排嫩肉五方”这是我见过最不像的盗版,339,201651,//i1.hdslb.com/bfs/archive/bbdb402ca6130e0712c2089994192cca2bbbcfe7.jpg,30088599,BV1jW411X7jP,1535017224,2018/8/23,17:40:24,03:20,681,252,474,37,2699
试吃粉丝送的”薯片和糖“别说这薯片还挺好吃,139,40754,//i2.hdslb.com/bfs/archive/21811302b7a89168a68157f763f50999c57a5d93.jpg,30033820,BV1DW411Q7tN,1534947321,2018/8/22,22:15:21,04:01,272,99,474,6,1556
试喝12元“兰芳园丝袜奶茶”味道感觉更接近于正宗的奶茶,194,52503,//i1.hdslb.com/bfs/archive/1685bb6be88232ef3ca90f085cf800d089d19e8d.jpg,29934793,BV1nW411Q7Fw,1534853459,2018/8/21,20:10:59,03:09,367,152,626,54,1812
试吃26元“芝士条”这入口即化的口感真是太棒了,193,125332,//i2.hdslb.com/bfs/archive/e5a63b96b6bb7e698ec0f78fa16ce641d151f324.jpg,29836332,BV1hW41197ra,1534774233,2018/8/20,22:10:33,03:24,344,325,926,91,2653
试吃月饼中的黑科技“流心月饼”吃起来的口感像是吃蛋糕,145,81671,//i1.hdslb.com/bfs/archive/d75e301780ad98871b157b43233a70b9702ded1f.jpg,29760030,BV17W41197Mc,1534676710,2018/8/19,19:5:10,04:02,387,220,469,26,2491
试喝“江中猴菇米稀”这个喝着就像没味道的芝麻糊,144,34523,//i1.hdslb.com/bfs/archive/41c967710245fa751877d225ead9618b6adaa4d8.jpg,29681832,BV1CW411X7Nc,1534601708,2018/8/18,22:15:8,04:13,202,70,253,20,1281
"试吃三只松鼠”钵钵鸡""配上米饭，这麻辣麻辣的口感真爽",145,85047,//i0.hdslb.com/bfs/archive/aeb2965563cd81dcdddc6ccf8906de23cdc2f974.jpg,29531612,BV1mW411R7HH,1534425652,2018/8/16,21:20:52,02:48,208,178,470,36,2150
第一次试吃“13单兵即食军粮”原来军粮这么好吃,154,236418,//i1.hdslb.com/bfs/archive/044f50b6c5b5227d99c0702915f9f2d7e6756829.jpg,29361916,BV1oW41197M3,1534255851,2018/8/14,22:10:51,03:05,494,355,855,43,5045
试喝“苏拉尔黑水”这个味道跟旺仔QQ糖很像,120,32556,//i0.hdslb.com/bfs/archive/a733bb68589835fd487ef35e23a3743a4cfc1c33.jpg,29226215,BV1hs411T7Jh,1534130453,2018/8/13,11:20:53,02:25,124,77,296,18,1168
试吃8.5”辛拉面“价格虽然偏贵，但是味道还不错,173,50489,//i0.hdslb.com/bfs/archive/f96eb0c95e822f6b0c33538fa906553e14126509.jpg,29162260,BV1gs411T7Uk,1534083315,2018/8/12,22:15:15,02:11,178,85,418,15,1455
第一次试吃死神系列“死神麻花“这个辣度不再我的承受范围,223,158837,//i1.hdslb.com/bfs/archive/4f5895b07afb486dcfeae6309ecfd6878d07d293.jpg,28998486,BV1cs411u7o3,1533897935,2018/8/10,18:45:35,03:33,490,224,880,48,3349
试吃雪媚娘“蛋黄酥”刷新了我对蛋黄酥的偏见,168,88761,//i0.hdslb.com/bfs/archive/c9bcd529ac8d2c849981d65c35cf99e382e77e1a.jpg,28917053,BV11s411M79m,1533824124,2018/8/9,22:15:24,01:46,175,162,360,23,2090
B站新人刚到一万粉丝评论区都变成什么样了,343,107309,//i1.hdslb.com/bfs/archive/008b08d5219f47744529abee43b4dc25e754cddb.jpg,28867956,BV1ns411M7ax,1533740290,2018/8/8,22:58:10,02:42,633,251,610,35,4349
试吃21元“高热量食品”吃完这些感觉明天要上火了,210,206978,//i1.hdslb.com/bfs/archive/3af6fc680357909ca249caf6133236386f3f18cb.jpg,28768654,BV1as411g74N,1533644302,2018/8/7,20:18:22,01:43,733,262,863,27,4193
试吃“单身狗粮”就是给我这种单身狗吃的,159,65127,//i0.hdslb.com/bfs/archive/6340d0bbc8574644adb0fe5a84542427a717d7b9.jpg,28687905,BV1js411g7z5,1533563938,2018/8/6,21:58:58,02:01,244,121,760,23,2079
试喝32元“美国BLK黑色矿泉水”第一次喝这么高端的矿泉水,191,113913,//i0.hdslb.com/bfs/archive/65b63e3ea8cf67c773869e2abf5cae6fab8f8945.jpg,28501340,BV1Qs41137tk,1533380434,2018/8/4,19:0:34,02:48,556,207,825,161,2809
试吃辣条大厂“卫龙自热火锅”这火锅里真的有辣条,298,201287,//i0.hdslb.com/bfs/archive/60e4ca91595db361dbd54f645d5c656cfc2e0eaf.jpg,28345250,BV15s41137WJ,1533219316,2018/8/2,22:15:16,04:48,450,306,802,72,5126
试吃外卖18元的“炸鸡”自己一个人吃鸡还是很过瘾的,323,239964,//i2.hdslb.com/bfs/archive/551db22cea6cd15465b26118dc36f56cd92c41a2.jpg,28264529,BV1es411w7Rn,1533132918,2018/8/1,22:15:18,02:38,743,258,824,56,2758
20块钱两瓶网红”透明奶茶“真的值这个价吗,230,162481,//i2.hdslb.com/bfs/archive/f2a0cc37f4f8bf7e4239d35427a4abb7c8720c5b.jpg,28196865,BV1Ls411w7PK,1533046040,2018/7/31,22:7:20,04:27,723,227,832,80,3533
第一次试吃“猪骨墨鱼面”这个汤就像自家煮的汤一样,198,105245,//i0.hdslb.com/bfs/archive/3ae25ec34562e25e6bd3482b15135b353b6b9802.jpg,28111395,BV1Us411c7zs,1532962833,2018/7/30,23:0:33,04:21,352,217,565,33,2377
实验可乐剧烈摇晃后，顶端手指弹三下不会喷出，这个说法是真的吗？,130,97219,//i1.hdslb.com/bfs/archive/6b9ad3cfc7daf4885bfcbe125f01786b637fe975.jpg,27960061,BV19s411A7M5,1532781399,2018/7/28,20:36:39,02:18,286,134,406,34,2408
试吃9.9两包“螺蛳粉”煮成这样我也很无奈,251,116773,//i2.hdslb.com/bfs/archive/7f19ab5918387801bb6d82b0f8144cd88760e253.jpg,27869008,BV1Ws411A7Ju,1532700903,2018/7/27,22:15:3,03:23,452,162,693,34,3303
试喝市面上常见的六款饮用水和矿泉水，哪款最难喝,259,74838,//i1.hdslb.com/bfs/archive/a369adcb62c295cd012eeecf56954e5ebd18da0f.jpg,27842895,BV1Ks411A7x4,1532683823,2018/7/27,17:30:23,03:04,640,151,456,70,2186
9.9一份的牛肉自嗨锅泡面，竟然有这么大片的牛肉,197,220975,//i0.hdslb.com/bfs/archive/cf5da2a306adb8a609366ffe8b36ae2a6bf00687.jpg,27602939,BV1Cs411P7Fs,1532425843,2018/7/24,17:50:43,04:16,628,386,980,72,4542
试吃7元一个“正新鸡腿堡”味道实在是没什么亮点,156,51441,//i2.hdslb.com/bfs/archive/6538b6de2611fb2d16af98fb1a8527170eebc831.jpg,27446439,BV1xs411K7Bz,1532251836,2018/7/22,17:30:36,02:38,247,92,387,18,1537
试吃6元一颗“蛋黄酥”实在感觉没什么好吃的,143,31453,//i2.hdslb.com/bfs/archive/cdfb97950d5aaec3150ee657611dd1930edd1437.jpg,27381540,BV1Ks411K7xV,1532182559,2018/7/21,22:15:59,02:27,222,74,400,17,1494
试吃KFC3.3元土豆泥加吮指原味鸡，这应该是KFC最便宜的一次了,103,42389,//i2.hdslb.com/bfs/archive/b1a56ae5702690a95f270ea53318e704947a163a.jpg,27237708,BV1Zs411E7BN,1532003907,2018/7/19,20:38:27,02:11,194,95,460,12,1603
试吃“雪梨枇杷水果罐头”这罐头枇杷也太少了吧,94,31428,//i1.hdslb.com/bfs/archive/e217ed2f8ee51ba622a9fa16e632058b3590e170.jpg,27170631,BV1Bs411E7Rp,1531924339,2018/7/18,22:32:19,02:04,121,72,350,17,1470
试喝10元“香飘飘牛乳茶”这是我喝过香飘飘最贵的产品,1375,305484,//i0.hdslb.com/bfs/archive/d56bf8277b5a4bf9a19aba51432bcfede32b5327.jpg,27066564,BV1Ts411E7hT,1531836912,2018/7/17,22:15:12,02:21,1838,475,1254,266,4271
试吃20元外卖“冒菜”看看20元冒菜都有些什么,232,232337,//i0.hdslb.com/bfs/archive/64b7e3951c48f9074f8d7e43e8f2846df3558a49.jpg,26990294,BV15s411n7J6,1531750531,2018/7/16,22:15:31,02:53,530,254,905,46,4099
试吃17块钱外卖“台湾卤肉炒饭”感觉这顿外卖还是挺值的,134,115037,//i2.hdslb.com/bfs/archive/11b3801261e3e88c799c84e68b9123e5302c8a7a.jpg,26861538,BV1Ys411J7D6,1531574497,2018/7/14,21:21:37,03:15,385,202,980,31,3115
试吃“野山核桃猪蹄”这个口感吃起来就像皮冻,83,50099,//i1.hdslb.com/bfs/archive/9b80353587f34ccdfd61402d4508c7bb61bd33b2.jpg,26784276,BV1Hs411J7Yi,1531497014,2018/7/13,23:50:14,02:15,118,82,350,14,1695
试吃“带米饭的自热火锅”这应该是我吃过最不好吃的火锅,131,114866,//i1.hdslb.com/bfs/archive/1ddee66460cfd1701029b7cc2a26a230e38770c2.jpg,26548108,BV1Ss411n7hy,1531232147,2018/7/10,22:15:47,02:51,288,166,632,22,3148
试吃肯德基“新品CP汉堡”连肯德基都开始秀恩爱了,189,153138,//i1.hdslb.com/bfs/archive/9e0a19d7ed76c7367486bda529f5e900c67d0249.jpg,26435313,BV1ys411p7Dn,1531064000,2018/7/8,23:33:20,04:19,803,307,803,73,4318
试吃来自内蒙古的“奶酥”口感就跟大白兔奶糖一样,85,30461,//i1.hdslb.com/bfs/archive/b01d66e7a2240b05a9820f3eb896427ad25b4ae7.jpg,26307438,BV1Ks411p7he,1530973252,2018/7/7,22:20:52,02:02,193,84,304,20,1603
试吃小时候“经典的雪糕”这些童年时期的雪糕你都吃过几种,221,108058,//i1.hdslb.com/bfs/archive/c520bb3a514fa4b02adabb824039bb0d627ccee0.jpg,26224783,BV1Ds411H7zG,1530802331,2018/7/5,22:52:11,03:02,728,226,552,28,3228
试吃“回头客早餐礼包”有很多面包都没见过,98,41303,//i2.hdslb.com/bfs/archive/cbdd50747861bc40992829fc625a531ad4252f97.jpg,26073900,BV1Ds411G7ef,1530627732,2018/7/3,22:22:12,03:33,245,97,285,9,1764
试吃商家赠送的“爆肛薯片”感觉没有想象中辣的那么夸张,109,74608,//i0.hdslb.com/bfs/archive/3870d2438388a5292be8aace92ff88894442fdaa.jpg,25942920,BV1Qs41157sy,1530453908,2018/7/1,22:5:8,02:12,180,116,351,17,2268
试吃9.9元星巴克同款“星冰粽”味道不错就是容易腻,145,158731,//i0.hdslb.com/bfs/archive/fc5a6f619d7b47e8f3d4ae472208c82941379561.jpg,25875005,BV1as41157h5,1530368408,2018/6/30,22:20:8,02:46,313,270,567,27,4200
试吃6元“汤达人泡面”这块肉比康师傅大多了,122,55492,//i2.hdslb.com/bfs/archive/20a945a3483731c55ee73fe8da2976a16f7cd922.jpg,25774279,BV1Fs41157LK,1530208727,2018/6/29,1:58:47,02:20,292,99,316,20,2067
试吃29.9块钱”三只松鼠零食礼包“看看29.9块钱礼包都有什么,123,85874,//i2.hdslb.com/bfs/archive/068770cece5f954b310d1b524e09c0ad2d23c002.jpg,25686225,BV1Ls411j7Mh,1530090311,2018/6/27,17:5:11,03:29,328,190,444,27,2571
试吃良品铺子“藤椒撸辣杯”分量有点少，好在味道还行,107,45366,//i0.hdslb.com/bfs/archive/e9256579da4bea91580d09f2544865841c11397d.jpg,25599330,BV1os411L7E7,1529954272,2018/6/26,3:17:52,03:23,332,112,400,25,2025
试吃“正新鸡排烤串”看看39元都能吃到些什么烤串,594,540766,//i1.hdslb.com/bfs/archive/6eb0591208dc7de41db559777ea4a462d5df191e.jpg,25399911,BV1Bs41177kp,1529682354,2018/6/22,23:45:54,03:00,948,532,1067,126,5811
试吃“红油川北拌面”光看包装就能感觉里面很好吃,193,110575,//i0.hdslb.com/bfs/archive/0495e0c9bc8d1d77334f4a28512fdecdaa9c2231.jpg,25344433,BV1Js41177oY,1529605173,2018/6/22,2:19:33,03:21,426,246,995,26,3556
第一次试吃“三养火鸡面”味道还不错，就是分量太少了,358,278926,//i1.hdslb.com/bfs/archive/30aea76d9340d725b485f0e8cc6622ab39f5505c.jpg,25285906,BV1Xs411j783,1529516941,2018/6/21,1:49:1,01:59,1216,430,894,147,8979
试吃迷你包装“压缩饼干”我感觉我在吃板砖,127,49916,//i0.hdslb.com/bfs/archive/9b043f0004b1610dc422c5dfd8f4ebf96f515185.jpg,25111124,BV1vW411c7qT,1529269900,2018/6/18,5:11:40,02:18,266,117,344,13,2196
试吃“奥尔良烤腿全家桶”在家也能体验类似KFC全家桶的感觉了,476,545082,//i2.hdslb.com/bfs/archive/d866e53401c0335b3d552a9bff4acc0855fce98a.jpg,24962887,BV16W411F7xK,1529080071,2018/6/16,0:27:51,02:16,776,635,1563,72,6829
小伙试吃“爆酱曲奇”这跟图片的不一样啊，感觉被骗了,152,107779,//i1.hdslb.com/bfs/archive/6bf8dd4f632f41bb2d5b7165f79f81e4d369394e.jpg,24963906,BV16W411F7TW,1529078801,2018/6/16,0:6:41,01:50,455,152,424,20,3189
试吃6块钱的“香辣兔丁”味道还不错就是不知道是不是真兔肉,185,73769,//i2.hdslb.com/bfs/archive/95c6045845d47c68e0e3a3b3654ee073b56c8246.jpg,24963179,BV1zW411F79Y,1529077738,2018/6/15,23:48:58,02:38,351,150,454,26,3031
试吃“聪师傅面包”一口满满的香甜，当早餐还是不错的,251,109454,//i0.hdslb.com/bfs/archive/42f0083dfb9f604f6b18b2588d29127d4954a26a.jpg,24902145,BV1wW411A7z5,1528989207,2018/6/14,23:13:27,02:40,674,233,595,34,4134
试吃“牛肉汤粉”这个汤喝起来想辣味的开水,795,245795,//i1.hdslb.com/bfs/archive/ae07432d791547d59534d51b0bf47ee0bb88dee9.jpg,24822412,BV1zW411w7N8,1528888523,2018/6/13,19:15:23,02:38,2401,431,1169,75,9199
去深圳“东部华侨城大侠谷”旅游VLOG,1285,230994,//i1.hdslb.com/bfs/archive/e5b6ad5afcbef20a764d964fa1f36ef438f2672f.jpg,24741340,BV1WW411w7Pi,1528799259,2018/6/12,18:27:39,04:35,4539,902,2054,184,13004
