﻿title,comment,play,pic,aid,bvid,created,date,time,length,video_review,favorite,coin,share,like
贝多芬听了都会摇,1800,647926,//i2.hdslb.com/bfs/archive/db35004b9a90a4de38361fa4ba0f637bc6a13b72.jpg,838403206,BV1Ug4y1i7WJ,1591779602,2020/6/10,17:0:2,01:48,2143,11958,14353,1702,75904
艺 术 童 年,932,263743,//i0.hdslb.com/bfs/archive/8edca182f86e8eee8b40e02d31f478ac35b01648.jpg,455912394,BV1o5411p7pu,1591020377,2020/6/1,22:6:17,05:56,6535,3114,3432,389,34167
当 当当 当当 当当当当,2133,1783854,//i1.hdslb.com/bfs/archive/b8ca54dedd688ee0380866a9c50e78f83b59f010.jpg,370767514,BV1zZ4y1p7Bo,1590315744,2020/5/24,18:22:24,01:31,4647,29260,23574,3190,171919
【特朗普】没有人比我更懂模仿！,5504,7380313,//i1.hdslb.com/bfs/archive/49f714eb27937bbca5b14d8033eeb4f7838fb1b5.jpg,710727237,BV1zQ4y1A7qz,1589536814,2020/5/15,18:0:14,01:22,13311,221841,224906,65914,677855
卢本伟献给新一代的演讲《赌浪》,2040,318071,//i0.hdslb.com/bfs/archive/c257d2b34df8fee754efba9d5ca9486d7048c798.jpg,243049857,BV16e411p7Kw,1588640435,2020/5/5,9:0:35,01:33,2942,8787,11349,5787,47098
教你在妹子面前秀魔术，扑克牌运动带师！,1085,347623,//i1.hdslb.com/bfs/archive/df16fc2a06cc05b52c75930aac15bd33702db88e.jpg,497971752,BV1tK411578N,1588305642,2020/5/1,12:0:42,10:31,6133,4022,4348,373,36228
伏拉夫最新单曲《财富密码》,8280,3271176,//i0.hdslb.com/bfs/archive/0b05381743cfe791da4ef851b8b12d80eb57965a.jpg,540253935,BV1Bi4y1876E,1587380466,2020/4/20,19:1:6,02:03,19816,50324,39272,28609,186999
老八挑战RAP语速极限《美食家》,3806,2096414,//i1.hdslb.com/bfs/archive/b1cf46c61545b8b34aedd0ad84c33ea950a20b1c.jpg,840221223,BV1T54y197zP,1586836550,2020/4/14,11:55:50,02:24,18115,55901,71634,18958,198780
黑人抬棺最骚版本（Beatbox）,2148,1186169,//i1.hdslb.com/bfs/archive/611badd16235edf3136952a5d157efd6c52210d4.jpg,837714915,BV1ig4y1878Q,1586594294,2020/4/11,16:38:14,01:34,6406,14285,19359,2961,114953
不要再网络暴力了！,1751,587721,//i1.hdslb.com/bfs/archive/ee5b50d0d236e0eb19481125bda7c95c7e11d32d.jpg,582655838,BV1v64y1u7Bi,1586490476,2020/4/10,11:47:56,01:16,2780,5545,3797,954,57438
建议改成：魔 术 带 师,2108,616343,//i0.hdslb.com/bfs/archive/858f7e08ded529c0fb5022822711eea1d9435e4d.jpg,540097546,BV1Di4y1b77i,1585889461,2020/4/3,12:51:1,05:50,27770,6367,4948,1491,81168
我 输 了,9456,2703468,//i2.hdslb.com/bfs/archive/aa4b1df01d713417e554c60a48013fde0546f4bb.jpg,99534969,BV1Z7411C7VS,1585215317,2020/3/26,17:35:17,03:36,15182,27092,23033,39250,106231
人家是小姐姐啊~,2181,779363,//i0.hdslb.com/bfs/archive/f50489ecdf9fc777995e95d27d4c23b6767e0020.jpg,96345972,BV12E41137wL,1584201600,2020/3/15,0:0:0,01:14,6807,11029,9002,12638,63129
一切都是因为在家太无聊,2488,777842,//i0.hdslb.com/bfs/archive/b5e71ab7d5bc8c94f810e3c16848e665bf82fad4.jpg,92190775,BV1b7411N7Dg,1582813387,2020/2/27,22:23:7,01:56,10998,9464,13276,2413,75985
声援疫线，Sing4U！B站各区知名Up主邀请运动员/艺人/CV等一起为武汉加油（原创音乐/人物录屏/应援念白/手写字条等）,3331,1073930,//i2.hdslb.com/bfs/archive/635105ec7aa212f0cea1ee3ee3715e32e03220ef.jpg,89013546,BV1r7411g7eo,1581739248,2020/2/15,12:0:48,07:01,23339,39549,89303,7747,158347
老公你快说句话呀,22113,11365530,//i2.hdslb.com/bfs/archive/bf93074b04128bb84ff8617abf21aad70ed9ee5c.jpg,87646992,BV1y7411t7Kt,1581213658,2020/2/9,10:0:58,01:08,29464,199809,149711,364949,502449
爷有第二次勾这个木桶吗？！,1367,499846,//i0.hdslb.com/bfs/archive/8c225012c4b64b7b0c52eaf2ae766c771d9558dc.jpg,86951721,BV1t7411H7Zh,1580910629,2020/2/5,21:50:29,28:01,17783,3534,4179,791,33262
七年了，我变成这样了,3908,840609,//i0.hdslb.com/bfs/archive/0cf3bc492e851a9c25c301bba0d2f0a479e2633a.jpg,85625945,BV1c741167Fd,1580356814,2020/1/30,12:0:14,05:39,12465,11830,33493,910,93099
硬 核 广 播,1367,1257764,//i0.hdslb.com/bfs/archive/689334504d5c6d2af19cbbf511bca55a4cd5345b.jpg,85430388,BV1C7411r7Yo,1580208318,2020/1/28,18:45:18,00:54,2071,22352,19241,13378,86894
失传已久的纯人声串烧版《恭 喜 发 财》,593,290277,//i0.hdslb.com/bfs/archive/efa58318e609fc220da607485b676af0e57f1fd4.jpg,85150819,BV127411k7ym,1580097627,2020/1/27,12:0:27,02:07,492,2859,4686,385,22882
食 神,2183,3855545,//i2.hdslb.com/bfs/archive/2e1b99776554cfa9f952b08a829d7bd8f5769730.jpg,83466664,BV1xJ411J7Ue,1579060855,2020/1/15,12:0:55,03:31,18727,93554,98878,73927,213924
他点的赞，凭什么我来承担！,791,577728,//i0.hdslb.com/bfs/archive/d7015167befc8fd26a91c9ef6b1a145b182c4a65.jpg,82899838,BV11J411H7hD,1578711651,2020/1/11,11:0:51,03:55,2950,4362,6759,666,50531
真一口气打完2019年度热门曲！,1614,801323,//i1.hdslb.com/bfs/archive/2c63ffd5613231a2c9d20391eb48c63533b8bd34.jpg,81890004,BV1CJ411j7m3,1578132034,2020/1/4,18:0:34,03:45,5565,34268,87837,3986,110594
电音穷哈,592,579376,//i2.hdslb.com/bfs/archive/246c4dcd856a7270269bdf133564cb7fdfcfbd5b.jpg,80785351,BV1YJ411Y7Bg,1577415638,2019/12/27,11:0:38,00:52,691,6152,5741,1186,34465
B站UP主现状（极度真实）,2057,645384,//i2.hdslb.com/bfs/archive/66a193c0b87e9b8d276f7349e4967e411272ab53.jpg,79980754,BV1vJ411x7t3,1576844396,2019/12/20,20:19:56,02:33,2799,7103,10516,663,72928
最牛逼的倒放挑战！,983,891879,//i2.hdslb.com/bfs/archive/97763dc3e0133d0ba5c5bc05e863380b91e241fb.jpg,79079341,BV1BJ411C7kZ,1576220882,2019/12/13,15:8:2,06:48,13589,11322,20070,2075,67566
奥利给妙妙屋,5424,17217577,//i0.hdslb.com/bfs/archive/50601f9a07cd1b7bd341d39564adb4d1d297b2cd.jpg,78698782,BV1GJ411y7ui,1575950419,2019/12/10,12:0:19,01:36,41284,442118,393644,331968,755830
【郭杰瑞】外国人开蓝翔挖掘机这么强？,521,278213,//i0.hdslb.com/bfs/archive/cba73f13bc061cf60bb6c36a5290730c2e8ff505.jpg,78429604,BV1RJ411e7zW,1575795616,2019/12/8,17:0:16,01:54,606,4809,5369,751,23680
给我爬！,1982,2475889,//i0.hdslb.com/bfs/archive/743569a224a4936d2977e7aa5c6fe218f740a8c2.jpg,77720885,BV1gJ411z7QE,1575202350,2019/12/1,20:12:30,01:15,4897,49561,40751,13676,131558
霓 虹 迪 斯 科 之 主,1478,2032658,//i2.hdslb.com/bfs/archive/09bc414a946322fae1566ef624d8d2df9af9e12d.jpg,76662181,BV1jJ411d7TM,1574472613,2019/11/23,9:30:13,01:18,3494,36377,34049,15771,84872
银 河 之 主,1522,2330094,//i1.hdslb.com/bfs/archive/090a5c74445c675be6f7ab79d0fa1ecdecf92266.jpg,76017474,BV1LJ411S7xi,1574071210,2019/11/18,18:0:10,00:45,5290,46579,38644,20556,92559
当你看了300遍的影流之主,3228,5589570,//i0.hdslb.com/bfs/archive/39a0c6987e70925b8e8dabf07384fd68206ace8a.jpg,75957805,BV1MJ411S7rp,1573954200,2019/11/17,9:30:0,02:59,18734,91626,125449,49853,314639
奥利给大战豫章书院【除恶扬善】,6549,3507785,//i0.hdslb.com/bfs/archive/cc464170e1e8ba12ec25ac3a3bf7519ca1433107.jpg,74758033,BV18E411i78G,1573099222,2019/11/7,12:0:22,03:25,35717,178465,314961,81469,367383
如果你朋友正在生气，让他看看这个视频！,594,875996,//i0.hdslb.com/bfs/archive/8d4fc780367b2bfb6c81f1beadf80671b9e3fd05.jpg,73934400,BV1vE411b7Df,1572494442,2019/10/31,12:0:42,01:33,723,19314,12616,5889,45192
全明星Say Goodbye！,796,352358,//i1.hdslb.com/bfs/archive/0c21a2f45f69419e8f3d9b6f999b86aaa5c6b467.jpg,71621651,BV1yE411r7KF,1571402135,2019/10/18,20:35:35,02:48,2967,15040,23099,3317,38610
女装直播，舞动青春！,1794,375730,//i2.hdslb.com/bfs/archive/d05bea5f91e7a0745d2a7eb0efaade70e8d2ea76.jpg,70198176,BV11E411D7eu,1570274884,2019/10/5,19:28:4,06:55,7089,5558,8052,2821,32443
全B站最狠女装！粉丝送什么穿什么,3857,1427333,//i0.hdslb.com/bfs/archive/3487e2f10bb18a047e0ef24c0b5f4f05f1b209ac.jpg,69609887,BV1KE41197uv,1569911502,2019/10/1,14:31:42,05:21,14382,22491,44313,7349,154221
我是你爹,2303,5051464,//i2.hdslb.com/bfs/archive/871b9f8ee1060da32b3f9e8a868512d8affebda6.jpg,69045071,BV1JJ411T7sS,1569556826,2019/9/27,12:0:26,01:41,6661,130912,122242,69032,253281
教你如何鬼畜BGM,667,423329,//i2.hdslb.com/bfs/archive/23334e2cd05f2e65a3af2f876177d0b3e3e24938.jpg,67253348,BV1GJ411K7fN,1568113221,2019/9/10,19:0:21,05:47,2745,6529,9602,1792,24311
沙雕鬼畜UP挑战最难跳跃游戏，崩溃了,322,238800,//i2.hdslb.com/bfs/archive/49abdda209c9712050f479d728f74d58a356ddcb.jpg,66736052,BV1x4411y7CL,1567760402,2019/9/6,17:0:2,07:00,2749,1963,2738,584,12934
每天一遍，舞动新宝岛！,1176,293480,//i1.hdslb.com/bfs/archive/e197544e7a20bad3f926606ee7f914672ae044ea.jpg,66537165,BV1T441127Bj,1567587659,2019/9/4,17:0:59,04:36,3530,2638,3370,1087,15930
千万别玩斗地主！！,385,238653,//i0.hdslb.com/bfs/archive/720ae02e81b370b2c25ce55364bfafe0f7612b77.jpg,66326886,BV1V441117Yk,1567393232,2019/9/2,11:0:32,05:37,2292,1286,1195,643,9821
在线鬼畜吴亦凡新女友！循环就完事了,3107,1975085,//i0.hdslb.com/bfs/archive/d7d11a0037f05a71f092974c7a7bcfbbbf4bcc5c.jpg,66096384,BV1k441127KJ,1567205253,2019/8/31,6:47:33,01:01,3538,16717,18587,16389,71272
看一次笑一次，黑人学我打Beatbox,848,515879,//i0.hdslb.com/bfs/archive/4360d8b9de04e300ab0c583c8d6ae4d4f03a4dfc.jpg,65814164,BV134411q7eu,1567040409,2019/8/29,9:0:9,01:04,1184,4954,3614,2112,30223
鬼畜up让粉丝跟黄晓明同台演出！,1212,786307,//i0.hdslb.com/bfs/archive/34e7a759838d2ab5b883dc75af0393c0f4af5e38.jpg,64658142,BV1t4411d7ua,1566360031,2019/8/21,12:0:31,06:55,9437,11122,24631,3501,50200
每天一遍，舞动青春（直播精华合集）,1960,319114,//i0.hdslb.com/bfs/archive/0ea789aca00096ce6fe990c25f4f773752ee0a18.jpg,63880686,BV124411U7vR,1565879992,2019/8/15,22:39:52,09:01,7889,4936,7670,1411,23811
大陆吃不起榨菜，专家开心的唱起来,1571,813409,//i1.hdslb.com/bfs/archive/e33486157ff3bfd4e33aedda00bf74c970514194.jpg,63551006,BV1m4411S71R,1565703288,2019/8/13,21:34:48,00:51,2258,10125,9142,2945,50726
十年前的宅男恋爱互动视频什么样的,1112,281590,//i1.hdslb.com/bfs/archive/d2e09069917ed5ed7a7a64b9d91013aa05416a22.jpg,62518791,BV1Dt411K7ch,1565099314,2019/8/6,21:48:34,28:31,11937,3389,5830,697,20420
乔碧萝殿下翻车现场Freestyle,3617,3281410,//i0.hdslb.com/bfs/archive/fe03ed44e458052ff375cd68ee711efa5ffba2e5.jpg,61221259,BV1wt411A7Gr,1564362024,2019/7/29,9:0:24,01:10,5295,25006,18791,32333,83474
鬼畜UP看鬼畜自己的视频，并用鬼畜回应！,2512,816170,//i1.hdslb.com/bfs/archive/fe9dd4995279e116a02452de09c8c4ab8ef7bd52.jpg,60929142,BV1Vt411P7QR,1564189244,2019/7/27,9:0:44,12:52,27512,20577,42086,3795,71023
为粉丝做鬼畜，收到奇怪素材,1842,1109746,//i2.hdslb.com/bfs/archive/62434476d3e7df92f26bc8e22a138f61821cfd26.jpg,60020089,BV19t411n7kZ,1563632553,2019/7/20,22:22:33,08:48,19433,22251,48031,5244,81411
这游戏居然让我变成坤坤？！,2559,625361,//i1.hdslb.com/bfs/archive/568dcb08c44ee5f062e72245e265fce8be8e00e2.jpg,59163900,BV1St411V7jL,1563101835,2019/7/14,18:57:15,23:57,36621,19117,15992,3746,45048
全B站第一个为粉丝做鬼畜的UP！,2255,2300711,//i2.hdslb.com/bfs/archive/b5cfe191ba43bdf63553662b56520195ed98f80f.jpg,57945908,BV154411c7pX,1562318222,2019/7/5,17:17:2,07:22,19728,44989,157101,9976,194535
【全明星】中国新说唱惊现鲲鲲！,3049,2786049,//i2.hdslb.com/bfs/archive/34493725b321f3a93f9a5e07be10432a3a703e44.jpg,56241475,BV1E441137zb,1561089642,2019/6/21,12:0:42,06:59,20203,113862,180809,62756,203958
点赞过2万给粉丝做鬼畜！（读评论）,1320,379511,//i2.hdslb.com/bfs/archive/0df1cf080b16a3b3829e3152c4523086308bbe1f.jpg,55545415,BV1A4411N79F,1560494689,2019/6/14,14:44:49,08:22,7705,5618,17815,654,48150
新坤凡故事2019,2079,754109,//i1.hdslb.com/bfs/archive/f0db539e71df736f89f4cdba7bcd8ee14b23f9a0.jpg,54081423,BV114411H7ad,1559275207,2019/5/31,12:0:7,04:21,3545,17173,26832,9159,43175
鬼畜区UP被ikun骂到自闭（读私信）,27344,4303417,//i0.hdslb.com/bfs/archive/bbb2e89d01830e7bbcbce85ab6e606f925d847e0.jpg,53347911,BV1E4411L7rG,1558605927,2019/5/23,18:5:27,09:57,129032,79374,223477,18746,361082
午 夜 鲲 铃,8217,8092659,//i0.hdslb.com/bfs/archive/9c2dcfdf6dcc05a76f88f1bcb8d86eb85b938bb3.jpg,52530904,BV1g4411J7Pt,1557914752,2019/5/15,18:5:52,04:01,63439,181299,249524,186041,363639
你这鲲鲲已经会勾引人？,11182,8052832,//i0.hdslb.com/bfs/archive/a59058af93552806de57180e7680f8f88d708d33.jpg,51442604,BV1o4411v78f,1556969687,2019/5/4,19:34:47,02:48,51192,287561,432201,320388,547002
吴亦凡：这首歌我能听几千遍,281,312580,//i2.hdslb.com/bfs/archive/345cf1cd2b5b5b620cfd8aec5b030b4cb7551b11.jpg,51172582,BV184411x7w2,1556786424,2019/5/2,16:40:24,01:47,396,2361,1981,428,8532
吴亦凡，对不起,4233,1636387,//i1.hdslb.com/bfs/archive/71f6847d9858029d8bef23776ef1ef76d5870452.jpg,49759297,BV1Kb411L7UP,1555646401,2019/4/19,12:0:1,02:57,9135,18747,25938,7973,48653
【蔡徐坤】放荡不羁电音之舞,25233,11439346,//i0.hdslb.com/bfs/archive/de9009afc4ae6def99d723e50284a300ca5bc8f2.jpg,48828477,BV1Sb411T7qz,1554818432,2019/4/9,22:0:32,01:52,79908,227868,317518,229327,441457
【海王】寒王 VS 吴亦凡/蔡徐坤【第二期】,1138,754500,//i0.hdslb.com/bfs/archive/afaf302e83a73399434707505867829d9a755e08.jpg,47615170,BV11b411x7rD,1553832027,2019/3/29,12:0:27,05:57,4536,17217,29124,18349,33705
【海王】灵寒子 VS 孙笑川&药水哥《寒王》,1658,1476553,//i0.hdslb.com/bfs/archive/0621fa1658ad2785c2ff437b998563f11fb33daf.jpg,46938158,BV1db411j74f,1553178032,2019/3/21,22:20:32,05:46,5167,39527,56211,45848,58493
【中暑哥】我怎么这么热,110,82696,//i1.hdslb.com/bfs/archive/386ed6710657100dffca143c9cdcd23011229a7b.jpg,46692052,BV13b411E79y,1552925569,2019/3/19,0:12:49,01:41,111,333,374,125,1640
吴亦凡 Love 蔡徐坤【第三期】,2560,526888,//i1.hdslb.com/bfs/archive/6f801b03a4bc933bfe261fad7f2294481a3ad3c3.jpg,45935942,BV1Kb411e7Z2,1552229359,2019/3/10,22:49:19,04:43,4731,15589,23552,17026,30580
欠我的用什么还！,1738,1492425,//i1.hdslb.com/bfs/archive/e47581aa626bae6ac51c7d0e05d79b67ddf91397.jpg,45204114,BV14b411B71e,1551580384,2019/3/3,10:33:4,01:30,3803,26606,25061,13117,47679
吴亦凡 VS 蔡徐坤【续集】,1996,1103258,//i0.hdslb.com/bfs/archive/2f8a86d3108f379089ab6c27d362803d47815fd5.jpg,45007405,BV1pb411b7Us,1551435029,2019/3/1,18:10:29,02:07,2279,22093,22153,23933,35760
吴亦凡 VS 蔡徐坤,2494,1731759,//i1.hdslb.com/bfs/archive/9214f7c8fc97b7e6d769a0da5e32d02c91878c87.jpg,44872525,BV1Qb411t7sz,1551275189,2019/2/27,21:46:29,01:31,3390,33985,38291,47431,58419
【爱保】卖萌二次元女友，我想吃鱼喵呜~,223,112321,//i2.hdslb.com/bfs/archive/f7ccda98ecd6681376a25336c34c2b102e211122.jpg,44524220,BV1jb411a7mi,1550970042,2019/2/24,9:0:42,01:32,211,1318,757,491,2988
【堡垒音乐家】嗨皮岛里做千本樱,84,44738,//i1.hdslb.com/bfs/archive/d40ea13bf26a3a3a76cb094d687620b26e36e2cc.jpg,44191339,BV1Vb411Y7R4,1550662382,2019/2/20,19:33:2,01:11,64,642,859,144,1602
你们这是什么群啊,2198,596206,//i2.hdslb.com/bfs/archive/3614066a32e538b2401762bab5724af6c7894824.jpg,43601495,BV1Jb41127rM,1550192449,2019/2/15,9:0:49,00:51,2377,16328,16057,16257,25035
【堡垒音乐家】嗨皮岛制作小马丁的电音,196,121122,//i1.hdslb.com/bfs/archive/a6db7eaf4bcd57ca9e104f2f84bb070a84a2a5ec.jpg,43233176,BV1fb411S7i7,1549881008,2019/2/11,18:30:8,01:10,266,3068,3446,534,5061
【土味全明星】爱在心间，嗨到飞天,130,74912,//i2.hdslb.com/bfs/archive/2a8fb223cf77d31bbc1d3556510196232d055a74.jpg,42959480,BV1Yb41167Y3,1549618363,2019/2/8,17:32:43,01:33,123,946,1025,322,2369
【蒸汽波】刘醒非凡,543,131531,//i1.hdslb.com/bfs/archive/2444300a52c1b10b8a4b19e5d84dbf81cced877e.jpg,42446821,BV1Lb411C7Zv,1549102743,2019/2/2,18:19:3,01:19,386,4931,4392,1841,7535
【2019春晚】中国顶级山歌battle《山歌王》,178,77162,//i1.hdslb.com/bfs/archive/1db473e245a971661104afbbc18069bf1d402517.jpg,42033950,BV1kb411C7j7,1548777609,2019/1/30,0:0:9,04:01,260,839,860,555,1992
小熊软糖即刻电音,184,103007,//i2.hdslb.com/bfs/archive/fe9eb323f187b161dc5bf7ff944f59c9f0e722cb.jpg,40964397,BV19t411h7qh,1547718265,2019/1/17,17:44:25,01:56,185,2664,1596,637,4374
【赵本山】阳光彩虹赵大宝,168,41986,//i2.hdslb.com/bfs/archive/b1dac8205821dd58fd84a913ffa8e466f5cb817a.jpg,40347232,BV1wt411x76N,1547092852,2019/1/10,12:0:52,01:38,96,635,1011,237,1679
2018鬼畜弃坑音频合集,111,21103,//i0.hdslb.com/bfs/archive/9e29fe083bc9a6627cb9815cfe5fa3aa3c3a177d.jpg,40112768,BV1Dt411W7ak,1546826426,2019/1/7,10:0:26,04:12,110,257,418,95,930
【章金莱】文体穷开花,328,73640,//i0.hdslb.com/bfs/archive/8d94f7d9a142ffb9f73f3de733fcd7191850b01e.jpg,39235775,BV1Dt411r7Bm,1545998007,2018/12/28,19:53:27,02:20,181,1267,2047,482,3554
【Rap鼻祖】大爷十年前说唱单曲《啥是酷呀》,598,448391,//i0.hdslb.com/bfs/archive/90310b9478e1b6b7e723153e7cef099a9210dbc2.jpg,38087414,BV1ot411v7co,1544710848,2018/12/13,22:20:48,02:08,755,11092,10407,5262,14190
好嗨哟,454,346633,//i1.hdslb.com/bfs/archive/746ff05c60ea81d0aebe38f956267f04c2b3adc8.jpg,37624629,BV1rt411S7r5,1544183753,2018/12/7,19:55:53,01:29,462,4178,3432,1892,8380
寒王最新rap曲《没有实力别赛脸》,808,558172,//i0.hdslb.com/bfs/archive/a6a8cfb704fc79ca32cc88e1327fd234ba783ee1.jpg,35547805,BV1pb411c7EQ,1541668133,2018/11/8,17:8:53,02:02,2094,16068,14253,8235,33472
【重庆娃rap】娃儿都要尊严,1660,491084,//i2.hdslb.com/bfs/archive/1463789e19f4e2f6e5d8f96a63885318ab715026.jpg,30401768,BV1wW411Q7oR,1535300845,2018/8/27,0:27:25,01:42,1633,11871,10274,6878,15548
【Van】Fa Fly (枪弹remix),72,36963,//i1.hdslb.com/bfs/archive/4cbdb19a42cb56ac721cd176053b4788e964d3b3.jpg,29048605,BV14s411u7Fd,1533926616,2018/8/11,2:43:36,02:55,66,403,313,97,895
吴亦凡最新trap曲《大碗宽面》,13960,5611681,//i0.hdslb.com/bfs/archive/686b140970d594316f2e66ab0db90ad628288772.jpg,28301941,BV12s411w7wp,1533155716,2018/8/2,4:35:16,02:23,20585,86239,88923,99504,95441
一个大学生逃军训在寝室做混音！,110,47104,//i1.hdslb.com/bfs/archive/fda504dbe5e705b9eb6fa4c342379b628c15dd5f.jpg,25640499,BV1us411j7eC,1530015279,2018/6/26,20:14:39,03:21,143,892,807,175,1501
【BEATBOX】离谱肉Freestyle,187,51355,//i2.hdslb.com/bfs/archive/33a55bbf1df9b068a553d3eb11b1096d41c48b9d.jpg,25097804,BV1HW411c7aN,1529246003,2018/6/17,22:33:23,02:15,183,520,666,186,1977
网恋吗小姐姐，我肥宅音~,586,144185,//i1.hdslb.com/bfs/archive/352ec6280857c641114323f544ef669dbfd7f626.jpg,24703404,BV1wW411w7kB,1528716522,2018/6/11,19:28:42,04:30,1274,2368,3271,5595,3493
【GIAO哥】单纯到底，no smkoing【正能量rap】,630,233194,//i0.hdslb.com/bfs/archive/297aaec9783b390939da8d8ec7857da80c8df2c9.jpg,23287604,BV1uW411F7cc,1526028390,2018/5/11,16:46:30,02:05,867,4731,3895,4715,3291
【面筋哥】美人鱼妹妹,517,138095,//i2.hdslb.com/bfs/archive/84657c0a9ab6a97c1fe0e097dc4f6df05fa8d3af.jpg,21556804,BV1pW411T7pA,1522673010,2018/4/2,20:43:30,02:12,441,2221,3560,674,1894
【面筋哥】烤面筋,1283,671845,//i0.hdslb.com/bfs/archive/f756450fe2bf7b60d30ddfbee2bfcb7b2ac8942f.jpg,20858103,BV1qW411p72g,1521239182,2018/3/17,6:26:22,02:07,1814,11234,9436,7420,8222
【五五开】挂人,691,411818,//i1.hdslb.com/bfs/archive/f98c733d4e1d954d5cd6909ccb7e74650469b67e.jpg,20376780,BV1hW411x73u,1520182916,2018/3/5,1:1:56,03:25,1508,4334,4468,1408,4215
【翻唱】《奴隶》-Jony J【生日作】,108,17364,//i1.hdslb.com/bfs/archive/c181a684616889259a95974b55ef34577eb4bb76.jpg,18901250,BV1zW411n7Me,1517259105,2018/1/30,4:51:45,03:08,82,208,396,97,801
小熊软糖电音萌曲,297,155717,//i0.hdslb.com/bfs/archive/54e1843492fc24f30d4f22b88b6ce97c8630f30a.jpg,18654173,BV1FW411e7mw,1516731118,2018/1/24,2:11:58,02:00,264,6858,2846,2140,6976
【老年有嘻哈】山东大妈狂秀Freestyle【RAP】,4158,1354273,//i2.hdslb.com/bfs/archive/ee388512a17e41011ee1c0edaea4c19b803fe158.jpg,16511039,BV1wx411j7ws,1511165937,2017/11/20,16:18:57,03:29,8272,69957,72264,50661,45605
好好找个女朋友，做一个正常的人！,559,65659,//i2.hdslb.com/bfs/archive/c44b475a85ee13c81413e24f948fbdd0ca723d68.jpg,10949307,BV1Hx411e7Xz,1496144984,2017/5/30,19:49:44,01:34,481,1072,866,1351,445
守望先锋一周年电音【rap】,179,21472,//i0.hdslb.com/bfs/archive/0cb84fc423a1d8f5be53038fa101b1c803a9cebd.jpg,10774247,BV17x411Y7tC,1495550163,2017/5/23,22:36:3,02:31,146,441,551,148,311
我的青春像鸟一样不回来,716,427870,//i0.hdslb.com/bfs/archive/e8456fad786ed3a932bcdc39e437ab408a46c831.jpg,10677220,BV1tx411v7XN,1495209335,2017/5/19,23:55:35,01:35,1755,13603,8247,6467,6599
【马云】我没碰过钱，我天生讨女生喜欢~,753,314598,//i0.hdslb.com/bfs/archive/75f435c1b0f4de5ff34fb9b66f56d07d315bda71.jpg,8513300,BV19x41117uN,1486651873,2017/2/9,22:51:13,02:14,1071,4239,3656,1373,1642
【rap】小哥痛斥网瘾少年,7415,992219,//i2.hdslb.com/bfs/archive/bdc3ceb35f96f05be3d531dfe225195dbd9921d7.jpg,8184239,BV1zs411b7Dv,1485194674,2017/1/24,2:4:34,02:09,10355,25150,24398,24376,5490
告白香菇,192,63353,//i0.hdslb.com/bfs/archive/4747679a6046e2c0f29e206d8df22e98de322fde.jpg,6748379,BV1zs4114749,1476941178,2016/10/20,13:26:18,01:04,269,723,764,503,496
【厂长鬼畜】品味30种岛国饮料,908,252362,//i1.hdslb.com/bfs/archive/804ade1ad064df65f225fd6ad9f9d2eaffea6274.jpg,5339910,BV1qs411y7et,1468553915,2016/7/15,11:38:35,02:50,1552,4783,3874,805,748
【CODOL】枪弹教你打枪,117,37779,//i1.hdslb.com/bfs/archive/a304c735684fed0b412c1236e046e1a1bfeafee9.jpg,2195988,BV13s411D71i,1428414294,2015/4/7,21:44:54,55:41,271,84,42,84,192
【厂长】AiR-TruePiaoskg,131,32493,//i1.hdslb.com/bfs/archive/18b2b348be579ead2d12f096a262bf19c35bd021.jpg,936696,BV1fs411o7ix,1391064760,2014/1/30,14:52:40,02:13,388,211,90,87,143
【混合系】地底探险,51,20477,//i2.hdslb.com/bfs/archive/74f848f6fac8e01c635f873da7631e76455201b4.png,891200,BV1Rs411o7RV,1388323004,2013/12/29,21:16:44,00:53,115,124,72,89,86
厂长 so Happy -EX mix-【又爽又长】,157,43840,//i2.hdslb.com/bfs/archive/b655ebfc396f0cd975929d996d460fbd23ca7543.png,860481,BV1ms411o7Fg,1386160599,2013/12/4,20:36:39,04:08,1245,465,133,92,197
厂长BLITZ,92,33111,//i2.hdslb.com/bfs/archive/571025b241f3b9d1ac4d00de6b4c1e0929c0324b.png,839810,BV1hs411o7Pe,1384687791,2013/11/17,19:29:51,01:45,276,134,52,79,90
敖厂长鬼畜组曲,900,297693,//i1.hdslb.com/bfs/archive/0ed2f58a67d152296467809e17e01ecc8779ab61.jpg,829290,BV1qs411o7K2,1384015141,2013/11/10,0:39:1,03:30,6124,4732,2609,295,758
【厂长】我在这里呆了四年,205,111107,//i0.hdslb.com/bfs/archive/38eef764703db4d9cf47c8716b15b70e8ccb0d84.jpg,785912,BV19s411f7cD,1381027110,2013/10/6,10:38:30,02:14,1886,663,244,102,276
敖厂长真是太可爱了,744,592152,//i1.hdslb.com/bfs/archive/1f77fa399177c475c0b49528173ff93342a10261.jpg,774158,BV1Qs411f7bV,1380295938,2013/9/27,23:32:18,01:36,3707,4818,1113,214,4875
杰哥 2 杰哥,114,19205,//i2.hdslb.com/bfs/archive/39ea8bf0180a6c43a3358a46e24e5a44dfb7e3e5.jpg,760499,BV1ds411f7Qn,1379235809,2013/9/15,17:3:29,01:41,78,285,143,138,354
元首热唱芭比娃娃,363,152206,//i2.hdslb.com/bfs/archive/aa703ceb11a6a97fb8ae10e04c7821318cf40b10.jpg,743491,BV1rs411f7K9,1378029281,2013/9/1,17:54:41,02:06,2546,2210,969,312,547
当吃货吧！敖厂长W,290,240595,//i1.hdslb.com/bfs/archive/9e9854a7e78a93a3ee82e2e4c7fa7188b8fc848c.jpg,718582,BV1es411f7VU,1376894864,2013/8/19,14:47:44,01:30,2720,1594,690,75,186
敖厂长和美人鱼妹妹,2228,1097471,//i2.hdslb.com/bfs/archive/fe1db26543672c79ba49b2f6e2002ab3dc5e3ba7.jpg,705177,BV18s411f7XZ,1376322952,2013/8/12,23:55:52,02:00,11582,13598,6384,1003,2482
厂长KUK,42,26645,//i0.hdslb.com/bfs/archive/72544499f24f21f85c7aeee92ea217fd96e07125.jpg,695131,BV1is411f7t5,1375917759,2013/8/8,7:22:39,01:42,270,76,28,16,78
【刘醒非凡】Ylip Ylap~,63,17761,//i1.hdslb.com/bfs/archive/a421d7e4587dda0150e4efbdffb731c4511fb2a7.jpg,648152,BV1Gs411f79i,1373730360,2013/7/13,23:46:0,01:56,195,147,119,28,301
厂长Shine,41,23594,//i1.hdslb.com/bfs/archive/b2e9a7023df4975fc96a2b27d2a87a810d67b8dc.jpg,611346,BV1cs411f7ta,1371792273,2013/6/21,13:24:33,01:12,131,90,46,18,65
厂长鬼畜三连弹,48,40509,//i0.hdslb.com/bfs/archive/ea3b2ab2595a0ccc36c08c4352ffd69acc2d556d.jpg,608740,BV1fs411Z7f7,1371617551,2013/6/19,12:52:31,02:18,481,138,52,13,96
敖厂长热唱自挂东南枝,625,522142,//i1.hdslb.com/bfs/archive/01b3eabd0d082a1d8745189a09c9beeb5148450d.jpg,600871,BV1Ts411f78K,1371053252,2013/6/13,0:7:32,02:15,7169,2637,1330,86,395
【厂长】Hawkao 2 Hawkao,50,30282,//i2.hdslb.com/bfs/archive/208f6e369918e31f14b0deee14e30b989235b1ec.jpg,586398,BV19s411Z7vc,1370070804,2013/6/1,15:13:24,01:40,212,96,43,15,88
【五一】进击的厂长,167,206636,//i1.hdslb.com/bfs/archive/2b9b817b9465160b72e18a1b7fa155ba9ae76e53.jpg,552092,BV1rs411Z7Y6,1367337015,2013/4/30,23:50:15,01:31,2080,463,174,22,207
EvanZONEReflectionWERsig2bassso厂长高速ver,41,10532,//i1.hdslb.com/bfs/archive/6fc940848fadc8314e1d121c0bc80d596a9935cb.jpg,527585,BV1Cs411Z7fr,1365241219,2013/4/6,17:40:19,00:30,116,72,26,16,115
【厂长】威风堂堂,406,--,//i1.hdslb.com/bfs/archive/78d2c3d4714ac2f5325ad494252fbe45434f91af.jpg,525357,BV1ys411Z7z5,1365095160,2013/4/5,1:6:0,02:18,3633,1627,476,58,838
【厂长反射】Changzhang Reflection,71,35002,//i0.hdslb.com/bfs/archive/d7a5ffe4eec8520bf1ca9dfa38f3219e9978adb5.jpg,491888,BV1jx411c7T8,1362243665,2013/3/3,1:1:5,01:42,636,184,48,12,129
【福利】潜行吧 敖厂长！！,312,218233,//i1.hdslb.com/bfs/archive/eb289753f03fec72e5735f76605e33a944902588.jpg,470321,BV1Tx411c7R9,1360677092,2013/2/12,21:51:32,01:31,1848,2117,454,78,384
厂长so happy~,162,106998,//i1.hdslb.com/bfs/archive/c2fca6a282bc99b587705c94653ee823d689f95d.jpg,462656,BV1Nx411c7qT,1360067531,2013/2/5,20:32:11,01:37,1671,551,154,29,574
【元旦福利】敖厂长元旦激情鬼畜,362,176745,//i2.hdslb.com/bfs/archive/246d68de68e96401b7dcec371f725c4807c79c11.jpg,428389,BV1dx411F7wv,1356937838,2012/12/31,15:10:38,02:09,1459,467,179,27,1864
