﻿title,comment,play,pic,aid,bvid,created,date,time,length,video_review,favorite,coin,share,like
细读经典 96: 他杀了15个少女，只为一瓶绝世香水,1927,625480,//i1.hdslb.com/bfs/archive/272ed6ca8ca41e53ce0d51045b2ac6a2088c937e.jpg,200885593,BV1Fz411i7o9,1591793147,2020/6/10,20:45:47,30:30,8838,5247,14292,2533,28918
电影最TOP 150: 女人帅起来真就没男人什么事儿了，盘点影史十大女扮男装,1104,620345,//i1.hdslb.com/bfs/archive/cf51b6a3ef5013ba26b0009d7a6c90004ccd9d02.jpg,710953011,BV1HD4y1D79n,1591188351,2020/6/3,20:45:51,27:05,7109,3982,11780,971,25417
细读经典 95: 豆瓣9.1，一部让人全程窒息、脊梁发冷的《狩猎》,4062,1063871,//i2.hdslb.com/bfs/archive/6c246b661a3a6ed3c7a0560040345593b9d85508.jpg,925765900,BV1fT4y1u78u,1590583216,2020/5/27,20:40:16,30:18,10322,10219,23099,5782,40999
电影最TOP 149：一口气看完《加勒比海盗》系列1～5部,5351,2319951,//i0.hdslb.com/bfs/archive/b83bac4ddc21b45efd5e1f5700d50f2a7abde5ce.jpg,668166801,BV1ra4y1i7ZQ,1590064805,2020/5/21,20:40:5,94:33,39280,79369,232758,9554,204843
细读经典 94: 是爱情，更是时代，华语影史最动人的爱情片之一《甜蜜蜜》,1786,711534,//i2.hdslb.com/bfs/archive/e366defbfbb1d4eaceecfc8938fde43a98d852b4.jpg,370659531,BV1mZ4y1s7f5,1589374113,2020/5/13,20:48:33,32:13,11434,7487,24403,4572,33557
广告最TOP：跨圈“不务正业”的【银联影业】又来了！致敬每个稳住生活的中国人！,512,289460,//i0.hdslb.com/bfs/archive/0fd574d057d28cbc006826217acb2256b08598fe.jpg,200549922,BV1Mz411q7UX,1588939252,2020/5/8,20:0:52,03:17,451,1655,1844,1516,12895
电影最TOP 148: 盘点港片中的十大金牌配角,1884,1079808,//i0.hdslb.com/bfs/archive/fe4a911c1fb635d2f6adfbce886451df9a475794.jpg,455597531,BV1a541147Th,1588769107,2020/5/6,20:45:7,34:18,23946,11478,46604,2686,65635
细读经典 93：一个关于性、金钱与背叛的故事《社交网络》,1247,895203,//i2.hdslb.com/bfs/archive/8d17afe113009ede15a3f7af1baf927d136b327d.jpg,582931172,BV1g64y1M7zy,1588164316,2020/4/29,20:45:16,32:24,7679,6283,17952,1497,33433
好莱坞大厂众生相,494,331950,//i2.hdslb.com/bfs/archive/0fe15f64ca8d0639c83f6e2d7ac26a5f92820aa5.jpg,710381741,BV1xQ4y1T7dh,1587983309,2020/4/27,18:28:29,02:10,1171,683,1350,726,11179
电影最TOP 番外：盘一盘特朗普,2352,1026231,//i2.hdslb.com/bfs/archive/c9c9925b882a7778b05e153213df06abc12bdc30.jpg,497867913,BV19K411V7Cp,1587559226,2020/4/22,20:40:26,21:35,10659,10535,27789,11606,51772
细读经典 92: 不忍直视的残酷人性物语《楢山节考》,2482,714458,//i1.hdslb.com/bfs/archive/03aa989a31550f5dbcc3960cb4afaf8a4271b1ad.jpg,497766763,BV1KK411j7Hd,1586954737,2020/4/15,20:45:37,27:45,10353,11033,42407,6466,44476
电影最TOP 147：造梦的大师——费里尼（生涯独家全盘点）,1017,617417,//i0.hdslb.com/bfs/archive/32b1bea7019fecac5ddb5a2c670707cbabf87b74.jpg,795229277,BV19C4y1s7k1,1586349604,2020/4/8,20:40:4,42:40,6884,6724,24245,858,32094
细读经典 91: 近20年最好的中国电影《我不是药神》,5360,1174653,//i2.hdslb.com/bfs/archive/6e06591820cbb0c72ab646c64efd8a17e48959e5.jpg,752522982,BV1Sk4y1d7Eu,1585744824,2020/4/1,20:40:24,35:21,15413,14126,45727,4338,62895
电影最TOP 146: 前方高能！盘点最经典的韩国恐怖片,4038,1153322,//i2.hdslb.com/bfs/archive/bb2899a598a16dc4e9387892411cc0068cc85389.jpg,98907725,BV17741127DF,1585140019,2020/3/25,20:40:19,30:57,31868,6748,19033,10599,33836
细读经典 90: 伟大的人性史诗《钢琴家》,1419,689133,//i0.hdslb.com/bfs/archive/2c5c4c990e774ffeacef5ffa1a61792101ad2688.jpg,97310615,BV1P7411R7Wm,1584536455,2020/3/18,21:0:55,30:48,6465,6024,20238,2316,29911
电影最TOP 145: 盘点“最好”与“最雷”的游戏改编电影,2229,1129056,//i0.hdslb.com/bfs/archive/d2eb7983491496ae8c3895a640eeefe085aefb56.jpg,95429003,BV1uE411L7mr,1583932647,2020/3/11,21:17:27,32:49,20309,5562,17632,1446,35874
细读经典 89: 男主死去活来N次的硬核烧脑片《源代码》,1648,886756,//i0.hdslb.com/bfs/archive/90781a549a617fd54634fd79ee7be41ed2a96c11.jpg,93612769,BV1tE411s7XF,1583325905,2020/3/4,20:45:5,22:35,6229,5032,16465,1947,31098
细读经典 88：荷尔蒙爆棚的热血励志佳作《勇士》,1303,659625,//i1.hdslb.com/bfs/archive/f0abfdc27439ced1d1aeed5b231fb0c211952048.jpg,91835246,BV137411K7Vo,1582720814,2020/2/26,20:40:14,28:12,6491,4916,15648,2043,24523
细读经典 87: 豆瓣9.0，他就是奥斯卡的最强大脑,1030,1134699,//i0.hdslb.com/bfs/archive/9dfc2f4c3152bf1d9e9c5d5c0c8ce9bd2a1c1071.jpg,90085621,BV137411j714,1582116008,2020/2/19,20:40:8,25:23,6915,6776,17452,2866,31895
细读经典 86: 最好的中国电影之一，姜文惊世骇俗的导演处女作《阳光灿烂的日子》,1828,1000447,//i1.hdslb.com/bfs/archive/ed067042b956a39fe868dbad0cbb70f614fa5b64.jpg,88420353,BV1A7411V72q,1581511225,2020/2/12,20:40:25,31:36,8701,8302,21188,4473,34778
电影最TOP：千百年来人类与流行病的血泪斗争史,1442,839460,//i2.hdslb.com/bfs/archive/17986a9e189fb48a30bcfdfd1573a77d75b6687b.jpg,86903557,BV1p7411H7mw,1580905848,2020/2/5,20:30:48,06:52,3727,4979,17063,4976,33047
电影最TOP 144: 2019年度十大“未引进”佳片盘点,1789,1125249,//i0.hdslb.com/bfs/archive/7eab7071b38cac752c75fcbcee78725f6c4fee5d.jpg,84551927,BV1h7411e7jb,1579696846,2020/1/22,20:40:46,52:39,14869,8156,22909,3340,32387
电影最TOP 143: 2019年度十大院线引进佳片盘点,1424,1124573,//i1.hdslb.com/bfs/archive/049c8986930e3aa28b0c40c7e1038fd7905319f7.jpg,83506596,BV1zJ411J77B,1579091731,2020/1/15,20:35:31,50:04,13745,6975,21417,2717,29810
电影最TOP：这部奥斯卡6项提名的大热之作到底什么来头？,841,553086,//i0.hdslb.com/bfs/archive/4244fb61faecc48a92fbe9d2b1acedf2e8aa5ff8.jpg,83375366,BV1fJ411E7HW,1579004132,2020/1/14,20:15:32,05:25,1538,1938,3407,1642,13522
电影最TOP 142: 2019年度十大国产烂片盘点,3763,2235704,//i0.hdslb.com/bfs/archive/0dd736cf25046d7bf0c463d15a2bcf452be9c2a6.jpg,82547740,BV1yJ41157JV,1578485422,2020/1/8,20:10:22,47:32,77527,33803,148381,8939,129785
电影最TOP 141: 2019年度十大国产佳片盘点,4832,1852801,//i2.hdslb.com/bfs/archive/59333717c44bb47376621b35a809a5c6bc98f6c1.jpg,81490129,BV1zJ411h7hK,1577882414,2020/1/1,20:40:14,42:35,29086,15416,38597,5485,53581
"电影最TOP 140: 在BGM里天下无敌的男人,《黄飞鸿》系列独家盘点",1817,1113653,//i2.hdslb.com/bfs/archive/33c90cd5fdc37b39e1479a8c9ce64198533a4b11.jpg,80608410,BV1sJ411W71e,1577277925,2019/12/25,20:45:25,43:47,20505,8877,29921,1995,37909
细读经典 85: 中国最好的黑色犯罪公路片《无人区》,1296,973798,//i0.hdslb.com/bfs/archive/9794ab1314472ec5e6178151d89498629206ceb5.jpg,79704295,BV1AJ411t7KG,1576672828,2019/12/18,20:40:28,24:51,5879,6546,21652,1941,32330
电影最TOP 139: 改变世界的“禁酒令”,1349,977139,//i0.hdslb.com/bfs/archive/c0594f03396830f6028d79d37498f184e7245e03.jpg,78850440,BV1MJ41117Re,1576068332,2019/12/11,20:45:32,26:01,7082,6294,18045,1741,27082
细读经典 84: 一个极品渣男的自我剖析，伍迪•艾伦最具喜感的电影《解构爱情狂》,640,753078,//i0.hdslb.com/bfs/archive/6cd0cc7747c98efa5cd308bc62818ce5a487cc63.jpg,77944847,BV1zJ411q73m,1575463531,2019/12/4,20:45:31,24:13,3620,4002,8427,1062,16600
电影最TOP：城市里的青春热血，由你做主！,378,395001,//i2.hdslb.com/bfs/archive/0e1aeff278e27dc09e083338e1c4846369c0fbea.jpg,77247402,BV1PJ41197CV,1574938848,2019/11/28,19:0:48,03:06,512,644,1881,182,7392
电影最TOP 138: 独家盘点好莱坞的天才笑匠金•凯瑞,1254,1224122,//i0.hdslb.com/bfs/archive/0c85ba258d38bcf6545da766ba65d67df3a903a5.jpg,77209143,BV1DJ411X7v1,1574858713,2019/11/27,20:45:13,56:03,13270,13002,34254,2573,41757
细读经典 83: 最后一刻反转的悬疑烧脑神作《致命ID》,1360,1122640,//i1.hdslb.com/bfs/archive/90a73b1aea931775ed802a983701119eb643a1c5.jpg,76364442,BV1DJ41117gu,1574253624,2019/11/20,20:40:24,28:51,6680,6513,16872,3713,27719
电影最TOP 137:盘点十大激情飙车戏，带你疯狂带你飞,1144,708852,//i0.hdslb.com/bfs/archive/432d3ec2c281494e930a6ef0616799651a267247.jpg,75549246,BV1YJ411S7CD,1573656304,2019/11/13,22:45:4,35:34,8216,3109,9385,827,15948
细读经典 82: 女人狠起来真没男人什么事儿，最惊悚”爱情片“《消失的爱人》,1696,925017,//i1.hdslb.com/bfs/archive/cd20c8d6a9a932895ab10425fb800d64f6dbfa39.jpg,74730759,BV1gE411i7hj,1573044026,2019/11/6,20:40:26,33:54,7480,5259,14765,5262,23196
电影最TOP 136：当今影坛独一无二的鬼才导演昆汀•塔伦蒂诺,2452,1080997,//i1.hdslb.com/bfs/archive/277a505fddab70901bbe628da5f9907ecf076f63.jpg,73930779,BV1eE411b73h,1572439504,2019/10/30,20:45:4,52:32,11739,11421,32129,3575,34190
电影最TOP：群战燃向混剪，“为了自由和荣耀，我们将奋战到底！”,330,304052,//i2.hdslb.com/bfs/archive/54aa2f070b323ea839a3d00c17c15df775b540f5.jpg,73500451,BV1yE411a7iK,1572094858,2019/10/26,21:0:58,02:54,541,632,1249,207,5986
小怪兽：平遥电影节可没有我想象得那么简单呢！,392,242297,//i0.hdslb.com/bfs/archive/556ec8262d318c0ce93633502d23b19a17419712.jpg,73339522,BV1HE41117YB,1571985022,2019/10/25,14:30:22,09:57,817,481,1195,186,5519
细读经典 81: 有钱人的生活是彩色的耶！最好玩的华语电影《大佛普拉斯》,1137,919801,//i2.hdslb.com/bfs/archive/2e209d52b9bef02b2eca01786355e488e7b75b6f.jpg,73134740,BV1SE411272R,1571834433,2019/10/23,20:40:33,27:15,6138,6479,18879,3940,24378
从天之骄子到英年早逝，周瑜的一生都经历了什么？,841,295758,//i2.hdslb.com/bfs/archive/bcb1135b22980049fb38ae8e98de623a698c694f.jpg,73023770,BV1LE41127Qk,1571726083,2019/10/22,14:34:43,02:43,489,613,1044,230,5449
这位福布斯榜上的女装设计师只想拍电影【专访】《蕃薯浇米》导演叶谦,217,163351,//i2.hdslb.com/bfs/archive/4af1cf3791f5c471ca4a18da31921dedc865348d.jpg,71767313,BV16E411k7HP,1571641502,2019/10/21,15:5:2,17:24,178,1135,564,334,4179
电影最TOP 135: 纪录片也可以很精彩，十部让你一次看个够！！,1552,980746,//i0.hdslb.com/bfs/archive/ea213b2aaa765086fc419c623a72832a621998da.jpg,71417523,BV1aE411C7dY,1571229941,2019/10/16,20:45:41,44:37,12611,16763,20261,2774,26620
厉害了！三分钟，教你如何轻松化解职场难题！戳简介测试你的职场气质！,298,143667,//i0.hdslb.com/bfs/archive/b61a9b90d66855efe43908c2b08652f9ffd6f723.jpg,71185529,BV1UE411d7bh,1571140810,2019/10/15,20:0:10,03:36,385,242,330,155,3986
细读经典 80: 这部毁三观的电影竟然是奥斯卡最佳？,1613,1118984,//i2.hdslb.com/bfs/archive/2981e3b0bc5d4b2037c5f192229ef80ec69439e0.jpg,70654834,BV14E411f7Sx,1570624850,2019/10/9,20:40:50,27:06,5659,6039,16642,1870,25733
电影最TOP 134:《哈利•波特》全系列解读（下）,3014,1621424,//i1.hdslb.com/bfs/archive/f781329e51803f8e96672f9c4efe16bc27534ce3.jpg,68940008,BV1JJ411u743,1569414923,2019/9/25,20:35:23,74:26,25369,39704,121049,4642,96039
电影最TOP 133:《哈利•波特》全系列解读（上）,3490,1941179,//i0.hdslb.com/bfs/archive/74af75b00a0cc667fd3d14ee3a2600a676236762.jpg,68157398,BV1iJ411w7T3,1568810107,2019/9/18,20:35:7,66:32,24922,48992,104928,9250,89115
细读经典 79: 这部电影太好哭了！！有笑有泪的法式喜剧《贝利叶一家》,860,866518,//i2.hdslb.com/bfs/archive/3147942479375c00714f0318f3852e41412ef6fd.jpg,67352478,BV1CJ411K7WT,1568205359,2019/9/11,20:35:59,20:39,4952,5924,18691,2402,22740
电影最TOP 132: 从悟空到哪吒，一口气看完国产动画发展史,3547,1085870,//i0.hdslb.com/bfs/archive/3c86d80f8cf57966991dc3acac7ab95ad16ccc25.jpg,66591838,BV1Q4411C7qB,1567599322,2019/9/4,20:15:22,51:17,37292,26441,59235,8700,55363
电影最TOP：诗情侠意，动作宗师程小东佳作盘点,1348,507042,//i1.hdslb.com/bfs/archive/813c245918f140cc3cd936175af90dbe486efaf2.jpg,66484137,BV1D441117RG,1567512316,2019/9/3,20:5:16,04:52,2296,1130,2576,412,8206
细读经典 78: 这个男人靠着吃人血馒头，走上了人生巅峰,1904,1124438,//i2.hdslb.com/bfs/archive/6ec8e0ce929d054af68550ccdeb970b9096ef302.jpg,65725417,BV174411z7Nb,1566996057,2019/8/28,20:40:57,20:58,6870,7685,21638,3310,30205
电影最TOP：热血掐架，还是得用冷兵器！！,529,494711,//i0.hdslb.com/bfs/archive/26fff577c97f3c4671fb51eb7a1f1486730e1aa7.jpg,65014356,BV1g4411r7cV,1566561653,2019/8/23,20:0:53,04:51,828,966,2095,241,7844
电影最TOP 131：向逆行英雄致敬！盘点经典好看的火灾消防电影,865,632887,//i1.hdslb.com/bfs/archive/a6cb15d29fd2e7c6d0a25b78a3ea9658e29bf53c.jpg,64679343,BV1W4411d7uh,1566390909,2019/8/21,20:35:9,32:24,5789,2888,9840,909,15657
电影最TOP：有时，外面的世界很辛苦，但总有一双手愿意为你付出所有,1123,561106,//i2.hdslb.com/bfs/archive/6e6dcc0fc3cee995795393e8621ce4eec7fd4ee1.jpg,63698850,BV1p4411D7RW,1565956818,2019/8/16,20:0:18,04:19,1218,5097,7157,2062,14418
细读经典 77：以这部电影的品质，放到现在一定是个爆款《万箭穿心》,4433,930731,//i2.hdslb.com/bfs/archive/f431ca2329fbdb0eb2523b11c3e0a4beb1819628.jpg,63674716,BV1s4411D79W,1565786436,2019/8/14,20:40:36,25:15,12741,8025,21039,8876,26164
电影最TOP 130: 改变电影史的悬念大师：希区柯克（独家全盘点）,1635,1198540,//i0.hdslb.com/bfs/archive/3e5d1fae42058020785ed485fef8573da886df2b.jpg,62613841,BV1Et411T7qE,1565181945,2019/8/7,20:45:45,62:59,13926,18652,47445,3187,44443
细读经典 76: 一黑到底的韩国犯罪黑帮片《新世界》,1883,1456554,//i2.hdslb.com/bfs/archive/9f871c999f856352a0aa5cad516d247c3af919eb.jpg,61554270,BV1wt411w723,1564576819,2019/7/31,20:40:19,29:32,11274,9549,23924,3868,33249
电影最TOP 129: 永远的功夫之王——李小龙,2136,723093,//i2.hdslb.com/bfs/archive/8ead36df3f0fd0ba108ab735ebb56a28a8b2dd32.jpg,60510999,BV1At411E7v1,1563972350,2019/7/24,20:45:50,27:20,9148,7331,23629,1180,26730
细读经典 75: 高分悬疑烧脑经典之作《蝴蝶效应》,1686,1136850,//i1.hdslb.com/bfs/archive/1ea953e99b2f690435c2f83683d1a688fd2fd045.jpg,59555828,BV1it411g7iH,1563367246,2019/7/17,20:40:46,23:50,6492,7545,20965,2638,28554
电影最TOP 128: 盘点最经典的反恐电影,2070,1075304,//i2.hdslb.com/bfs/archive/99cdf65cd683cb67cb39fce5b1f3cb7b938d10bc.jpg,57670930,BV17x411973o,1562157909,2019/7/3,20:45:9,31:17,14095,5685,14692,830,20469
细读经典 74: 堪称人生必看经典的《海上钢琴师》,1433,927762,//i2.hdslb.com/bfs/archive/523ac8b475beb3241c552d24e4497f6dfeea828c.jpg,56888251,BV1Sx411R78d,1561552556,2019/6/26,20:35:56,36:46,8660,8350,22003,3883,26272
电影最TOP 127: 有一种电影，叫银河映像（独家全盘点）,2330,1121101,//i2.hdslb.com/bfs/archive/73df6f96d35802c1e8777bceb7b09e13fd41705a.jpg,56191293,BV194411g7BP,1561034449,2019/6/20,20:40:49,78:36,21594,18152,63670,3544,48052
细读经典 73：王家卫的《重庆森林》到底讲了个什么故事？,1311,871014,//i1.hdslb.com/bfs/archive/2c58cb383a93ba94c0c153c3bba2b78ffa2cbad2.jpg,55359824,BV1T4411P7Jc,1560343208,2019/6/12,20:40:8,20:41,6468,6708,14020,3216,20010
电影最TOP 126：翻拍都是炒冷饭毁经典？这十部佳作不答应！,1650,1121126,//i1.hdslb.com/bfs/archive/800d79985a4e15b835cca0f6e12dee58d178c7d6.jpg,54623206,BV154411M7Ku,1559738727,2019/6/5,20:45:27,26:14,12087,4292,12487,563,18996
电影最TOP：6.1被这部新《悟空》燃到了,1263,616627,//i2.hdslb.com/bfs/archive/6b3ab4e2aafa3fc055b1032f2651dd713d994b9f.jpg,54240947,BV1e4411p7ZP,1559370456,2019/6/1,14:27:36,04:19,275,856,2769,350,9161
细读经典 72：影史最励志的“傻瓜”《阿甘正传》,2594,1028158,//i1.hdslb.com/bfs/archive/5bfb9395bbd4378e22364c00f2fc9add5075d396.jpg,53957995,BV1z4411W7FY,1559133944,2019/5/29,20:45:44,29:36,5585,17968,53372,4669,47028
电影最TOP：精灵都是活雷锋？啥样的精灵才可以称得上神队友？,510,405741,//i2.hdslb.com/bfs/archive/0d4993891e3374cae95fa2e718584cba0c258eb4.jpg,53350037,BV1E4411L7AY,1558617055,2019/5/23,21:10:55,02:45,501,491,1525,145,5391
细读经典 71: 豆瓣9.6，影史最经典悬疑片《控方证人》,1104,920518,//i1.hdslb.com/bfs/archive/75a012eb735c8664d720511ae814b69bdad7ad62.jpg,52818670,BV1U441177Do,1558528512,2019/5/22,20:35:12,32:22,5747,5512,13909,1943,19074
电影最TOP 125: 盘点十大电影中的女装大佬,1565,740524,//i1.hdslb.com/bfs/archive/36302fe8bbf872855c3a34e04cc3a91b6952d4f8.jpg,52537438,BV1G4411J7r2,1557923439,2019/5/15,20:30:39,31:25,8470,4035,11389,1188,16216
细读经典 70：秒杀一众好莱坞大制作的科幻经典《第九区》,2524,1221792,//i2.hdslb.com/bfs/archive/b7c401d8220ef00cbccb928d816e58e940c9e85d.jpg,51823815,BV1G4411v7Jm,1557321933,2019/5/8,21:25:33,26:18,6167,7657,20499,1642,28701
电影最TOP 124: 一口气回顾21部漫威宇宙电影，让你无缝连接《复联4：终局之战》,3268,1901612,//i2.hdslb.com/bfs/archive/4b6ec5eba8a5ed90314b1ae0d347cb0240793123.jpg,50228104,BV1Tb411G7U7,1556021127,2019/4/23,20:5:27,79:33,27167,37928,61830,31360,57648
细读经典 69: 假戏真做的人性寓言《色•戒》,4010,1666183,//i0.hdslb.com/bfs/archive/22ff70ca850defdcd96e31a6aad43996bd77ed94.jpg,49593245,BV1sb41157hC,1555504209,2019/4/17,20:30:9,48:45,14530,20169,47826,10077,46032
电影最TOP 123: 难以超越的奇幻史诗巨制《指环王》三部曲,6232,2039337,//i0.hdslb.com/bfs/archive/51e06a15b1a02478d7106931cd8bddda8c2c67ab.jpg,48882824,BV1db411T7He,1554899413,2019/4/10,20:30:13,77:12,43604,60847,171710,8701,120209
细读经典 68: 一直撕逼一直爽的《荒蛮故事》,893,757269,//i0.hdslb.com/bfs/archive/f462d20411374fff8d85b674824aa45e07409ccd.jpg,48152170,BV1Mb411W7rk,1554294906,2019/4/3,20:35:6,26:42,6111,3737,9834,2129,14109
电影最TOP 122: 盘点几部震撼且走心的经典灾难片,1877,1086851,//i1.hdslb.com/bfs/archive/5c04bc7ef11be0c7993d477b80f14ac0f4ccdaf6.jpg,47483830,BV1Kb411x77J,1553689812,2019/3/27,20:30:12,33:37,12771,4833,15270,1176,19121
细读经典 67:被誉为影史最伟大恐怖电影的《闪灵》,2830,1266970,//i0.hdslb.com/bfs/archive/0b201c02fa13217aae76d88cc1479392af46e55b.jpg,46810686,BV1Ub411E7jx,1553085323,2019/3/20,20:35:23,28:32,12569,6952,14941,4811,23839
电影最TOP：来，让我们去宇宙流浪,1484,431910,//i1.hdslb.com/bfs/archive/9250f53281da886011f02e0dfe23534b66549de4.jpg,45605581,BV1Sb411q7VP,1552575654,2019/3/14,23:0:54,03:24,677,1312,3501,332,6797
电影最TOP 121: 香港电影中的枭雄们,4876,1015565,//i1.hdslb.com/bfs/archive/d54b2636fc51717fbccca452311f62731f6831cb.jpg,46188817,BV1fb411n7h4,1552484222,2019/3/13,21:37:2,35:15,10169,5332,17453,1585,19682
细读经典 66: 诺兰这部9.2分的科幻神作《星际穿越》到底神在哪里？,8128,1445095,//i2.hdslb.com/bfs/archive/a5a2b15b8c95bcef455873f76ba450c1251bc8e4.jpg,45491301,BV1Wb411q7tP,1551876056,2019/3/6,20:40:56,39:21,17760,14954,34093,5897,36889
细读经典 65: 这部烧脑神作讲了个永远也无法结束的故事《恐怖游轮》,2299,978044,//i0.hdslb.com/bfs/archive/b94508b742ec0bac408c6d5983029f39607a823b.jpg,44837943,BV1zb411t7nn,1551271544,2019/2/27,20:45:44,24:11,5327,5619,16779,4362,20042
细读经典 64：一架钢琴演绎一个时代，难得的国产精品《钢的琴》,1280,574456,//i0.hdslb.com/bfs/archive/f11a79d0964e9dab54c299664ce11063c74bcee8.jpg,44162225,BV1Nb411Y7VP,1550666137,2019/2/20,20:35:37,20:26,4685,3060,10205,1363,12424
细读经典 63: 做生活的强者，励志经典《百万美元宝贝》,1514,633741,//i0.hdslb.com/bfs/archive/8ab0c3788f5bf637f2b80a45b539bb1d9fcd896a.jpg,43411884,BV1Ab411U7yR,1550061927,2019/2/13,20:45:27,23:31,4660,5225,22025,2345,20150
电影最TOP：“再见2018”特别节目,1649,698677,//i0.hdslb.com/bfs/archive/d6b903f63dfacd2c5ae7b8f84b0c29fdf66b3efd.jpg,42151739,BV14b411y7GM,1548855625,2019/1/30,21:40:25,19:02,10345,8161,26135,3705,22960
电影最TOP 120：2018年度十大“未引进”佳片盘点,1404,1013379,//i0.hdslb.com/bfs/archive/42885354eb5dbf2d6c4c6da235479de2566b0ccb.jpg,41472165,BV1Zt411t7AM,1548246645,2019/1/23,20:30:45,53:20,11758,6978,19840,2969,19237
【电影最TOP】速度与激情 _(:_」∠)_福克斯让你一次逮个够,641,296164,//i2.hdslb.com/bfs/archive/66112941b965a4281bac9e0e600b8711d8a54175.jpg,41411377,BV1Jt411h79p,1548158921,2019/1/22,20:8:41,02:22,473,379,1814,141,4409
电影最TOP 119: 2018年度十大引进佳片盘点,2414,936221,//i0.hdslb.com/bfs/archive/6a77a8187d1442b280dd09f6b6257eea54a2d7d4.jpg,40876282,BV1Ht411p7aT,1547641558,2019/1/16,20:25:58,38:16,13795,5646,19540,2402,19544
电影最TOP 118：2018年度十大国产烂片盘点,3518,1553367,//i0.hdslb.com/bfs/archive/21e21a3494f9936b9cf70189ab4ccf19e72af966.jpg,40308665,BV1Ut411s7d4,1547038217,2019/1/9,20:50:17,38:24,38997,5050,22025,3832,24989
电影最TOP 117: 2018年度十大国产佳片盘点,4100,1335772,//i1.hdslb.com/bfs/archive/bc18a7f2e6205127eb30e60db0626818b116993b.jpg,39733728,BV1St411B7fx,1546434034,2019/1/2,21:0:34,46:11,24201,8179,26089,4925,25462
电影最TOP：盘点电影中那些视效炸裂的瞬间,909,506797,//i2.hdslb.com/bfs/archive/7d4cac14ea656b7ea5f8edcf5aa3eef729e03319.jpg,39055800,BV14t411C7LH,1545998434,2018/12/28,20:0:34,03:16,1288,1924,4761,380,7317
细读经典 62: 黑色幽默的经典之作《两杆大烟枪》,1005,753471,//i2.hdslb.com/bfs/archive/c93096994591ab6542f1df62322f593dd7cfb00b.jpg,39054091,BV1st411C7qM,1545828012,2018/12/26,20:40:12,24:00,3608,3911,10733,1367,13181
电影最TOP 116：胆小慎入！盘点最经典的港台恐怖片,3951,1273681,//i1.hdslb.com/bfs/archive/ee47479c42cb3f62b1ab32b245a0656a7e03b2fe.jpg,38503136,BV1Wt411v7fH,1545222637,2018/12/19,20:30:37,38:43,18947,4024,13691,6936,15231
细读经典 61: 豆瓣9.1分，勇夺9项奥斯卡大奖的“中国电影”《末代皇帝》,3290,1195942,//i1.hdslb.com/bfs/archive/b1336d60529352372fdf6a77124df7c3ce573dac.jpg,37981720,BV1Pt411B7Z3,1544617542,2018/12/12,20:25:42,33:40,12319,10916,20817,5461,23193
电影最TOP 115: 盘点经典的“反乌托邦”电影,2391,838992,//i1.hdslb.com/bfs/archive/3d923e57c8243cb26dcb230493e3a7455a0788ab.jpg,37460859,BV1at411Q7Uh,1544013001,2018/12/5,20:30:1,32:41,12489,7074,14148,2026,14909
细读经典 60: 昆汀的西部暴力美学《被解救的姜戈》,1367,731112,//i1.hdslb.com/bfs/archive/b8a2071c7e9bdac647111afc2a96a4be209b60c8.jpg,36927207,BV1ct411R7rj,1543407918,2018/11/28,20:25:18,25:10,6321,4045,11242,1761,12236
电影最TOP 114：数钱数到手抽筋，盘点影史十大一本万利的“小成本奇迹”,1040,713373,//i1.hdslb.com/bfs/archive/0f0b448a875eb723f7238a8e79ec0af786a51c1c.jpg,36432635,BV1Kt41127nM,1542802835,2018/11/21,20:20:35,24:00,6372,2666,9495,841,9925
细读经典 59: 值得刷N遍的传世经典之作《天堂电影院》,1008,585384,//i0.hdslb.com/bfs/archive/43bee854bf080368f39efc5375a7eecaf25b3e25.jpg,35940023,BV1jt41127sP,1542198028,2018/11/14,20:20:28,29:02,4477,4833,15912,3352,13892
电影最TOP 113: 张艺谋、斯皮尔伯格、卢卡斯都是他的铁粉，他是“大师中的大师”，独家盘点黑泽明的电影世界,1659,787419,//i1.hdslb.com/bfs/archive/a6fe0bf53d586bb4b60cd891828e08c92637e43d.jpg,35483258,BV1wb411c7YD,1541596558,2018/11/7,21:15:58,49:36,9842,7522,18458,2751,15076
电影最TOP：救命大招哪家强？,1787,551830,//i0.hdslb.com/bfs/archive/d69e5dc4754192f647c0d043794e1497fea7a434.jpg,35370498,BV1Jb411A792,1541419218,2018/11/5,20:0:18,08:20,3168,1004,5162,303,6707
细读经典 58: 火爆又烧脑的韩国悬疑惊悚片《黄海》,1736,982815,//i1.hdslb.com/bfs/archive/fed488067eb91ca83909a1af13468300ed6864de.jpg,34983367,BV1Db411A7iE,1540989926,2018/10/31,20:45:26,29:38,6249,4422,15075,3251,15064
电影最TOP 112：有一种电影，叫“小妞”。,829,581402,//i1.hdslb.com/bfs/archive/c2f94a0157ccc87e29c717b25f9a3467d8117c79.jpg,34507459,BV1Gt411d72p,1540383924,2018/10/24,20:25:24,33:03,7596,2090,8110,1094,7898
细读经典 57: 戳中泪点的温情经典《触不可及》,1075,592529,//i0.hdslb.com/bfs/archive/199b45bac685c2dd8cdb6f04261cb2e0439224ea.jpg,34034831,BV1Ft411f7Xm,1539780923,2018/10/17,20:55:23,15:15,2811,3836,10837,2662,10360
电影最TOP 111：血性与梦想！盘点十大最经典的西部电影,1186,658127,//i2.hdslb.com/bfs/archive/91a7e4a5b8a6fdb1a4363f3c0a7a590163b00470.jpg,33536549,BV12W411175m,1539173711,2018/10/10,20:15:11,41:45,7016,4227,12803,1278,9251
【微微一笑x公子景】遇见平行世界的你,1149,190705,//i0.hdslb.com/bfs/archive/1336b7ffe327e64b47917c5a19dae61a400bd1e3.jpg,32574676,BV19W411U7M6,1538051431,2018/9/27,20:30:31,03:19,1383,894,1567,418,4126
细读经典 56: 张艺谋的巅峰之作《活着》,4206,1063938,//i0.hdslb.com/bfs/archive/5e72bc9b10ed914c6f2977fe5203b2d4096dc532.jpg,32512081,BV1vW411U7VM,1537964430,2018/9/26,20:20:30,21:30,11365,8881,22232,8487,19528
电影最TOP 110: 贾樟柯电影独家小盘点,1958,574908,//i1.hdslb.com/bfs/archive/96b2537179790516fb2d33475a2ef421c195c224.jpg,32084788,BV1wW411r7yf,1537423074,2018/9/20,13:57:54,32:52,6097,3923,9860,2661,8355
电影最TOP：这些电影让你一次“燃”个够,1504,589229,//i1.hdslb.com/bfs/archive/7b7a7fb39297afd3e2626075c6fc9d24fb874506.jpg,31924769,BV1RW411k7AF,1537186324,2018/9/17,20:12:4,03:35,1922,7551,9767,2439,8825
细读经典 55: 烧脑科幻经典《盗梦空间》全解析,2995,1317258,//i1.hdslb.com/bfs/archive/302e8745fc81ee0bbe96c18582f25663a96f0cae.jpg,31578258,BV1qW411C7Da,1536754813,2018/9/12,20:20:13,29:00,7578,10264,18501,4344,19506
电影最TOP 109：那些年阿汤哥“玩”过的命，一口气看完《碟中谍》1-5,1513,881139,//i0.hdslb.com/bfs/archive/a90603669090b0f5d4c6dd5385cb56004c6b0311.jpg,31018970,BV1XW411o7Aa,1535977215,2018/9/3,20:20:15,33:36,8019,4385,13941,3395,11096
细读经典 54: 值得看一辈子的电影《一一》,1226,771724,//i0.hdslb.com/bfs/archive/9f4b6bdf6c7c460c8e3387a38dc1eea365e263c6.jpg,30599348,BV1Ks411c76x,1535544913,2018/8/29,20:15:13,36:37,6486,6938,13797,5331,11726
电影最TOP 108: 盘点影史上的十大票房惨案,1892,881664,//i2.hdslb.com/bfs/archive/f457154bd886382bffa3900eb0879c4d9ba0ef48.jpg,30010623,BV1kW411Q7EG,1534940108,2018/8/22,20:15:8,23:20,9729,3268,8818,971,9331
细读经典 53: 宫崎骏的动画巅峰之作《幽灵公主》,2190,751817,//i0.hdslb.com/bfs/archive/9c20500b08b7622681bd4841160a5faf79e304fe.jpg,29412610,BV1cW411R7pc,1534335089,2018/8/15,20:11:29,22:19,6568,5713,16237,2637,12953
电影最TOP：虐哭网友的良心剧《媚者无疆》,2832,871131,//i0.hdslb.com/bfs/archive/4fbab29c57d1405b7cba60d381776c5864da93ec.jpg,29004250,BV15s411u7at,1533916852,2018/8/11,0:0:52,03:54,2384,4064,2914,2417,6684
电影最TOP 107: 从无名歌手到70亿影帝，黄渤电影作品全盘点,1695,1073892,//i1.hdslb.com/bfs/archive/c57961fd0571701ae6bceeed2ac2c6484b0bf491.jpg,28828041,BV1Qs411g7Ez,1533730830,2018/8/8,20:20:30,35:09,13580,4970,16272,2824,13364
细读经典 52:最经典的战争电影《拯救大兵瑞恩》,1505,672078,//i2.hdslb.com/bfs/archive/d6b9abcd5e3b65661c16106698503babee5a969c.jpg,28235488,BV1xs411w7ST,1533125406,2018/8/1,20:10:6,28:37,6921,2986,10813,1241,8903
电影最TOP 特辑：DC超级英雄燃向混剪,766,275857,//i0.hdslb.com/bfs/archive/25445e3097d3a744932ffcbffc29f205e1656b09.jpg,27776118,BV1ts411N7wB,1532610638,2018/7/26,21:10:38,04:51,1185,2463,3315,837,4097
电影最TOP 106：这也许是你看过最全的徐克电影盘点了,2041,938541,//i2.hdslb.com/bfs/archive/64650faeef6da583f695b036969feb664d93f2d3.jpg,27693849,BV1Gs411N7Z4,1532520619,2018/7/25,20:10:19,37:53,14373,5603,13136,1882,10484
细读经典 51：史上最伟大的科幻电影《2001太空漫游》全解析,2086,863664,//i2.hdslb.com/bfs/archive/fce936c314b5606d3a5ef504bdd51bb9c41b2430.jpg,27128077,BV1js411E7gw,1531915803,2018/7/18,20:10:3,25:10,8327,6454,12652,4106,12004
电影最TOP 105: 中国电影界的异类：姜文,2267,1296667,//i1.hdslb.com/bfs/archive/c30d0bd8ad2e985531e8190be3e9d8666309af90.jpg,26620114,BV1Gs411H7bf,1531311042,2018/7/11,20:10:42,39:04,15029,9301,16239,5022,16115
细读经典 50: “其实我是一个演员”，周星驰的生涯巅峰之作《喜剧之王》,1995,1040102,//i1.hdslb.com/bfs/archive/6f5456bf015a5ad8240c7068f3068e050b13988d.jpg,25875038,BV1as41157be,1530447300,2018/7/1,20:15:0,21:45,8041,5046,16731,2806,12080
超燃明星混剪，你能全认出来算我输,633,275271,//i0.hdslb.com/bfs/archive/d4786edda1fd38ead9a9e08627b2c333c68d67eb.jpg,25815139,BV1Gs41157bF,1530280800,2018/6/29,22:0:0,03:37,939,1279,2061,417,2805
细读经典 49：十年过去，它依然是超级英雄电影的天花板《黑暗骑士》,3098,1248909,//i1.hdslb.com/bfs/archive/a2650d6c3deba08d8545c047249104c1b068166a.jpg,25506908,BV18s411L7w6,1529842545,2018/6/24,20:15:45,26:02,8321,8629,21351,4204,15726
电影最TOP 104：这五部电影让你见识体育的热血魅力,1205,629030,//i1.hdslb.com/bfs/archive/9fb7ad23c6d2579a6a2ba865bf1be8f4da3341be.jpg,25255121,BV1ks411j7cG,1529496910,2018/6/20,20:15:10,38:22,7733,3458,8549,1649,5851
细读经典 48: 世界上最伟大的谎言《美丽人生》,2322,766001,//i0.hdslb.com/bfs/archive/855ce648337cfe06c817f9e247f2f8c790df656f.jpg,25067904,BV1pW411c7oR,1529240411,2018/6/17,21:0:11,24:55,5417,4488,9508,4671,9957
电影最TOP 103: 人生就是一场考试，盘点最经典的考试电影,1323,780066,//i2.hdslb.com/bfs/archive/df86ca71d1fce442e59bd366a1b98e698803fb72.jpg,24808963,BV1CW411w7N5,1528891824,2018/6/13,20:10:24,33:26,8778,2719,7819,1129,6062
细读经典 47：叹为观止的人性撕逼大戏《完美陌生人》,1942,825232,//i2.hdslb.com/bfs/archive/d123ba2231bb687e00067dc84da80c43d2e6e638.jpg,24641488,BV1pW411P77u,1528632608,2018/6/10,20:10:8,28:15,6623,5364,12157,8503,9635
电影最TOP 102：涨姿势！盘点影史十大经典长镜头,1806,879527,//i1.hdslb.com/bfs/archive/3730bb6f53a1e2d029ee2945dd3f64a6351ff6e8.jpg,24451996,BV1vW411A7nL,1528287030,2018/6/6,20:10:30,42:46,10527,6428,9197,2217,6787
细读经典 46: 没有什么是一瓶美酒解决不了的，黑色幽默经典《杯酒人生》,735,542968,//i0.hdslb.com/bfs/archive/64831087729735872b8eabc07ea76bae2fdba803.jpg,24320052,BV1iW411N7A8,1528028128,2018/6/3,20:15:28,23:45,3760,2430,8315,1181,5130
电影最TOP 101：闪闪发光的老戏骨们！盘点最经典老年电影,1413,708747,//i2.hdslb.com/bfs/archive/24a4380b5bf967668e21727e339937834d6be2ae.jpg,24136791,BV1bW411P735,1527682250,2018/5/30,20:10:50,38:14,6892,3180,8268,967,5357
细读经典 45：冷血、腹黑的经典犯罪电影《天才瑞普利》,1464,691248,//i2.hdslb.com/bfs/archive/63da822165c41d3544ed53fa73e2c87fd0a76f64.jpg,24006380,BV1yp411R7mW,1527423000,2018/5/27,20:10:0,26:32,5079,3891,10779,2202,7427
电影最TOP 100：永远的喜剧之王！星爷周星驰电影全盘点,7129,2522534,//i1.hdslb.com/bfs/archive/a62395fe75ad7dfb66f44c6e015ead3e9ffef7cd.jpg,23836532,BV11p411o73u,1527087199,2018/5/23,22:53:19,61:42,51063,84611,136093,13155,87168
细读经典 44: 年度最狠毒电影《血观音》,2583,1458293,//i1.hdslb.com/bfs/archive/097bd6ab077718fe947831ab540dd2c134820457.jpg,23684970,BV1Up411d7WL,1526818204,2018/5/20,20:10:4,27:01,7483,11102,18725,8166,19274
细读经典 43：让葛大爷一举成名的国产黑色喜剧经典《顽主》,1059,1031968,//i2.hdslb.com/bfs/archive/b617ab9b63a5d934ef8522dbe8a321a4b18cc319.jpg,23384780,BV1Zp411o7af,1526213425,2018/5/13,20:10:25,18:19,5731,4911,9309,1899,7144
电影最TOP 复联3特辑：漫威超级英雄燃向混剪,1202,323016,//i0.hdslb.com/bfs/archive/3360f516e50a7e0722583b5e22982c260e98bc68.jpg,23348586,BV12p411o75f,1526133610,2018/5/12,22:0:10,06:19,1655,3780,6700,2039,3866
电影最TOP 99: 男儿当自强！盘点最经典的功夫电影,1818,658359,//i1.hdslb.com/bfs/archive/e3f168d92fbd763aaab312bd47ec81daf24efbd6.jpg,23170130,BV1rp411f7e6,1525867842,2018/5/9,20:10:42,36:35,15092,3628,12483,965,6754
细读经典 42：逆生长的传奇《本杰明•巴顿奇事》,1157,529455,//i1.hdslb.com/bfs/archive/36781a837ba8d9c6f8d54b760b36e8d96839da99.jpg,23057019,BV1sW411G77p,1525608625,2018/5/6,20:10:25,22:32,3874,3628,9615,2621,6404
电影最TOP 98: 侠之大者！盘点最经典的武侠电影,1823,697960,//i2.hdslb.com/bfs/archive/280faa4875da72350b159855fef586e6bda41a28.jpg,22550087,BV1zW411G7iK,1524658249,2018/4/25,20:10:49,35:37,13450,4894,12523,1511,6782
电影最TOP 97: 金钱与人性的博弈，盘点最经典的商战电影,921,668682,//i0.hdslb.com/bfs/archive/d6af6fe89ec8446533d96d38fdf4e008ced5ae24.jpg,22246096,BV1EW411j7CL,1524053102,2018/4/18,20:5:2,27:07,4952,4339,7149,1329,4677
细读经典 39: 今年奥斯卡奖的最大遗珠《三块广告牌》,1884,644641,//i1.hdslb.com/bfs/archive/f259a2301a85d882b06af924507ddf7907784783.jpg,22125069,BV1DW411L7pm,1523794203,2018/4/15,20:10:3,25:36,5197,3977,10367,3224,7135
电影最TOP 96: “史上头号侦探”福尔摩斯的荧幕进化史,2230,768219,//i0.hdslb.com/bfs/archive/e181bdfd959f5d6e801340feb28108be5ba471aa.jpg,21901164,BV1qW411K7qa,1523448034,2018/4/11,20:0:34,24:51,9434,4537,10940,1320,7452
细读经典 38: 不到200万预算，却拍出近十年最好的国产电影《心迷宫》,1835,794449,//i1.hdslb.com/bfs/archive/322f50dee8360f46ccd09a51be01abcf23580e3f.jpg,21824338,BV1LW411K7ia,1523189157,2018/4/8,20:5:57,19:10,4454,4021,9820,4154,6642
电影最TOP 95:一口气看懂科幻史诗《黑客帝国》三部曲,3412,1592173,//i0.hdslb.com/bfs/archive/636976fb80f880ac978061aa0654a92ef82bb4d3.jpg,21620845,BV1CW411T7cG,1522843825,2018/4/4,20:10:25,38:57,15157,17640,31802,6489,23391
细读经典 37: 从三好学生到世纪巨骗，人性斗智电影《猫鼠游戏》,951,660018,//i1.hdslb.com/bfs/archive/e12c10338ee946635a0f1049effa218907c54aaf.jpg,21497560,BV1LW411T7qo,1522584338,2018/4/1,20:5:38,17:12,2800,2864,8139,1669,5274
电影最TOP 94: 从花瓶到演技女神，张曼玉电影生涯全盘点,1827,588156,//i1.hdslb.com/bfs/archive/cbee411f6027cd4c3c788e714c3aed8d85c57b5e.jpg,21326038,BV19W411M7uA,1522239054,2018/3/28,20:10:54,30:34,5301,5260,12966,1947,6860
细读经典 36: 人性的试炼场，丧心病狂的结尾，经典惊悚片《迷雾》,3064,963968,//i0.hdslb.com/bfs/archive/fb2b5a8bec61af03b794c359182af51d0c852b1b.jpg,21214438,BV13W4113733,1521977659,2018/3/25,19:34:19,18:18,8306,4164,8265,4132,7925
电影最TOP 93: 盘点影史10大经典怪兽形象,2072,937786,//i2.hdslb.com/bfs/archive/d04bb5f2074d2eefdba1abcf23a90925a577204b.jpg,21037235,BV17W411g7M9,1521634219,2018/3/21,20:10:19,23:48,7872,5476,6964,1165,6182
细读经典 35: 花5万美刀拍出的科幻烧脑神片《彗星来的那一夜》,2123,895548,//i1.hdslb.com/bfs/archive/6d07d6f0acb319f6c7cf91e5b532289ead4de945.jpg,20923031,BV1ZW411p7CM,1521374749,2018/3/18,20:5:49,15:48,4105,5629,8324,5956,7946
电影最TOP 92: 烧脑、奇幻、悬疑，盘点最经典的魔术电影,877,632700,//i0.hdslb.com/bfs/archive/0f496a51b82af42dd9b9ddaecf24ff62e83ea1a1.jpg,20749299,BV1VW411p7Y9,1521029427,2018/3/14,20:10:27,27:52,4506,2808,6755,701,4003
细读经典 34: 细思恐极！国产黑色幽默经典《背靠背，脸对脸》,2457,856366,//i0.hdslb.com/bfs/archive/ef9b210f517db15cb5534ba7c11a9fb5d7d2eb77.jpg,20648028,BV1sW411s7iu,1520769908,2018/3/11,20:5:8,18:47,6096,13913,17987,11372,9788
电影最TOP 91: 神一般的大师级导演，库布里克电影生涯全盘点,1314,917157,//i0.hdslb.com/bfs/archive/15e02fa47c66ab6ab3118e0d952b7bd1f1c3e943.jpg,20467279,BV17W411W7En,1520424338,2018/3/7,20:5:38,38:10,8770,8085,14220,2590,9638
细读经典33: 奥斯卡历史上的最大赢家《泰坦尼克号》,1821,658426,//i2.hdslb.com/bfs/archive/e19f4e3480504ad6e19d7c4305500eac3ab9260d.jpg,20360005,BV1iW411x7qQ,1520165147,2018/3/4,20:5:47,20:34,6538,4776,10074,2496,6923
电影最TOP 90: 节后综合症？这五部高分励志电影给你打打鸡血,1362,546864,//i0.hdslb.com/bfs/archive/5c218929cb7a0d39d85e424f0f5f4583574ca892.jpg,20169841,BV1uW411t7Us,1519819554,2018/2/28,20:5:54,30:43,7915,4747,10333,1997,4898
细读经典 32: Diao丝逆袭不是梦，荒诞、黑色、搞笑经典《盗钥匙的方法》,1127,539130,//i2.hdslb.com/bfs/archive/3cd1de140b8371298f7ad016174638997fb8c601.jpg,19994662,BV1sW41147Rt,1519560307,2018/2/25,20:5:7,18:34,4815,2823,7610,1571,4526
细读经典 31: 贺岁片的巅峰之作《92家有喜事》,1260,699777,//i1.hdslb.com/bfs/archive/82804730859e1ea78a9eb2151d375bcb2dc5cd57.jpg,19442730,BV1GW411E7hR,1518350705,2018/2/11,20:5:5,15:24,4942,2882,7374,1066,6003
细读经典 30: 《情书》,1637,520375,//i0.hdslb.com/bfs/archive/635d511c23c20580ef04b87109316af74b7ac4dd.jpg,19126718,BV1UW411H7Pk,1517745929,2018/2/4,20:5:29,17:58,4432,3830,7620,3449,5209
电影最TOP 89: 2017年度十大引进烂片盘点,2331,730324,//i1.hdslb.com/bfs/archive/7e3d5276f8e6b60df897d699babc7315b2399eba.jpg,18951067,BV1PW411H7ig,1517400634,2018/1/31,20:10:34,28:37,12873,1295,8582,724,4220
细读经典 29: 一部拥有游戏般快感的烧脑电影《罗拉快跑》,909,543945,//i2.hdslb.com/bfs/archive/15125cf95821084cfc1b09453423a9e395e3f276.jpg,18827465,BV1kW411e7nm,1517141124,2018/1/28,20:5:24,14:20,2524,2864,6731,1444,4311
电影最TOP 88: 2017年度十大引进佳片盘点,2277,784115,//i0.hdslb.com/bfs/archive/6293f66c189ebcdcc3943ca68736af43e5f8f871.jpg,18663010,BV1XW411Y7uJ,1516795532,2018/1/24,20:5:32,35:30,11513,6057,10025,1793,4311
细读经典 28：印度神作《三傻大闹宝莱坞》,1319,660590,//i2.hdslb.com/bfs/archive/ab82caf26f4f7c54f077d932e999523691e8ee1a.jpg,18559034,BV1GW411i7ty,1516536319,2018/1/21,20:5:19,18:04,4292,2545,7045,897,5150
电影最TOP 87: 2017年度十大国产烂片盘点,3020,1051799,//i2.hdslb.com/bfs/archive/01324945c01ca12252adae01422bcbb7a2e8f7b0.jpg,18400627,BV1VW411v7Fn,1516191038,2018/1/17,20:10:38,26:33,18796,2444,10905,1986,5902
细读经典 27: 让子弹，飞一会儿,2338,992631,//i1.hdslb.com/bfs/archive/b4d6fdc5543be412ed582f17f3d76ac81a8ae0fd.jpg,18295780,BV1hW411q7yf,1515931557,2018/1/14,20:5:57,17:52,5285,5806,13312,2132,8694
电影最TOP 86: 2017年度十大国产佳片盘点,4063,883423,//i2.hdslb.com/bfs/archive/d7d5e92affbc61a4688e8530cb57063f3c60f128.jpg,18157273,BV1mW411i7o1,1515585931,2018/1/10,20:5:31,32:07,15942,5372,12577,2223,5133
细读经典 26: 杀杀人跳跳舞，独一无二的犯罪歌舞片《芝加哥》,998,422541,//i1.hdslb.com/bfs/archive/637dfe061e0fccb80544dc5ceb272aa3c1616c67.jpg,18059359,BV1cW411z7iE,1515326726,2018/1/7,20:5:26,15:56,2469,2495,4756,1136,3120
电影最TOP 85: 一口气看完《星球大战》全系列,1464,857535,//i2.hdslb.com/bfs/archive/d6254c47ada430b198c4353340d960bae6155f0a.jpg,17922162,BV1TW411B7Qe,1514981140,2018/1/3,20:5:40,31:18,8408,9142,12820,5978,11911
细读经典 25: 搞笑又温情的经典喜剧《土拨鼠之日》,947,394939,//i0.hdslb.com/bfs/archive/ddcf1c27d206944342f2600cd82f0e5612c83111.jpg,17810352,BV1hW411b75o,1514722249,2017/12/31,20:10:49,15:48,3742,2648,7703,1541,4566
电影最TOP 84: 拍出《霸王别姬》也拍出《无极》的陈凯歌到底是个怎样的导演？,1749,605100,//i2.hdslb.com/bfs/archive/1b2f589f0c7bfb25be27867a08f951b09f6fe072.jpg,17671599,BV1ZW411t7Mb,1514376312,2017/12/27,20:5:12,32:42,8824,2470,6005,1089,3927
细读经典 24: 奥斯卡第一犯罪惊悚片《沉默的羔羊》,1915,1848897,//i2.hdslb.com/bfs/archive/422a6466a8114ff9a396d7ca17a1ac76777a34d4.jpg,17573374,BV14W411t79V,1514117113,2017/12/24,20:5:13,18:05,7158,11584,12199,4959,15901
电影最TOP 83: 港片巅峰！《无间道》三部曲全解读,2505,1524152,//i2.hdslb.com/bfs/archive/aa31bb1d2bc0a52e0566d82c629bf74381279e93.jpg,17441525,BV1bW41187gw,1513771532,2017/12/20,20:5:32,34:24,12268,14990,24940,6105,14538
细读经典 23: 王宝强的这部处女作告诉你什么叫残酷的人性,1597,635258,//i2.hdslb.com/bfs/archive/aff42acfbfd7bbc4a37030960203f5fc69403d95.jpg,17347211,BV1FW41187gn,1513511751,2017/12/17,19:55:51,15:37,2938,1929,5027,1619,3624
电影最TOP 82: 韩国的灾难片，我是服的。盘点最好看的韩国灾难片,1715,716100,//i0.hdslb.com/bfs/archive/fd7b9bcfd972202fda53c7fff6748d348c09b8bd.jpg,17217832,BV1FW411a7xc,1513166722,2017/12/13,20:5:22,29:50,9581,3679,7870,2028,4638
细读经典22: 影史最优雅的老流氓《闻香识女人》,1258,460874,//i1.hdslb.com/bfs/archive/c6520c4dba815f235b0bcdd7147fafe436ed4242.jpg,17131429,BV1WW411h7ab,1512907812,2017/12/10,20:10:12,22:27,3613,2916,6371,1668,4079
电影最TOP 81: 盘点最经典的窃听电影,636,436640,//i2.hdslb.com/bfs/archive/56de92c4f2fda6a634251e5738e6d96d4f4fba7c.jpg,16988573,BV1hW411Y7wC,1512562255,2017/12/6,20:10:55,27:25,2944,1093,6173,363,2238
细读经典 21: 最恐怖的喜剧电影《楚门的世界》,1343,650401,//i1.hdslb.com/bfs/archive/7cc0ff5ebeb36d1f0b29dc7a91218cdfa549cbc2.jpg,16899710,BV1XW411a7E8,1512302155,2017/12/3,19:55:55,18:48,3877,3354,6501,1786,5788
电影最TOP 80: 盘点最经典的香港僵尸电影,1044,615905,//i1.hdslb.com/bfs/archive/550b7f6bd271fa130a9aa0b2e78eff13def1eeb0.jpg,16766698,BV1Bx41157ta,1511957114,2017/11/29,20:5:14,26:57,5641,2257,5934,1039,4611
细读经典 20: 真正的抗日神片《鬼子来了》,3931,731410,//i0.hdslb.com/bfs/archive/69b07d9131be3f5dcd1fc1ea0bf33e44ce3e4613.jpg,16683965,BV1Wx41157LP,1511697955,2017/11/26,20:5:55,20:54,5335,4727,10135,2871,5880
细读经典 19: 有一种爱情，叫瓦力,1147,385796,//i2.hdslb.com/bfs/archive/02f7f25751e3f0d087e8bd99ad96e9c7bebe6b1d.jpg,16468531,BV1mx411L73g,1511093430,2017/11/19,20:10:30,17:00,2730,3112,6326,1534,4266
电影最TOP 79: 盘点十大最经典超级英雄电影,2045,917864,//i0.hdslb.com/bfs/archive/e26503db035708dbe6a1054b32acb4451ca9d49a.jpg,16343067,BV1gx411L7Kn,1510747519,2017/11/15,20:5:19,30:28,13769,6081,9127,1698,5259
细读经典 18:  职场圣经电影《穿Prada的恶魔》,1410,567014,//i1.hdslb.com/bfs/archive/ddda4e1f3be20d0c7c19be7f346bc6a6f751644c.jpg,16252904,BV1Hx41177VH,1510488308,2017/11/12,20:5:8,15:24,3930,3243,4797,1238,3236
电影最TOP 78: 当代日本最接近大师的导演——是枝裕和,836,430668,//i1.hdslb.com/bfs/archive/4a21c4ce2f2d641faf61a3f6e13dffcc73c71ec3.jpg,16129274,BV19x411j7Gu,1510143042,2017/11/8,20:10:42,28:46,5380,4355,5414,2191,2782
细读经典 17: 十年过去，它依然是最好的国产喜剧电影,912,840242,//i2.hdslb.com/bfs/archive/82e3083755307a06ce03b769bb0322604b2d53cd.jpg,16046374,BV1Ex411j7YB,1509883556,2017/11/5,20:5:56,14:41,3120,1883,4465,650,3139
电影最TOP 77: 盘点最经典的空战电影,543,267748,//i0.hdslb.com/bfs/archive/8ff705b3e979036c936134c186cb9128b05e2896.jpg,15944951,BV1tx411E7h9,1509602237,2017/11/2,13:57:17,29:52,2885,1129,2161,307,1376
细读经典 16: 当年票房口碑扑的一塌糊涂，后来却成了史上最经典的科幻电影,1039,741157,//i2.hdslb.com/bfs/archive/c1eb1f760ae6b2af823a2daebe858cdcbe4cd44c.jpg,15835483,BV1Kx411E7qY,1509278149,2017/10/29,19:55:49,18:33,3830,3250,5606,2067,3872
电影最TOP 76: 一口气撸完男人的圣经《教父》三部曲,1723,893670,//i1.hdslb.com/bfs/archive/63467c04bd766645e955f4ce2f139be307d3cd71.jpg,15706501,BV1Hx411u7b4,1508933153,2017/10/25,20:5:53,34:18,6875,10496,15582,3755,7073
细读经典 15: 最完美的连环谋杀、最意外的结局《七宗罪》,1236,1130048,//i1.hdslb.com/bfs/archive/b915196f8c427d3b0bc0dac2c580181ae15d3f16.jpg,15628404,BV1mx411M7Y6,1508673920,2017/10/22,20:5:20,19:38,4972,5122,8255,2290,8823
电影最TOP 75: 谁说国产恐怖片都是垃圾？这几部“童年阴影”给你好看！！,1919,684785,//i2.hdslb.com/bfs/archive/1662f29a122d8910525ed95c8d20b391674445b4.jpg,15500340,BV1Ex411M7Xu,1508328018,2017/10/18,20:0:18,24:26,12640,2446,5133,2861,3466
细读经典 14: 日式催泪弹《被人嫌弃的松子的一生》,1998,461118,//i2.hdslb.com/bfs/archive/d182ea5dcb5898aa5a436a4429dd69ba635a4809.jpg,15413515,BV1ex411g7aK,1508069102,2017/10/15,20:5:2,17:01,3986,2775,4706,2207,2561
电影最TOP 74: 涨姿势! 盘点影史上的十大经典表白,1580,842602,//i0.hdslb.com/bfs/archive/9b1fb3d077d3a74ed7e5dded67347b960c0da8bf.jpg,15288752,BV1yx411u7WD,1507723239,2017/10/11,20:0:39,24:04,13755,16973,10828,7174,4120
细读经典 13: 两大影帝互飙演技，经典黑帮电影《暗花》,864,585925,//i2.hdslb.com/bfs/archive/5bc7cc7af016702e4e934c82bd90932c0faa2341.jpg,15207519,BV1bx411u7s1,1507463717,2017/10/8,19:55:17,17:51,2283,2269,7283,926,2949
电影最TOP 73: 世界这么大，我想去电影里看看，盘点最好看的旅行电影,733,415770,//i0.hdslb.com/bfs/archive/ea1eb6e7e3eeb3678adc95d9f6a511ce755ac7c3.jpg,15057700,BV1Lx41137XV,1507118720,2017/10/4,20:5:20,26:25,4259,2861,6340,1037,1652
电影最TOP 72: 冯小刚列传,1256,544002,//i2.hdslb.com/bfs/archive/826defbf523adc63670e9443039a652f42072e16.jpg,14836017,BV1Ux411G7UZ,1506513934,2017/9/27,20:5:34,27:59,6076,2006,4648,797,2110
细读经典 12: 这部预算800万美刀的电影凭什么改变了电影史？,833,745459,//i1.hdslb.com/bfs/archive/bad97a4f4a0b204601d291e76a4fcc2f1617886a.jpg,14758435,BV1vx411G78m,1506255012,2017/9/24,20:10:12,17:46,3972,3273,5532,1543,3535
电影最TOP 71: 有毒！盘点最经典的毒品电影,887,593898,//i0.hdslb.com/bfs/archive/9f6c490272f27a974a8036bce0ebe865fde0967d.jpg,14626623,BV1Ex411x7yz,1505909138,2017/9/20,20:5:38,26:12,5654,2278,4657,740,2316
细读经典 11: 这么多年过去，它依然是韩国电影的NO.1,1662,803242,//i2.hdslb.com/bfs/archive/3457a70f4d1c6a0bd23f001764c3d5bf7977b364.jpg,14551595,BV1ox411s7Ad,1505651421,2017/9/17,20:30:21,18:16,4084,4228,6355,3512,3785
细读经典 10: 这部电影中的老师，应该是每个学生都梦寐以求的,828,327254,//i2.hdslb.com/bfs/archive/8ba6af3d19714705f43307b7b5c5ed313ebf4a1a.jpg,14344526,BV1sx41147mk,1505045128,2017/9/10,20:5:28,14:55,2475,1697,4026,884,1317
电影最TOP 70: 中年人伤不起！盘点最经典的“中年危机”电影,889,368481,//i2.hdslb.com/bfs/archive/5980b5012b1ebece91c0b88059db5042c9a5403b.jpg,14213158,BV1yx411x7mV,1504698932,2017/9/6,19:55:32,25:23,4288,1303,3627,621,952
细读经典 09: 最烧脑的爱情电影《花样年华》,810,390745,//i0.hdslb.com/bfs/archive/0bb71ed07dd12d12c360e6ade9ff22b4f566a39f.jpg,14129825,BV1ux411b7EQ,1504439716,2017/9/3,19:55:16,17:40,2315,3000,3796,2120,1924
电影最TOP：盘点十大最成功的日漫改编电影,1919,751629,//i1.hdslb.com/bfs/archive/5eaeb435aae13c637d47174037cf0fedd2ed88f6.jpg,14027574,BV1qx411t7fy,1504195210,2017/9/1,0:0:10,16:21,8287,7420,4597,1241,2498
电影最TOP 69: 从不拍烂片的导演——诺兰电影生涯大盘点,2888,917818,//i0.hdslb.com/bfs/archive/85a500e6675e4357814107b6c00d2c43aed5a086.jpg,13983146,BV1Vx411t7HJ,1504094450,2017/8/30,20:0:50,26:04,7983,7989,8445,3486,5236
细读经典 08: 全程无尿点的经典法庭电影《十二怒汉》,1078,432197,//i0.hdslb.com/bfs/archive/e852e837d8496dc80da6c4510f80267805a341c0.jpg,13865466,BV18x41187yo,1503835209,2017/8/27,20:0:9,14:37,2878,2015,3538,834,2051
电影最TOP 68: 致命诱惑！盘点十大最经典吸血鬼电影,1351,520083,//i2.hdslb.com/bfs/archive/bb2abda2f2dd35edd48f7ec7c091afe907fce26c.jpg,13701505,BV16x411b7PK,1503490225,2017/8/23,20:10:25,26:42,8523,5756,4806,936,1396
细读经典 07: 中国人的欲望浮世绘《饮食男女》,821,361725,//i0.hdslb.com/bfs/archive/a3646e309294bda9694d8e121ded4754fc78c4ca.jpg,13592038,BV1Qx411J7eX,1503222604,2017/8/20,17:50:4,13:23,2890,1667,3387,927,1508
电影最TOP 67: 盘点最经典的深海恐怖电影,1093,579933,//i1.hdslb.com/bfs/archive/1c514fa5b75c0723d0bd765d13af6a5d178abddb.jpg,13422401,BV1fx411E7Fd,1502885404,2017/8/16,20:10:4,29:35,8064,2084,4558,920,2386
细读经典 06: 奥斯卡史上最大赢家，属于这群“疯子”,1325,462519,//i1.hdslb.com/bfs/archive/3f87091db7214b4d7ed460adb0f8e081f1590644.jpg,13311761,BV1Lx411H7ys,1502625638,2017/8/13,20:0:38,15:00,2759,1700,3630,718,1590
细读经典 05: 野性与热血的赞歌——《红高粱》解读,977,412655,//i0.hdslb.com/bfs/archive/90b6998ea7dd1c20d5d3785bb13e0d071645f052.jpg,13020381,BV14x411p7Qg,1502005518,2017/8/6,15:45:18,14:40,4220,1829,3426,660,1967
电影最TOP 66: 美好的躁动！盘点最好看的“夏天”电影,660,282948,//i2.hdslb.com/bfs/archive/138298978e6dd5683527116ff85c98ade39c6791.jpg,12870152,BV1Yx411H7s3,1501675858,2017/8/2,20:10:58,26:43,4701,1592,3048,637,675
细读经典 04: 最凶猛的萝莉，最温情的杀手,631,348898,//i1.hdslb.com/bfs/archive/b8c130c5bfc0296d4dd8a88fd29dc27081b00798.jpg,12746183,BV1ex411W7tQ,1501401028,2017/7/30,15:50:28,15:00,2638,1681,4988,1026,1571
电影最TOP 65: 热血！盘点最经典的二战电影,1428,543667,//i0.hdslb.com/bfs/archive/df55a630f8b47466704bdda739176637d1b90d54.jpg,12595919,BV1Fx411W7HC,1501071316,2017/7/26,20:15:16,26:37,7029,3491,7833,731,2101
细读经典 03: 一个女人的史诗——百年经典《乱世佳人》,1067,417493,//i2.hdslb.com/bfs/archive/095f097d38090abbb2153b94a0ba06d1491a703a.jpg,12490431,BV1Xx411i7rY,1500796847,2017/7/23,16:0:47,14:46,3031,2983,3964,1217,2342
电影最TOP 64: 有一种生物，叫“奶爸”，盘点最好看的奶爸电影,1014,375174,//i1.hdslb.com/bfs/archive/8569f20ae37df330c6130719f99a4bbbda761c10.jpg,12346012,BV1fx411v7Bc,1500466840,2017/7/19,20:20:40,29:18,6029,1338,5161,438,943
细读经典 02: 华语电影的巅峰之作《霸王别姬》,2428,781972,//i0.hdslb.com/bfs/archive/47dc3ba428b11a786baf51853e649c63b9f4f820.jpg,12248340,BV1ux411B7RD,1500190513,2017/7/16,15:35:13,14:10,5586,8217,7415,3672,4854
细读经典 01: 最伟大的励志电影《肖申克的救赎》,1651,982304,//i2.hdslb.com/bfs/archive/a766cb2036c35d5f6b2539bf2b7ed4b7eae28cc0.jpg,12034193,BV1dx411z7pd,1499584038,2017/7/9,15:7:18,12:52,4855,5742,8237,2539,8161
电影最TOP 63: 永远的大师！杨德昌电影大盘点,1625,361695,//i2.hdslb.com/bfs/archive/180debfef6408c46b8aeb97158e028b955acffd5.jpg,11688166,BV1zx41167WT,1498652147,2017/6/28,20:15:47,28:53,8801,3192,11283,1307,1581
电影最TOP 62: 一口气撸完《变形金刚》的前世今生,1026,392750,//i1.hdslb.com/bfs/archive/f059dcc78a222a466293b85e361a285652c4e857.jpg,11496865,BV1ix411h7Ws,1498047305,2017/6/21,20:15:5,14:59,5321,1072,4690,649,1221
电影最TOP 61: 最经典的科幻系列《异形》全解析,1006,721802,//i1.hdslb.com/bfs/archive/9b61e3444bf4fab654db6eace74689345121e101.jpg,11312757,BV1Sx41187x1,1497442530,2017/6/14,20:15:30,24:38,5929,3057,6619,2660,3188
电影最TOP 60: 港味！盘点最好看的香港浪漫喜剧,790,345102,//i1.hdslb.com/bfs/archive/145ced442e87b814b10b2ef49432cae84d675048.jpg,11135106,BV14x411a7ER,1496838036,2017/6/7,20:20:36,25:41,5526,2594,4581,871,752
电影最TOP 59: 永远的童年！盘点最经典的儿童电影,962,354421,//i2.hdslb.com/bfs/archive/617faa58de010b6cf2d66bc54c371e9601a3ee62.jpg,10974479,BV1Jx411e7Kn,1496233774,2017/5/31,20:29:34,25:27,7121,3581,5003,937,853
电影最TOP 58: 泪崩！盘点电影十大心碎时刻,2046,1047146,//i0.hdslb.com/bfs/archive/4bf80872193dba26becfbd05ab0174e2efd469de.jpg,10786228,BV1hx411Y7Uc,1495628731,2017/5/24,20:25:31,27:59,15211,12956,10789,4143,3985
电影最TOP 57: 那些曾经闪耀戛纳的中国电影,1621,456830,//i2.hdslb.com/bfs/archive/1b3600c918a0a341acd9c014b605ab84a08e256f.jpg,10622971,BV1px411v7NK,1495023955,2017/5/17,20:25:55,23:26,7795,5068,5908,953,1176
电影最TOP 56: 全是泪！整容电影大盘点,911,500906,//i0.hdslb.com/bfs/archive/1470921433a38aed891361f8c304d1f207e10450.jpg,10448695,BV1Cx411m7r9,1494419156,2017/5/10,20:25:56,27:38,5812,3004,3822,384,777
电影最TOP 55: 惊悚！追杀逃亡类电影大盘点,677,484321,//i0.hdslb.com/bfs/archive/025617ece4acf3669816bef76ddd2d8fc89d48be.jpg,10276146,BV1Dx41127Wo,1493814053,2017/5/3,20:20:53,26:09,4906,2107,4879,390,1141
电影最TOP 54: 大师！宫崎骏动画电影大盘点,2092,910070,//i0.hdslb.com/bfs/archive/335602bdb3014d12240d395e9ec0244762ece2d1.jpg,10114601,BV1Cx411U7tP,1493216048,2017/4/26,22:14:8,23:55,8731,13185,16190,3227,13688
电影最TOP 53: 盘点最惊艳的演员电影处女作,1283,508689,//i2.hdslb.com/bfs/archive/b33f6ae7c54fb20713558a0161ba61f9a3e0add9.jpg,9952207,BV1ex411D7Eq,1492604658,2017/4/19,20:24:18,28:02,9819,3529,7129,468,1080
电影最TOP：解读史上最烧脑电影《穆赫兰道》,1134,660216,//i0.hdslb.com/bfs/archive/ed9fc4008aa9b1b9b8e8e0b173fea002c100fd87.jpg,9793960,BV12x411S7au,1492003057,2017/4/12,21:17:37,14:16,2926,4635,4710,1340,2712
电影最TOP 52: 风华绝代！独家盘点张国荣的电影人生,2299,671205,//i1.hdslb.com/bfs/archive/a4e5a183971979ab17e09c9ee2ae350ba179241a.jpg,9471696,BV1Zx411D768,1490788611,2017/3/29,19:56:51,30:06,12248,14136,29337,6249,10031
电影最TOP 51: 胆小慎入！盘点最经典的日本恐怖片,4214,759572,//i2.hdslb.com/bfs/archive/45aeebedd2db31cbdff78d36e46f58c91a6c4f46.jpg,9325716,BV1Zx411r7mX,1490182728,2017/3/22,19:38:48,23:24,15259,3284,6079,4647,3468
电影最TOP 50: 胜者为王！盘点最经典的香港赌片,1272,761022,//i1.hdslb.com/bfs/archive/68473a2f7e0289252d104d096a7f50ced0c2fa03.jpg,9183096,BV1sx411r7gU,1489579598,2017/3/15,20:6:38,25:09,7151,4082,6048,371,2185
电影最TOP 49：盘点十大荧幕女汉子,918,466845,//i0.hdslb.com/bfs/archive/dfd9a676e7ae99af5d36a8f8ed426056d511dc42.jpg,9042283,BV1Vx411C7A5,1488973060,2017/3/8,19:37:40,28:06,6855,3513,4738,474,888
电影最TOP 48: 只看过爱乐之城？这十部才是歌舞电影的精华！,783,301152,//i2.hdslb.com/bfs/archive/420689f4145a9bc898c0e78769ae4b335551df95.jpg,8908263,BV1Gx41117pY,1488368551,2017/3/1,19:42:31,30:22,6110,6075,4006,665,738
电影最TOP 47: 一口气看完本届奥斯卡最佳影片,1354,596553,//i1.hdslb.com/bfs/archive/7d5dbad3ce333c9111eec51cc26b34202b63d863.jpg,8769509,BV18x411y7ME,1487766652,2017/2/22,20:30:52,25:15,7744,6798,6652,1028,1093
电影最TOP 46: 摇滚不死！盘点最经典的摇滚电影,914,251438,//i1.hdslb.com/bfs/archive/5527d7f17290bbcbfa84a7ff94f0aae0a06efc75.jpg,8634275,BV1zx41127e5,1487160318,2017/2/15,20:5:18,31:54,4796,2597,3712,463,586
电影最TOP 45: 打鸡血！盘点那些伟大的励志电影,1117,607373,//i1.hdslb.com/bfs/archive/0a25589117e976bb8aa0cbc4b8e8b44894f699b1.jpg,8486698,BV1yx41117wc,1486554112,2017/2/8,19:41:52,29:11,6359,14440,8905,1842,1569
电影最TOP 44: 盘点那些最经典的贺岁电影,1002,510407,//i2.hdslb.com/bfs/archive/30203efab4bb84fc51f9f9c8a341b481cd58f53f.jpg,8216793,BV1Ss411b7bg,1485343359,2017/1/25,19:22:39,26:11,9166,2743,7657,370,967
电影最TOP 43: 盘点电影中的十大撩妹高手,1234,493895,//i2.hdslb.com/bfs/archive/7866b9a53aaf6afd74688ca215b643926d5a9126.jpg,8081155,BV1ms411h7Eb,1484739323,2017/1/18,19:35:23,27:31,9801,6392,5624,1834,1297
电影最TOP 42: 盗墓寻宝探险类电影大盘点,713,478620,//i0.hdslb.com/bfs/archive/301e23e1d8c72c4c11f91b3b8fe5826dc24c1397.jpg,7959122,BV13s411h7U6,1484134896,2017/1/11,19:41:36,26:31,6297,1957,4488,291,1145
电影最TOP 41: 2016年度十大国产烂片盘点,6042,1388035,//i2.hdslb.com/bfs/archive/cd23007430601498fe9efa5d526de680a69bd0c8.jpg,7852304,BV1Js411Y7ok,1483530130,2017/1/4,19:42:10,27:37,39615,7598,12916,2188,2409
电影最TOP 40: 年终盘点！2016国产电影十大佳片,1706,873436,//i1.hdslb.com/bfs/archive/e258ed988e91452a63330783905d37b0648e1070.jpg,7738627,BV1Rs411a77Q,1482924892,2016/12/28,19:34:52,28:48,11225,6655,7550,1095,1127
电影最TOP 39: 吓尿又搞笑！恐怖喜剧电影大盘点,872,785735,//i1.hdslb.com/bfs/archive/c3bea2afcc68788b1539029231e349e358ff47db.jpg,7631839,BV1Gs411a77v,1482320840,2016/12/21,19:47:20,30:41,9188,6771,5595,1053,1549
电影最TOP 38: 短而强大！十部经典电影短片作品,583,487536,//i2.hdslb.com/bfs/archive/9305a8687b2a2fd515c6f9589dddabc68b0c6289.jpg,7526435,BV1Js411e7CY,1481715449,2016/12/14,19:37:29,30:18,4988,8101,6979,1450,1068
电影最TOP 37: 尖叫！最燃的极限运动电影大盘点,689,601532,//i2.hdslb.com/bfs/archive/176941b35f4c677ac834cb80c4fc700455aef2f3.jpg,7425254,BV1ms411Y7du,1481111035,2016/12/7,19:43:55,29:38,7908,6959,4973,518,900
电影最TOP 36: 犀利！史上顶级狙击手大盘点,1009,734007,//i2.hdslb.com/bfs/archive/aa1d6d4a7663b52f3b511aacd0825760d7a589ea.jpg,7322521,BV1Ws411s7G5,1480505834,2016/11/30,19:37:14,28:42,8410,7751,6154,691,1751
电影最TOP 35: 河正宇—韩国最会演戏的大叔,1080,691192,//i2.hdslb.com/bfs/archive/5e649cb5415623accab1fb700b24fc3f46ef8d3d.jpg,7223649,BV1Xs411W7Qv,1479901163,2016/11/23,19:39:23,28:42,6537,4293,5019,1830,2871
电影最TOP 34: 大师！20分钟看懂李安,970,569289,//i1.hdslb.com/bfs/archive/237f315ab9a32a355dac9096ae9a5cd3d4572c5a.jpg,7125002,BV1ps411W7e6,1479297515,2016/11/16,19:58:35,27:14,5383,7929,6298,1337,1849
电影最TOP 32: 机器灭绝人类？！人工智能电影大盘点,655,383005,//i2.hdslb.com/bfs/archive/5e97192016cf0061e3ad234cba495140647ef166.jpg,6930862,BV1ds411s7TT,1478087050,2016/11/2,19:44:10,26:01,4696,2473,3810,382,1039
电影最TOP 31：性感有毒！香港电影十大女反派,715,613741,//i2.hdslb.com/bfs/archive/fe24087b022a2cacb541e17ffd8c1b4e5789c096.jpg,6835830,BV1ss411s7PB,1477482240,2016/10/26,19:44:0,29:12,9116,6271,5637,568,1339
电影最TOP 30: 不如跳舞！影史十大最精彩歌舞桥段,756,487079,//i0.hdslb.com/bfs/archive/504d674e9aaf9292d0863d68416965e8edd65f68.jpg,6740880,BV1qs41147j3,1476877304,2016/10/19,19:41:44,29:12,9039,5747,5330,989,1039
电影最TOP 29 ：丧尸凶猛！丧尸类型电影大盘点,1027,926775,//i0.hdslb.com/bfs/archive/0e8fb8892f4b91103891e20caa0087fb68447b4b.jpg,6648967,BV1us41147e5,1476272732,2016/10/12,19:45:32,27:10,9210,14199,5793,1544,1831
电影最TOP 28:  Zuo死！公路恐怖电影大盘点,798,481404,//i1.hdslb.com/bfs/archive/e2dcdd9011bdf80af350b88b82874536cdda36e6.jpg,6552141,BV1ns411b7AZ,1475667029,2016/10/5,19:30:29,25:38,6504,2129,4167,762,1427
电影最TOP 27: 吃货福利！美食电影大盘点,480,461837,//i2.hdslb.com/bfs/archive/d83903f7aa8fe692a4d9a64b239599c83878c617.jpg,6449961,BV1Us411t7C4,1475062134,2016/9/28,19:28:54,31:48,5994,4889,3961,1057,1290
电影最TOP 26: 最完美的电影原声音乐——断背山,1196,370405,//i2.hdslb.com/bfs/archive/2816679334fddf343d2faa01ab29b5398cd2b5fb.jpg,6365093,BV1as411t7YC,1474457942,2016/9/21,19:39:2,17:07,4712,4345,5664,1250,2661
电影最TOP 25: 窒息！密室悬疑类电影大盘点,915,761239,//i0.hdslb.com/bfs/archive/40e6e4628d5b18da144c987e678e80f7182ce134.jpg,6275888,BV1ps411r74U,1473852937,2016/9/14,19:35:37,26:15,6913,13299,4676,1439,2277
电影最TOP 24: 梦幻又残忍！初恋电影大盘点,482,311342,//i0.hdslb.com/bfs/archive/edccf8ea7ae85770712ad0bf1cb8423984fec8e4.jpg,6192047,BV1ds411675s,1473249053,2016/9/7,19:50:53,25:36,4806,2393,2389,562,738
电影最TOP 23: 一口气撸完韩国犯罪电影,1623,1042499,//i2.hdslb.com/bfs/archive/f1c6aa9563225dba392c93832229f5187f8f47fb.jpg,6103458,BV1zs41167QR,1472643649,2016/8/31,19:40:49,27:29,11156,11770,6593,2948,5064
电影最TOP 22: 顶级神经病是怎么炼成的？多重人格电影大盘点,1118,909638,//i1.hdslb.com/bfs/archive/0efb24b1b6badc4c66817c8bfefed682b27a3a70.jpg,5989692,BV1vs411k7qL,1472037621,2016/8/24,19:20:21,26:50,8577,8980,5417,1147,2743
电影最TOP 21: 泪奔！最凄美人鬼恋大盘点,523,302501,//i0.hdslb.com/bfs/archive/496b3191e69d15152db810050e0dbcb855955142.jpg,5869010,BV1Ts411k7ut,1471433233,2016/8/17,19:27:13,23:52,5763,1614,2027,258,843
电影最TOP 20: 绝美！史上最美电影大盘点,1075,669728,//i2.hdslb.com/bfs/archive/fa7150f0cb79aeeb96cf49adb178242ea5fa9dba.jpg,5750096,BV13s411y7yu,1470827939,2016/8/10,19:18:59,27:31,8658,20091,5759,1754,1888
电影最TOP 19: 性感又邪恶！女性反派大盘点,588,883795,//i1.hdslb.com/bfs/archive/2639a98104d6021d0c4546a9694378bc8a9c6900.jpg,5632112,BV14s411C7yR,1470223016,2016/8/3,19:16:56,26:50,10099,6475,3435,512,3447
【我来说电影】电影最TOP 18: 军魂不朽！电影中的不死老兵形象,735,332826,//i2.hdslb.com/bfs/archive/699501e71b754850afcf75839a5aa42c2d945263.jpg,5521992,BV19s411k7ce,1469622458,2016/7/27,20:27:38,25:06,4450,1686,2105,255,932
电影最TOP 16:燃爆！史上最牛X特工大盘点,418,597199,//i0.hdslb.com/bfs/archive/24b2ef3d90cd870c15c55da9fb7ace33d042fc88.jpg,5318604,BV1rs411y7te,1468407304,2016/7/13,18:55:4,26:58,7507,3888,3044,401,1873
电影最TOP 15：“性冷淡风”纯爱电影大盘点,486,317871,//i2.hdslb.com/bfs/archive/d70cb814ed13d322fa69007eb5fe4696bc40a33b.jpg,5223857,BV1Ms411i72Y,1467794523,2016/7/6,16:42:3,26:34,5531,5265,2905,778,925
电影最TOP 14:  成龙生涯十大最经典时刻,1001,975477,//i1.hdslb.com/bfs/archive/8340bee7075463a91bd2c9adc7e7455b17255ca5.jpg,5127971,BV1Bs411v7Mq,1467118772,2016/6/28,20:59:32,24:01,9660,6064,6244,815,7110
电影最TOP 13: 萝莉有毒！最凶猛萝莉大盘点！,453,476849,//i2.hdslb.com/bfs/archive/912c00aa93a0029380fbf1603189b2dd7e23a154.jpg,5056270,BV17s411v7w2,1466585868,2016/6/22,16:57:48,26:45,5522,3514,1889,514,1281
电影最TOP11: 盘点史上最伟大的越狱电影,325,634100,//i1.hdslb.com/bfs/archive/bdaa8a8ef8046a3f193bebb4b4a67d3f6567cadc.jpg,4906423,BV1cs411q7En,1465388504,2016/6/8,20:21:44,23:39,4818,3619,1944,369,2019
电影最TOP 10:  萌化你心！盘点十大电影萌物,363,459706,//i0.hdslb.com/bfs/archive/9a8c955ebf615cf53bee8273644d574907e46b20.jpg,4834599,BV16s411i7Lv,1464786224,2016/6/1,21:3:44,23:42,6989,2819,2152,549,1565
电影最TOP 01:  第一部就牛逼！ 盘点那些牛X闪闪的导演处女作,404,517713,//i2.hdslb.com/bfs/archive/d05ffe406936d3ba14fe4e12af18c4bf4e080cc5.jpg,4800680,BV18s411i7k8,1464498319,2016/5/29,13:5:19,18:37,4135,2486,2620,367,2146
电影最TOP 09:  那些年星爷“糟蹋”过的经典,627,647540,//i0.hdslb.com/bfs/archive/66e04fb4f0a92c46931b8bc595c23a74562bff54.jpg,4763173,BV14s411i7Yh,1464179709,2016/5/25,20:35:9,20:46,6284,2731,4563,502,2833
电影最TOP 08 : 涨姿势！独家盘点电影十大黑科技,237,416244,//i0.hdslb.com/bfs/archive/46e096a4bd56c222eacd0454a14f8440fa843995.jpg,4691971,BV12s411B7Dv,1463568208,2016/5/18,18:43:28,21:34,4504,2442,1469,246,1119
电影最TOP 03 ：盘点史上最高逼格的偷窥类型电影,202,399647,//i1.hdslb.com/bfs/archive/25c5e6728504951241bed518948090ab44d2c763.jpg,4673232,BV18s411B7Uu,1463384082,2016/5/16,15:34:42,21:31,3549,1622,1470,184,871
电影最TOP 04：这也算英雄？独家盘点影史上的反英雄角色,293,561527,//i0.hdslb.com/bfs/archive/21710a71a8dd26fa7658e8e27d16fa2120316e61.jpg,4651341,BV1Ws411B7fr,1463220668,2016/5/14,18:11:8,26:04,5263,1995,1599,175,1790
电影最TOP 02 ：论心机婊的自我修养与内功心法,219,451034,//i1.hdslb.com/bfs/archive/97ca6068cd950866eccb3fa6ec6f9ec7e948e153.jpg,4641352,BV1ps411B75T,1463143954,2016/5/13,20:52:34,17:15,2348,2163,1597,520,1399
电影最TOP 06 ：中外青年角色大PK,138,251142,//i2.hdslb.com/bfs/archive/7bb42db94493a92443327d782069a6d4c9c8ec3b.jpg,4632602,BV18s411B7WU,1463060128,2016/5/12,21:35:28,23:37,1989,932,1130,201,834
电影最TOP 05 ：这些顶级反派让主角靠边站,798,1246443,//i1.hdslb.com/bfs/archive/0bf0c22e454a31db8e95997327588d28c5368096.jpg,4630623,BV1ts411B7YS,1463047679,2016/5/12,18:7:59,19:15,8475,13494,5200,1841,5458
电影最TOP 07 ：铭刻在电影中的母亲形象,258,189789,//i0.hdslb.com/bfs/archive/256ae8914193717b196fb213f3947dfe316dae55.jpg,4630443,BV1bs411B7Np,1463046360,2016/5/12,17:46:0,25:01,1823,728,1400,181,1049
