﻿title,comment,play,pic,aid,bvid,created,date,time,length,video_review,favorite,coin,share,like
幼儿园转行卖烧烤，服务员都是老师，顾客秒变乖？,1421,713983,//i0.hdslb.com/bfs/archive/d1dbde649c1179fd73ca25f420031d23017b406f.jpg,583461088,BV1yz4y197DR,1591965022,2020/6/12,20:30:22,08:34,3872,4284,17881,2926,58882
丧尽天良！弟弟吃10斤羊蝎子，哥哥只能吃豆腐？【深夜饿人】,1459,951121,//i1.hdslb.com/bfs/archive/b5f27e6893e12157e65f9690ef8d1ead0db8c34f.jpg,838395327,BV1ig4y1i77z,1591790410,2020/6/10,20:0:10,10:14,8757,6520,18343,2831,65779
发誓最后一次女装了,1957,766514,//i1.hdslb.com/bfs/archive/c547adf7f6331c75564bbb93af0d668986ef98a1.jpg,710876655,BV1eQ4y1P7bs,1591532655,2020/6/7,20:24:15,09:32,8338,3853,18801,1811,64050
【天津街头】你大爷还是你大爷,3591,1073486,//i1.hdslb.com/bfs/archive/5b69065c73e41db072348ba09d02332bb641ed08.jpg,710995777,BV1eD4y1D7Zm,1591102793,2020/6/2,20:59:53,32:20,25536,23385,109153,8656,114267
在天津街头吃面，被环卫大爷的歌声碾压了！,3355,1496007,//i2.hdslb.com/bfs/archive/d618a83f49ae1738389464e5fbbdde6f190816a6.jpg,753293150,BV1mk4y167iW,1590753955,2020/5/29,20:5:55,08:43,10576,21688,93858,8688,150312
天津人均说相声？早餐3块5，进店还得爬窗户？,4930,1986385,//i1.hdslb.com/bfs/archive/b90a4c1b28276233d5cdf3306c2dad2ac52b43eb.jpg,455865436,BV155411x7GL,1590491021,2020/5/26,19:3:41,10:21,18073,14264,52842,13023,141755
天津大爷: 钱算嘛? 有钱就得吃腰子！,3065,1879097,//i2.hdslb.com/bfs/archive/dcdba570f4cd719fde7e66c903a45a3eb8ed66a4.jpg,795794633,BV1LC4y1p7LY,1590148853,2020/5/22,20:0:53,09:22,11803,12021,56809,9984,151181
我们是被一手包装策划出来的？都是“演员”？【我的澄清】,5128,719437,//i2.hdslb.com/bfs/archive/3abf6064827737912bee58747c0774f646f94a31.jpg,540827955,BV1pi4y1s7og,1590142563,2020/5/22,18:16:3,03:53,6657,4050,25221,706,70017
男子用2坛女儿红炖东坡肉：姑娘们，我自雷了！【深夜饿人】,3624,1647107,//i0.hdslb.com/bfs/archive/5ab734ae5eeb86cc25f88655fa481430546c3940.jpg,200507131,BV1sz411z7Qb,1588937436,2020/5/8,19:30:36,14:00,22747,22745,109365,6068,142703
【羞耻级】我被网友挑战了？输了就在小区跳性感女团舞！,1866,967897,//i1.hdslb.com/bfs/archive/ed00fdb73e47d0b23958133c3784e4c2f0c6e3e0.jpg,883025993,BV12K4y1b7as,1588672803,2020/5/5,18:0:3,09:17,14204,5463,25497,3107,115248
男子在家复刻米其林烤羊排！没想到做着做着绿了？【深夜饿人】,3589,1827578,//i0.hdslb.com/bfs/archive/7da5d93c51ec705487fabcc9bce775d63b1e5429.jpg,370474410,BV1SZ4y1W7uU,1588163317,2020/4/29,20:28:37,13:02,17397,26983,153461,4076,177257
公开处刑！花150在网上买原创歌，当众唱给朋友，羞耻哭了！,5381,1419431,//i1.hdslb.com/bfs/archive/947d08e2ac6a13ec9db87f6fe29edb4b65cfc610.jpg,710442193,BV1QQ4y1P7xZ,1587985213,2020/4/27,19:0:13,11:01,30060,13775,68356,10029,118840
内部专业配方泄露？用这些调料就能做出米线店味道吗？,1958,1163207,//i1.hdslb.com/bfs/archive/3ee15cdb70162869cd1b393529b1d46ee85f37e4.jpg,795438519,BV1TC4y1W7jZ,1587725403,2020/4/24,18:50:3,05:37,4547,5164,16030,3066,67502
湖北卖脱销的特产！哪些好吃？up一次性买来尝尝看！,2908,1091973,//i1.hdslb.com/bfs/archive/2ebcb21229c37bff2002de4964dca29d027ca037.jpg,412788884,BV1NV411Z7aN,1587379154,2020/4/20,18:39:14,07:37,10911,4736,24838,1878,85079
复制陈佩斯祖传“醋卤面”，半瓶醋整盆香菜，真的好吃吗？,2374,1579232,//i1.hdslb.com/bfs/archive/4bb70622a06546a0822b25b43eb08a8a55968ad1.jpg,795353131,BV1XC4y1p7Yn,1587204023,2020/4/18,18:0:23,06:26,10205,12636,28196,6413,90198
饭店卖48元的河南名菜，在家自己做，成本3块钱？,3512,1353374,//i1.hdslb.com/bfs/archive/b668606024755c16060b683eee3466481595c34c.jpg,837781268,BV1dg4y187Cy,1586923228,2020/4/15,12:0:28,07:43,12763,4152,17822,2157,72713
中国最好吃的菜市场？30多个小吃摊，可惜就要关了。,3974,1719906,//i1.hdslb.com/bfs/archive/b7fd41ed861655e3c6ddd457a8b890d85055aac2.jpg,582697505,BV1664y1u7gw,1586778434,2020/4/13,19:47:14,12:07,16185,28331,127702,9664,161494
【深夜饿人】教你把鸡蛋做成吃不起的样子～ ～,2387,1598918,//i2.hdslb.com/bfs/archive/7ea4d23dc6961ae7248c38eb3c5a474e80492386.jpg,540168155,BV1wi4y187sS,1586519006,2020/4/10,19:43:26,09:06,15305,18412,81834,4113,146981
原以为是个砖头，一刀下去，流口水了！,5328,2891162,//i0.hdslb.com/bfs/archive/c56819a96cdb6e8674852d633dfa2baee472b7e0.jpg,327709263,BV1RA411t7js,1586426313,2020/4/9,17:58:33,08:08,49552,26532,134905,5164,295325
买5斤猪肉能做出多少午餐肉？忙活4小时，反而亏了？,2032,1237743,//i1.hdslb.com/bfs/archive/18d1423626c63cc3dbaf293ec91227be9d0a757c.jpg,327727865,BV1uA411b75v,1586345457,2020/4/8,19:30:57,07:11,12344,5496,26284,1835,85306
辣 子 鸡 山，椒 麻 香 辣,7185,1633090,//i1.hdslb.com/bfs/archive/a9974c8fce7ba010c6442e590d34af9b0f85d761.jpg,795070680,BV1BC4y147xH,1585917967,2020/4/3,20:46:7,05:18,8997,12192,35583,4880,101333
在家做“香辣土豆片夹馍”，终于知道为何火遍西安街头了！,2776,1348051,//i1.hdslb.com/bfs/archive/2147c5ab302df1958c20d0ab21eca39a1f6da4f3.jpg,925124676,BV1XT4y137vo,1585741673,2020/4/1,19:47:53,06:53,11380,9808,31232,6566,95052
【深夜饿人】自制家庭叫花鸡！淡黄的泥土，蓬松的味道～s k r,4057,1851149,//i0.hdslb.com/bfs/archive/66cfad64cbd15d3d212b2ec31ab0f9f6ca60d670.jpg,455109364,BV1C541147tf,1585653313,2020/3/31,19:15:13,13:07,23426,22232,104246,8406,166753
大羞耻！up主被网课老师做成反面教材，公开处刑！,3754,2421287,//i1.hdslb.com/bfs/archive/04d9560d549f8f26dde25b4cc10fbad73c56e29d.jpg,99839592,BV1e741197ye,1585312294,2020/3/27,20:31:34,09:31,24265,17551,73210,2353,339085
【深夜饿人】看着像块砖头，里面却嫩得流汁！,3109,1877346,//i1.hdslb.com/bfs/archive/cb750051cc1a43e42a9b9f2868a1af0cea971a41.jpg,99277570,BV1J741117qH,1585143684,2020/3/25,21:41:24,10:57,18969,17004,72257,10669,148992
肘 子 泡 饭，一 人 一 蛋。,3016,1689302,//i2.hdslb.com/bfs/archive/7cc36b422d93320346306535c247b1e781293165.jpg,98717364,BV1S7411m7KJ,1584962859,2020/3/23,19:27:39,05:55,7737,17547,50428,11945,113131
【深夜饿人】在家挑战东北锅包肉，做了3天翻车5次，终于！！,2661,1565063,//i0.hdslb.com/bfs/archive/dd2d79418cf8a4f3e628803e5abe8725c6ff64f0.jpg,97920377,BV1yE411A7Mm,1584711724,2020/3/20,21:42:4,10:55,14576,20082,68753,8769,132026
心跳！深夜厨房偷吃螺蛳粉，被室友抓包后竟然......,6693,1309309,//i2.hdslb.com/bfs/archive/4a231233bc70d795a9ccf7b9d1ea70acbe09d868.jpg,97640684,BV1SE411P7zt,1584621468,2020/3/19,20:37:48,08:44,10401,6774,37749,4008,89749
在家做黄金臭豆腐，100块堆成山，直接把室友熏醒了！,11058,1448612,//i0.hdslb.com/bfs/archive/33618bc28922834f873bee11596902b681eda4a2.jpg,97344353,BV1V7411R7XF,1584530118,2020/3/18,19:15:18,06:06,19141,13505,39403,6109,110222
给弟弟做夜宵，100元的东北炸串，比外面小摊都好吃！,3459,2201318,//i1.hdslb.com/bfs/archive/3f866a3f0230bb35ddd30b59e0bd7e59afbb4792.jpg,96795538,BV1m7411o7p2,1584357517,2020/3/16,19:18:37,11:01,21666,40269,110520,17868,183269
和俄罗斯妹子挑战当地最辣食物，竟是重庆火锅？两口飙泪了,1548,1146761,//i1.hdslb.com/bfs/archive/f21434eba3738d86a619610badc04fd23dd2ba6a.jpg,96533915,BV1T7411f7DQ,1584277865,2020/3/15,21:11:5,08:58,9236,3649,12624,2117,58331
人生巅峰！北极光下吃火锅，用雪做汤底，涮了一整条三文鱼！【北极大宝荐08】,3966,1741628,//i2.hdslb.com/bfs/archive/2af9ca446a4f1b95484f5e45f032289e4fccc4b0.jpg,95940752,BV1dE41157JH,1584101859,2020/3/13,20:17:39,35:22,96609,56253,227287,19974,192340
"【派出所的故事2019】刺激！up在派出所被最帅警察带走，请我吃宵夜？",3330,1739911,//i0.hdslb.com/bfs/archive/8fa35df98eb14916977576a08727e28ce2c2bd22.jpg,95468405,BV1nE411L7Js,1583926800,2020/3/11,19:40:0,11:39,17572,15851,67117,8683,115901
深夜10斤麻辣烫，麻辣鲜香连锅端，太怀念这个味儿了！,2406,1541680,//i2.hdslb.com/bfs/archive/3ad3da99c19eace0f60b8340b8ef5dd9a24bfc7c.jpg,94449168,BV1KE411g727,1583578543,2020/3/7,18:55:43,07:11,6229,6433,20429,6296,74821
对不起大家！我不该煎奶茶！,1755,1221114,//i0.hdslb.com/bfs/archive/36de94f0b82d5166db68eaf4e0241fc926ef8527.jpg,94194377,BV1NE411p7AY,1583497817,2020/3/6,20:30:17,05:55,5732,2981,12249,2563,60671
热量炸弹！7个爆浆大鸡排配冰可乐，芝士爆了！,1964,1739260,//i0.hdslb.com/bfs/archive/deba9ca11ba2cfafcc0e0977034624fc1495d5f2.jpg,93640852,BV1qE411s75X,1583321775,2020/3/4,19:36:15,09:19,15335,12714,43579,8753,99484
油 炸 拖 鞋 【盗月社】,2098,1257531,//i1.hdslb.com/bfs/archive/9d8994aaca331e9cc3d96af63517f47f08142a7c.jpg,93157107,BV12E411j7EY,1583149555,2020/3/2,19:45:55,05:49,12510,12887,54256,3475,111401
在俄罗斯花100元吃麦当劳，和国内有啥不一样？,1992,1766360,//i1.hdslb.com/bfs/archive/02b7a1c14b391e35af5cbec451bd9e8d5414c7e0.jpg,92691904,BV1yE411J7hy,1582982930,2020/2/29,21:28:50,08:24,7717,5841,15976,4268,79085
害怕！和熊同桌吃早饭，60斤食物，吃完要陪练格斗？！【北极大宝荐06】,4682,2902568,//i2.hdslb.com/bfs/archive/8c8241080aee8f128d4e9136bbbeb4564387e913.jpg,92393584,BV1dE411n7va,1582885350,2020/2/28,18:22:30,19:14,26125,33889,94421,58714,160530
吃 虾 大 户,4107,1955528,//i2.hdslb.com/bfs/archive/89eb6b657a49705a1f95411319e2e8ff9a454738.jpg,92147507,BV1L7411N7HQ,1582801574,2020/2/27,19:6:14,07:15,11008,24805,41444,15919,105110
海底捞式服务，上来就把妹子脸打了？,2648,1553832,//i0.hdslb.com/bfs/archive/584f5404fab7810f89d66e033c2aeddb4b4fa178.jpg,91922578,BV1S7411K7K2,1582721781,2020/2/26,20:56:21,13:29,17340,11312,60944,9473,104419
爆笑！在家理发剪哭了！想你了Tony老师～,3017,1308080,//i1.hdslb.com/bfs/archive/60a0fd7fcf862c601e84a8444a07c4bab6da1976.jpg,91398184,BV1h7411u7cu,1582542852,2020/2/24,19:14:12,10:05,17563,11977,65580,19916,107702
俄罗斯vlog：上战斗民族公厕竟然要花20元？,1641,863335,//i2.hdslb.com/bfs/archive/87f288f2d2dad32024967d92bb5258651d01b8fa.jpg,91163360,BV1V7411F7Ju,1582460508,2020/2/23,20:21:48,09:35,14739,3415,15883,2029,50871
在家开街边烧烤店，10元一串卖给弟弟，血赚142块！,2649,1903019,//i1.hdslb.com/bfs/archive/a1c71bf2e4304266e8a5fd85a257b56181f24d94.jpg,90643955,BV1d7411w7FS,1582284523,2020/2/21,19:28:43,14:54,18508,22434,160255,12600,190952
给弟弟做宵夜，6只手枪大鸡腿配冰可乐，比外卖好吃多了！,3173,3252767,//i1.hdslb.com/bfs/archive/bd30653a64184f0d109a624e292f3c441889f15a.jpg,89688798,BV1D7411j7BU,1581939353,2020/2/17,19:35:53,11:44,18377,51358,116854,32073,166124
给弟弟做了盆 油泼辣子方便面，辣子管够，额头都出汗了。,2631,2286926,//i1.hdslb.com/bfs/archive/606a63bd2a1a2c73635d6cec6c9ff57a13ecb2bc.jpg,88700857,BV1q741137Qd,1581596937,2020/2/13,20:28:57,08:26,13718,13806,77078,5054,133161
【治愈向】今天，看完这个视频，心情会好一点。,1370,1251293,//i2.hdslb.com/bfs/archive/95dfa6eb79ec55cd2209bf8565dceca18f9c099c.jpg,84847854,BV1J7411Y7mV,1579857562,2020/1/24,17:19:22,18:59,5064,5515,17377,1630,45609
第一次挑战吃牛瘪！结果入口瞬间，仿佛吃了细密的豆沙…,1652,1252823,//i0.hdslb.com/bfs/archive/fc30997be187217098fcb2df6817f6f4e92ad5de.jpg,84347984,BV1M7411i7ZX,1579600851,2020/1/21,18:0:51,11:31,11895,3567,13032,4774,47071
喷火五花肉！烤到滋啦冒泡泡泡，竟是旺旺仙贝味的？,1614,1819535,//i0.hdslb.com/bfs/archive/0739957eaaf1a3807f934334c6d63021c5024cf1.jpg,83813024,BV1pJ411E7W2,1579258849,2020/1/17,19:0:49,12:18,10386,9700,31208,9129,70449
天津第一肘子？85元的3斤大猪肘，汤汁拌米饭太嚣张了！【疯老板05】,2398,1781722,//i1.hdslb.com/bfs/archive/31ba251dd623836d4335b992c9bc7a0a551ae0f5.jpg,82714696,BV1RJ411G76f,1578654358,2020/1/10,19:5:58,14:03,10640,16207,30480,26959,66985
大雪天吃锅热腾腾羊肉煲，再下几包煲汤泡面，香！！,2287,1446062,//i1.hdslb.com/bfs/archive/b41e827605338a135aa7931b012420616d53fd99.jpg,82433778,BV1fJ411V7vf,1578394823,2020/1/7,19:0:23,07:38,8601,6173,30380,5456,63708
中国调料师教你吃顶级和牛！价值1万5，真·肉山！(｡ì _ í｡)【疯老板04】,2495,1162806,//i2.hdslb.com/bfs/archive/fe3cc6f6b024a073955b3f0ccf3f960f6318a940.jpg,81878054,BV18J411j7Ff,1578049209,2020/1/3,19:0:9,16:22,8434,4802,16966,4485,44299
传说北京排名第一的坛子肉，这肉量，吓人啊！,1579,1699262,//i2.hdslb.com/bfs/archive/d18b9552a46bcccef4950ec198b561ab7f4202a7.jpg,81418747,BV1jJ411h7Ps,1577789124,2019/12/31,18:45:24,07:37,5924,6419,15514,8468,57180
演员私下吃什么？这顿东北烤肉，竟有这么多隐藏吃法(｡ì _ í｡)【疯老板03】,2154,1793587,//i2.hdslb.com/bfs/archive/f793151193892b3f183904bdee55ee926d19330b.jpg,80848611,BV19J411Y7zb,1577445921,2019/12/27,19:25:21,15:57,11013,7597,26894,7718,68362
和科学家吃饭有多难？我感觉我中文不大行。,7279,2042359,//i2.hdslb.com/bfs/archive/42ed32732000272d178d9c5ab32b52db50ca74dd.jpg,80472072,BV1sJ411x72k,1577187012,2019/12/24,19:30:12,15:39,17205,11097,35437,7859,94255
价值2万的小龙虾？小伙们一口气干50只，金汤泡饭扒3碗！(｡ì _ í｡)【疯老板02】,1596,1317393,//i2.hdslb.com/bfs/archive/0c114e658a9b29e4a04d303714e76715d3b5d2c5.jpg,79938711,BV1PJ411b7t5,1576839639,2019/12/20,19:0:39,20:17,10170,10179,29093,4978,55844
圣诞老人摘下胡子的瞬间，北京大妈笑疯了,1889,609019,//i1.hdslb.com/bfs/archive/ba375d9f4804c4ec83f8fa19b0714228121a56ce.jpg,79768161,BV1nJ411t7oG,1576681928,2019/12/18,23:12:8,10:47,3372,1547,6578,1218,25634
喝着吃的面条！27元一碗，店里全是北京大爷(｡ì _ í｡)【疯老板01】,5430,2114787,//i2.hdslb.com/bfs/archive/7362ecad94660ba9748c323665ed7b91fa53b0b2.jpg,79094759,BV1eJ411C7MM,1576252542,2019/12/13,23:55:42,17:34,15261,18284,58761,11056,88872
这个视频疯了，所有人看不到3分钟就关了【饭店老板已疯2】,1038,1028142,//i2.hdslb.com/bfs/archive/67a5913bfb23087f31411dd650b114ea3e953d48.jpg,78860618,BV1AJ411174D,1576064107,2019/12/11,19:35:7,02:19,1429,2559,12776,974,40028
最便宜的北京烤鸭？88元一整只，师傅亲手片成108片,1685,1285534,//i0.hdslb.com/bfs/archive/0dc8d31a783f1d1d6303867ce3da30855330900e.jpg,78766287,BV1eJ411y7nF,1575976132,2019/12/10,19:8:52,09:42,9035,4141,12616,6884,44869
88元一锅！北京大爷的牛火锅，大块牛肉和肉筋，配蒜吃精光,2306,1535357,//i1.hdslb.com/bfs/archive/7af09c5a423cf22a2143bf896b997969c4cc3508.jpg,78271789,BV1zJ411i7Mz,1575634881,2019/12/6,20:21:21,10:53,8054,7750,28029,5163,63216
45元自助大骨火锅！无限加肉，无限加方便面！,1736,1796250,//i0.hdslb.com/bfs/archive/923e4db8c4b4729329ab36451de5fbe99b250db9.jpg,77421367,BV1NJ411Q7rr,1575027924,2019/11/29,19:45:24,08:23,28,8118,25934,11312,80663
【最 饿 抖 肩 舞】每天亿遍，防止抑郁～coincidance,4011,2868269,//i1.hdslb.com/bfs/archive/e8b4d77b17034cdf53bc3b5591b0e20d9030f885.jpg,77090118,BV1PJ411X74c,1574766026,2019/11/26,19:0:26,03:17,6083,34940,135335,10015,184058
突然用李佳琦的方式吃火锅，太魔鬼了！,2431,1487512,//i0.hdslb.com/bfs/archive/7d05b1b05963d3d89cc8aa786123f8265295ddf8.jpg,76614101,BV1gJ411d7RP,1574423849,2019/11/22,19:57:29,09:30,9280,11602,43494,11056,74100
9块9北京最便宜自助餐！肉菜无限续，老板能赚钱吗,2515,1910159,//i2.hdslb.com/bfs/archive/6544d43f80689da04acc8b6b520349910d0ec3bb.jpg,76270913,BV1QJ411m7RS,1574161178,2019/11/19,18:59:38,06:48,5414,6650,13516,5944,55389
考上农大后，佛跳墙只要28元，想吃玉米在学校摘？,3503,1620287,//i0.hdslb.com/bfs/archive/58868acd40ffc2536dc54ef75bee14998635962f.jpg,75765854,BV1MJ411U7Z2,1573819527,2019/11/15,20:5:27,15:56,18693,7182,21553,14151,58944
以为600元血亏，老板拿来一把刀，切开后惊了！,2505,2526417,//i0.hdslb.com/bfs/archive/077fbec2aac00faa9ae1069b013b6a58101b96af.jpg,74973003,BV1sE411q7bs,1573212803,2019/11/8,19:33:23,11:12,9924,11620,27550,13901,72623
电视台主持人转业做up主，再回首，羞耻哭了！,4409,3867535,//i2.hdslb.com/bfs/archive/6b0b97164e45611744d3554ffc90fb1c729b0f0d.jpg,74652799,BV1qE411B7Xh,1572955361,2019/11/5,20:2:41,10:32,23623,31664,108083,11343,205312
国家级运动员的食堂，到底都吃什么？海参自助随便吃？？,1740,1679218,//i2.hdslb.com/bfs/archive/87b2b6902cd35b80f17c96c5b2d6b39d6bf62897.jpg,74133463,BV1vE41187Cs,1572606942,2019/11/1,19:15:42,12:17,19261,5742,26810,2348,68880
林更新请我吃烤肉，当场表演入口即化，跟美食up抢饭吃？(｡ì _ í｡),4168,2217164,//i0.hdslb.com/bfs/archive/5f8d3436d293d26b2c40c46ff0eeb799d2fc1065.jpg,73840576,BV1mE411h7yH,1572345837,2019/10/29,18:43:57,09:36,15274,15951,61039,13271,143127
只有4张桌的炸串小店，素的8毛荤的1块，金黄喷香滋滋作响(｡ì _ í｡),1531,1523988,//i0.hdslb.com/bfs/archive/ae2591a67bf1bcd1ea055cf094a72344be9e3ae1.jpg,73362496,BV1jE41117QT,1572001989,2019/10/25,19:13:9,10:14,16557,7603,29989,7644,60618
4元一大根！北京大爷的羊棒骨店，汤底泡饼吃完飘了(｡ì _ í｡),2418,2130852,//i1.hdslb.com/bfs/archive/cee923a324bcba0e4c8a6c5d09949d88d09ce35f.jpg,71618765,BV1yE411r7o9,1571400323,2019/10/18,20:5:23,08:41,8815,13890,55655,15297,95578
抠30只大闸蟹做成一份盖饭！一口15元，拌饭吃5碗,1256,1152300,//i1.hdslb.com/bfs/archive/e10b3276ab0f16ca5d7bf244ff722793ec619286.jpg,71306515,BV1fE411k7cw,1571139907,2019/10/15,19:45:7,08:27,6869,5677,33674,5457,59532
用日剧《轮到你了》的方式打开一箱鸡胸肉，后期很害怕,1369,564252,//i1.hdslb.com/bfs/archive/e62ec188fa5e7d8e0df07960246fcb27cc86753d.jpg,70879182,BV1dE411o7GV,1570791783,2019/10/11,19:3:3,08:05,4355,2262,9538,4512,21866
花2万请农村老人出镜拍广告，演技被吊打！还反给我们钱？,8115,1662842,//i1.hdslb.com/bfs/archive/37c6c16707819b9e8c04f72f8477821e134888ce.jpg,70574323,BV19E411Z77h,1570536777,2019/10/8,20:12:57,31:14,23510,57712,293271,12120,192580
挑战重庆最辣炒米粉！竟被老板diss，把碗端走了？！,3013,1823453,//i0.hdslb.com/bfs/archive/695d8c85ea4fe19a8f6963b3f65057ebac334dbd.jpg,70031567,BV1XE411S72p,1570187406,2019/10/4,19:10:6,16:22,13944,8331,32137,9130,58100
30块钱的猪肘子拌饭，剁碎浇汁，配蒜吃了2碗饭！,1556,1470161,//i2.hdslb.com/bfs/archive/aa17a4ada8bf6afea6b461a01c5c87d6194e9a3c.jpg,69740513,BV1NE411Q7CE,1570010446,2019/10/2,18:0:46,08:33,7173,4869,21420,5606,49851
可能是最新鲜的牛肉火锅，2小时前牛还在吃草,1711,1375994,//i0.hdslb.com/bfs/archive/a210968c5858b3e98ad439a27112589abf6ea42e.jpg,69155892,BV1XJ411T7mL,1569577273,2019/9/27,17:41:13,09:19,6516,6879,24857,9410,46046
4元一只，一口爆浆！其他生蚝都目瞪口呆(｡ì _ í｡),2058,3557908,//i1.hdslb.com/bfs/archive/52bd83f7bd51adc0ad0ed057c8bf52373e12ef37.jpg,68848058,BV1FJ411u7z2,1569317779,2019/9/24,17:36:19,10:26,8754,10327,17608,6757,64125
各位大哥别喂了，小弟已经吃饱了,1442,1001282,//i2.hdslb.com/bfs/archive/ae367c30162d046b242b2fce8a9a79a750a3014b.jpg,68365969,BV19J411374m,1568979625,2019/9/20,19:40:25,08:55,6363,3974,18375,3508,39718
曾火遍全网，坐拥10栋楼的鸭仔饭老板！今年发生了巨变【深夜加餐饭番外】,4185,2620490,//i1.hdslb.com/bfs/archive/60254425cfcbb422a631de69be2927ee534db420.jpg,68063805,BV1EJ411w7Zm,1568719231,2019/9/17,19:20:31,13:49,31657,15564,39805,29651,78156
100元在大学食堂能吃多少？1元4个饺子，那100元就是……,1505,1035252,//i2.hdslb.com/bfs/archive/b77b22a5f69a90c06c27146201046fadaa66a04e.jpg,67575796,BV1uJ411N768,1568373914,2019/9/13,19:25:14,08:09,5954,2695,12280,1993,34546
激 情  老 板 对 战 明 学。,1469,974179,//i1.hdslb.com/bfs/archive/daafcd72becbb1b757225b95357a170582cbad3d.jpg,67353597,BV1CJ411K7Pd,1568199619,2019/9/11,19:0:19,10:30,4824,7875,37373,3426,49247
柠檬配醋大挑战！见我面无表情，就这么冷酷！,1322,793357,//i2.hdslb.com/bfs/archive/b4e585b909c6b842ea016ff2f1cf56ca9122afe2.jpg,67177167,BV1UJ411N7Bh,1568028336,2019/9/9,19:25:36,13:54,4743,6534,40472,867,46652
在成都吃火锅，毛肚当成面条吃？这是什么大户人家！【盗月社x王咩阿】,1681,1351252,//i1.hdslb.com/bfs/archive/b22d48683b18ab266126233f59a22cc55ed73742.jpg,66815491,BV1w441117pn,1567765057,2019/9/6,18:17:37,08:48,6715,3943,10780,3912,37017
把大吃一顿的视频发给健身教练，他笑着对我说了8个字,1717,1152776,//i1.hdslb.com/bfs/archive/3f643e09df0bf182df3657da0efe3488d7800114.jpg,66590254,BV1X4411C7sk,1567594847,2019/9/4,19:0:47,08:54,6442,6560,19377,2757,47564
一口气吃了4碗面，老板竟然向我推荐别人的店。,1557,1468143,//i0.hdslb.com/bfs/archive/48ce3f893c1b697392abfdc3e1b2ba23ede8d230.jpg,66402314,BV1v441117m8,1567420082,2019/9/2,18:28:2,07:42,6339,5004,12098,3874,38637
请亲弟弟吃饭，99元点了份汉堡，竟然没吃饱？！,2465,1353818,//i2.hdslb.com/bfs/archive/93d143be315e743ea69fcd2f5b3efabdedc118f2.jpg,65997790,BV1M4411B7kX,1567160454,2019/8/30,18:20:54,11:39,13727,25621,47157,3875,73714
四川人用藿香做鱼？不会是藿香正气水味的吧？？配馒头吃了三盘,1455,790613,//i0.hdslb.com/bfs/archive/cd5e930662f4ac4cbef7d033e112fd0884f125a7.jpg,65704349,BV1n4411z7vQ,1566986440,2019/8/28,18:0:40,10:02,5096,2163,7938,1692,25812
参加广州BW，野食小哥竟然说话了，我还把会场的小电视砸了【vlog】,8058,638509,//i1.hdslb.com/bfs/archive/939dbf7c5d06d0960f6eedb493645c0a2623e04a.jpg,65467690,BV1B441167SB,1566820243,2019/8/26,19:50:43,08:49,3730,1818,8145,795,21799
指路5分04秒，这烧烤的声音awsl，滋滋滋滋太好听了吧！,1300,892905,//i0.hdslb.com/bfs/archive/366b926b5d9270775b387245047c10d6c30acc8b.jpg,64995411,BV1H4411R7Tp,1566554431,2019/8/23,18:0:31,09:49,5577,2795,14311,1170,32224
人生巅峰：五阿哥给我烧烤，给我剥蒜，还给我煮了方便面！,3394,1384223,//i0.hdslb.com/bfs/archive/ced958adaea77eb957a4de747894ad97851267b4.jpg,64605389,BV1c4411d7ME,1566304778,2019/8/20,20:39:38,16:16,11804,9446,32496,7071,65468
上海炸串阿姨：谁敢涨价我就不干了！赚个屁钱！！【深夜加餐饭06】,3743,2410343,//i2.hdslb.com/bfs/archive/8558f065da76d01318f77db2b486c94bbeeb0656.jpg,63957101,BV1c4411S7LG,1565949617,2019/8/16,18:0:17,21:21,38873,25541,84121,16660,102627
《人生一串》竟然开店了！全网试吃第一人！爆浆猪眼 猪鼻筋 饼卷羊腰我来了！,3960,1797887,//i1.hdslb.com/bfs/archive/d7f3e204dea70adae850f0daee4be0f510be7874.jpg,63392312,BV184411Q7KA,1565612451,2019/8/12,20:20:51,07:52,16906,7692,16807,16956,50889
全街都被拆，仅存的一家鸡火锅，究竟多好吃？,1389,915397,//i1.hdslb.com/bfs/archive/6cba4f70de10ed7f00a4a122e52eaa6965d7d157.jpg,63249401,BV1d4411D75p,1565528583,2019/8/11,21:3:3,08:54,5794,2464,8293,2484,26378
100块钱一锅鸭，50个炉子同时焖，好吃得粘嘴巴！【深夜加餐饭05】,2857,1575664,//i1.hdslb.com/bfs/archive/c9adac4e2f1edab3df3c0007042c3701cc1cf2c7.jpg,62909468,BV1Mt411K7Pa,1565345090,2019/8/9,18:4:50,17:59,23647,5439,17943,5878,39215
KFC终于出纯肉汉堡了！23元三块肉，5分钟能吃完吗？,1565,1071883,//i2.hdslb.com/bfs/archive/984599fb83614b9c2c38c24ca7e9646446b61985.jpg,62655371,BV1Ft411N7UQ,1565183396,2019/8/7,21:9:56,04:52,4202,2138,7540,2291,31043
我太难了...武汉的麻辣干拌面，我这一碗，太难了...,2001,1195728,//i2.hdslb.com/bfs/archive/11681bcb6780167f5e0734c7afff9eb977f651d3.jpg,62344535,BV1it411M7Ug,1565013699,2019/8/5,22:1:39,05:42,5390,4762,13573,5078,37789
你吃过自助街吗！整条街随便点，随便坐，随便结账，就是开心！【深夜加餐饭04】,3893,2914586,//i0.hdslb.com/bfs/archive/2f8f9e86bf6ac1ff166355309d7571858263d3e6.jpg,61861914,BV1mt411F78T,1564744080,2019/8/2,19:8:0,18:51,25965,22726,40988,18911,79997
西安街头吃宵夜，被陕西大哥亲口安排：必须吃蒜！必须喝汤！,2482,1301964,//i1.hdslb.com/bfs/archive/7ea1f64f226170f1370c6033f42557ef69fd2856.jpg,61420599,BV1pt411c77v,1564485939,2019/7/30,19:25:39,08:29,8495,4644,13183,4591,34297
震撼！430万人吃过这碗面，20年全亚洲最大露天面馆！【深夜加餐饭03】,2965,1936539,//i0.hdslb.com/bfs/archive/9a5a3db5b31c88650cb4a309615f6f2aad7f0bb9.jpg,60825856,BV1kt411A7SL,1564135225,2019/7/26,18:0:25,13:25,12098,10167,34892,8178,58960
100元在东北吃炸串，上来一大盘，嘎吱嘎吱脆得头皮都酥了！,2576,3005138,//i0.hdslb.com/bfs/archive/54b8b7e02a19b1723a953c7b0dbb4fa9fb794c72.jpg,60439560,BV1St41177jt,1563884663,2019/7/23,20:24:23,08:49,12594,10354,19776,10448,56664
东北老板吃饭不收钱，还倒贴？这才是真正的烧烤圣地！【深夜加餐饭02】,5161,1888189,//i2.hdslb.com/bfs/archive/7b3214d6258569134d0fe2eac3ce7025d96d17e7.jpg,59830247,BV1Rt411J7FY,1563530716,2019/7/19,18:5:16,17:27,33251,14517,45529,16268,64096
喝个牛肉汤，偶遇神仙大爷，一开口我跪了，太好听了吧！,3582,1345503,//i1.hdslb.com/bfs/archive/fab739ade4a07455d1bd5040120f59a21d04a03c.jpg,59440289,BV1at411G7sh,1563282840,2019/7/16,21:14:0,07:17,8560,5837,15563,4115,39650
100块钱吃垮一条街！2斤炒鸡40串涮肚，最后汤汁拌面，带劲！【深夜加餐饭01】,4145,2031972,//i0.hdslb.com/bfs/archive/9e0da5480c2d3bd90419c63564307238c61b4cd0.jpg,58866023,BV1Mt411L7mr,1562925631,2019/7/12,18:0:31,15:45,19631,14059,50282,9780,65768
我是这条街最能吃的崽！这个夏天，减肥别想了【深夜加餐饭2】,1119,781532,//i2.hdslb.com/bfs/archive/06fc312bf822ec99944471d41fa7fea1f85495f6.jpg,58466274,BV1ax411Z7L6,1562661696,2019/7/9,16:41:36,01:17,1019,1453,6541,1001,18904
尝尝黄子韬开的肉蟹煲店，189元7只蟹，配米饭吃光一大锅,1994,1525928,//i2.hdslb.com/bfs/archive/b1843ff95a7e978342ac0f0aa60f8b2e43855109.jpg,57844580,BV1x4411A7Re,1562243617,2019/7/4,20:33:37,08:17,5703,3524,8417,2121,29130
在田边涮火锅！红油底料煮6包方便面，腊肉鲜藕一起下，太香啦！,1651,1045532,//i1.hdslb.com/bfs/archive/d6d68890bf1e3a131bb398a40a71f416d383f5ed.jpg,57598171,BV1ox411X7jb,1562067889,2019/7/2,19:44:49,08:38,4635,7731,49852,1327,53817
山里的生活太可怕了，连拉粑粑都要被牛盯！,650,492657,//i2.hdslb.com/bfs/archive/9f828048f2e2ac56bbc07eaae86e36fea252a852.jpg,57131900,BV1dx411d74y,1561724170,2019/6/28,20:16:10,07:57,2577,1695,9288,648,19080
吃过最贵的鸡，250元一只，用辣椒爆炒加洋芋炖5小时,1447,830540,//i0.hdslb.com/bfs/archive/aa597fbb7bcf160c8bdab898f8dc0ccb1b63ebd0.jpg,56800727,BV1Px411Z7RC,1561460448,2019/6/25,19:0:48,07:46,5282,2318,11429,993,23581
从27个到127万粉丝，up主都头疼的恶评，我是怎样面对的？,1303,520652,//i1.hdslb.com/bfs/archive/d0a1f1db87e3ca8c7a2da2957b56c984b30ed256.jpg,56312460,BV1a441137mo,1561114115,2019/6/21,18:48:35,17:04,5291,1962,10764,623,19368
重庆街头小吃辣油饼，1元2份还带肉，这是什么神仙物价啊！【山村加餐饭02】,2073,1023406,//i1.hdslb.com/bfs/archive/4f3a056417305f07cae2ca3cb73b1f404d8df1e6.jpg,55984183,BV1Y4411G7Mb,1560857743,2019/6/18,19:35:43,13:29,10695,4595,20247,2012,32940
当地人不敢吃的螺，比普通田螺大5倍，竟有爆浆的口感？,1754,720991,//i1.hdslb.com/bfs/archive/786e0046c971c76cf1d287b9f412f1ea5a25f378.jpg,55528682,BV1U4411P7NX,1560506419,2019/6/14,18:0:19,12:49,7686,1955,9621,837,18833
挂了6个月的猪肉，奶奶用鸡油爆炒，种地回来干2碗！【山村加餐饭01】,3485,998133,//i2.hdslb.com/bfs/archive/390210a5400828afa5fb2f9fa3d443ce220f7160.jpg,55287904,BV1t4411K7cB,1560258024,2019/6/11,21:0:24,18:03,12670,10188,57577,2851,54426
在街头随机藏了20个礼物，谁捡到就是谁的！,1263,399010,//i0.hdslb.com/bfs/archive/e77159adce6fb504ec929824ee9d5bee74956fae.jpg,54733815,BV1Z4411M7kv,1559823770,2019/6/6,20:22:50,11:20,2588,864,3540,739,11271
【深夜吃播】分食300元夜宵，手撕一整只烤兔~还有冷吃牛肉酱鸭腿酸辣粉,1572,819079,//i1.hdslb.com/bfs/archive/deeb1ae836452c757ed4149adf1df0050328b756.jpg,52016968,BV164411Y7k2,1557478313,2019/5/10,16:51:53,11:20,3953,1631,6671,811,17821
路边小吃的精髓！10元一个，汤汁浇透香极了！,3030,1151596,//i1.hdslb.com/bfs/archive/8c4b104d1f834465242742a7695db6c2aa6fdba6.jpg,51737131,BV124411e7j9,1557227156,2019/5/7,19:5:56,10:01,13127,4530,17735,3553,32764
假装外国人在大学食堂点菜，阿姨能听懂吗？,1874,883870,//i0.hdslb.com/bfs/archive/be5193158dc0949649ff5b394805ddbc511271cf.jpg,51419034,BV1f4411v7qB,1556968818,2019/5/4,19:20:18,09:41,5792,2623,9656,1476,24467
up第一次在山里打工养蜂，没想到被蜂农胖喂了一顿,2015,573815,//i1.hdslb.com/bfs/archive/c5f14db319d31de38624dd948df86b5b6f20dd77.jpg,50883968,BV16441147R2,1556618455,2019/4/30,18:0:55,13:57,4595,2366,12129,1042,22208
在横店当群演是怎样的体验？2荤2素的盒饭吃光光！,2834,2435575,//i1.hdslb.com/bfs/archive/68d8a1c1c1362a73e774d618e6ff1b9f0826a9fa.jpg,50449928,BV1S4411876H,1556200101,2019/4/25,21:48:21,14:25,16703,10873,33918,3274,56440
体验一日护林员，辛勤防火却险些被打？午饭只有2个馒头！,4496,926145,//i0.hdslb.com/bfs/archive/a0c7110d9e75bf06d809fd35ea4c379df2c60bcb.jpg,49834739,BV1mb411G7rF,1555690099,2019/4/20,0:8:19,15:27,16058,18702,105139,4654,85772
方便面可以这么做，给女儿做了17年，还是很爱吃,1459,1206339,//i1.hdslb.com/bfs/archive/23764344ae7c2dfb64c9ec7c9f27057696f45e3e.jpg,49516521,BV1rb411j7dp,1555414583,2019/4/16,19:36:23,05:39,4795,2350,7107,997,22007
我在首都赶大集！2元一大串，还能吃到鸡毛？？,2013,999757,//i1.hdslb.com/bfs/archive/736db3e3f6aa8935bc6de87c74dcc41e5e88cdaa.jpg,49063008,BV1Jb411K7Q3,1555068019,2019/4/12,19:20:19,09:43,8217,4267,18118,2936,32845
中国调料师开的日料店有多可怕？直径半米的两盘和牛，全吃光了！,2095,1239768,//i2.hdslb.com/bfs/archive/82e876126c180e23f37d4f32c5f562e8eba86a45.jpg,48489420,BV17b41137ry,1554547186,2019/4/6,18:39:46,10:36,4839,6761,12385,3300,27032
千万别咬！这东西会爆浆，会流珠，一咬还会喷一身！,1835,633521,//i1.hdslb.com/bfs/archive/d2e29aa80d5c4c8c766362b12d41d1cd3971b911.jpg,48086289,BV1Ub411p7Mm,1554202109,2019/4/2,18:48:29,06:33,5180,1205,5622,1293,15548
东北气泡冷面，用剪刀才能吃？嘴里还噼里啪啦boomshakala的！,1916,1001822,//i0.hdslb.com/bfs/archive/12d208e9ee52b4b15a106f74f59e665fa05035af.jpg,47679670,BV1Kb411478X,1553864967,2019/3/29,21:9:27,08:40,5602,2202,8620,1952,21274
北京竟有15元自助餐？碗比脸大，12道菜无限续加！,2057,1419011,//i0.hdslb.com/bfs/archive/1171263e99408b601e7ec7724952f669789c8fe5.jpg,47383365,BV17b411t7Yw,1553595026,2019/3/26,18:10:26,06:57,3890,4185,10321,2823,26298
挑战20块钱超大炸猪排，比2个脸还大，炸出个亚欧大陆地图！,1552,899824,//i1.hdslb.com/bfs/archive/680e5b0187fee89d98f51c55acc6240aa79de098.jpg,46744863,BV1tb411E7kh,1552990840,2019/3/19,18:20:40,06:11,3700,2609,9163,1697,21532
只在北方才有的小吃？12元一份，每天限量100个！来晚只能抢隔壁桌的了,2248,1776618,//i1.hdslb.com/bfs/archive/69965ba254cbb88d7f0d5c1fae00ac80b1059e12.jpg,46351300,BV1Sb411H7dt,1552651973,2019/3/15,20:12:53,10:31,7282,5488,15937,3083,30289
北京烤鸭被做成肉饼？28元一份，就开在故宫旁！,1233,1018287,//i2.hdslb.com/bfs/archive/8e8d4d1f4aec67f44cbc35f32df620efe97f6a21.jpg,46084327,BV1Pb411v7ev,1552384479,2019/3/12,17:54:39,07:01,3336,2987,8705,2514,20219
体验北京8元路边理发，再见了Anna老师！,1782,792883,//i2.hdslb.com/bfs/archive/f8e8e07d6dff88f0acfc198861f5315915596b52.jpg,45692899,BV1yb411v74Z,1552047486,2019/3/8,20:18:6,08:07,5836,10011,67717,2021,59509
当烧鹅配上酸梅酱，啃骨头也口水失禁，吸溜吸溜咔哧咔哧...,1813,917995,//i0.hdslb.com/bfs/archive/b43f6b625dc1bda22bec73cbad87234b78a09db7.jpg,45430559,BV1Nb411q7xK,1551781434,2019/3/5,18:23:54,11:43,8076,3293,11045,2887,21388
吃过“大鸡不”吗？38元一锅，汤底煮方便面绝配！,1958,1343436,//i0.hdslb.com/bfs/archive/508036951682f313b1fe28058be9c72c8ec8fa91.jpg,44937294,BV13b411b76J,1551348628,2019/2/28,18:10:28,07:41,5282,3148,12104,2579,23863
北京这位神秘的大妈，街头卖饼30年，为何被称“鬼饼”？,1751,1082771,//i2.hdslb.com/bfs/archive/dbc0e3408840145a44ee6b68626ec073bd28485e.jpg,44279797,BV1Xb411Y7NY,1550744265,2019/2/21,18:17:45,08:01,4368,4324,15463,2735,27783
直男眼中的情人节送礼指南，女生真的会感动哭吗？,2156,671396,//i2.hdslb.com/bfs/archive/f2bdaad55ad469108482f0abe3b35aafd0f932be.jpg,43545368,BV1Pb41127QW,1550142611,2019/2/14,19:10:11,12:27,6952,1784,7870,1800,17104
故宫外5元钱一个的肉饼，千万千万不能咬着吃！【饭店老板已疯08】,6421,2456642,//i0.hdslb.com/bfs/archive/e920362023a93960f1c9a034fbeee1d40b6ad41c.jpg,42351423,BV1mb411k7ES,1549018001,2019/2/1,18:46:41,14:20,20226,21618,64509,15140,72251
这是b站90万人共同制作的美食视频！,2099,489492,//i1.hdslb.com/bfs/archive/e02bf0e9de0ab05a55a04c8047cf2f6eee1f1674.jpg,42255656,BV1Mb411k7C6,1548938866,2019/1/31,20:47:46,21:48,9393,3301,15325,1095,20507
活螃蟹泡酒？这个宁波特产你敢吃吗？,2093,710566,//i2.hdslb.com/bfs/archive/60964b3db18f9664acfb9baf8350c6e54a1d693d.jpg,42046717,BV1db411C7Nb,1548757497,2019/1/29,18:24:57,05:38,5093,1057,5216,1183,12833
北京二环的涮肚小店，9岁小学生竟然是唯一的服务员？【饭店老板已疯07】,4801,2365714,//i2.hdslb.com/bfs/archive/6bab34d6dfe6ee2787d5b67615792ba663ada6d8.jpg,41659455,BV1At41187rS,1548417353,2019/1/25,19:55:53,17:01,18187,24552,85073,18687,78627
38元“随便炒面”，吃到什么全看运气，我这一碗赚翻了！,2757,1753186,//i2.hdslb.com/bfs/archive/c7da821791e634564c5404c6d63d11c145797d42.jpg,41578141,BV1tt411b7kY,1548326629,2019/1/24,18:43:49,09:09,6080,6615,22545,4116,35901
【vlog】互联网食堂的伙食有多好？24元烤鱼一大条，22元吃北京烤鸭！,1645,749137,//i1.hdslb.com/bfs/archive/044efe5d6e083d1bbf6e634d5d3311a8038f71de.jpg,41418583,BV1nt411h7gs,1548163350,2019/1/22,21:22:30,11:00,4239,1546,7854,1583,16200
【疯老板06】60岁老奶奶教我一招鸡蛋汤做法，原来可以这么好喝啊！,4367,1132251,//i1.hdslb.com/bfs/archive/9bf8d2984819fdf5db22bfefe0ae900a5f5d2d42.jpg,41041416,BV1Lt411a7ra,1547814643,2019/1/18,20:30:43,17:48,9615,7298,37183,3530,38458
【vlog】在办公室用奥利奥烤3斤羊腿，烤5小时，3分钟吃光了,1290,709662,//i1.hdslb.com/bfs/archive/f412c76af1a589e61dbef591d81063968d7c07ba.jpg,40976252,BV1dt411h7jL,1547730576,2019/1/17,21:9:36,11:46,3958,2010,9747,1321,17230
盗月社vlog:超好吃的豆角焖饼祖传做法！我沐上今天偏要教你，不学不行！,1692,821180,//i2.hdslb.com/bfs/archive/b33c23e4544a777bf84df5b1872462db1f0625ad.jpg,40810826,BV1wt411p7ua,1547551333,2019/1/15,19:22:13,10:43,4141,2553,14527,960,19937
北京人都爱羊蝎子火锅？不仅能吃，还能尽情 盘它！【饭店老板已疯05】,3869,1315486,//i1.hdslb.com/bfs/archive/8ea9d82c13e9b129a1f2a036c17ee73edbbe49d6.jpg,40460302,BV12t411p7JJ,1547208002,2019/1/11,20:0:2,17:17,11109,11759,59337,8217,50276
盗月社vlog：38元一碗的免费续肉饭，不停加加加肉能把老板吃破产吗？,2014,1504598,//i2.hdslb.com/bfs/archive/901557ba13003ef2fec5997e463377816831dea6.jpg,40390755,BV1st411p7qj,1547120433,2019/1/10,19:40:33,07:59,4776,3044,8609,2770,19546
买了一箱粉色方便面，打开一个料包都没有，坑我？,1216,672222,//i0.hdslb.com/bfs/archive/13470b44063bfc19caa6bd075f8834dc7c29e766.jpg,40247102,BV18t411s7kW,1546947039,2019/1/8,19:30:39,05:36,2711,1482,4922,713,11839
600块钱的泥造火锅？都裂开了。。。盘它！！！【饭店老板已疯04】,2089,1244991,//i1.hdslb.com/bfs/archive/044f3dbf0c387528146dfd04843066232e2c64fe.jpg,39899772,BV1jt411x7HV,1546597729,2019/1/4,18:28:49,12:25,8587,6844,29842,6102,33829
盗月vlog｜吃个包子，变成大型交友现场是怎么回事？,2083,724223,//i1.hdslb.com/bfs/archive/b5662fe4fa35c32f8de156a142a043a677216198.jpg,39833762,BV1Ht411z7ZR,1546520011,2019/1/3,20:53:31,12:05,6766,1834,9268,1280,16010
香肠里竟塞了一整根排骨？试吃四川特产“排骨香肠”，抓着啃太爽了！,1504,601914,//i1.hdslb.com/bfs/archive/cd9404e98359043134359ee235358d1898360668.jpg,39518953,BV1it41167oM,1546251023,2018/12/31,18:10:23,05:16,2983,1805,5062,1966,11912
传说吃这人均60的湘菜馆，就不用花5小时去长沙了，真的吗？,1448,805372,//i1.hdslb.com/bfs/archive/5d271e904fb45dad44ed64d5509ad79683400c2c.jpg,39149587,BV15t411r7Hh,1545903757,2018/12/27,17:42:37,07:05,5296,2208,8147,1828,15374
【盗月社vlog】名字里有金字，麦当劳免费送大桶？耶！我叫鑫鑫，6份谢谢,1781,699006,//i1.hdslb.com/bfs/archive/b0693ef2a416721e8877cd8d5cbea9ecba3f7e70.jpg,39088711,BV1dt411675j,1545830335,2018/12/26,21:18:55,07:17,4259,1008,5108,1604,12351
网购250元进口零食福袋，开箱倒了一桌子，大部分都没见过！,1097,464386,//i0.hdslb.com/bfs/archive/454bb8b8ad4e8ca3b6c82792beceba2808b0d071.jpg,39001689,BV1Et411C7Tq,1545736825,2018/12/25,19:20:25,09:52,5003,1174,5934,555,11046
面可以有多好吃？这位老爷爷教做人【饭店老板已疯03】,5047,986101,//i0.hdslb.com/bfs/archive/15a18574080efbb4965c28eab114bcc4191b2590.jpg,38673014,BV1et411Y7bc,1545394388,2018/12/21,20:13:8,18:25,12076,12358,58125,5543,47633
500元一只！比普通鸡大3倍，8个人都没吃完，究竟好吃吗？,1158,1149302,//i1.hdslb.com/bfs/archive/1bd66185a0c6a0259ef0b07c2cba0fb86b256e48.jpg,38451675,BV1Tt411v74Y,1545128205,2018/12/18,18:16:45,06:35,3502,1817,6633,1062,15499
烤羊腰汉堡？这才是卖22元的原油肥腰，滋滋冒油的那种！【饭店老板已疯02】,3717,1789687,//i0.hdslb.com/bfs/archive/32e5b6c57557efc69342d84b98835fd0cff0f5a2.jpg,38129388,BV1ft411v7uk,1544788837,2018/12/14,20:0:37,17:57,9888,13481,44149,12030,44879
全聚德烤鸭258元，为什么街边烤鸭只卖25？老板：我还是这片最贵的呢,3505,1232544,//i2.hdslb.com/bfs/archive/50ed598dbe255f78d893a11fb18af2634290b34b.jpg,38067622,BV1zt411v7D3,1544695033,2018/12/13,17:57:13,08:38,4972,4068,6815,2471,15531
风油精原来一直都可以喝，只是小时候没看说明书！配可乐配奶茶神仙美味,1610,559505,//i1.hdslb.com/bfs/archive/cfb3a87c7b8901b0e2dfff6174645341a75dd5d8.jpg,37943203,BV1Ct411q7dP,1544528686,2018/12/11,19:44:46,06:15,2421,1190,4028,1474,8957
这家牛火锅肉多料足，汤底煮泡面绝了！呼呼啦呼真香啊【饭店老板已疯01】,2512,2149145,//i1.hdslb.com/bfs/archive/05dbdab53a1fa87dc204820b476a309618727943.jpg,37603739,BV1st411S7zn,1544184033,2018/12/7,20:0:33,14:06,7982,15815,43462,14432,45762
一个明星遍地走的学校，食堂究竟怎么样？,1122,700123,//i1.hdslb.com/bfs/archive/bd110273ba0e96ec09e22710268841755cbd37b1.jpg,37552312,BV1nt411S7JH,1544094855,2018/12/6,19:14:15,14:51,5731,1886,6535,880,13058
网购99元爆米花机，到底值不值？开锅瞬间明白了,698,396185,//i0.hdslb.com/bfs/archive/a766f59b17ed61f8b88fbf4349471d23fc2eff14.jpg,37405303,BV1Kt411Q72v,1543917543,2018/12/4,17:59:3,07:17,1711,873,3822,625,7709
8元一个的老北京小吃，河北大娘每天卖出1000份！,1168,1757275,//i1.hdslb.com/bfs/archive/0325e82a9381f363a2a56dd1c66286dc0b2559cc.jpg,37014852,BV11t411Q7yD,1543488602,2018/11/29,18:50:2,06:55,4093,3478,7117,1617,18190
泡水5分钟能长成10倍大！ASMR博主为什么都好这一口？,822,541778,//i2.hdslb.com/bfs/archive/458352969dbdddaf412e69726ec3b2b34a528f70.jpg,36818867,BV14t411977p,1543312813,2018/11/27,18:0:13,05:18,1699,1082,3990,416,8908
考上北大后，一份大鸡腿饭只要7块还无限续饭？北大博士非请我们拦也拦不住,1853,1029553,//i1.hdslb.com/bfs/archive/404fba76c00bb35e8e41a86755fcd660fcc6a9cb.jpg,36518116,BV1ct411y7zW,1542883940,2018/11/22,18:52:20,12:39,6377,4070,9799,2830,18373
首家机器人火锅店，投入1.3个亿，机器人能帮我涮菜吗？？,1548,474780,//i1.hdslb.com/bfs/archive/cd1c6fe556043ed56a355f3d0f4e6e95939a6cd3.jpg,36390381,BV19t41117WY,1542714791,2018/11/20,19:53:11,08:55,2627,1410,4731,4108,8851
这神仙肉竟有900年历史？现在卖28元一块，成镇店之宝！,1124,896487,//i0.hdslb.com/bfs/archive/dae9edf1e98380c04d18a45143dc38e410802b65.jpg,36018402,BV1St41127Ut,1542280019,2018/11/15,19:6:59,09:01,3803,2745,9165,1528,15330
【深夜卧室吃播】霸占邻居的卧室嗑瓜子，会有什么后果？,934,371079,//i2.hdslb.com/bfs/archive/edc2decf08f824f4a41072c18bfbb7c399d10f59.jpg,35563888,BV1qb411c7XB,1541684132,2018/11/8,21:35:32,11:39,2147,819,4875,325,8036
花10块钱就能丢人10分钟？这服务太值了！！,1150,399569,//i1.hdslb.com/bfs/archive/0c95a04c3422e3337827b146ab5c9b1ec95df400.jpg,35075713,BV1hb411P7An,1541077563,2018/11/1,21:6:3,08:58,3492,1448,10105,2228,12232
神奇！土豆可以这样徒手敲成拉丝芝士，不添加任何东西！,973,481009,//i0.hdslb.com/bfs/archive/4c4524639749f389d1c37cba7dc9d174bbb7a7ef.jpg,34940024,BV1Ub411A7y7,1540899520,2018/10/30,19:38:40,07:10,2973,2084,31902,789,19642
邻居自愿当服务员，3元一串，你绝对没吃过的天津老味儿！,1165,838568,//i2.hdslb.com/bfs/archive/9d489a4e67c36879374ebcb7dc6ec72f1f267f96.jpg,34571212,BV1Yt411d7oc,1540458599,2018/10/25,17:9:59,07:45,3424,4090,11822,3844,15729
13块钱的小龙虾螺蛳粉，怎么让7个人吃到饱？,883,523032,//i0.hdslb.com/bfs/archive/50c2b4793e6e8a1c0f9acc1363a4c91b731dc58f.jpg,34454600,BV1dt411R7ho,1540293499,2018/10/23,19:18:19,05:53,2013,931,5487,1440,9134
网上爆火的崔永元真面馆，排队1小时，看到菜量瞬间惊呆了......,7881,1759271,//i1.hdslb.com/bfs/archive/23ce062c2822a9dc0778cadb724ad18ff3b15e81.jpg,34159676,BV1Kt411o7yu,1539945378,2018/10/19,18:36:18,06:51,7431,2901,8311,3338,17374
北京二环里专供老年人的16元老年餐，年轻人吃得饱吗？,1702,628497,//i2.hdslb.com/bfs/archive/7f2a4c01582bf6394ce23bd4d6de33203809aa07.jpg,34094703,BV12t411d7Wg,1539861497,2018/10/18,19:18:17,11:03,5180,1214,6556,617,10293
88元的天津冷水爆肚，和北京爆肚究竟哪里不同？,948,640508,//i1.hdslb.com/bfs/archive/1ba611473d739e6036faa41105726ea39c8a521e.jpg,33958637,BV12t411Z7Jq,1539684003,2018/10/16,18:0:3,06:27,2109,2673,6413,2488,9850
美食up的粉丝原来都长这么可爱！包分配对象么？！,1603,313383,//i2.hdslb.com/bfs/archive/93b8b2e899f0649f3d2f17e0a36a08b371d52127.jpg,33761312,BV14b411F7BD,1539439659,2018/10/13,22:7:39,18:38,5285,1221,9591,713,9246
坐飞机去粉丝家蹭饭？红烧肉吃撑！当个b站up真安逸！【深夜加餐饭10】,2521,1169971,//i2.hdslb.com/bfs/archive/0220aa8ab2852c54712ba9524ef0e541c92250e6.jpg,33112396,BV1MW411274t,1538661973,2018/10/4,22:6:13,13:03,9527,7510,32209,2840,25710
被最胖的美妆博主拉去吃烤肉，点的牛排竟然比脸大！,1862,694647,//i2.hdslb.com/bfs/archive/2021741181a9ff623eb6df79f1f3d747c8cbf62d.jpg,32924178,BV1QW411m7pB,1538477308,2018/10/2,18:48:28,10:28,4441,1729,6596,1722,10328
上海弄堂吃大排档，田螺吸着吃还是吹着吃？【深夜加餐饭09】,2961,928996,//i2.hdslb.com/bfs/archive/51d2730de83e1ff78d233668fe2d55c754af0d1c.jpg,32640987,BV1VW411S7Dv,1538132892,2018/9/28,19:8:12,16:08,14705,6180,79877,5846,35416
花100块在拼多多买了40只蟹，一打开场面失控了......@盗月社,3228,2556865,//i0.hdslb.com/bfs/archive/a27c4cf5e90aeaed2a7d8b37bccf0af24f20a9c5.jpg,32327543,BV1sW411z76p,1537786816,2018/9/24,19:0:16,07:28,6643,4546,6082,5228,17075
b站抖音爱奇艺，互联网的月饼厮杀，到底哪家强？,2407,389256,//i0.hdslb.com/bfs/archive/79dbd84de5405b5751e3b4af64dd0bb348be3455.jpg,32380929,BV1DW411z7CE,1537770895,2018/9/24,14:34:55,08:38,5039,1128,4016,1193,8176
哇~金色传说！让我来告诉你如何挑选最肥的大闸蟹。,1070,443305,//i1.hdslb.com/bfs/archive/2ca24cdcbad85befcd1c2a5ec947afa55dd28670.jpg,32154926,BV1WW411r7Fu,1537520008,2018/9/21,16:53:28,12:09,3637,1636,7706,1940,9110
天津大爷街头烤串30年，夜夜火爆，凌晨4点才收摊！【深夜加餐饭08】,1289,900918,//i2.hdslb.com/bfs/archive/92a8d81c202913fdff06619f301684a0d7b8bad7.jpg,32104185,BV1dW41167Sv,1537441352,2018/9/20,19:2:32,10:37,4907,3343,7498,3872,11972
58元一只？青岛大虾这么虎的吗！,1524,915893,//i1.hdslb.com/bfs/archive/d1204f386ee6b9bfdcb4eab21a045eaaf55f438f.jpg,31984095,BV18W41167bj,1537266203,2018/9/18,18:23:23,06:50,3773,1492,7270,1770,11611
青岛老奶奶炸串20年，3张桌子养活5口人！【深夜加餐饭07】,2163,1600929,//i2.hdslb.com/bfs/archive/254ae959f0423152633a093fc829b40c418f100b.jpg,31645824,BV1FW411y7uk,1536838088,2018/9/13,19:28:8,15:41,9461,10633,12573,10265,21739
试吃饭圈很火的“马克定食”，别人家粉丝都这么浪漫的吗？,1300,688930,//i0.hdslb.com/bfs/archive/e0ff87a01b9a191e51f88ab743e3b2dd21522eb4.jpg,31531111,BV1eW411C7SZ,1536665713,2018/9/11,19:35:13,04:56,2880,2268,4792,1762,9011
在青岛吃“爆头章鱼”，千万别张嘴笑！【深夜加餐饭06】,2805,1228785,//i1.hdslb.com/bfs/archive/4c05a7ec79499c3f30a2ab18ede15b69cd04be09.jpg,31227953,BV1tW411d7cP,1536250948,2018/9/7,0:22:28,12:33,9364,5258,19846,6733,23292
听说每吃一锅广州煲仔饭，就会有一个小孩......,1942,1023389,//i0.hdslb.com/bfs/archive/22fabbae94377dd8218eaa184a628d22fa4e163e.jpg,31089880,BV1LW411Z7nU,1536058026,2018/9/4,18:47:6,08:32,5419,5342,8129,6576,13544
朋友，这盘面只卖13元！再加5元甜煎饼，能流多少口水呀？【深夜加餐饭05】,2420,1440132,//i0.hdslb.com/bfs/archive/0065cb24968ea75aefe6e9ea599cbceca6ea4e31.jpg,30710532,BV1uW411f7rX,1535632800,2018/8/30,20:40:0,11:51,8468,7108,29536,5207,25822
85元一只！国家级厨师街边烧鸡，隔壁阿姨馋哭了～,1871,1198936,//i0.hdslb.com/bfs/archive/484b5975ed2c3a27f328fb1e7ab0eb0f1cbe7311.jpg,30543515,BV1fs411F7GP,1535451804,2018/8/28,18:23:24,07:04,4286,4305,16126,3120,16982
12元鸭仔饭，挣得少但开心，谁让我有10栋楼呢！【深夜加餐饭04】,6820,2631258,//i1.hdslb.com/bfs/archive/a10bd60084a0cb1193351d4f4b7a32b66bb14566.jpg,30116645,BV1xW411X77Z,1535030456,2018/8/23,21:20:56,16:12,28429,27905,57100,53135,63503
广州规矩最多的甜品店！顾客买单前需阅读10项守则,2538,807798,//i1.hdslb.com/bfs/archive/dd7732466dab191f5a7ab599384082f34be26e39.jpg,29949605,BV1WW411Q7Vj,1534852577,2018/8/21,19:56:17,08:25,4521,2949,3540,2154,9146
重庆真的遍地是rapper！连烧烤摊都有人skr ~【深夜加餐饭03】,4024,1514126,//i0.hdslb.com/bfs/archive/eb613317bfcc6cb8d102430a05806e008d2b3244.jpg,29519768,BV1eW411R7MW,1534415803,2018/8/16,18:36:43,14:55,17844,11978,26189,17363,27695
摇了才能吃的薯片！喜滋滋地打开，发现哪里不太对劲...,724,343109,//i2.hdslb.com/bfs/archive/ab5d75f0e101bbb96540fb39044b92aa94b6d13e.jpg,29335042,BV1Vs411M7ED,1534235904,2018/8/14,16:38:24,07:20,1361,515,1936,316,4525
39℃也要吃火锅，燃烧我的卡路里！【深夜加餐饭02】,3978,1712284,//i1.hdslb.com/bfs/archive/c93ea15364d5e05cd0d9553f0d489f1c02f7d077.jpg,28920588,BV1qs411M7S6,1533816006,2018/8/9,20:0:6,13:14,14394,10580,51330,14500,37200
【深夜卧室吃播】传说中血洗b站的拉面，先干6碗再说！,803,503312,//i0.hdslb.com/bfs/archive/2bc2fdfe14ad120e077967ca3a9b94991eccb176.jpg,28744236,BV1vs411g7Fa,1533638443,2018/8/7,18:40:43,11:43,2535,816,4793,496,6765
掰开全是小龙虾！这是我见过唯一【实物与图片相符】的面包！,719,684312,//i2.hdslb.com/bfs/archive/0896b59be6a15f2765d0129259b3b527b6d78dc3.jpg,28344128,BV1ws41137aH,1533376823,2018/8/4,18:0:23,04:57,1678,1367,2586,927,6455
北京名吃炸灌肠，一定要去这小区找，15元一盘还挺便宜~！【深夜加餐饭01】,1866,1141787,//i1.hdslb.com/bfs/archive/973e3697d36979bba119e4a0e3abcad22cbf2147.jpg,28316893,BV1Ns41137EK,1533211200,2018/8/2,20:0:0,09:30,6397,7140,15480,5428,18617
【人生一串】广州最神秘烧烤摊！夜里10点开在别人店里？烧肠头香skr人！,910,498037,//i2.hdslb.com/bfs/archive/0c83e47d72993f202bd7f8423e7833fb853172ee.jpg,28024323,BV13s411P7az,1532865611,2018/7/29,20:0:11,08:49,2854,2121,4966,2245,7562
众多明星打卡的烧烤店，口味竟然很一般？直到这道菜征服了全场...,993,752087,//i2.hdslb.com/bfs/archive/2abec5010c9d25f32eb7c91f633d0f3e9f60c441.jpg,27229187,BV11s411E7Wv,1532009525,2018/7/19,22:12:5,06:48,3051,1161,4426,526,7980
考上人大后，一碗盖饭里竟有21只小龙虾？连学姐都这么好看！,1251,515633,//i2.hdslb.com/bfs/archive/76a0bdaf6219ec156194e704c996b2d5331c1175.jpg,26699720,BV1xs411H7Ue,1531390171,2018/7/12,18:9:31,09:34,4153,3093,5233,2643,8428
花半个月生活费买【肯德基新品】，84元一套值不值？被玩具征服！,1001,515529,//i2.hdslb.com/bfs/archive/8c6752072e8e4c5e4c0a54924d4d258458cc9bce.jpg,26211073,BV1es411V7e9,1530790266,2018/7/5,19:31:6,07:11,2248,766,3583,1698,5173
市场上很难买到的蒜王！第一口下去就被征服了！你吃过没？,1505,1044834,//i0.hdslb.com/bfs/archive/466a04a3d19f5b79062527ac9ece8ee2a19351e8.jpg,26081946,BV1Xs411G7X6,1530617352,2018/7/3,19:29:12,06:43,3320,1628,3309,1036,9268
一只炸鸡腿20元？要不是老板帅，我才不会买6只的！！,1134,745208,//i2.hdslb.com/bfs/archive/339ffc1e452876316db8f3f1941c634537a0ab45.jpg,25753463,BV19s411V7yp,1530181590,2018/6/28,18:26:30,07:39,4122,1565,4598,833,7309
【深夜卧室吃播】10斤麻辣拌配着方便面和粉丝，爽辣爽辣地吸溜。开着空调都吃到出汗，爽爽爽！,972,556834,//i1.hdslb.com/bfs/archive/b248f10899f5f67b8c283244c2bf7e9b59e89b3a.jpg,25625548,BV1Ks411j7DB,1530012326,2018/6/26,19:25:26,10:57,5767,1266,7387,1011,7749
考上清华后，一顿饭只要5块钱？漂亮学姐带我们吃麻辣香锅和清华自产酸奶,3055,954640,//i2.hdslb.com/bfs/archive/1582ba59b585ee3c36ee77dcf76e5465ec5a9764.jpg,25321850,BV1Ps41177yy,1529574169,2018/6/21,17:42:49,12:02,8196,5485,7291,5052,11592
世界杯降火清单！论斤卖的俄罗斯冰淇淋，不会融化的黑科技冰块…赶快收藏！,749,571039,//i2.hdslb.com/bfs/archive/1b613ecd3ecd14360c1bcbb87ef832cfb5ed1e8a.jpg,25210344,BV1Bs411j74t,1529405428,2018/6/19,18:50:28,09:58,2946,2210,3216,399,5971
大学毕业感言：谢谢你照顾我女朋友,447,274850,//i1.hdslb.com/bfs/archive/2a9f2c67e28997578c1bcbbcb5962b846f10ff64.jpg,24935547,BV1hW411F7Pj,1529049671,2018/6/15,16:1:11,02:46,972,692,1055,549,5217
饭店老板已疯，带着我去别家店吃羊排 直呼 真香啊！几位病友瓜分3斤羊排。,1563,1886450,//i0.hdslb.com/bfs/archive/cf2997b3a2464a1d8918124e6eba778947e2b1b9.jpg,24885214,BV1TW411A7DT,1528971449,2018/6/14,18:17:29,10:39,6804,12083,11410,10564,20805
试吃卫龙出的辣条粽子，真的把辣条包进粽子里了吗？？想不到肉量比大到可怕。。。,539,348536,//i2.hdslb.com/bfs/archive/8059e0dc5d4f93ae29fd10ea4e082fd897ef8d15.jpg,24734525,BV1gW411w7Us,1528797614,2018/6/12,18:0:14,05:23,1267,495,2880,813,4052
【深夜卧室吃播】高考结束就这么吃！6斤炸鸡+肥宅快乐水+啤酒薯条+大蒜头,1215,564779,//i0.hdslb.com/bfs/archive/570824c1845187701e3f1acea040fb63ebc66d97.jpg,24507701,BV1kW411A7Dr,1528372268,2018/6/7,19:51:8,10:59,3026,1455,12760,1025,8795
网购最近很火的【羽绒服面包】，20块钱一小条，尝了一口效果惊人...,377,294111,//i0.hdslb.com/bfs/archive/e9ddffdc6bd689fe6c8289c9b828cfc9d52b10ba.jpg,24408732,BV1GW411A7of,1528196158,2018/6/5,18:55:58,05:36,1495,367,2288,224,3538
林更新开了家爸爸烤肉店？排长队的9成是女生！38元蜂巢五花肉滋滋流油~~@盗月社,1488,780317,//i0.hdslb.com/bfs/archive/685d70c0b35510b4c50030ae7e534aab2f6de6b8.jpg,24183255,BV1RW411P7bS,1527765652,2018/5/31,19:20:52,06:39,3318,1832,3350,1750,6095
网购超大麻辣【海鲜冰砖】，5分钟就能吃，用汤底煮泡面绝了！,972,1168042,//i1.hdslb.com/bfs/archive/748353cd190f527963f890f2d85cad07b960f080.jpg,24066238,BV1Vp411d7Z7,1527508141,2018/5/28,19:49:1,07:15,3275,2690,2626,1108,6275
9块9在魔都竟能吃饱？100只生煎包同时下锅，咬一口就飙汤了,945,702889,//i2.hdslb.com/bfs/archive/ea7f6c6916584d27869f2c84812605ddf1ac2845.jpg,23870677,BV1Vp411R73n,1527157851,2018/5/24,18:30:51,07:49,3234,2402,2693,2021,6861
看这绝世美女吃鱼香肉丝????我能笑一整晚 哈哈哈嗝哈哈哈哈哈,508,385726,//i0.hdslb.com/bfs/archive/afd48f706a35b880bddfc2a2948491b7b95d9802.jpg,23814371,BV1bp411o7W4,1527069825,2018/5/23,18:3:45,10:17,2030,1329,2290,845,4505
当吟游诗人的诗被朗诵的时候,240,101293,//i0.hdslb.com/bfs/archive/38b3eb8e3e7ccb2489a68a72464f88f6f306cf52.jpg,23788972,BV1Jp411o7AB,1526990465,2018/5/22,20:1:5,00:33,160,425,952,271,1723
9块9买了盒肥宅快乐饭，这是我吃过逼格最高的大米了，可惜不是你家的,1028,1182777,//i2.hdslb.com/bfs/archive/fb2f3cdada838cf63d5ac7e6deb825fc2f0027b4.jpg,23735737,BV1Gp411o7Zg,1526900721,2018/5/21,19:5:21,06:16,2571,2302,3062,814,6108
胡歌鹿晗都排队的深夜馄饨 VS 当地人最爱的鱼肉馄饨，谁是上海灭霸？,792,519837,//i1.hdslb.com/bfs/archive/376eba7e07b64c5ff11fb30643d6194c14b393cc.jpg,23553053,BV1Sp411Z7AZ,1526547831,2018/5/17,17:3:51,11:58,4408,2112,6830,1194,8091
周黑鸭竟然出鸭肉酱了？没想到这一款霸道压制老干妈，拌面夹馒头无敌了！,561,324626,//i1.hdslb.com/bfs/archive/ad1c052393ae170d4799eb199e4b6534111fc60b.jpg,23435959,BV1pp411Z7EY,1526294685,2018/5/14,18:44:45,07:32,1095,630,2566,397,3534
周星驰《食神》里的皇帝炒饭终于被我吃到了！一份竟要158块钱！,1161,979051,//i2.hdslb.com/bfs/archive/61f1e03f207edb7c41a06879b2830df948e3714f.jpg,23253483,BV1fp411f7Hv,1525958057,2018/5/10,21:14:17,09:37,5258,4200,4409,3226,7667
揭秘上海最大卤鸡加工厂，实拍10000只鸡流水线制作，当面吃鸡！@盗月社,1312,508369,//i2.hdslb.com/bfs/archive/32df2b66863a84b0378814aec21e7f3d7d3c835f.jpg,23116876,BV1sp411f7yD,1525684200,2018/5/7,17:10:0,11:11,3574,1946,7560,1519,7619
凌晨3点，出租车司机疯狂推荐这家羊肉火锅，我去了没想到...#夜深了，请放毒#,887,895734,//i0.hdslb.com/bfs/archive/5f5aeccd9c74e20149e54e24b304b315a885759d.jpg,22920367,BV1DW41137Yr,1525344325,2018/5/3,18:45:25,07:49,2984,3786,5951,2962,11121
南京这家烤鸭小铺子可以叫板北京全聚德？100年鸭店，汁水丰富，酱香十足，鸭油四溢#夜深了，请放毒#,1208,585421,//i0.hdslb.com/bfs/archive/d9253f85c01f6514f809679536b644782e43ba09.jpg,22588868,BV1SW411G7SU,1524736825,2018/4/26,18:0:25,08:52,4246,3434,6886,4405,7715
【螺蛳粉火锅】螺蛳粉竟然出火锅系列了！大猪蹄卤鸭脚又香又臭，连吃2锅停不下来#夜深了，请放毒#,639,463645,//i0.hdslb.com/bfs/archive/f3cf9e8f2080ea6c6dda3f199b2029dd0912a791.jpg,22472180,BV12W41157t8,1524477614,2018/4/23,18:0:14,07:34,1925,1032,4465,1642,6303
男人们在一起，感觉好恐怖#夜深了，请放毒#,708,196695,//i0.hdslb.com/bfs/archive/5808ed1c652c898999ca4fe5da7b184a7c65eb9a.jpg,22289437,BV1fW411V72s,1524132623,2018/4/19,18:10:23,06:50,1970,514,3020,412,3385
试吃香蕉坚果，18岁以下，请躲开父母观看,414,254035,//i2.hdslb.com/bfs/archive/63062793ad6038c1d70258cfe0fe90169ac34e07.jpg,22172827,BV1dW411L7Hh,1523876432,2018/4/16,19:0:32,06:09,995,414,2581,196,3718
深夜11点的火爆煎饼夜店！开着奔驰宝马排长队，一晚卖出2000份！#夜深了，请放毒#,598,526325,//i0.hdslb.com/bfs/archive/1f27ab9253f8f94bfbb077dbd39e04a8ff81fcd7.jpg,21987597,BV1KW411T7gQ,1523528125,2018/4/12,18:15:25,06:44,1537,1549,2534,1677,5016
试吃比鲱鱼罐头还带劲的湖北“臭面筋”！深吸一口我懵逼了...,486,236949,//i1.hdslb.com/bfs/archive/e4dc6b2a5522a136c7abd13be4802ddeb11b18f1.jpg,21868177,BV14W411K72j,1523272236,2018/4/9,19:10:36,06:39,1250,308,2305,256,3126
中国最奇怪的烤鱿鱼店！老板单身30年练就独家秘方，连撸20串满嘴酱香@盗月社,925,415403,//i2.hdslb.com/bfs/archive/ca1137c3c7838866a57e145329d4728d9a46010e.jpg,21673801,BV1gW411M7Kh,1522922430,2018/4/5,18:0:30,08:21,2862,1504,5962,1108,5340
市面上很难买到的水果！小心里面有刺,1190,420440,//i2.hdslb.com/bfs/archive/6fe91a82156ac8531596f2fe30ea989849695f40.jpg,21546009,BV1nW411T7W9,1522663845,2018/4/2,18:10:45,05:04,1668,1143,2147,563,3393
12元一颗狗不理包子VS 1元天津水陷包，到底谁更好吃？！@盗月社,919,593838,//i2.hdslb.com/bfs/archive/23dbc4cc0cbbfdf11ca6892c7b130243f84b4628.jpg,21366387,BV1jW411u7ep,1522318223,2018/3/29,18:10:23,09:17,2515,2739,6288,2653,8788
解锁10秒剥皮皮虾大法！网购超便宜海鲜罐头！香辣皮皮虾，我们裸！@盗月社,497,308670,//i0.hdslb.com/bfs/archive/c80447a2e95e54f022fb47afc963348d90b90e1b.jpg,21253772,BV1hW411M7KJ,1522058415,2018/3/26,18:0:15,06:32,1376,697,3252,264,3556
3.5元就能吃饱？天津的饭馆真实惠！@盗月社,995,599250,//i1.hdslb.com/bfs/archive/2706e7f3328b0bc522500033265f1661cec7090d.jpg,21079142,BV18W411g7wR,1521716746,2018/3/22,19:5:46,11:35,4032,2906,5107,3129,7023
除草了！爆款网红面包口感竟像塑料袋？活活嚼了1年多@盗月社,367,244310,//i0.hdslb.com/bfs/archive/6648a6f65b5a5251f550ec1a0280ccd5547c54c3.jpg,20965534,BV1gW411W7MN,1521453653,2018/3/19,18:0:53,05:11,730,312,1815,300,2851
开国第一宴！3块排骨竟要108元？筷子一夹竟然化了@盗月社,1767,1311441,//i1.hdslb.com/bfs/archive/02d19e843e000ac2e7edf12b0fe8918f07426d15.jpg,20792411,BV17W411p7Er,1521108041,2018/3/15,18:0:41,09:10,4504,6762,8929,5035,12983
吃起来像果冻的越南网红“牛奶果”，10块钱一个，真的挤出了好多奶@盗月社,364,446311,//i1.hdslb.com/bfs/archive/07a0ca02f2b3f05180818f592ca3d6981d184ff6.jpg,20683723,BV1eW411s7dF,1520849101,2018/3/12,18:5:1,04:58,837,1334,2467,428,4943
这趟火车上居然能吃到驴肉火锅？方便面可以丢掉了@盗月社,869,843008,//i1.hdslb.com/bfs/archive/a5760a43d59a2cee8c1397c03c914c0750bfd894.jpg,20510592,BV1aW411W7HR,1520503805,2018/3/8,18:10:5,08:13,3442,2497,4638,1557,8385
盗月社|试吃南方乒乓球大的“肉汤圆”，北方人只有蘸老干妈才能下肚？,1051,273783,//i1.hdslb.com/bfs/archive/64b8e1260817f85fe0cfefcfef7abc423f16bef2.jpg,20222027,BV1RW411s7SG,1519902051,2018/3/1,19:0:51,05:30,1605,322,1416,332,2670
试吃我国台湾烟酒厂出品的方便面，竟然真的是酒味的,422,212070,//i1.hdslb.com/bfs/archive/b8a5febd3255cabd6f3e80ff3a844da2d229e9b4.jpg,20097150,BV1oW41147Jt,1519651739,2018/2/26,21:28:59,05:18,666,437,2111,282,2896
这家超厚大肉饼要趁热快点吃掉，不然牛油都冻上啦！,499,390936,//i2.hdslb.com/bfs/archive/1e0d7ce78970ced8c91b067dbf6920df68980043.jpg,19844850,BV1sW41177nk,1519293624,2018/2/22,18:0:24,05:37,988,1138,2047,511,3701
韩国人都爱吃这样的薯片？大胆试吃3款奇葩味薯片，这一款再也不敢吃了,355,162678,//i2.hdslb.com/bfs/archive/2115701c03124cdb81621676f20eb6cb7e13ebe2.jpg,19370751,BV1YW411n7rP,1519034425,2018/2/19,18:0:25,05:47,640,308,1980,176,2241
第一次带女朋友回家过年，这样的尴尬你一定有过！,353,225050,//i0.hdslb.com/bfs/archive/9204a3491547db029b5f19f1bec3993bb35e78ac.jpg,19491357,BV17W411E7DM,1518688804,2018/2/15,18:0:4,06:28,1371,545,2176,430,3576
情人节钢铁直男们都在送什么？三款销量超高的礼物测评，女装大佬也不禁哭泣！,3318,255279,//i2.hdslb.com/bfs/archive/7c6a6799b5e94eb53491859292a46f439846dcf3.jpg,19473074,BV1WW411E77J,1518429624,2018/2/12,18:0:24,09:22,2823,1348,8866,2464,10320
比脸大的旺旺雪饼，辣条味圆形仙贝，旺旺的狗年限量大礼盒到底值不值？,281,163446,//i0.hdslb.com/bfs/archive/a3e154f38c3f280737fb2919f0c5fa94f29bb0eb.jpg,19356048,BV17W411n7We,1518172554,2018/2/9,18:35:54,07:03,1129,300,2221,258,2665
这家店做了17年的大肠火锅，又香又脆筋道弹牙，一对情侣吃完后…,650,458572,//i1.hdslb.com/bfs/archive/b76b7124ce51c26f3c134908e6c1683c3ce25d43.jpg,19307628,BV1GW411n7gX,1518084604,2018/2/8,18:10:4,08:41,3459,1539,2815,1391,4712
吃口这个最辣的辣条，你还敢上厕所吗？？,493,265591,//i0.hdslb.com/bfs/archive/c3139b8ded03f455cdbf88c30e9a3158b4e2d428.jpg,19179163,BV1eW411J7uC,1517831379,2018/2/5,19:49:39,06:25,1240,410,3707,517,3575
这家绿绿的川菜自助，如果能吃10只大虾+20片牛肉+10片黄喉就回本啦~,480,533931,//i0.hdslb.com/bfs/archive/065d1af09a0faa9c9c9182a92dff1b5ae6655c00.jpg,19009498,BV1HW411H7JT,1517487847,2018/2/1,20:24:7,05:51,1262,1482,2945,829,5042
东北人零下40℃把”冻梨“当冰沙吃？解锁冻梨正确打开方式，南方人表示从没见过,2544,681393,//i1.hdslb.com/bfs/archive/83921e3b10882651ec14eff4e4b3f1c104c486c5.jpg,18886525,BV1CW411n7Dn,1517228327,2018/1/29,20:18:47,04:57,2388,1010,1655,984,3543
第一次吃用冰块煮的羊肉火锅，冰激凌一般的口感，用勺大口吃超级爽！,879,617524,//i1.hdslb.com/bfs/archive/8fa4f7c4286fccd81f6852ac9d9e759fb7951296.jpg,18723194,BV1HW411e7px,1516884985,2018/1/25,20:56:25,08:55,2746,3583,4080,3371,5843
5分钟就能吃的自热小龙虾，78元到底值不值？连吃两盒终于找到答案,2820,510476,//i0.hdslb.com/bfs/archive/eed825ba81e3f7e0c6a00d39ad040c9662dfa6d0.jpg,18509505,BV11W411v7NM,1516446018,2018/1/20,19:0:18,06:12,1652,1495,3931,1022,5154
这份鳗鱼饭 日本顶级匠人研制了40年，竟然只能在中国吃到！？,1385,718514,//i1.hdslb.com/bfs/archive/988d51e71e63be9348024322bb0db798f12745bc.jpg,18451364,BV1BW411v73V,1516278154,2018/1/18,20:22:34,08:30,3122,4628,4337,1751,5288
某宝月销10万份的爆款脏脏包 VS 150元一颗的三里屯鼻祖脏脏包，正面怼好吃的居然是她！,980,687118,//i0.hdslb.com/bfs/archive/eee4a5eb9fb68301d1f269ac5a2d43131df06b4f.jpg,18345620,BV1iW411q756,1516020150,2018/1/15,20:42:30,07:37,2439,1910,3574,1391,4559
中国最神秘的鬼市 鬼市的包子你敢吃吗？,405,333977,//i2.hdslb.com/bfs/archive/fc3f33a6114191d23baec151caec17f976a0dfec.jpg,18194795,BV1wW411q7ch,1515672914,2018/1/11,20:15:14,09:47,1474,912,2452,611,3960
挑战冬天在被窝里吃冰糕，吃完之后这对男女的反应凉凉了,353,232497,//i0.hdslb.com/bfs/archive/dfbe23de000b5b5574b5228254ae7a2a7db653d8.jpg,18035135,BV19W411B7H4,1515241959,2018/1/6,20:32:39,06:45,1850,532,2276,511,2874
这盘五花肉薄得只有1mm，老板却卖我4万5千块。。。,1023,1133065,//i2.hdslb.com/bfs/archive/a98994702cc26a1db01686e172fde2ff7ecd2aa8.jpg,17962605,BV1hW411B754,1515067561,2018/1/4,20:6:1,08:50,4191,6613,12659,4608,14574
23元在肯德基能吃多少只小龙虾？没想到堡和卷的差距这么大，一个个数得我口水直流,427,302270,//i0.hdslb.com/bfs/archive/6cc23b9c5e54523e61c6fcf07b21e2622e164172.jpg,17782940,BV1nW411b7Xx,1514640620,2017/12/30,21:30:20,04:58,634,503,1303,866,1772
这样钓鱼还是第一次见，用铁锅炖烂，香味引来一群人抢吃,480,227067,//i1.hdslb.com/bfs/archive/59126fa13117b58b773b58e2f6fe8b19446cae33.jpg,17711068,BV1MW411b7ik,1514462940,2017/12/28,20:9:0,07:59,1638,545,5084,343,3974
各地吃麻辣火锅的标配饮料竟如此不同，四川喝唯怡北京喝北冰洋，东北这款我还是第一次听说！,531,211822,//i1.hdslb.com/bfs/archive/f80307c4d2f48ad9731fb5d0f2d09b2adbe43870.jpg,17618644,BV1hW411t7qT,1514202808,2017/12/25,19:53:28,07:59,2452,422,1407,279,2130
北京竟然有29元水饺自助，狂吃11屉还有鸭脖鸭翅大虾仁猪耳朵随便吃,1521,1022193,//i1.hdslb.com/bfs/archive/683a251533f9d90604d8bb78a855471e8e159470.jpg,17473054,BV1iW41187Sc,1513857612,2017/12/21,20:0:12,06:20,3458,4305,4330,3814,10739
试吃3位明星卖的牛肉辣酱，没想到他放的牛肉最多，热腾腾的馒头，就酱吃了一整天。。。,990,577727,//i2.hdslb.com/bfs/archive/3891ad9c982a66c3020a252228f965d5bb1a4815.jpg,17252484,BV1wW411a7Tf,1513254022,2017/12/14,20:20:22,07:22,1777,3911,2476,1175,3142
这可能是中国水最少的火锅，里面装满了土豆丸子和烧肉 吃得过瘾！,1238,718036,//i2.hdslb.com/bfs/archive/0c595dcb365533fac7df76cc0d57cdad9f04b0d5.jpg,17071026,BV1PW411h7Zu,1512820824,2017/12/9,20:0:24,03:47,1853,3213,2902,1838,5260
成长如同食物，有酸甜苦辣 ：这一夜，我全都吃到了。,487,214515,//i0.hdslb.com/bfs/archive/f1710273b681c1d50c588832ab7c00f8c4df1582.jpg,17033693,BV1eW411Y76b,1512651154,2017/12/7,20:52:34,13:22,2512,1716,9285,1326,5185
原来羊肉味是甜的！老板调教了我真正的涮羊肉方法～,424,232628,//i1.hdslb.com/bfs/archive/feb454fcbcc30eddf2c84dee30c04e0d6c396594.jpg,16809160,BV1sW411a7J8,1512042639,2017/11/30,19:50:39,09:17,1508,2175,4106,1590,3964
一张春饼七个菜 卷起了一整个沉甸甸的冬天,472,597627,//i0.hdslb.com/bfs/archive/8b7092deba6b544a85d0b37b918a8f9e3deb5d37.jpg,16603866,BV1mx411V74V,1511447166,2017/11/23,22:26:6,11:12,3875,2981,6433,2262,8033
17块8一套的北京烤鸭能吃饱？中传的妹子真好看【盗月社】,590,371062,//i1.hdslb.com/bfs/archive/3869d983db310cca748181c4d1de2f10472c6c9d.jpg,16377154,BV1Jx411L7iW,1510833658,2017/11/16,20:0:58,05:54,1439,789,1789,691,3056
这家店花了钱竟要自己炒菜！蛋炒饭该先炒蛋还是饭？,380,460720,//i0.hdslb.com/bfs/archive/89a5dc7fb817a1823ca8b67db6120c2ac4153102.jpg,16164673,BV1Kx41177wp,1510222823,2017/11/9,18:20:23,08:37,2113,1083,3535,536,4889
外地人试吃川渝大规模杀伤性武器遭团灭 当地三岁小孩天天吃？,919,368921,//i0.hdslb.com/bfs/archive/dfec8e809bebc8c4a569854bdf4460af441f2c22.jpg,16007163,BV1Lx411j791,1509791456,2017/11/4,18:30:56,09:57,4504,863,3035,563,4094
北京三里屯惊现黑白无常 生死簿上居然是日本拉面,205,171825,//i1.hdslb.com/bfs/archive/4e84507fca8f9986955272b7abe6d4a285a95464.jpg,15934845,BV1ix411E7Y4,1509560455,2017/11/2,2:20:55,08:55,926,413,1568,212,2167
三里屯午夜脏摊，是老外和夜店咖们的另一个party～,453,286755,//i2.hdslb.com/bfs/archive/36e3bcd5f53d692eb8c30b2b03144399d08454ea.jpg,15746806,BV1tx41177DL,1509021493,2017/10/26,20:38:13,15:57,2425,2153,5494,1760,4474
北京评价最高的韩式炸酱面和中式炸酱面，都是15元哪个更好吃？,482,357340,//i0.hdslb.com/bfs/archive/d6d7bd76aa4ac5a0344df79ab81f8bf2fbe9507a.jpg,15595365,BV1Bx411M7nQ,1508584167,2017/10/21,19:9:27,11:31,1767,1954,2082,1223,3515
毛爷爷吃了都说好，一碗纵横京城63年的羊肉泡馍,494,387583,//i1.hdslb.com/bfs/archive/8bd29da5f535daed40781bcfd575d356f3287f17.jpg,15304677,BV1Fx411g7tF,1507729988,2017/10/11,21:53:8,09:42,2308,1179,2578,659,3214
在教室里吃了顿串串香 还玩了玩小霸王学习机,494,288058,//i0.hdslb.com/bfs/archive/1d767af5f94d258481d727d20d81a41cd66d579b.jpg,14976318,BV1Fx41137mD,1507039516,2017/10/3,22:5:16,10:04,1703,952,4231,566,3692
【好吃的朋友】在北京西单迷路却没想到遇到这么好吃的卤鸡翅 卤鸡爪 大香肠 盐酥鸡和烤面包！,264,325956,//i2.hdslb.com/bfs/archive/74c4ebdbd412507c427b4610f1e7bd0c04f52ad8.jpg,14899397,BV1Tx411V7nw,1506681897,2017/9/29,18:44:57,07:15,1128,566,2346,359,3078
让女生少女心爆棚的草莓味零食大测评 男朋友送玫瑰竟不如送...,220,142277,//i1.hdslb.com/bfs/archive/0edec8f155f9d5695693aa11f9cf446e73b34a19.jpg,14696967,BV1Kx411G78w,1506086566,2017/9/22,21:22:46,06:00,769,369,836,117,1396
【好吃的朋友】在北京四合院吃到了正宗的串串香 连服务员都是川妹子,338,363804,//i2.hdslb.com/bfs/archive/738c7a9c41608699fe91a1ee86089df39849e89e.jpg,14518247,BV12x411s7Bd,1505560432,2017/9/16,19:13:52,07:26,1072,947,4436,590,4788
b站终于有人吃屎了！,1083,697909,//i1.hdslb.com/bfs/archive/adb250d2973ffa664aa68622074536dfc1c861b6.jpg,14421458,BV1Lx411s7zc,1505293243,2017/9/13,17:0:43,08:35,4076,1891,2868,3085,5053
一口烤肉一口酸菜 完爆所有韩国烤肉 北京最正宗的东北烤肉！,534,554199,//i2.hdslb.com/bfs/archive/b8244c2840fa20b78006b03790ca120f1539cc9a.jpg,14278637,BV1Ax41147Ep,1504881028,2017/9/8,22:30:28,08:31,1982,1956,4774,1626,5524
【盗月试毒】尝试了36种辣条 朋友们 有些辣条是真的难吃啊！！,494,282546,//i0.hdslb.com/bfs/archive/318f2970a3a12ef44316cdf6917d12ed6e085245.jpg,14160367,BV1Bx411x7CP,1504507330,2017/9/4,14:42:10,07:47,2639,620,1712,369,2472
只有在凌晨才吃得到！北京最好吃的幽灵卤煮！！,434,427679,//i1.hdslb.com/bfs/archive/559b0c21d743f1bd2c6b425238dbab18e00ffcdc.jpg,14068322,BV1Dx411t7PB,1504266305,2017/9/1,19:45:5,10:29,2137,1159,2685,852,3837
一次性吃完香菜巧克力香菜薯片和香菜饮料是一种怎样的体验,190,102016,//i0.hdslb.com/bfs/archive/f264124fa410db77fece26b4e8315c725d6b4ed4.jpg,13997768,BV1bx411t7qX,1504099233,2017/8/30,21:20:33,13:13,983,194,1570,212,1319
藏在北京二环胡同里的鸡汤馄饨，据说一小时卖出500碗！,428,299646,//i1.hdslb.com/bfs/archive/0d3248ee4325ecfdc70499ce042bde97689d58e7.jpg,13959725,BV1Ex411t7wQ,1504013907,2017/8/29,21:38:27,06:10,1217,710,1719,338,2806
香喷喷烤大鸡架 凌晨两点排长队,394,510234,//i0.hdslb.com/bfs/archive/cd00f21429704a58883c09a0ae2ddabaa577cb5c.jpg,13787068,BV19x411b7RB,1503647893,2017/8/25,15:58:13,09:28,2017,1042,4649,552,5594
日本销量第一的方便面，袋装和桶装，味道竟然如此不同？！,248,224746,//i0.hdslb.com/bfs/archive/a7b63c7a1b921084cb5afd1522c1dc1e6fea9114.jpg,13765346,BV1Zx411b72o,1503595725,2017/8/25,1:28:45,09:58,1258,266,1085,105,1687
北京竟然能吃到18元自助小火锅，还挺好吃（片尾福利）,624,648762,//i0.hdslb.com/bfs/archive/5e06d726f7cc06cf0421d82e62546840490e2e3f.jpg,13527906,BV1hx411J7fL,1503077796,2017/8/19,1:36:36,08:39,2034,1236,3845,601,6717
愤怒的汉堡：TFboys代言的汉堡刚刚出品（18天）就拿来尝尝啦,166,131872,//i1.hdslb.com/bfs/archive/f204f5a788388ce6ff0c27e71ee97e47be4e4dfd.jpg,13501825,BV1ex411J7ar,1503025361,2017/8/18,11:2:41,17:09,1066,138,777,61,1294
【深夜小摊】嫂子喊我上车吃饺子,530,262482,//i2.hdslb.com/bfs/archive/b6269a3fe6c0e07e050d92715ae0b2008d97a995.jpg,13203676,BV1Yx411n7HH,1502374663,2017/8/10,22:17:43,12:09,2323,1716,12760,1218,7697
『深夜小摊』夜晚的铁板烧与西瓜,264,296324,//i1.hdslb.com/bfs/archive/92320069a80a7865424c2dc8864af38e95771ee6.jpg,12923780,BV1Fx411p7cB,1501775786,2017/8/3,23:56:26,07:01,1096,651,2249,457,3218
之前的洗手方式都错了！这样洗手能去除95%细菌,110,38100,//i0.hdslb.com/bfs/archive/cc3345ff125ebd0cb6dfa31a68d62b89cd0ada59.jpg,12876859,BV1Yx411H7e5,1501679704,2017/8/2,21:15:4,03:05,308,214,2796,246,1205
河南人教广东人说普通话河北人在旁捣乱 天津人在一边哈哈大笑 福建人山东人和江苏人发来贺电 北京狗哥无辜躺枪,273,150547,//i0.hdslb.com/bfs/archive/f76c63cb9b7b5ece43044cd6331203929d325548.jpg,12822097,BV1ux411s7P5,1501564677,2017/8/1,13:17:57,03:41,470,299,552,277,1574
干瞪眼挑战赛 看你能坚持多久,109,27580,//i0.hdslb.com/bfs/archive/0af748c9ce480d623f215befee9a43136aed6360.jpg,12800326,BV1Xx411W7ty,1501500950,2017/7/31,19:35:50,05:06,398,54,395,34,540
帅哥们亲口承认的撩汉方法,109,68258,//i1.hdslb.com/bfs/archive/6933d6eb47adc2c17c50939ee5de5561fbc9b4d0.jpg,12686034,BV1tx411W7u3,1501242034,2017/7/28,19:40:34,03:55,315,242,534,111,880
吃了这家卤煮店 好吃到跳起了舞,246,219708,//i2.hdslb.com/bfs/archive/738df2f9e8cb38c31bb0c589d1534793689c57c9.jpg,12651080,BV1Lx411W7q6,1501162163,2017/7/27,21:29:23,07:09,996,669,1363,409,2534
吃下这口毒苹果，你的生活也不会变得更好过，么么,94,35279,//i0.hdslb.com/bfs/archive/773af200d8d3f6da31f4677fe73b63dbaa5e5ae2.jpg,12604313,BV1Xx411p7uG,1501057589,2017/7/26,16:26:29,03:26,215,124,617,112,792
【咖喱土豆牛腩】你做饭笨拙的样子让我想到了朱自清的《背影》,271,185014,//i2.hdslb.com/bfs/archive/8686607f56f7f69309f97a06ed29d667185c8676.jpg,12576310,BV1ux411q7Yf,1500993293,2017/7/25,22:34:53,04:56,585,398,2218,71,2678
【夏日大调查】叫花西瓜 PK 西瓜套娃，谁才是西瓜之王,125,87246,//i1.hdslb.com/bfs/archive/5bfd326e17fa189515244b30894efc9b28dd1e22.jpg,12429583,BV1ex411i7NK,1500628187,2017/7/21,17:9:47,07:40,671,143,1392,79,1515
孩子游戏打得好，竟是因为妈妈太diao？,112,41312,//i1.hdslb.com/bfs/archive/72a7cc9575298ec8e5402f4a97d73ef11bc98834.jpg,12360327,BV1Gx411i7s9,1500456846,2017/7/19,17:34:6,04:36,425,224,835,311,894
【妖娆猫】来上我的床吧,108,34557,//i1.hdslb.com/bfs/archive/73f9fb03b31f572a59f6a451a630dd096f4af50e.jpg,12329308,BV1Px411i743,1500378100,2017/7/18,19:41:40,04:34,218,137,460,47,667
【深夜撸串】凌晨补肾的鼻祖级烧烤店,590,255565,//i1.hdslb.com/bfs/archive/0f83dc8d306246c08229407a59b1b6256e77ed08.jpg,12238635,BV1Lx411B7ew,1500141619,2017/7/16,2:0:19,08:03,1813,1054,3217,810,3544
胖虎表情包终于有了coser！,494,114440,//i1.hdslb.com/bfs/archive/4d06bc5092967abf4c891a77066459310e05f17c.jpg,12169083,BV19x411q7DK,1499951561,2017/7/13,21:12:41,01:56,594,702,544,610,438
【蠢货新闻】男子嫌妻子不肯花钱竟将其赶出家门,73,43789,//i0.hdslb.com/bfs/archive/e7078a920aa7aba88768082368772cf9431fe06b.jpg,12131452,BV1kx411q7zW,1499852504,2017/7/12,17:41:44,05:05,309,157,752,180,958
【盗月社周刊】有朋友是一种什么体验？小学生气得直上树,115,29613,//i2.hdslb.com/bfs/archive/0efe897ee4e4155d90f1e2942fdfb2287027cb66.jpg,12047750,BV1Sx411z7PR,1499612507,2017/7/9,23:1:47,10:34,879,93,573,88,649
【蠢货新闻】千万别屏蔽发自拍的人！我告诉你为什么,167,35317,//i0.hdslb.com/bfs/archive/be58278eea2274d48d99a2a7e1fc590fd4f4b209.jpg,11913577,BV1Tx411z7q5,1499253332,2017/7/5,19:15:32,04:52,350,111,721,124,761
【盗月才艺】你绝对没听过：菊次郎的夏天真人弹唱版超好听,186,97310,//i0.hdslb.com/bfs/archive/1a96a72d2d4f0d084827c95834bb303580f2d9cd.jpg,11877724,BV1Kx411z7NV,1499158019,2017/7/4,16:46:59,01:30,547,313,1295,225,2225
【深夜小店】凌晨一点半才开，却全场火爆的北京神秘面馆,445,469318,//i1.hdslb.com/bfs/archive/2897dad03ae5bfcc8cfc552d5c0a63ba7919da29.jpg,11862448,BV1Ax411z7JD,1499110352,2017/7/4,3:32:32,06:54,2069,1668,1903,963,3137
【盗月社周刊】风骚！多毛男子发传单，人人爱！,105,24304,//i1.hdslb.com/bfs/archive/341dc5a9dbf66ad574112163b8a315893e89a7a1.jpg,11809890,BV12x411B7uA,1498967791,2017/7/2,11:56:31,10:28,447,74,642,32,634
【蠢货新闻】你不知道的事：减肥害人不浅！,195,68700,//i1.hdslb.com/bfs/archive/e527b0ba4157256073075bcb5a7d649c15d380be.jpg,11676233,BV11x41167zh,1498569973,2017/6/27,21:26:13,05:16,496,382,1090,530,916
【盗月社周刊】突然暴走！爷爷奶奶玩起年轻人的游戏 07,118,30290,//i0.hdslb.com/bfs/archive/2dbe642c2e5462611e3c0294d016e11a0bc7677a.jpg,11605292,BV1sx41167Go,1498354507,2017/6/25,9:35:7,08:18,371,243,1756,107,1355
【深夜小摊】凌晨的宵夜和故事,670,510347,//i1.hdslb.com/bfs/archive/dc65eaadb030867916b7ae629e523819af983887.jpg,11541368,BV1Px41167Yy,1498151669,2017/6/23,1:14:29,07:12,2264,1997,4016,1677,5362
【鹿晗pk黄子韬】谁是大爷大妈心中女婿人选？,344,74003,//i2.hdslb.com/bfs/archive/a2fc8ef7b1b8967aa21f2c7b9a63a41c8a2768d2.jpg,11415842,BV1px411h7oy,1497747379,2017/6/18,8:56:19,09:10,2407,416,630,594,681
【盗月社新闻】樊胜美父亲苏醒后再度昏迷的惊人内幕02,297,184233,//i2.hdslb.com/bfs/archive/d4da2688b5b502c6eef2ec99db0636b178b2a3af.jpg,11255457,BV1Vx411Y7Vq,1497193574,2017/6/11,23:6:14,04:25,808,676,1790,416,5422
谁规定我是男生就不能穿bra,155,42306,//i0.hdslb.com/bfs/archive/e82a383b87a4121762da3fb932efdd8f13f00f29.jpg,11242580,BV1ux411Y7x7,1497166120,2017/6/11,15:28:40,08:04,530,128,398,156,842
【盗月社新闻】科学家研究出突破二次元壁的方法,277,94786,//i2.hdslb.com/bfs/archive/22e2a3127ab2a2b39472559e01e7279d4553738d.jpg,11132398,BV1sx411a7Qx,1496804492,2017/6/7,11:1:32,05:22,953,440,1219,599,2365
学习· 你的毕业水准经得起测试吗？,83,24859,//i0.hdslb.com/bfs/archive/386240ac90cc03adef69935786942094fe4e7168.jpg,11059527,BV1Nx411a7Kq,1496547917,2017/6/4,11:45:17,08:21,358,102,312,95,580
雏鹰起飞，90后叔叔阿姨们的六一回忆 cosplay小孩子：）,158,77682,//i1.hdslb.com/bfs/archive/0a0fde05b16ddd052a0ceb26641ba89600987f5e.jpg,10985334,BV1hx411e7UW,1496283271,2017/6/1,10:14:31,03:59,506,190,454,244,992
理发店里让你脸红心跳的3分30秒,105,59058,//i2.hdslb.com/bfs/archive/8d932a9ddfb7f757ae5eb7583553de4a4752ed49.jpg,10877818,BV1Ux411Y7ky,1495937824,2017/5/28,10:17:4,07:43,649,120,1389,57,1170
妖兽啦！智障对决，人家是个小甜甜嘛 (●ﾟωﾟ●),117,70074,//i0.hdslb.com/bfs/archive/85e360d89489058e4440f527cfa8c8e1b358af50.jpg,10813348,BV1tx411Y7Re,1495696368,2017/5/25,15:12:48,00:58,94,120,372,83,1061
可爱！大妈们也跳起了【极乐净土】20170521,130,39547,//i1.hdslb.com/bfs/archive/2ec3ab3cc15577008c782df94df8795a6ec9b444.jpg,10743899,BV1Sx411v7ZS,1495426576,2017/5/22,12:16:16,18:59,754,139,466,149,747
【盗月脑洞】520作死男女强势虐狗，真爱竟然不如···,111,52101,//i1.hdslb.com/bfs/archive/4a632284614fe218ac246a7b364bd445969dc143.jpg,10698283,BV1yx411v7pM,1495281507,2017/5/20,19:58:27,02:34,229,61,268,44,838
【发病日常】你见过天女下凡躁动人间吗,106,37424,//i1.hdslb.com/bfs/archive/4f5bf430670240441b6cd9f554019be5b119d6ce.jpg,10577239,BV1Zx411e7Sn,1494830632,2017/5/15,14:43:52,02:31,181,80,385,38,872
【王者荣耀】小学生玩家揭底大爆光,374,102584,//i0.hdslb.com/bfs/archive/4d100375e3f53373e41c0f5f5794a3bc9f05c60d.jpg,10553027,BV1cx411v7EF,1494746043,2017/5/14,15:14:3,12:16,1789,286,824,472,2091
狗哥和包包的日常,653,109574,//i1.hdslb.com/bfs/archive/51753dd65e0b78745fc8860a33957417f467069b.jpg,9783454,BV1kx411S7g2,1491963877,2017/4/12,10:24:37,00:59,652,125,871,32,2380
