﻿title,comment,play,pic,aid,bvid,created,date,time,length,video_review,favorite,coin,share,like
日本1人专门煮饭器，为单身狗量身定制，男子买回一试结果。。。,1397,632359,//i0.hdslb.com/bfs/archive/13276f1141b61e33786689c1853bc68af482b499.jpg,541036180,BV1vi4y1x76f,1592013614,2020/6/13,10:0:14,04:19,8288,4311,15048,821,66123
日本超火网红拉面，男子打包一碗回家，吃完结果。。,3023,1168743,//i2.hdslb.com/bfs/archive/60db613eb535a8a43b72a003ff9a79e65857f58e.jpg,455640020,BV1L5411s7tR,1589968197,2020/5/20,17:49:57,03:55,5021,7409,18357,1719,97734
日本拉面店的溏心蛋是怎么做的？男子试了下,3341,1614735,//i1.hdslb.com/bfs/archive/5a037e03b692873f1bded74390a24ee26f455875.jpg,370686076,BV1WZ4y1p7i2,1589595002,2020/5/16,10:10:2,04:20,6636,21272,40591,2223,149413
男子日本网上买了蛋包饭生成器？倒入蛋液后结果。。。。,5681,2065922,//i1.hdslb.com/bfs/archive/30786fbbdf0a87fd25aa678b90775c4e007d1afe.jpg,98928003,BV1W741127Sq,1585034417,2020/3/24,15:20:17,05:55,28661,10927,42395,2552,171793
日本现在到底有多危险。实拍疫情下的日本,15743,2745767,//i1.hdslb.com/bfs/archive/e121e554c508e44494a5c93b57d7de150f959884.jpg,94772341,BV1PE411u7oY,1583750123,2020/3/9,18:35:23,04:53,15940,15553,66645,4347,297029
【处 处 杠】 建 议 改 成：祖 安 之 歌,4383,1550123,//i0.hdslb.com/bfs/archive/97850eb97735b5ec33d36e3958fe0531738269c1.jpg,91065378,BV1kj411f7kA,1582451860,2020/2/23,17:57:40,02:06,13462,34075,56499,5486,152565
日本香蕉开外挂，连皮也能一起吃？中国男子大吃一根结果。。,2846,1354825,//i2.hdslb.com/bfs/archive/fa09ad27aab61c070170fffd20f32ce8bd457313.jpg,90255601,BV1z7411A75h,1582194921,2020/2/20,18:35:21,04:14,7562,6078,17986,2513,112058
男子作死打开妹子的手机浏览记录，结果....,1606,1421738,//i1.hdslb.com/bfs/archive/564a4f6efedcf46b6e372f416f3ffdaad8fa58c7.jpg,85760587,BV1c7411B7mr,1580466924,2020/1/31,18:35:24,10:55,8417,6635,16353,906,84179
中国男子在日本呆久了回国后会怎样？,1648,946359,//i2.hdslb.com/bfs/archive/6f01db7d0145ecd1f0aa1015d7cd99b4d7afbd50.jpg,84826881,BV1P7411Y7a9,1579863622,2020/1/24,19:0:22,04:39,6269,3665,7909,611,57331
日本服务业妹子平常都吃啥？拍日本妹子吃午饭，结果....,1689,1282052,//i1.hdslb.com/bfs/archive/e63601c607e7a9dfede0712b62a9186f8904dccb.jpg,84522079,BV1p7411e7NE,1579689321,2020/1/22,18:35:21,05:27,7397,3802,7535,584,59575
男子花了2万日元在日本买了个便当，一打开结果…,4056,5037567,//i0.hdslb.com/bfs/archive/e4796fce2ad72a0d0c74873d56b1a0787f208710.jpg,81847211,BV1HJ411j7vs,1578047758,2020/1/3,18:35:58,05:04,53403,52561,224253,4205,420569
外国人第一次喝中国的豆浆，喝完竟这样说…,1418,1641302,//i2.hdslb.com/bfs/archive/526e875a9e65e70edd25fcb5e1532837bc6e3544.jpg,80599544,BV1pJ411W7rX,1577280649,2019/12/25,21:30:49,04:30,4049,8622,30098,873,89854
男子做了个巨型红色奥利奥，妹妹吃完结果...,1396,999051,//i2.hdslb.com/bfs/archive/72d9aba27c0c807cc0492b85fd960dcd0550492c.jpg,80064231,BV1gJ41147sq,1577097060,2019/12/23,18:31:0,03:30,3852,2914,6049,855,44413
中国男子第一次吃熊肉，吃了一口结果...,1348,1393575,//i0.hdslb.com/bfs/archive/5f2b7ace3a831041fe9ba128d77e8e7266af0c01.jpg,79943958,BV1NJ411b7bD,1576839036,2019/12/20,18:50:36,04:23,6315,16867,48114,1702,87887
惊了！百万up主今年最后1个flag竟然是...,1222,1810672,//i2.hdslb.com/bfs/archive/9ac272a85fbf65ab82b7517c84036cf21190da77.jpg,77839188,BV1ZJ411z7nT,1575345621,2019/12/3,12:0:21,06:55,9320,9108,9015,2872,71025
男子忘记关直播，结果....,3455,4031706,//i1.hdslb.com/bfs/archive/969589f231b20bcfaee28f4f2f73d63786e4d542.jpg,77538216,BV1XJ411Q7EX,1575115037,2019/11/30,19:57:17,05:20,13132,17422,33522,2247,157316
日本外卖卖什么？中国男子挑战一日三餐只吃外卖结果...,5191,3820895,//i2.hdslb.com/bfs/archive/7804efc2e2f59a1ebd396d232deb0142af0552fb.jpg,76109291,BV1PJ411m7cK,1574073394,2019/11/18,18:36:34,06:31,16394,39158,192736,4246,267523
日本这家回转寿司，排队排到自闭？中国男子吃完竟说...,1261,1522779,//i2.hdslb.com/bfs/archive/8c7d4b21aa3b4a0e2646cb344d73aaf0792d1c8b.jpg,74914186,BV17E411q7Ex,1573209328,2019/11/8,18:35:28,05:27,4715,8831,23117,2390,74864
如何1年涨快200w粉？百万up主竟是这样做视频？,1726,594050,//i2.hdslb.com/bfs/archive/49858105002c0f9dee3cc42167820a8204d9e45f.jpg,74586233,BV17E411B7kG,1572949524,2019/11/5,18:25:24,06:33,4091,5146,8881,835,34763
中国男子体验日本各种奇葩的咖啡厅，直呼日本人太会玩啦？,1192,937969,//i2.hdslb.com/bfs/archive/04e16ff39ef77e3a68cbc43937b523e0f936a42d.jpg,74123904,BV1YE41187a2,1572608151,2019/11/1,19:35:51,05:13,3906,4565,8175,1634,45010
中国男子在日本试吃爆火痛风锅，吃完一锅他竟…,2410,2421109,//i0.hdslb.com/bfs/archive/585dd7abf8a4972c7028a4fdd4634db9155630a8.jpg,73281570,BV1PE41117WX,1571999753,2019/10/25,18:35:53,05:39,9311,13773,42658,7419,99906
男子在日本网站买了胸肌神器，1秒拥有胸肌？妹子看到后竟…,3483,3327940,//i0.hdslb.com/bfs/archive/bc4132493eec0c50750d84083dabc733ebe9d35f.jpg,71433560,BV1tE411C7FT,1571308556,2019/10/17,18:35:56,04:45,17381,49621,183827,26666,272619
男子突袭女主播房间，结果....,3825,2281556,//i2.hdslb.com/bfs/archive/c7cf94dcc31856eb1780cb28b4a13459a0dc934d.jpg,69355001,BV1JE411R7Pz,1569753321,2019/9/29,18:35:21,05:32,14346,11293,23339,2759,94542
中国男子在日本吃红眼雪蟹自助，3400日元的随便吃？隔壁桌的小哥哥都看呆了...,1604,1550769,//i1.hdslb.com/bfs/archive/770531d5a700de9bd700cb6ce829118355be96fd.jpg,69019897,BV13J411T7D9,1569494146,2019/9/26,18:35:46,04:37,4975,8835,28979,2479,77093
日本爆款的珍珠奶茶拉面？中国男子试吃完后说……盘点日本的爆款美食,2443,1483901,//i2.hdslb.com/bfs/archive/3051277d47effc0a04eefe3fb61b71076662c1fe.jpg,68618791,BV1hJ411g74Y,1569148544,2019/9/22,18:35:44,05:17,14664,7822,17956,3440,65470
日本超大的战斧牛排，中国男子作死挑战，结果…,4154,5678414,//i1.hdslb.com/bfs/archive/d091db827b42669c80c890d73bfdcc5fd96b0ac2.jpg,67659862,BV1yJ411w71u,1568457316,2019/9/14,18:35:16,05:04,33345,46833,136372,26853,264538
中国男子跑去日本秋名山体验逮虾户，结果……头文字D圣地巡礼,1664,955576,//i1.hdslb.com/bfs/archive/eef50d24ef9ee5fd47c002b7c534b536a8009455.jpg,67144583,BV1zJ411N7FG,1568021439,2019/9/9,17:30:39,06:18,4155,4838,11925,1328,44089
日本的1人烤肉店专门店，竟为单身狗量身定制？中国男子试吃完后说…,5018,2519582,//i0.hdslb.com/bfs/archive/54f9389181c4ce6996b8a965b817c130c52843cb.jpg,66906554,BV1B4411k7ut,1567852543,2019/9/7,18:35:43,04:57,13941,27970,73797,5179,124876
在日本可以边走边吃吗？中国男子试了一下结果… 读评论,2232,1349378,//i0.hdslb.com/bfs/archive/d426fe595a99d67fd119a377cd0020ada2ea0510.jpg,66497505,BV1P441127fs,1567504816,2019/9/3,18:0:16,04:57,5468,7892,26552,749,67314
百万up主私下约见女网友，见面后竟直接去这种地方…？,3601,2400399,//i0.hdslb.com/bfs/archive/5a00e50d948ec9787ee693cc7a37e9f32f594782.jpg,63668804,BV1s4411D7HR,1565776823,2019/8/14,18:0:23,05:58,12140,9822,23401,1153,83150
日剧里让人流口水的美食到底好不好吃?中国男子在日本试吃完后竟说....孤独的美食家圣地巡礼,2896,1573783,//i1.hdslb.com/bfs/archive/338fd52f0fbf8c5cbb6b8cca298e08ce307b0686.jpg,62200683,BV1At411M7Wh,1564924979,2019/8/4,21:22:59,05:35,9421,9251,27377,1446,74960
男子在日本点了碗抹茶拉面，试吃一口竟…...试吃日本拉面,3340,1419600,//i0.hdslb.com/bfs/archive/ef4c5fb8e1fc723c545d57190eb5d70686ea5210.jpg,60678297,BV1Vt411j7WM,1564223742,2019/7/27,18:35:42,05:29,15601,15760,50208,1809,95339
中国男子在日本吃炸串自助，30多种炸串甜点水果随便吃，隔壁桌的小姐姐都看呆了？,3822,2823113,//i2.hdslb.com/bfs/archive/9a0da34ee22d10e780656f0621108cc4516bd0c9.jpg,60726967,BV1it411j72h,1564137354,2019/7/26,18:35:54,04:32,10866,23483,67975,5206,132937
日本的肯德基都卖啥？中国男子一口气买了所有产品后说…...读评论,5266,2378635,//i0.hdslb.com/bfs/archive/c59b230686d9c14c1886231665f13b14a503eb64.jpg,60639448,BV1Ft411j7va,1564050923,2019/7/25,18:35:23,05:40,16877,9155,20343,1071,77562
男子上网学撩妹方法，撩了下日本妹子，结果…,9670,6025557,//i2.hdslb.com/bfs/archive/873428b9499f555a3bee062e10874bcbee44ed43.jpg,59353355,BV1jt411G7FF,1563271238,2019/7/16,18:0:38,05:46,54635,53305,101256,11837,195397
中国男子在日本吃寿司自助，100种寿司随便吃，店长差点都哭了？,3589,3684700,//i0.hdslb.com/bfs/archive/c340091a67d88ab7db3dbaef521725778b032ff3.jpg,57919782,BV1B4411A7nk,1562322948,2019/7/5,18:35:48,04:48,17184,28124,88032,4133,147073
男子在日本留学为省钱竟吃这些东西？看完这个视频的人都哭了,2696,1737942,//i2.hdslb.com/bfs/archive/bc0d2ad71122a39b3a729cf38c013e3755e91f93.jpg,56407547,BV184411u77C,1561199723,2019/6/22,18:35:23,06:06,11433,8240,16869,1334,56713
百万粉美食up主造假？根本不懂美食？私底下竟都吃这些?美食up主的一天,4301,2014537,//i2.hdslb.com/bfs/archive/da08b804f987199849ca8c0c48065c8f61b94be3.jpg,55869913,BV1T4411G7m4,1560767755,2019/6/17,18:35:55,07:55,12851,7806,22068,736,63477
日本的水果有多贵？中国男子在日本买了个瓜后说…,5329,2697781,//i2.hdslb.com/bfs/archive/e67e77b18517a523bd0330560ff81cb1bca99a5e.jpg,55442104,BV1p4411P7F3,1560421817,2019/6/13,18:30:17,05:43,15354,18607,94423,3339,116927
男子连吃一周便利店的食物，硬朗的身体竟然…,2404,1545308,//i0.hdslb.com/bfs/archive/1c95c19887c5d3f91c271b1fc0e4d3796074b441.jpg,53976351,BV194411W7cw,1559136816,2019/5/29,21:33:36,10:05,4804,14459,41070,1707,70161
听说A5和牛要直接吃生肉才好吃？中国男子在日本餐厅试吃一口后竟..,2543,2053766,//i1.hdslb.com/bfs/archive/c39895eb994b1790d90e65af67173998b15e0356.jpg,53498875,BV1f4411W79b,1558778720,2019/5/25,18:5:20,04:47,5512,18969,70080,3022,96257
中国男子尝试在日本街头搭讪妹子，结果……,5652,6335758,//i0.hdslb.com/bfs/archive/c51b7c8f9a2fafb77db363c29ae8e1580ea25f3a.jpg,52786308,BV1B4411776V,1558173649,2019/5/18,18:0:49,05:01,26061,49709,194037,6390,269257
在日本中午都吃啥？中国男子记录下他在日本的一周午餐,2499,1735860,//i2.hdslb.com/bfs/archive/00a2555a5ff4886f2b124b5d41958f0ccd3ab6b2.jpg,51908122,BV1K4411Y7gN,1557396776,2019/5/9,18:12:56,05:05,5871,14952,44592,2176,73820
男子在日本住久了，回中国不习惯的事居然是...,2744,1156528,//i0.hdslb.com/bfs/archive/65590be7e162fa4cc295ff30b8c5de097ed3a693.jpg,50847419,BV1g4411879M,1556618455,2019/4/30,18:0:55,03:23,3793,4431,11662,543,36869
日本的房子竟跟中国的差这么多？住在日本是一种怎么样的体验？在日本住了6年的中国男子这么说…,2189,1406417,//i1.hdslb.com/bfs/archive/d5b501c5d0157807e0ac2111402449f9c616d0b4.jpg,50797001,BV1K441187VY,1556532029,2019/4/29,18:0:29,06:03,6882,19573,69319,861,82878
日本超火的大盘烤鸡，一口一个再蘸上芝士，中国男子点了一盆，一吃竟说…？,2367,2379024,//i2.hdslb.com/bfs/archive/e55fdd4eb0ece28179c377e9c81a152af71352c5.jpg,50421414,BV1r441187Ta,1556272839,2019/4/26,18:0:39,04:41,8295,20725,50688,8594,88564
全日本最小的寿司?只有一粒米大小？男子试吃完竟说…｜来日本一定要做的4件事,2184,1075229,//i1.hdslb.com/bfs/archive/1ef06f88741b6316e3280de71c65da36cb11ffc0.jpg,48952597,BV17b411M7gz,1554976808,2019/4/11,18:0:8,05:34,6704,7534,17417,1897,41720
兰州拉面在日本有多火？居然在日本出泡面了？中国男子尝了一口说...,1831,957395,//i2.hdslb.com/bfs/archive/0026b23fdba36192d34edc42f544341e78a1e7f3.jpg,48849858,BV12b411T7M8,1554868819,2019/4/10,12:0:19,02:52,2115,4688,14369,826,35707
2580日元买的生蛋自动搅拌器，竟做出这样的生蛋拌饭，男子尝一口这样说...,1740,1213637,//i2.hdslb.com/bfs/archive/e8545c26c2e798431c84c81c203d8163ef4b0e7d.jpg,48058690,BV1ab411p7FV,1554199210,2019/4/2,18:0:10,04:12,3072,7008,25272,1318,50771
日本便利店卖什么？中国男子买了2袋后这样说...,1844,1614187,//i2.hdslb.com/bfs/archive/18647865dcb0f1344b713ade3dd9203c3c6a53ba.jpg,47407890,BV1Lb411t7Ta,1553596829,2019/3/26,18:40:29,04:26,24066,7382,26281,1082,57583
1050日元一碗生鱼盖饭，开店38年都没涨价？男子吃一口后竟…,2955,1970127,//i0.hdslb.com/bfs/archive/83a40ca0f54acea04f4b3802f97916e0f6e15890.jpg,47198838,BV1nb411476o,1553421651,2019/3/24,18:0:51,04:08,5249,17837,53368,4682,78413
男子在日本点了香菜拉面，上来后惊呆了......你看这些令人瞠目结舌的日本美食与景点,2300,1475378,//i0.hdslb.com/bfs/archive/9f2a3912df0bfb9b90c6c29769440ffdb7b95450.jpg,46248849,BV1bb411H75z,1552644019,2019/3/15,18:0:19,05:22,17195,10805,21880,4265,48510
日本留学一天要花多少钱？跟拍小姐姐的一天,2412,831501,//i0.hdslb.com/bfs/archive/1c8fe89466c37537c17a57b2cb71ccd9e0b7d3de.jpg,44576117,BV1Fb41187Js,1551009638,2019/2/24,20:0:38,03:38,2379,5385,9646,1428,26881
这个小东西塞嘴里15秒就能刷好牙？小姐姐塞到嘴里后说…,2120,808771,//i1.hdslb.com/bfs/archive/e4aa51544b5481630dd86bcec0853ae1ee603a02.jpg,41531108,BV1st411b7zX,1549101655,2019/2/2,18:0:55,04:39,5524,5104,25182,2201,38072
50厘米长的和牛生肉寿司，3000日元一份，男子吃下一口后竟…,3482,2063932,//i2.hdslb.com/bfs/archive/d0ec4d935bdf94032eaae3643a2cefcdaf93cf86.jpg,41530827,BV1st411b7ez,1548756012,2019/1/29,18:0:12,04:11,6715,16431,69184,4485,86094
日本外卖什么样？男子点了份日本外卖后这样说……？读评论1.0,4765,3250938,//i2.hdslb.com/bfs/archive/50ef5b4602d2a8dd813d55e664c7d422d95c16c7.jpg,41386708,BV1pt411h73x,1548158449,2019/1/22,20:0:49,05:49,14206,18667,73293,1574,122167
网传7种让泡面更好吃的方法？男子作死一试竟…,9352,1102065,//i2.hdslb.com/bfs/archive/ac1e8248e47349831e83ec84cba3bc17fbf4d12e.jpg,40809171,BV1wt411p7m9,1547548801,2019/1/15,18:40:1,05:53,12019,12116,28077,4718,40343
1700日元的炸牛排饭，里面肉竟都是生的？男子一尝居然…,2686,2089567,//i0.hdslb.com/bfs/archive/714cce2288b4b3f8d0d687c870da30f4277af8a3.jpg,40280500,BV1kt411s7WN,1547028042,2019/1/9,18:0:42,04:07,3710,14435,59792,5028,69655
3000日元一份的鱼子饭，鱼子竟比饭还多？男子一尝竟又…,5293,2472565,//i2.hdslb.com/bfs/archive/8e6eb84c62b706ca44ea70f10a60f3d3c43ef9f5.jpg,38803370,BV1Et411k7HL,1545559259,2018/12/23,18:0:59,04:29,5896,22230,77551,8392,88510
8000日元买的全自动章鱼烧机器？男子按下开关后惊呆了…,2525,1571396,//i0.hdslb.com/bfs/archive/c3584673df789417f082bf1cb1905a6ffb0e86f9.jpg,38027067,BV1qt411v7vb,1544695229,2018/12/13,18:0:29,05:11,3470,9107,21153,4130,36969
全日本最骚气的披萨，满满芝士如潮水涌出，男子尝一口竟…,2139,1825030,//i1.hdslb.com/bfs/archive/df20c6853b979620f684959667be037cfcf84eb8.jpg,37582233,BV1Et411S7Qd,1544176802,2018/12/7,18:0:2,04:09,3904,10031,21084,7354,39510
80万粉丝的b站up，不工作可以养活自己吗？ 关于我的50个问题,5098,1249720,//i2.hdslb.com/bfs/archive/d02e723761a6965f0c327848a79ce4348ed6d30a.jpg,36379738,BV1ft41117SV,1542794416,2018/11/21,18:0:16,04:06,5326,6684,24640,1158,35692
1500日元一碗的免费续肉饭，小姐姐添肉添到手软，男子一尝竟…？,3482,3176570,//i2.hdslb.com/bfs/archive/dbb4c20a5f6bb916408905829dbaa4f3ea9b6255.jpg,35792711,BV1pt411U7Lp,1542018608,2018/11/12,18:30:8,04:30,7387,20825,27246,18127,51244
全日本最骚气的蛋包饭，硬朗男子尝一口竟…？,2124,2621863,//i2.hdslb.com/bfs/archive/e17bdc3f66f231090ddf57e0743a4113244e3017.jpg,34908426,BV1Bb411A72X,1540895412,2018/10/30,18:30:12,03:46,3995,12123,23888,5911,44314
【日本留学】东大食堂竟然能吃这些？吃完up只说了一句话…,1379,1001086,//i0.hdslb.com/bfs/archive/79511591fdb3b8e737b4fb45b8cfdc1a74cb3da9.jpg,34191429,BV1jt411o71h,1540033212,2018/10/20,19:0:12,05:40,3559,4037,7502,1809,18045
650日元可免费续杯的日本豚骨拉面！身体硬朗的男子竟含泪吃完？,2105,2166051,//i1.hdslb.com/bfs/archive/3e095e74ea2ba5187ebc87d7c928ef2c0bbcb943.jpg,34188166,BV1Lt411o71c,1540000816,2018/10/20,10:0:16,04:04,4355,9552,23323,2796,36720
开箱舔猫神器，小姐姐带上后竟舔地停不下来？,1535,1006835,//i1.hdslb.com/bfs/archive/36cf962ee020b2c04345a16a13937eff1d8813cb.jpg,33715105,BV1Pb411F7Ep,1539396018,2018/10/13,10:0:18,04:36,2787,3287,11514,2742,19162
开箱日本黑科技内裤，能让男生身体更硬朗？,1065,682263,//i1.hdslb.com/bfs/archive/6ee91af85037c321f6e603897dc97fe96174b021.jpg,32148409,BV1nW411r7HY,1537531215,2018/9/21,20:0:15,05:01,2822,4462,5862,1792,14098
东京热吗？女高中生裙子为啥这么短？日本的六大真相你知道几个？,1086,478801,//i1.hdslb.com/bfs/archive/abb71b6c5921dbcdb5bc164493a0f910a76026c1.jpg,31512413,BV17W411C7RY,1536664181,2018/9/11,19:9:41,02:01,1503,1129,3397,585,9360
开箱日本女生脚臭香水，这个味道竟让人想…,3070,1256389,//i2.hdslb.com/bfs/archive/a97b08b61e22ab23896b26ed1d1c6206aa6047c8.jpg,31454409,BV1xW411o7QQ,1536573654,2018/9/10,18:0:54,03:44,3936,11739,29607,8347,28212
日本小哥第一次吃螺蛳粉，吸完第一口他说......突袭日本男生家｜基基去你家EP4,1416,865595,//i2.hdslb.com/bfs/archive/67f840c0b4e116778b6080e9c8158f4d7430b500.jpg,30667540,BV1bs411c753,1535570634,2018/8/30,3:23:54,04:00,2848,1493,4473,556,13676
up体验日本痴汉最多的电车，差点被挤坏掉，真的有痴汉吗？｜基基东京補完计划EP3,1748,586173,//i2.hdslb.com/bfs/archive/fd0be1e80596f8da9ec9d6f67d5d007e25a91df8.jpg,30170283,BV1SW411S7Zj,1535162455,2018/8/25,10:0:55,03:50,3334,1409,3893,665,11097
煮一听肥宅快乐饭，没想到是这个味...,1149,917378,//i1.hdslb.com/bfs/archive/cf28da473c181d9d5e0184b3975a6266cf919ae6.jpg,29711277,BV1QW411X7Sz,1534644005,2018/8/19,10:0:5,02:11,2076,2299,7087,1401,16538
谣言基破】听说宅男房间都藏着这样一本书？突袭学弟♂房间,1595,562289,//i2.hdslb.com/bfs/archive/895ff04915b92c4b484dbca2c886e4edf34d853e.jpg,29287553,BV1Ss411T7in,1534240830,2018/8/14,18:0:30,02:40,3105,1801,4423,627,12020
潜入日本第一家伪娘咖啡厅，有可爱的男孩子吗？｜基基东京補完计划EP2,1991,902750,//i2.hdslb.com/bfs/archive/e407ad4db609dd8b23483a8326ab0448cbb56063.jpg,28455339,BV1Us41137TK,1533348027,2018/8/4,10:0:27,03:13,2519,6405,8807,6177,18287
日本随处可以买这种杂志？10件让中国留学生大吃一斤的日本小事,1918,759965,//i0.hdslb.com/bfs/archive/50222d108a920144d25510d354277974b6d118e0.jpg,27910448,BV1ts411A71U,1532743677,2018/7/28,10:7:57,00:59,579,2376,3270,557,9828
男子连吃一周拉面，硬朗的身体竟然…？,3125,1408591,//i0.hdslb.com/bfs/archive/6eb854320555c82298322d0a896c1a96f32c1d73.jpg,27043367,BV1Fs411E7Tp,1531908041,2018/7/18,18:0:41,02:33,3089,4029,8969,1528,19208
男子与健康养生的黄瓜，雨女无瓜,1543,714953,//i1.hdslb.com/bfs/archive/9fa27e97189fa251ec4e8c1ab2eeff651b55c7ae.jpg,26982803,BV1Hs411n7jn,1531825252,2018/7/17,19:0:52,02:01,2308,2363,5557,1897,11698
你看日本人都把什么装到自动贩卖机里去卖了？｜基基东京補完计划EP1,3212,1784379,//i2.hdslb.com/bfs/archive/a150f62469a6b5e256f10c40f41f34b9ea08ad09.jpg,26836284,BV1xs411J74T,1531553456,2018/7/14,15:30:56,03:37,4578,9075,12843,3495,21387
100人民币在日本可以买什么？｜深夜潜入便利店,3318,1981977,//i0.hdslb.com/bfs/archive/f6a8a4bc3f944b00588469e4cfc6f2c44226ab8b.jpg,25978401,BV1Hs411G7UF,1530497750,2018/7/2,10:15:50,02:01,5385,5746,8060,1830,18994
日本小伙第一次吃沙县小吃，一口下去他只说了一句话,2641,1627221,//i1.hdslb.com/bfs/archive/ea09fc5395ad41f3c81c79d8f21b48133a89d3bc.jpg,25038161,BV1GW411c7Em,1529200833,2018/6/17,10:0:33,02:58,4832,3063,6698,1202,14783
只要200元，就能躺日本小姐姐大腿上？,1770,869709,//i0.hdslb.com/bfs/archive/33663d603acf70de576342ec21e7666bb3837c4d.jpg,24435919,BV1JW411A73w,1528279201,2018/6/6,18:0:1,02:56,2096,3563,5316,2817,10694
开箱日本4样吓死人的发明？,1591,1062178,//i1.hdslb.com/bfs/archive/4a70f345215c0fe4d9a61776669f112f3079d40c.jpg,23583240,BV1Zp411Z7xk,1526640946,2018/5/18,18:55:46,03:10,3336,6294,14723,4563,15722
up作死尝试了酱油拌冰淇淋，结果......,1348,646714,//i0.hdslb.com/bfs/archive/4969061d7472a4a9619720eb80def959f2784869.jpg,23269821,BV1VW411F7fZ,1526036108,2018/5/11,18:55:8,01:54,1022,2225,7521,1465,9987
【慎点】♂男子偷偷穿上新买的JK水手服，又走上日本街头,3359,872789,//i0.hdslb.com/bfs/archive/fb3adf43c9f194b4150a5622b328c48e2055faa4.jpg,23047303,BV18W411G77h,1525579207,2018/5/6,12:0:7,02:40,5184,6867,22951,6776,31305
老板，我要一碗【蓝色拉面】,986,776549,//i1.hdslb.com/bfs/archive/4bd7aa0d76fd0096772fe13a65e859c4ed7172aa.jpg,22956660,BV1XW411375U,1525431315,2018/5/4,18:55:15,02:27,1885,1853,4762,1009,11016
up在日本网吧住下了，洗澡吃泡面看漫画还有这样的VR？,5544,2501649,//i2.hdslb.com/bfs/archive/a4ffd734b540398dc0b76d5a4164eebf568c5286.jpg,22624420,BV1wW411V7A7,1524826820,2018/4/27,19:0:20,04:05,6386,19921,20671,17629,23475
买了5个奇葩日本趣味用品，90%的人猜不出是啥？,817,712829,//i2.hdslb.com/bfs/archive/4e365dad3c90bed2eb33e62835a046ef0f71b2d7.jpg,22290720,BV1wW41157FJ,1524135630,2018/4/19,19:0:30,04:17,2465,2175,6094,879,9519
日本动漫翻译成中文后，日本人还认得吗【无基之谈】,603,416893,//i1.hdslb.com/bfs/archive/60d3989f09ff91f70cc8fe07ff73611884e5a59d.jpg,21989012,BV1NW411T7R7,1523530832,2018/4/12,19:0:32,04:08,876,1252,2967,308,5145
谣言基破】听说袋装薯片摇一万次会变成一包土豆泥？？,1726,967878,//i1.hdslb.com/bfs/archive/8213a13793ee9c1985ebbc7ae238e3887b50d0a9.jpg,21945886,BV1rW411K7GV,1523442618,2018/4/11,18:30:18,02:33,1584,4180,5047,1515,10001
【实拍】日本毕业典礼都这样搞？？？,997,849429,//i1.hdslb.com/bfs/archive/f4e4e37ed649280816042fc4e07b06b672dd3677.jpg,21428996,BV1sW411u7Xx,1522461639,2018/3/31,10:0:39,03:30,1507,3420,5763,758,23069
up作死还原动漫银魂的暗黑料理，结果......（お妙の玉子焼き）,809,922369,//i2.hdslb.com/bfs/archive/71917a2d4934abf883bffaf798c2642f12c99fca.jpg,21070674,BV1tW411g7T6,1521716443,2018/3/22,19:0:43,02:17,1498,2666,6134,1706,11087
【慎点！胆小勿入！！】8万日币在日本能租什么样的房子？住日本女孩房间里竟藏了这么多这种玩具？基基去你家EP3,1176,1337263,//i0.hdslb.com/bfs/archive/5683f73694bb123a3a9fe4657b9738bb37788b05.jpg,20722655,BV1KW411p7DQ,1520940636,2018/3/13,19:30:36,03:30,4098,4636,7217,945,10351
up作死尝了自制蛋黄酱拌饭，结果.......,1533,1219708,//i0.hdslb.com/bfs/archive/890dc28cfef538ed9bd6fb112a70afe7b067f95e.jpg,20408677,BV1rW411x7HP,1520250362,2018/3/5,19:46:2,02:23,3219,5264,10523,3658,16435
up穿女装♂走在日本街头，会被男生搭讪吗？结果......,2053,789032,//i2.hdslb.com/bfs/archive/3fa4ab471953808ec2ce3eadd2c60aafbf98416e.jpg,20118887,BV1XW4114741,1519698635,2018/2/27,10:30:35,02:58,4048,4739,14665,4254,12705
up作死尝了自制生蛋拌饭，结果.......,3905,2984472,//i1.hdslb.com/bfs/archive/df4ee3e6693488041cf53f224500afead877b42b.jpg,19798781,BV1HW41177F4,1519093832,2018/2/20,10:30:32,02:56,6913,11579,14956,5306,26200
5万日币在日本能租什么样的房子？突袭小姐姐家｜基基去你家EP2,892,862490,//i1.hdslb.com/bfs/archive/c9a1a3d18af74ce7f72c9ea53d673db00eae3f2f.jpg,19206169,BV1kW411J7XM,1517914846,2018/2/6,19:0:46,02:37,2008,2706,4982,1167,6792
下面给你吃,577,617705,//i2.hdslb.com/bfs/archive/61d2fda5cdc0efb1e73ece3efe3eb1896c8eb6c3.jpg,19013978,BV1sW411H7Yk,1517492548,2018/2/1,21:42:28,02:01,1143,1779,4978,1176,7106
实拍日本留学一天要花多少,2607,885202,//i0.hdslb.com/bfs/archive/a35165d7365b148fd550f125a1cea6f99a372b0e.jpg,18335271,BV1eW411q7tC,1516002229,2018/1/15,15:43:49,03:52,2754,4124,4348,1617,5647
小姐姐，可以来一杯口嚼酒吗？日本过年神社拜拜都喝这杯乳白色，浊浊的酒｜孤独的美食基season2ep1,678,510024,//i1.hdslb.com/bfs/archive/5f7feb4fbe38add4997cc6b0a5f415e83302b7b7.jpg,17900511,BV1GW411B7EM,1514895799,2018/1/2,20:23:19,02:49,1216,1094,2434,330,3879
你见过这样的炒饭吗？汤饭一体｜500日币在日本能吃什么？＃8【美食基】,358,595835,//i2.hdslb.com/bfs/archive/15dead1d70ab2f39bcd07c21348264adce097f90.jpg,17498111,BV1eW41187ss,1513936800,2017/12/22,18:0:0,03:15,1320,1461,6247,403,9282
500日币在日本能吃什么？我在日本东北玩泥巴【美食基】,490,454213,//i2.hdslb.com/bfs/archive/c18f8f83ea7c28d8451b91971b0eb72a727f9cda.jpg,16786343,BV18W411a7up,1511968805,2017/11/29,23:20:5,05:47,1752,1548,8145,613,8743
中二病up是如何做菜？还原食戟之灵里最简单的一道料理｜爆衣厨房【美食基】,373,292132,//i0.hdslb.com/bfs/archive/e71cc24818d3d766b75ab34280f9f44089b7adb9.jpg,15242413,BV16x411u7fs,1507629645,2017/10/10,18:0:45,03:05,895,895,3514,406,3849
500日币在日本能吃什么？小姐姐，我要份和你一样可口的蛋包饭【美食基】,634,806767,//i1.hdslb.com/bfs/archive/cf9f580d49ef67cc9a5f7d4a0651a65d0522b978.jpg,15015110,BV13x41137cL,1506981354,2017/10/3,5:55:54,04:21,2509,2796,5590,1267,8738
750日币东京JR电车随便坐｜up扭蛋蛋送粉丝｜秋叶原－宅男东京的第一站【美食基】,637,284602,//i0.hdslb.com/bfs/archive/f9aae7aaa03584c4023b74f020d7f71fde0a948a.jpg,14447469,BV1Lx411s7Yg,1505359751,2017/9/14,11:29:11,03:13,1474,1236,2060,607,2780
5万日币在日本能租什么样的房子？住日本的宅男房间大公开｜基基去你家EP1,1444,974497,//i2.hdslb.com/bfs/archive/e4bf5edb69dbe6b52436fb75484439d7ffe993b9.jpg,14080463,BV1Cx411t7Qj,1504317636,2017/9/2,10:0:36,04:29,3103,5057,9371,1665,4537
日本便利店试吃｜一碗可以让up连着吃一个礼拜的面【美食基】,797,943430,//i2.hdslb.com/bfs/archive/8c980cdde7adcc530e51775f384890bfcde1d2ce.jpg,13694672,BV14x411b7B7,1503453611,2017/8/23,10:0:11,02:09,1466,2609,10882,596,11879
【美食基】1500日元牛舌套餐｜咬一口会究极进化的牛舌｜日本美食,416,524216,//i0.hdslb.com/bfs/archive/abdef6ae03b303fd1480f2ebe14d578c4c12b535.jpg,12607154,BV1Qx411p7g8,1501084824,2017/7/27,0:0:24,06:46,2086,1539,2887,554,5797
【美食基】500日币在日本能吃什么？＃5（活吞生?肉）,507,670831,//i0.hdslb.com/bfs/archive/5094d28716f85ad764ca9bbabad5bdd12be5c4c4.jpg,12080294,BV17x411q79e,1499708563,2017/7/11,1:42:43,04:57,2642,1644,3333,500,7136
【美食基】500日币在日本能吃什么？＃4（日本的中华料理）,326,348892,//i2.hdslb.com/bfs/archive/500e86eeffaaf202c979e5e868320691eb376862.jpg,11707892,BV1dx41167ic,1498666524,2017/6/29,0:15:24,04:53,1424,984,5244,212,5267
【美食基】500日币在日本能吃什么？＃3（超值套餐和狂飙中文的日本结账小哥）,442,428009,//i1.hdslb.com/bfs/archive/c11cc7edda3e98c56aafdc983309fa127eb20ba8.jpg,11030001,BV19x411h7sC,1496445613,2017/6/3,7:20:13,04:25,1229,966,1418,281,4142
【美食基】500日币在日本能吃什么？＃2（洋式弹牙乌冬面，弹弹弹）,504,449041,//i0.hdslb.com/bfs/archive/332f656e8084e3000d7cec24643414a54f24c7c4.jpg,10904263,BV1Zx411Y7Cr,1496019881,2017/5/29,9:4:41,04:36,1582,892,1565,263,4232
【美食基】500日币在日本能吃什么？＃1（烤肉店的牛舌盖饭）,595,513600,//i1.hdslb.com/bfs/archive/91fb84a4fc6c0687bdc8857b976411f2a656141b.jpg,10784168,BV1bx411Y7fu,1495566868,2017/5/24,3:14:28,05:42,2047,1010,1554,403,5205
老司机带你撸...猫（日本猫岛vlog）,185,182591,//i1.hdslb.com/bfs/archive/1be874b0a1b6a581659b647ef9f53e99a07429ff.jpg,10517120,BV1zx411e7Eo,1494640620,2017/5/13,9:57:0,13:31,1631,409,654,371,1578
老司机你要去哪里？伪预告片,56,107017,//i2.hdslb.com/bfs/archive/b5ab5851c27e52f0504550a92120f0dd4ba188a7.jpg,10361580,BV1tx411m7wo,1494077985,2017/5/6,21:39:45,00:44,90,88,254,36,844
在日本留学，书包里都装什么,481,426101,//i0.hdslb.com/bfs/archive/96a77a60c61181c5e2fa1a2d13dc66ac093fe3a2.jpg,10331878,BV1Ex411m7SH,1493983609,2017/5/5,19:26:49,01:51,788,776,1017,186,3858
