﻿title,comment,play,pic,aid,bvid,created,date,time,length,video_review,favorite,coin,share,like
400元买块布？！为啥电竞鼠标垫能卖这么贵,790,116300,//i0.hdslb.com/bfs/archive/84dd68bc6bc06f48412f89507e81d8e1bf8bc1bd.jpg,838397172,BV1vg4y1i7ic,1591953300,2020/6/12,17:15:0,06:29,616,3418,5793,424,14802
警长的认可,438,86357,//i1.hdslb.com/bfs/archive/9333c603c701cb9649b3d60da0147319f7ab44ae.jpg,625898429,BV1ct4y1y7kS,1591778835,2020/6/10,16:47:15,16:38,1540,1419,3061,237,9999
螺旋倒钩白狼王,454,103746,//i0.hdslb.com/bfs/archive/4c325ccb4c388db460aee6875c7bd27006c38b4e.jpg,838467897,BV1ug4y1q77q,1591525502,2020/6/7,18:25:2,38:04,2464,1864,3934,357,11897
甲  方  乙  方,474,194804,//i1.hdslb.com/bfs/archive/166bcd69eb0886ee3443cbaaa4921f10d67c6f10.jpg,968491613,BV1Yp4y1D7sm,1591255705,2020/6/4,15:28:25,10:37,1379,3411,5266,384,17812
听说我电脑坏了 华硕ROG给我寄了台4W的电脑,2177,334886,//i2.hdslb.com/bfs/archive/c842ffa1a7a9e815700d5a2c88c5dbee8af62d03.jpg,583253593,BV1az4y1d7VP,1590908782,2020/5/31,15:6:22,18:03,2670,8247,18959,2386,31124
亡 羊 补 牢,411,270193,//i2.hdslb.com/bfs/archive/afc9cf9f9519cb8e2933e7510b00eb5a262e28ca.jpg,625836406,BV1Xt4y1C7AX,1590400808,2020/5/25,18:0:8,11:17,1837,5519,10412,426,27409
上 流 吃 鸡,408,217196,//i2.hdslb.com/bfs/archive/4225072c9215f9a3f09e4b4179aaf1793da17888.jpg,753312190,BV1Pk4y1r7ey,1590133518,2020/5/22,15:45:18,11:56,2413,2721,7046,423,19872
爱 狗 人 士,513,266392,//i2.hdslb.com/bfs/archive/b55cc40aaa39afa14bd802555f03cc2f57f88723.jpg,583133779,BV11z4y1R7tQ,1589872013,2020/5/19,15:6:53,12:24,1345,6677,8726,422,31469
【全明星】我要变好看,1696,241988,//i2.hdslb.com/bfs/archive/7a4ae39111476a19ac7c24dd4e62541751835219.jpg,370673739,BV1JZ4y1p7oh,1589600217,2020/5/16,11:36:57,01:34,654,5819,11499,745,33336
也许我找到了今年最好用的鼠标,2312,344008,//i1.hdslb.com/bfs/archive/86cde07d1ad3816dc71c10e462b6fa57d256bcf8.jpg,413144090,BV1mV411k7rc,1589349824,2020/5/13,14:3:44,06:07,1581,8950,15505,1808,29907
专 业 养 鸡,857,287496,//i2.hdslb.com/bfs/archive/b2705496e1cb96f200d50be260176b189e244baa.jpg,668051213,BV17a4y1i7wd,1588824013,2020/5/7,12:0:13,13:58,3073,10310,11789,844,33621
外挂队友：我哪里受过这种气！,1394,413262,//i0.hdslb.com/bfs/archive/b1aee770fe148839cea5ce523b6f8080a3df9294.jpg,412923819,BV1KV411d7Wv,1588148425,2020/4/29,16:20:25,13:52,5996,4987,15545,2521,36250
专 业 洗 猫,1009,296483,//i1.hdslb.com/bfs/archive/efcc3cb4808ab124e0046859a4499638a32ecbe6.jpg,837974603,BV1Ug4y1z7pM,1587790854,2020/4/25,13:0:54,09:45,2243,4835,17367,910,38887
【我的外挂队友】一个挂壁的自我修养（第一期）,1502,304922,//i2.hdslb.com/bfs/archive/053a757f997957e8c20655f70220b0a4ab8bf388.jpg,370355535,BV1PZ4y1474S,1587109408,2020/4/17,15:43:28,10:26,3775,6579,25451,3894,37633
栓狙加强！M4+M24强势单排吃鸡,381,176123,//i1.hdslb.com/bfs/archive/cf1bfaec2d97b6a489b2b8126fc7e3fe4208faff.jpg,840150349,BV1v54y1d7Eg,1586509807,2020/4/10,17:10:7,12:33,2096,2158,13446,439,19703
调音师来拯救JONY J了！淡黄的长裙，蓬松的头发,1264,335314,//i0.hdslb.com/bfs/archive/51b36ccae311f858027a70bee023b1a0a413584e.jpg,327733167,BV1FA411b7hs,1586326139,2020/4/8,14:8:59,01:27,1202,5993,18079,1897,41333
蓝洞这次用心了！RPG魔法吃鸡！这不是简单的骑砍,718,241557,//i1.hdslb.com/bfs/archive/131f4e8c2d80bb97491a7adacd66572a7a73b5a1.jpg,925209489,BV18T4y1G7Cw,1586147797,2020/4/6,12:36:37,13:43,2671,2895,14323,1191,23994
2000元买的塔科夫周边 黄金保险箱竟然这么大？,1076,293249,//i0.hdslb.com/bfs/archive/6cc5c03dbb5a2ba21c2585ad7437038f2ab3237e.jpg,200033025,BV1Zz411t7Jn,1585903812,2020/4/3,16:50:12,10:23,3266,5924,22577,738,38801
【全明星】牛逼就完事啦,1899,430079,//i2.hdslb.com/bfs/archive/be5bcc683b4b465755bf47690b43fc1db1749700.jpg,99773041,BV15741197eM,1585376118,2020/3/28,14:15:18,02:17,9488,11585,24735,1810,49542
串味了！当吃鸡玩家中毒塔科夫太深,473,214036,//i2.hdslb.com/bfs/archive/9d4d6f812f1374e18674d4f37e588e75443d0d29.jpg,99798672,BV1H741197ae,1585298652,2020/3/27,16:44:12,07:06,1442,2376,12306,453,19357
吃鸡里假的大哥和大哥和真正的大哥,765,410369,//i2.hdslb.com/bfs/archive/9f4b03af8c020e6e2bfe2eedaf52096028fa9e28.jpg,98666039,BV1y7411m7XE,1584947760,2020/3/23,15:16:0,17:23,4122,3272,14796,1716,25170
高分国产电影交互式游戏！烧脑悬疑《记忆重现》【完结】,429,138868,//i1.hdslb.com/bfs/archive/d56d18800a329d4ce1a82762326cff6df453ffdc.jpg,97841358,BV1gE411A74D,1584687685,2020/3/20,15:1:25,95:14,2617,4195,10286,415,14109
外挂队友说自己只开了透视，然而决赛圈竟然...,966,443942,//i1.hdslb.com/bfs/archive/97f79e85750c76653c5d1bcc3c917d5f04a9a0fb.jpg,96484805,BV1w7411f7Zm,1584262649,2020/3/15,16:57:29,14:21,3798,3854,15896,1218,28382
打不过就开？！吃鸡亚服决赛圈究竟有多少外挂？,1858,303938,//i0.hdslb.com/bfs/archive/3f9c06fdb1fc87153efa551cc80ddbe188cc5d86.jpg,93355597,BV1SE411x7yj,1583217837,2020/3/3,14:43:57,18:46,2554,2703,12028,1771,23482
吃鸡新图外服都开始这么打了 一把冲锋枪近战无敌,477,193497,//i1.hdslb.com/bfs/archive/47c2de13bc960333655c95ad361f0b93bd671afd.jpg,92191718,BV187411N7cW,1582882227,2020/2/28,17:30:27,09:15,1144,1621,8359,507,15033
好  学  生  卢  本  伟,1858,869312,//i2.hdslb.com/bfs/archive/bffb6ed4be8085685ff8c16aff9cfe157eecfbed.jpg,91335314,BV1g7411u7cU,1582623033,2020/2/25,17:30:33,01:32,4196,15404,22566,4550,86028
吃鸡新图卡拉金怎么打？mini14杀就完事了,324,184814,//i1.hdslb.com/bfs/archive/f9118b6f86628ef889a9b50b9ffa4b80f984e35e.jpg,90650342,BV1f7411w7Mu,1582286326,2020/2/21,19:58:46,08:18,1228,1691,8457,795,16055
【全明星】Ddu-du Ddu-du,3180,360873,//i2.hdslb.com/bfs/archive/3d4d1ab6dff86a0029a4ac46afcbcab519038c04.jpg,89655677,BV167411j7XG,1582018239,2020/2/18,17:30:39,02:09,2959,10280,18786,3023,43752
裂 开 大 行 动！这是个价值2000元的视频,742,197238,//i1.hdslb.com/bfs/archive/51465c6528b7bcdb3ad6ff8ad1a4af8201380be0.jpg,88944895,BV1H7411g7Xw,1581674533,2020/2/14,18:2:13,13:19,1924,1884,8654,1645,17066
【局】在毛子服吃鸡就算遇到外挂也是乱杀,352,267635,//i0.hdslb.com/bfs/archive/fcc8a6dad69463658491c91f20b0727cb029117d.jpg,88223750,BV1y7411573J,1581415173,2020/2/11,17:59:33,11:13,1845,1960,8641,1047,17417
【全明星】2019鬼畜金曲串烧，你能听出几首呢？,639,238044,//i1.hdslb.com/bfs/archive/3504e63cbeb0d7365234b8954acff223229ccf8e.jpg,84274072,BV1i7411v7SW,1579752338,2020/1/23,12:5:38,01:35,651,8542,18965,1852,32589
当阴险的伏地魔LYB来到职业训练赛能否carry吃鸡？,261,184779,//i2.hdslb.com/bfs/archive/eb4e69795e8f3b98b94b5159f31cc66eb56fda58.jpg,83508134,BV1zJ411J7M2,1579083046,2020/1/15,18:10:46,08:41,807,1563,7463,811,13474
【完结】【阿局】《港诡实录》被骚女鬼追吐了！国产恐怖新游！,1021,383266,//i1.hdslb.com/bfs/archive/145b9e3141244a1b199d6a4d4f3e4a41cbebace4.jpg,82390691,BV1RJ411V7Hg,1578339531,2020/1/7,3:38:51,123:05,17034,5579,11881,2832,16649
【禁止套娃】怀旧向，你还记得这些全明星吗？,3551,1248022,//i1.hdslb.com/bfs/archive/985d9909a363310877ae981bc446b6c1b77a8653.jpg,81596426,BV1rJ411b7T3,1578040225,2020/1/3,16:30:25,01:45,2223,48046,49577,6876,91788
猛男模拟器之蛇之呼吸,264,167639,//i1.hdslb.com/bfs/archive/4d1f3c52cf1a6ec4f1c373e871092f5ba7f0bb3f.jpg,81303058,BV1QJ41187Mf,1577784609,2019/12/31,17:30:9,09:23,819,1418,5924,828,11335
蓝洞一万个外挂不管，普通玩家15杀却当场被踢,583,202322,//i1.hdslb.com/bfs/archive/6f0fd5b8f6009f743c3afc2cb49cfcd79897be0c.jpg,80471640,BV1xJ411x7GU,1577352655,2019/12/26,17:30:55,12:27,1368,1343,6180,938,12989
【五五开】我没有开挂我开天王炸,1221,361708,//i1.hdslb.com/bfs/archive/b7d5f161632146d5cb13df436db8b5483a797e24.jpg,80204689,BV11J411477F,1576995829,2019/12/22,14:23:49,01:46,725,7041,14434,1842,31119
为什么我不推荐买游戏耳机玩游戏,2183,461345,//i0.hdslb.com/bfs/archive/d52f05b3e0d829fcf5cad290ba53262faa198888.jpg,78978871,BV1KJ411C7kg,1576142512,2019/12/12,17:21:52,11:37,2558,7175,14840,2695,25314
这把awm杀得太猛直接被蓝洞当挂踹出游戏,600,211014,//i2.hdslb.com/bfs/archive/d93f5138616ab2cc072fe282a3d884bf2391a090.jpg,78256824,BV1CJ411i7yH,1575628736,2019/12/6,18:38:56,10:36,2252,2162,7965,1394,14844
b站发行独立游戏？国产AVG里不只有美少女？,253,104476,//i0.hdslb.com/bfs/archive/494b22fd6583bf6ca21573264cf97aa82105ee43.jpg,77819747,BV1rJ411z7VK,1575288018,2019/12/2,20:0:18,09:10,238,1069,3516,829,8356
【全明星】MAMAMOO最新单曲《你嘟一下！我就回了老家！》,1552,337098,//i1.hdslb.com/bfs/archive/67e09363598014e8a36bdb6173ca7091302a28eb.jpg,77330254,BV1JJ41197wB,1574939800,2019/11/28,19:16:40,02:14,1829,9640,20150,4240,31647
本以为暴毙我却被外挂哥打工仔们保送吃鸡,216,204231,//i0.hdslb.com/bfs/archive/02f63fd6fce99f9f8094b9181a10d2568f77ff7a.jpg,77108403,BV1nJ411X7mP,1574763868,2019/11/26,18:24:28,03:57,368,1455,6078,953,12894
【全明星】别开我玩笑,578,213273,//i1.hdslb.com/bfs/archive/59f65b8061fda5a3814b4efc717a1ee770cade3b.jpg,75741678,BV1kJ411D7ea,1574425477,2019/11/22,20:24:37,01:57,457,4991,11542,1263,26134
世界上最滑的鼠标垫配上最强的无线鼠标是一种什么体验？！,757,228162,//i2.hdslb.com/bfs/archive/8eb8de7033eb949ea6883afbd7167634d4d1066a.jpg,75737026,BV1rJ411D7mR,1573812360,2019/11/15,18:6:0,11:56,899,2698,7175,1271,13347
主播决赛圈被蓝洞制裁破口大骂，看到结局后上演川剧变脸,340,264971,//i2.hdslb.com/bfs/archive/08d770c7fcd114c2ae620d2bff3f2eb2ecb52c3c.jpg,75556435,BV1iJ411S74M,1573640615,2019/11/13,18:23:35,03:29,888,2179,6716,1604,16501
【全明星】爱河,1069,1184490,//i2.hdslb.com/bfs/archive/dab85f8b13f7aba47b2f5235eddaa28ac7a8b3d9.jpg,74013871,BV1UE411b7bF,1572516313,2019/10/31,18:5:13,01:32,1562,18501,18498,4780,54265
本想划水养生却被卷入神秘小团体？简直不要太刺激,208,96577,//i0.hdslb.com/bfs/archive/0df7ce87d817d00d04df2975310c87a2846f52c1.jpg,73835238,BV12E411h71e,1572350447,2019/10/29,20:0:47,05:24,169,835,3137,805,7679
1300元的猫绝育套餐是什么体验？！做完后生无可恋倒着走路！,467,200046,//i1.hdslb.com/bfs/archive/ba50f72452facde0d6e9e12e279c7081fa2978ed.jpg,73407607,BV15E411a7CZ,1572062420,2019/10/26,12:0:20,06:46,1359,2006,7128,992,15756
疯了！一万五的电脑免费送，百万粉丝UP主倾家荡产。ITX小钢炮装机实录,27125,549243,//i1.hdslb.com/bfs/archive/9f82c965fbe36429909fc2e0220c4d33bcf1f725.jpg,70852611,BV1UE411o7wj,1571567415,2019/10/20,18:30:15,15:34,33725,35125,101071,20591,73066
史上最憋屈死法！玩家看回放一定气到砸电脑,825,518930,//i1.hdslb.com/bfs/archive/020b070d833d82c8289e572188ca8b2aad9dc0ce.jpg,71315640,BV1AE411C7tk,1571141919,2019/10/15,20:18:39,02:23,942,9964,17638,10401,32167
【猛男up主版】新 宝 岛【痒局长 A路人 陆夫人 螺主任 小暗  KB】,8474,4683599,//i0.hdslb.com/bfs/archive/1f954cde18aec043dce07130d19fd95acc345632.jpg,69483777,BV14E411X7uj,1570010446,2019/10/2,18:0:46,01:28,13650,132894,221181,50927,282324
同窝猫咪第一次团聚是什么反应？终于接到神仙德文了！亲兄弟住进了豪华家成了富养猫？！,412,230112,//i2.hdslb.com/bfs/archive/47bcca0ad4943f7b4cf64be251bf67f2a9ce71fb.jpg,69389450,BV1bE411R7Mk,1569752961,2019/9/29,18:29:21,11:20,1100,2253,7709,1142,15924
史上最全吃鸡单排打法盘点！5000小时主播全部心得！！看完马上6000分！,605,273494,//i1.hdslb.com/bfs/archive/694c93f5817bccfed6bed19696518f8f254cbb42.jpg,68366635,BV1dJ41137YS,1568968637,2019/9/20,16:37:17,19:06,1432,8745,24058,2406,26384
【全明星】野狼disco,1373,1308975,//i1.hdslb.com/bfs/archive/7dd76b1241cec9fd1d5589a435d6c67eed1e38c8.jpg,67437580,BV1tJ411P7Rf,1568280053,2019/9/12,17:20:53,01:44,1888,40771,50954,7117,93324
笑了就输！对手居然使出这种招式？！雨中军训绿地真人吃鸡实在太刺激！,721,521015,//i2.hdslb.com/bfs/archive/f4c8abed6b7fa1dcb3612d164be2c099fe27da18.jpg,67388514,BV1AJ411P7eA,1568208335,2019/9/11,21:25:35,16:26,2546,3237,8991,1185,22296
【乔碧萝】世界第一公主殿下！！,1379,740017,//i2.hdslb.com/bfs/archive/dd674fd232d7f75daea507cfbe6e43e9a62d04b0.jpg,66712579,BV1n4411y7Aw,1567679838,2019/9/5,18:37:18,01:45,1931,9909,11854,3404,32858
两万块买回家的德文居然秃头！猫版伊奇是真实存在的吗？我终于有猫了之打造五星级的家！,659,192521,//i0.hdslb.com/bfs/archive/7361a63d74f3c1affb3a9e4c0f5541a66fe5c622.jpg,66048057,BV1L4411B75Q,1567310448,2019/9/1,12:0:48,06:03,1462,3046,10642,1118,18199
【黄晓明】恋爱循环,1344,861990,//i2.hdslb.com/bfs/archive/fc8aff0288e4456d007d46f9164bc2631fd020da.jpg,65451021,BV1C441167q5,1566984331,2019/8/28,17:25:31,01:28,1422,13872,18352,6308,51127
脑力窝窝头 一块钱4个O-oooooooooo AAAAE-A-A-I-A-U- JO-oooooo,3209,1204564,//i0.hdslb.com/bfs/archive/e4361237549245cc825006041505a2d613cb3d7a.jpg,65042490,BV1M4411r763,1566568126,2019/8/23,21:48:46,01:47,4042,20980,26509,8520,71926
MK14！吃鸡单排大杀器！有了它单排简直是屠杀,425,189036,//i1.hdslb.com/bfs/archive/37aa51609464cc8ee2145b2d08dc9b3738354710.jpg,64872536,BV1C441197v6,1566474366,2019/8/22,19:46:6,12:27,1477,1679,6591,1011,12705
四万块！！小白从零开始玩水冷，从入门到理赔详细实录！三十分钟干货满满,1168,465782,//i0.hdslb.com/bfs/archive/becbc12afeed49be0a927401ccae0b11059f988f.jpg,63571450,BV194411S7C2,1565861442,2019/8/15,17:30:42,29:55,5693,10919,19080,2436,28228
和江户时代的武士小哥哥邂逅,378,83467,//i2.hdslb.com/bfs/archive/6a9a8472e91ee7de7118af4f6f2becbc96b88dd1.jpg,63569745,BV1k4411S7nh,1565703704,2019/8/13,21:41:44,12:49,689,1001,3858,854,8851
高分段一盘鸡有多难？三个三级头都不够！,706,385470,//i0.hdslb.com/bfs/archive/177e1fa07765f75193762cbca65042a82f494211.jpg,62640411,BV1tt411T719,1565256036,2019/8/8,17:20:36,10:32,3378,2888,10240,1066,21410
轮到刀客塔给你洗脑了,1011,812819,//i0.hdslb.com/bfs/archive/0672aecc0f6dbb5c5917d68151283adb87cbffc3.jpg,61596422,BV1Tt411w7xo,1564652729,2019/8/1,17:45:29,01:04,1143,24566,20683,2811,46593
【局】天朝相亲图鉴！这里面的小哥哥也太多了吧,725,219612,//i2.hdslb.com/bfs/archive/47d2dfa4b479362813c5c11e76a615b305f5999b.jpg,61362276,BV1Rt411F7mU,1564545920,2019/7/31,12:5:20,136:58,7492,4394,6132,870,10857
宅男大变身！男人认真起来到底能帅成什么样！,1096,324491,//i2.hdslb.com/bfs/archive/d12b586a7f49ee30ca93ebd542a39873443751fa.jpg,60537840,BV1Jt411E7fH,1563969632,2019/7/24,20:0:32,16:29,6967,3995,11670,1168,21308
吃鸡史上最骚套路！艾伦格防空洞钓鱼执法！教你休闲轻松坐收人头做鸡王,566,246007,//i2.hdslb.com/bfs/archive/0f5fb17275e6ca360a9a8fa6cbd6b2a6c7a54120.jpg,59881711,BV1nt411n7BQ,1563615057,2019/7/20,17:30:57,05:40,1921,6063,21715,1085,28220
3D！即时海战！舰队！美少女！死宅的快乐是如此简单,587,152157,//i1.hdslb.com/bfs/archive/2958967ac83fe88e830387489c616d87c5d99433.jpg,59388612,BV1tt411G7vL,1563278413,2019/7/16,20:0:13,27:02,1131,934,3952,776,8481
9.9元！淘宝隔音棉贴全墙真的能吸音吗？手把手教你自制自宅隔音改造计划！,978,335180,//i0.hdslb.com/bfs/archive/9c10d6709a7359b0f7b32e06aa758bc0eb5424da.jpg,59067630,BV1Et411V747,1563080457,2019/7/14,13:0:57,07:14,2042,4277,12927,965,20849
史上最强单排载具蟑螂车！有了它决赛圈为所欲为！,382,189082,//i2.hdslb.com/bfs/archive/be9c0b2119e94058b331c15f63dec094a9b6c067.jpg,57831485,BV1G4411A7Eg,1562319016,2019/7/5,17:30:16,10:12,2046,2043,7777,1012,11934
【多明星】分类吧！垃圾君！,1127,783956,//i1.hdslb.com/bfs/archive/e685cfd8344830a96a31ac20644f4cdcf3ba873e.jpg,57834412,BV134411A793,1562236933,2019/7/4,18:42:13,01:36,1111,17766,23331,2537,43825
主播开起来了？！四倍压枪瞬镜空爆雷，16+18杀直接打到检测,907,295851,//i2.hdslb.com/bfs/archive/b38bed9ea0e98812f45dbbcbd64d4633c78d216e.jpg,57020682,BV1ax411d7gD,1561637483,2019/6/27,20:11:23,28:54,5122,3125,10786,1235,18007
一万块！给猫买淘宝最贵的日常用品！它居然只钟情九块九的……？！,723,301617,//i2.hdslb.com/bfs/archive/64fe1bb137f527f936453dc60655724a498489df.jpg,56297193,BV1q441137HM,1561176316,2019/6/22,12:5:16,07:58,1683,5758,19138,1253,23841
五星好评！不愧是新东方最顶级主播的手艺！快乐做饭模拟器变身扬州小当家！！,438,151498,//i0.hdslb.com/bfs/archive/1e1702c79a5b9a7945cf35ca3fd0a1c4438d68bf.jpg,55984344,BV1Y4411G7Pt,1561107611,2019/6/21,17:0:11,10:37,728,1844,5922,763,10261
一天一遍，防止开挂！我真的很牛逼！,1093,487194,//i1.hdslb.com/bfs/archive/714e5c7b8152b9037659a5e94aa002d4ce59991d.jpg,54063764,BV1h4411H7uB,1560503102,2019/6/14,17:5:2,01:50,1581,9914,16118,2710,33206
【痒局长】前期uzi 后期ak 轻松拿下自闭城！,329,163899,//i1.hdslb.com/bfs/archive/331737e0fb94dc7c0556f358fe86ad3672f57787.jpg,54709333,BV164411M7ur,1559883623,2019/6/7,13:0:23,12:04,1300,1728,7069,814,10854
绝了！拼多多68元棉花糖机混入变态辣酱出来这样的棉花糖？！好孩子不要学！,644,240599,//i2.hdslb.com/bfs/archive/fdf42f0bee30d8670bde2fc130bd446a3d651a0b.jpg,54714289,BV1r4411M7vd,1559810461,2019/6/6,16:41:1,06:36,2127,5104,19904,946,24999
【痒局长】宅男的人间冒险【三线完结】,950,505634,//i2.hdslb.com/bfs/archive/401d2a22b99b3b45a8bfcc18df065d6f6f1c5271.jpg,53730980,BV1u4411x7T8,1558927839,2019/5/27,11:30:39,350:45,13305,8995,14214,1477,17157
【痒局长】18杀！论4000小时职业玩家如何处理天谴圈,468,168712,//i0.hdslb.com/bfs/archive/7c9d07ea6f281ade39d7db4f8c443238e5f3ee21.jpg,53322900,BV134411L7GJ,1558603336,2019/5/23,17:22:16,10:16,1333,2197,8119,916,11498
【全明星】play with fire,1522,885139,//i0.hdslb.com/bfs/archive/2a6824cc757c0716d86d0210479484e2b7d29a74.jpg,51807059,BV174411v72w,1557998433,2019/5/16,17:20:33,02:05,2353,25189,29281,3846,49229
成都vlog|辣辣辣！连剃须膏都是辣的！！|人生第一次做漫展签售,885,219106,//i0.hdslb.com/bfs/archive/b429eb27b67849188298579bdcb6bf33fe311f0f.jpg,52478648,BV114411E7z6,1557892822,2019/5/15,12:0:22,15:17,4045,3894,13766,958,18039
真实！肥宅主播涂口红立马变美少女！虚拟偶像在摄像头面前居然是这样的？！,722,237497,//i2.hdslb.com/bfs/archive/180f987d2b8d6e3b175e7791c4a88c5fea1edb43.jpg,51922616,BV1c4411Y7X7,1557396347,2019/5/9,18:5:47,09:04,2029,5808,18204,1118,20893
【痒局长】勾指起誓,3533,492769,//i0.hdslb.com/bfs/archive/e8fafc6ad6ecd968bde07175c8c2c8f8856c0a0a.jpg,51598097,BV1y4411i7UF,1557115512,2019/5/6,12:5:12,03:04,5024,16504,30015,2787,38878
一秒变菜！用拼多多买的索尼4K电视玩吃鸡玩吐了！认真一看品牌名字居然是？！,1029,576584,//i0.hdslb.com/bfs/archive/52c0ab114d02a178c796e6f29ec3d225bf5debd5.jpg,50985587,BV1G4411t71r,1556681400,2019/5/1,11:30:0,06:02,2055,10671,37956,1247,44611
只要10块？！拼多多的大碗宽面真的能吃吗？！连猫也震惊的香辣口味！,1246,311272,//i1.hdslb.com/bfs/archive/3ff3d20d8b0906bc0b48c989824519ed8f82d175.jpg,50513901,BV1g4411h7mE,1556335820,2019/4/27,11:30:20,05:40,2715,4823,17101,1172,25119
【全明星】大碗宽面,1447,674175,//i0.hdslb.com/bfs/archive/28e1ad50e56344a4d435bec89291938eb6417128.jpg,50521401,BV1V4411h7Tr,1556276738,2019/4/26,19:5:38,02:27,2235,19335,32217,3794,45667
【痒局长】单人四排29杀吃鸡！SKS再现经典！是辣个男人吗？我痒本伟没有开挂,1745,384150,//i1.hdslb.com/bfs/archive/c6439406ac25666fac06834eef3dafb06634d1a7.jpg,50486901,BV1c4411h7qE,1556250037,2019/4/26,11:40:37,21:42,7463,9289,24950,3353,29274
潜入190平方米豪宅只为偷猫？！神仙党妹连养四只也太幸福了吧！大型连续剧之我痒局长肯定会有猫的ep001|走访猫学大师党妹！,1298,422778,//i2.hdslb.com/bfs/archive/fe2983ca8b611b51feb7cc78a1181a2fe3305710.jpg,50399154,BV1144118742,1556164820,2019/4/25,12:0:20,16:58,5684,8350,20872,2195,29028
【局】《纸人》国产恐怖游戏大作！全收集剧情分析【第一章完结】,733,171763,//i0.hdslb.com/bfs/archive/3b92aea7b05657649b914ac50e6513b7d904f8bc.jpg,49989120,BV1ib411V7EJ,1555817429,2019/4/21,11:30:29,102:44,6516,3834,7877,1174,10932
把市面上最难喝的饮料全部混在一起！一口下去哭着喊妈妈,1895,488511,//i1.hdslb.com/bfs/archive/787be4109c7c7259b4d7fc45a3b62b8cef6a9d7a.jpg,49813911,BV1Qb411G7jP,1555674241,2019/4/19,19:44:1,10:04,5003,11153,38065,1782,41671
吃鸡偶遇小姐姐，男队友竟然做出这种事！！,665,178152,//i2.hdslb.com/bfs/archive/33536c40d93d9d934b5054341e68abc0970d2714.jpg,49168903,BV1Cb411K75s,1555139562,2019/4/13,15:12:42,09:36,2709,2592,8359,828,13084
【岳云鹏x郭德纲】阳光宅男,1949,480316,//i0.hdslb.com/bfs/archive/2b75bf8c0c705f22288ef9f9bf8850732a71a937.jpg,47287926,BV12b41147nc,1554369957,2019/4/4,17:25:57,03:12,1579,17370,38209,2847,39307
直播三年！穷屌宅男终于攒出顶配游戏桌！,1338,314515,//i1.hdslb.com/bfs/archive/3bc9cd13f608dcbe9fa7629bf095b43dea34477e.jpg,48183165,BV1Jb411W7TG,1554294264,2019/4/3,20:24:24,13:30,3035,13666,32357,1813,29851
【局】皇帝的枕边人！史上最惨皇帝连妈妈都嫌弃,906,144980,//i0.hdslb.com/bfs/archive/ca9a30c8800f96dc9eae907ab275d27ae40be1b9.jpg,48081029,BV1mb411p7TY,1554202470,2019/4/2,18:54:30,121:37,3081,3049,5140,788,8454
又一个up主被只狼逼疯了！通关之后居然做出这种事？！！,617,184833,//i1.hdslb.com/bfs/archive/36d418aeb2dbf794fb3e15e40e2b9c88c949de24.jpg,47341101,BV1Xb411474p,1553528863,2019/3/25,23:47:43,10:13,1073,2354,6913,1352,10408
天天练枪却越来越菜？十年FPS玩家传你功力,1079,208618,//i0.hdslb.com/bfs/archive/55e6cd2e8b21b8c20e54538a90dd1faad6b183af.jpg,46729197,BV1Yb411E7rp,1552989934,2019/3/19,18:5:34,08:10,1145,10429,18146,1272,19052
又一款高分国产良心电影交互式游戏！烧脑悬疑《记忆重构》第一章祸水实况,1061,300850,//i0.hdslb.com/bfs/archive/dd1c19ce4b9b1f35c57bf8a30acdb74bcf7df7ac.jpg,46237687,BV1sb411H7jq,1552555856,2019/3/14,17:30:56,47:42,3417,8817,15342,1469,17211
200万粉up主竟在线培养女主播？！这个游戏怎么可以这么真实！,559,169770,//i0.hdslb.com/bfs/archive/e6b1914433050fe58a0aacd25f7e8f52aa24a270.jpg,46181789,BV1Kb411H7b5,1552480007,2019/3/13,20:26:47,34:41,2440,3046,7405,856,11237
吃鸡四倍镜暗改 M416压枪居然可以如此惊人,416,156781,//i2.hdslb.com/bfs/archive/5d1106236293d7ed157459245d6a2708eef2aeb7.jpg,46070268,BV1Ub411e7sX,1552386614,2019/3/12,18:30:14,10:18,897,1597,5401,717,8700
【全明星】嘴巴嘟嘟,1856,402209,//i0.hdslb.com/bfs/archive/dee0be0657f0074c26979a6bba3866a38840f37a.jpg,45289548,BV1Ab411z7oN,1551951009,2019/3/7,17:30:9,01:41,1656,17420,36503,3261,38009
【痒局长】隐形守护者！橙光高手带你互动电影【全线完结】,2065,609308,//i2.hdslb.com/bfs/archive/9a194ad071d32d71d0836400e8e9d2693001a32e.jpg,44982392,BV1Lb411b7Jx,1551413134,2019/3/1,12:5:34,603:45,36587,9330,14689,3118,16301
【痒局长】层层恐惧！一款真正的恐怖游戏良作【完结】,1366,483152,//i2.hdslb.com/bfs/archive/ee7aa2b2ef44b8142d38102e412ff33a0dfd4b4b.jpg,44670650,BV1bb41187p2,1551089228,2019/2/25,18:7:8,127:49,15327,8683,9804,2624,16337
【痒局长】麦克雷玩家转战apex是什么体验,388,109353,//i1.hdslb.com/bfs/archive/7e90b31ad7e959638993d7bb08209237086d3fc8.jpg,44179245,BV1nb411Y7Kg,1550657648,2019/2/20,18:14:8,08:05,424,1410,4416,817,7508
【刀塔自走棋】史上最强术士巨魔战 极限一血逆风翻盘,473,92967,//i2.hdslb.com/bfs/archive/778c6702a6e03b70f107516b8a015a1e73571704.jpg,44050800,BV1rb411a7bt,1550553422,2019/2/19,13:17:2,37:55,1053,973,3685,788,7086
APEX三个主播两个肥肥杀了整局一半人,529,119495,//i2.hdslb.com/bfs/archive/c4938e7ede72f9af62c7aaa9ea08f284bc98ee4b.jpg,43539735,BV1cb41127Hh,1550139589,2019/2/14,18:19:49,20:10,749,1250,3722,822,8116
【全明星】两分钟听完2018鬼畜金曲,2090,732727,//i0.hdslb.com/bfs/archive/7949db5f03d3423e05284335bf15a56161edeee2.jpg,43505189,BV1Yb411U7gv,1550118665,2019/2/14,12:31:5,02:56,3386,40608,73069,8972,79293
鸡同鸭讲⑦：感动俄罗斯十佳人物！ 无限法则究极梆硬主播上线,884,128483,//i2.hdslb.com/bfs/archive/4f0550c20131291c9a4f54eb7b35559395b4e60f.jpg,42242071,BV1Lb411k7wn,1549688750,2019/2/9,13:5:50,13:01,2596,2926,10365,801,13822
【全明星】书记舞❤辉夜大小姐想让我鬼畜,2532,502268,//i0.hdslb.com/bfs/archive/d79d13333f18cd3d8e94eb503b8d3d7d24d9cf2f.jpg,42789657,BV18b411z7Mm,1549439767,2019/2/6,15:56:7,01:35,1484,18314,29103,5102,41231
鸡同鸭讲⑥：直播翻车了！陪玩小姐姐发出灵魂质问，主播你听起来有点肾虚哦？,851,231666,//i1.hdslb.com/bfs/archive/d52f1bf82f33b6e31fff4000f2e5ae49a4ebcb4f.jpg,42322757,BV1bb411k7wE,1549083644,2019/2/2,13:0:44,12:48,2187,6303,16761,1134,19455
【孟鹤堂x五五开】干物妹！盘他,1478,238958,//i0.hdslb.com/bfs/archive/d55dd437de2dbd8655549c7afa110e087d905f96.jpg,42323819,BV1tb411k7CZ,1548999617,2019/2/1,13:40:17,01:29,718,7915,15854,1714,22895
【局】中国式家长隐藏剧情！女儿竟然被闺蜜给？？？,806,561251,//i2.hdslb.com/bfs/archive/6b12a64d9e45d4b3215b6773dcbbeb5004f7be92.jpg,42140568,BV1sb411y7Bu,1548837241,2019/1/30,16:34:1,124:03,8206,6820,10111,970,16140
【痒局长】中国式家长!女主播养成记,1201,366231,//i1.hdslb.com/bfs/archive/e3457be7086111cfc611545b025fe75e01032b31.jpg,42045088,BV19b411C7xD,1548757934,2019/1/29,18:32:14,126:11,8933,4248,5651,1158,13356
笑到头掉！2018年最具沙雕气质游戏盘点,683,149122,//i2.hdslb.com/bfs/archive/a9189dca53e87338c252dfd486910bef969d04e2.jpg,40711407,BV1at411H7Mj,1547717405,2019/1/17,17:30:5,07:24,1083,4741,14047,1027,15707
M762版本暗改 满配后成为新一轮吃鸡神器,694,322132,//i1.hdslb.com/bfs/archive/d5439a5980a598a9cd7ca41ab4dc2d7273819c4e.jpg,40864835,BV17t411p7iz,1547631023,2019/1/16,17:30:23,09:15,1818,2565,8425,876,11706
【六小龄童X卢本伟】电音之王,2591,700092,//i2.hdslb.com/bfs/archive/cf54a6dd049138e33f5eb3d685698b8bd801990a.jpg,40419269,BV1rt411p7dv,1547195412,2019/1/11,16:30:12,02:03,3064,22520,37175,7738,44847
左手686右手AWM 一枪一个韩国小苟苟,607,227815,//i2.hdslb.com/bfs/archive/322c3fee6c5bcc3201f2ff754a197e406890861c.jpg,39742352,BV1Xt411B7e2,1546594230,2019/1/4,17:30:30,12:33,2655,3704,12314,897,14955
【局】谁让我当红！娱乐圈的黑红女王【完结】,6437,958826,//i0.hdslb.com/bfs/archive/99f05df69bf19c1f1de57711514aa6595876301a.jpg,39732828,BV1Dt411B7pU,1546414089,2019/1/2,15:28:9,927:39,72850,14056,17078,2322,19363
【全明星】全部都是你,9410,327530,//i1.hdslb.com/bfs/archive/1c22ce8fb31af1dc1d3d5cb89274ac7d652fa8ff.jpg,38900647,BV1Ut411k79F,1546317054,2019/1/1,12:30:54,01:32,1565,13156,26342,2285,29635
吃鸡雪地地图居然还能这样玩？！土味情话攻击实在太骚,1937,287266,//i1.hdslb.com/bfs/archive/fa1ec0c71ccb8a4f10e8ba7911f0c8533e8bfa6c.jpg,39145769,BV1Vt411r75w,1545998434,2018/12/28,20:0:34,10:57,1870,7341,21009,2205,19803
史上最惨送鸡 看到这一幕的人都哭了,657,188288,//i1.hdslb.com/bfs/archive/a1f47816d420bb7ceab7c439deab17104d725f2c.jpg,38628248,BV1gt411Y7pU,1545381006,2018/12/21,16:30:6,08:28,1612,3195,10286,1019,12936
【局】蜜糖担当!这回是21人女团现代宫斗【全线完结】,3022,548564,//i1.hdslb.com/bfs/archive/efba0a69838a3901747b0c52894b2b1ac571d305.jpg,38180676,BV1xt411i74L,1544847039,2018/12/15,12:10:39,705:51,25415,8618,12039,1463,14894
队友的嘴骗人的鬼！主播网骗竟遇敌台对手 激情在线Rap掰头,784,297857,//i0.hdslb.com/bfs/archive/17940be6b801a6b527a1ef649c29eb7615a2b68b.jpg,38060737,BV1zt411v7v5,1544690288,2018/12/13,16:38:8,10:41,2017,5370,14927,1602,16639
【全明星】要爱爱,4308,266817,//i1.hdslb.com/bfs/archive/a8fda7599a6d16d6a35352762979de7f5a7c4500.jpg,37699804,BV1dt411S7Wu,1544260743,2018/12/8,17:19:3,02:24,1641,11892,26334,2909,25182
主播竟花钱当陪玩？！骚话小哥哥反手老板撩翻路人,4304,272375,//i0.hdslb.com/bfs/archive/27353fcba31d470bd9c4a97e7c75a82998fae424.jpg,37477926,BV14t411Q7ve,1544090736,2018/12/6,18:5:36,12:04,2660,6496,19066,1608,19055
【局】抗韩LYB教你用摩托诱杀韩国主播,689,132682,//i2.hdslb.com/bfs/archive/5a20b2938e485bb39bd76569a4cebebdae2624ae.jpg,36992297,BV16t411Q77b,1543642234,2018/12/1,13:30:34,08:54,1701,3495,11719,618,12242
吃鸡队友自称是韦神？！舔狗脱粉竟是这样的原因！,3911,158068,//i2.hdslb.com/bfs/archive/850f2e90429f5a44a3e9913246dd33a92fac1fd7.jpg,36509635,BV1ft411C7yp,1542876848,2018/11/22,16:54:8,07:10,887,3880,9160,653,11496
【全明星】deja vu,6060,1036417,//i0.hdslb.com/bfs/archive/215beedf6a6ad56faf2223aaa142e21278390fca.jpg,36008832,BV1Bt41127bW,1542271978,2018/11/15,16:52:58,01:26,2022,27629,38898,3877,41928
【痒局长】我的女友在被人追赶【手机竖屏】,6368,118771,//i2.hdslb.com/bfs/archive/b05f13eb68e5120d1832f5d91c77a4aefa6856ed.jpg,35683684,BV1qt411m79T,1541842856,2018/11/10,17:40:56,11:13,2714,5699,16010,1148,13095
当一辈子都得不到的男人爱上触手怪 僵尸末日求生录,8466,128720,//i2.hdslb.com/bfs/archive/974586df95b761487839d61d33af1bdbd9c747b4.jpg,35367130,BV1Eb411A7uo,1541505659,2018/11/6,20:0:59,06:59,1282,4391,14045,773,12301
3000小时告诉你在亚服的宗师局吃一盘鸡需要什么？雷雷雷！,4343,270875,//i0.hdslb.com/bfs/archive/3f575aba708361b58783964f24b8fc2868316791.jpg,35123966,BV1ib411P7Ge,1541154552,2018/11/2,18:29:12,06:50,2124,6829,22926,866,19609
【全明星】快和我一起秒杀吧！,14515,516394,//i0.hdslb.com/bfs/archive/85c8e3ac2332e39902d3ef16f46c33fdb58b01a9.jpg,35005580,BV1ub411P73R,1541001637,2018/11/1,0:0:37,01:26,1636,19157,46622,1783,35402
【局】当吃鸡玩家转战使命召唤15！这并不难嘛,3884,256303,//i2.hdslb.com/bfs/archive/c762f382ca66c8496db1724e1d0363b02427b127.jpg,34704033,BV1jb411N7UG,1540626788,2018/10/27,15:53:8,09:05,1483,8086,26746,551,22199
【天才哥】一口气全念对,1100,665690,//i1.hdslb.com/bfs/archive/9df545fe52bf6536ead1386a212831fe2ee774f4.jpg,34565900,BV1Jt411d7Ru,1540451940,2018/10/25,15:19:0,02:08,1173,13408,20057,2126,22902
钢铁直男教你谈恋爱,733,131412,//i2.hdslb.com/bfs/archive/150043d1c08317eb1879533e786065afe59aa75f.jpg,34088673,BV11t411d7y1,1539857809,2018/10/18,18:16:49,25:50,4194,3732,8694,1624,8954
【全明星】Oh！,1642,561051,//i2.hdslb.com/bfs/archive/d890cf2ca08ad92f5a11a04a23769a8ce85b86a4.jpg,33673947,BV1Qt411f7cz,1539334520,2018/10/12,16:55:20,02:19,1769,17106,29567,2502,28064
【痒局长】这是款都是妹子的萌二塔防,459,112392,//i2.hdslb.com/bfs/archive/1df39f2b929b0d3dcccc0fde608833945ac72d31.jpg,33497141,BV1vW41117ys,1539172806,2018/10/10,20:0:6,13:28,726,962,3506,199,4988
【华农兄弟】我的竹鼠分你一半,3635,1113429,//i2.hdslb.com/bfs/archive/b1d91a92ca26b38595b9fb53af45f8e708abb9f7.jpg,33145670,BV1EW41127nH,1538710412,2018/10/5,11:33:32,02:35,2885,24880,53350,6107,52909
【痒局长】北大忍者养成记,807,467232,//i0.hdslb.com/bfs/archive/7ae1e56e36fffe79189db1b5a28d70860184e130.jpg,32974520,BV1jW411U7WB,1538535648,2018/10/3,11:0:48,97:45,5887,4761,7172,1089,10194
当中国伏地魔遭遇韩国苟苟怪,828,255014,//i1.hdslb.com/bfs/archive/c0812755e43c142bcfdae6284049259c67c7edef.jpg,32891712,BV1rW411m7k7,1538451364,2018/10/2,11:36:4,09:06,3561,6204,14453,873,14727
【痒局长】中国式家长！究极真实之别人家孩子模拟器,1003,391150,//i0.hdslb.com/bfs/archive/7d0dbe4e2e55673c64feb206753a8ba38cb80ada.jpg,32722951,BV1hW411S7xg,1538274635,2018/9/30,10:30:35,33:14,3778,7064,10082,962,13131
【武林外传】李大嘴教你做黑暗料理,994,261057,//i0.hdslb.com/bfs/archive/ec4bd394ae46c3bfb12ac7d446ed5ba9ba987e13.jpg,32241563,BV1zW411r7Rd,1537934442,2018/9/26,12:0:42,01:34,686,3367,8844,473,11284
3000小时LYB教你单人四排堵桥18杀,824,181471,//i1.hdslb.com/bfs/archive/9b2f5e79f2481c837059da6659762d8a8132958e.jpg,32242025,BV1zW411r78s,1537678808,2018/9/23,13:0:8,14:13,2935,6284,14223,642,14128
【局】女寝皆是修罗场 6人寝5个微信群竟然是真的！【全结局·完结】,6131,1386823,//i1.hdslb.com/bfs/archive/0d5e21ce48e1e756f85647833e0593bafe3b2b4f.jpg,31695443,BV1sW411y76C,1536913381,2018/9/14,16:23:1,753:53,106198,29691,44093,9082,34027
【全明星】HandClap：妨碍咱都渣渣,1919,635261,//i1.hdslb.com/bfs/archive/75f18cd62de27cb9785b69f3975847afbd950e72.jpg,31135028,BV1zW411Z7BN,1536311134,2018/9/7,17:5:34,02:06,2989,32469,50583,4999,39971
学会了这套QE摇摆压枪 一百米红点压一个点上,692,225517,//i0.hdslb.com/bfs/archive/bc04febdcd28b94b1df0b7938876dbfcdad6977e.jpg,31199614,BV1EW411d7ao,1536221274,2018/9/6,16:7:54,09:18,1796,7242,11840,432,12096
【痒局长】棉花糖,7853,363915,//i0.hdslb.com/bfs/archive/0f027f02cdd0e270ed2a93aae1650f96721d03ab.jpg,30440124,BV17s411F7JR,1535707230,2018/8/31,17:20:30,03:58,9489,15604,36237,3790,28777
僵尸王又遇洗澡男粉？！广播体操队伍反攻吃鸡！,1150,245276,//i1.hdslb.com/bfs/archive/b94faf047a3060712ff5e41413a0742313f4ff7c.jpg,30616781,BV1ns411c7or,1535531282,2018/8/29,16:28:2,07:38,2110,7605,14664,860,14527
一秒化身卢姥爷！拥有一把满配sks就这么为所欲为,1379,270999,//i0.hdslb.com/bfs/archive/1d3fec51653ffe302a0840e3d1d99c90eda3fc7a.jpg,29950053,BV1vW411Q7ZK,1534932348,2018/8/22,18:5:48,08:06,2353,6463,13207,525,15483
当2500小时的吃鸡玩家打单人四排,1503,285982,//i1.hdslb.com/bfs/archive/49859bc82de2c5fbb6d6e4d9b3e0ae0de6a3fb25.jpg,29641610,BV1hW411X7Tt,1534568701,2018/8/18,13:5:1,11:08,3404,8931,18072,696,15818
【周立波】病名为爱,2525,460384,//i0.hdslb.com/bfs/archive/50c08f3999fb39966a8a2c2def4e53490404e69c.jpg,29494409,BV1iW411R7nz,1534497626,2018/8/17,17:20:26,03:53,5469,10700,23456,2566,20673
男粉Gay爆要我帮忙洗澡澡！僵尸模式在线基情虐粉,1833,399704,//i0.hdslb.com/bfs/archive/7b5368b0ecbc2f04e2ca7bc2f1d3ca1352b86709.jpg,29014995,BV1js411u7hn,1533897960,2018/8/10,18:46:0,07:04,5350,14986,22280,2292,21349
轮到萌妹子们来给你洗脑了！,2009,238600,//i2.hdslb.com/bfs/archive/06006ddafe872ec7f1e9922540aeb6071149015f.jpg,28901942,BV1Cs411M75x,1533816006,2018/8/9,20:0:6,02:02,1534,4892,9316,1156,13032
当中二病患者遇上武侠吃鸡,1833,483895,//i1.hdslb.com/bfs/archive/642857940abae854f581c57f7230254c3afd915b.jpg,28355117,BV1js411373F,1533210062,2018/8/2,19:41:2,12:40,5038,5192,14859,5167,15178
【全明星】BAAM,2971,674371,//i1.hdslb.com/bfs/archive/c3039e7fe018f2b2b83300f5bd56eb91a29f5797.jpg,28094911,BV19s411c7Wd,1533204325,2018/8/2,18:5:25,02:24,3992,16993,33552,3276,27902
【痒局长】垃圾枪？NO！消音M16三连发 被遗忘的吃鸡神器,1475,498324,//i0.hdslb.com/bfs/archive/a655dfc9f16167072e2eacaf238985f442531d30.jpg,28096357,BV19s411c7jz,1532939996,2018/7/30,16:39:56,08:20,5056,2659,9144,646,10742
【痒局长】海岛图最强步枪竟是补偿AK！压枪后似官方外挂,916,185451,//i1.hdslb.com/bfs/archive/bbea5f0f3e0b1477d5665575e9a60365d0d2039d.jpg,27701517,BV1Ls411N7LG,1532599515,2018/7/26,18:5:15,10:11,3024,2890,10488,520,9646
【痒局长】从今天开始学习撩汉子！！,1383,196270,//i1.hdslb.com/bfs/archive/830f691eaa66c48917a9e39df9d7e96fbf24a95c.jpg,26933784,BV1os411J7wt,1531915259,2018/7/18,20:0:59,34:35,10476,2207,6593,850,8505
【痒局长】当你在山头摆满急救包勾引挂哥哥,958,435016,//i0.hdslb.com/bfs/archive/7924832842da026f916490f6d15b21cb27599390.jpg,26637680,BV1Ts411H74A,1531386912,2018/7/12,17:15:12,08:26,2874,5301,15267,1558,14582
【痒局长】18杀！海岛图里没有416屁股,1025,174053,//i1.hdslb.com/bfs/archive/65c78f701efab5bc87c3b2989d7edf4680264dd5.jpg,26185579,BV1es411V7QS,1530781827,2018/7/5,17:10:27,15:00,3659,2474,10590,666,8225
【全明星】bboom bboom,5758,2731178,//i1.hdslb.com/bfs/archive/161f00d3f54fd8d602e8d34ef2e19a6f8ee6014c.jpg,25308588,BV1Ms41177ra,1530178224,2018/6/28,17:30:24,02:33,25423,105274,132495,33018,88621
【痒局长】如果你的台湾队友因为太丑而失恋,1510,252342,//i0.hdslb.com/bfs/archive/b1ef90a16e08ff679546a203ffec00100966252c.jpg,25433446,BV1Ts411L7GD,1529736578,2018/6/23,14:49:38,08:30,4891,4589,13571,7430,10621
【痒局长】六分钟让你精通斗地主,1147,306721,//i0.hdslb.com/bfs/archive/d1a12d4b72dad98e5f81fa274ea735e68aec90cc.jpg,25199182,BV1qs411j7w7,1529488842,2018/6/20,18:0:42,06:22,2178,4689,17922,1019,10528
【痒局长】操！Misao【日式恐怖RPG】（完结）,901,183607,//i2.hdslb.com/bfs/archive/089393456fc78a38c8d54bf323ca43ed36cb6463.jpg,25111414,BV1vW411c7kA,1529289221,2018/6/18,10:33:41,174:44,11799,2884,6761,585,6835
【痒局长】如果你的男嘉宾是啵嘴怪,862,224319,//i2.hdslb.com/bfs/archive/86464860f6047805f0650672d93e9987bcb8e576.jpg,24883213,BV1TW411A7fM,1528969916,2018/6/14,17:51:56,13:35,4792,2866,11225,1466,8076
【你画我猜】谁才是你的好爸爸？！【狮局可逗玟】,1125,224866,//i1.hdslb.com/bfs/archive/8a6fc5bec9432615d0abb3ab8fc5a83bcf72f893.jpg,24569265,BV1wW411P7PC,1528521030,2018/6/9,13:10:30,21:38,4692,3554,8389,500,8523
【王境泽】醉拳,2737,1410846,//i0.hdslb.com/bfs/archive/039b3b98076012c1ede8e6b02a96587708fe9eff.jpg,24372437,BV1kW411N7pp,1528365611,2018/6/7,18:0:11,01:40,4330,33223,44799,12625,29638
【痒局长】和三个表面兄弟一起吃鸡是什么体验？,727,329434,//i1.hdslb.com/bfs/archive/a7ff73d3aae20f2929882821d0bea41df227f433.jpg,24144581,BV1aW411P7AP,1527676123,2018/5/30,18:28:43,08:40,2573,2492,8181,1087,7109
【痒局长】《底特律：变人》二周目（HE）+三周目（爽到路线）【完结】,1464,428617,//i0.hdslb.com/bfs/archive/fd9556b3e32450f9f7263519aed126fee9738e53.jpg,23989731,BV1Sp411R7vb,1527393058,2018/5/27,11:50:58,869:03,25205,6796,8372,1334,5883
【痒局长】当你逃课吃鸡偶遇教导主任,755,374430,//i1.hdslb.com/bfs/archive/8fa0bedf4f6bd1548ccf6c621b7badc04bfb667f.jpg,23808938,BV1xp411o7iT,1527156011,2018/5/24,18:0:11,08:14,2619,4463,10455,834,9117
吃鸡终极大杀器！这四分半钟都是大菠萝,588,125754,//i1.hdslb.com/bfs/archive/42d388353d34e99da4896a420ea9a155a3fe9296.jpg,23598587,BV1ap411d7HQ,1526898614,2018/5/21,18:30:14,04:42,596,1012,4624,411,4608
【王境泽】北斗神拳,1866,629785,//i0.hdslb.com/bfs/archive/e6825169b2a23ccbd027a49564b23293b83c1fe7.jpg,23597648,BV1ap411d722,1526706018,2018/5/19,13:0:18,01:40,1511,11504,17505,3404,13793
【痒局长】鸡同鸭讲⑤：我山鸡哥今天便是要喷遍江湖！,674,207058,//i0.hdslb.com/bfs/archive/b9aa6c35cc628e69011a1b4acc5cbb726c295af3.jpg,23487984,BV1bp411Z7i2,1526464814,2018/5/16,18:0:14,13:02,2833,4159,13841,1148,8717
蓝洞官方无后座！这三分半钟全是DP28,992,196635,//i0.hdslb.com/bfs/archive/8efbf60162c4f50e2e13fa2c1103ddd57b540545.jpg,23313830,BV1xW411F7Li,1526097941,2018/5/12,12:5:41,03:31,719,1442,6310,772,5408
【面筋哥】老男孩（赠吟游诗人）,2236,540007,//i2.hdslb.com/bfs/archive/2abdbe0b9fe1b367b5dbaffd38d58c68bb4f59e9.jpg,23114184,BV1xp411f7ro,1525679624,2018/5/7,15:53:44,04:58,3496,18196,31601,3488,17939
【梦想四巨头】Nobody,1928,711836,//i0.hdslb.com/bfs/archive/49f01600060a32c1f3f31fc74acf04b7111965a7.jpg,22876499,BV1zW41137pG,1525341613,2018/5/3,18:0:13,01:55,2986,31183,42215,10944,27401
【痒局长】用爱发电？！No！做一个游戏主播居然需要花这么多钱！,2048,288897,//i1.hdslb.com/bfs/archive/53cbfda3619d3f8428c249ba910cf6327a347df2.jpg,22763266,BV1vW411V7LX,1525066241,2018/4/30,13:30:41,05:26,4335,7834,21958,1571,13305
社会加特林！在堡垒之夜里没有什么是用机关枪解决不了的事,480,89562,//i1.hdslb.com/bfs/archive/cab69928bef8afda1cf3863a21b6843b30ef90e9.jpg,22662768,BV1AW411V7TD,1524888346,2018/4/28,12:5:46,09:56,552,947,3460,244,4164
【义结筋澜】好汉歌,2037,430621,//i2.hdslb.com/bfs/archive/d373022a3155a79b1b6db65e794fa3bca9031bf9.jpg,22301500,BV19W411V7V2,1524216609,2018/4/20,17:30:9,01:50,2010,14679,25805,4274,17468
【痒局长】鸡同鸭讲第④期：震惊！博尔特居然也玩吃鸡！！,908,277087,//i1.hdslb.com/bfs/archive/852467d0b0426490298609e5aaa06a533972dad2.jpg,22245141,BV1jW411j7C4,1524130214,2018/4/19,17:30:14,11:51,3370,10445,14988,1688,15601
【新·全明星】你家的电瓶车是白拿的吗,3755,1663080,//i1.hdslb.com/bfs/archive/8016fdd971baa96636603b7c0a05dbe82696ae5d.jpg,21981776,BV1XW411K74t,1523527218,2018/4/12,18:0:18,02:24,19184,78888,112924,24578,64186
【痒花恒阳】丧病八排！四主播争当姐夫 13岁正太初识基味,1812,344832,//i0.hdslb.com/bfs/archive/0c02bc9bb13c203f6f3420f550b78bf7a863dd21.jpg,21786788,BV19W411N76e,1523091281,2018/4/7,16:54:41,13:00,4441,21552,23806,3411,21018
【痒局长】4X4新地图Savage七杀吃鸡速报 一百万个主播好难打！,960,214356,//i0.hdslb.com/bfs/archive/41e21166e05ff31a68a506b93366022f60f7878c.jpg,21596832,BV11W411T7vL,1522761011,2018/4/3,21:10:11,24:36,3700,8459,8357,959,13289
【痒局长】喜当妈！！,1286,219048,//i1.hdslb.com/bfs/archive/4972934541f362f63858290c4515b367727b8115.jpg,21472916,BV1SW411u73f,1522555243,2018/4/1,12:0:43,06:32,1883,9370,10537,455,14372
【面筋哥】烤上假面筋！,4168,1582986,//i0.hdslb.com/bfs/archive/9ec5195dc8c1995de6f0fc0afe4e74b7c8dece48.jpg,21301515,BV1dW411M7CP,1522231227,2018/3/28,18:0:27,01:50,6434,51327,59874,19402,43840
【痒局长】日本九州旅行vlog：第一次出国是什么体验？,968,131449,//i1.hdslb.com/bfs/archive/c0c23b37ea834e6b53c7eeebc96a92e3a922fd86.jpg,21254232,BV1YW411M7ND,1522059021,2018/3/26,18:10:21,14:58,3402,9133,8202,385,12169
【痒局长X狮子】老年up童年系列②：是男人就应该打飞机和开坦克！,1319,159059,//i2.hdslb.com/bfs/archive/2a8c117a3bfc48b3efd33560df04a0a810b0e6f1.jpg,21148799,BV1DW411g7yw,1521867627,2018/3/24,13:0:27,11:58,1725,12047,9984,267,13940
【五五开】听飞飞的话,5577,1911547,//i1.hdslb.com/bfs/archive/6aeb75ac44b140bfdcc995361131585b08b54e71.jpg,20751550,BV15W411p7Qf,1521109847,2018/3/15,18:30:47,03:02,7962,49933,64151,14363,39919
【痒局长】鸡同鸭讲（三）：人最重要的是有信痒！,1610,227204,//i2.hdslb.com/bfs/archive/19473dea185785904c1a381479160e07d422cac2.jpg,19499811,BV1hW411E7Kq,1518753656,2018/2/16,12:0:56,12:30,5367,4710,21345,1474,10296
【全明星】咔咔就是fa,2288,196679,//i2.hdslb.com/bfs/archive/eb96c7e83b80cf7e50d2ba593ea0fb175b8c1b9b.jpg,19448077,BV1KW411E7GK,1518436837,2018/2/12,20:0:37,02:51,1486,3139,10312,807,7927
【痒局长X两仪滚】比利贞德十人乱斗！这是一场哲学的灵魂对决,852,128017,//i2.hdslb.com/bfs/archive/03edef56bb497068de2363d6aa7115ac66128355.jpg,18926787,BV12W411n7F9,1517587210,2018/2/3,0:0:10,10:43,1080,834,3179,476,3486
【痒局长】女孩裙下究竟有什么？！八人一败涂地,1197,227810,//i0.hdslb.com/bfs/archive/491364b77295b08fd75a70fd11d106c59a81dcb8.jpg,18733208,BV1VW411e7HH,1516957248,2018/1/26,17:0:48,23:52,3877,4303,8185,2564,5913
【痒局长】单人双排20杀 轰炸机1杀队友,872,136809,//i1.hdslb.com/bfs/archive/398f3b090b150a22b5c3fb34e20550345b1cc559.jpg,18714450,BV1jW411e7Zc,1516871633,2018/1/25,17:13:53,33:03,6863,1664,6951,697,4420
【痒局长】我金木研作为东京吃鸡鬼再也不洗海带了,640,98474,//i0.hdslb.com/bfs/archive/5ec836258beba662814aab2eebb03a09d3315693.jpg,18568249,BV1PW411i7Qp,1516708835,2018/1/23,20:0:35,11:32,1318,753,2618,290,3030
【痒局长】鸡同鸭讲（二）：兄弟为何反目成仇？！,1528,297385,//i0.hdslb.com/bfs/archive/8d1e6ffb8d3b2c6b3b78a569b7a9db0121a469ab.jpg,18403186,BV1GW411v7aX,1516269618,2018/1/18,18:0:18,12:49,5033,6152,20027,1980,8665
【痒局长】真实养猪！我与我爱抖露女友的温馨日常,2057,176333,//i2.hdslb.com/bfs/archive/cdd4f541bbfc36c08fcb4407d9cc6149cfd2b399.jpg,18290952,BV18W411q7xN,1515899543,2018/1/14,11:12:23,58:21,6934,1755,4790,384,4498
灌篮高手：兄想大声说爱你,1889,397793,//i2.hdslb.com/bfs/archive/ab3f8967efe74c0f2403b48a7f0f7a9f0ed2c028.jpg,18227405,BV13W411q7Bs,1515746510,2018/1/12,16:41:50,01:54,1619,8359,12415,3649,7190
【痒局长】众up主沉迷喜爱服背后的原因是......,1265,181657,//i2.hdslb.com/bfs/archive/79997f1033c07796565f69b4e5954dfa3bca408a.jpg,17978102,BV1xW411B7BL,1515211203,2018/1/6,12:0:3,12:48,1408,1777,4905,294,4228
【痒局长】我的女朋友他不听我的使唤了！！！,1033,249129,//i1.hdslb.com/bfs/archive/f45d61df5acd688a37fad31b5384b4aba31cf97e.jpg,17739938,BV1JW411b7PH,1514542936,2017/12/29,18:22:16,09:30,2378,3181,9984,1243,5742
【痒局长】鸡同鸭讲（一）：一年的记忆是怎么失去的,1432,304776,//i2.hdslb.com/bfs/archive/b8ab403ac2a90de3265917d40e7aabda25c1c215.jpg,17447968,BV1bW41187pW,1513850406,2017/12/21,18:0:6,09:02,4614,7348,32568,1611,9517
【痒局长】跟四个男人同时谈恋爱是什么体验,1981,401948,//i0.hdslb.com/bfs/archive/d1cc5d19dab9d2f770edece87ea3a8f1c7e209d3.jpg,17028574,BV1YW411Y718,1512907210,2017/12/10,20:0:10,49:09,12217,6395,11765,1879,7218
【痒局长】新地图第一盘的第一只鸡！轻松11杀,1380,228350,//i0.hdslb.com/bfs/archive/7f7505538ccdb0789e1f2f8080d0cf0bc3ec0bcc.jpg,17067163,BV1AW411h73d,1512738501,2017/12/8,21:8:21,32:29,4437,1912,10989,1162,5519
【全明星】诸葛大侠,1977,345078,//i0.hdslb.com/bfs/archive/0cf17eadbf51b0b1d610603a8fd2db15f73428d8.jpg,16948129,BV1EW411Y7w5,1512561654,2017/12/6,20:0:54,02:01,1821,7360,11879,1527,6653
【痒局长】《我和她的世界末日》,4039,591999,//i1.hdslb.com/bfs/archive/f07acdf891ed33c51ffd044ff01056342f52b48b.jpg,16654844,BV15x41157YU,1511600933,2017/11/25,17:8:53,290:43,42725,10203,12412,1503,9107
【痒局长】掘地求生：从入门到放弃,2096,557291,//i2.hdslb.com/bfs/archive/657e46ab8d2acdee4849b424c112914ec4f059dd.jpg,16481921,BV1Dx411L7bd,1511082515,2017/11/19,17:8:35,18:56,10251,4140,8907,4371,6109
【局长KB】火影忍者仙人鸣人！这是蛤的力量,868,128006,//i2.hdslb.com/bfs/archive/0148c6dbfb20fe1e066e1b028543a71f6d92da55.jpg,16398951,BV1ix411L7GS,1510914642,2017/11/17,18:30:42,10:15,1353,685,2387,205,2341
【全明星】嘟嘟寂寞时应该干什么,1964,297612,//i0.hdslb.com/bfs/archive/b49436d7208b4339a65b43427b6e3bf52febf239.jpg,16329406,BV15x411L7b2,1510747217,2017/11/15,20:0:17,02:10,1523,4853,10363,1236,5425
【局长KB】双排17杀。认真起来杀人像割草,794,159993,//i0.hdslb.com/bfs/archive/32c53f2cf68b02b6753ab68c51f8850d0a5c7578.jpg,16159422,BV1Nx41177wN,1510211222,2017/11/9,15:7:2,30:51,2973,1884,5172,657,3386
【痒局长】吃鸡时如何利用手雷制裁外挂,1093,169490,//i1.hdslb.com/bfs/archive/b2c9e5e4bd5962a6bcfab98f26c37d53cb1dd500.jpg,15763466,BV1Cx41177AA,1509082573,2017/10/27,13:36:13,02:21,1910,1389,9380,932,3522
【乌局K菊】没有人能在水城杀死城主,1311,181143,//i2.hdslb.com/bfs/archive/29511e024f465947cf388f1019dc45c8dfd71e1c.jpg,15382183,BV1Wx411g7a4,1507978259,2017/10/14,18:50:59,30:14,4277,1402,6006,831,2733
【痒局长】白色情人节：恐怖学校【完结】,3081,396862,//i1.hdslb.com/bfs/archive/7d9497d452a9feaaf33a02aef9483a84bc61ee99.jpg,15341089,BV13x411g7Ws,1507885503,2017/10/13,17:5:3,362:35,43678,6971,11267,1551,3938
【痒局长】吃鸡单人四排捡到15倍镜AWM真的可以为所欲为,1744,499767,//i0.hdslb.com/bfs/archive/a5410613bea9afedf46db71b86dc1e7e3bd2ebdc.jpg,15258872,BV1ix411u7N8,1507608337,2017/10/10,12:5:37,32:43,7506,3288,12766,3342,4891
【兄贵】千年♂Dark一回,2485,555357,//i0.hdslb.com/bfs/archive/a72d68c81b7a175bd260fd5eb59fb155f299a564.jpg,14898540,BV1Tx411V71y,1506679137,2017/9/29,17:58:57,02:11,2979,12657,16823,5684,4728
【痒局长】萌二和社会人是聊不来的！,1086,176169,//i0.hdslb.com/bfs/archive/560304edc252b1ea31c7966d2fecb179ddf096b4.jpg,14864935,BV1Zx411G7xw,1506600020,2017/9/28,20:0:20,23:44,2123,827,3036,335,1970
【E局K菊】TK恒恒后独挑大梁，单人灭两队吃鸡,804,153601,//i0.hdslb.com/bfs/archive/76ae83d840c11e67789bcad6e8700d355c22c5aa.jpg,14681774,BV13x411G7wN,1506067559,2017/9/22,16:5:59,32:37,4132,1811,5140,754,2079
【痒局长】我以为我很帅，结果被小学生嘲讽,1357,215565,//i2.hdslb.com/bfs/archive/f5b0f9c2fe3dc55c60d066dbe29ce4416cb90570.jpg,14453292,BV1xx411s7Du,1505404842,2017/9/15,0:0:42,30:23,9173,1374,4098,1915,1312
【四大欠王】今夜暴打皇室战争,2728,259785,//i2.hdslb.com/bfs/archive/01f6ba30e2174a36e3a87a78102deb42be7d265c.jpg,14219061,BV11x411x7dg,1504699233,2017/9/6,20:0:33,24:44,3637,3793,5798,713,2005
【局长KB】妹控14，双人27杀吃鸡，莽爆,1996,175878,//i0.hdslb.com/bfs/archive/4b1a8c5d8a7f87ab00acdaab7c061c39601d9bfd.jpg,13658752,BV1Lx411b7Wx,1503389149,2017/8/22,16:5:49,32:47,5351,1522,4748,862,727
【痒局长】队友死光怎么吃鸡？当然是我要打十个！,1904,171561,//i0.hdslb.com/bfs/archive/f2c78c3651fcbf68a27aefbe7c9c4cc03c0059a7.jpg,13458598,BV1ux411J7C2,1502942744,2017/8/17,12:5:44,03:16,2535,1444,6648,1144,846
【痒局长】神代梦华谭试玩,1194,179114,//i0.hdslb.com/bfs/archive/b5ce0c3f844f11d789e64b5da3706f57bf5820b2.jpg,13101863,BV1Cx411p7P1,1502294416,2017/8/10,0:0:16,48:59,3681,597,1985,359,251
张一山和全明星的魔性世界,1823,148613,//i1.hdslb.com/bfs/archive/37ac0e8bb390e6b86e59bbfb6d9df2022d340a3e.jpg,12849155,BV1ix411H7RE,1501848059,2017/8/4,20:0:59,02:45,1481,1382,4916,626,426
【痒局长】小小梦魇DLC—游泳教练,1036,69538,//i2.hdslb.com/bfs/archive/7dd9e6a3c47616aa89e7abf72e14f70ca341cc6a.jpg,12520411,BV1cx411q7od,1500859641,2017/7/24,9:27:21,40:05,3805,932,2567,214,408
【痒局长】纪念碑谷2【完结】,1575,206834,//i0.hdslb.com/bfs/archive/41b33c633c1841e526c6d52d1d62ae9b65391ddd.jpg,11211667,BV1wx411Y7cd,1497071540,2017/6/10,13:12:20,82:51,8218,4745,3706,741,966
炎炎夏日大家都在啪啪啪的原因是因为没有……,1487,310503,//i2.hdslb.com/bfs/archive/6b4c71b73eed8a4feaac6d528ed65767f54958c8.jpg,11094536,BV15x411a7JB,1496678412,2017/6/6,0:0:12,01:57,1715,2263,3734,691,202
【兄贵】盯♂裆♂猫 BOY A梦,1966,683569,//i2.hdslb.com/bfs/archive/39f8193ab0b995980818247534a0415f042f3e8f.jpg,10996329,BV1sx411e7oq,1496318938,2017/6/1,20:8:58,01:14,2630,20293,18672,8971,2439
【痒局长】在碧蓝航线上石乐志！648？氪！建！买！等一个光辉！,1389,184001,//i2.hdslb.com/bfs/archive/a2f18f2aeac522443cdeb040eee94160779cf1f9.jpg,10838786,BV1Bx411Y7px,1495814457,2017/5/27,0:0:57,70:02,10589,1516,2576,861,174
【痒局长】刚好遇见你,5109,431978,//i1.hdslb.com/bfs/archive/7a5430fe73fa9ba06e7c9f032af1b6e850d43af8.jpg,10669309,BV1sx411v79h,1495189858,2017/5/19,18:30:58,03:24,5592,10694,21245,1825,4010
扭♂尻♂歌,1683,313202,//i0.hdslb.com/bfs/archive/191b3be9a3da634635c3238277a80f270d95e01d.jpg,10501703,BV1Cx411e799,1494582251,2017/5/12,17:44:11,01:30,1445,4806,6399,1479,686
【鸽聚社】风暴英雄2.0守望阵容！等一个阿贡！,818,103771,//i0.hdslb.com/bfs/archive/003712e1513327868589a50af9dd414fc6cb75e6.jpg,10285478,BV1Rx41127dR,1493828695,2017/5/4,0:24:55,26:42,1443,443,1069,146,88
【痒局长】妙脆角传火记《小小梦魇》【完结】,1221,170620,//i1.hdslb.com/bfs/archive/6c6a29467ab22d5fb7f129c85aceafe16e9a6900.jpg,10264710,BV1fx411278U,1493725688,2017/5/2,19:48:8,187:44,14627,2959,2989,772,688
【痒局长】《逃生2正式版》【完结】,1757,217503,//i2.hdslb.com/bfs/archive/faa330aa86456458d76db9b900ae7410be84690b.jpg,10090856,BV1vx411U713,1493115058,2017/4/25,18:10:58,329:54,15959,3626,3491,556,370
【痒局长】硬刚12杀，大鸡大利晚上吃辣鸡！《绝地求生大逃杀》,985,118365,//i0.hdslb.com/bfs/archive/d9412a3f1d70176627fd08fe25ede5d7879073e9.jpg,10010287,BV1Jx411U79s,1492841068,2017/4/22,14:4:28,18:47,2666,887,2660,438,282
震惊！某国产手游竟对妙蛙种子痛下如此杀手？,1077,110823,//i2.hdslb.com/bfs/archive/bd1c104e92d24f7898dd4ca4743c979d0aae5d19.jpg,9972880,BV1Mx411U727,1492689252,2017/4/20,19:54:12,07:05,1573,664,1429,240,119
【痒局长】深海处男竟被鬼畜初音吓到开腔唱歌,1174,157049,//i0.hdslb.com/bfs/archive/c9c726268ddac0586e57a6a3d8786782002eeee2.jpg,9941688,BV1kx411D7gi,1492570143,2017/4/19,10:49:3,14:31,3862,1970,2003,369,223
【四大欠王】震惊！妻子被捉奸在床，丈夫竟然为了狗大打出手！,4476,623935,//i0.hdslb.com/bfs/archive/2c523603e7d36fbf89d924d1b50696ca646f3d08.jpg,9687997,BV1Rx411Q7XP,1491621981,2017/4/8,11:26:21,18:50,10473,10046,11980,2053,1862
【全明星】不变的鬼畜【土嗨N部曲】,2127,503515,//i1.hdslb.com/bfs/archive/b629aff031f230e85489f169fa3937d6f7e87fc7.jpg,9507168,BV1ux411Q7RH,1490951032,2017/3/31,17:3:52,03:11,4536,14595,19909,2772,2704
痒局长【黑暗之魂3环印城DLC】全流程+全收集实况攻略【完结】,476,186322,//i2.hdslb.com/bfs/archive/55f83cc4298795c9f9530c005587a2b5beaaac0d.jpg,9461131,BV1Cx411D7qM,1490752255,2017/3/29,9:50:55,190:43,4348,2318,1881,202,538
【Deceit欺诈】人生如戏全靠演技,889,142807,//i2.hdslb.com/bfs/archive/4ed17f350e2aa0b42de82c1faf22349f92d62004.jpg,9299408,BV1Qx411r7uk,1490071670,2017/3/21,12:47:50,23:39,1409,1414,1793,1319,392
【兄贵】加勒比海盗6预告：无尽的黑♂暗,1231,265289,//i2.hdslb.com/bfs/archive/8d94cc60388c0c949b2135e70f18da76764ff392.jpg,9075023,BV1px411C72C,1489141320,2017/3/10,18:22:0,03:59,1409,5730,5907,1400,634
【生化危机7DLC】伊森必须死攻略+卧室+女儿们,782,116746,//i1.hdslb.com/bfs/archive/ef4c4c485babf365c298f14e66f7c720c66a98e2.jpg,8817761,BV1Rx411y77q,1487996633,2017/2/25,12:23:53,92:21,3823,1389,1830,164,296
鬼畜老up还能怕这游戏？,1338,222429,//i0.hdslb.com/bfs/archive/6378cc961a13a29682a4acfd3254ee90ea2b1788.jpg,8743091,BV1Hx411y7RC,1487649420,2017/2/21,11:57:0,09:25,4360,2281,2922,537,252
在游戏中变成胖次是一种什么样的体验,1614,217110,//i1.hdslb.com/bfs/archive/572da572a6246c5c71d9b46fa5d8eebdc6d6012a.png,8409780,BV1Hx41117Ru,1486263289,2017/2/5,10:54:49,18:11,3542,2122,1669,530,151
【痒局长】生化危机7-剧情流程实况-全收集攻略【完结】,1595,221862,//i2.hdslb.com/bfs/archive/5b6f87fb3cfbf2d8429f47f1a41366f57f753d9b.png,8338968,BV1vs41187SJ,1485952025,2017/2/1,20:27:5,295:55,14898,3566,3779,488,805
【哲学】名侦探柯南剧场版预告：工藤新一的消失,2103,654004,//i0.hdslb.com/bfs/archive/ad5bdaa8d254886aa10befe19bebb422238b762d.jpg,8230288,BV1As411876c,1485411087,2017/1/26,14:11:27,03:03,2567,15425,10899,5863,1373
【痒局长】教你成为守望先锋sala大魔王,929,108595,//i2.hdslb.com/bfs/archive/04945b32436a2430807702785a1bc145e593a690.jpg,8026162,BV1hs411h7eT,1484478464,2017/1/15,19:7:44,21:57,1545,1090,2031,231,97
【哲学】神探VAN洛克,1585,356514,//i1.hdslb.com/bfs/archive/1c3011a9de6ed3b9a8525f12c08cc84866ce1238.jpg,7943819,BV1js411h7Hh,1484047490,2017/1/10,19:24:50,03:10,1450,5878,5955,1270,424
你画我瞎其实是个心机婊游戏,1721,316154,//i2.hdslb.com/bfs/archive/08d84293ac1498c829b86747b4f062e757411024.jpg,7905271,BV1As411h7Bm,1483842368,2017/1/8,10:26:8,25:37,6902,2437,2576,262,289
【局长/可儿】泰国高分恐怖游戏【Araya】【完结】,1690,230152,//i2.hdslb.com/bfs/archive/d01bd75a7fa9041109de8997c320594b59d138b6.jpg,7669527,BV1Ys411a7yd,1482553455,2016/12/24,12:24:15,193:02,14701,3382,3768,880,824
【王朗/诸葛】你那么爱他,1596,250173,//i0.hdslb.com/bfs/archive/e544cdc9c8ef0eee81c6c431bf3f5554a1450585.jpg,7630348,BV1gs411a7uV,1482314855,2016/12/21,18:7:35,03:58,1977,4000,8554,946,511
【可儿/局长】马蓉出轨怎么想都是王宝强的错！,1186,166880,//i2.hdslb.com/bfs/archive/fb04a41e0c8bf9dddebccb91fcd32cbb4073e027.jpg,7437263,BV1Xs411Y7KG,1481192863,2016/12/8,18:27:43,24:29,5099,1077,1548,325,167
【王朗/孔明】不得不爱,2644,556679,//i2.hdslb.com/bfs/archive/c8964426e49554daed3bcdda9cb8106786bd0050.jpg,7248993,BV1Fs411s7m5,1480072283,2016/11/25,19:11:23,04:40,7129,16644,24016,4979,1793
【痒局长】PRICE！恐怖解谜游戏,1600,169127,//i1.hdslb.com/bfs/archive/75a380f4f561f4c6f21b20d39899ddc4595baba2.jpg,7003935,BV1js411x7P9,1478520978,2016/11/7,20:16:18,69:12,8899,5529,3231,494,239
【香菇哥】情深深蓝瘦瘦,3388,977414,//i0.hdslb.com/bfs/archive/f8d661d5e08500b0a05b372826580a04c2f243b0.jpg,6647743,BV1Ts41147Zr,1476266340,2016/10/12,17:59:0,01:29,7046,14322,21926,11517,522
【王朗/孔明】菊花爆满山,4084,534981,//i1.hdslb.com/bfs/archive/7bf69334552913a2fcc32ebcdbd01d5fde2d5497.jpg,6551347,BV1ns411b7t4,1475664194,2016/10/5,18:43:14,04:07,10279,14996,16241,3690,1252
真男人打架就得用拳头！,1492,134455,//i2.hdslb.com/bfs/archive/e619d839bd7ad043fb08681743adf0cb8bd601c1.jpg,6473278,BV1os411t7L3,1475239969,2016/9/30,20:52:49,29:50,2101,1131,1292,95,116
【四大欠王】超级鸡马,3286,399731,//i2.hdslb.com/bfs/archive/57842a056d548159e7b4cb921db7b24f66f3c201.jpg,6289459,BV1xs411r7jP,1473933694,2016/9/15,18:1:34,19:41,6525,6216,5681,1438,1528
【司徒x孔明】今天你要嫁给我,2888,514617,//i1.hdslb.com/bfs/archive/634b067866d27b275877493ddfdcf08fec832030.jpg,6213818,BV1As411r7RX,1473418674,2016/9/9,18:57:54,04:29,9930,14802,19047,5198,1426
【痒局长】纪念碑谷-被遗忘的海岸,1949,132281,//i2.hdslb.com/bfs/archive/542ae33339d03a06a8140fbfd7e2d82efd448ef5.jpg,6080524,BV1Hs41167gT,1472528805,2016/8/30,11:46:45,46:45,4494,2982,1592,180,609
【罗家英】士力架运动吐槽装鬼畜单曲,2064,142046,//i2.hdslb.com/bfs/archive/46bbd5320c4a43d9262e49b9dbf8726ea53dd470.jpg,6003199,BV1Us411k7zP,1472113133,2016/8/25,16:18:53,01:40,7369,1395,2438,219,111
【痒局长】纪念碑谷-艾达的梦,2363,146238,//i1.hdslb.com/bfs/archive/b8307093d7e5a26a905ed83e2923146b759b62d5.jpg,5930462,BV1Ls411k76y,1471751822,2016/8/21,11:57:2,19:04,2973,3126,1638,141,405
【局长】纪念碑谷-智商下限【正篇完结】,3087,350266,//i2.hdslb.com/bfs/archive/16456c4d6e9f698d71e9e89d855beae85059571a.jpg,5867248,BV1Ts411k7D2,1471427464,2016/8/17,17:51:4,68:25,16728,6919,3261,677,1438
【全明星】伤不起,4778,703432,//i1.hdslb.com/bfs/archive/2ff936e565679b8daf00f8f8373c257af6591cc4.jpg,5594056,BV15s411C7uc,1470030775,2016/8/1,13:52:55,03:44,14924,20236,22362,7286,4036
【局长/可儿】榴莲披萨有点甜。。。,2624,411620,//i2.hdslb.com/bfs/archive/cdca820a6cb7ee58babf9b7b670e77a30cf03aa2.jpg,5251969,BV1Hs411y7E4,1467974526,2016/7/8,18:42:6,12:38,8068,3721,3428,485,144
【金坷垃】Re：从零开始的肥世界生活 OVA,4633,1135528,//i2.hdslb.com/bfs/archive/ed03a14dbe365965258fe886e466ece70f09b54f.jpg,5087503,BV14s411v7dY,1466836158,2016/6/25,14:29:18,04:52,22150,42478,39440,13195,6300
【痒局长】五个源氏弟弟和他们的好哥哥在一起要要,1536,261591,//i0.hdslb.com/bfs/archive/9c2aa239ae5ef6dbdb6009d617840ca779dd0645.jpg,5011581,BV1Xs411e7Hj,1466237396,2016/6/18,16:9:56,08:58,2692,2037,1509,424,94
【痒局长】偷完对面菊花就跑真刺激,1338,190408,//i0.hdslb.com/bfs/archive/ba3ad787a1c4ea8574bc94f706d587f154dad02d.jpg,4980282,BV1Ws411q7Jo,1465977280,2016/6/15,15:54:40,22:21,2534,1149,1291,190,93
鬼畜区内战：12个DJ在这停顿,1799,466048,//i0.hdslb.com/bfs/archive/40ba1e4543203d4098a9176d2e727d65a19ab1f9.jpg,4905477,BV1cs411q7Cp,1465383717,2016/6/8,19:1:57,20:00,5040,2897,2488,717,146
【痒局长】惊了！这个恐怖游戏居然没有退出键！,1666,357202,//i2.hdslb.com/bfs/archive/ab74ed9e9e7b72610aa6952d10908f4ba6948fbe.jpg,4833113,BV1Us411i77n,1464776912,2016/6/1,18:28:32,06:00,4643,3110,3413,505,146
【黄绿合战-黄队】世界第一坷垃恋,3153,280244,//i1.hdslb.com/bfs/archive/d4ff6fba244cf7050f5eb2de0225c6a2b6d62fa4.jpg,4688367,BV11s411B7zY,1463712940,2016/5/20,10:55:40,03:08,5447,7071,9389,1428,1850
【全明星】就这个调调,4356,1745263,//i2.hdslb.com/bfs/archive/83872dc7a09dc55f900ffc775103eb566261bdf2.jpg,4639048,BV1ns411B7J2,1463130914,2016/5/13,17:15:14,03:26,32471,60226,50907,12145,8230
【痒局长】三分钟教你P图黑网红,2946,315236,//i2.hdslb.com/bfs/archive/7911009cbad63237821c6a0887eb2a4eb22c6551.jpg,4521218,BV1Cs411q7yJ,1462074167,2016/5/1,11:42:47,02:55,5866,6473,8998,1611,487
【全明星】PY买卖【合作】,3180,821276,//i0.hdslb.com/bfs/archive/9320bbe7956a382aaf900bfac52bef6f37bab246.jpg,4435821,BV1Ms411679d,1461314096,2016/4/22,16:34:56,03:33,11088,22875,20354,5489,508
【柚痒路石】陆家嘴第一届鸭王争霸赛,1475,182230,//i0.hdslb.com/bfs/archive/42451a9356e9ab9cf3a68f87c71c906fc7b90504.jpg,4410615,BV1Ds411z7vq,1461047475,2016/4/19,14:31:15,16:57,3070,1720,1528,226,128
【局长/粽子】吴克儿子和智障爸比,1789,122249,//i1.hdslb.com/bfs/archive/9783a7620025b43e839a9998237a6570ac443fd4.jpg,4368802,BV1Us411z7Y2,1460691591,2016/4/15,11:39:51,22:57,6065,1888,2103,697,106
【痒局长】冠希哥勇闯巨山精神病院 【正传完结】,3372,325955,//i2.hdslb.com/bfs/archive/0e0fd4061a2b163cb9ff212beb9c7bd29bfeff4a.jpg,4250520,BV1ws411z7Bk,1459575996,2016/4/2,13:46:36,32:38,49515,4449,4166,1057,411
【全明星】吴克丽丽,2392,518936,//i2.hdslb.com/bfs/archive/b29286cf6ea9cf46c741a6510e17bb68efc90ad3.jpg,4168562,BV1Vs411X7JL,1458720508,2016/3/23,16:8:28,03:00,5580,13339,13869,2808,398
【哦A碧池】如果我是DJ你会爱我吗,4864,650472,//i0.hdslb.com/bfs/archive/af8a6a66df19d55b0326ec9d04ac65d801d89d86.jpg,4125368,BV1Ds411Q7R2,1458291719,2016/3/18,17:1:59,03:39,19644,15406,14348,2816,1791
【全明星】真的停不下来,3174,721036,//i2.hdslb.com/bfs/archive/e064022ce22103f50a69af21256c6db382e131b5.jpg,4068450,BV1Cs411Q73A,1457693393,2016/3/11,18:49:53,03:13,10173,14921,13009,2972,863
【FA乐器】比利比利预♂报,2578,172270,//i0.hdslb.com/bfs/archive/39bf3f67d125dbaf040bdf434fa19861534ccbee.jpg,4023916,BV1Js411Q7GA,1457186144,2016/3/5,21:55:44,01:39,3323,2686,3289,350,119
【痒局长】恐怖美术馆Ib【新增Mary结局】,5739,988222,//i1.hdslb.com/bfs/archive/5130f7afa61570909c4bb7090287a9147556f9f5.jpg,3987560,BV1Ts411Q72R,1456764676,2016/3/1,0:51:16,29:00,88389,25081,10636,3151,5849
【全明星】出道！甜蜜具现式,5542,1732712,//i1.hdslb.com/bfs/archive/8b9359ac1092287ee4e3d6dc9a5e4a17e511c331.jpg,3929728,BV1as41197cB,1456212735,2016/2/23,15:32:15,03:29,43112,31582,37977,17506,1202
【a碧池】三个特别无聊的男人给巴拉拉小魔仙换装,3142,433296,//i0.hdslb.com/bfs/archive/a6514724b62ef1fef288d742cedb30dcc908aa8f.jpg,3919500,BV14s411971W,1456123006,2016/2/22,14:36:46,19:01,32068,5811,4013,2263,1041
【哦A碧池QAQ】千里之外【PV付】,6790,529571,//i0.hdslb.com/bfs/archive/07aae82f19dad6b5a8d8c67dc35ec24a245ed1e7.jpg,3866848,BV1ps41197Be,1455697500,2016/2/17,16:25:0,04:16,25125,25178,24915,4110,2277
【全明星】上帝是个比利,10573,3438907,//i1.hdslb.com/bfs/archive/e5bbe78b46dd8192524e8194e5856463f7925757.jpg,3816897,BV1Ns41197Zp,1455265701,2016/2/12,16:28:21,04:07,66336,95341,68448,22222,35002
中二爆发！痒利波特教你成为马猴少女【新增2P】,2377,185310,//i2.hdslb.com/bfs/archive/35dadd4ac4bf2e9e491c724de1425e96abd527fe.jpg,3772329,BV1Qs411X7y9,1454758858,2016/2/6,19:40:58,32:56,19942,2301,2504,580,92
【金坷垃】火影OP6-Sign,2698,514438,//i1.hdslb.com/bfs/archive/905567ce94174b2a3fba5142b24064094ba04e2e.jpg,3761190,BV16s411X7Fu,1454660519,2016/2/5,16:21:59,03:55,11036,10503,7262,4926,1846
【四大欠王】让我们来讨论一下伦理问题,4067,1253402,//i1.hdslb.com/bfs/archive/35b3ebd5edf597d214ef16e1e6fe8d375b90c539.jpg,3718771,BV1vs411X7Qn,1454256178,2016/2/1,0:2:58,32:26,23667,12269,7548,1213,5640
【全明星】咻一咻,1888,271516,//i0.hdslb.com/bfs/archive/43bf5c540d933ea4d19e38c6286822e2154e4409.jpg,3586822,BV1qs411R7MR,1452852009,2016/1/15,18:0:9,03:29,4926,4677,4297,1281,128
【马云X马化腾】买买买【Ma2偶像组合出道曲】,2606,1077761,//i2.hdslb.com/bfs/archive/b970bd1f47370f36c134afecfc1eab5bad8f8500.jpg,3539266,BV1Ws411R73W,1452244002,2016/1/8,17:6:42,02:28,4991,12477,8601,4115,1616
【局长/路人】一起吃鸡！！！,3694,679124,//i0.hdslb.com/bfs/archive/cdb2e21968187881ec1ac4ad3a408d1653b2059a.jpg,3519431,BV17s411R7GZ,1451964871,2016/1/5,11:34:31,03:54,10700,10048,11671,2775,1684
【痒局长】谜画之塔第一部【完结】,1701,206880,//i1.hdslb.com/bfs/archive/1bebf66c34ff1cb993339cec6512cd6d9b042f94.jpg,3491081,BV1Zs41197YE,1451620511,2016/1/1,11:55:11,32:10,14936,3316,1846,173,172
【痒局长】痒奕迅逃出精神病院【完结】,2581,389071,//i1.hdslb.com/bfs/archive/32b1fcf632ae209f09041e6a6c98d5559c0d070f.jpg,3456539,BV1ds41197mb,1451132729,2015/12/26,20:25:29,45:35,24945,3470,1496,1061,356
【全明星】吔屎响叮当,2262,404970,//i1.hdslb.com/bfs/archive/adfde029ff5321d550aaa0ab69e71fe71dada7c1.jpg,3442185,BV1Xs4119715,1450949857,2015/12/24,17:37:37,01:13,4838,8104,4117,3909,841
【痒局长】痒哥哥教你关爱狗血男二号[feat.AK柚],2030,216874,//i0.hdslb.com/bfs/archive/9879f17caeaeabec252dc1fb4c56152061894b04.jpg,3437237,BV1ks41197Pv,1450869992,2015/12/23,19:26:32,07:45,10433,2620,2607,805,151
【金坷垃】锦鲤抄【已授权】,3939,579456,//i0.hdslb.com/bfs/archive/18d2a79be1f08cf5b90c312de39de3f787241907.jpg,3406181,BV1Gs411o7hC,1450429823,2015/12/18,17:10:23,04:10,12891,17424,14910,5576,883
【全明星】鬼畜哥【RAP助阵】,3159,1172342,//i1.hdslb.com/bfs/archive/9ced08e8cb4b8f0963f5e2b66dad44fbeaeed7b7.jpg,3361340,BV1fs411d7Vc,1449739820,2015/12/10,17:30:20,03:29,16658,38238,24745,9153,3006
【还珠箫剑】吹箫大师教你装逼带你飞,1864,754825,//i1.hdslb.com/bfs/archive/078c0ce79e3dd8dc5b0159db2edbaec67cc0a384.jpg,3351350,BV1Ts411o7Ge,1449566719,2015/12/8,17:25:19,01:10,10111,11613,4655,6246,390
【局长/路人】能屈♂能伸的大丈夫【完结】,3218,775813,//i2.hdslb.com/bfs/archive/ab7660ff04a788108f939b17e062a457fb803976.jpg,3313645,BV19s411d7P5,1448974841,2015/12/1,21:0:41,153:13,38942,11990,15011,1021,1356
【哈利波特】当魔法世界遭遇鬼畜入侵,1797,546733,//i0.hdslb.com/bfs/archive/97c6feb5ba609a4301caab779004446852d657b4.jpg,3283734,BV1ys411d79u,1448524693,2015/11/26,15:58:13,01:49,7281,14148,4402,3738,2605
【痒局长】黑魔法大师教你用PS攻陷魔仙堡——激突！开战！！！,1915,478089,//i1.hdslb.com/bfs/archive/224c7d06859c758a19c0f44d655ce9d34dee9c9a.jpg,3249271,BV1vs411d7Vw,1447999622,2015/11/20,14:7:2,25:10,19637,7253,2761,1442,2362
【剧情流解说】辐射4:辣鸡王传奇,1416,234636,//i2.hdslb.com/bfs/archive/ac8aaff8b03a314c0f067a586179b64fd3e585bd.jpg,3245285,BV1Ys411d7Zh,1447921092,2015/11/19,16:18:12,08:19,5812,2772,2739,521,608
【痒局长】芊芊【念白付】,2600,341792,//i2.hdslb.com/bfs/archive/1bf86350db810326d0aea5bf7713108deac00e50.jpg,3213609,BV1Ws411d7As,1447398617,2015/11/13,15:10:17,04:04,12646,6881,4837,1328,1090
【FFF鬼畜团】Right Now（烧烧烧）,3858,908620,//i0.hdslb.com/bfs/archive/fcd62de312360e6edca0b16d8a7c36673ecb319f.jpg,3203598,BV13s411d7Yx,1447211472,2015/11/11,11:11:12,02:25,35623,24115,8956,7338,3750
【鬼畜全明星】嘻唰唰,3130,833954,//i2.hdslb.com/bfs/archive/2e00776bb4d1d5b62ac18f291e5e49324bd97bd1.jpg,3172998,BV1cs411d7gN,1446717618,2015/11/5,18:0:18,02:31,9742,22819,9916,5708,1107
哲学♂联盟,2710,756131,//i1.hdslb.com/bfs/archive/f711379697b995b3c655ccea12b112a2e666a6ce.jpg,3103318,BV1vs41127dc,1445593905,2015/10/23,17:51:45,03:02,3881,6716,1674,1902,1196
拉斐尔痒教你怎么画吴彦祖：层层恐惧【完结】,2674,267223,//i0.hdslb.com/bfs/archive/5f2ca071e833d2b7f4238e720a74a32e2c4ec10d.jpg,3077707,BV1ts41127dF,1445137375,2015/10/18,11:2:55,55:06,33734,3932,1508,678,408
【司徒丞相】龙卷风【局日feat.三欠】,3279,467931,//i1.hdslb.com/bfs/archive/b5e7d07cae4994dbf33e4de0e8731896c7012e0f.jpg,3067407,BV1Ws41127rF,1444989997,2015/10/16,18:6:37,04:06,16269,8589,6030,2252,278
【痒局长】干物女(WeiWei)【feat.KB】,5803,566416,//i2.hdslb.com/bfs/archive/3c15e195fec12f9b7b440e1b50e0ed1aecaefcc7.jpg,3016270,BV1Js41127Wy,1444106079,2015/10/6,12:34:39,03:48,13921,9962,7607,1332,1819
【局长路人】花间事：污污的肖逸HE完结,5425,888923,//i1.hdslb.com/bfs/archive/ef921212ee8a66a14c134790ed36116af52e5b18.jpg,2949461,BV1Fs41127Md,1443079007,2015/9/24,15:16:47,591:27,124691,14185,4024,817,1748
【痒局长】拍照惊魂：什么？局长竟然变身日本JK拍照捉鬼,1682,313315,//i2.hdslb.com/bfs/archive/d37106901a04fcadc5f07fa7787e5e4703bd10d5.jpg,2839102,BV1os411m7be,1440996551,2015/8/31,12:49:11,22:02,18963,1885,624,187,236
【欠王忆童年】暴力摩托,2484,624848,//i1.hdslb.com/bfs/archive/9709d6fb4c749f56cc70c21c05270c60f965f68d.jpg,2833409,BV1As411U7CE,1440915697,2015/8/30,14:21:37,16:47,19634,4780,1742,442,1354
【四大欠王】我们视频很长的,2153,595008,//i1.hdslb.com/bfs/archive/1e17fbe86f062e2daded90db50456bf3cc4a0e80.jpg,2756563,BV1zs411m71M,1439865775,2015/8/18,10:42:55,25:01,18719,5665,1701,411,929
【痒局长】上弦之月【罗马翻】,3156,374992,//i0.hdslb.com/bfs/archive/241d213ad8c5c342b07f047b65e6bd55baaf258b.jpg,2746024,BV1ts411m7M6,1439710694,2015/8/16,15:38:14,03:59,10097,8909,5306,802,1303
【局长】这不是恐怖游戏02：黄焖鸡村,911,166108,//i2.hdslb.com/bfs/archive/dbcdaeadd854cbc423e53d0ecae6ea41d3410e94.jpg,2722245,BV18s411m7gp,1439343603,2015/8/12,9:40:3,31:41,11822,981,512,110,162
局长带你走进黄焖鸡后厨房,1521,402787,//i2.hdslb.com/bfs/archive/51cfe23d0aeb18f3d11519bccd0f5f2df136b321.jpg,2697121,BV1ps411m7nC,1438935023,2015/8/7,16:10:23,24:32,20107,1967,1410,377,246
【痒局长】黑魔法大师教你如何制作少女风格照片,3223,351731,//i2.hdslb.com/bfs/archive/e913b6bbc384e0b165ded5dd96df9d3ce6167ea1.jpg,2672864,BV1Ps411m71A,1438570626,2015/8/3,10:57:6,30:10,38538,3652,2187,641,437
【痒局长】深海处男,4745,856125,//i0.hdslb.com/bfs/archive/37dc8afbe156a8a6c6a6e1897e810185b244fc1a.jpg,2576875,BV17s411S7j1,1436948857,2015/7/15,16:27:37,03:37,21378,16860,10924,1740,6305
【RAP】再强调一遍【新大连老师】,2364,815385,//i2.hdslb.com/bfs/archive/1a08e96abe8ea49ecfc39639c5e22f6cc8015c99.jpg,2544465,BV1Ts411S7Cg,1436357766,2015/7/8,20:16:6,02:44,18992,16679,6596,2346,629
【痒局长】我在东北玩泥巴,4629,2045635,//i0.hdslb.com/bfs/archive/d798f56fe13fba5922e4b3a64fb8958c5a07043b.jpg,2445994,BV1qs411U7sx,1434447359,2015/6/16,17:35:59,04:18,33701,25374,13074,9245,8600
【鼓点音乐鉴赏】卡农（节选）,994,476311,//i2.hdslb.com/bfs/archive/0ecac1e1073377d10fdb62a62208d099a740a826.jpg,2441858,BV1is411U73W,1434350607,2015/6/15,14:43:27,02:07,4899,8774,3105,763,2990
【三大欠王】油腻的师姐在哪里,1081,374709,//i0.hdslb.com/bfs/archive/a0edb755e08d32921cdbd33819b59046ec55900f.jpg,2428630,BV16s411U7Ti,1434082529,2015/6/12,12:15:29,27:56,8102,2663,394,81,269
第五次圣肥战争-无限垃制,1575,500861,//i2.hdslb.com/bfs/archive/f4f6ca94cf025c532ad411ff3477217b7e833248.jpg,2388699,BV1Js411U7Jm,1433155313,2015/6/1,18:41:53,05:41,11733,9446,2797,794,1007
【痒局长】跟着雷总摇起来！Are you OK！,2038,918513,//i0.hdslb.com/bfs/archive/86d9462b2d680017d7e729f46e4bbf4ede8609c1.jpg,2303236,BV1ys411D7wo,1431092604,2015/5/8,21:43:24,02:12,5682,8774,3454,1700,2968
【四大欠王】拯救北京,1204,556015,//i0.hdslb.com/bfs/archive/78eb3ec41a9792fd8eaf16b7e4978a61bdd9ce27.jpg,2269155,BV1as411D7vF,1430302017,2015/4/29,18:6:57,40:39,20686,5409,1105,312,756
教练，我想穿女装！！,600,240456,//i2.hdslb.com/bfs/archive/201109236959a437b64c74a6927b37f257247ecc.jpg,2265030,BV1hs411D7nR,1430183862,2015/4/28,9:17:42,07:17,2866,677,240,27,134
圣地亚戈战记：青金石,1888,355291,//i2.hdslb.com/bfs/archive/6b815d415f05d47b987991f1440706053425f586.jpg,2249286,BV17s411D7SD,1429780344,2015/4/23,17:12:24,04:02,12392,8884,4553,514,481
【四大欠王】在女装山脉中打僵尸,1055,868739,//i1.hdslb.com/bfs/archive/0f054a3ddba054203af805240c23ea3489999092.jpg,2172899,BV1Ps411D73w,1428045787,2015/4/3,15:23:7,23:02,11759,8004,1286,483,1237
【痒局长】我的心好痛,3254,607466,//i1.hdslb.com/bfs/archive/3c4231e9aed800b9d37ca1bf34bea9a6955267ec.jpg,2153476,BV12s411S7e7,1427522332,2015/3/28,13:58:52,04:39,18498,8583,3489,2091,1924
【合作】孔明王朗的禁断之恋【特技rap】,1122,635220,//i1.hdslb.com/bfs/archive/82734ea8c59e5b47cfe15d773c7bf845262ff6a5.jpg,2084442,BV1Qx411A7L3,1425703451,2015/3/7,12:44:11,04:21,10891,10716,2073,519,238
【四大欠王】被僵尸爸爸给草哭,843,584703,//i0.hdslb.com/bfs/archive/deed2b0ae93447ce6a411d69124140af8c901d01.jpg,2080629,BV1Fx411P7QC,1425618078,2015/3/6,13:1:18,16:13,7683,5675,925,341,1413
【路人局】成龙的洗发液,1460,638790,//i2.hdslb.com/bfs/archive/2ff6988c9b0700928f7a2001762145f49e7461a6.jpg,2030964,BV1vx411A7H8,1424592858,2015/2/22,16:14:18,02:52,10620,7259,1494,358,655
我知道你想当UP主【常用软件介绍】,1169,730638,//i2.hdslb.com/bfs/archive/9e07a82ff30a2f126695b8e054a825604d5a41ed.jpg,2026286,BV1ex411A7qe,1424493873,2015/2/21,12:44:33,16:02,7285,69084,7719,1871,6165
【剧情流解说】罗马碧池的辣条传奇,1160,239220,//i2.hdslb.com/bfs/archive/52d23eb8b1cde6ab4b12694086aca70b43782341.jpg,1939924,BV17x411A7ek,1422602444,2015/1/30,15:20:44,12:49,6380,1857,1929,254,136
【局座】我是要成为海贼王的男人,586,335951,//i0.hdslb.com/bfs/archive/29e0b388b6932a0e1ae32ece344d758ccfe0aa4e.jpg,1936699,BV1jx411A7Tw,1422519828,2015/1/29,16:23:48,01:54,2451,3403,1055,482,234
【孔明演唱会】千百年以后又是一只猴,614,357108,//i1.hdslb.com/bfs/archive/6d29f187e4b9ce7c5a5f1c450bff521187108ff2.jpg,1923160,BV1wx411A7RD,1422168172,2015/1/25,14:42:52,02:09,4256,4123,1267,126,128
【四大欠王】贴膜大仙【恶搞中翻银仙OP】,1636,595081,//i1.hdslb.com/bfs/archive/aacc6420efed78607f7eb98b34380d0ee0d82caf.jpg,1872806,BV1Zx411w7XU,1420791172,2015/1/9,16:12:52,01:42,5975,14433,4357,1322,1990
【Fa楽器】寄生兽试听-Next♂To♂Door,440,184377,//i0.hdslb.com/bfs/archive/f23f5b5034305f99188a6f2292c8920f2bc69618.jpg,1822023,BV1Gx411N7KZ,1419258067,2014/12/22,22:21:7,01:31,1136,2842,800,187,904
【新世纪坷垃战士】人类撒肥计划,349,131954,//i0.hdslb.com/bfs/archive/c9abf1c6597ef6be354d2aef8639bf745b138b1f.jpg,1751083,BV1cx411N7sP,1417072876,2014/11/27,15:21:16,02:44,1833,3832,1576,208,703
【大妈时代】有了金坷垃还看啥南京演唱会,597,206080,//i1.hdslb.com/bfs/archive/4f3727e42e8c78d649754180be5d48c8b3159d07.jpg,1671814,BV1qx411P7fX,1414772483,2014/11/1,0:21:23,07:13,5724,3097,1208,295,148
【金坷垃】aLIEz【完整版】,1898,822234,//i2.hdslb.com/bfs/archive/6ef086abcff301fd1cd97fbd34cd282405268459.jpg,1528480,BV1sx411K78u,1410625647,2014/9/14,0:27:27,04:31,28771,26204,9816,3106,3466
【金坷垃】刀剑神域第二季IGNITE,367,209712,//i1.hdslb.com/bfs/archive/a2b426d8070e2ba3bc031b715fbeebc1d62a2283.jpg,1444462,BV1Mx411K7P2,1408602877,2014/8/21,14:34:37,01:34,2989,3564,929,589,583
【金坷垃】83坷垃英雄传-坷垃丹心,384,114456,//i0.hdslb.com/bfs/archive/0cd64eccc7e0b20aea3baf9e0efcef8f2391d086.jpg,1397410,BV1yx411N7aL,1407653353,2014/8/10,14:49:13,02:49,2490,2140,1317,226,531
【金坷垃】东京食尸鬼【完整版】,3830,2271222,//i2.hdslb.com/bfs/archive/6e99315d0601d29a8f40e18557dc68657177c988.jpg,1328043,BV1px411N79Z,1406257285,2014/7/25,11:1:25,04:03,54753,57536,24552,14145,12668
【痒局长教室】扒谱篇（1）【鬼畜教程X】,462,209413,//i0.hdslb.com/bfs/archive/6d94801cd34b4b40def2ab3d5d8ff2d16a4f76f5.jpg,1301468,BV1Rx411T7vo,1405654014,2014/7/18,11:26:54,14:37,2711,8240,1070,237,797
【陈光标】调音师你过来！,475,544321,//i2.hdslb.com/bfs/archive/be0229855d3521cd739ae65e02dbc83508cbcbdb.jpg,1236692,BV1ex411T7yN,1403932006,2014/6/28,13:6:46,02:00,4557,3039,527,759,249
【金坷垃】我只在乎金坷垃,1393,206551,//i2.hdslb.com/bfs/archive/a77b76ff0b7cdbf670690404f301e8a8c4480d77.jpg,1233589,BV1vx411T76r,1403841927,2014/6/27,12:5:27,04:37,7366,2775,1391,84,167
【逸峰治愈曲】未闻诗名-secret base,1057,591569,//i0.hdslb.com/bfs/archive/89c95b8f4f70bee9dc2c2fd808fd82a51ff09a5f.jpg,1147988,BV1Ex411T7Wk,1401012999,2014/5/25,18:16:39,03:13,16292,13201,4483,604,707
【金坷垃】教练我想吔坷垃,364,298262,//i0.hdslb.com/bfs/archive/0e8ffd5eec22759ce368b703a049f468286474bf.jpg,1117871,BV1Mx411T73m,1399792982,2014/5/11,15:23:2,01:49,4044,4617,1440,296,140
【金坷垃】坷垃时代-Gee,3764,2423404,//i0.hdslb.com/bfs/archive/a07dae00f2e5e15d38a200434353ff5e7897bdf3.jpg,1083957,BV1Zx411K7mv,1398431373,2014/4/25,21:9:33,04:00,47051,61881,34052,14593,13400
【若风鬼畜】请叫我中二杀神【爆炸你的心】,591,633994,//i0.hdslb.com/bfs/archive/837dfcf8c9a30e11e4c287ae2e89c7c0a70e180e.jpg,1041181,BV1Ys411Z7FK,1396501845,2014/4/3,13:10:45,02:12,4308,4394,899,406,270
【梁逸峰】上海滩【怀旧金曲】,865,723623,//i2.hdslb.com/bfs/archive/01bcf7b701fb50b3c549c1e5bd4aa23bede48377.jpg,1032844,BV18s411Z74a,1396073652,2014/3/29,14:14:12,02:07,9556,13604,4835,2440,2029
奥巴马和检察官的爱情故事,535,347976,//i1.hdslb.com/bfs/archive/1ab8b8a652c79360ca48cca6554a7dd53bdedf41.jpg,1023236,BV1vs411Z7vi,1395514548,2014/3/23,2:55:48,01:30,2027,4240,619,116,685
【金坷垃】四季折之羽,405,73320,//i0.hdslb.com/bfs/archive/eb6d871838abd3921b416ea74ff8f930dc6dc4ef.jpg,1019598,BV1es411Z7pR,1395366876,2014/3/21,9:54:36,04:52,2522,1650,1002,134,192
【金坷垃】来自星星的你,1102,638021,//i0.hdslb.com/bfs/archive/0c7a78ddf0058d38eaee6d4e382145c1d5aac706.png,989963,BV1xs411Z77Q,1393673240,2014/3/1,19:27:20,02:10,12088,4484,1881,299,213
【B物语】白金不和谐,824,228538,//i1.hdslb.com/bfs/archive/41dbd0047de648bb9fb0ed41747c1d8f282f16b6.jpg,977418,BV13s411Z7SB,1393003808,2014/2/22,1:30:8,01:38,3623,3687,1533,32,162
【金坷垃】Let it go【精分女王】,1258,1779142,//i0.hdslb.com/bfs/archive/5b0f575b3bb7896317051d90c09a8c42b6fade24.jpg,965990,BV17s411Z7aJ,1392433242,2014/2/15,11:0:42,05:39,26419,26317,6868,4186,4847
【金坷垃】离去之原【PV付】,432,126669,//i2.hdslb.com/bfs/archive/b0f6177d356a528fe5cdc0aefb54f24f4ae4c018.jpg,957703,BV1Ls411Z7Kq,1392094524,2014/2/11,12:55:24,04:35,4614,2676,1207,85,178
【元首葛炮】贾斯汀·比利,424,311301,//i1.hdslb.com/bfs/archive/dd875301f2e915f20952a3e8dd53306a875e6662.png,935184,BV1fs411o7Xe,1390989192,2014/1/29,17:53:12,01:37,4496,3156,712,229,176
【某科学的超朗诵】DSSQ'S NOISE,1062,665345,//i1.hdslb.com/bfs/archive/fca081374722542bff379ee14ccb2c473dd787ca.jpg,926327,BV1Ts411Z7YS,1390551116,2014/1/24,16:11:56,01:31,14990,8949,2560,617,1475
【金坷垃】命运石之门,449,112125,//i2.hdslb.com/bfs/archive/dccf57d1eb2f858a37e38f67e0101f3a7f902bef.jpg,893668,BV1os411o72f,1388496897,2013/12/31,21:34:57,03:14,2227,3101,1545,218,453
【元首】阿姨压一压.Remix,269,126225,//i0.hdslb.com/bfs/archive/ac1c10776e757964059a5ff957c758f22c9a4c5c.jpg,862544,BV12s411o7pi,1386323160,2013/12/6,17:46:0,01:40,1312,2036,795,140,297
【金坷垃】钢之炼金术师Again,697,383926,//i2.hdslb.com/bfs/archive/247b4a025b6c0fa36110076ddb8e8825d742dc54.jpg,836489,BV18s411o7NP,1384509875,2013/11/15,18:4:35,03:18,5709,7629,3416,551,790
【金坷垃】孑然妒火【PV付】,698,223068,//i0.hdslb.com/bfs/archive/232115a2853380fb33bf5de56314e65e88a3b070.jpg,827294,BV1vs411o75f,1383912238,2013/11/8,20:3:58,04:54,6572,5283,2289,314,387
【金坷垃】境界的彼方,330,145688,//i2.hdslb.com/bfs/archive/8af05ba96bb7ce11dc2e22601e630a6299758f33.jpg,818028,BV1ps411o7sW,1383292123,2013/11/1,15:48:43,02:37,3266,2104,791,141,206
【元首葛炮】Lady Zhazha,338,228834,//i0.hdslb.com/bfs/archive/436501c915d088ce11015c21e526183e18b1633e.jpg,802081,BV14s411o7DY,1382168271,2013/10/19,15:37:51,02:44,4529,4437,1244,148,243
【葛炮】杀马特遇见洗剪吹,504,354306,//i1.hdslb.com/bfs/archive/a392463e7118a7ac286f95572f2752b096bedc6c.jpg,766628,BV1fs411f7R7,1379681546,2013/9/20,20:52:26,04:00,8723,3350,1090,241,252
【坷垃神域】crossing field（完整版）,403,113590,//i2.hdslb.com/bfs/archive/bce2803a8da4e70513b81cdf3282ec5d08950084.jpg,726726,BV12s411f7Wy,1377239409,2013/8/23,14:30:9,04:09,2956,3432,1593,460,954
【金坷垃】基泳部ED,346,75632,//i1.hdslb.com/bfs/archive/afbc1d92495679cf5288d4fbc7f3641704973283.jpg,695689,BV1vs411f7fZ,1375940122,2013/8/8,13:35:22,02:25,2397,1321,646,102,194
【元首】渣渣渣德玛西亚,336,319591,//i0.hdslb.com/bfs/archive/04bd6cf5384982cd1d65e66713ad904c0c01badb.jpg,598840,BV1Ms411f7Nf,1370940870,2013/6/11,16:54:30,01:29,2915,3283,899,368,250
【金坷垃】进击的巨人ED-美丽而残酷的金坷垃,638,586383,//i2.hdslb.com/bfs/archive/a4b2fd9bb5c8494e9372a5d9d66cd9f2f599e7cb.jpg,562380,BV1ds411Z7af,1368170317,2013/5/10,15:18:37,02:27,8039,5513,1420,215,859
【元首】潜行吧！元首子W,751,257364,//i1.hdslb.com/bfs/archive/4e1b2321e4eb1ae7b1d975938f867e16dcf02f4f.jpg,545132,BV1rs411Z7HH,1366779550,2013/4/24,12:59:10,02:09,2985,4797,1383,177,629
【金坷垃】某科学的超肥料炮S【该来的早来了】,1583,673743,//i2.hdslb.com/bfs/archive/cd067ae6cc856ad9d21a0078349076b7adb82207.jpg,531092,BV11s411Z76u,1365569349,2013/4/10,12:49:9,01:38,10087,10053,3027,693,2952
