﻿title,comment,play,pic,aid,bvid,created,date,time,length,video_review,favorite,coin,share,like
小伙嫌天气太热，在家自制清凉解暑超容易的小饮品~,2111,810670,//i0.hdslb.com/bfs/archive/7a2376d1d37449618ef407ba96995e9f297ffe85.jpg,838599792,BV1Mg4y1v7cc,1592138136,2020/6/14,20:35:36,06:04,8395,5584,6016,821,72623
小伙花7个小时用拼图做出了个球？还可以用来打保龄球,2646,1735230,//i0.hdslb.com/bfs/archive/cb48f19874f7eb7bc574fae8ee0f0d15f95a93d8.jpg,668476266,BV1Ka4y1Y7Li,1591952723,2020/6/12,17:5:23,06:59,13225,21971,66327,1679,191238
小伙屯了大半年的快递一次性开光，都买了些啥？,2591,1454249,//i2.hdslb.com/bfs/archive/5cf2a3fc306126499f53f75414ae3886d346cddd.jpg,413461495,BV1YV411r7Cs,1591783532,2020/6/10,18:5:32,09:04,15287,6016,13298,948,114834
小伙花500元买了”无人认领的快递”，真的可以开出手机平板？,3631,2796241,//i1.hdslb.com/bfs/archive/189a488e26a050aa6c843413f65409a0b85db8cf.jpg,838403420,BV1Ug4y1i7bt,1591176787,2020/6/3,17:33:7,07:43,28152,9150,33971,2658,171529
小伙24小时只吃蓝颜色的食物，最后嘴巴都变蓝了,3660,1788255,//i2.hdslb.com/bfs/archive/e92aad71587b4a82add5184b2d50d834bb4e2dc5.jpg,583327107,BV1Az4y1974r,1590919299,2020/5/31,18:1:39,04:55,25636,6438,10332,1229,121726
短视频上的生活小妙招真的有用吗？小伙学会就学废了,2759,1947144,//i0.hdslb.com/bfs/archive/85abd8ec5a88873190cd4b1cd28ad7e8655618eb.jpg,625817126,BV11t4y1C71R,1590757065,2020/5/29,20:57:45,05:39,15035,6738,11931,1475,138655
小伙花6小时把锡纸搓成了铁球？感觉在浪费青春,3875,1635846,//i1.hdslb.com/bfs/archive/ab98b30575b0e52cb132916ff9a741bfd29d3ed4.jpg,795757608,BV1PC4y1p7HD,1590484271,2020/5/26,17:11:11,04:21,5227,5158,10842,796,110690
小伙花24小时搭5000块多米诺骨牌，推倒瞬间太爽了,3110,1695818,//i0.hdslb.com/bfs/archive/315451415c0219e025c3afde97b7f6ce8d43ca10.jpg,753314460,BV1Pk4y1r7wJ,1590307409,2020/5/24,16:3:29,06:18,14753,11003,39057,1158,144941
小伙尝试做日本爆红薯片懒人玉子烧，只用薯片袋就可以做！,3428,1775465,//i2.hdslb.com/bfs/archive/b685c80bf8cec594d92eae6a040907ee4b03c51c.jpg,795852954,BV1vC4y1p74B,1590229567,2020/5/23,18:26:7,04:31,7155,7200,12592,900,133832
小伙挑战用1万根橡皮筋做一个篮球，弹力会更好吗？,4016,2076128,//i0.hdslb.com/bfs/archive/a47041a46538df7f0d6da193f170e258b4801f84.jpg,668271064,BV1ya4y1e7w3,1590225046,2020/5/23,17:10:46,03:49,13137,8419,21197,1102,153104
小伙挑战用各种各种颜色饮料做彩虹鸡翅，结果惨不忍睹,2926,1832813,//i0.hdslb.com/bfs/archive/8f264385b739e6ed5ae4dfda450857c15ec5ca69.jpg,710635796,BV1XQ4y1N7da,1589617831,2020/5/16,16:30:31,05:29,13784,5851,10661,1324,118224
“一星期自律挑战”小伙一星期后身体面貌会有什么变化吗？,3056,1663030,//i0.hdslb.com/bfs/archive/8d07c2059f5a5159188553cab56a2ad6fb2b8138.jpg,625721796,BV1Ut4y117wa,1589532026,2020/5/15,16:40:26,09:43,19018,7780,19227,975,117878
小伙挑战做世界上最大的法老之蛇，结果垂胸顿足心如刀割肝肠寸断伤心欲绝泣不成声,3569,1754733,//i0.hdslb.com/bfs/archive/46c7f8759ee30cc3f047b3dd3c6aabac34d1a340.jpg,795650000,BV1kC4y1H7VV,1589362580,2020/5/13,17:36:20,05:21,14519,8966,26941,1003,164718
小伙挑战24小时只吃绿颜色的食物，最终会怎么样呢？,7184,3290515,//i0.hdslb.com/bfs/archive/7377b4ce45b6e160af9f5be4e4b2008bbe2d638b.jpg,200623762,BV1nz411q7oA,1589094420,2020/5/10,15:7:0,05:26,35441,17179,40187,3302,408657
小伙拿五斤羊肉用切片机能做出多少羊肉卷呢？,3460,1966579,//i1.hdslb.com/bfs/archive/5ffb7914402cdf71d13cab26098c6fe101dc1aad.jpg,200623053,BV1Hz411q7E5,1588933493,2020/5/8,18:24:53,05:14,16480,5129,9745,964,117280
小伙用可乐做出一道可乐鸡翅煲，一口一个停不下来,3646,1844546,//i2.hdslb.com/bfs/archive/fad58291e741be9ea9dd7bde3d01a65bea22ef3b.jpg,753075731,BV1ak4y1k7iz,1588677079,2020/5/5,19:11:19,04:59,16178,12231,14360,2290,122977
小伙为了录视频已经花了35万了？读评论#1,3445,1812204,//i1.hdslb.com/bfs/archive/48e82489cec793a6a956af0872b5587e656fbdd4.jpg,883079201,BV1VK4y187M5,1588487334,2020/5/3,14:28:54,05:19,13625,7636,14579,765,141307
小伙花200元买了日本的究极生蛋盖饭机，可以把蛋清打成云朵,3337,2109505,//i0.hdslb.com/bfs/archive/c587edcf393bb6055412bd31ebec48cdd9c2594f.jpg,795391077,BV1PC4y1W73s,1588240560,2020/4/30,17:56:0,05:09,11673,5787,10783,948,127847
小伙模仿大胃王挑战吃下100个巨峰葡萄，结果嘴巴都吃紫了,3449,2470921,//i2.hdslb.com/bfs/archive/b3aa428d0f8ef94100a59d1cdb04c5f52e799c90.jpg,455457828,BV1f5411x7tH,1588062834,2020/4/28,16:33:54,04:36,12685,6912,13735,1480,143501
小伙用了350斤细盐成功做出人工死海！躺在里面就会浮起来,6016,2737470,//i0.hdslb.com/bfs/archive/e541e03fc0583d98dbb5205957ff7dc7a5cb9446.jpg,242878433,BV1te411s7or,1587811587,2020/4/25,18:46:27,05:58,23707,10001,22337,2101,180707
小伙挑战在漆黑一片的情况下拼会发光的拼图？最后没想到,3644,1880208,//i2.hdslb.com/bfs/archive/a537b87184d81d0ca1e349941ca54010f9f06b01.jpg,967952784,BV1Zp4y1X7ZA,1587638574,2020/4/23,18:42:54,06:21,23574,13798,42098,1850,210723
398元的烤鸡机器会比烤箱里烤出的鸡更好吃吗？,3881,2292655,//i2.hdslb.com/bfs/archive/0726c1667434d002b2e4e657ca16b5966ebfa5f3.jpg,840343628,BV1R54y197yN,1587458736,2020/4/21,16:45:36,04:20,15461,7094,15260,1437,148778
夜市里的空桶投球真的是骗局吗？小伙尝试之后苦不堪言！,3388,2780321,//i0.hdslb.com/bfs/archive/0f2ecb380b8c9cf85a2bc881437ca8dcd6ba6e44.jpg,285167459,BV1Bc411h78Q,1586771804,2020/4/13,17:56:44,06:58,15192,7119,13733,1334,145719
小伙用水火箭把房间弄得到处都是水宝宝，结果被妈妈打,3495,1681631,//i2.hdslb.com/bfs/archive/0aba28de3b8ae41140a0cc9bc8a3789484e9d2e1.jpg,497728120,BV1AK411j7We,1586592265,2020/4/11,16:4:25,04:09,16122,6451,12414,1622,123441
小伙用五斤龙虾能做多少龙虾肉松，味道会更好吃吗？,4185,2688802,//i1.hdslb.com/bfs/archive/34d1691bac113dac3c000aaa9be6bc2ef6af0156.jpg,840177532,BV1A54y197y8,1586162892,2020/4/6,16:48:12,04:30,14541,7892,17433,1694,159492
小伙尝试用鱼鳞做果冻，成功做出鱼鳞冻！,2635,1941721,//i2.hdslb.com/bfs/archive/a0eb72b29cfe7ec333d2fca72ba596ecde7e6585.jpg,285093009,BV1xc411h7Ph,1585828218,2020/4/2,19:50:18,04:06,10409,5324,9967,933,110894
比鬼椒面辣3倍的世界第一泡面，小伙被辣的泪流满面,6470,3212581,//i2.hdslb.com/bfs/archive/675ecc81a87acd781e452b7ed9fbc0a54a8b34ed.jpg,100620496,BV1h7411S7Dk,1585554455,2020/3/30,15:47:35,06:07,37533,10897,28155,5873,180929
小伙花2500日元买的烟熏料理机，用来烹饪烤肠真的会好吃吗？,3386,2473872,//i1.hdslb.com/bfs/archive/c7b802c3b3c595da68a9ea010ce9660e0f5023d9.jpg,99792116,BV1h7411978R,1585313758,2020/3/27,20:55:58,05:05,12019,7999,15660,1280,142694
小伙花了两个星期拼出了纯黑地狱拼图！超难版本,15913,5921844,//i2.hdslb.com/bfs/archive/9d403821a4b2fb93bf076c26d2c133325d11446b.jpg,99185801,BV1Q7411y7Qm,1585115665,2020/3/25,13:54:25,14:32,130772,167710,723773,17475,1145456
小伙连续吃一个星期肯德基会发生什么？变胖了吗？,7228,4287430,//i0.hdslb.com/bfs/archive/17c216ef5d45d542b67a5b67eace0c3f678fa616.jpg,94953622,BV13E411T7wH,1583754519,2020/3/9,19:48:39,10:56,36177,10999,24765,4190,185963
讨厌吃香菜的人怒吃15斤香菜，从此以后会爱上香菜吗？,12888,2219899,//i1.hdslb.com/bfs/archive/c26008abf41b70ea8da3c022275182c3c82e0b54.jpg,94432124,BV1QE411u7a7,1583578533,2020/3/7,18:55:33,07:21,56049,7614,26014,5973,133262
小伙从日本花了1400元买了个流水素面机，会比普通凉面好吃吗,4427,3123052,//i0.hdslb.com/bfs/archive/410037d77f850ea5f37428e36e2b9ac73eaa89f1.jpg,93912154,BV1EE411W7ti,1583404743,2020/3/5,18:39:3,05:55,28738,10454,27283,4407,180977
"小伙花36小时终于拼出“彩色地狱拼图”,整个人都傻了",6397,4053230,//i1.hdslb.com/bfs/archive/858c79b42fb133f89a018b083b5bcb3de15a4e4e.jpg,93417845,BV13E41147Pg,1583230923,2020/3/3,18:22:3,07:24,58022,40281,144915,6309,473030
精神小伙用电饭煲做广式煲仔饭，没想到味道这么好！,3476,1869300,//i1.hdslb.com/bfs/archive/48f85749cc9e0c0ed2f5cd355828f5bb3939391f.jpg,92415628,BV1GE411H75J,1582898013,2020/2/28,21:53:33,05:01,12911,11779,14800,3301,106773
我在抖音上买了不粘锅，结果傻眼了,3354,2415383,//i2.hdslb.com/bfs/archive/2f9c47b57dfae367412b32ee81873d2419784a47.jpg,91906477,BV1e7411K7vh,1582721639,2020/2/26,20:53:59,07:08,20054,7266,15265,1889,127665
把牛奶放进锅里炸可以变成一道美食？小伙第一次尝试炸鲜奶,2941,2002062,//i1.hdslb.com/bfs/archive/a7abced37e04bc7f67bd50bde99f6e805aa9281c.jpg,91375141,BV1G7411u7US,1582541786,2020/2/24,18:56:26,05:32,15982,13674,17573,4275,119661
抖音上的奶茶制作方法真的靠谱吗？小伙尝试之后感觉赚翻了,3835,2268261,//i0.hdslb.com/bfs/archive/c75ac778ebf9f9d109166d096d4b1d49a79ed4b9.jpg,90854672,BV1g7411c7pU,1582371958,2020/2/22,19:45:58,04:01,12736,20210,25023,11329,139303
小伙花399元买了个干果机，真的可以用来做水果干吗？,3852,2329863,//i1.hdslb.com/bfs/archive/51886c4dd670a3b70face9de868f6227ce7d25cc.jpg,89670987,BV1i7411j7EF,1581938412,2020/2/17,19:20:12,06:19,15921,9809,32596,1904,143868
小伙挑战一个星期只吃军粮，身体会发什么变化？,4723,2731819,//i2.hdslb.com/bfs/archive/cc1e6bbd90a28ee16fadf4d36d71cf7c65e04aef.jpg,89195844,BV1k7411J7hT,1581765136,2020/2/15,19:12:16,18:27,36874,12027,33730,3087,162337
小伙尝试制作日本爆红的KFC鸡汤焗饭，居然这么好吃？,2391,2229512,//i2.hdslb.com/bfs/archive/82bc205710190a376b7ae09df7ea40b811a00bde.jpg,88680511,BV1r741137wM,1581588019,2020/2/13,18:0:19,04:22,9241,8950,14423,3147,111523
小伙用5斤猪肉到底能做出多少猪肉脯呢？没想到结果,3075,1707206,//i2.hdslb.com/bfs/archive/9f9e824cc68f48f007d4693a2cab61b18c7a5b9c.jpg,87788548,BV1i7411b7K6,1581250785,2020/2/9,20:19:45,06:48,22678,7418,20153,2199,109141
小伙用16斤山竹榨成汁，只为一杯从未喝过的山竹汁！,7431,2497187,//i1.hdslb.com/bfs/archive/a93e4993d03b43afdf1ff8e3ddfabf9e1754f2c0.jpg,87331939,BV1Z7411b7WQ,1581073347,2020/2/7,19:2:27,04:32,12541,5603,14298,1567,110760
小伙花693元买了一个全自动泡面机，再也不用动手泡面了！,6091,3483710,//i0.hdslb.com/bfs/archive/076bd6805c969a63d6960cf815d76507f159f880.jpg,86915086,BV147411H7G8,1580900753,2020/2/5,19:5:53,04:49,38658,11664,41573,5085,184041
偷偷把表妹寒假作业换成”寒假大礼包“，她开心到哭了,3863,2295015,//i1.hdslb.com/bfs/archive/da2ab1c23c026f94da7987c736c0051c47ac60d7.jpg,86515011,BV1P7411p7bS,1580727707,2020/2/3,19:1:47,06:02,23310,7914,14723,3499,112085
2500g猪肉可以做出多少肉松？小伙尝试之后血亏,2257,2430844,//i2.hdslb.com/bfs/archive/c7731a34e6a267122514d04369ac2b70cc06ca32.jpg,86118172,BV1s7411x7Lu,1580559531,2020/2/1,20:18:51,05:46,14735,8518,20235,2579,120862
小伙没有尝试喝过龙眼汁，怒买20斤龙眼榨汁喝！,2802,2083973,//i0.hdslb.com/bfs/archive/9b35de83276528ded22401873321a6378c30ae5a.jpg,85756748,BV1F7411B7zi,1580378640,2020/1/30,18:4:0,04:31,10268,8133,36707,1612,122212
把超市谷物买光做成一碗粥，会比普通粥好吃吗？,2284,1582586,//i1.hdslb.com/bfs/archive/e46f5875adafbfc1af2b4e651bc22bdc5324af71.jpg,85581456,BV1q7411z7cc,1580290805,2020/1/29,17:40:5,05:03,13194,4631,13321,1032,89860
一次性点燃500根仙女棒是一种什么感觉？,3192,1754843,//i1.hdslb.com/bfs/archive/b87bf04906f7c2750e6cc6cd3fe9e050a9a7ae65.jpg,84983143,BV1N7411k7Bm,1579945239,2020/1/25,17:40:39,03:46,88314,10075,30993,2891,127308
小伙网购了又一奇葩商品“一次性烧烤炉”，用完就扔？,1576,2049015,//i0.hdslb.com/bfs/archive/3de2aa1a17a7aa9d2dd0296ea694ea8d8c1636b2.jpg,84712134,BV1z7411a7AU,1579773944,2020/1/23,18:5:44,05:03,7611,5391,12467,1518,102105
去海底捞只点捞派肥牛是什么体验？小伙点了一千元肥牛！,2244,2623465,//i1.hdslb.com/bfs/archive/8e0666b5efc2478f6e3b0794f6ae64c3b30c0670.jpg,84422906,BV1X7411Y7MH,1579602669,2020/1/21,18:31:9,04:39,9723,8080,26493,4433,139863
小伙制作了一个史莱姆泳池，在里面游泳是什么感觉？,5081,4163295,//i0.hdslb.com/bfs/archive/968662f460c9b363550400c916acb96f15e74446.jpg,83911729,BV147411i7zh,1579336224,2020/1/18,16:30:24,04:29,30576,33485,105925,15984,249601
小伙挑战一个星期只吃自热食品会发生什么变化？,2576,3018590,//i0.hdslb.com/bfs/archive/ff63e48416490bd2e954df1fbed2185ee4704cc2.jpg,83355824,BV1pJ411H7Zy,1578990642,2020/1/14,16:30:42,10:37,14373,9134,19110,2644,125497
给蛋黄派庆祝生日，蛋糕里居然还藏着百万奖金！,2286,3033210,//i0.hdslb.com/bfs/archive/b86fa7ce7ac5c5df9ed84c2b6d5af74a7fc4f12a.jpg,82985837,BV1GJ411p7Kg,1578739926,2020/1/11,18:52:6,08:50,22242,26942,111938,2930,294484
小伙用了整整五天终于拼出完整的白色地狱拼图了！,3131,3298248,//i1.hdslb.com/bfs/archive/16b8a33471239c165bfa9cb397dfd7ad82f7e441.jpg,82514306,BV1eJ41157dx,1578474004,2020/1/8,17:0:4,10:53,17885,33581,155517,4882,239426
被吃播吃火的澳洲大红龙真有这么好吃吗？,1212,2264223,//i2.hdslb.com/bfs/archive/c550d491630560212de64e1060718a12505fcd6f.jpg,81444642,BV1eJ411h7wc,1577789834,2019/12/31,18:57:14,05:29,5310,6510,19138,1198,91542
花8500元请专业寻狗团队真的能找回走失的狗狗吗？,2949,1967311,//i0.hdslb.com/bfs/archive/156bd970defdb32c0ad3b00c5656ce85ebda0398.jpg,80861438,BV1mJ411Y7Ke,1577441567,2019/12/27,18:12:47,05:30,8778,5803,16014,2468,93974
小伙要搬家把屯了两年的快递一次性全部开完！,1099,2106981,//i2.hdslb.com/bfs/archive/896389430d93ad5ccdbbe4366e20899fda8137bf.jpg,80739289,BV1KJ411s755,1577354105,2019/12/26,17:55:5,05:18,6783,6446,18622,660,101506
我又又又又又又被抖音商品欺骗了！,1946,1834702,//i0.hdslb.com/bfs/archive/de37aeefbfc7c8d1620d5c11beb23ce1afdc3954.jpg,80619143,BV1zJ411W7dF,1577268745,2019/12/25,18:12:25,09:11,10087,4870,10115,1850,79606
挑战一个星期三餐只吃减肥用的健康餐，真的可以瘦下来吗？,2003,1947215,//i1.hdslb.com/bfs/archive/879a110e8928a27741d281afbb335a4b4049674b.jpg,79228407,BV1aJ411r7gb,1576322700,2019/12/14,19:25:0,10:25,6719,6134,20370,1512,106872
用可乐做出的糖炒栗子会比可乐鸡翅更好吃吗？,885,1358286,//i2.hdslb.com/bfs/archive/c0299177e5b76acbe08191f440148e564a00abcd.jpg,78977409,BV1KJ411C7Ub,1576143613,2019/12/12,17:40:13,04:55,4226,2613,6748,1038,53321
小伙做了超豪华的海鲜波士顿龙虾泡面，会比普通泡面更好吃吗,1432,1853145,//i0.hdslb.com/bfs/archive/0a5c73672a8498b86d24f25ec476288fb0386d6e.jpg,78633116,BV1UJ411v7Fy,1575883222,2019/12/9,17:20:22,06:17,7934,5432,12666,2348,76293
按照粉丝的话去暴揍蛋黄派！读评论,1385,2814370,//i0.hdslb.com/bfs/archive/786fa148f77d124a842d169c84c48661fb4a293f.jpg,78385350,BV1CJ411e77A,1575712985,2019/12/7,18:3:5,04:52,10421,10030,23409,1057,127080
"男子用日本年糕机去做北京小吃驴打滚,最后能成功吗",809,1315943,//i2.hdslb.com/bfs/archive/9ec4a4c6a8a8ff4d5a679a2f47409da0b9cb3b2f.jpg,77926554,BV1yJ411q7BA,1575371830,2019/12/3,19:17:10,05:16,3250,3520,12422,760,60295
小伙做出一根超长奥利奥巧脆卷只是为了更方便吸到牛奶？,1065,1146427,//i1.hdslb.com/bfs/archive/bc2b29c27b367b4d027240fc2081d48cd1364c07.jpg,77779898,BV1hJ411z7Mf,1575278685,2019/12/2,17:24:45,04:45,4916,2584,5752,794,45248
小伙花8000日元买了一个全自动章鱼烧机，完全不用自己动手！,1560,1967685,//i2.hdslb.com/bfs/archive/14c413cf386178e15ba56d5876ffcdbc08315a10.jpg,77558963,BV1UJ411Q7Td,1575109793,2019/11/30,18:29:53,05:38,7064,7240,15994,2601,88631
花八个小时煮出一颗黄金颠倒蛋，蛋黄在外蛋白在里你见过没,951,1337526,//i1.hdslb.com/bfs/archive/a487b47497d9913832e3e7858927b7aae3ccf4eb.jpg,77440878,BV1HJ411Q7Ut,1575034148,2019/11/29,21:29:8,06:44,9934,4248,12646,1194,63168
我又被抖音商品给欺骗了！,3121,3257700,//i1.hdslb.com/bfs/archive/6091ef32b158a27df60a5c76464a745fa94e2809.jpg,77101047,BV1MJ411X7SP,1574761746,2019/11/26,17:49:6,08:36,14850,7694,16651,3243,126303
开箱可以现打的日本年糕机，花了三天才学会怎么制作年糕,1594,1496295,//i1.hdslb.com/bfs/archive/b973b8655bd31b8da71485ce8802eb40c7ed3390.jpg,76873840,BV1DJ41197Yo,1574590703,2019/11/24,18:18:23,09:33,9841,9432,43665,1391,108991
小伙挑战一个星期只吃罐头，一星期后身体会有什么变化？,2348,2080925,//i0.hdslb.com/bfs/archive/a03f8e20f8ffbfe5d864804b07ba62808a63fb98.jpg,76494547,BV1hJ41127sr,1574334694,2019/11/21,19:11:34,10:34,6440,6420,20690,932,93999
小伙尝试辣度100万的鬼椒面，不慎碰到眼睛整个红肿起来了,1402,1534403,//i0.hdslb.com/bfs/archive/423c978818588e8910573011f2fc15677d5ee5ca.jpg,76032730,BV1SJ41127pV,1573988382,2019/11/17,18:59:42,05:23,7276,3556,9019,2454,52807
小伙叫外卖芋圆直接加料150元，满足了多少人的心愿？,1249,2203642,//i1.hdslb.com/bfs/archive/445c5f7541a38a68f5864adc3a9ecfb89e9d659e.jpg,75764940,BV1uJ411U75a,1573814717,2019/11/15,18:45:17,06:25,8087,7120,20432,2113,105206
小伙再次用巨型章鱼大丸子机做章鱼烧，这次能成功吗？,688,1426476,//i2.hdslb.com/bfs/archive/d1c3e4c770b6d9519d86074593c02d215b583998.jpg,75555907,BV1iJ411S77v,1573643846,2019/11/13,19:17:26,05:34,4404,3744,6514,1165,55050
小伙尝试做世界上最著名的大象牙膏实验，直接喷出十米高的泡沫柱,1902,2043031,//i0.hdslb.com/bfs/archive/60b6e72eb32874c3b7fd024eb2874d931b515b37.jpg,75348743,BV1ME411e7QY,1573469988,2019/11/11,18:59:48,05:19,62230,9914,23177,3099,101202
小伙在抖音上买了“蓝苹果”到货之后整个人都懵了？这是啥？,1441,1953613,//i0.hdslb.com/bfs/archive/5c8c55099a027345a9c5c96670e70df11a614eef.jpg,75097986,BV1pE411v7Ze,1573299706,2019/11/9,19:41:46,08:35,10161,4736,9392,1482,74682
小伙花1000元从日本买了一个小型玩具披萨炉，居然真的可以烤披萨！,823,1678314,//i1.hdslb.com/bfs/archive/8e91b7210aaa8d9100f42ff223c4c6afa1703d23.jpg,74858827,BV1QE411i7Hm,1573123699,2019/11/7,18:48:19,05:56,5339,6070,16167,1535,68775
请蛋黄派吃外卖”最贵佛跳墙“和“最便宜佛跳墙”，究竟有什么区别？,1745,2849514,//i1.hdslb.com/bfs/archive/fcaa35a389d02309ebbc38c3df5c40b2c32d94c9.jpg,74607870,BV1VE411B7ka,1572946253,2019/11/5,17:30:53,07:57,16041,11990,21677,2323,123203
蜡笔小新里的下午茶吃的“心点”究竟味道怎么样？小伙买了一桌子,675,1539874,//i1.hdslb.com/bfs/archive/636dcca42beeaad075a4f73571033847cd34afd1.jpg,73853430,BV1rE411h7GN,1572598808,2019/11/1,17:0:8,06:04,9273,3272,5284,550,45583
小伙剥光二十只螃蟹里的蟹肉只为做油炸狮子头，那会更好吃吗？,666,859037,//i1.hdslb.com/bfs/archive/21d5ac034dce0947dac66d492bc83a2624877398.jpg,73993407,BV1XE411b7Tv,1572512436,2019/10/31,17:0:36,06:00,3910,1762,4434,494,29189
除了土豆用其他蔬菜水果做成的薯塔会更好吃吗？帅小伙懵了,907,1279722,//i1.hdslb.com/bfs/archive/9e5c45705b06d044807f663642c83899c58450bb.jpg,73358089,BV1jE411173n,1572000014,2019/10/25,18:40:14,05:16,3764,2863,5548,684,45036
男子穿着万圣节服饰去肯德基捣蛋会发生什么？半路居然就被大叔拦下,639,735950,//i1.hdslb.com/bfs/archive/a0b5162c13f3c692b8ab432de0ba9b21e38d00fc.jpg,73277684,BV1AE41117T2,1571930457,2019/10/24,23:20:57,04:44,4151,2923,8691,1710,27555
男子超爱吃虾饺，叫了300元的外卖虾饺摆了一桌子吃,1614,2126669,//i0.hdslb.com/bfs/archive/b725f10af30cfad653bfd79fa52d2ab52018b339.jpg,73042422,BV18E41127S7,1571741303,2019/10/22,18:48:23,05:33,6796,4583,9372,960,74690
抖音上卖的商品质量究竟如何？小伙买完后悔了...,911,1601076,//i1.hdslb.com/bfs/archive/8f22e906299ed1b02544f2055921fd06a7f31a5b.jpg,71754364,BV14E411k7Jk,1571487028,2019/10/19,20:10:28,06:48,6626,3936,6487,1320,57592
为了上学不迟到，男子做了一个3000瓦的巨大卷吹龙叫表弟起床,929,1265947,//i2.hdslb.com/bfs/archive/c38791014374ba3074b5a33c08f861fc5bfb8dfa.jpg,71521243,BV1dE411C7UE,1571308545,2019/10/17,18:35:45,05:40,6147,4125,7643,1957,47981
全部都用鸡蛋做出来的鸡蛋饼会更好吃吗？店主都看呆了,2060,1031851,//i2.hdslb.com/bfs/archive/9c0e771c4557f4ae08effa6272c058e076616512.jpg,71093470,BV1uE411d7NL,1570955434,2019/10/13,16:30:34,04:37,4343,2696,7435,561,40035
小伙抢先在旺旺之前做出了旺仔超大馒头！至于这个味道嘛.....,752,1185569,//i1.hdslb.com/bfs/archive/5be81f8694aa1feeddd1290316b3152b920bdc3f.jpg,70872116,BV1kE411o7LV,1570790257,2019/10/11,18:37:37,04:55,3754,2596,5803,899,41454
小伙花268买了一个万能调味陶瓷，可以让任何食物都能变得更好吃？,1603,1721721,//i2.hdslb.com/bfs/archive/3cf0a4c001ea74b3b8e2e12b31ad1cb6d475fb3f.jpg,70671515,BV1HE411f7W5,1570619640,2019/10/9,19:14:0,06:05,5861,3840,7761,1099,67242
小伙花682元买日本进口泡面机，用这个泡出来的面会更好吃吗？,1671,2731326,//i1.hdslb.com/bfs/archive/b8e9de6b1a191a0558d25545d734452279f45a7c.jpg,70319059,BV1LJ411F7A5,1570357316,2019/10/6,18:21:56,04:48,7988,5306,12133,1314,81850
小伙用巨型锅子还原哆啦A梦里的超大大大铜锣烧，结果悲催了,1198,1498683,//i0.hdslb.com/bfs/archive/3d08785a50621f7c91989b36ecc86568de4d32ab.jpg,70052072,BV1SE411S7MA,1570191580,2019/10/4,20:19:40,06:02,10504,3362,7431,761,55030
小伙口渴想吃西瓜，没想到切出来的西瓜样子这么的奇怪？,1204,1588244,//i0.hdslb.com/bfs/archive/46e0e33661e0d6222ce0d270ee517e38d7c542c7.jpg,69780696,BV1TE411Q7RH,1570015713,2019/10/2,19:28:33,05:00,10924,4787,10486,1171,67880
小伙眼睛疼直接拿100片蒸汽眼罩敷脸上，会发生什么呢？,842,685214,//i0.hdslb.com/bfs/archive/943dac0262d4c3a31559bc82cff1d1b1f7488a33.jpg,69460965,BV1XE411R731,1569834048,2019/9/30,17:0:48,04:13,2058,1551,3255,486,22515
这样搭铅笔究竟能搭多高？小伙用了五百根铅笔搭到天花板上了,783,810572,//i2.hdslb.com/bfs/archive/acd1f803655fd01516d87a9f8a44f82875529f50.jpg,69040197,BV1MJ411T75g,1569492862,2019/9/26,18:14:22,04:49,6703,3007,7497,697,33253
挑战世界上最大最辣泡面！转型大胃王第一步就失败了,653,1126279,//i0.hdslb.com/bfs/archive/0b6605ab61efb2ce0f1d62b12b2655ea687a04e3.jpg,68847930,BV1FJ411u7rf,1569319103,2019/9/24,17:58:23,04:21,2923,2573,6256,531,36771
用1000度的铁球去搞爆米花能成功吗？会比卖的更好吃吗？,832,799240,//i2.hdslb.com/bfs/archive/4b0070f9d73d6693bac8c20b0c4b5e23d71df4d3.jpg,68509889,BV1UJ411u74w,1569066430,2019/9/21,19:47:10,05:40,9167,2492,5704,925,28117
98元一个的“蟹黄堡”好吃吗？小伙一口气买了四个回家吃,1518,2480516,//i2.hdslb.com/bfs/archive/308af63dbb118059419eeb7d213c405224a2d5b5.jpg,68269436,BV1xJ41137cc,1568887432,2019/9/19,18:3:52,04:33,7870,5977,10921,1146,81300
小伙在家收到一份神秘包裹，打开一看整个人都懵了,759,830333,//i0.hdslb.com/bfs/archive/f5844fcc3f224ab9f8bed34417eaf4cc0f435fb5.jpg,68071190,BV1JJ411w7nx,1568714044,2019/9/17,17:54:4,04:37,19193,1711,2842,721,25646
小伙为庆祝达到两百万粉丝，自制了干冰礼炮场面一分壮观!,1605,937456,//i0.hdslb.com/bfs/archive/1c52e9dae8959b4d9f2ad7220c390653550d3fd2.jpg,67723928,BV1NJ411A7Zo,1568453817,2019/9/14,17:36:57,03:52,11376,3141,5903,715,40856
小伙点了一份100元的炒饭，打开居然是黑色的整个人都傻了,962,1498275,//i0.hdslb.com/bfs/archive/9c341e4791672f43b0582f132260070d50aa3757.jpg,67572140,BV1gJ411N74X,1568359978,2019/9/13,15:32:58,03:59,4327,2779,5169,546,46174
小伙花800元买两盒世界上最辣小熊软糖去整人会发生什么？,1035,1339958,//i2.hdslb.com/bfs/archive/3b3eb3dbb78338e86301bbd72fca4b453e23d321.jpg,67266113,BV1TJ411K7wg,1568116054,2019/9/10,19:47:34,04:51,6884,4646,11755,1429,50416
住1800一晚的民宿 钥匙居然掉石缝里了！,728,726983,//i1.hdslb.com/bfs/archive/3e17bd379837e70f89d0101d9b77272f3858deec.jpg,66989583,BV1V4411C7Av,1567936809,2019/9/8,18:0:9,10:41,5299,2095,4260,588,24134
开箱日本奇葩商品 不幸福袋！居然卖2036人民币？,1934,1285046,//i0.hdslb.com/bfs/archive/e0ee2a2ec19bfcd6f2e69b5311b98bac266835f1.jpg,66807754,BV1S4411y7VT,1567761416,2019/9/6,17:16:56,05:35,31716,2756,6976,1433,44134
花268元磨出的豆浆会比4元的肯德基豆浆更好喝吗,914,875195,//i2.hdslb.com/bfs/archive/c6007fee125f290e430bd754fbe8c1916760487d.jpg,66708886,BV1E4411y7Qx,1567678288,2019/9/5,18:11:28,05:07,3194,1878,4147,512,27979
宿舍半夜偷偷吃零食的经历你有过吗？开学宿舍零食大推荐,953,940748,//i2.hdslb.com/bfs/archive/efdaf9092c9363fac7a8bf4a47ea6f14279c3f32.jpg,66391225,BV1h441117UP,1567423870,2019/9/2,19:31:10,06:15,3998,6000,9011,658,36766
小伙买372元的卷卷糖卷到不能卷为止，能卷多大？,1149,1211384,//i1.hdslb.com/bfs/archive/4e76149f1486de7d85a511ffd106fe7f6c0c9dca.jpg,66156568,BV1D441127D8,1567251842,2019/8/31,19:44:2,04:33,4935,3439,6653,745,46887
把十五个气球吹满气塞进一个气球里在戳破会发生什么？,1107,736459,//i0.hdslb.com/bfs/archive/6608cff62f0697f36ab999a7a9842c5e6c2bfdbc.jpg,65873304,BV1h4411q7Hu,1567069984,2019/8/29,17:13:4,04:01,3682,2125,3859,474,30116
小伙花大价钱只为吃海苔吃到饱，超市里的海苔都被搬空了,1973,972105,//i2.hdslb.com/bfs/archive/31f4e99c9aadea77e3d7c716dbe8a3772c61db35.jpg,65456233,BV1e4411672q,1566815951,2019/8/26,18:39:11,05:36,5210,2752,6351,730,39932
把二十六个尖叫鸡绑在吸尘器上，然后去叫醒熟睡的表弟会发生什么呢？,2602,1032588,//i2.hdslb.com/bfs/archive/184453e9c427391271db3b44c6e8a2f4aa7fe439.jpg,65166208,BV124411r7py,1566642218,2019/8/24,18:23:38,04:03,11048,5517,8322,2632,51036
一百元的麻辣烫是怎么样的？小伙一不小心全部都点了一份,1684,2181371,//i2.hdslb.com/bfs/archive/32e293bd73134e4aa38bae2c3b45524aa381e8ab.jpg,64880352,BV1y441197cR,1566482453,2019/8/22,22:0:53,05:54,8013,5773,13548,1167,85227
把干冰放可乐瓶里会发生什么？小伙差点掉进湖里！,1365,1019425,//i0.hdslb.com/bfs/archive/a751ab0573c69d0f362ad40980b68d9c19878218.jpg,64569302,BV1F4411d7M2,1566300223,2019/8/20,19:23:43,04:13,8690,6589,17834,1457,55867
最贵的外卖店里都卖了些什么？会比便宜的外卖店好吃吗,1771,1640198,//i0.hdslb.com/bfs/archive/99377d789a018d290e95ef51694c27e7b362bf69.jpg,64278476,BV1c4411o7UH,1566121808,2019/8/18,17:50:8,06:38,9050,5421,16816,919,65790
小伙质疑毛豆通气能力，怒买15斤买回家做盐水毛豆吃,1566,781870,//i2.hdslb.com/bfs/archive/6578ac998c5022478cda7bf1208ec57a1846d96d.jpg,63842113,BV1i4411U7xG,1565866745,2019/8/15,18:59:5,04:24,3823,2045,5061,512,32028
为了庆祝一百万粉丝，小伙自制了10000发烟花加特林场面十分壮观！,3711,1112542,//i0.hdslb.com/bfs/archive/e464e44d891d55a39f9f85c2456825ec96f69c1a.jpg,63487282,BV144411S7iX,1565685003,2019/8/13,16:30:3,04:59,78583,14965,40253,3375,83511
一米长重14斤的巨无霸香肠，小伙想吃完它却欲哭无泪,2237,3323313,//i2.hdslb.com/bfs/archive/e1dc62ff370df1456f56794418e7c13c0a1b37ad.jpg,63238394,BV1C4411D74V,1565519280,2019/8/11,18:28:0,04:06,9461,7244,12146,1533,107665
猜拳输了请喝奶茶，小伙怒把奶茶店每种奶茶都买了最后还混在一起喝了,2470,1190901,//i1.hdslb.com/bfs/archive/139e5ea5998bee765d9b55f1d3ee4961980c5201.jpg,62928747,BV1f4411Q7th,1565349585,2019/8/9,19:19:45,07:06,10646,4825,7925,2149,44357
小伙拿100片冷宝宝贴满整个厕所，再也不怕上厕所会热了,2016,1325383,//i0.hdslb.com/bfs/archive/789fc57df5a6deba0b8992edfc868d2150bdfc82.jpg,62639671,BV1xt411T7Cb,1565180725,2019/8/7,20:25:25,04:10,5170,4694,12333,827,55332
把海底捞所有东西点一遍要花多少钱？小伙准备吃土了,2354,2709471,//i1.hdslb.com/bfs/archive/f918fab97d112f64bf4cd7dc6db1a1d6455455ac.jpg,62343525,BV1qt411M7Tr,1565010594,2019/8/5,21:9:54,05:15,8544,8559,26190,2919,93709
小伙花388买了食人鱼拿来做烧烤吃，家里居然差点就着火了,1115,1046428,//i0.hdslb.com/bfs/archive/cbe05ff26a9158f1a1feab1cba55e4293c153f9b.jpg,62121952,BV1gt411g7BD,1564916422,2019/8/4,19:0:22,07:31,5926,1984,3947,578,32541
在泡面里放1440个鱼板会更好吃吗？小伙吃到呕吐,1703,1888808,//i1.hdslb.com/bfs/archive/dae3008034dd27fd22255782a36eb129142bb598.jpg,62039656,BV1dt411u7FA,1564834220,2019/8/3,20:10:20,04:27,5411,3512,5546,646,54311
小伙为录视频买彩票却中了100万？最后只给了女朋友一万？,1330,1677003,//i1.hdslb.com/bfs/archive/57cb33b2e183314734de27f83f4b1b5841b89b7f.jpg,61736976,BV17t411F7Xk,1564655211,2019/8/1,18:26:51,07:13,6145,3847,7023,1031,50202
小伙情人节送女朋友这些小零食，女朋友感动到哭泣,1960,1145764,//i1.hdslb.com/bfs/archive/f7cbf076a408aa419f25e731f938cd81f148003d.jpg,61135290,BV1st411w79f,1564308112,2019/7/28,18:1:52,07:03,5856,4498,6978,863,36132
小伙超爱吃芦荟于是网购了25斤重的超大芦荟，准备做菜吃,1730,1359529,//i0.hdslb.com/bfs/archive/c93325db9c933a4fd3aa5c07206ca8e3e3323971.jpg,60707644,BV1pt411j73e,1564051736,2019/7/25,18:48:56,07:29,9057,3492,6663,599,44271
第一次打开两年前录给自己的视频，看看两年前的自己都说了些什么,1728,643097,//i0.hdslb.com/bfs/archive/7494170c44ac410430b4f65a3ab128101b59857f.jpg,60566056,BV1mt411L7B7,1563967065,2019/7/24,19:17:45,07:32,9867,3307,6898,589,29872
小伙为了提前庆祝100w粉丝，买了一百个礼炮绑在一起庆祝,2234,1082928,//i1.hdslb.com/bfs/archive/697b8cb6ae4d99da174934d6f16f7acb82e680d1.jpg,60138242,BV1Ft411J7pR,1563702856,2019/7/21,17:54:16,04:01,12761,5352,16571,624,58182
把尖叫鸡绑在十个气球上会怎么样？发出的声音让邻居都想搬家了,1080,537948,//i2.hdslb.com/bfs/archive/eb4624cc90f52d8e0f8b7c0dd90f9f8001880ba2.jpg,59859140,BV1Nt411n7sy,1563539404,2019/7/19,20:30:4,04:59,5241,3277,8757,1622,24882
"男子在深夜不睡觉只为把电量用完,男默女泪",1398,644926,//i2.hdslb.com/bfs/archive/1a60bba2bf3e748d11e097a4a6bd8c22ca1d5cd9.jpg,59726477,BV1Jt411375p,1563451569,2019/7/18,20:6:9,07:07,4623,3086,4069,820,21304
"吃不起帝皇蟹，小伙怒买250元一只的老虎虾做蒜蓉,一下子买了两只",1620,1530481,//i0.hdslb.com/bfs/archive/efa6919545aeef909ed7ab6f240a7942164d9a67.jpg,59567302,BV18t411g7jk,1563364176,2019/7/17,19:49:36,05:37,6121,9894,38334,699,72457
吃不起帝皇蟹 小伙怒买40只螃蟹解馋没想到全部吃完了,1743,1430053,//i1.hdslb.com/bfs/archive/a9f5ac1694d2872246139f7eba3ac80ee7790897.jpg,59037639,BV1gt411V71P,1563022489,2019/7/13,20:54:49,07:02,6680,4030,11957,686,50940
意大利面网红新吃法！这样烧根本没熟可把小伙坑惨了,1271,1345066,//i1.hdslb.com/bfs/archive/f36f5d722608aff5602cb30cc48a321cd476c13c.jpg,58754827,BV1vt41157p1,1562842439,2019/7/11,18:53:59,04:18,5695,3168,7457,656,39869
小伙把盐加热到1400°倒进西瓜竟然发生了大爆炸！？,1052,655073,//i0.hdslb.com/bfs/archive/174d6e75541ecf0fb011036f3e750665cacb52c1.jpg,58351579,BV1t4411F7Lm,1562584476,2019/7/8,19:14:36,07:27,9996,4345,18030,754,32606
地震应急包！地震来临前必备  里面都有些什么东西？,1291,801034,//i0.hdslb.com/bfs/archive/7e56d1419f38684bbb46eb236e2ebb69d359ad34.jpg,57946349,BV1j4411c75w,1562319774,2019/7/5,17:42:54,07:26,5688,5759,15005,479,62703
据说用珍珠奶茶煮米饭会特别好吃？小伙尝试后狂吐不止,925,788674,//i0.hdslb.com/bfs/archive/063d0fd2dbf1cd9363ac67c1aeb93397d72b3498.jpg,57237838,BV1mx41197K7,1561802334,2019/6/29,17:58:54,04:35,2435,4012,14956,949,38393
在披萨里加五个榴莲会怎么样？500元的披萨吃到撑,1045,1354581,//i1.hdslb.com/bfs/archive/445ed93b6d47a1384e3345905c9fcc5b62e4bd45.jpg,57012990,BV1Jx411d7wN,1561631490,2019/6/27,18:31:30,04:52,5275,2756,6488,774,36934
还在补桌子？小伙直接用泡面做了一把切菜刀 真是削泥如铁！,939,821496,//i1.hdslb.com/bfs/archive/4f1dfcff43861330eba5e15e4274ee4e7891fcea.jpg,56797675,BV1Ax411Z7sP,1561461343,2019/6/25,19:15:43,05:41,3298,1993,4597,489,24365
小伙模仿大胃王买了15斤小龙虾回家吃  吃到最后想吐了,2437,1770893,//i1.hdslb.com/bfs/archive/5d78f76919e21df8168bc7d3702e01b43342790b.jpg,56459411,BV124411u7HC,1561206659,2019/6/22,20:30:59,07:59,8257,7093,31544,1404,72430
还花4小时去买大白兔奶茶？小伙在家自制了100%原汁原味大白兔奶茶,1228,1001151,//i0.hdslb.com/bfs/archive/866b7c168349c77be8c58589bad6d2b9f4aea1e5.jpg,56197688,BV1T441137bo,1561025172,2019/6/20,18:6:12,04:52,4286,2724,5163,550,27928
2500元一顶的“能量帽”有多神奇？据说可以生发提高智力？,1029,776439,//i2.hdslb.com/bfs/archive/b2bf995914910fe11b2c6297848123237140a135.jpg,56088754,BV1A4411V7dx,1560935529,2019/6/19,17:12:9,06:24,4653,2367,4628,1139,23984
可以做出超大章鱼烧的日本小丸子机器  才做了一个就坏掉了？,936,993445,//i1.hdslb.com/bfs/archive/db733a1be38b78e740b0b68436a150f5df70ae0a.jpg,55776888,BV1J441157tu,1560672359,2019/6/16,16:5:59,04:20,2978,3430,9101,452,30275
小伙花一整天都在用纸切开西瓜  看起来不太聪明？,1352,1032775,//i2.hdslb.com/bfs/archive/e23ccfd5aefcbd5972685bfe1a411e67a5ad9dfb.jpg,55665186,BV1i4411V7ge,1560589481,2019/6/15,17:4:41,06:03,6134,2815,5988,521,33289
评分最低的外卖和评分最高的外卖的区别到底在哪里？,1139,1477818,//i0.hdslb.com/bfs/archive/5867df0966e3183584b794a8bef6dad2760f6381.jpg,55363492,BV1f4411A75o,1560332218,2019/6/12,17:36:58,04:53,2899,2680,4370,275,35432
把日本的所有清酒混合在一起会更好喝吗？,866,543034,//i0.hdslb.com/bfs/archive/fdf9724728537a50d0358394cd0268443df76468.jpg,55155062,BV114411N7Ec,1560158741,2019/6/10,17:25:41,04:45,2622,2100,4433,263,18741
在1000000颗水宝宝里洗澡是一种什么样的体验？,2222,1067751,//i2.hdslb.com/bfs/archive/2def553c70f7a3ff288ef5867afc9adb8334a8a6.jpg,54833257,BV1U4411K7Cw,1559903253,2019/6/7,18:27:33,05:38,9020,5075,11861,1391,44828
纸飞机还能这么玩？风扇对吹能让纸飞机在空中一直飞？,736,534298,//i1.hdslb.com/bfs/archive/9c5c34175ceafd47aa95aeced9a01a441fa9d86a.jpg,54718708,BV1y4411M7rX,1559812596,2019/6/6,17:16:36,04:42,2702,2337,8028,239,24108
花300元买到蓝龙虾了！吃下去的第一口就后悔了,1714,1034734,//i2.hdslb.com/bfs/archive/282830dcae19b0684b0842551cc140b45cb096d8.jpg,54542714,BV1D4411T74e,1559638185,2019/6/4,16:49:45,04:39,2356,2745,6517,518,30163
花一千元去买彩票能赢一栋房回来吗？没房没车的小伙怒了,4296,1195907,//i2.hdslb.com/bfs/archive/36a8fb6dd35dca91ee0f819ce8e5f28ccd9c322f.jpg,54257060,BV184411p7ce,1559381703,2019/6/1,17:35:3,15:43,4596,4136,9402,1006,39698
用暖宝宝贴满整个房间是不是就可以蒸桑拿了？我真是天才,2316,1289875,//i0.hdslb.com/bfs/archive/bbc0cd3c00db2037cd732811c761ff8347f2f35d.jpg,53441054,BV1B4411L7LX,1558690550,2019/5/24,17:35:50,04:42,6807,2624,6189,520,31473
老板往螺蛳粉里面加一百包酸笋，请酸晕我,1134,1159213,//i2.hdslb.com/bfs/archive/554e7d124e4e968cd379165a486f6d7ea5635214.jpg,53260365,BV1X441157L9,1558518827,2019/5/22,17:53:47,05:21,4209,2332,4732,408,29890
把“苹果手机”放进-80°的水里会发生什么？,932,365105,//i0.hdslb.com/bfs/archive/f83f5ad456166578a80c2b4acdb66ccebd48567d.jpg,53166780,BV1R4411j7hT,1558432334,2019/5/21,17:52:14,04:21,1842,1267,2891,97,14835
三天里小伙只吃香蕉能瘦多少斤？绝对不吃其他食物！,2238,862680,//i2.hdslb.com/bfs/archive/50431572dc9d1e7b3866b35b41e4d636b0c1f295.jpg,52848858,BV1o441177iL,1558176415,2019/5/18,18:46:55,06:48,4250,2416,6318,760,28605
可以摇成球的饼干，如果拿100盒摇一个巨无霸饼干球能成功吗,1174,902608,//i2.hdslb.com/bfs/archive/7250b837d3abe1a647eef2359c6b3409d7936b2e.jpg,52729160,BV1h4411774U,1558088022,2019/5/17,18:13:42,03:48,3955,2623,6780,394,28188
用优惠券买到的粽子真的会比用原价买质量差很多吗？,980,743376,//i0.hdslb.com/bfs/archive/e2ebb155c1531a484ad16b51295790ad5fb5b312.jpg,52633347,BV1r4411J7zP,1557998588,2019/5/16,17:23:8,05:46,2077,1498,2938,204,19132
狗在房间里拉了300坨便便，被人看到了会怎么样？,1139,970350,//i1.hdslb.com/bfs/archive/71b3f1c5c16531de9b9dfa0bbe89aa33882c419a.jpg,52454255,BV1B4411E741,1557827457,2019/5/14,17:50:57,04:27,4308,3258,5184,789,28473
吃多少酒精巧克力可以吃断片？小伙最后吃懵逼了都,1643,995385,//i2.hdslb.com/bfs/archive/83b443eac2a6e7fe440996b8f44865776c68dd2e.jpg,52137415,BV1j4411e7Vv,1557568322,2019/5/11,17:52:2,05:25,3953,3011,7441,474,32736
"100元的烤冷面长什么样,老板料给我往死里加！",1499,1370360,//i2.hdslb.com/bfs/archive/dc43469b548bb8869e4d4c582bbee9aff09bd98b.jpg,52019327,BV1a4411Y7jM,1557480940,2019/5/10,17:35:40,05:26,4245,3937,11036,771,40804
被罚抄一百遍课文，这支笔一秒就可以写完！？,1182,1023142,//i1.hdslb.com/bfs/archive/7caa096557a343f97758546a0f6aca3d763a5d90.jpg,52017291,BV164411Y7uC,1557479153,2019/5/10,17:5:53,02:27,2343,4915,6984,656,37171
刨冰什么味道比较好，老干妈还是臭豆腐味？,719,616578,//i2.hdslb.com/bfs/archive/7c20827f0ef8412ee2d0a853e3fb3ea49552fb85.jpg,51824084,BV1G4411v7Wf,1557303583,2019/5/8,16:19:43,04:38,2021,1705,4219,201,19467
用激光笔可以爆出爆米花吗？用的时候居然爆炸了！,979,751703,//i2.hdslb.com/bfs/archive/70d1e2086b003cd670fa62f75b5cc8fb22374d34.jpg,51638088,BV1R4411i7S6,1557138063,2019/5/6,18:21:3,03:21,1849,2404,4182,164,22380
还在吃啤酒龙虾？小伙用蓝色可乐煮出了美味的绿色龙虾,2061,1819571,//i0.hdslb.com/bfs/archive/99b3687bccd430d78b9d601c5b79c723c7959644.jpg,51430449,BV1X4411v7HG,1556963880,2019/5/4,17:58:0,04:27,5150,6501,21558,741,65155
用抖音最强胶带做一个蜘蛛网吊床，能承受住188小伙的体重吗,1376,1196683,//i0.hdslb.com/bfs/archive/685531e3c378e4dc0a225888db416e2293de4b8e.jpg,51296792,BV174411473D,1556873746,2019/5/3,16:55:46,03:08,2637,3102,7064,346,32387
把米粒碾碎在拿电饭煲蒸，居然可以做出这么好吃的米饭？,1833,732475,//i2.hdslb.com/bfs/archive/dc3b1f2b72ef16ae3859201806bcdff324ba68df.jpg,51172203,BV184411x7iz,1556786948,2019/5/2,16:49:8,04:03,4508,2411,5642,258,24464
日本又一奇葩泡面，脑浆洗发水味道泡面，怎么这么奇怪,725,655172,//i0.hdslb.com/bfs/archive/865dd2adb581dfbd3d2f7c91c1acfeaa575674f1.jpg,51016235,BV1W4411t7MG,1556699405,2019/5/1,16:30:5,03:21,2625,1526,4042,137,18168
在熟睡的表弟旁边敲大铜锣会发生什么，上学还会迟到吗？,1102,905408,//i0.hdslb.com/bfs/archive/20777cca6c4fcd5ab2c363c1d67223c3d29718d6.jpg,51016478,BV1W4411t73X,1556698204,2019/5/1,16:10:4,02:09,2457,3540,4976,655,30475
放弃百万年薪的三个月里我赚了多少钱？小伙苦不堪言,1860,752900,//i2.hdslb.com/bfs/archive/e166d820014ac5955f08b5d2ce932e16f843781f.jpg,50739298,BV1U4411b7uJ,1556443308,2019/4/28,17:21:48,05:21,3638,4846,17507,665,36232
听说蓝莓可以治视力，那我吃一千颗是不是就不用戴眼镜了,1168,523930,//i0.hdslb.com/bfs/archive/e14424ba6f2abcf692ba1347d39e4b18003c50b8.jpg,50608602,BV1M4411b7Gk,1556355617,2019/4/27,17:0:17,03:03,1971,1521,3209,97,16676
把二十桶薯片蛇塞进一个罐子里去整蛊表弟，会发生什么？,1317,830872,//i1.hdslb.com/bfs/archive/b97bb34c1695947bdc4cfc6235bddd1923089b6c.jpg,50531029,BV1x4411h7cF,1556278402,2019/4/26,19:33:22,03:10,6882,7491,15152,3855,37139
挑战世界吉尼斯记录！全身上下贴满便利签,1117,370486,//i1.hdslb.com/bfs/archive/1776f4059636f2453afd5695d9bf9878b62579e7.jpg,50339521,BV1x441187bp,1556099465,2019/4/24,17:51:5,05:16,13296,2604,8181,218,16919
又是透明系列，这透明酱油喝起来怎么感觉怪怪的？,747,499228,//i1.hdslb.com/bfs/archive/577150a72d6985f1eead78f2a575783877172ce5.jpg,50149864,BV19b41137LN,1555927214,2019/4/22,18:0:14,03:15,1409,1759,3935,232,15753
蹲在马桶上打高尔夫球！？抖音沙雕玩具开箱,702,268596,//i2.hdslb.com/bfs/archive/59fc01d6381b2f7d790390540adf1cf5dcca146c.jpg,49900558,BV1Tb411V71x,1555744273,2019/4/20,15:11:13,04:54,2175,1354,3426,240,13698
你吃的外卖可能都有上瘾粉，看完你还敢吃吗？,998,712313,//i2.hdslb.com/bfs/archive/f006f2fd5aa10da1927be962c374552b72639e88.jpg,49711506,BV1cb411L76o,1555590742,2019/4/18,20:32:22,04:59,1724,1729,3597,202,18948
印度居然生产罐装汤圆？吃了一口感觉甜的恋爱了,931,614360,//i1.hdslb.com/bfs/archive/89e21f82bf4b2f980e71468c5fe072f2ad0d8cf3.jpg,49515073,BV1kb411j73s,1555411699,2019/4/16,18:48:19,04:25,2761,2456,6816,284,22658
小伙熟猪脑吃不惯，撩起袖子生吃脑子！,1065,601713,//i1.hdslb.com/bfs/archive/3dc2b89a5034f8ed177d73a67c4b473188acb3fb.jpg,49314926,BV18b411L7nc,1555238469,2019/4/14,18:41:9,04:13,1828,2108,6101,162,19657
日本500一罐的珍珠蚌罐头  小伙一下子买了两个,903,801786,//i2.hdslb.com/bfs/archive/139916753ebae3a800995d062ad7320c5a439770.jpg,49069250,BV1nb411K7sk,1555059788,2019/4/12,17:3:8,03:52,1688,2414,7112,154,25698
男子生吃蚂蚁蛋 半小时后感觉蚂蚁在喉咙里爬,974,658763,//i2.hdslb.com/bfs/archive/5fd47a32a83e4264b92ba0564d4e812ceb326f88.jpg,48890471,BV1ub411M7wP,1554888842,2019/4/10,17:34:2,03:39,2399,1982,4680,355,18096
花2000元买的娃娃机只是摆设？男子怒爆抓娃娃机内幕,806,498254,//i2.hdslb.com/bfs/archive/1a5876e4ba4627da89131bd3c4ba2401ac50cc59.jpg,48612486,BV1Vb411u7QV,1554635867,2019/4/7,19:17:47,05:16,1263,2368,6723,385,20238
7元一颗的车厘子和4元一颗的樱桃到底有什么区别！？,1145,475921,//i1.hdslb.com/bfs/archive/9c8dfc3bcec3fc3cc4029f9548a3a832eb82b5e5.jpg,48487373,BV1Lb41137Qm,1554545332,2019/4/6,18:8:52,04:35,1673,1529,4461,245,16890
吃草莓吃到饱是一种什么样的神仙体验!,1459,553995,//i2.hdslb.com/bfs/archive/fa7719bfb6151425a149a43530c359c86c147a07.jpg,48370853,BV1Db411g7qv,1554457861,2019/4/5,17:51:1,04:19,3030,2211,7085,386,22341
"100元的广东特色巨大肠粉,小伙吃到内牛满面",1341,1072180,//i2.hdslb.com/bfs/archive/987ed2e2be92acdac6d46b9d90f66b8e946898a2.jpg,48171944,BV1Lb411W7MU,1554285343,2019/4/3,17:55:43,05:21,5033,2769,7649,615,32187
小伙把150个雪饼上的粉全部刮下来吃掉，数量惊人,1687,431633,//i0.hdslb.com/bfs/archive/013746b79ac680b85171b261bc4c557348a48394.jpg,47772309,BV1yb411W76n,1553940184,2019/3/30,18:3:4,04:02,1543,1984,7351,291,18151
小伙爱抓娃娃，怒花2000买个抓娃娃机摆家里想怎么抓就怎么抓！,822,555711,//i2.hdslb.com/bfs/archive/6d4ab9707e4664bf71899dd2986ba1f97da5725a.jpg,47583154,BV1ib411x7G8,1553772188,2019/3/28,19:23:8,09:40,3257,3136,11746,1249,22507
100根玉米香肠里面究竟会有多少玉米呢！？数到放弃,1452,975645,//i2.hdslb.com/bfs/archive/7755ac42920e2700489529f0b9247235f5ec9a99.jpg,47408068,BV1Lb411t7Pi,1553593834,2019/3/26,17:50:34,05:41,4182,6653,20475,1180,51327
自制澳洲波士顿金箔龙虾披萨  价值1000元你会买吗？,801,408817,//i1.hdslb.com/bfs/archive/5df62e67ee270cba3317b377a2db14b024f64b2f.jpg,47209968,BV1Gb41147ni,1553417702,2019/3/24,16:55:2,06:02,1883,1600,5590,146,15074
用赛车赛道做旋转寿司吃  寿司全都被甩飞了？,738,570743,//i2.hdslb.com/bfs/archive/0a19946c9d8cbcf968fb83f837fef380efe2af16.jpg,47000376,BV15b41177oV,1553247877,2019/3/22,17:44:37,04:00,2045,1930,5688,310,17222
把一千只假蟑螂黏天花板  表弟睡觉的时候会吓晕吗？,1030,493273,//i2.hdslb.com/bfs/archive/aa49e50255c239ee122ab6233470b75d16c7e63a.jpg,46745994,BV1tb411E7HX,1552992555,2019/3/19,18:49:15,03:58,3307,2242,4665,652,19343
开箱日本夏天必备的流水素面机  尝起来跟冰箱里拿出来一样,878,787216,//i0.hdslb.com/bfs/archive/365e5a97b3cfabed9950840ee3a64990b942cee1.jpg,46561758,BV1Gb411n7sN,1552815384,2019/3/17,17:36:24,04:47,3017,3268,9500,310,25740
小伙把一颗400元的绿色鸸鹋蛋拿来煮水煮蛋  竟然煮烂了,645,549595,//i1.hdslb.com/bfs/archive/8b1af9ac0cd874d801d0548e48c0ebbe28dc7610.jpg,46165824,BV1Qb411n7AN,1552466762,2019/3/13,16:46:2,04:24,2659,2428,11279,227,23050
素食主义者吃的牛排火锅味道竟然跟嚼橡胶一般？,750,428442,//i0.hdslb.com/bfs/archive/313b003e9a3409852060d603342fda4c16944762.jpg,45995983,BV1xb411e7oQ,1552297976,2019/3/11,17:52:56,04:37,1207,1473,4066,111,13327
1万根薯条大胃王挑战！吃剩的薯条不要扔还可以做菜,969,855744,//i2.hdslb.com/bfs/archive/21e2ade06d93869cb982d7a12821fd338e43be19.jpg,45674506,BV1bb411v7Ze,1552033564,2019/3/8,16:26:4,03:54,2913,2579,6122,321,23476
用自己的脑袋劈100块木板可以练成铁头功吗？,784,353918,//i2.hdslb.com/bfs/archive/1a3c365e84b4cefefc79e2bebc7b1c66b7887bd1.jpg,45498826,BV1jb411q7bx,1551857855,2019/3/6,15:37:35,04:37,2825,2580,15655,317,19478
"小伙花500元开出4mm真黄金,赚了还是赔了？",875,585749,//i2.hdslb.com/bfs/archive/ba9de2d5081d8f1d0b40ef26373713c7be78092c.jpg,45125853,BV1Vb411B731,1551518846,2019/3/2,17:27:26,04:40,2233,2247,9010,249,20000
挑战400串正新鸡排牛肉串~吃到怀疑人生！,1351,1261116,//i0.hdslb.com/bfs/archive/e13546f6007dee10512e40301a74a3c3a51bca65.jpg,44937868,BV13b411b7UN,1551349196,2019/2/28,18:19:56,04:27,4715,5312,23874,549,50421
男子为了体验来大姨妈的感觉居然狂吃油鱼,2787,830130,//i0.hdslb.com/bfs/archive/e5cedd3d39eb164a943b9a674a6aff804da3a4c0.jpg,44751039,BV1yb41187uK,1551166529,2019/2/26,15:35:29,05:07,5866,2521,7287,1405,22110
"开箱抖音四种沙雕玩具,这个陀螺永远停不下来？",972,531443,//i1.hdslb.com/bfs/archive/0b99c6551c6fe71bdc16e1c32584baf3dbf589d3.jpg,44366131,BV14b411h7z9,1550822459,2019/2/22,16:0:59,06:15,3408,3948,15829,895,26046
100瓶真果粒里面会有多少果粒呢？,1788,597624,//i1.hdslb.com/bfs/archive/553ac764f49e0752d64681ecfe5189e61a69e82e.jpg,44074889,BV1Sb411a7VM,1550566585,2019/2/19,16:56:25,03:39,2809,3039,11804,704,22981
被骗小伙又花400元买了三块石头？,2207,483838,//i0.hdslb.com/bfs/archive/9e02d00712c21e1a7a1de79b817d96e5c03163bd.jpg,43764597,BV1gb411m72q,1550314917,2019/2/16,19:1:57,04:14,5818,2696,11699,251,22521
震惊！coco里珍珠数量居然比一点点多出那么多？,1205,505782,//i1.hdslb.com/bfs/archive/8460dbf4390bea59cb85fee8eea982356fc965ba.jpg,43763255,BV13b411m7cd,1550314047,2019/2/16,18:47:27,04:44,4474,1719,3842,761,12627
"买了超多日本不同的泡面, 能吃的完？大胃王挑战",1428,469255,//i1.hdslb.com/bfs/archive/685bcf34e78475a35b6d94149269e3999fd8cd7b.jpg,43546472,BV1Pb41127Yt,1550145107,2019/2/14,19:51:47,04:36,3195,1979,5002,261,15231
笑了就要喝饮料还有染头发-不要笑挑战,1086,542311,//i2.hdslb.com/bfs/archive/07a7ec017c46f5aa534f56ae1094503a599c86ce.jpg,43215144,BV1yb411S73k,1549873325,2019/2/11,16:22:5,07:27,3329,5049,11764,1352,24533
学会赌神的一柱擎天要花多久时间？！,1317,1037774,//i1.hdslb.com/bfs/archive/6533f8a9fea8931aa0264fb851d519783df95116.jpg,43044051,BV1Db411U7ih,1549704845,2019/2/9,17:34:5,05:19,5736,10154,34302,669,62677
小伙花600元开出价值3000的纯金骷髅！？,6310,468725,//i1.hdslb.com/bfs/archive/1d00900bdfde73484ace4e06222513dd49d87fec.jpg,42709113,BV1ob411r7Zd,1549355909,2019/2/5,16:38:29,03:43,1921,7977,27276,221,26554
用一箱牛奶果去榨出一杯新鲜的牛奶会更好喝吗?,1104,740877,//i1.hdslb.com/bfs/archive/693be761d7efd96346bcb1ee31a5e0b904ccde69.jpg,42439628,BV1Lb411C7zL,1549099864,2019/2/2,17:31:4,03:34,2629,2128,7800,310,20286
把麦当劳所有汉堡买回来找出最好吃性价比最高的汉堡！,2060,1001726,//i0.hdslb.com/bfs/archive/9f3f10070b39d5c21c84d1b484a2ad9ce706bb8a.jpg,41570381,BV1tt411b7j4,1548320885,2019/1/24,17:8:5,06:34,6341,4111,11778,1568,25014
小伙开箱抖音四种奇葩玩具被坑哭!,816,1170505,//i1.hdslb.com/bfs/archive/70289961d8a97ed9a7a56ea7bd691c7fd5853d3b.jpg,40963674,BV1Qt411h7aJ,1547719845,2019/1/17,18:10:45,05:28,4660,4575,11336,1915,32968
制作一个世界级超级巨无霸汉堡来吃？,719,518259,//i1.hdslb.com/bfs/archive/a9fc22ba2a152f92c4b1e6ac3357181e36063a31.jpg,40802889,BV1ft411H7mC,1547544744,2019/1/15,17:32:24,04:53,3689,2548,9292,420,17034
用100份暖宝宝来煎鸡蛋会熟吗！？,859,523082,//i2.hdslb.com/bfs/archive/b5ca6035440e70c462922b4cfeccbeafb9a09199.jpg,40557704,BV15t411W7pW,1547287851,2019/1/12,18:10:51,05:59,2522,2263,9352,339,17819
168元的巨大健达奇趣蛋里面有些什么东西？,805,639380,//i2.hdslb.com/bfs/archive/30936d9ef99debbf9563785a9db60b81b4ec0014.jpg,40466388,BV1mt411p7sT,1547199055,2019/1/11,17:30:55,04:38,3105,1901,7428,399,16588
超小型洗衣机能否洗干净一双袜子？,366,288146,//i2.hdslb.com/bfs/archive/3c6fb4d86cd7a13a8c98ca66892799973f92ffbe.jpg,40388294,BV1Wt411p7Gu,1547113003,2019/1/10,17:36:43,05:48,1825,930,3532,285,8295
110元的寻宝玩具可以挖到真的黄金诶！?,892,444998,//i1.hdslb.com/bfs/archive/925facf3994c2e847cf7e88180c034d36db17eaa.jpg,40068117,BV1Tt41147SQ,1546761926,2019/1/6,16:5:26,04:14,1679,5103,34232,152,31242
100元的鸡蛋饼到底有多好吃 料超多！？,1433,1397854,//i0.hdslb.com/bfs/archive/5d21d57f9239971ff4268fa47550f09aaa3305cf.jpg,39895790,BV1Lt411x7KB,1546594874,2019/1/4,17:41:14,06:51,4328,6582,37600,1714,54391
把旺旺仙贝的粉融合成一个超级大仙贝会更好吃吗？,1110,410645,//i0.hdslb.com/bfs/archive/9b80423c682099c8752c71ceb891dd6c86bff97a.jpg,39626639,BV1tt411B7ag,1546318977,2019/1/1,13:2:57,04:33,2614,2681,19488,743,21173
宇航员在太空中吃的食物是什么样的呢？口感有点像呕吐物...,472,312889,//i2.hdslb.com/bfs/archive/07ef4f8366fe96dbd4b3628ac3fbdb2135e64b57.jpg,39419128,BV19t411z7ri,1546163078,2018/12/30,17:44:38,04:45,1432,918,3007,297,7726
鼻塞的人有救了！矿泉水瓶夹腋下可以治疗鼻塞！?,543,249848,//i0.hdslb.com/bfs/archive/e290649349bc6584a6bdcbe668efd55056ded0aa.jpg,38843356,BV1ht411k7U7,1545557486,2018/12/23,17:31:26,02:33,447,1272,3364,294,6103
"这只竹鼠中暑了,不如我们把它烤了吃吧！",366,351102,//i2.hdslb.com/bfs/archive/e5a9405eb6ba407abd7a6549f6dc5ea7c05422c5.jpg,38667197,BV1Yt411Y7R9,1545394840,2018/12/21,20:20:40,04:00,755,800,3032,86,7586
小伙尝试吃榴莲火锅 被人说在煮屎！,782,430062,//i0.hdslb.com/bfs/archive/9f8842b388ec53194ccd9b6de4c6115ecb87a486.jpg,38521719,BV1Et411v7id,1545217278,2018/12/19,19:1:18,05:32,2092,1295,7542,476,13319
比甘蔗干还奇葩的水果干！石榴干是什么样的？,517,316503,//i1.hdslb.com/bfs/archive/b7eefc27881b5303929ee08c006ebb501dcbbe8d.jpg,38380370,BV12t411e7Y8,1545041793,2018/12/17,18:16:33,04:06,976,1098,8689,190,10352
用100份暖宝宝可以煎熟牛排吗？,913,504280,//i0.hdslb.com/bfs/archive/fc0f6a72b3ac6fd2fa60051dd9be73bb15454d64.jpg,38217084,BV1qt411i7Lu,1544866240,2018/12/15,17:30:40,04:00,1439,1482,6661,232,11027
我放弃了100万年薪来做视频？？,2751,571240,//i0.hdslb.com/bfs/archive/6c9b3661bd2c64fc9c7c4d7969205e9e964d565a.jpg,38067118,BV16t411v77a,1544697176,2018/12/13,18:32:56,07:36,3718,7421,43460,946,38358
"用长相奇特的象拔蚌来做刺身,味道是什么样的？",491,395606,//i2.hdslb.com/bfs/archive/a0a126e791fb7bbb2e32a8aec24d32e331af6436.jpg,38001449,BV1ct411B7kG,1544612330,2018/12/12,18:58:50,03:49,4663,934,2923,470,7293
"用A4纸做一个火锅,真的可以用来煮东西吃？",489,450487,//i1.hdslb.com/bfs/archive/ed137ce7dc96438b19d59167ed6bd9b74dc267ca.jpg,37870812,BV1nt411q7MW,1544440489,2018/12/10,19:14:49,05:24,1532,1525,9141,369,13390
剥栗子神器！没有男女朋友的可以很方便的吃了,521,393126,//i1.hdslb.com/bfs/archive/c1fbedb93bea5df4da31a8dd63520225a970f9a0.jpg,37613680,BV1bt411S7Qo,1544177358,2018/12/7,18:9:18,03:28,949,960,5524,175,10325
最奇葩的水果干 甘蔗干的味道是什么样的,1992,1196458,//i1.hdslb.com/bfs/archive/55d10b024dc93031a7cfccf45ed564d0f92015f1.jpg,37474833,BV1tt411Q7bz,1544005824,2018/12/5,18:30:24,03:01,2769,2347,7154,1153,18149
3元外卖包VS 115元外卖包  真的和外卖味道一模一样吗？,594,473388,//i2.hdslb.com/bfs/archive/af2ef680964298fbe0136ca170d3aa45762d7fb0.jpg,37164917,BV1Ct411X7Eg,1543656310,2018/12/1,17:25:10,04:53,898,1523,12913,272,13826
欧美流行的丰唇器真的能改善我“帅气”的面貌吗,360,279295,//i0.hdslb.com/bfs/archive/58ee0c1b1e8a810ad7790c62d509f9ebf668a848.jpg,37083366,BV1Tt411X7Bo,1543573139,2018/11/30,18:18:59,05:41,1306,1216,8056,126,10503
开箱抖音情侣神器99%的女生都哭了,512,369348,//i1.hdslb.com/bfs/archive/fc7a5acb00851541fd12fc15602d47a67b700b03.jpg,36947825,BV1Tt411R7Xr,1543399860,2018/11/28,18:11:0,05:55,1402,817,1598,160,6891
试吃王刚老师的冷吃牛肉 性价比真的很低吗？,1479,650311,//i1.hdslb.com/bfs/archive/f1dab04c8ad8028dac7f3742f376a5626caa1c87.jpg,36580869,BV1Jt411y7Uq,1542966031,2018/11/23,17:40:31,05:57,1598,804,1928,116,7507
小伙开箱不费电不费钱的小型洗衣机,295,216443,//i1.hdslb.com/bfs/archive/c782496a70139b319864ec20d7b825b0aeb9dc24.jpg,36513935,BV1Ft411y74M,1542879965,2018/11/22,17:46:5,03:26,755,824,3112,462,6156
在烧仙草里加上一百份芒果会怎么样？,922,631417,//i1.hdslb.com/bfs/archive/6116f915f16aec65d80bb72c9dd3acf259ecb6ad.jpg,36153976,BV1at411m7gi,1542445521,2018/11/17,17:5:21,05:34,2580,6756,14282,263,22817
魔鬼辣椒制作的世界第一辣泡面究竟有多辣？,401,317224,//i0.hdslb.com/bfs/archive/485f7988e4b1e95105bb412b999734c1f9e3fb9e.jpg,35608475,BV1rb411c7ZM,1541753951,2018/11/9,16:59:11,05:32,1465,1641,14267,178,12298
一碗65元的泡面足足有2142卡路里,432,327810,//i0.hdslb.com/bfs/archive/94f6c1d91d3f52adeec863ed2b077fd6753c7a0f.jpg,35487693,BV1Ab411c7Ub,1541583257,2018/11/7,17:34:17,06:13,1672,1587,11530,148,11012
用童年回忆做出了一个超级大打不破的泡泡,358,429077,//i1.hdslb.com/bfs/archive/87c07dad3baa2f4c6ffda35b3cf383ca3c17cb9e.jpg,35125959,BV1vb411P7iK,1541150608,2018/11/2,17:23:28,04:17,1812,1162,3070,241,9796
永远不会被弄湿的纸 依然能在上面写字,269,203106,//i0.hdslb.com/bfs/archive/9f82aff787ea97c2c8de494968ade3438cc74480.jpg,34994880,BV1Rb411A7BV,1540973294,2018/10/31,16:8:14,07:05,1395,883,2705,108,5160
挑战一百个冰淇淋筒能否成功？？,506,466906,//i2.hdslb.com/bfs/archive/bcc826f9f1793eb0f01843a91541ebeb8bc0d350.jpg,34711481,BV1Jb411N7qK,1540634340,2018/10/27,17:59:0,03:56,1802,2206,14603,97,16296
小伙挑战连吃八锅巨无霸火锅,426,397705,//i1.hdslb.com/bfs/archive/b7a115bd8bc27dbca0c5e2de1c29d420508a9e80.jpg,34567500,BV1Ht411d7eu,1540458945,2018/10/25,17:15:45,07:42,1871,2519,11644,421,15516
小伙花799元买了一个意念移物的脑波控制仪!!,641,344676,//i0.hdslb.com/bfs/archive/0c2642524d17f98dd811be155d169a44c5d67570.jpg,34207490,BV1Gt411o7xo,1540012332,2018/10/20,13:12:12,03:47,1173,1191,7485,118,11381
小伙自制超大果冻布丁并挑战吃完它！,596,752725,//i1.hdslb.com/bfs/archive/853d240c57e3cab8336613282ffd74694044f8d7.jpg,34090401,BV11t411d7NM,1539858185,2018/10/18,18:23:5,05:44,3348,2420,5431,380,18933
来看2017年的自己录给现在的我的视频      超羞耻超尴尬！！,792,221723,//i0.hdslb.com/bfs/archive/a81ed92f3b6c5148a384789f3801da802d0069bd.jpg,32825089,BV1JW411m7KQ,1538377163,2018/10/1,14:59:23,07:11,2714,1308,2775,562,6241
可乐加红牛一起喝下居然会出现这样的化学反应？,323,174452,//i0.hdslb.com/bfs/archive/2402c31169d51385a047be3053e4eb3cb145be1b.jpg,32754136,BV1zW411S7nX,1538296716,2018/9/30,16:38:36,07:00,841,426,1709,43,3809
没人送月饼那就自己动手做老干妈脏脏月饼吃,346,151228,//i0.hdslb.com/bfs/archive/6da45ef339aa29a0fef03e2320b19a43992fafa3.jpg,32460157,BV1PW41167XF,1537869648,2018/9/25,18:0:48,05:52,803,378,1467,40,3756
让自己手中燃起火焰！我会魔法哦,353,157728,//i0.hdslb.com/bfs/archive/7cb4fc4cd21bcea96aed488a07da52745eda9393.jpg,32228106,BV1iW411r7qV,1537606439,2018/9/22,16:53:59,04:11,780,379,2120,50,3830
来吃自己做的超大可乐果冻吧,474,308249,//i2.hdslb.com/bfs/archive/cd5f8305aa66fcf87296fae6e1ec50698e1aee9b.jpg,32099089,BV1dW41167wd,1537438471,2018/9/20,18:14:31,09:11,2568,891,5659,188,8760
去北京看华晨宇演唱会vlog,644,153963,//i0.hdslb.com/bfs/archive/d251691effb0c9053380ebd1898a045f47d8303e.jpg,31581208,BV1zW411C7WR,1536740167,2018/9/12,16:16:7,14:24,1918,804,1648,167,4379
宇航员在太空中吃的固态冰淇淋是什么味道的？,379,280110,//i1.hdslb.com/bfs/archive/c39adc8d495d1053f5f883f79231e84d9ef9f0e9.jpg,31014522,BV1cW411Z7YV,1535956908,2018/9/3,14:41:48,04:13,810,619,1826,54,5972
收到了一份可以实时显示自己B站粉丝数的快递,740,275486,//i2.hdslb.com/bfs/archive/190c73abfad2f77d71635736115e77b31c90575f.jpg,30706697,BV1TW411f7oM,1535617645,2018/8/30,16:27:25,05:45,1224,858,1850,79,6797
让男生感动到哭的礼物 作为女生的你有没有送过呢？,759,190724,//i2.hdslb.com/bfs/archive/ff7bced350a4c53e4c8fdb4014c4eee78f339eaa.jpg,30446590,BV1hs411F7gk,1535357918,2018/8/27,16:18:38,06:15,2033,550,1851,267,5392
用火烧B站奖牌来验证是纯银还是镀银,1228,322099,//i1.hdslb.com/bfs/archive/ccf48545147d9608772d5de616f58c11b65c7ec2.jpg,30269002,BV1nW411D7ne,1535178049,2018/8/25,14:20:49,09:52,3268,1665,6502,312,14132
我居然把B站奖牌给吃掉了！！？？这个视频好贵...,1024,261463,//i1.hdslb.com/bfs/archive/3c8727e4f622729903ee85f6fa3638207300e2ee.jpg,30112166,BV15W411X7uJ,1535016583,2018/8/23,17:29:43,07:20,3509,3221,36736,478,18135
"自制火爆日本的可乐咖啡,味道惊人",474,166675,//i1.hdslb.com/bfs/archive/82cf3fd0649b8022dd2a76e579c5bac968c91ca3.jpg,29928581,BV14W411Q7k1,1534837524,2018/8/21,15:45:24,04:52,1185,401,1676,50,4218
矿泉水倒出来直接成冰块！超级神奇,801,534289,//i2.hdslb.com/bfs/archive/6c8154774ea2729aff93ea8d5219bb60e0d85e18.jpg,29592167,BV1TW411d7AQ,1534491040,2018/8/17,15:30:40,04:35,1968,1543,1948,151,8894
"大胃王贤宝宝挑战两箱喜之郎果冻,结果令人震惊",996,363747,//i0.hdslb.com/bfs/archive/a788cd509321532b2ea6a8ee07efe9a05d35c83f.jpg,29332853,BV1Vs411M7DF,1534234363,2018/8/14,16:12:43,06:44,3455,753,2438,170,8037
超级迷你iPhone开箱！和大拇指大小一样的iPhone!,1350,397136,//i0.hdslb.com/bfs/archive/0ba2435ed2176989bae5a42273c2b428350f5efa.jpg,29079109,BV1qs411u7jK,1533971591,2018/8/11,15:13:11,09:23,4035,1772,5314,414,9973
居然有卖卫龙辣条冰淇淋  78元三份超级贵！！,481,267029,//i0.hdslb.com/bfs/archive/af87d798569691337d065062ac54e20872d23da3.jpg,28921093,BV1qs411M7pE,1533804966,2018/8/9,16:56:6,04:48,1573,600,2121,143,5512
试吃网易大佬出品的严选冻干牛肉方便面,501,167132,//i2.hdslb.com/bfs/archive/4a6df2662b9c2103706579b5d12d387f029ea5f6.jpg,28258099,BV1ks411w7gj,1533115203,2018/8/1,17:20:3,05:10,1590,387,1232,134,2992
尝试用最大程度的电疗器来吃午餐..感觉不到手的存在了..,570,146591,//i0.hdslb.com/bfs/archive/207cfb3e92ec98ddef7c588fc64c22aeecf621df.jpg,28018525,BV1gs411P7fn,1532855290,2018/7/29,17:8:10,06:37,1695,669,3343,455,3753
假发可以改变一个人的外貌？秃头UP亲自尝试一下,727,261754,//i0.hdslb.com/bfs/archive/d7b61c6c1fd99eac471c75d5151537d7631f8524.jpg,27456055,BV1hs411K7W5,1532246298,2018/7/22,15:58:18,05:43,4282,720,2442,215,6532
商家说一朵向日葵有1000颗瓜子亲自动手数数看商家有没有骗人,549,152900,//i1.hdslb.com/bfs/archive/1edf85ddf0c90e119230d53947f3760d52688ec8.jpg,27140745,BV18s411E7iF,1531901005,2018/7/18,16:3:25,06:44,1606,417,1829,208,4389
天气太热？那就来做一碗干冰泡面来吃 超级凉快,490,310797,//i1.hdslb.com/bfs/archive/951e30b3ad52b43cc555126a68295035217e922e.jpg,26917556,BV1cs411n7X8,1531644133,2018/7/15,16:42:13,04:36,1862,651,1415,171,5898
吃了这颗糖有30%倍的饱腹感   再也不怕减肥了？,495,234801,//i1.hdslb.com/bfs/archive/86803fd7bcc923e2c553b8e59f082a02cb3e069f.jpg,26696174,BV1ss411H7uA,1531389104,2018/7/12,17:51:44,05:46,1557,822,1520,186,4103
用不湿沙去做一张永远不会湿的纸怎么样？,420,318505,//i1.hdslb.com/bfs/archive/3af4d03537912d6eb369ec513bc9d932b999233b.jpg,26410594,BV1qs411p7vN,1531038705,2018/7/8,16:31:45,04:47,1646,610,1411,95,6473
我们来用锡纸做一个B站百万粉丝的奖牌来庆祝九周年吧~~,484,170714,//i1.hdslb.com/bfs/archive/5308826c243b8e2b5f4228003cfab6a36ce69a98.jpg,26130237,BV1Es411V76F,1530686131,2018/7/4,14:35:31,06:33,1140,542,2490,55,4218
用冷水就能泡开的日本防灾防难户外超轻米饭,300,275030,//i1.hdslb.com/bfs/archive/2b28941cff3706c32a17cc1cb878d68193814c00.jpg,25940571,BV1Qs41157Zs,1530431181,2018/7/1,15:46:21,06:00,1243,631,1017,47,5093
自制老干妈冰棍  尝起来的味道竟不难吃？,340,143543,//i1.hdslb.com/bfs/archive/0a205700e9287434b43c2b310090f902935e6229.jpg,25804965,BV1gs41157BP,1530276568,2018/6/29,20:49:28,04:34,803,307,886,82,2535
试开童年回忆王者荣耀的福袋箱  小孩子的钱太好赚了吧！,545,327801,//i1.hdslb.com/bfs/archive/45e290544aac3e979cc33dc6ad4db13a7b3d0de5.jpg,25750630,BV1Qs411V7r8,1530178690,2018/6/28,17:38:10,09:30,2507,675,1342,138,5302
用气球装满整个房间  完成小时候的梦想,255,116654,//i1.hdslb.com/bfs/archive/5e6832417c798d12797f5b9155c938d68e1c6684.jpg,25687053,BV15s411j79p,1530091091,2018/6/27,17:18:11,04:12,1197,270,994,48,2235
超级昂贵的的可食用牙膏的清洁效果好不好呢,333,122900,//i2.hdslb.com/bfs/archive/0b53cd7626b2fdbb396277155a606ae38785fea8.jpg,25437680,BV1Ms411L7po,1529741843,2018/6/23,16:17:23,04:57,1079,273,2007,56,2637
用酸奶机来制作一碗老干妈酸奶吧！居然成功了！！,290,150687,//i2.hdslb.com/bfs/archive/b0407f17eb5dafa8ccafd0d1fea48cad50dde598.jpg,25388594,BV1ss41177c6,1529668171,2018/6/22,19:49:31,07:32,2060,365,1870,126,3607
来自己制作一碗超级大的珍珠奶茶吧  吃到撑,622,503954,//i1.hdslb.com/bfs/archive/02c9a909cc43c9bfdc4c18a9f11f1d79819f97f7.jpg,25069610,BV1pW411c7E2,1529219676,2018/6/17,15:14:36,05:06,2407,1375,2647,453,7219
自制网红脏脏粽  感觉自己又发现了一个商机 太天才,842,377669,//i2.hdslb.com/bfs/archive/93aad5e89bb3333880ffd639720861b5730c88d9.jpg,24974259,BV1RW411F7Kr,1529114427,2018/6/16,10:0:27,06:19,3033,914,1955,336,6027
抓娃娃机版的闹钟？抓不到娃娃会吵到停不下来,288,332428,//i1.hdslb.com/bfs/archive/401c0e6b5d086f0dfeb7f4f73859fd6408c4c408.jpg,24936112,BV1hW411F7G3,1529049606,2018/6/15,16:0:6,06:31,1190,866,1771,146,6278
自制网红冒烟冰淇淋结果做出了会吐泡泡的冰淇淋....,296,226183,//i1.hdslb.com/bfs/archive/52930c252560e98e0ada94f4c228d0c0116ea471.jpg,24450630,BV1vW411A7vf,1528269576,2018/6/6,15:19:36,04:52,1300,525,1461,85,4096
便宜的紫菜加些细盐就可以变成超好吃的海苔？？？,324,196406,//i1.hdslb.com/bfs/archive/e7a6e97edcbbfb3cbcaf1ec4f13634c0a8286f7e.jpg,24136380,BV1bW411P7BN,1527662967,2018/5/30,14:49:27,05:26,992,541,2291,108,3134
用炒酸奶的机器炒老干妈会成功吗？？？,1099,809636,//i0.hdslb.com/bfs/archive/e6044a49d1a32f099682d20b9a92a632c03dd3a4.jpg,23823723,BV1rp411o7pb,1527067113,2018/5/23,17:18:33,07:47,5126,1926,4708,536,11067
搬家VLOG丨我回来了呀,306,107731,//i1.hdslb.com/bfs/archive/5ef595bdbd9c113108af1e62fb28820d75a2a6cf.jpg,23584169,BV1Zp411Z7cZ,1526619106,2018/5/18,12:51:46,01:49,531,274,705,40,1919
自制皇家奢华黄金泡面 被黄金包裹的泡面,376,173606,//i1.hdslb.com/bfs/archive/911d73e3833947436678fec26668df658fe75a11.jpg,22726437,BV1WW411V7Ed,1524988176,2018/4/29,15:49:36,04:48,810,303,1330,81,2509
现代人三天不碰手机会变疯吗  三天不碰手机挑战,360,168291,//i0.hdslb.com/bfs/archive/5a171361f01a4196311abee0a460686ed23aa650.jpg,22515219,BV1MW411L79s,1524557610,2018/4/24,16:13:30,08:21,1184,372,673,60,2352
第一次当B站管理员的体验是怎么样的？,1430,335377,//i1.hdslb.com/bfs/archive/0567c43256a9dab52c16460a8096a94baa6cd9a0.jpg,22253406,BV1bW411j7XW,1524040086,2018/4/18,16:28:6,07:11,2091,1327,2311,164,4210
快手尴尬视频挑战#4〓如果给社会摇换个BGM还讨厌吗.....,667,158107,//i1.hdslb.com/bfs/archive/662a8ad88403d3ef06f69081d0d9bbd5841f5979.jpg,21993589,BV1KW411T7kP,1523529829,2018/4/12,18:43:49,17:42,7745,775,1256,541,2491
将手机绑在风筝上做一个简易无人机可以挑战成功吗？？？,309,116742,//i1.hdslb.com/bfs/archive/2d7446da2da4fc4c30ee9e28133fd6c6e6485c9e.jpg,21434206,BV1iW411u78U,1522430132,2018/3/31,1:15:32,06:51,764,358,2923,97,2320
把泡面调料包都混在一碗面里做出一碗超级好吃的泡面,364,191926,//i0.hdslb.com/bfs/archive/58bf36571aafd7fa96c119959f336aef473c1a22.jpg,21297260,BV1yW411M76B,1522142749,2018/3/27,17:25:49,06:26,1213,403,1051,102,2490
50张面膜敷在脸上可以年轻20岁吗？？,818,231953,//i2.hdslb.com/bfs/archive/809797f8e6183b5d2585776c4b00ef537d3be76d.jpg,21170188,BV1oW411g7aH,1521886312,2018/3/24,18:11:52,06:29,2911,716,2626,535,3696
..下载快手一探究竟....想寻找快手里的一股清流.......,5044,306929,//i2.hdslb.com/bfs/archive/066cca1944b2e0533552e498bde2898203e255a5.jpg,21048732,BV1EW411g7yc,1521627835,2018/3/21,18:23:55,15:32,8863,1508,5014,660,5206
100包方便面菜包放进一桶方便面会更好吃吗？？？,1333,514436,//i0.hdslb.com/bfs/archive/d1a4cc7115fe492957568c6be7d78bd4f92426e9.jpg,20933242,BV1FW411W7ea,1521364863,2018/3/18,17:21:3,06:50,2955,1128,1712,654,3498
自热寿喜锅〓用豚骨汤底做的自热寿喜锅,257,125023,//i0.hdslb.com/bfs/archive/79afc91c0032506cce10d7cb770e996846b28589.jpg,20878746,BV19W411p7rc,1521273788,2018/3/17,16:3:8,07:17,847,292,785,29,1762
这是我吃过最多配料的国产泡面了,205,115448,//i0.hdslb.com/bfs/archive/56b30a6be70a0e00aea41f9c5a187a69c9b33107.jpg,20799048,BV1EW411p7Nu,1521107119,2018/3/15,17:45:19,05:00,512,293,880,35,1732
百香果混合饮料挑战〓感觉自己制作出了超级好喝的百香果饮料,256,71524,//i2.hdslb.com/bfs/archive/2e169f8fb85b968112cbaba820681660f26024ae.jpg,20725108,BV1NW411p7Dc,1520931612,2018/3/13,17:0:12,07:01,685,218,730,55,1240
黑暗食玩料理章鱼小丸子子〓不好看但是很好吃呀,250,140077,//i0.hdslb.com/bfs/archive/44afba043ead4f1627a59e6763021c520b26153f.jpg,20601557,BV1fW411W71g,1520675683,2018/3/10,17:54:43,06:43,1095,392,1650,60,2348
看！可以吃小新的光屁屁了   没想到挺好吃的,199,135968,//i2.hdslb.com/bfs/archive/2a3298e109b7bb3e3f63bb03fe66995f72a6721d.jpg,20550067,BV1RW411W74M,1520582694,2018/3/9,16:4:54,06:56,722,302,486,57,1754
10个藤椒嫩笋鸡腿堡挑战〓成功的话将捐出B站所得全部工资,365,193646,//i1.hdslb.com/bfs/archive/73e5862bfbabad319361c2ba0347399a1de496f2.jpg,20514928,BV1kW411W7Uf,1520497794,2018/3/8,16:29:54,05:56,977,930,13269,65,6771
凌晨三点半的蟹堡王〓这应该是最后一个游戏视频了....,279,185082,//i1.hdslb.com/bfs/archive/72588d4c0bc4f5e1e6da2469e096334c941a4eea.jpg,20474222,BV1JW411W7fW,1520407661,2018/3/7,15:27:41,07:29,1428,479,434,74,1515
迷你厨房#4〓感觉三口就可以把这一碗火锅全吃掉,306,270499,//i1.hdslb.com/bfs/archive/61b0bb7edf16120b222f21de88562c3bbea2b267.jpg,20398847,BV1zW411x7Y9,1520235536,2018/3/5,15:38:56,07:46,1890,824,1822,124,4611
读评论#4〓我养了一只叫“茶杯头”的灰色龙猫,361,103380,//i2.hdslb.com/bfs/archive/bb19588da702d8431af683aaaee5b9120550ed7e.jpg,20348092,BV1HW411x7r3,1520132953,2018/3/4,11:9:13,06:15,1059,398,1591,35,2606
自热螺蛳粉试吃〓现在不用热水也能让房间充满臭味啦,410,245704,//i1.hdslb.com/bfs/archive/5cefcc7aa71278cd42553df3acb981e11ff81aea.jpg,20305676,BV1gW411x7pt,1520057765,2018/3/3,14:16:5,06:20,1454,386,905,62,2399
迷你厨房#3〓用超小小锅炸虾片会成功吗？？超好吃,546,250219,//i0.hdslb.com/bfs/archive/fbb11ffdcee1a18e722f9e2b276cadc5dd37b39b.jpg,19768075,BV1VW41177G1,1519013719,2018/2/19,12:15:19,06:27,2098,986,2385,146,4182
吃自己的生日蛋糕的时候相机掉蛋糕里了,548,75385,//i1.hdslb.com/bfs/archive/a04f62c2df45e1717ad33036ccc5bb732a741ea4.jpg,19667061,BV16W411j7dK,1518768089,2018/2/16,16:1:29,04:18,2503,252,1096,41,2043
100个方便面肉包放进一碗面里会变得更好吃吗？？,1145,763229,//i1.hdslb.com/bfs/archive/38db628ca56209a84321fef43bbd23b733b83365.jpg,19361316,BV1EW411n74A,1518171255,2018/2/9,18:14:15,04:39,2533,1272,1887,302,6462
为什么这么多人喜欢吃闻起来馊掉的纳豆呢？？,385,100501,//i2.hdslb.com/bfs/archive/3eb380e70f6822cf6ec1f2368c75e2da9e3b0e65.jpg,19320312,BV1KW411n7TB,1518097124,2018/2/8,21:38:44,04:40,882,221,495,30,1992
近50元的超多肉 限定杯面 味道是怎么样的？？,851,336432,//i0.hdslb.com/bfs/archive/1e0286dbe8b0384ebb93053f83f83321cce0d3db.jpg,18921406,BV1dW411n7WT,1517304362,2018/1/30,17:26:2,03:25,3682,629,1615,117,2604
试吃比火鸡面辣十倍的激辛MAX炒面！辣到头大！,311,138761,//i1.hdslb.com/bfs/archive/a89ed6c99e8f7553f7dd41e9a5f4d471ed0fe7c0.jpg,18757689,BV1hW411e74m,1516959409,2018/1/26,17:36:49,04:23,961,326,1703,70,2108
Human Fall Flat 〓这是一个互相伤害折磨的魔性游戏,263,88483,//i0.hdslb.com/bfs/archive/2fa29b0d2a1120cdd54e9290f1683056a76a56ab.jpg,17811341,BV18W411b7dd,1514705676,2017/12/31,15:34:36,21:10,1737,1148,1731,896,2074
第一次玩史莱姆 居然发现意外的好玩有趣和解压~,252,139239,//i1.hdslb.com/bfs/archive/c03e92b91bacabecdb423c46ee62786ffbec3e35.jpg,17643562,BV1UW411t7jV,1514276716,2017/12/26,16:25:16,05:30,1351,342,578,54,2375
自热小龙虾试吃〓..跟蚯蚓一样的龙虾肠子....超恶心....,336,206618,//i2.hdslb.com/bfs/archive/147a6bd531a86f2a0181ea110fee17d3e897d0bf.jpg,17520991,BV1rW411879q,1513965713,2017/12/23,2:1:53,05:21,1204,317,626,68,1832
可以给暗恋对象玩的小游戏 超级有意思 表白神器,392,159458,//i0.hdslb.com/bfs/archive/f34c6fde1d9c7cb0a63cc1c74b93f5dbbbc856d9.jpg,17353073,BV1SW411b7fS,1513494573,2017/12/17,15:9:33,01:57,751,3256,1630,567,2968
自热海底捞试吃〓目前吃过最好吃的自热产品了！！,1075,1072115,//i2.hdslb.com/bfs/archive/3fc57b394ea2aca7d28e0b1806c27b3cc7f09b21.jpg,17284799,BV1JW411a7B5,1513329167,2017/12/15,17:12:47,07:13,3835,2878,2706,734,10555
俄罗斯野战干粮单兵食品丨超级难吃的药丸,310,152698,//i2.hdslb.com/bfs/archive/ec10882e26b4f898f431f7254a351a63acd492fe.jpg,17058361,BV1cW411h7LZ,1512726569,2017/12/8,17:49:29,10:18,1779,497,940,67,2346
吃美元还有银行卡是一种什么样的感受？？人版哈士奇,259,105251,//i0.hdslb.com/bfs/archive/ceed411de60457fa5c405fcc43158830b855c229.jpg,16871919,BV11W411a7Up,1512217214,2017/12/2,20:20:14,03:42,648,447,569,95,1971
福袋开箱#2〓打开之后后悔自己不是一个全职高手粉......,1257,262128,//i2.hdslb.com/bfs/archive/f306e626967c0a0b650fa9d2968e4aff2af1b5c9.jpg,16773427,BV1rx411573g,1511941673,2017/11/29,15:47:53,07:25,5020,1793,878,440,3279
香菜零食试尝〓打开包装突如其来的香菜味！！,208,46774,//i2.hdslb.com/bfs/archive/dc6542263df7704083bcfe3231eb7e67f753edee.jpg,16541149,BV1bx411V7s5,1511257929,2017/11/21,17:52:9,06:09,734,181,405,32,876
将近20元的一碗满汉大餐的泡面是什么味道的,311,95311,//i1.hdslb.com/bfs/archive/90a1c5f440393c501bd61bd44850036686fa00e0.jpg,15352215,BV1Nx411g7bY,1507889354,2017/10/13,18:9:14,05:50,1219,193,711,49,995
比脸还大的棒棒糖试吃〓舌头舔麻了都没舔完,331,55677,//i2.hdslb.com/bfs/archive/2e889afb802060e5a8104f4953cb031e3130a0e2.jpg,15121261,BV1yx411375d,1507230969,2017/10/6,3:16:9,04:10,958,182,302,73,748
迷你厨房#2〓煎了一个好好吃的牛排哟,273,227996,//i1.hdslb.com/bfs/archive/548f3fba1eb9626fa331aa93deb4f829e3d580a0.jpg,15044209,BV1Jx41137CQ,1507048613,2017/10/4,0:36:53,03:50,1830,840,1005,106,4011
快手尴尬视频挑战#2〓坚持不下去了....这次完全是尬演.....,645,158708,//i2.hdslb.com/bfs/archive/221ff2163c6b9575f3e0f231f0adb2b1009269e2.jpg,14898044,BV1Mx411V7Go,1506678445,2017/9/29,17:47:25,13:41,5078,583,813,543,1555
200元福袋开箱〓中了一个等身抱枕！！,333,233187,//i0.hdslb.com/bfs/archive/faa85a70d129ceb904085de8901a4457c56488e2.jpg,14868610,BV1fx411G74c,1506587395,2017/9/28,16:29:55,07:58,3165,646,1122,105,3284
迷你厨房#1〓做了二十分钟蛋炒饭一口没了！！,308,131315,//i2.hdslb.com/bfs/archive/e8a68fa54047960c0d1d4ed91d41d98ace055ece.jpg,14721492,BV1Wx411G7W2,1506156170,2017/9/23,16:42:50,06:47,1385,741,1862,169,3061
魔鬼辣椒棒棒糖〓这是我吃过最辣辣辣辣辣辣辣的棒棒糖了！！,272,102080,//i2.hdslb.com/bfs/archive/eafcb145dee97dbc5411e569d7588a242eb1e8a3.png,14658591,BV1bx411x75S,1505979634,2017/9/21,15:40:34,06:16,1208,412,2723,189,1965
快手尴尬视频挑战丨看完你不尴尬算我输。,964,203505,//i2.hdslb.com/bfs/archive/eea5177cf4ec8b9b43b331a73e58458ceac54224.jpg,14516460,BV12x411s7CL,1505556227,2017/9/16,18:3:47,12:00,7081,1172,1039,1408,3553
VR跳楼自杀#2丨我的高楼恐惧症要犯了！！！,370,907123,//i1.hdslb.com/bfs/archive/ca1c9dd49445666eda8877447b1cae3469b7b73e.jpg,14507473,BV1ax411s7bK,1505541586,2017/9/16,13:59:46,03:01,1797,2381,963,317,6210
美国军粮试吃丨还是中国的比较好吃.....,352,255064,//i2.hdslb.com/bfs/archive/318b876ee48e8ccc1e7aed0cc9ddd2e88cc8a5b8.jpg,14373559,BV1ex41147p1,1505115577,2017/9/11,15:39:37,11:34,3043,723,908,95,3844
中国军粮试吃丨吃完有点想参军了！！,1677,1646384,//i0.hdslb.com/bfs/archive/b5aa1886cd241c10fe7d1c36d509aa5c1875a30d.jpg,14301790,BV1nx41147i6,1504937333,2017/9/9,14:8:53,07:15,12337,3627,4244,680,42171
UP主巅峰时候的颜值长什么样子！？？,226,107179,//i0.hdslb.com/bfs/archive/55dfe202a67b847e2b04359e43a53478f5bdd38c.jpg,14038295,BV1rx411t72Q,1504185833,2017/8/31,21:23:53,03:40,897,321,466,54,2773
板蓝根火鸡面魔鬼辣椒丨混合吃掉会怎么样？,264,68635,//i0.hdslb.com/bfs/archive/704040bca0789b59d60976d6e3333a9449b58a9e.jpg,13735295,BV1Sx411b7hr,1503528261,2017/8/24,6:44:21,12:23,1958,595,4157,303,3616
=死神辣条试吃=[这个死神辣条这么弱的吗！？],1039,348266,//i1.hdslb.com/bfs/archive/1f3ab4dc374afcff6589584e82f5cae4e3591497.jpg,13175117,BV1ex411n7rQ,1502315741,2017/8/10,5:55:41,07:25,4484,791,1170,280,7260
