﻿title,comment,play,pic,aid,bvid,created,date,time,length,video_review,favorite,coin,share,like
不要被套路挑战！看看谁是小傻子！,290,70819,//i1.hdslb.com/bfs/archive/31d26e897794323c6bb97247e65a8cd2ccd947e7.jpg,498376205,BV1AK411p7nE,1592038832,2020/6/13,17:00:32,11:51,862,1293,1550,112,9739
1分48开始嘶吼高能！国人无修音翻唱林肯公园《Faint》,1382,389209,//i2.hdslb.com/bfs/archive/57d81e83c55d5f9063b314f71ab1dcc4462c431b.jpg,455963252,BV1P5411W7wX,1591761602,2020/6/10,12:00:02,2:47,1171,9472,21935,1943,33099
当up主真的快乐吗？,154,28212,//i2.hdslb.com/bfs/archive/a6883164e0d042622e8c0181455486265e87c896.jpg,413427303,BV1WV411r7Lg,1591012842,2020/6/1,20:00:42,3:58,73,205,222,36,3893
"背上搞艺术,全员毕加索",409,111850,//i0.hdslb.com/bfs/archive/6c303c8690d874b974569bb993356dc01288dfa3.jpg,583257788,BV1pz4y1d7rL,1590919219,2020/5/31,18:00:19,9:39,1182,1428,2178,150,12842
不 要 渣 挑 战 ！（男）,256,60731,//i0.hdslb.com/bfs/archive/c1305179f5875d4b04309caa67c371b682d71605.jpg,968279575,BV1Zp4y1Q7dY,1590834299,2020/5/30,18:24:59,14:49,867,426,382,60,6327
【小可儿】这歌属实扎心了……,366,143109,//i1.hdslb.com/bfs/archive/1c6b75b1b33d52cac52e55084cb5563e1421db7d.jpg,370677469,BV1HZ4y1p7v5,1589955312,2020/5/20,14:15:12,3:01,240,1327,1181,230,8186
【听一遍瘦10斤】瘦 性 大 发,139,41201,//i1.hdslb.com/bfs/archive/556e637621f7f1718a9f1a206f6333496943154e.jpg,838227169,BV1xg4y1B7Mh,1589361603,2020/5/13,17:20:03,3:22,115,2317,228,721,5880
女人！我的卡你随便刷！,224,31549,//i2.hdslb.com/bfs/archive/b14364aafbaabe0b0f37975fd4bed2012c2de29d.jpg,795715218,BV1wC4y1p7BU,1589283005,2020/5/12,19:30:05,1:58,2104,3353,363,3283,7586
【小可儿】国 风 说 唱 ，当 潮 不 让。,262,45816,//i1.hdslb.com/bfs/archive/8f4595001a8b304d0ff3b117f1549732ca5067e3.jpg,840520081,BV1Z54y1Q7Y4,1588651256,2020/5/5,12:00:56,3:26,153,769,915,60,6652
闭关2个月做一首土嗨【End of Time 小可儿 Remix】,536,126180,//i2.hdslb.com/bfs/archive/e6cf9759ca9625b765f0bbbfccf6cb89bc2f5dc5.jpg,412958340,BV1LV411d74a,1587976652,2020/4/27,16:37:32,8:18,562,1824,1998,172,11077
2020年更新企划及近况汇报,377,49485,//i2.hdslb.com/bfs/archive/60c53259fef39767406572ef12cb3bf66f88c910.jpg,497546966,BV1zK411773U,1585828835,2020/4/2,20:00:35,5:29,190,309,425,40,5838
【ＤＪ钉 钉 ，在 线 打 碟 】,364,139633,//i2.hdslb.com/bfs/archive/07eb2d696d533bccba61cd0c4b782f5e7b28748f.jpg,90979768,BV1jj411f7uD,1582430411,2020/2/23,12:00:11,1:45,319,1908,1732,358,11938
【沙 雕 配 音】祖  安  宝  宝,2198,1028090,//i2.hdslb.com/bfs/archive/fe7d4621fd0472cdcf23ae96d521600f2139b8a7.jpg,90375483,BV1L7411P7ps,1582191269,2020/2/20,17:34:29,1:46,4385,43823,31158,19014,104763
失传已久的纯人声串烧版《恭 喜 发 财》,593,290294,//i0.hdslb.com/bfs/archive/efa58318e609fc220da607485b676af0e57f1fd4.jpg,85150819,BV127411k7ym,1580097627,2020/1/27,12:00:27,2:07,492,2859,4686,385,22883
【小可儿】 Believer 【纯人声翻唱】,1119,461251,//i1.hdslb.com/bfs/archive/6321a3ac54fa611e429f097ca84f47719760c5ac.jpg,79162167,BV19J411C7Am,1576285227,2019/12/14,9:00:27,3:47,751,10993,24154,997,32244
这个up主的房间地板沾满油渍,382,268514,//i1.hdslb.com/bfs/archive/de8a44c1750e60490eb73cbe2a379a7f35c131e4.jpg,76546017,BV1vJ411272M,1574406058,2019/11/22,15:00:58,12:37,737,1835,2618,195,10020
【UP主拖更指南】咸鱼的诱惑 ·狮子/BOY/A路人/小可儿/丸子/凉风 现身说法【超梦计划】,1160,673718,//i2.hdslb.com/bfs/archive/017c4382fcb65dca4cbc1bc235b632745782e9f5.jpg,71334551,BV1ZE411k7Mn,1571306432,2019/10/17,18:00:32,3:58,3132,19131,26588,4286,56159
念诗之王【BML2019单品】,829,547434,//i0.hdslb.com/bfs/archive/3e82badd03e0ae61a04ec75a19263ecb1b2d7e35.jpg,68748703,BV18J411M7yw,1569639613,2019/9/28,11:00:13,3:18,484,5275,4559,2542,21433
真正的粉丝【BML2019单品】,2309,690702,//i1.hdslb.com/bfs/archive/2068c0ea0af077c910bdbd1a5f0da265613efbb0.jpg,68745206,BV1EJ411M7RX,1569639613,2019/9/28,11:00:13,20:49,13673,10987,19273,4072,38420
一年花了150万！？这UP到底干了啥？「阿婆镇社群启动说明」,558,123581,//i2.hdslb.com/bfs/archive/9221d627e31ec87651687647c750a49c54e30741.jpg,67311702,BV18J411K7kL,1568189341,2019/9/11,16:09:01,6:24,217,1568,1596,367,7316
【纯人声】Shape of you【你绝对没听过的版本】【街头艺人】,1315,463567,//i0.hdslb.com/bfs/archive/d15a5f8eb3c7ae551b81fb4def85f1dd83eba3b6.jpg,65493451,BV114411671S,1566829473,2019/8/26,22:24:33,3:53,975,8934,13661,837,34125
【小可儿×ilem】写给我家狗的歌（人声本家／专辑《2:3》收录曲）,2477,872088,//i0.hdslb.com/bfs/archive/9e175dde3a73f797a18231c630f188f1273a87f4.jpg,48902566,BV1Gb411M7vx,1555063240,2019/4/12,18:00:40,2:45,2053,15911,22055,2939,48996
【义结筋澜】灌醉我,699,302318,//i2.hdslb.com/bfs/archive/58972bb8e3689254188c5b06dedb65c83d530199.jpg,35660593,BV1kt411m7qh,1541836859,2018/11/10,16:00:59,3:35,584,4706,9321,600,12680
【小可儿原创电音】Deep Dark Fantasy v2【PV附】,346,50198,//i1.hdslb.com/bfs/archive/033a287a578bfa3659ccbe1ce5b716f216822226.jpg,14916312,BV1px411V7ND,1506742101,2017/9/30,11:28:21,2:36,223,2014,3001,308,3465
【小可儿】In The End,557,77525,//i0.hdslb.com/bfs/archive/6dad2b7bb2a3d9ef1f7695b92bf127209d8f841c.jpg,14695043,BV15x411G7Hm,1506081852,2017/9/22,20:04:12,3:39,367,1571,2969,191,2840
【小可儿】The A Team,537,76764,//i0.hdslb.com/bfs/archive/4944e43b8d2c2d430fa782b8175d6eb62cfd21b8.jpg,8238607,BV1Ks41187Vw,1485436674,2017/1/26,21:17:54,4:49,324,903,1563,161,347
【原创电音】装逼的世界,132,96198,//i2.hdslb.com/bfs/archive/a23c68ee10395e9f88857ccb026c0b0edefc6682.jpg,2089016,BV1Rx411A7bL,1425792846,2015/3/8,13:34:06,4:10,155,310,101,77,433
