﻿title,comment,play,pic,aid,bvid,created,date,time,length,video_review,favorite,coin,share,like
【怪异君】与女仆争风吃醋，泡芙喵对怪异君大打出手！,4693,672355,//i2.hdslb.com/bfs/archive/3b264415b4b3f103880052e3b419828102fc3f37.jpg,498624005,BV1bK411n7BG,1592148418,2020/6/14,23:26:58,23:56,12769,20730,61946,4807,74690
【怪异君】极 致 沙 雕 极 致 享 受,1333,384294,//i0.hdslb.com/bfs/archive/999a66be5038591f6e7775c55588ddb2bc786b0e.jpg,668129220,BV1ha4y1i7pi,1589867852,2020/5/19,13:57:32,2:25,2568,2303,3566,374,23917
58【怪异君致经典2】《少年包青天3》第三案 下篇,3791,1017015,//i2.hdslb.com/bfs/archive/30af6e380aa136be9d6145d8419f7315072834d1.jpg,285535569,BV1sf4y1m7aP,1588467639,2020/5/3,9:00:39,25:41:00,15821,25886,107972,2281,99453
57【怪异君致经典2】《少年包青天3》第三案 上篇,2673,1063172,//i2.hdslb.com/bfs/archive/d50afdadfa2fe0c3f104f0cb2b91bf04de6350e5.jpg,882966334,BV1tK4y1b7VT,1588338874,2020/5/1,21:14:34,22:34,11239,24559,103935,2501,100549
【互动游戏】梦境探案—你能顺利从梦境中醒过来吗？,685,188025,//i1.hdslb.com/bfs/archive/dba862e76bcd3cb4bad5d72427df0e611748a3a1.jpg,882868672,BV1vK4y1k7Rk,1587182420,2020/4/18,12:00:20,36:51:00,3442,4227,5818,746,16605
56【怪异君致经典2】《少年包青天3》第二案,3286,1045401,//i0.hdslb.com/bfs/archive/e7fcf1e545f0ba24dbd0699efb53af47d9dbc3cb.jpg,242638875,BV12e411x7Y9,1586602179,2020/4/11,18:49:39,39:51:00,18034,20710,80278,3009,80647
【互动视频】Re：从零开始的Weird Story-洋馆谋杀案,1477,306334,//i1.hdslb.com/bfs/archive/f3e6d3432566c5388bc83dff6dad8952ba7d53ec.jpg,93335264,BV19E411x7He,1583553639,2020/3/7,12:00:39,55:02:00,10662,5457,7023,2120,17697
55【怪异君致经典2】《少年包青天3》第一案,4889,1635011,//i1.hdslb.com/bfs/archive/a37b045d6156463e1bcaf318242611095304f3c4.jpg,91606855,BV1r7411T7vY,1582635625,2020/2/25,21:00:25,32:52:00,32067,27840,121944,9695,115338
《五湖四海》-Remix之妹儿之父.Feat.怪异君,455,149340,//i2.hdslb.com/bfs/archive/4936a93d53f891b8465f3207342ed844fe9b5064.jpg,86409738,BV157411s7RT,1580695218,2020/2/3,10:00:18,1:46,461,2209,3559,466,10758
【玩勿丧智16】怪异故事最拉胯的新年特辑,433,294332,//i0.hdslb.com/bfs/archive/c35b334a2f506d23fdb8f422777100da77af0fda.jpg,84896749,BV1x7411Y73q,1579878849,2020/1/24,23:14:09,21:46,1556,1977,5778,383,13781
【大宋饶舌提刑官】人命大如天·史文俊案（冤魂生灭）,3694,941653,//i1.hdslb.com/bfs/archive/4aa3e485bab7932df6b3cf24662a42ebcf1663cf.jpg,84559486,BV1W7411e7tJ,1579703556,2020/1/22,22:32:36,9:30,3762,30566,73721,5050,67687
【怪异君】泡芙喵怒扇怪异君耳光！二人恋情曝光！成都BW大闹酒店！,4955,2224027,//i0.hdslb.com/bfs/archive/1bc42992e3f5179cffacc906cbc160d927593c9d.jpg,80799860,BV1tJ411Y7XB,1577390741,2019/12/27,4:05:41,22:07,23753,90648,107892,12425,137870
【怪异君】百万粉福利！该来的都来了！,1380,414579,//i2.hdslb.com/bfs/archive/929429e7718cadd6e87684d379bd7aaee064dd58.jpg,80642311,BV1mJ411W78g,1577282260,2019/12/25,21:57:40,14:24,4532,3693,9207,705,20889
54【怪异君致经典2】《神探狄仁杰》最终案,2895,1173918,//i1.hdslb.com/bfs/archive/9215ce5e7655a163d89528133146d277ce16683e.jpg,79841497,BV1YJ411t7Rs,1576747743,2019/12/19,17:29:03,30:21:00,12692,23568,87314,3278,70903
五 湖 四 海【BML2019广州单品】,1026,569886,//i2.hdslb.com/bfs/archive/4c8d7b28d18f7454ef617b937ff7db73cbec328d.jpg,78450980,BV1AJ411v7R7,1575739218,2019/12/8,1:20:18,5:21,8027,8552,13599,2706,32738
【猛男舞团】新宝岛remix 宴 请 八 方【BML2019广州单品】,12151,10331085,//i2.hdslb.com/bfs/archive/49a271f2b1ed81decb340758454efc4235bbad53.jpg,78441309,BV1SJ411e7c9,1575734159,2019/12/7,23:55:59,4:10,61696,296010,471942,163757,560481
53【怪异君致经典2】《神探狄仁杰》第五案 下篇,2344,1221046,//i0.hdslb.com/bfs/archive/b38634c1bb5769589051832de9631d5450182a4f.jpg,75461235,BV1eE411e7CZ,1573558945,2019/11/12,19:42:25,21:41,9825,14322,51698,2217,48465
52【怪异君致经典2】《神探狄仁杰》第五案 上篇,1930,1238779,//i1.hdslb.com/bfs/archive/539b665a98ad935d1944ca6915bbef0b69279856.jpg,73834959,BV12E411h764,1572342100,2019/10/29,17:41:40,18:44,8596,18264,65573,2318,56808
【金陵神捕】拿到剧本看不懂？编剧全程跟着跑？,693,252582,//i0.hdslb.com/bfs/archive/3b0048337f4c39b29181ae27e8ce7623457a114d.jpg,68491084,BV1XJ411u7AB,1569053787,2019/9/21,16:16:27,6:27,398,633,2462,340,6194
【金陵神捕】伏竹村之谜,9008,1845851,//i0.hdslb.com/bfs/archive/514f1c0403d4aa5de693ec9f882119c2e3a377ac.jpg,68359757,BV1XJ41137Qm,1568981746,2019/9/20,20:15:46,102:09:00,55679,42358,112729,11059,79493
【金陵神捕】戏精男孩四人组 幕后花絮大公开,763,418229,//i0.hdslb.com/bfs/archive/b2e0e83af7bf80933b8f9002644e810fae50f5de.jpg,68265280,BV1WJ41137m3,1568882380,2019/9/19,16:39:40,5:57,1740,1223,4263,712,8975
【金陵神捕】定档预告,954,240794,//i1.hdslb.com/bfs/archive/ff83c645f4dcf3a45353cb7a51f4edcfe1263bb5.jpg,68096199,BV1bJ411w784,1568726012,2019/9/17,21:13:32,1:38,460,1181,3747,1240,9473
51【怪异君致经典2】《神探狄仁杰》第四案 下篇,2148,1275317,//i0.hdslb.com/bfs/archive/0e29f09a1ef23ef1804b13443a44ef54bbb3be57.jpg,68091734,BV1LJ411w76t,1568724370,2019/9/17,20:46:10,20:39,9232,16135,59033,2004,52348
50【怪异君致经典2】《神探狄仁杰》第四案 上篇,3486,1318329,//i0.hdslb.com/bfs/archive/675ee72cfd7cdc61270542cc9d147cfb1ca27c46.jpg,67322940,BV1WJ411K7oH,1568159890,2019/9/11,7:58:10,17:51,10868,11855,41051,2801,41625
【创作训练营】1000元做一碗的葱油面是何等奢侈,965,468954,//i0.hdslb.com/bfs/archive/1b497aa470b5d115600d38e816a5fe857220625a.jpg,58932238,BV1tt411L79f,1562944366,2019/7/12,23:12:46,17:56,2425,1950,2107,1204,13403
读评论！怪异团队多有钱？今天就告诉你,652,381566,//i2.hdslb.com/bfs/archive/f3a6bd574e9fe3849b304fd70ceda5719972fbfe.jpg,55935831,BV1t4411G7tv,1560789373,2019/6/18,0:36:13,13:54,1935,1417,4026,346,10446
49【怪异君致经典2】《神探狄仁杰》第三案,3251,1716624,//i2.hdslb.com/bfs/archive/61a5cd4863dfcabb3ae3ea1a49f76c5c28d54718.jpg,55016928,BV1Y4411T762,1560045650,2019/6/9,10:00:50,25:37:00,14308,17191,63177,4034,55206
2019高考加油！UP主联合应援2019年高考,7226,1793455,//i0.hdslb.com/bfs/archive/07b32de5e59d03aeb7940b6f82ddcf43db6d442a.jpg,54456607,BV1D4411n7up,1559563249,2019/6/3,20:00:49,6:03,12364,17384,28557,6238,88980
48【怪异君致经典2】《神探狄仁杰》第二案,3069,1806444,//i2.hdslb.com/bfs/archive/a718b0e03c6951c87f9a31d8554a92634f030373.jpg,52590385,BV1J4411J7nh,1557979224,2019/5/16,12:00:24,25:51:00,11274,20860,72869,3770,60453
47【怪异君致经典2】《神探狄仁杰》第一案,4185,2117250,//i0.hdslb.com/bfs/archive/986ef0369729b0d4e2e37e311807b650487a8e5a.jpg,51105976,BV1D4411t7Ci,1556728088,2019/5/2,0:28:08,18:08,14471,31321,100551,13309,83126
【点到为止】16.让狄仁杰成为东方福尔摩斯的人，居然是一个外国学霸,1742,378447,//i0.hdslb.com/bfs/archive/84fa8a2d3a8567dcfb63c3c6475d8b649d0b6198.jpg,50916810,BV1D441147Bt,1556599233,2019/4/30,12:40:33,15:11,3772,3905,11715,1001,14028
【点到为止】15.特辑！中国推理史！中国推理加油！,2445,455836,//i0.hdslb.com/bfs/archive/340cd1bdbbab4dfaab38a3b9165c51330ef9fc36.jpg,49735092,BV1fb41157ec,1555595798,2019/4/18,21:56:38,19:24,6086,17395,46616,3564,35605
【点到为止】14.女高中生跳楼身亡，原因来自网络……,1105,257450,//i1.hdslb.com/bfs/archive/68f7a01844256aaa76903a1372c01a92202e5ed1.jpg,48756724,BV1Zb411u7rW,1554775229,2019/4/9,10:00:29,20:26,2004,3451,9019,1630,10443
【点到为止】13.故宫寻宝记！《如意琳琅图籍》线下解谜体验！,675,189834,//i2.hdslb.com/bfs/archive/329860603efe071b0c65448aa0a6c69a25f60d7d.jpg,47925995,BV1hb411s7Kb,1554047196,2019/3/31,23:46:36,48:09:00,1594,2323,5925,1907,6544
【点到为止】12.你不知道的《谜宫·如意琳琅图籍》,669,188112,//i1.hdslb.com/bfs/archive/bef8acf73b7e9066e5fab6f9d89b03b8fa94001c.jpg,46955304,BV1Db411j7Uk,1553189316,2019/3/22,1:28:36,14:53,1389,3309,8273,3012,8996
【点到为止】10.密室之王的逆转裁判,838,245240,//i2.hdslb.com/bfs/archive/116376af192218db0179873af211ac90a4806153.jpg,46197556,BV1wb411H7Tu,1552489835,2019/3/13,23:10:35,18:27,1700,2699,7310,886,8375
【点到为止】11.这家伙的漫画，吓了我们三十年,967,296864,//i2.hdslb.com/bfs/archive/52e2aa0439a5862c1278a4c9a286665197083e1e.jpg,38755561,BV1Ut411Y7vQ,1545475037,2018/12/22,18:37:17,13:43,2595,2080,5057,1033,7892
不服！怪异君再次挑战故事王,4044,203237,//i0.hdslb.com/bfs/archive/86bae0cd9cf7fdf96ab7f2933d7d17c4735525f5.jpg,38084152,BV1Rt411v7YU,1544716816,2018/12/14,0:00:16,5:43,756,682,2103,341,4471
【玩勿丧智15】五大鬼屋连环挑战，看谁是怪异第一怂,407,204467,//i2.hdslb.com/bfs/archive/98efd6d193f12c2c1d0634e3f70139655ea314b8.jpg,35076560,BV18b411P7BR,1541078282,2018/11/1,21:18:02,12:29,1283,849,1803,539,4071
【点到为止】9.破解密室犯罪火箭速成教学,773,276668,//i1.hdslb.com/bfs/archive/a30a392c322c0b38234f3484d664fb14a3be07a3.jpg,32397178,BV12W411z7Hy,1537783775,2018/9/24,18:09:35,15:48,1429,1944,6370,1137,6024
【玩勿丧智14】无间道再次上演！谁才是真正的背叛者？,522,179242,//i1.hdslb.com/bfs/archive/647bc39238567c0009531f7575858b02f816a134.jpg,30214117,BV15W411D7R1,1535113473,2018/8/24,20:24:33,22:18,1476,627,2129,443,3301
【点到为止】8.向电子书宣战！这些纸质书超有趣,953,228200,//i1.hdslb.com/bfs/archive/4c3fcad9e47935dc75c685721ee851ae733ab730.jpg,28795498,BV1rs411g76y,1533667231,2018/8/8,2:40:31,15:17,1970,4421,10131,2468,6685
【点到为止】7.《名侦探柯南》第二弹！少年侦探团人物图鉴,956,302269,//i1.hdslb.com/bfs/archive/aa781b7dadb78a619032e7b0539d59f58f1d1fdc.jpg,27829479,BV1Gs411A7Cj,1532649674,2018/7/27,8:01:14,15:16,2697,2156,5125,812,5559
【点到为止】6.史上最全的《名侦探柯南》人物图鉴（亲友篇）,1108,624545,//i2.hdslb.com/bfs/archive/e1e20c1e0e9f3c05783c95cecc24b177490bbe3d.jpg,26517950,BV1rs411n7ut,1531166806,2018/7/10,4:06:46,13:59,4691,9607,9435,2836,9977
【直播录屏1】暴躁的周五，读读评论聊聊《紧闭的门扉》,471,132794,//i1.hdslb.com/bfs/archive/3e202e5b5a39fffa15695e6988bccba6456c2015.jpg,25334924,BV17s41177yV,1529588924,2018/6/21,21:48:44,49:24:00,870,241,809,305,1590
【点到为止】5. 推理界奇葩！上帝视角全开，最不怕剧透的推理小说模式！,1131,370734,//i1.hdslb.com/bfs/archive/244c0e37a6bbac3c2693bb45c5916b2465ee0142.jpg,24830626,BV1rW411w7aJ,1528892274,2018/6/13,20:17:54,15:44,2961,2005,5879,1490,5455
【点到为止】4. 复仇者联盟3无剧透复习指南,1149,345159,//i2.hdslb.com/bfs/archive/78bdc22200e16d9d6099c7998e5f3f2b72d4aaab.jpg,23244463,BV1PW411F7BE,1525946276,2018/5/10,17:57:56,16:29,2573,4848,8737,15767,5113
【点到为止】3.死宅崛起！他写的推理小说，被唐人街探案“借鉴”了,1540,415458,//i1.hdslb.com/bfs/archive/f24cc2f544b72b4422701f2be39996c728efb8df.jpg,22744505,BV1BW411V7TY,1525013317,2018/4/29,22:48:37,15:18,2879,3450,9739,2038,7365
【玩勿丧智13】丢下加班的怪异君去越南浪，美滋滋！,400,132483,//i1.hdslb.com/bfs/archive/c0605dd1562f539afa736f2af6cc7eaf2c6b5914.jpg,19853419,BV1bW41177Uw,1519197008,2018/2/21,15:10:08,12:12,642,273,1095,318,1758
【怪异贺岁】众男神女神牵着怪异君给大家拜年了！！！,543,126072,//i0.hdslb.com/bfs/archive/32d1e3f79bfee4396646061205600c16d53ed52b.jpg,19640595,BV1LW411J7gF,1518691240,2018/2/15,18:40:40,9:24,2110,812,4222,561,2808
46【怪异君致经典2】《仙剑奇侠传》第七回,2831,702858,//i1.hdslb.com/bfs/archive/79e89da326b936ba5b703616a318fac9514cfd27.jpg,19067765,BV1hW411H7Us,1517591996,2018/2/3,1:19:56,21:10,7847,5532,32028,2730,13496
【牙尖十怪】实不相瞒，我撩起人来连自己都恶心,490,156933,//i2.hdslb.com/bfs/archive/6f4a6a4178d46e7149e01c7ecea7e4d9ce6abac3.jpg,18160166,BV1SW411i7YH,1515567627,2018/1/10,15:00:27,3:20,1319,1267,2614,1213,2294
【点到为止】2.这部《端脑》的推理，好得不像国产科幻剧,1664,408639,//i0.hdslb.com/bfs/archive/ff196435838e75206426da03e44d53b754084a37.jpg,18109819,BV1sW411i7Wv,1515419974,2018/1/8,21:59:34,11:46,2730,2309,3684,2259,5064
45【怪异君致经典2】《仙剑奇侠传》第六回,1589,524469,//i1.hdslb.com/bfs/archive/45e0a055ff45915c810f8296296e7dddb9193860.jpg,18010701,BV1iW411B7sw,1515185077,2018/1/6,4:44:37,15:29,4008,1809,9296,1241,5384
【玩勿丧智12】狼和三只小猪，真人版推理大逃杀！,718,172221,//i1.hdslb.com/bfs/archive/5deaf6ed919d8a3d7da1edf6ae91c25a312ab9f0.jpg,17361745,BV1XW411b7en,1513508589,2017/12/17,19:03:09,20:43,1680,604,2504,492,2369
【玩勿丧智11】并没有什么卵用的夹子妙用小教程,384,113776,//i1.hdslb.com/bfs/archive/e6bd44a641c6ce8cd4ef3321a7072f3676e32ae8.jpg,16569576,BV1qx411V7Qo,1511345475,2017/11/22,18:11:15,3:26,385,249,1091,336,1273
44【怪异君致经典2】《仙剑奇侠传》第五回,2198,617400,//i0.hdslb.com/bfs/archive/18fb2cf2f659b260d11e9728928051af235f4b82.jpg,16502556,BV1ox411L7rJ,1511146495,2017/11/20,10:54:55,17:49,6539,3120,12880,2549,5854
【点到为止】1.《东方快车谋杀案》不完整装X指南,1055,515107,//i0.hdslb.com/bfs/archive/cfb85ae4b87eb5bad4bfc10fc081028c1734ed01.jpg,16199048,BV15x41177ff,1510317286,2017/11/10,20:34:46,10:24,2324,2603,5300,1854,5012
43【怪异君致经典2】《仙剑奇侠传》第四回,1031,573775,//i1.hdslb.com/bfs/archive/ed909786d3216e93158a2dbd27f451072a1403b2.jpg,15936207,BV1ix411E7jr,1509563101,2017/11/2,3:05:01,12:36,3824,2093,10287,1504,4623
【玩勿丧智10】史上最烧脑的找椅子游戏，我们居然花了52分钟！,354,155242,//i2.hdslb.com/bfs/archive/3d96174552f8aef20b90616404bd65f50ac739af.jpg,15742186,BV1qx41177GD,1509011619,2017/10/26,17:53:39,13:40,895,364,1707,353,1557
42【怪异君致经典2】《仙剑奇侠传》第三回,1508,561808,//i2.hdslb.com/bfs/archive/b50525b383e09b4e6e2ee87817fd2f3a50b186d0.jpg,15675344,BV13x411u7eV,1508798490,2017/10/24,6:41:30,12:57,3764,1854,10388,1534,4541
文字重生 | 这本书谁读谁精分，不信你看 by铁奶,692,151443,//i0.hdslb.com/bfs/archive/e00e80b11be80d8f222aae68f8d64a91f8d22e71.jpg,15536461,BV1hx411M73j,1508411425,2017/10/19,19:10:25,5:07,992,435,1911,403,1163
41【怪异君致经典2】《仙剑奇侠传》第二回,2322,668486,//i1.hdslb.com/bfs/archive/67bceb0779b85ceae107d82d639f42d8907a9506.jpg,15493283,BV1Kx411M7H5,1508257760,2017/10/18,0:29:20,10:02,4616,2817,13473,1567,5056
40【怪异君致经典2】《仙剑奇侠传》第一回,4207,975484,//i2.hdslb.com/bfs/archive/2085f161c916b26e64b804acefa7f6a3b1184258.jpg,14639785,BV15x411x761,1505909772,2017/9/20,20:16:12,11:35,8934,5597,20413,8489,7341
文字重生 | 线上读书会 ft.长歌、杨英鹏、中国BOY、王知无、六道,977,173865,//i2.hdslb.com/bfs/archive/6c4f32b74775a68e96a53dc5b45a3fdd5d4d9607.jpg,14284430,BV1Kx411477A,1504879032,2017/9/8,21:57:12,7:29,1235,868,1573,455,783
【玩勿丧智09】我们想整蛊怪异君，结果先把自己吓个半死,420,173061,//i0.hdslb.com/bfs/archive/559c27963ef79af2d1ec3c49b7f3fd6ffc14c16e.jpg,13994973,BV1tx411t7gm,1504094094,2017/8/30,19:54:54,3:50,740,240,828,357,883
39【怪异君致经典2】《陆小凤传奇》第九集,1420,822558,//i1.hdslb.com/bfs/archive/5bfb3b39174b82daa2b342635510bc1cf7fcb5c1.jpg,13891494,BV1tx411873t,1503867276,2017/8/28,4:54:36,11:14,5109,1766,9237,863,4345
38【怪异君致经典2】《陆小凤传奇》第八集,1590,794128,//i1.hdslb.com/bfs/archive/0f6f75ff29ffb29dfb62d0764e22e52ab9926c48.jpg,13616506,BV1fx411J7RJ,1503268970,2017/8/21,6:42:50,10:56,3252,1669,7490,866,3744
【玩勿丧智08】玩到意志崩溃！烧脑的套路游戏,592,175822,//i2.hdslb.com/bfs/archive/9f34e101bb034b4757ddf560bc110430d0afa68e.jpg,13437255,BV1Vx411J725,1502886960,2017/8/16,20:36:00,14:58,1168,383,1848,432,1047
37【怪异君致经典2】《陆小凤传奇》第七集,1744,817660,//i0.hdslb.com/bfs/archive/f5a9936b0cb8111d638ceb2ca546e82809f0c988.jpg,13177089,BV1ix411n7aZ,1502320928,2017/8/10,7:22:08,11:46,4582,1826,10313,1019,4106
【玩勿丧智07】两位女司机带你动物园飙车,634,145178,//i1.hdslb.com/bfs/archive/7351a8ede95c741c2e75702bc8cbbfd86c243da9.jpg,12405517,BV1jx411i73j,1500573416,2017/7/21,1:56:56,11:00,1579,309,1473,417,632
【玩勿丧智06】去北京见粉丝，被亲亲抱抱举高高。,507,130021,//i2.hdslb.com/bfs/archive/e5a157bead04d108dceb1f145833ec033bd4a599.jpg,12144572,BV1ix411q72x,1499885337,2017/7/13,2:48:57,13:08,1396,232,1541,323,626
36【怪异君致经典2】《陆小凤传奇》第六集,1434,941427,//i0.hdslb.com/bfs/archive/e0698224e634858dccdc7f6e78f00b4a6450bab2.jpg,12052529,BV1Sx411z7o9,1499628856,2017/7/10,3:34:16,11:30,3797,3247,10135,1223,3808
35【怪异君致经典2】《陆小凤传奇》第五集,2052,969748,//i1.hdslb.com/bfs/archive/588e1e0df741a03bc7918292872b4025ea69d637.jpg,11472931,BV16x411h7dF,1497930939,2017/6/20,11:55:39,10:47,4654,2220,10179,978,4033
【玩勿丧智05】吸氦气玩变声，这波辣耳朵,733,203264,//i2.hdslb.com/bfs/archive/b89ddc825f6f4d77c387e5048e71fa5f4860fc27.jpg,11149377,BV1kx411a7Ym,1496850403,2017/6/7,23:46:43,12:43,1651,519,1446,559,862
【玩勿丧智04】捍卫尊严之战！怪异君勇者斗子龙！,558,166636,//i2.hdslb.com/bfs/archive/3472f644232d41c6ad408b069da3941c543e3310.jpg,10971428,BV17x411e7vU,1496224172,2017/5/31,17:49:32,11:13,1242,345,1582,978,651
34【怪异君致经典2】《陆小凤传奇》第四集,1934,1006661,//i0.hdslb.com/bfs/archive/acf8cfedac23d71446c7cafea43b7cebac6ecb48.jpg,10941588,BV1ux411e756,1496132217,2017/5/30,16:16:57,13:51,4988,1910,9920,909,4283
33【怪异君致经典2】《陆小凤传奇》第三集,2269,1083895,//i0.hdslb.com/bfs/archive/1afce9b56683a587e2e437baf54b5bacf9780e8f.jpg,10608191,BV1Kx411v7DE,1494938444,2017/5/16,20:40:44,13:13,6414,3156,13260,1449,5140
32【怪异君致经典2】《陆小凤传奇》第二集,2425,1090422,//i2.hdslb.com/bfs/archive/f96d9039c7fadd4736a95ca60dade72f6d548643.jpg,10391237,BV1ix411m7LG,1494155380,2017/5/7,19:09:40,13:22,6615,3696,17611,1930,6014
31【怪异君致经典2】《陆小凤传奇》第一集,4903,1553647,//i0.hdslb.com/bfs/archive/1625b9ce16d0a5845455bf7151759a484dd24367.jpg,10211842,BV1Vx411S7f3,1493555437,2017/4/30,20:30:37,15:15,11519,7354,27895,6359,10291
【玩勿丧智03】捉迷藏！我竟然天真的觉得这个游戏很纯洁,871,199804,//i1.hdslb.com/bfs/archive/9616ca97b4d0da8010b96252ed5c4c2cd57c9bcb.jpg,9467258,BV12x411D7rN,1490774301,2017/3/29,15:58:21,12:44,2129,466,2166,375,1346
【怪异君】抽奖！奖品你不心动算我输！,1720,180003,//i0.hdslb.com/bfs/archive/772dee0aa3e2828e53efd156b751f5ba86166ee0.jpg,9230192,BV18x411r7zy,1489801086,2017/3/18,9:38:06,6:32,1559,564,1938,693,678
30【怪异君致经典】致经典制作特辑：从零开始,1400,378009,//i1.hdslb.com/bfs/archive/b1755e7e939228e74d1b71e9dd220a032915c4f1.jpg,9226960,BV1bx411r7c7,1489772258,2017/3/18,1:37:38,23:18,5195,1844,37615,688,4376
【玩勿丧智02】我是没想到，不做解说被打的更惨,950,227123,//i1.hdslb.com/bfs/archive/f3e214d3754946f4841e20a71381fc2e1ba0c309.jpg,8811150,BV1yx411y7pN,1487948942,2017/2/24,23:09:02,8:42,1677,883,9764,375,2085
【玩勿丧智01】和小姐姐们玩了一个事后电击的游戏,959,276330,//i2.hdslb.com/bfs/archive/cd959662b47f85bf6c000af4b15c499612413d82.jpg,8667499,BV1Fx411y7kh,1487324391,2017/2/17,17:39:51,7:47,1489,634,2124,356,1069
29【怪异君致经典】《大宋提刑官》 第八回,6251,1446531,//i2.hdslb.com/bfs/archive/62bfd62fbbb3cfe83381ac007a4c0b6785e78d1b.jpg,8258563,BV1Gs41187up,1485529697,2017/1/27,23:08:17,21:17,19580,13457,97239,5321,25532
28【怪异君致经典】《大宋提刑官》 第七回,2320,1014760,//i1.hdslb.com/bfs/archive/4e8a94a2c9c15672e2d484b3f9a68be5184b0597.jpg,8224501,BV1Ss411b7os,1485372013,2017/1/26,3:20:13,15:48,5852,3601,16373,1343,7087
27【怪异君致经典】《大宋提刑官》 第六回,2274,1209808,//i1.hdslb.com/bfs/archive/3e888c97d5e4288fe4d8cb615f3e23234bcc1038.jpg,7792716,BV1Fs411Y7f2,1483204966,2017/1/1,1:22:46,15:06,7362,4247,21274,1447,9149
【吃瓜看戏】以后有这个节目你可能就不会担心剧荒了,632,208493,//i1.hdslb.com/bfs/archive/51c96c3cfeb75e54c4e3ac8cba050bf1cb2dc01c.jpg,7695129,BV1hs411a7FQ,1482660435,2016/12/25,18:07:15,1:26,466,178,587,285,214
26【怪异君致经典】《大宋提刑官》 第五回,2294,1313153,//i1.hdslb.com/bfs/archive/347d140a8bbdb2eab93e0a7259bac5a533d0a273.jpg,7593320,BV1zs411e7ZA,1482079347,2016/12/19,0:42:27,14:16,8554,6030,22911,3843,8059
25【怪异君致经典】《大宋提刑官》 第四回,2005,1214004,//i1.hdslb.com/bfs/archive/116927e35b5b6d77a9c7fc8be2dab054cf98721f.jpg,7357856,BV1bs411Y7uc,1480733952,2016/12/3,10:59:12,13:58,6641,4100,18536,1608,7039
24【怪异君致经典】《大宋提刑官》 第三回,2016,1354263,//i1.hdslb.com/bfs/archive/8989f2ddb0b8624fe8879ec8970260205c7b17a9.jpg,7202826,BV1is411W7Z8,1479747539,2016/11/22,0:58:59,14:56,7812,6182,27683,1978,7946
23【怪异君致经典】《大宋提刑官》 第二回,2751,1432100,//i2.hdslb.com/bfs/archive/7288038563443a68d98e943e24a8b0dad2f0ead2.jpg,6989240,BV1ps411x7vU,1478427813,2016/11/6,18:23:33,12:10,7760,7175,27516,3151,8926
22【怪异君致经典】《大宋提刑官》 第一回,3612,2059944,//i1.hdslb.com/bfs/archive/2c663ad7d7fd2fce3fa330099b6281cee2f0001a.jpg,6771604,BV1ms41147qa,1477087175,2016/10/22,5:59:35,13:02,10606,15872,46274,16399,15876
【怪异君VLOG】向经典的朝圣日常,553,202748,//i1.hdslb.com/bfs/archive/ab58a23b4bf8a93c872e1c03f701bc96432906ff.jpg,6573947,BV11s411x7PY,1475768989,2016/10/6,23:49:49,15:01,1677,359,3771,309,531
21【怪异君致经典】《方谬神探》 最终章,2084,821638,//i0.hdslb.com/bfs/archive/04ae000e78b64eef116f471c4442a34bb2613f2a.jpg,6497499,BV15s411b7NK,1475385445,2016/10/2,13:17:25,15:09,6637,3886,35231,1169,7343
20【怪异君致经典】《方谬神探》 第五章,780,628418,//i1.hdslb.com/bfs/archive/96e90a775e81ce69061f87eab1543c6ae572af67.jpg,6414382,BV1zs411t7Hi,1474796392,2016/9/25,17:39:52,8:58,1944,1049,4496,431,2414
19【怪异君致经典】《方谬神探》 第四章,968,667762,//i1.hdslb.com/bfs/archive/4a98fd45b668badce2d75d41a245880c5b8bb039.jpg,6285619,BV1ss411r7TQ,1473918794,2016/9/15,13:53:14,11:03,2478,2291,4894,549,2505
18【怪异君致经典】《方谬神探》 第三章,836,631594,//i0.hdslb.com/bfs/archive/28fcc7a2f22f1a1aa3acb7bc40bf98bb7ae6960f.jpg,6224643,BV1Ks411r7cK,1473493611,2016/9/10,15:46:51,11:30,2932,1267,4697,527,2545
17【怪异君致经典】《方谬神探》 第二章,928,658342,//i0.hdslb.com/bfs/archive/0d3561919b17afebdca1f18141205bd5ec05b5bb.jpg,6042986,BV1ns41167ER,1472310879,2016/8/27,23:14:39,9:25,2297,1201,5242,526,2591
16【怪异君致经典】《方谬神探》 第一章,694,736860,//i0.hdslb.com/bfs/archive/52cad1cc0df6bc9372223928709f04f337e231ac.jpg,5925663,BV15s411k7Z9,1471709375,2016/8/21,0:09:35,9:29,2715,1576,5858,847,3296
15【怪异君致经典】《方谬神探》 序章,1441,819087,//i1.hdslb.com/bfs/archive/52a111e25deb23f7dbedb98a34fbfbdcba4cefc9.jpg,5802742,BV1ms411r7PV,1471096547,2016/8/13,21:55:47,8:34,4725,3388,7559,1965,3937
14【怪异君致经典】《春光灿烂猪八戒》 泉眼篇,1179,631377,//i2.hdslb.com/bfs/archive/bd833207bec9b418a3f65cdf205f16b5f497f2e7.jpg,5560306,BV1Ps411C7CN,1469846263,2016/7/30,10:37:43,9:39,4111,1865,9079,1174,2825
怪异君和他的朋友们（volg）,438,225570,//i1.hdslb.com/bfs/archive/3708c8f1cf04194251714e08ae17a1c193355de7.jpg,5448270,BV1Hs41117rD,1469195340,2016/7/22,21:49:00,4:34,1237,466,1106,303,1455
13【怪异君致经典】《春光灿烂猪八戒》悟空篇,627,576357,//i1.hdslb.com/bfs/archive/b3b8f1e97747a3abfc44c2d193c4bb66f83361fe.jpg,5350718,BV1Qs411y7TL,1468601904,2016/7/16,0:58:24,8:21,2612,873,3042,569,1893
12【怪异君致经典】《春光灿烂猪八戒》射日篇,673,572713,//i0.hdslb.com/bfs/archive/d13264111e014990b56bae04e3d6d0e2b8f158d3.jpg,5264055,BV1Ls411y7u5,1468056076,2016/7/9,17:21:16,7:01,2178,964,3934,612,1903
11【怪异君致经典】《春光灿烂猪八戒》猫妖篇,1019,711356,//i1.hdslb.com/bfs/archive/71858c32cbd8731f421f715d52b9afee30811af1.jpg,5163599,BV1zs411v7Y1,1467378662,2016/7/1,21:11:02,7:08,3259,1479,5709,1366,2769
【怪异君翻唱】重编版《少年包青天》，怪异君毁经典之少年包青天篇 片尾曲,654,407938,//i0.hdslb.com/bfs/archive/3017835bf915e8dac2df97f4b01ddef6c3122b67.jpg,5063474,BV1gs411v7AA,1466652213,2016/6/23,11:23:33,3:01,1174,6136,8123,1599,2102
10【怪异君致经典】《少年包青天》最终案,1756,1382814,//i1.hdslb.com/bfs/archive/99421b444027b9b6e81ef9e53087cbfe347c8fed.jpg,5003479,BV1Ss411e7Xp,1466168280,2016/6/17,20:58:00,11:03,7406,5236,22876,1763,7991
9【怪异君致经典】《少年包青天》第六案,1075,1254665,//i2.hdslb.com/bfs/archive/d2b74aee1501c6236ceb2fa371314dd3e8cad4a6.jpg,4865360,BV1Zs411i7XB,1465051741,2016/6/4,22:49:01,8:11,3471,3027,6384,963,4295
8【怪异君致经典】《少年包青天》第五案,805,1219841,//i2.hdslb.com/bfs/archive/36ee42f652404d986bb2df1e988a8050fc56a113.jpg,4784944,BV1vs411i7D7,1464375622,2016/5/28,3:00:22,7:17,4055,2230,6558,1173,4658
7【怪异君致经典】《少年包青天》第四案,746,1404601,//i0.hdslb.com/bfs/archive/5fef28c01a650959d468896ab9c6a15e88f7a71d.jpg,4721533,BV15s411i7CQ,1463824357,2016/5/21,17:52:37,7:57,4249,3079,7960,1517,5494
6【怪异君致经典】《少年包青天》第三案,820,1408120,//i0.hdslb.com/bfs/archive/2ff6793f6da445b75f19e8a93ac61588a95900c4.jpg,4637941,BV1ns411B7aj,1463123361,2016/5/13,15:09:21,6:09,3916,3442,7251,2050,5239
5【怪异君致经典】《少年包青天》第二案,679,1440606,//i2.hdslb.com/bfs/archive/1fc49fd26b351ec11c62822e89b899b42f4026a6.jpg,4506421,BV1rs411q7uq,1461950548,2016/4/30,1:22:28,6:02,4192,3476,7737,2187,6311
4【怪异君致经典】《少年包青天》第一案,950,1865012,//i0.hdslb.com/bfs/archive/bf4d85e6c423b6747e1deccf9ede4bc98a0e5041.jpg,4433011,BV1us41167j1,1461290298,2016/4/22,9:58:18,5:16,4966,6763,14283,9783,10514
【怪异君致经典】《少年包青天》篇 预告,234,533658,//i1.hdslb.com/bfs/archive/f12a35d83655acf602bf1c80cd9081a9f71e26e4.jpg,4386139,BV1Cs411z7p1,1460816937,2016/4/16,22:28:57,2:27,857,898,1845,1189,2270
3【怪异君致经典】《我和僵尸有个约会》第三部,643,643976,//i2.hdslb.com/bfs/archive/a29bb218bf432943d294126bcaff91a01820ba15.jpg,4316530,BV1Hs411z7rR,1460183864,2016/4/9,14:37:44,8:00,2034,1956,3257,718,3004
2【怪异君致经典】《我和僵尸有个约会》第二部,501,792361,//i2.hdslb.com/bfs/archive/a861cde963798231e9dce27a983de989e96ebe78.jpg,4243246,BV1us411z7rD,1459508002,2016/4/1,18:53:22,10:27,2286,2291,6991,975,4395
【牙尖十怪】怪异君说方言，卷福说四川话，剧情没变！画风变了！,165,261074,//i0.hdslb.com/bfs/archive/e6e710b5467764115b5340060dee90323f6a9f35.jpg,4111210,BV1ds411Q7jk,1458121251,2016/3/16,17:40:51,1:42,592,1254,819,1174,1218
1【怪异君致经典】《我和僵尸有个约会》第一部,1069,1102943,//i2.hdslb.com/bfs/archive/80cbfed02474661760d0e42613207a04e41709c3.jpg,4095174,BV16s411Q7NU,1457930478,2016/3/14,12:41:18,6:57,654,4452,4930,2655,4896
