﻿title,comment,play,pic,aid,bvid,created,date,time,length,video_review,favorite,coin,share,like
纽约最贵米其林餐厅因疫情卖盒饭！800美元一盒值不值？,8373,1554531,//i1.hdslb.com/bfs/archive/e26809b470a79ea74df683c051e8849eefa02f03.jpg,626074915,BV1Mt4y197oQ,1592192893,2020/6/15,11:48:13,05:54,31271,10432,48530,4970,166759
【相对论】对话郭杰瑞 ，聊聊“美国眼睛”里的中国与世界什么样？,6124,2370243,//i2.hdslb.com/bfs/archive/ece2daff45916429d16189b92e7f921ccfc82e41.jpg,370935957,BV1FZ4y1H7Fz,1591767608,2020/6/10,13:40:8,37:59,36359,17978,35587,4381,163872
为何美国疫情死十万人，社会震动不如一个非裔之死？,12186,3899746,//i0.hdslb.com/bfs/archive/e6d5fa348574ab0391894a83c049488be993f4fe.jpg,200935865,BV1xz411i7FK,1591590894,2020/6/8,12:34:54,05:04,11323,25506,82570,10501,314512
实拍美国抗议现场，街访纽约示威者！,21439,5030908,//i2.hdslb.com/bfs/archive/bd3d19e264b327a22168229c4c18564d5c841ced.jpg,795928946,BV1cC4y1a7xA,1591074701,2020/6/2,13:11:41,06:00,44083,34995,114332,27632,389896
为什么美国黑人被警察打死事件经常发生？种族歧视在美国是怎样的？,29185,4661175,//i2.hdslb.com/bfs/archive/4b26213b75db35028118750d5d6595cfae079d73.jpg,668315791,BV1Za4y1e7pF,1590812405,2020/5/30,12:20:5,05:58,41339,26010,73236,20404,334678
我做了新冠病毒抗体测试，第二天就拿到了结果！,5197,2120411,//i0.hdslb.com/bfs/archive/05261a77757efaa9b5b7d0289b16570845404d60.jpg,883292258,BV14K4y1t7Sf,1590635787,2020/5/28,11:16:27,04:01,10211,6995,23061,2327,150297
美国人为何没什么存款，很多人真拿不出400美元？,16040,3494833,//i1.hdslb.com/bfs/archive/a97a626ca31d048b11b75bf08cf6dbe0e70ce3aa.jpg,925798182,BV1TT4y1g7jc,1590376412,2020/5/25,11:13:32,05:42,22536,25074,79891,13594,283073
街访美国纽约路人，特朗普抗疫做的怎么样？,7660,3010895,//i1.hdslb.com/bfs/archive/de7b2326b1cf94bd6e2da1cc48707be2d95feed3.jpg,753141008,BV13k4y167u2,1589773092,2020/5/18,11:38:12,05:38,23366,16332,65566,8055,240295
复工后美国疫情会到什么程度？真会群体免疫吗？,12571,3033509,//i2.hdslb.com/bfs/archive/f92cdf0e90a612beae51e1e3093292f4296dfcf1.jpg,968227138,BV1rp4y1Q7ka,1589255909,2020/5/12,11:58:29,05:27,28413,14847,60046,12580,235058
为何有些美国人特别“反智”！大部分还是特朗普支持者？,33363,4460652,//i0.hdslb.com/bfs/archive/dde24b739a11ea4831a5cdb0b3e5282b2c124b7b.jpg,968030032,BV1pp4y197ex,1588650873,2020/5/5,11:54:33,06:01,97950,44442,135911,75727,377155
疫情下美国农场，为何安乐死猪，倒掉牛奶也不送穷人？,20710,3587769,//i0.hdslb.com/bfs/archive/5095695a45ed4e996587b4ff49a85b73ec930c31.jpg,925430943,BV12T4y1g7nM,1587804676,2020/4/25,16:51:16,05:06,25132,30912,115735,17917,326451
美国疫情还在爆发，为何民众开始持枪闹复工？,31934,5875946,//i2.hdslb.com/bfs/archive/1a3e521666ce40e8ccf1d8f1a52b1a0cc6d29878.jpg,667769441,BV1ia4y1x7n5,1587446421,2020/4/21,13:20:21,05:15,111693,33446,125160,40765,414458
纽约20万确诊，实拍政府免费食物，探访医院当前情况！,14740,3502256,//i0.hdslb.com/bfs/archive/f2717afef9998bef31bc1eacab9b21aa5bd56313.jpg,412775819,BV1QV411o7hn,1586922128,2020/4/15,11:42:8,06:12,38302,20643,102255,10393,281845
为何美国沦为世界疫情最严重国？我们各州关系像邻居！,20870,4935309,//i2.hdslb.com/bfs/archive/ea3bdce996f01943ee20fc7f1b420bde27e69122.jpg,285145704,BV1ac411h7BR,1586075010,2020/4/5,16:23:30,05:40,52026,46090,181279,44875,416987
纽约疫情：实拍医疗船和野战医院，停车场竟改停尸间！,23611,4536174,//i1.hdslb.com/bfs/archive/53d72c4125bf7f3cf14193c70ac61c82426252b4.jpg,667573353,BV1ja4y1t77j,1585715241,2020/4/1,12:27:21,05:46,54172,23790,97867,30111,289180
美国纽约疫情现场，实拍军队建医院，各州争抢物资！,30617,4013736,//i1.hdslb.com/bfs/archive/b751eb928f7b8062e52499f93b6f2edafd5d175c.jpg,200107979,BV1Jz411b7Xp,1585288163,2020/3/27,13:49:23,06:09,54079,19341,79870,26892,257610
纽约疫情严重，医疗告急！美国新冠为什么大爆发？,20186,4306764,//i0.hdslb.com/bfs/archive/a5f64691f5400061aca34b65fddcf8d780d93683.jpg,98074570,BV1zE411c7KH,1584761897,2020/3/21,11:38:17,04:54,42825,16358,54805,17615,238882
实拍美国疫情，纽约大部分地方关门，新泽西开始宵禁！,9178,2825326,//i0.hdslb.com/bfs/archive/32b6a09d9c13b5e1da378421428ea1a421a78f42.jpg,96972433,BV1Q7411Z7Kp,1584421203,2020/3/17,13:0:3,05:04,22795,10082,41055,9691,163387
试吃保质期30年的美国紧急食品，为什么疫情下最先被抢光？,9850,3309624,//i0.hdslb.com/bfs/archive/6c442b910bc3a455b6531fe2223de08dc887e37d.jpg,94851325,BV1nE411u7xq,1583726267,2020/3/9,11:57:47,06:03,34455,11197,31940,12580,178178
美国医疗贵不贵？街访美国人能负担新冠治疗费吗？,16771,2575022,//i0.hdslb.com/bfs/archive/460ba4e48c21626a694ea376bc09d23993ae9014.jpg,94121639,BV1QE411H7ih,1583488840,2020/3/6,18:0:40,05:44,20515,12591,38748,27380,157171
暗访纽约医院，如果新冠病毒在美国爆发，大家准备好了吗？,12580,3131219,//i2.hdslb.com/bfs/archive/49261fc7ffd65ea68af8490d62a8c674e242fd06.jpg,92668458,BV1SE411J7V6,1582976127,2020/2/29,19:35:27,05:37,28823,12339,40467,21333,163113
美国小哥给中国网友展示如何买一次菜吃一个月，竟然把微波炉炸了！,6097,2107894,//i1.hdslb.com/bfs/archive/990f0743f62c2020a5edec573a2849b32dfcc0a5.jpg,91282384,BV1C7411M7hT,1582512674,2020/2/24,10:51:14,05:21,27559,13200,26827,8165,119227
作为美国人和百万中国学生在线PK高考英语，能排第几名？,3791,1541031,//i2.hdslb.com/bfs/archive/65dbe2e09a549fe91fede31e1931f3f5e39cf5ca.jpg,90690374,BV1c7411A7fT,1582340459,2020/2/22,11:0:59,05:33,18024,5896,22162,6370,102436
新冠肺炎｜实拍美国物资捐赠过程，海外华人留学生让人感动！,4372,1499209,//i0.hdslb.com/bfs/archive/80b77d1692d990569ca8d55982353a52470c331b.jpg,87458772,BV1q741187BN,1581134425,2020/2/8,12:0:25,06:20,9485,12412,77307,5287,134914
新冠肺炎｜街访美国路人，海外网友怎么看新型冠状病毒？,10696,3427219,//i1.hdslb.com/bfs/archive/9f8c9bb8e80d7da37d063a3e5fca17d9c61285cb.jpg,85923709,BV1Q7411B7XZ,1580465302,2020/1/31,18:8:22,05:15,22360,32005,175144,10934,289141
探秘北欧企业文化，为何北欧是世界最发达地方？,3904,1856925,//i2.hdslb.com/bfs/archive/0ead0c02ece966221def9b6a457d9e3c6ef17cfa.jpg,84455143,BV1F7411e7Rw,1579663835,2020/1/22,11:30:35,06:26,9688,10261,20700,11150,85553
试吃世界最有名大厨的餐厅，惠灵顿牛排做的怎样？,4378,2710416,//i0.hdslb.com/bfs/archive/b7c88b7bdc719c0ddb600728f3675ce7297b7b3e.jpg,83834515,BV1BJ411E7RE,1579256769,2020/1/17,18:26:9,05:25,13383,7376,20733,2992,110300
拉斯维加斯800元/位自助餐和牛随便吃？能吃回本吗？,3414,2688247,//i2.hdslb.com/bfs/archive/0c6f3054dacc894498a33ae34679aa71b8ebac7d.jpg,83399269,BV1TJ411J7wz,1579059039,2020/1/15,11:30:39,05:55,17721,6718,25805,3918,112327
赌场套路有多深？实拍拉斯维加斯怎样让你人钱分离！,4436,2130668,//i1.hdslb.com/bfs/archive/d22ce36d24bea6e97feb20e1807c72dcce35aea6.jpg,82934760,BV1RJ411H7qa,1578712944,2020/1/11,11:22:24,05:32,10921,7067,21932,3619,99966
世界最大科技展CES，中国科技品牌在海外到底怎样？,4124,2192033,//i2.hdslb.com/bfs/archive/8c8d949aad1f4386fd9b5cea73ddcf64e3734063.jpg,82577062,BV1GJ411G7T6,1578478327,2020/1/8,18:12:7,05:54,14781,13212,42985,7087,117360
云南咖啡进军美国第一步：纽约最好烘焙厂愿意合作吗？,3848,1552003,//i0.hdslb.com/bfs/archive/1731630ac2016fd84df088439c5295869791f32b.jpg,82270297,BV1SJ411L7Ez,1578281447,2020/1/6,11:30:47,04:28,5931,11487,75393,2952,118510
探秘美国海鲜业，中国吃货带火的波士顿龙虾要凉了？,6946,2309404,//i1.hdslb.com/bfs/archive/f8f91aab5817d48dbd47c6064d52e8a14348fde5.jpg,81236383,BV1GJ411Y7k4,1577676623,2019/12/30,11:30:23,05:54,13562,6278,21950,3540,92302
圣诞吃中餐竟然成为美国传统？街访美国人为啥选中餐！,6773,2915203,//i0.hdslb.com/bfs/archive/657e846f47d028a48cae1642c07ce48cdf11ab52.jpg,80691754,BV1XJ411W74x,1577331634,2019/12/26,11:40:34,04:48,20268,9238,28433,9596,131410
中国地铁首次在美国运营！街访美国人怎么评价新车厢？,4533,2080447,//i0.hdslb.com/bfs/archive/a03cc08305850d4ca238f6106c91b4c02625249e.jpg,80309887,BV1eJ411s7R5,1577071832,2019/12/23,11:30:32,05:48,13587,5836,20598,3245,103245
米其林印度菜PK街边小店，印度菜真的全是糊糊吗？,3885,2155267,//i0.hdslb.com/bfs/archive/9a2b41c4a61707d1490d90e89d07c2b6f3e3cb75.jpg,79796058,BV18J411t7SB,1576726205,2019/12/19,11:30:5,05:46,15018,5141,21082,3736,89790
创业记录2: 央视跟拍我们咖啡庄园，第一批已经寄美国！,3845,1498810,//i0.hdslb.com/bfs/archive/2a03e1ec7c740e776bf74bcb9fe37c082b7886b3.jpg,79584141,BV16J41167C5,1576556325,2019/12/17,12:18:45,06:00,6713,12313,63536,3521,108731
试吃美国史上最火汉堡，全美人民疯抢！真的那么好吃？,4772,3264280,//i2.hdslb.com/bfs/archive/53a44af6c926bdb3c90b468412c0c5f529bdff1c.jpg,77988803,BV1PJ411B7K9,1575430219,2019/12/4,11:30:19,04:56,16961,7941,18999,5260,114733
美国黑五和大妈PK抢货！真能0元抢到超值商品吗？,2842,1859278,//i2.hdslb.com/bfs/archive/ec681380e2ae54ddae73933a827c0dd18ff7d862.jpg,77496110,BV1tJ411Q7EH,1575084610,2019/11/30,11:30:10,05:44,13319,4486,16818,3597,81881
试吃贵州牛瘪火锅！真的是牛屎的味道吗？,4162,1865278,//i1.hdslb.com/bfs/archive/b1b5095a871542b61d53024469a5e3fec97a05d7.jpg,76309952,BV1WJ41117Uk,1574220646,2019/11/20,11:30:46,04:54,18148,4319,22534,5323,76325
探访B站天价电竞队，电竞选手真实生活到底怎样？,2893,1374386,//i1.hdslb.com/bfs/archive/8f29f58109922b2d0306ca7b9ccbb67dd37f2883.jpg,76151054,BV1LJ411m7d8,1574074957,2019/11/18,19:2:37,05:27,5416,3493,9045,2674,52422
挑战“偷”中国无人超市！店内吃喝也会被扣款吗？,4808,2768306,//i1.hdslb.com/bfs/archive/0dd41dc5e97cca71983537ef67a050d0c92774ff.jpg,75673974,BV1pJ411D7Cf,1573788654,2019/11/15,11:30:54,04:20,8545,7050,17851,4528,108594
双十一当天潜入阿里，抢购现场到底是怎样的？,3425,1794605,//i2.hdslb.com/bfs/archive/cc462c8743396f5c1f66a6ad2949850702eda32e.jpg,75342370,BV1ME411e73J,1573465883,2019/11/11,17:51:23,05:32,10609,5742,17735,4205,83048
挑战在蓝翔学挖掘机，中美技校差别竟然这么大！,6779,2089178,//i2.hdslb.com/bfs/archive/0bc279f3a522e148d550060e36b4bf2efc1de852.jpg,75043817,BV17E411v7g4,1573271831,2019/11/9,11:57:11,06:19,19275,8753,27068,10094,103357
创业纪录1:开店就遇中差评，郭杰瑞奔赴云南工厂！,6614,1932683,//i1.hdslb.com/bfs/archive/6c68f6069ca178a5a36a8fd52076acc948dfcb09.jpg,74020397,BV1QE411b7kq,1572516614,2019/10/31,18:10:14,06:35,10001,7712,34756,1925,96515
试吃700元一位高级素食店，真能把菜做成肉的味道？,4631,2194548,//i1.hdslb.com/bfs/archive/14ed7efba96338c8c80c930cdcfa7068b8cf02c5.jpg,71927560,BV1UE41167MU,1571628631,2019/10/21,11:30:31,05:42,12989,5148,19860,1937,83231
体验纽约第一批无人驾驶班车，真的比人类聪明又能干？,5094,1648461,//i0.hdslb.com/bfs/archive/e88ad18b0a574acc4f857099a2a60f0628bb96e4.jpg,71166123,BV1aE411d7Jd,1571023852,2019/10/14,11:30:52,05:30,8114,3977,13638,3523,61193
凌晨2点纽约安不安全？满街流浪汉，警察守通宵！,6517,1809115,//i2.hdslb.com/bfs/archive/56c5b341d80b2f8a984d376e62ca2fbd96c3da8b.jpg,70423603,BV1ZJ411F7vq,1570505442,2019/10/8,11:30:42,05:17,12216,7684,31501,7270,83224
我做了个很重要的决定，要把云南咖啡卖到美国！,16055,2540362,//i0.hdslb.com/bfs/archive/7e67a8723d7f76374c0a6ec783b381b90c090c93.jpg,70268195,BV1gJ411F7WC,1570356014,2019/10/6,18:0:14,04:36,16346,31226,150177,15228,192942
纽约最便宜牛排VS巴菲特天价午餐牛排！这期翻车了,3992,2445935,//i2.hdslb.com/bfs/archive/06b64a867dec1a3418fd15d37099d347a1cafe8d.jpg,69867769,BV1CE411Q7d5,1570096828,2019/10/3,18:0:28,04:46,14623,7568,34871,2241,111524
探秘上海一顿吃了40万的餐厅，什么菜竟然这么贵！,6889,3750829,//i2.hdslb.com/bfs/archive/8807e436002f58b25cbaf96d36768b13f02d2272.jpg,68695439,BV1VJ411M7R5,1569209412,2019/9/23,11:30:12,06:31,24824,11015,38333,6367,127541
花30元在拼夕夕买杂牌，对比2000元品牌货到底怎样？,5448,2527903,//i2.hdslb.com/bfs/archive/8f5a3d2fe62513d613aefae117dfa135792178da.jpg,68258742,BV1HJ411373J,1568894439,2019/9/19,20:0:39,05:18,11336,6925,24181,3192,102835
用美国人造肉做中餐，口感逼真但为何被吐槽骗子公司？,5501,2302313,//i2.hdslb.com/bfs/archive/e609df8788f0b357cb8e39fc2da36d23bb89b598.jpg,67432355,BV1LJ411P7nP,1568258528,2019/9/12,11:22:8,04:56,10669,6199,23030,2450,91730
试住中国网站上排第一的纽约酒店，套路竟然这么多！,3741,1963622,//i1.hdslb.com/bfs/archive/b9dc4f7ab3153a32ac4a5567467f47048f9d0593.jpg,66993554,BV154411C7uW,1567913436,2019/9/8,11:30:36,06:18,14985,6208,19052,2402,74380
【郭杰瑞】马上去中国，给大家买美国土特产抽奖！,46092,1902609,//i2.hdslb.com/bfs/archive/6cbf1379b7365f52dc73576265ce188f1c1c7eed.jpg,66825666,BV1P441117Pe,1567769299,2019/9/6,19:28:19,02:02,70395,10168,42380,3340,106582
街访乌克兰美女择偶标准，很多称中国男生很不错！,20905,4270320,//i0.hdslb.com/bfs/archive/9f053cc7c218d5750e5c9cebe88eea5ecf0818cf.jpg,65811212,BV1G4411q7vX,1567049405,2019/8/29,11:30:5,05:16,52411,35564,66983,65348,160870
战斗民族吃什么泡菜？竟然泡西瓜，泡鲱鱼，泡大蒜！,3977,2175137,//i0.hdslb.com/bfs/archive/1cd24e809b16a261abbe953bc88184b24ff84622.jpg,65390337,BV15441167Dj,1566790251,2019/8/26,11:30:51,05:29,28247,6341,31081,2934,97763
实拍切尔诺贝利（二），核电站爆炸后死城辐射有多高？,5695,2099389,//i1.hdslb.com/bfs/archive/8bf4172da830c19a8944b6321364a2731ece078a.jpg,64915469,BV1N4411R7RZ,1566531036,2019/8/23,11:30:36,06:15,14888,10751,43946,3951,97304
实拍切尔诺贝利，核电站事故后死城现状是怎样的？,7734,2656218,//i2.hdslb.com/bfs/archive/428fd417e1f67f37fe3c66c78ce99a5645be5a84.jpg,64646922,BV1V4411d7vf,1566358221,2019/8/21,11:30:21,05:33,22174,21459,91178,8954,154043
欧洲最穷国乌克兰，为何美女纷纷到中国做模特？,9081,2958858,//i2.hdslb.com/bfs/archive/5decd29051614de38ee966cd79bb7db8c43891b4.jpg,64071903,BV1S4411Z7vS,1566012635,2019/8/17,11:30:35,05:53,32668,13512,44944,11290,117610
100人民币在乌克兰能买啥？竟然可以横扫超市！,9346,3264503,//i2.hdslb.com/bfs/archive/f96805ac49d90a25d0e161e788e137b23d538d58.jpg,63623612,BV1c4411D7My,1565755259,2019/8/14,12:0:59,05:24,37114,10681,33533,6890,122333
花六万人民币飞头等舱到底值不值？实拍亲测后告诉你！,5832,4199232,//i1.hdslb.com/bfs/archive/3461040337e3357677d1f0fa1c0c2414826d58d9.jpg,63016458,BV1s4411X7HW,1565407814,2019/8/10,11:30:14,06:18,19496,15285,67885,3982,167704
1000元烧烤整条鳄鱼！美国硬核烧烤怎么样？,6685,3878390,//i2.hdslb.com/bfs/archive/ff9ee149bb8cdf63959b48a1658a5cdaaada47cb.jpg,62262824,BV1Ht411M77R,1564975805,2019/8/5,11:30:5,05:27,23665,11541,40952,5387,138418
一次买下美国肯德基所有产品试吃，对比中国的怎么样？,5651,2696818,//i2.hdslb.com/bfs/archive/f90ac7b86539385c4c20f6aab2be2b24debdce12.jpg,61781314,BV1at411F7By,1564716641,2019/8/2,11:30:41,05:50,21007,8302,33560,3685,102368
试吃纽约评分最差的餐厅，竟然把微波炉食品卖高价？,4636,2792331,//i1.hdslb.com/bfs/archive/cae9e0390100e3862df6f2789685a9ae71a1e131.jpg,61369788,BV1dt411F7uH,1564457750,2019/7/30,11:35:50,05:20,18825,7677,30443,1433,101782
挑战在美国无人超市里“偷”东西，会有什么后果？,7122,2949108,//i2.hdslb.com/bfs/archive/1460e738561a5ac93af6a9e1acbd037df5957a44.jpg,60957849,BV1pt411P7Hs,1564200059,2019/7/27,12:0:59,05:10,14963,12328,46787,6200,128256
花800元在房车里睡一晚，竟然比睡街上还难受！,8746,3060783,//i2.hdslb.com/bfs/archive/12ea0d5b99680e14f92a9ec92e22240f8656f7fb.jpg,60505257,BV1ut411E7CC,1563939023,2019/7/24,11:30:23,05:33,27010,20567,124929,2052,186154
【郭杰瑞】为什么我断更了2个月,14613,4098736,//i2.hdslb.com/bfs/archive/44fcc7248b2038be0d199369f580dd2480ccd743.jpg,58575318,BV1dx411Z7aa,1562729396,2019/7/10,11:29:56,00:36,27959,16963,128746,1549,231751
在纽约捡垃圾真的能发财吗？挑战捡垃圾能赚多少钱！,7763,2004039,//i0.hdslb.com/bfs/archive/8b955cb18acec3eea9504f5d4e3efced3828db12.jpg,52802562,BV19441177E2,1558147491,2019/5/18,10:44:51,06:13,10841,4240,20991,1740,58366
中国产品引发美国人排队购买！听听美国人怎么说？,12527,3800258,//i0.hdslb.com/bfs/archive/44eaeef50b57685cc7996902adbe8c4684d16348.jpg,52661579,BV1D4411J7Fn,1558062026,2019/5/17,11:0:26,05:19,14046,10789,25936,10458,93523
揭秘印度低收入有多低？孟买千人洗衣场每月仅100美元！,6551,1649489,//i0.hdslb.com/bfs/archive/d21a1920b2e89b14e91a7f5816e66bacceaf4a66.jpg,51996814,BV1W4411Y7Jy,1557487843,2019/5/10,19:30:43,05:43,8881,3624,15660,2509,48293
体验印度首都最好的网吧，印度人爱玩什么游戏？,5038,2670803,//i2.hdslb.com/bfs/archive/6e756bdea6e533b87ad0290ecb72c0727244544e.jpg,51617855,BV1c4411q7sj,1557142226,2019/5/6,19:30:26,05:13,20401,4376,16204,1597,60996
体验高峰期的印度火车！真的有挂票吗？,4641,1721187,//i1.hdslb.com/bfs/archive/cc97826d5a837db09029825c9b63096463768bb2.jpg,50708563,BV184411b7bb,1556883002,2019/5/3,19:30:2,07:35,15569,3147,13838,2775,48226
第一次吃云南手抓饭，300元竟然有这么多,8009,2506896,//i1.hdslb.com/bfs/archive/6052c4a986f62a252fe5c85fadde0b92d5eae9e4.jpg,51210635,BV164411x724,1556807578,2019/5/2,22:32:58,04:54,15616,9573,24989,7468,75727
对比孟买贫民窟和首富豪宅，印度贫富差距有多大？,8507,2214134,//i0.hdslb.com/bfs/archive/aea1f5eff4ea57a68cec4226148a463b4b8443ca.jpg,50708395,BV1B4411b7Er,1556537456,2019/4/29,19:30:56,06:26,19140,5105,17939,3468,60831
实拍印度厕所！印度人上厕所真的不用纸吗？,8128,2054984,//i1.hdslb.com/bfs/archive/2c021705a958225a49f9fe4dc52ae70e3701f7b6.jpg,50490236,BV1A4411h7GX,1556278221,2019/4/26,19:30:21,05:41,19382,4120,14651,6992,56523
挑战上海金茂室外玻璃栈道，恐高的我能走完吗？,3838,1351569,//i0.hdslb.com/bfs/archive/9c899e21c0ca1fa27e69585667ae00995c571d2f.jpg,50343700,BV14441187Sa,1556103551,2019/4/24,18:59:11,05:03,10611,3542,15482,2235,44350
印度恒河里竟然有死牛！这条河到底脏不脏？,7179,2406851,//i2.hdslb.com/bfs/archive/7ad5cd723514e94f718126c82e3a8485305af2dc.jpg,50133365,BV1Bb4113761,1555932654,2019/4/22,19:30:54,05:21,20963,5233,16647,6091,65499
印度不吃牛又不吃猪，肯德基等快餐店卖什么汉堡？,5902,3344368,//i1.hdslb.com/bfs/archive/7282942e7b469bd774f0f975551333064a2a1c3c.jpg,49719514,BV1Pb411L7ca,1555673443,2019/4/19,19:30:43,05:27,18553,6026,17662,2342,67535
体验印度首条高铁，速度超慢，但是免费食物多！,8006,2247734,//i1.hdslb.com/bfs/archive/fa7673358dff8eb70279e64b4b0c4a65dc7eac46.jpg,49578549,BV1Hb411574z,1555468563,2019/4/17,10:36:3,05:30,20318,4036,16109,2107,53103
中国手机占领一半印度市场？听听印度人怎么说！,6254,1973258,//i2.hdslb.com/bfs/archive/87b77ec566149d4937118edf4fa42adc0cc3eb1e.jpg,49354509,BV19b411L7KE,1555297206,2019/4/15,11:0:6,05:14,11871,3601,14163,2612,48780
实战印度街头小吃！吃一天真会拉肚子吗？,8967,3840172,//i0.hdslb.com/bfs/archive/9ab5df80b6aa62a8a5f5df18b647af462cc9143c.jpg,49075865,BV1Vb411K7XS,1555124445,2019/4/13,11:0:45,05:56,27762,8525,26799,7688,97860
探秘印度医药，真的有牛尿做的药吗？,3465,1209604,//i0.hdslb.com/bfs/archive/970b7377cddc309b1793c0d7daace2a2a86e42a3.jpg,48949609,BV1Lb411M7B9,1554951398,2019/4/11,10:56:38,06:15,11355,2766,15358,1757,37674
走进印度千万美元豪宅，有钱人的生活是怎样的？,14341,2748206,//i2.hdslb.com/bfs/archive/b2e035dc763cc197889c4b43c75706afbcfdac6c.jpg,48748423,BV1db411u7Ld,1554778841,2019/4/9,11:0:41,06:06,24573,9724,29580,8489,72081
印度的牛真的满街走吗？还有5000只老鼠住神庙！,7897,1548689,//i2.hdslb.com/bfs/archive/aec5679a9e0b52a96f235e4b937d16d4eb731354.jpg,48515663,BV1Cb411M784,1554606035,2019/4/7,11:0:35,06:12,22206,3328,14937,4917,45924
吐槽印度各类交通，上巴士全靠跑，车门从不关！,9343,2046322,//i0.hdslb.com/bfs/archive/637fa15d8c2e11c84359911dcdaa06d8d2481ae0.jpg,48302928,BV1bb411g7DD,1554433213,2019/4/5,11:0:13,06:26,23365,4612,18446,5541,54425
云南奇葩蔬菜竟这么多！为啥美国蔬菜品种都一样？,4114,1465708,//i2.hdslb.com/bfs/archive/64a3c510413d36aeecbe9bce6c89731c308e2ff0.jpg,48034188,BV1Wb411p76H,1554174010,2019/4/2,11:0:10,05:16,9723,3411,14100,2374,44197
40元住火车站太空舱酒店值不值？有人住了2个月！,3787,1939694,//i1.hdslb.com/bfs/archive/783919de288b91d3e822fad5df52b00a9ad87595.jpg,47606540,BV1eb411x7KU,1553914846,2019/3/30,11:0:46,05:03,10427,4988,10198,2637,45966
美国方式生吃云南市场上所有蘑菇，会中毒吗？,6494,1465171,//i0.hdslb.com/bfs/archive/be3a2d22ca231969ca923dcae44f8c52c17a70be.jpg,47532085,BV1gb411x7Zm,1553742052,2019/3/28,11:0:52,05:33,20507,4818,23131,5469,46575
出海抓螃蟹竟遇到大风浪，我差一点吐了！,1871,1055396,//i2.hdslb.com/bfs/archive/396ee5b1f607e0a9c417828094d47e9ea119a1ec.jpg,47250654,BV1sb41147xy,1553482801,2019/3/25,11:0:1,06:31,7227,1982,9714,684,31445
赶海回来和阿烽PK做鱼，靠一瓶老干妈能赢吗？,2029,1208641,//i1.hdslb.com/bfs/archive/1f3c91886272eb4ae9190f4840d2efc47140ce5b.jpg,47047801,BV1Jb41177XF,1553310039,2019/3/23,11:0:39,05:49,7059,2047,9921,648,33518
挑战出海捕鱼，一天就捕到2000元的鱼！,3410,1369559,//i2.hdslb.com/bfs/archive/676d82cf668aeca8f3b53b7258b75496fbdf1521.jpg,46934957,BV1Rb411j7xs,1553223658,2019/3/22,11:0:58,06:30,11965,3398,16494,2004,44442
在中国挑战通宵卖烧烤！为啥美国没有这个？,3416,1983403,//i2.hdslb.com/bfs/archive/e6d407814892c54c5635943e69a4b1ffd8d6bccb.jpg,46797630,BV1Rb411E7yi,1553050747,2019/3/20,10:59:7,05:26,11984,4440,17150,1783,53531
在福建最大海鲜市场买了超便宜的鱼，真的好吃吗？,3965,1511300,//i2.hdslb.com/bfs/archive/699ffa20ca226ce540d2b7b310eee69aa60d1eb0.jpg,46523793,BV1cb411n72n,1552793798,2019/3/17,11:36:38,06:06,13195,2611,10849,1598,38636
美国人真的用洗碗机做菜吗？酸汤肥牛也能做！,2163,1170753,//i0.hdslb.com/bfs/archive/27e62a6286770b3661cc821451e72683fa70f076.jpg,46054312,BV19b411e7t8,1552358971,2019/3/12,10:49:31,04:25,4557,2338,9621,1571,30925
整条日本吞拿鱼骨直接吃！这种操作真的好吃吗？,3203,1523479,//i2.hdslb.com/bfs/archive/87b0aac68e083ef125067571e06a6ceea5970a39.jpg,45756171,BV1Ab411i7uv,1552107628,2019/3/9,13:0:28,04:51,7575,2800,10677,1059,37479
池塘污水也能直接喝？美国净水神器有多神！,2875,1087146,//i2.hdslb.com/bfs/archive/b8b98c4bcf8be8a0eb365dba2c4a6cf850b68f4c.jpg,45479428,BV1gb411q7VB,1551840617,2019/3/6,10:50:17,05:07,6579,4353,28994,1170,47441
走进美国最富社区之一，这里竟然肯德基都没有！,7239,2734393,//i2.hdslb.com/bfs/archive/0589d20006b3087615b1fc44ecedd03f78f4d701.jpg,44896824,BV1fb411t767,1551322814,2019/2/28,11:0:14,05:09,9361,8179,20106,3398,60462
他用水蛭吸了我好多血！这是什么奇葩疗法？,5256,1246288,//i1.hdslb.com/bfs/archive/0b51b5175c1095b017ab832add321a146576db2b.jpg,44460460,BV1db411h7BV,1550905604,2019/2/23,15:6:44,05:26,8796,2244,11751,1891,34114
实拍美国枪店，买枪真的如买白菜吗？,8492,2118197,//i1.hdslb.com/bfs/archive/3cdccca482f468a7334758c433a7601e8ccf4fa7.jpg,44151800,BV1Vb411Y7B2,1550637057,2019/2/20,12:30:57,05:39,12424,13411,30941,10351,66137
用超强磁铁在纽约湖里寻宝，真的可以发财吗？,3674,1366316,//i2.hdslb.com/bfs/archive/5c9f9ab72807fac0344f233caabad4f8bf015970.jpg,43733631,BV1wb411m7mF,1550293255,2019/2/16,13:0:55,05:00,10832,2899,15418,1182,41399
春节在美国影响力有多大？学校放假庆春节！,9179,1778333,//i1.hdslb.com/bfs/archive/20626e1f64ec6c569c6fbda7be5c7d290158f9e0.jpg,42770658,BV1vb411z7nf,1549423459,2019/2/6,11:24:19,05:11,19203,6761,28771,5970,61344
广东顺德拍美食，我被知名餐馆老板骂走了！,16345,3056896,//i0.hdslb.com/bfs/archive/938756c0f778ef6e3bc678e3eee65c5b1bcc38c3.jpg,41916214,BV1kt411t7W3,1548648273,2019/1/28,12:4:33,03:34,14945,6305,18749,6437,61767
美国保健品套路多，这个品牌竟然在中国卖出天价！,6775,1092271,//i0.hdslb.com/bfs/archive/376d3d40173c43ef6d3cfc1861fb5f8b191eb9d9.jpg,41369361,BV1Lt411h7JF,1548127683,2019/1/22,11:28:3,03:58,4237,5958,32056,6045,45037
纽约最贵2000美元黄金披萨，自己做要花多少钱？,2511,1327953,//i0.hdslb.com/bfs/archive/4527008d38f94be541f934b789a3275956dfe70f.jpg,41087360,BV1Ht411a7H8,1547866818,2019/1/19,11:0:18,06:17,8265,2724,12902,1294,32872
美国人在家怎么做芝士？加魔鬼辣椒会怎样！,1824,1167239,//i2.hdslb.com/bfs/archive/201f48780bf5c2d06d55f5c010e14fcaa2be1dd7.jpg,40853957,BV1Kt411p7pC,1547606230,2019/1/16,10:37:10,04:12,4191,6567,13227,1666,30810
剥蛋壳对美国人有多难？竟然这么多剥蛋神器！,10421,1776297,//i2.hdslb.com/bfs/archive/88c5ad20fb70792cb2304b372ad64f8e90985328.jpg,40511236,BV13t411W7i8,1547262047,2019/1/12,11:0:47,05:10,26550,5183,26504,6517,60091
探访纽约唯一的米其林中餐馆，为啥美国人最爱这家？,2543,1452273,//i2.hdslb.com/bfs/archive/eefdab6dc52b84cfc488d67eb953e6dcd1ba5be2.jpg,40366075,BV1ot411s7Vw,1547092135,2019/1/10,11:48:55,06:18,12543,3809,10587,2668,29843
美国人不吃的美国特产，都出口到中国了？,3948,1493575,//i1.hdslb.com/bfs/archive/7eb5a9c93668e1ea98afc3f090055aae0a144f67.jpg,39947972,BV1zt411x7ak,1546656191,2019/1/5,10:43:11,04:55,7149,2555,10037,2366,30475
纽约时代广场跨年有意思？游客本地人看法竟不同！,1993,821830,//i0.hdslb.com/bfs/archive/18a2d6fa30a8813352dadb4e1d6531c487808266.jpg,39707496,BV1Ct411B7tR,1546398014,2019/1/2,11:0:14,05:01,4371,1708,7669,831,21988
试吃比尔盖茨投资的人造肉，和真肉口感一样吗？,4216,1510455,//i0.hdslb.com/bfs/archive/06a8bec722eb87c448589cb7185f13d7420bdf8e.jpg,39492688,BV14t41167pa,1546224128,2018/12/31,10:42:8,05:12,7225,3019,10462,1529,32164
美国人过圣诞！为啥纽约变空城，中国城却爆满？,4408,1662757,//i0.hdslb.com/bfs/archive/1572aadf9c1441b3490138a8f988d3d7673d2755.jpg,39186327,BV1Wt411r7pq,1545966010,2018/12/28,11:0:10,05:18,8246,3263,13087,1310,34891
带北极星小姐姐游上海，挑战亚洲蹲和绕口令！,21574,3209055,//i1.hdslb.com/bfs/archive/495545e364d5b984bd5f03966b749a4cc95d7354.jpg,39023853,BV1jt411C7TY,1545793255,2018/12/26,11:0:55,06:06,18156,27272,61140,12397,112977
美国航天局授权中国运动品牌！为啥NASA总不务正业？,2499,897355,//i1.hdslb.com/bfs/archive/6532991d821259ba09ef72a96c2d771dbd9b874f.jpg,38754983,BV1St411Y7Pq,1545474030,2018/12/22,18:20:30,04:57,6304,2241,6962,1208,22213
华农家喂竹鼠体验中国农村，和美国的有啥不同？,3369,2379859,//i0.hdslb.com/bfs/archive/0288ab9ab26a7859719fecd62ae028b6c75c2311.jpg,38548069,BV1ot411a7eF,1545274850,2018/12/20,11:0:50,05:13,11337,5316,14214,2492,48500
花300元在机场睡一晚，上厕所走五分钟值不值？,2081,1243657,//i2.hdslb.com/bfs/archive/dd525e6c6c5fdd433cfc66b2f6943c8c4bd915be.jpg,38336392,BV1pt411e7KT,1545015637,2018/12/17,11:0:37,04:13,4298,1815,8122,949,23615
郭杰瑞纪录片：我以后想拍视频给美国人看中国！,4743,1273222,//i1.hdslb.com/bfs/archive/63b8d4e3b721b43ea82ceb09e4bfa2852ea879b8.jpg,38094368,BV1St411v7Nx,1544756415,2018/12/14,11:0:15,09:43,15937,7000,40215,2474,53120
到华农兄弟家做客，抓一只活的竹鼠是什么感觉？,4086,2829016,//i1.hdslb.com/bfs/archive/c274fe02003265c8d145a219ec508f6c793d00fd.jpg,38008988,BV1At411B7QL,1544670046,2018/12/13,11:0:46,05:26,13742,8572,21067,3155,69275
测评最解腻的饮料，我把油条扔进麻辣牛油火锅！,3122,1442526,//i2.hdslb.com/bfs/archive/0d92167df5672ac9980a5a3bb3366d85099b8ee9.jpg,37676047,BV1mt411S7DE,1544410856,2018/12/10,11:0:56,05:45,14378,2459,15777,1259,29342
第一次在农村做豆花，王刚让我挑战最辣的七星椒！,2760,1256916,//i1.hdslb.com/bfs/archive/1358d80083dc1f6d5944f8974995556a33bf9b88.jpg,37597734,BV1et411S7R6,1544160402,2018/12/7,13:26:42,04:53,7650,2875,16486,1207,35404
把鸡塞进鸭肚子，再把鸭塞进火鸡！美国圣诞名菜怎么做？,4436,2326911,//i2.hdslb.com/bfs/archive/c484b01b13b903af8fc58dab35682ce6e095908e.jpg,37372920,BV1ot411D7P6,1543892412,2018/12/4,11:0:12,05:27,15671,6085,17947,4138,48093
谁说蓝纹奶酪很难吃？看看美国人怎么吃芝士！,3337,1288804,//i0.hdslb.com/bfs/archive/c15b46abfcef256172327947093f666830983464.jpg,37034301,BV1wt411X79m,1543546855,2018/11/30,11:0:55,05:04,5971,3041,9752,1230,25537
腾讯新办公楼有多豪华？攀岩，泳池，食堂还有包间！,5923,1443454,//i2.hdslb.com/bfs/archive/206a9d899506a5d1de3d27c2b6abb87d8a341cfe.jpg,36830650,BV18t41197m7,1543287640,2018/11/27,11:0:40,05:04,9677,5740,11370,12043,29338
中美菜市场大不同！北京豪买100斤菜要花多少钱？,3236,1415702,//i1.hdslb.com/bfs/archive/70a31c0c4ffd25a9fad171ab733a077175e45d3e.jpg,36607126,BV1bt411y7yo,1543028415,2018/11/24,11:0:15,06:05,9876,2911,13624,1565,28950
1300多万的豪车有多豪！坐上真有帝王的感觉吗？,3274,1856886,//i2.hdslb.com/bfs/archive/7d547602f97b1ad35645d5fd09f9111353204501.jpg,36424539,BV1Pt41127FZ,1542770576,2018/11/21,11:22:56,06:23,11911,4190,11299,2283,29002
吐槽美国最廉价的航空，为什么套路这么深？！,2357,1333466,//i2.hdslb.com/bfs/archive/35eff83198dc5514d7aa0f924e909ace60140390.jpg,36353962,BV1Xt41117n2,1542685209,2018/11/20,11:40:9,05:04,5709,2169,8518,873,22630
奢侈品牌Tiffany卖下午茶，1000元吃一顿值得吗？,3698,2200349,//i0.hdslb.com/bfs/archive/29c7ab667bb07933376de4705409ad1615bfe53e.jpg,35981188,BV1zt41127Wx,1542250826,2018/11/15,11:0:26,05:26,9897,6607,18016,3425,36013
暗访美国最危险的社区之一，肯德基装防弹玻璃！,7814,2698934,//i0.hdslb.com/bfs/archive/b7bdff0dfee739e007836710d314c1e34dd7e0a5.jpg,35804375,BV1Lt411U79Y,1541990459,2018/11/12,10:40:59,06:52,14991,8864,24893,7836,53545
街访美国铲屎官，宠物领养真的比购买更好吗？,2894,903931,//i2.hdslb.com/bfs/archive/6449dc6d69f0e2d835dcd903e7e45a48f61f1de6.jpg,35663858,BV1rt411m7zV,1541827916,2018/11/10,13:31:56,04:12,2758,2465,12427,990,23652
探秘美国底特律1美元的房子！这么便宜也没人买？,7753,2252806,//i2.hdslb.com/bfs/archive/0387e490dcb3f2b008e321a2ab18f4ac4bef71cb.jpg,35580905,BV1Yb411c7T9,1541732433,2018/11/9,11:0:33,06:35,11246,5505,13700,4994,33156
在零下150度里冻3分钟！是黑科技还是智商税？,2602,1100762,//i2.hdslb.com/bfs/archive/00f431fbd31177d05b8e9f1c836ceaae1321e55a.jpg,35333336,BV1Mb411A7C6,1541388333,2018/11/5,11:25:33,05:13,6836,2077,10574,1332,21258
美国大学宿舍为啥豪华？因为宿舍费很贵！,3978,1411930,//i1.hdslb.com/bfs/archive/1dde8b1d86b2ab1d4709bfad6da796217214d8d0.jpg,35149705,BV1wb411w74p,1541214034,2018/11/3,11:0:34,05:28,8349,2785,8417,2853,23200
抑郁症是病还是想太多？听美国心理医生怎么说！,7553,737902,//i1.hdslb.com/bfs/archive/32b9472b847858b4bd0a39d6df576a049e0c3dde.jpg,35021067,BV1Pb411P7yv,1541041222,2018/11/1,11:0:22,05:13,4783,6228,13392,3683,22344
美国大学食堂贵不贵？中美学生看法竟然不一样！,4032,1685450,//i0.hdslb.com/bfs/archive/39d3d9f94009ee54011de145b0f58b048e2428a0.jpg,34771307,BV1zb411N7Av,1540782054,2018/10/29,11:0:54,05:48,7777,3086,11473,2550,29684
汉堡王出了噩梦汉堡，美国专家说吃了真会做噩梦！,2211,1339961,//i2.hdslb.com/bfs/archive/d58b5c6ce07b05b70cdd9619f9d3b973c34c8275.jpg,34607625,BV1Ub411P7x1,1540522800,2018/10/26,11:0:0,04:14,7235,2563,9241,1901,22572
这些工作中国很少有，但在美国却很常见！,2961,1297156,//i1.hdslb.com/bfs/archive/01699e1d2eb793c7383c1499aceab4b5aad421d5.jpg,34479944,BV1Pt411d7AR,1540350035,2018/10/24,11:0:35,04:59,6536,3067,11701,1904,24143
对比中美大学食堂菜价，为啥中国大学食堂这么便宜？,6598,2179641,//i1.hdslb.com/bfs/archive/9aa2944154cb37397ff9578d9c258a85bc53208e.jpg,34197473,BV1Mt411o7Mw,1540004425,2018/10/20,11:0:25,05:25,12386,3906,11581,3417,36414
这些中国常见的工作，美国竟然都没有？！,3563,1217628,//i2.hdslb.com/bfs/archive/146d3d99dfc5ca2bcc47c1650a510405f96f3541.jpg,34067169,BV13t411f7Pm,1539831626,2018/10/18,11:0:26,04:46,8228,2451,19342,1094,25849
郭铁菊大战重庆美食！到底什么菜最辣？,4113,1894608,//i2.hdslb.com/bfs/archive/8ce377832f09f2286025d64b9aef099e417546ba.jpg,33592583,BV1it411f7Nd,1539225750,2018/10/11,10:42:30,06:14,12978,3889,25652,3666,35235
和美食作家王刚探店，50元竟吃了前菜主菜和甜品！,2860,1444178,//i0.hdslb.com/bfs/archive/df3001b63303a6179b906b6b67ffb8e71dee025b.jpg,33042346,BV1RW411178t,1538622029,2018/10/4,11:0:29,05:09,7918,2317,9140,1416,24850
在中国体验三万一晚的酒店！对比一千的怎么样？,4836,2395716,//i2.hdslb.com/bfs/archive/212af9521bdb69eed8c84e3ebc201c27866fe776.jpg,32688903,BV1JW411S7Nh,1538276438,2018/9/30,11:0:38,07:09,20078,4459,11980,2875,34513
卖方便面也能开餐厅？挑战最辣的双倍辣火鸡面！,4254,1355642,//i0.hdslb.com/bfs/archive/11343db5cfec038eef7d66f029c2d237d4fa17d9.jpg,32540117,BV1yW411U7Ns,1538017232,2018/9/27,11:0:32,04:38,9800,1732,6956,2394,19505
住树屋，野外烤鸡，中国乡村生活原来这么酷？！,2653,1170699,//i1.hdslb.com/bfs/archive/9c19aeddab73d60343ba45036dd19dabfffb68e3.jpg,32394705,BV1yW411z7np,1537844431,2018/9/25,11:0:31,07:38,9503,2929,11522,1670,23189
挑战中国网吧生存一夜，边吃边玩才是王道！,4279,2859828,//i0.hdslb.com/bfs/archive/c981103242e9403962c43d8af0056424b677c991.jpg,32239019,BV1qW411r7ZF,1537671650,2018/9/23,11:0:50,06:49,21405,4626,13608,1603,41963
哔哩哔哩对决星巴克和超市货，中秋月饼哪家强？,4074,1018168,//i1.hdslb.com/bfs/archive/2513775d106bae30570b32309469a18657fa4f40.jpg,32124370,BV1GW411r7eU,1537498810,2018/9/21,11:0:10,05:07,11056,2013,13277,1249,23025
对比中美两大神车，美国人最爱的皮卡中国人怎么不买？,2687,821193,//i2.hdslb.com/bfs/archive/ebb265c34d72699f1a8b61e8f1b8917ef9ff58d9.jpg,32072790,BV1mW41167me,1537414517,2018/9/20,11:35:17,05:31,6129,1417,7103,1103,15452
美国人爱吃快餐，竟然只是为了省时间去玩？,2304,868258,//i1.hdslb.com/bfs/archive/362676b0f1bc448212d03e8c2ea08149fdbebd7e.jpg,31941260,BV1SW411k7Tk,1537239612,2018/9/18,11:0:12,06:23,6396,1462,8250,639,16825
贵妇甜品马卡龙，超市货和顶级甜品店差别有多大？,3403,1163124,//i0.hdslb.com/bfs/archive/bd4e83ab2852659bc82af359bf86be998e228c7e.jpg,31715959,BV1HW411y7wb,1536980416,2018/9/15,11:0:16,05:06,10287,2565,9699,1194,22420
买苹果是为了潮流还是因为好用？街访中美路人！,7203,818148,//i2.hdslb.com/bfs/archive/b7496edcb8c85e488c255b6c57ccc32cd9ab8833.jpg,31559288,BV1rW411C7pT,1536721205,2018/9/12,11:0:5,06:05,7034,1430,4892,767,13074
大部分美国人不喜欢的明星，为啥能赚到最多的钱？霉霉/卡戴珊/侃爷/比伯,17894,1780785,//i1.hdslb.com/bfs/archive/a3a8a87a146e5a804bf22715e4f0813714a68e1e.jpg,31307253,BV1DW411d7Qp,1536375099,2018/9/8,10:51:39,05:40,20438,7119,17899,3954,40627
美国人买菜，吃一半扔一半竟是为了省钱？,4166,972351,//i0.hdslb.com/bfs/archive/abb475d80b5fc73e17a263eab61415a0c89b2016.jpg,31177881,BV1QW411Z7Pv,1536202839,2018/9/6,11:0:39,05:20,6476,1983,6748,2307,15551
世界最贵的牛肉做成三明治，对比赛百味怎么样？,2360,1014589,//i0.hdslb.com/bfs/archive/1ba73849cc51c50ab7af022d297428bf9a5980d4.jpg,31056167,BV1KW411Z7PG,1536030033,2018/9/4,11:0:33,05:33,7223,1480,8752,833,16370
亚洲补习班文化进入美国！美国学生上补习班吗？,4191,601356,//i2.hdslb.com/bfs/archive/7df4b85fe1148b3142ed6087e2ee5cdef8031540.jpg,30861227,BV12W411f7jq,1535778534,2018/9/1,13:8:54,05:35,5587,1099,4787,778,13453
纽约最贵的酒店有多豪？可地毯怎么那么脏！,5491,2028612,//i1.hdslb.com/bfs/archive/53fd9e9ab3e03a9a7a0d412211f174f3f57fc050.jpg,30680426,BV1cW411f7Ee,1535597512,2018/8/30,10:51:52,07:05,17130,3883,29660,2765,34148
纽约最便宜的酒店睡一晚是什么感觉？像监狱！,6097,2050686,//i1.hdslb.com/bfs/archive/b26b282cbd0dcd742d7cef4cd1eb189499f44d52.jpg,30499288,BV1qs411F7KW,1535425234,2018/8/28,11:0:34,06:36,15691,3737,15228,2166,31338
墓地旁的房子你敢住吗？听美国人怎么说！,7068,1124259,//i1.hdslb.com/bfs/archive/e9023326872d6806581c2f126b3308b86cc11bca.jpg,30227672,BV17W411D7CA,1535166010,2018/8/25,11:0:10,05:00,11407,1779,6008,689,18750
美国人这样吃小笼包和拉面！黑暗料理还是美食创新？,3525,1178866,//i1.hdslb.com/bfs/archive/bf2f5e2f9da529a0a40f820e6c259df5d9565409.jpg,30073781,BV1AW411X7oq,1534993229,2018/8/23,11:0:29,06:04,16543,1433,7950,1818,18408
美国人学英语竟然不学音标！为啥中国人要学？,6186,1091506,//i2.hdslb.com/bfs/archive/a6c5279df1dfbe6ae038672021b622e46b077cff.jpg,29899416,BV1EW411Q7Bx,1534820448,2018/8/21,11:0:48,05:00,5886,4042,8744,2874,22088
试吃纽约最贵的24K黄金鸡翅！对比普通鸡翅怎么样？,3578,1394511,//i2.hdslb.com/bfs/archive/69d3592388213346e39a08ea64f7bf4fe3103207.jpg,29629897,BV1iW411X7yF,1534561240,2018/8/18,11:0:40,06:02,13480,2301,10964,1273,22826
美国超市常见，但在中国不常见的日用品有哪些？,3915,1201821,//i1.hdslb.com/bfs/archive/579a85265ece4652e418d473e0a4759cad98f785.jpg,29472922,BV18W411R7YR,1534388448,2018/8/16,11:0:48,06:31,13761,2952,10644,1381,23416
对比中美养老生活，为啥美国人很少探望父母？,5021,789933,//i0.hdslb.com/bfs/archive/843c09321d010cc6f5d2ec72b037766add9d880b.jpg,29215507,BV14s411T7Bz,1534129220,2018/8/13,11:0:20,06:37,10772,2395,15421,1516,22833
作为美国人在中国看病是什么体验？中美看病大不同！,8128,2083958,//i0.hdslb.com/bfs/archive/7a17c2d0625c0dd4e0d050c7880f6ed341260b6e.jpg,28880949,BV1qs411M7Fh,1533783659,2018/8/9,11:0:59,07:04,16370,4359,10432,2384,43869
中国肯德基惊现美国最火小吃，可怎么差别这么大！,4773,1904472,//i1.hdslb.com/bfs/archive/3476a70bd57e47bd070947375001af6a1e79b996.jpg,28359899,BV1js41137Q9,1533312034,2018/8/4,0:0:34,04:49,12437,2607,10143,2541,24939
作为美国人我怎么看榴莲，冒菜等奇特味道的中式披萨？,2901,1207385,//i0.hdslb.com/bfs/archive/a26da48d3e7c46cd831761ae51bfecc2e1a7e2ba.jpg,28210852,BV1Es411w7ae,1533092403,2018/8/1,11:0:3,06:04,10495,1512,9276,804,19495
挑战四川最麻的花椒！美食大厨都受不了！,4120,1404869,//i0.hdslb.com/bfs/archive/017ac69cfee51a2be35079b6cdc27c299494a291.jpg,27974561,BV12s411A7ar,1532833218,2018/7/29,11:0:18,07:00,13174,2246,11379,1510,24296
体验中式消暑神器，藿香正气水/清凉油/板蓝根/刮痧哪个强？,4944,874367,//i2.hdslb.com/bfs/archive/4103768dbbc66605400d327d1b56895b0402884a.jpg,27821014,BV1gs411A7UT,1532660442,2018/7/27,11:0:42,05:33,19540,1148,7602,712,17318
中国超市常见，但美国不常见的日用品有这些？！,3724,1209728,//i1.hdslb.com/bfs/archive/23e56c5c6e30bc12a3a67ba267adfc4c46164675.jpg,27661946,BV1ws411N7SD,1532487618,2018/7/25,11:0:18,05:37,12979,1868,12210,817,22642
第一次吃油辣子冰淇淋！四川人真什么都加辣吗？,4335,1032544,//i2.hdslb.com/bfs/archive/68b518ee4d58e9be2249c2e14fc81c98acbecf73.jpg,27498822,BV1Xs411K7iJ,1532314856,2018/7/23,11:0:56,06:06,16426,1223,9004,1224,17296
在上海B站漫展采访女装大佬！听听大佬的心声,3325,953652,//i2.hdslb.com/bfs/archive/3ff4ea1aab645f5faad26dcfd106ca804d79c7d4.jpg,27360388,BV1Fs411K7PT,1532151653,2018/7/21,13:40:53,06:55,16703,3613,9592,2814,19831
中国行：我在野三坡和粉丝们玩了两天！,1915,563709,//i0.hdslb.com/bfs/archive/c0801e1777768669c79aeb125c4b396ee396684b.jpg,27196230,BV1is411E7g8,1531970142,2018/7/19,11:15:42,07:06,5909,1016,13084,477,14483
俄罗斯美式快餐哪家强？芝士加醋是什么玩意！,2301,1271068,//i0.hdslb.com/bfs/archive/1b27ae5eadbb14280a0da731b25aeae3843d793f.jpg,26957194,BV1Ps411n7at,1531708213,2018/7/16,10:30:13,07:48,14571,2620,16561,982,25930
到俄罗斯看世界杯要花多少钱？哪国球迷花最多？,2094,613590,//i0.hdslb.com/bfs/archive/60d378ae64dc30ec75859e14a4c75604df5d4099.jpg,26822646,BV1ps411J783,1531543058,2018/7/14,12:37:38,05:41,4545,1290,7218,855,11956
中国品牌刷屏世界杯，世界球迷真记住他们了吗？「世界杯前线团08」,2649,635638,//i2.hdslb.com/bfs/archive/0b54a281226a7f23ce8115b98b1d5b5c4bf22fed.jpg,26654015,BV1ps411H7Pb,1531364444,2018/7/12,11:0:44,06:34,6412,1012,5396,596,10646
俄罗斯美食奇葩多！水果用来包饺子，土豆是真爱？,3534,1019450,//i2.hdslb.com/bfs/archive/0524cae9eec9a700a0f927ba97e0220427a953f4.jpg,26520901,BV16s411n7Lb,1531192546,2018/7/10,11:15:46,06:39,13155,2240,8290,1895,16032
美国农民的生活是怎样的？为啥美国农业领先世界？,6584,870749,//i2.hdslb.com/bfs/archive/feef99816eb82b1f826bef1ac92cae3ac436c2f1.jpg,26247147,BV12s411H7RE,1530848410,2018/7/6,11:40:10,08:09,11265,4899,32444,4140,25085
美国大学生找家里要生活费学费吗？街访美国人！,6535,809219,//i0.hdslb.com/bfs/archive/6dc3fe6801a8dc6d585dd1675f0f43cf345fbef8.jpg,26118013,BV1Ls411V7Fw,1530673312,2018/7/4,11:1:52,05:18,5035,2057,6515,2016,12870
走进美国最大的世界食品展，中国展区怎么样？,3387,1804097,//i2.hdslb.com/bfs/archive/0677dada9b8ef7dc1bb2188d90b6d831385bd372.jpg,25987052,BV1vs411G7FL,1530499529,2018/7/2,10:45:29,08:29,17229,3384,16699,1062,27305
跟大家说说7月的安排，我又要去中国了！,4488,583558,//i0.hdslb.com/bfs/archive/4de9d0914def5431b0012a59df1b906dc28c7b0a.jpg,25923302,BV1Rs41157ru,1530412376,2018/7/1,10:32:56,01:26,4202,749,4363,509,11154
美国人压力大吃这些！油炸奥利奥是什么鬼？,4105,962440,//i0.hdslb.com/bfs/archive/03cfc218e442012e257002b4a9c88bfeacf90bd6.jpg,25796477,BV1js41157AM,1530248800,2018/6/29,13:6:40,05:51,17122,1683,7704,1324,15018
不定期更新：笨笨和胖胖最近在干嘛？,2354,774029,//i1.hdslb.com/bfs/archive/747f9a1f24790c38fad2993e2273e5eb66076fc4.jpg,25732048,BV1Zs411V7zT,1530160520,2018/6/28,12:35:20,03:04,4126,2184,11613,1149,18195
中国有西餐厅，可美国怎么没有？牛排真是美国人日常？,2931,1106292,//i0.hdslb.com/bfs/archive/840364661c278e507bdffee7e0a5834b3bcebea1.jpg,25669227,BV1Es411j7NK,1530067937,2018/6/27,10:52:17,05:26,6351,1534,6176,616,13727
美国最有名的中国名人是谁？纽约路人觉得他最有名！,8199,1494992,//i2.hdslb.com/bfs/archive/c7183dd80da3456651910dee7a0e3eccccd8fdb7.jpg,25557429,BV1es411L76b,1529902974,2018/6/25,13:2:54,06:20,15659,2800,5631,750,22427
为啥中国人要睡午觉，而我们欧美人大多不睡？,11748,2057122,//i0.hdslb.com/bfs/archive/c887dfdc57f22f44dcc83d436d30a85d3a882d55.jpg,25418280,BV1Ys411775a,1529717404,2018/6/23,9:30:4,06:28,15736,3742,9788,1527,21708
美国伪球迷有多少？世界杯街坊：美国队表现怎样？,2732,585811,//i0.hdslb.com/bfs/archive/d5d264a9034c5efa8465fa7dcee7e3135b62517f.jpg,25308978,BV1Ms41177XJ,1529561285,2018/6/21,14:8:5,06:21,6711,1269,6242,904,10314
「端午」中国美食甜咸之争，作为美国人我怎么看？,5734,727193,//i1.hdslb.com/bfs/archive/00190fffaef57ffff0790a1656373ee5050855b7.jpg,25051810,BV1MW411c7xW,1529200800,2018/6/17,10:0:0,05:57,32323,876,5971,413,11589
珍珠奶茶开进美国，有的美国人竟然直接吞‘波霸’？,2691,1078866,//i1.hdslb.com/bfs/archive/0b9ea34476f199e304c0eeac4faef556afa0564e.jpg,24925418,BV1bW411F7Gx,1529040014,2018/6/15,13:20:14,06:56,7288,1355,7364,494,13326
「郭杰瑞」做中国高考英语，对比美国高考怎么样？,4935,1768587,//i0.hdslb.com/bfs/archive/24544481990ca593616347e20dbcacdbd46f42b0.jpg,24797483,BV1hW411w71F,1528859401,2018/6/13,11:10:1,05:31,10796,3720,9555,2318,24964
美国人为啥爱喝功能饮料？亲测四款人气功能饮料！,3058,823405,//i2.hdslb.com/bfs/archive/ef3f5382d4408492fd290dd15c6b02df43dd81fa.jpg,24725599,BV1MW411w7T5,1528768813,2018/6/12,10:0:13,06:53,10694,1437,8383,489,12296
你们要的百万粉丝福利：女装大佬出没纽约街头！,18931,1043343,//i2.hdslb.com/bfs/archive/f0694d8919047cab4dce7f45cb5c98e2e5eaeaf5.jpg,24583835,BV15W411P7Rd,1528518030,2018/6/9,12:20:30,06:41,38929,19908,280517,9260,111584
美国人吃转基因吗？跟我去美国超市走一圈！,12419,756521,//i2.hdslb.com/bfs/archive/20ed2649bf70ffadaba545e91755aac6dedaee3c.jpg,24531111,BV1DW411A7nr,1528421800,2018/6/8,9:36:40,06:30,4727,2292,7298,3631,11960
中国脸基尼能在美国走红吗？对比中美防晒文化！,1296,321299,//i1.hdslb.com/bfs/archive/a38e14f2bb38c64b27c2b6a5dde437f2a2c60627.jpg,24486295,BV12W411A71s,1528340776,2018/6/7,11:6:16,04:57,2787,372,2606,188,5772
美国人有多浪费？我去翻垃圾桶给你们看看！,17108,4730625,//i1.hdslb.com/bfs/archive/6c267059b64b6de575bb6522becf4c6ba55188b4.jpg,24357960,BV12W411N76D,1528081690,2018/6/4,11:8:10,05:26,31175,14021,29553,7692,81150
美国第一中餐左宗鸡是怎么做的，为啥美国人最爱它？,1886,647037,//i0.hdslb.com/bfs/archive/6108d3597888a9bee0486f3630255f240f09d724.jpg,24261946,BV1EW411N7pB,1527905919,2018/6/2,10:18:39,05:48,4572,817,3590,279,7670
跟中国大师学川菜，我这厨房学渣也能做好吃吗？,1417,445287,//i2.hdslb.com/bfs/archive/f751e3a0cdf8b6eb2affe254e50698ee91b858ac.jpg,24215001,BV1XW411P7HP,1527821164,2018/6/1,10:46:4,06:29,4568,996,4789,344,7273
美国队没进世界杯！美国人不爱足球吗？,3701,704383,//i2.hdslb.com/bfs/archive/1b3adef982c0d004830db964f6200d68fe2c38db.jpg,24129460,BV1iW411P7kk,1527648483,2018/5/30,10:48:3,04:09,4910,1196,4236,386,7732
在美国有名的中国品牌有哪些？我认为这五个最有名！,6066,2126461,//i0.hdslb.com/bfs/archive/2cab77f5c82ab39ede53c33d65db9605643279a0.jpg,24046519,BV1Zp411R7Hv,1527476354,2018/5/28,10:59:14,05:24,15517,3225,7054,1042,22144
体验美国外卖app，为啥又贵又慢还不太好吃？,3213,987706,//i1.hdslb.com/bfs/archive/63aa44f8c7a42ed195c2c1605d1b33e9c3ddb33a.jpg,23895131,BV1np411R7aw,1527215226,2018/5/25,10:27:6,05:02,4823,1021,5424,440,10454
中国二线城市100人民币购买力，在美国德州可以买什么？,8449,1763509,//i0.hdslb.com/bfs/archive/add6819ef23fe3e82bc4ed4695d4730558b1554b.jpg,23807505,BV1xp411o7D9,1527041343,2018/5/23,10:9:3,06:04,14218,3711,7100,2891,21741
中美药店大不同！美国很多药竟然是甜的？,2123,497627,//i0.hdslb.com/bfs/archive/42ec202394210585a8638725dfc4d5b96b95c346.jpg,23724641,BV13p411o7aS,1526868233,2018/5/21,10:3:53,04:59,3318,851,4342,472,7224
是谁让我挑战这个史上最辣薯片的？我被辣吐了！,3934,1238307,//i1.hdslb.com/bfs/archive/cf7527d31c491f4ccd45b59e9735407b9e2a8f1e.jpg,23579295,BV1op411Z7gq,1526614409,2018/5/18,11:33:29,03:56,10092,2921,27781,2200,20730
美国游戏交流会，程序猿几个月就能做一款游戏！,1111,456397,//i1.hdslb.com/bfs/archive/1bcc5df51cf755538398866105a7ca56a4834791.jpg,23500215,BV1Cp411Z7cC,1526438648,2018/5/16,10:44:8,05:49,3170,771,4156,290,6889
探访纽约街头小吃，竞争大办证难，有些会坑游客！,1712,657820,//i0.hdslb.com/bfs/archive/b6421ee6d099e002071cf300b5f32d82bc3b39be.jpg,23419179,BV1Tp411Z7zZ,1526276537,2018/5/14,13:42:17,05:34,3647,995,5043,438,7875
纽约房价有多贵？一千万在纽约能买什么样的公寓？,5954,986442,//i0.hdslb.com/bfs/archive/700bd763ca85e5fbfd354f3eb19d731547080e6a.jpg,23274967,BV15W411F7Xp,1526010824,2018/5/11,11:53:44,08:02,8820,2620,6221,2425,10571
实拍纽约宠物领养中心，在美国怎样领养宠物？,2523,539663,//i0.hdslb.com/bfs/archive/d8938f662f48a8c8919065f8cfc1b4f2bde33650.jpg,23186935,BV1ip411f71F,1525835225,2018/5/9,11:7:5,05:38,4610,1616,9253,1061,11990
纽约集市奇葩美食，竟然有生煎包和煎饼果子！,2414,1169738,//i1.hdslb.com/bfs/archive/1936dff7e467538b635d89b5a12c0c571da1808e.jpg,23104923,BV1Hp411f7M9,1525664116,2018/5/7,11:35:16,07:17,13866,1640,9011,837,15987
上海100人民币的购买力，在纽约可以买什么？,5707,835323,//i2.hdslb.com/bfs/archive/2428f4e1e4118b422ed7de7d6463c3a4edab5051.jpg,23001256,BV1KW411G7t2,1525489956,2018/5/5,11:12:36,06:33,8459,2039,9077,1642,10597
对比中美防蚊招数，为啥美国没有蚊香电蚊香液？,2790,709814,//i2.hdslb.com/bfs/archive/e2f5f7cae46dad625e4598c3889b970c5d37dc83.jpg,22913340,BV1DW41137Hx,1525320048,2018/5/3,12:0:48,06:14,7145,1128,5235,496,9858
我回美国了，聊一聊在中国一个月的旅游感想！,3598,845110,//i2.hdslb.com/bfs/archive/27866d437e54a8fc1c779725c6750bb9deb30291.jpg,22820049,BV1nW41137Rj,1525145070,2018/5/1,11:24:30,05:01,5695,1475,13354,394,15755
中国的美式快餐哪家强？和美国的比怎么样？,4565,1793734,//i1.hdslb.com/bfs/archive/3126ec229702510e6762ddc5cac88cbce6ed15ce.jpg,22713973,BV18W411V7E5,1524970073,2018/4/29,10:47:53,06:03,16380,3659,8626,2314,20276
对比中美整容文化，美国也流行网红脸吗？,2035,503713,//i1.hdslb.com/bfs/archive/b748100b20d3996917d6a01ccfce23636f40fbec.jpg,22628482,BV1XW411G7h7,1524803095,2018/4/27,12:24:55,05:39,3225,827,4161,284,8156
深圳第一次吃潮汕牛肉火锅，为啥还没开到美国来！,4068,1653617,//i0.hdslb.com/bfs/archive/96b4fafa95dc8764c80e7c64dce23d73e5a023be.jpg,22583166,BV1SW411G7sB,1524706099,2018/4/26,9:28:19,04:32,9826,2906,8338,2471,16025
深圳华强北淘货，这里的电子产品比美国便宜好多！,2233,790072,//i2.hdslb.com/bfs/archive/8887b6f4ccac0536d39e299ff676a6cf22346852.jpg,22505926,BV1dW4115798,1524540209,2018/4/24,11:23:29,05:27,6005,1176,5283,452,9750
广东街访：吃过最奇怪的东西是什么？福建人必看！,5495,812452,//i2.hdslb.com/bfs/archive/a7d845e5982bbd0e4bbf2557f86b5ce886240b13.jpg,22464902,BV1CW41157yW,1524451652,2018/4/23,10:47:32,05:35,12545,1409,5493,1546,11039
在广州挑战对于美国人来说的奇葩美食！（鱼皮/鸡爪/牛杂/乳鸽）,4556,1577461,//i1.hdslb.com/bfs/archive/170e65e75d5221164749f1ea21f7a87fa1cfd135.jpg,22383445,BV1bW411577q,1524302454,2018/4/21,17:20:54,08:22,26920,2731,11642,1856,23125
凌晨两点上海觅食，对比中美宵夜文化！,2990,1571702,//i0.hdslb.com/bfs/archive/3548b2e9fcbaa35d7d65c5120a7d3cb47301d3c3.jpg,22281330,BV1tW411j74u,1524107416,2018/4/19,11:10:16,06:04,9921,1748,7363,666,14028
我去上海哔哩哔哩总部撸了一只猫！,3088,1343869,//i2.hdslb.com/bfs/archive/3c5fa9a423d67fca6c30aff6105ffc2038224778.jpg,22251269,BV18W411j7h5,1524034722,2018/4/18,14:58:42,05:34,9479,4547,21475,2504,17708
南京食记：对比中美鸭文化！为啥美国人不爱吃鸭？,3650,1073038,//i1.hdslb.com/bfs/archive/57f624f63ff0fa9f019421f0b2152b5b20e96846.jpg,22161727,BV1wW411j7jG,1523842798,2018/4/16,9:39:58,05:50,12625,1578,6553,1248,13256
探访北京花鸟鱼虫市场，这么多奇怪的小动物！,2723,922592,//i0.hdslb.com/bfs/archive/a6bc61be6da480748138bdfc2e291f02790ec023.jpg,22115783,BV1BW411L7pq,1523758899,2018/4/15,10:21:39,04:35,6881,1652,5728,673,12824
古玩市场20元淘货，回美国可以卖100美元！,3894,1009023,//i0.hdslb.com/bfs/archive/6947f7778bedf166e5153935531965207b0041fa.jpg,22062498,BV1aW411L7JT,1523668562,2018/4/14,9:16:2,05:38,14467,1994,20272,1225,15746
初尝北京小吃，买了三斤豆汁，我被虐到想哭！,3475,1207927,//i2.hdslb.com/bfs/archive/0a46c1444b0d06b69cb2f6bba686349ee87fe303.jpg,21977168,BV1QW411K7Nc,1523493749,2018/4/12,8:42:29,06:15,12046,1727,12264,1547,15629
粉丝礼物开箱，看我收到了什么好玩好吃的！,2972,769600,//i2.hdslb.com/bfs/archive/a6d6fd04cfa63661d4dc9a912bfe1fb838a5578b.jpg,21859155,BV1sW411K7yg,1523246914,2018/4/9,12:8:34,07:16,6918,1454,9422,347,14340
清明节在西安暴走暴吃，起床先喝八碗摔碗酒！,3467,1043530,//i1.hdslb.com/bfs/archive/a8d30128ad01e218550f72f68f46d8409d49ea41.jpg,21817383,BV1wW411K7q1,1523154534,2018/4/8,10:28:54,07:07,13555,1762,9613,1600,14461
从纽约穿越到西安吃美食！我味觉出事了怎么办！,3351,1432113,//i0.hdslb.com/bfs/archive/abcc6104d6a860956d756b288740b282ed982b56.jpg,21783491,BV1XW411N7zs,1523087947,2018/4/7,15:59:7,07:23,18349,2301,10239,1205,17866
第一次坐中国高铁！比美国高铁快好多！,3471,1439481,//i1.hdslb.com/bfs/archive/d22d2c150794666d80eec516775e4d8e57036b6f.jpg,21714131,BV1GW411M7jM,1522978797,2018/4/6,9:39:57,04:41,7954,1674,8318,580,15816
人民公园相亲角采访中国父母，中美相亲文化很不同,5301,568207,//i0.hdslb.com/bfs/archive/0852c570dc646ea95b152385858682988701b5c0.jpg,21621403,BV1CW411T7MF,1522816085,2018/4/4,12:28:5,06:04,8930,1240,6257,1373,9876
在中国第一次进网吧，竟然有人在这里住了一个月！,6184,1548346,//i1.hdslb.com/bfs/archive/db398866ba71d5a2eda691f3cff3c0f7f7ec65e3.jpg,21579962,BV18W411T7Ua,1522732337,2018/4/3,13:12:17,05:49,16529,3992,11097,4426,15993
挑战成都最辣的火锅，点麻辣牛肉还要签生死状！,4145,3033125,//i0.hdslb.com/bfs/archive/6996956de6dc6c994a1c0b73592d272c736288e4.jpg,21541359,BV18W411T7LQ,1522642966,2018/4/2,12:22:46,04:31,25367,5408,16059,6006,36558
探访成都最火的餐厅，挑战四川人也觉得辣的串串！,4025,1394910,//i2.hdslb.com/bfs/archive/9f6969b516e7e20c1837861a8f5baa71ce084730.jpg,21449482,BV1hW411u7Z7,1522475048,2018/3/31,13:44:8,08:04,14279,2226,8364,2090,15888
在中国批发市场体验砍价，我和敬汉卿谁是砍价王？,3417,1358039,//i0.hdslb.com/bfs/archive/739fab100f1bfe97e0472f67a1f3fa28351bae85.jpg,21410432,BV1hW411u75a,1522398675,2018/3/30,16:31:15,06:09,15203,3358,25475,674,25592
第一次骑单车在成都寻找街头美食，移动支付好方便！,3254,1095931,//i1.hdslb.com/bfs/archive/33c5abfaa86a1429ea00eb5400926ccaa3a45092.jpg,21360540,BV1AW411u7Si,1522297315,2018/3/29,12:21:55,12:48,19625,1966,12952,1377,16955
美国人有多爱大熊猫？不惜重金付租金修豪宅建直播！,2445,2098534,//i0.hdslb.com/bfs/archive/7589500729f2fd8d611426b5a918cb737e82da28.jpg,21319897,BV1XW411M7aY,1522198287,2018/3/28,8:51:27,05:23,9143,2886,8928,788,22154
第一次在中国看中医，中药为什么那么苦？！,8861,1099679,//i0.hdslb.com/bfs/archive/746f4984aeb158969357a68cc16a0c91803cf362.jpg,21282838,BV1rW411M7Bt,1522112453,2018/3/27,9:0:53,06:51,23999,1834,7982,791,18184
「郭杰瑞」我到中国了！！,64628,2996171,//i1.hdslb.com/bfs/archive/b622cf0439d0ef6b207d3b3ce4dc400c98dca7dc.jpg,21245930,BV1BW411M7tU,1522029118,2018/3/26,9:51:58,03:56,18127,3896,24037,1011,55576
对比中国和犹太文化，面子到底重不重要？,4127,790549,//i1.hdslb.com/bfs/archive/990c15984446a82f9ff80732d1e4706efffacefd.jpg,21152978,BV1kW411g7gc,1521863106,2018/3/24,11:45:6,08:52,8652,5396,21432,1230,20069
实拍中国运动品牌在美国，对比耐克阿迪怎么样？,2493,1087046,//i1.hdslb.com/bfs/archive/1afcbf0073bbbe7f188bda41645793c69934bdd2.jpg,21031879,BV1PW411g7eE,1521596732,2018/3/21,9:45:32,06:17,8229,2434,6301,1422,9360
美国小孩爱玩什么游戏？原来暑假修仙也是常态！,22831,565394,//i0.hdslb.com/bfs/archive/edbfa88390c3da78b64add86ffe478fe77034a00.jpg,20912074,BV1PW411W7Yf,1521335744,2018/3/18,9:15:44,05:26,8115,1008,6741,310,7927
甜到哭是什么感觉？试吃让我们美国人疯狂的甜品！,1944,742421,//i0.hdslb.com/bfs/archive/694105ac24af6e478766b4d32fa5e914e03142d9.jpg,20783783,BV1xW411p7PS,1521075715,2018/3/15,9:1:55,05:52,6088,1228,5478,741,8715
美国也有婆媳问题吗？世纪难题老婆妈妈掉水里先救谁！,2230,658147,//i0.hdslb.com/bfs/archive/84101bbb1fe61ef51e8c8553e6ac68cfe08871e8.jpg,20675081,BV1HW411s7CC,1520816213,2018/3/12,8:56:53,05:42,2442,1901,6714,839,9757
大董北京烤鸭进军纽约，是否能征服美国人的胃？,2387,1302593,//i0.hdslb.com/bfs/archive/f7e660ed4d06b65a2a7b654fc5466f22042c63b1.jpg,20579758,BV1AW411s76A,1520643781,2018/3/10,9:3:1,05:37,7854,1763,8338,624,14407
为啥美国人最怕国税局，原来非法收入也得交税！,3942,469649,//i0.hdslb.com/bfs/archive/a2950698f1f1feca07c9916677264096d0b7eb29.jpg,20501210,BV18W411W7MH,1520471126,2018/3/8,9:5:26,05:02,2697,1468,4579,868,7427
吐槽网红撒盐哥牛排馆，为啥又贵又不好吃？,3978,1918823,//i1.hdslb.com/bfs/archive/47b0d4ec943c11047588f1115eb23d7f49199163.jpg,20425896,BV1dW411x7eu,1520298792,2018/3/6,9:13:12,07:06,9944,5225,13203,1744,16941
川贝枇杷膏走红美国？作为美国人我去考察一下,2264,921022,//i0.hdslb.com/bfs/archive/b1fe1025ee7fca47ceb0a7daa6f1eaed6939b400.jpg,20346991,BV1pW411x7cg,1520131011,2018/3/4,10:36:51,05:18,6020,1256,5009,591,8320
实战买潮牌Supreme，真的又贵又难买？,16398,769824,//i0.hdslb.com/bfs/archive/55dcc230ab1071694ae9ad72a60dbbdcf5d209f3.jpg,20261103,BV1KW411x7M9,1519970095,2018/3/2,13:54:55,03:49,4400,2219,6393,3378,8881
美国买房贵不贵？工地现场实拍美国住宅！,6257,543500,//i1.hdslb.com/bfs/archive/95d4bb7f5de7cb8e30280e118283df7a0d8be8ce.jpg,20077855,BV16W41147jr,1519611230,2018/2/26,10:13:50,05:02,6795,2173,6761,2770,7161
舌尖上的美国：我们美国人也爱吃泡菜！泡香肠鸡蛋西瓜。。。,1534,484262,//i1.hdslb.com/bfs/archive/baf9300037c37d3d07c421ef234f965b2b77ec6a.jpg,19938289,BV1MW41147wp,1519362304,2018/2/23,13:5:4,05:34,4848,640,4479,201,6927
试吃中国年货，第一次吃咸鸭蛋/藕粉/酒酿！,2624,552919,//i2.hdslb.com/bfs/archive/e55d7f9fe61932b949df1424161b6353e5ac8790.jpg,19808901,BV1LW41177aq,1519106773,2018/2/20,14:6:13,07:07,15151,739,7119,523,8784
中国春节在美国影响大不大？看看美国人怎么庆春节！,4361,1585247,//i2.hdslb.com/bfs/archive/f1cdcee2c4d4e7923cb01619e196e700dbd38bff.jpg,19730529,BV1wW41177cY,1518925310,2018/2/18,11:41:50,08:19,27361,3718,14008,1714,29813
作为美国人我第一次看春晚，哇哦！为啥美国没有？,4133,667586,//i2.hdslb.com/bfs/archive/98f95839f54dc56277ea9865e9268b7808bb6b00.jpg,19664981,BV1rW411j7hQ,1518761949,2018/2/16,14:19:9,05:23,12398,1071,6524,352,11799
【爆笑郭杰瑞】一人饰四角演绎春晚歌曲《常回家看看》,2255,201349,//i2.hdslb.com/bfs/archive/b5c2892f74d3e728c3836618e6fad39171a40925.jpg,19485202,BV17W411E7VX,1518405004,2018/2/12,11:10:4,02:28,4777,2086,24518,1158,12059
自制美式重庆火锅，火锅意大利面好不好吃？,1994,564995,//i1.hdslb.com/bfs/archive/1a36f75d9ae00eabe3638fda7ae9ddb808651093.jpg,19445061,BV15W411E7WS,1518329803,2018/2/11,14:16:43,07:04,11191,894,6761,457,8393
欧美大牌奇葩中国元素，美国人眼中的中国文化是什么？,2206,476350,//i2.hdslb.com/bfs/archive/738ee9ca341992d64b8dbe9cf7fdd3b7250bad8f.jpg,19345053,BV1WW411n7Ln,1518143550,2018/2/9,10:32:30,05:55,9081,946,6355,465,7022
「郭杰瑞」男生测试化妆品，真的越贵越好吗？,1847,303699,//i2.hdslb.com/bfs/archive/beeb58aabe995ee5886449432ca761f7095a7a33.jpg,19255191,BV11W411J7U5,1517979688,2018/2/7,13:1:28,05:31,4521,919,6292,1250,6301
试吃美国婴儿食品，原来美国妈妈这样带孩子！,1757,296035,//i2.hdslb.com/bfs/archive/3ca332a1afed2d302be4b7cae4c23250f4777487.jpg,19161090,BV1EW411J7yy,1517801751,2018/2/5,11:35:51,06:20,4539,686,4931,867,5612
吐槽美式中餐，怎么每个菜都一个味道！,2030,556362,//i2.hdslb.com/bfs/archive/60945c84f6429b6911ac8367db9fdf5a4c8d5807.jpg,19077524,BV1CW411H73D,1517631507,2018/2/3,12:18:27,04:48,4451,736,5333,297,6802
针灸纳入美国医保，美国人做针灸吗？,2445,320867,//i2.hdslb.com/bfs/archive/10e99dd7f93f0bfb998251211587b8c17b28886a.jpg,18950969,BV1PW411H7BZ,1517372287,2018/1/31,12:18:7,04:04,2439,742,4388,433,6069
"中国这些中高端品牌在美国是什么品牌(李维斯,CK等）",4831,770926,//i1.hdslb.com/bfs/archive/826c951273ed8fcb4283956323a07881a897c7a5.jpg,18872772,BV1dW411e7SL,1517205891,2018/1/29,14:4:51,05:30,5808,3963,7929,3675,7737
「郭杰瑞日常」在美国发现一家重庆串串！串串和火锅不一样？,2133,571814,//i2.hdslb.com/bfs/archive/0c0bf1f3f44ecef7b88cbe22fb0c4d6469d4af90.jpg,18833537,BV11W411e7sv,1517121636,2018/1/28,14:40:36,04:06,4661,650,5968,311,7029
「郭杰瑞日常」第一次吃烧仙草和豆花！,2763,880699,//i1.hdslb.com/bfs/archive/82ec12acbe4cb3039faf1574e2337c4544d3e37a.jpg,18749310,BV1bW411e7aW,1516947161,2018/1/26,14:12:41,03:47,8878,1039,7187,388,10465
美国旅游注意事项，开车被警察拦怎么办？,2586,324795,//i0.hdslb.com/bfs/archive/c0259f4451eb49abc18ecb3c96a7d876a413c54c.jpg,18667324,BV19W411Y7tu,1516771674,2018/1/24,13:27:54,05:55,2880,2796,9117,616,7503
美国人真的都不坐月子，生完孩子就上班吗？「郭杰瑞」,4137,503887,//i1.hdslb.com/bfs/archive/edb8a45c2c0f58d5cb19b65f3f291dae48d0f7a4.jpg,18586745,BV1EW411i7Ds,1516588272,2018/1/22,10:31:12,04:29,4470,1555,13167,952,10134
中美结婚文化大对比，美国人买婚房吗「郭杰瑞」,5860,399129,//i1.hdslb.com/bfs/archive/b88b2a02ce7904a54bd32a01fa0bf0ef0f7f411f.jpg,18516950,BV1ZW411v7B3,1516431924,2018/1/20,15:5:24,05:35,5827,1626,17013,944,11520
揭秘郭杰瑞的视频是怎么拍的？,30941,2578101,//i0.hdslb.com/bfs/archive/22a468274943264e0d3a12d0a915fdcedb8edc15.jpg,18396778,BV1HW411v7iL,1516159946,2018/1/17,11:32:26,08:50,33076,17071,184815,2347,137024
美国父母真的不能打孩子？熊孩子怎么管教不犯法「郭杰瑞」,4283,481575,//i0.hdslb.com/bfs/archive/6b8dc3e047ab7da24fc29a5b11aee214313f362c.jpg,18361508,BV1uW411v7Q6,1516071801,2018/1/16,11:3:21,05:22,6251,1287,5923,575,6796
老美试吃中国面包，称美国面包其实都没味道「郭杰瑞」,8925,1634974,//i0.hdslb.com/bfs/archive/70f490321eddc811cf72efdaa90b59b0ad8f7476.jpg,18328317,BV1rW411q7sK,1515986730,2018/1/15,11:25:30,06:41,13837,3050,10087,1122,17601
在美国豆浆豆腐是逼格很高的食物！,2402,1144892,//i1.hdslb.com/bfs/archive/97f0514ded1a68ec172c86814386659af86ffbdf.jpg,18295784,BV1hW411q7y2,1515909326,2018/1/14,13:55:26,03:12,6380,1828,11064,1026,10116
大部分美国人不上大学，没上过大学就没好工作吗？,3521,388626,//i0.hdslb.com/bfs/archive/5b410af1378e89f112dfa6516e787cf8808d4b93.jpg,18255937,BV1nW411q7Gw,1515822159,2018/1/13,13:42:39,04:34,3358,1311,4089,708,5166
今天去吃中东菜，这是美国人很喜欢吃的,1435,714709,//i1.hdslb.com/bfs/archive/58ebfca8950dac31251ea91526d9fa0460d6b85c.jpg,18219151,BV1uW411q7V5,1515729683,2018/1/12,12:1:23,04:47,4651,848,4871,247,6411
美国人看PGone，美国嘻哈真的都是不良元素？「郭杰瑞」,3926,676666,//i1.hdslb.com/bfs/archive/2bdaa20cc78c03244e2d586249d58f97270221a7.jpg,18154549,BV1UW411i7bE,1515555299,2018/1/10,11:34:59,03:40,5279,2233,12020,722,8257
美国咖啡店大对决，星巴克真的比麦当劳逼格高？「郭杰瑞」,2235,534189,//i0.hdslb.com/bfs/archive/ad626854d7480a61f5e35bfda5e25dd4dbf6306f.jpg,18126063,BV1zW411i791,1515475409,2018/1/9,13:23:29,07:25,7784,1539,5017,1039,9805
探访美国一元店，一美元在美国能买到什么东西？「郭杰瑞」,1450,612562,//i1.hdslb.com/bfs/archive/a4a4622c12e4dded8794d93aaedb9d696111e132.jpg,18091318,BV1tW411i7tt,1515381068,2018/1/8,11:11:8,05:34,5448,1249,4075,508,7868
美国人怎么看《美国网红在日本自杀森林拍死者遗体》,8304,897447,//i0.hdslb.com/bfs/archive/802c56c7cf1b7aca094a192cad21c71c0b070f4d.jpg,18059063,BV1fW411B7C1,1515306585,2018/1/7,14:29:45,04:59,17406,7098,54987,2401,47006
美国孩子真的18岁就被赶出家门？也不赡养父母吗？,4461,481721,//i0.hdslb.com/bfs/archive/0420d9d943112c642b4b88e19d0452ddb12df299.jpg,18022668,BV1SW411B7ye,1515223844,2018/1/6,15:30:44,05:11,2883,1758,4340,1058,5885
美国小哥到中餐馆学川菜，餐馆老板心力交瘁「郭杰瑞」,2220,365985,//i0.hdslb.com/bfs/archive/48911c481cea59764fafffba839c87ddc722d3cc.jpg,17948927,BV1jW411B7od,1515040618,2018/1/4,12:36:58,13:12,9817,1394,5696,789,5420
唐恩都乐甜甜圈竟是美国最便宜的早餐！「郭杰瑞」,997,284585,//i2.hdslb.com/bfs/archive/8ef5bb1eff6dc2cb03d4b23b88be44f758e923f3.jpg,17918937,BV1KW411B7SE,1514955804,2018/1/3,13:3:24,04:16,3332,437,2384,182,3684
麻婆豆腐传人在美开店，我吃了好多花椒！,1968,481447,//i1.hdslb.com/bfs/archive/11754499056491c744ab5d609d2b5a12d6bcc8a0.jpg,17886288,BV1dW411q7vU,1514867053,2018/1/2,12:24:13,08:25,10120,829,4785,575,5503
谁说中国人不礼貌？文化差异大，美国人也会没礼貌,1855,342399,//i2.hdslb.com/bfs/archive/1085dc2d225b1b0b1028b0d663b0f1579d0cf09b.jpg,17849051,BV11W411q7AE,1514780462,2018/1/1,12:21:2,07:18,4473,1343,5482,364,5925
年末巨献「郭杰瑞」2017视频大混剪！,1523,176006,//i2.hdslb.com/bfs/archive/113e153edc6662292c84efa60f233182cf2ac960.jpg,17805271,BV1qW411b7qP,1514696734,2017/12/31,13:5:34,06:12,3121,1586,10782,559,7915
老美介绍三明治，吐槽赛百味在美国没人吃「郭杰瑞」,1616,746761,//i1.hdslb.com/bfs/archive/d398de6cb931246b8039be6c74d76e398ef82524.jpg,17727434,BV1AW411b7yW,1514519610,2017/12/29,11:53:30,05:41,5480,1450,5110,747,8172
湖南大叔辞职世界500强在美国开餐厅「郭杰瑞专访」,1521,247553,//i0.hdslb.com/bfs/archive/1ceee9e2bc549a9c80b16aacd081d6420797ca3b.jpg,17696066,BV1NW411b74D,1514431067,2017/12/28,11:17:47,07:49,3305,1385,7958,415,5068
纽约人用公共洗衣房，因为室外晒衣服会被投诉,1204,286047,//i1.hdslb.com/bfs/archive/de693063a53cebee12d0a8a82359b1d7806b9504.jpg,17668076,BV1oW411t7AB,1514350704,2017/12/27,12:58:24,05:19,2854,558,5836,238,4204
「郭杰瑞」老美撸串第一次挑战鸡心鸡胗烤串！,1315,486325,//i2.hdslb.com/bfs/archive/4ec3edccdde1ccde5ef85a44f02af90abf7484e0.jpg,17642238,BV1UW411t7ZD,1514273729,2017/12/26,15:35:29,06:38,7149,584,4791,286,4875
中美键盘侠大比拼，天下键盘侠是一家！,3922,1168435,//i1.hdslb.com/bfs/archive/ef073137b4c00552f5da3daec17ebb9a277b88b0.jpg,17606100,BV1qW411t7qU,1514180750,2017/12/25,13:45:50,04:09,16085,21380,60346,9160,76636
对比中美中学教育，美国小哥演绎中国老师！,1814,364533,//i1.hdslb.com/bfs/archive/2ef6320bc3546a8ab7b54bf10b6f3f7bb4b945e7.jpg,17536603,BV1oW411879P,1514014549,2017/12/23,15:35:49,05:21,6825,2075,6565,1296,7946
去高级牛排馆自带老干妈，我觉得味道很配！,2443,1384127,//i0.hdslb.com/bfs/archive/e00a795bdff21daedc09518ba87809dd82f1080c.jpg,17499236,BV11W41187my,1513924339,2017/12/22,14:32:19,06:10,8708,3078,9636,1405,12424
试吃测评美国冰淇淋（哈根达斯，减肥冰淇淋等）,992,406871,//i0.hdslb.com/bfs/archive/7f62f31f8f1b040248247b08c1cfc88969705d10.jpg,17473199,BV1iW41187mq,1513842332,2017/12/21,15:45:32,05:42,3843,952,2984,459,6520
第一次淘宝购物终于收货，开箱有惊喜和惊吓！,792,468785,//i2.hdslb.com/bfs/archive/dc1544813cf782d6056c0bf8dddcf210a3d6894e.jpg,17442227,BV1tW41187mZ,1513753123,2017/12/20,14:58:43,07:13,6334,584,3834,277,5980
老美吐槽哈根达斯，为啥在中国要装高大上？,7438,2101220,//i0.hdslb.com/bfs/archive/186a8334ede5290a13ca93d15781585eef253dd0.jpg,17378270,BV1MW41187M8,1513563932,2017/12/18,10:25:32,04:23,11933,6143,8317,4195,43411
老外强行做中餐，自己做的西兰花牛肉含泪也要说好,1303,379948,//i2.hdslb.com/bfs/archive/72765b2772da73a27bec2a291e036e8e2091a406.jpg,17306559,BV1mW411b7P9,1513389952,2017/12/16,10:5:52,07:59,7104,497,2887,281,4177
美国蔬菜保鲜靠急冻，西兰花可以放两年！,779,189623,//i0.hdslb.com/bfs/archive/161c5caa24944dcd99f704226f50fbfc01cad1b3.jpg,17275180,BV17W411a7t2,1513309424,2017/12/15,11:43:44,05:57,2377,338,2115,180,2728
对比中国春节和美国圣诞，最大的不同竟然是。。。,709,230147,//i0.hdslb.com/bfs/archive/ca0048b0bc3804264fe9fefe3debdfb5a50f9e1f.jpg,17241348,BV1MW411a7wA,1513214488,2017/12/14,9:21:28,04:26,2020,394,2011,138,2960
美国学费逆天，70%学生贷款上大学！,1871,259792,//i0.hdslb.com/bfs/archive/64651b96f0e7a2a0d7bfeb85619c29ef065a56cb.jpg,17211889,BV1fW411h715,1513127242,2017/12/13,9:7:22,08:00,1971,1216,3153,540,3660
老美第一次撸串吃河南烩面，和老板娘神侃,1965,794657,//i1.hdslb.com/bfs/archive/b20444c663b457d0c6c95d28df72e5193fd0a722.jpg,17184658,BV1DW411h7Ni,1513048641,2017/12/12,11:17:21,08:50,10834,1063,5479,418,5416
这样做会吓跑你的美国男女朋友！老美带猫讲约会文化,1101,262843,//i1.hdslb.com/bfs/archive/31d739a05c56c0e5fcdef05ef6d71fccf9a300e1.jpg,17153523,BV1zW411h7ed,1512955427,2017/12/11,9:23:47,05:10,2437,774,2141,287,4235
穿越到80年前纽约地铁，偶遇民国上海滩名人？,559,163574,//i0.hdslb.com/bfs/archive/afa28ca7ad3e00eca62bea315d9dc9bfe7cf59f7.jpg,17116981,BV1tW411h7Sv,1512867797,2017/12/10,9:3:17,03:55,1554,392,1805,75,3067
老美怼英国人数学差，挑战中国小学数学题！,4489,1412930,//i1.hdslb.com/bfs/archive/a920c1820a2be92442fbd7d7d5790cee6bce6ff9.jpg,17079381,BV1jW411h7qK,1512782453,2017/12/9,9:20:53,09:39,36705,3173,3583,2298,19257
四川麻辣火锅进军纽约，我无所畏惧！,1163,425222,//i1.hdslb.com/bfs/archive/56c4776e97f22feca7f8b2a930d1de6a5c70e9a6.jpg,17045073,BV1TW411h7BG,1512695626,2017/12/8,9:13:46,10:44,8655,546,3507,528,3821
美国叫次救护车900美元！看病真会看破产？,3634,589792,//i0.hdslb.com/bfs/archive/45320f4b74299db55ad6085da3f0c88c518e7ec6.jpg,17015202,BV16W411Y73L,1512610447,2017/12/7,9:34:7,05:05,2746,1609,2803,1201,6860
老美哭诉放过我们男人！别拉我们逛维多利亚秘密,1027,523399,//i1.hdslb.com/bfs/archive/0c459a5f708673a41ee97dd9a56e5de7cfee9e18.jpg,16986009,BV1bW411Y76G,1512523430,2017/12/6,9:23:50,04:05,2945,1424,3848,1633,6456
美国人只约会不结婚？听老美讲美国约会文化,1135,251965,//i2.hdslb.com/bfs/archive/e372209189fcdf4143785e6624b1ad7aa6fb5657.jpg,16957004,BV1nW411Y7NR,1512436451,2017/12/5,9:14:11,05:22,1913,1142,2926,589,3856
美国为过圣诞近百岁古树被砍，引上亿人围观！,940,246213,//i1.hdslb.com/bfs/archive/5dff6f5e060ffeb827fb5429b3474df8c76d967a.jpg,16927046,BV1wW411Y7Ao,1512348244,2017/12/4,8:44:4,04:40,2501,478,3437,181,3374
号称最能吃辣的美国人终于被死神辣椒辣懵逼了！,1750,864120,//i2.hdslb.com/bfs/archive/c3166fd1c30764e72a19fe834dafe4f6f828742a.jpg,16893331,BV1QW411a7ig,1512268812,2017/12/3,10:40:12,07:17,11343,1577,16307,794,13506
妹妹吃榴莲和中国蜜饯，她吃后欲哭无泪（冬瓜糖/柿饼/姜糖/榴莲干）,2475,743029,//i1.hdslb.com/bfs/archive/55427fdc7dd90220f21331ecd98305cf5b7bbcfa.jpg,16855639,BV1DW411a72m,1512178953,2017/12/2,9:42:33,06:15,10291,1220,5440,303,7341
纽约圣诞集市太坑人，中国包子竟然有肯德基味道,777,296842,//i0.hdslb.com/bfs/archive/057fe094c89bd6343abbfa6139dd130b704460d5.jpg,16823216,BV1rW411a7K6,1512095828,2017/12/1,10:37:8,07:16,4796,451,3336,251,5068
走进纽约顶级酒店早餐，卖的贵只是因为盘子大！,2563,577790,//i0.hdslb.com/bfs/archive/2f762c693b7ef4cd1a4a0ff99f6432af70d7096f.jpg,16794158,BV1HW411a7UJ,1512008154,2017/11/30,10:15:54,04:52,6617,955,3915,343,5426
全世界只有中国人穿秋裤？听美国人怎么说！,1872,666424,//i2.hdslb.com/bfs/archive/fbbbe58938d4e21e035e727cb0d0c0e0c9a3e0fc.jpg,16768071,BV1qx41157y5,1511928098,2017/11/29,12:1:38,04:26,4909,964,3146,379,4477
中国人宵夜吃烧烤，我们老美酒后宵夜吃这玩意。。。,775,957714,//i2.hdslb.com/bfs/archive/1e4da9e84afa419bbe66b25b5b0aacac4db125ba.jpg,16737164,BV18x41157JR,1511832366,2017/11/28,9:26:6,03:28,2721,853,3456,155,9195
麻辣火锅进军美国，老外激动狂赞吃掉一碗蒜！,2538,3408081,//i2.hdslb.com/bfs/archive/7ad8ce542386e18693a6b777c9683e73fc66d72e.jpg,16708014,BV1nx411576L,1511744453,2017/11/27,9:0:53,05:06,18146,4526,12730,1493,36703
老美第一次吃中国柿子菠萝蜜，我为菠萝蜜打call,1895,859551,//i2.hdslb.com/bfs/archive/ba4b50d99293577250700313f37a502e6a63a395.jpg,16676598,BV1gx411576U,1511663421,2017/11/26,10:30:21,06:40,14475,917,3368,293,8110
湘菜馆挑战吃辣，剁椒茄子真的太好吃了！,2986,1711372,//i2.hdslb.com/bfs/archive/0d1d1d7023f38bb115b4ecb4021c5f561a293a57.jpg,16641300,BV1fx411V7N7,1511573957,2017/11/25,9:39:17,06:48,17581,2179,7150,917,17422
实战黑五抢货，人多货少抢不到，心力交瘁！,1423,577928,//i1.hdslb.com/bfs/archive/74eafafdf2624445ac041ea93067e7e11f6ea5d3.jpg,16619208,BV1Ax41157HB,1511512068,2017/11/24,16:27:48,07:23,4553,861,3170,603,5282
试喝美国饮料，边喝边哭为什么都甜到爆！,1158,453601,//i2.hdslb.com/bfs/archive/0bc0c5e50d84f4bbf7faf4dd8765e5b782394a71.jpg,16584029,BV1Dx411V71E,1511400117,2017/11/23,9:21:57,06:51,4862,583,2662,149,4326
美国人都爱喝些什么饮料？贝壳番茄汁，生蛋奶。。。,925,337706,//i2.hdslb.com/bfs/archive/807fa72c3390420838e23378b9144c3cd8acf611.jpg,16556409,BV1yx411V7pw,1511311614,2017/11/22,8:46:54,05:36,4100,648,2306,202,3575
老美听中国网友建议上火吃苦瓜，生吃一根苦瓜后。。。,2478,677193,//i1.hdslb.com/bfs/archive/f95c247f40f5b7368dbdac0e8eda41cc8d2cde9e.jpg,16503121,BV1fx411L7zw,1511148676,2017/11/20,11:31:16,03:49,10888,1302,8988,1321,9620
美国买车这么便宜，为啥不是豪车遍地？,4114,873288,//i2.hdslb.com/bfs/archive/28ad7da8a0d00e9b33f3c87035debc5a2e5ca9eb.jpg,16432927,BV11x411L7Cr,1510976425,2017/11/18,11:40:25,07:09,7886,2917,4624,2525,12261
中国超市蔬菜品种很多，为何美国人只生吃萝卜和生菜？,3198,700529,//i2.hdslb.com/bfs/archive/39326b68df8537861ec06c231eb72bcb326b2834.jpg,16402238,BV1tx411L7NL,1510897187,2017/11/17,13:39:47,06:54,9586,1517,3852,849,5935
探访美国牛仔村，牛仔帽一顶要1500美元！,452,193352,//i1.hdslb.com/bfs/archive/69648852e3281e751046321eee4e81cc8a607f01.jpg,16370352,BV1jx411L7dT,1510801339,2017/11/16,11:2:19,06:12,3447,430,2130,185,2904
对比必胜客，其实这才是我们美国人爱的披萨！,812,557475,//i0.hdslb.com/bfs/archive/9acf11191c99fd98bb8fae373e45be3ffb3b35fb.jpg,16340149,BV1Mx411L7Yz,1510707864,2017/11/15,9:4:24,05:47,3921,1292,2936,429,6278
其实必胜客卖的根本不是披萨，只是面包和肉！,1848,930887,//i2.hdslb.com/bfs/archive/bf942848f6027dc7d705e827bc5e07e5dd18ec89.jpg,16289947,BV1Ax411L7fw,1510554165,2017/11/13,14:22:45,04:35,4287,1777,3927,500,8348
美国北京烤鸭，中国大厨给前总统办过烤鸭派对！,1344,663771,//i2.hdslb.com/bfs/archive/2cd612c55173469b93e36636497762e09598ee39.jpg,16259705,BV1Xx41157Uj,1510475337,2017/11/12,16:28:57,06:50,8593,2012,6645,424,8592
双十一老美也疯狂，不计运费跨国也要买买买！,1291,767651,//i1.hdslb.com/bfs/archive/1fa3c4cc68b344347ee3c0f47f7f9ddbd0930813.jpg,16222335,BV1px41177Yn,1510385364,2017/11/11,15:29:24,06:34,6836,1144,3477,1088,6837
美国德州民风彪悍，带大家走进德州超市！,491,300459,//i1.hdslb.com/bfs/archive/825dca1747a05184e461dd9e7cc25f2b6672dd35.jpg,16180758,BV1cx41177KH,1510276929,2017/11/10,9:22:9,04:56,2452,642,2141,217,4282
老美在纽约中餐馆点麻辣烫，上菜后彻底傻眼！,1509,1903233,//i0.hdslb.com/bfs/archive/8f4f542d0989c3dfc422b64521bd074a19eda95b.jpg,16127330,BV19x411j7d8,1510111087,2017/11/8,11:18:7,04:04,12781,2033,6214,395,20026
老美吐槽：谁说美国骗子少？我们电信诈骗天天有！,1140,337945,//i2.hdslb.com/bfs/archive/42595b52404d451540b04686f46b637c796a4617.jpg,16097191,BV1Cx411j7CF,1510018144,2017/11/7,9:29:4,05:51,2676,873,2671,306,4615
今天我被墨西哥黑暗料理坑了。。。,610,252992,//i2.hdslb.com/bfs/archive/ce2c6ce11b7ed7148633dc3dd1d75aeca2a5c239.jpg,16035625,BV1sx411j7bC,1509846657,2017/11/5,9:50:57,05:25,2818,309,3256,98,3129
川籍美国人挑战墨西哥吃辣，川菜vs墨西哥菜哪个更辣？,814,421543,//i0.hdslb.com/bfs/archive/185cab1028f2ef8c41bf1bf42490f4442813046c.jpg,16000155,BV1Lx411j7P1,1509762783,2017/11/4,10:33:3,05:39,3148,482,2598,156,3914
美国小哥特色按摩手法娴熟，让猫主子流连忘返！,539,227677,//i1.hdslb.com/bfs/archive/4c9c7fa88fea8cfb7b0be214c7d4e38a77e4a48e.jpg,15983837,BV1rx411E771,1509710508,2017/11/3,20:1:48,04:01,1811,840,2414,595,3345
老美第一次吃螺蛳粉！臭翻天还是好吃到爆炸？,1585,1230648,//i2.hdslb.com/bfs/archive/c5c56f4c096249d983aee09909bfe99af9003c37.jpg,15939928,BV1qx411E74U,1509586794,2017/11/2,9:39:54,05:38,8456,1354,3924,903,17567
谁说老美很科学？我们迷信起来让人傻眼！盘点老美的风俗迷信,2316,678025,//i1.hdslb.com/bfs/archive/c97ffc088ccfab55f9a39751227790147bbc74cd.jpg,15885268,BV13x411E7iR,1509412313,2017/10/31,9:11:53,05:43,14311,2413,4178,770,14921
挑战半公斤重牛排，然后。。。,1007,449666,//i2.hdslb.com/bfs/archive/2f26b63df334a21c3d463bc983d97750eda530dc.jpg,15826342,BV1Qx41177Ek,1509242559,2017/10/29,10:2:39,05:42,3578,589,3257,175,4077
纽约旅游套路深，老美愤怒我们美国不是这样子！,1187,348372,//i2.hdslb.com/bfs/archive/3a7251795c4636d9208768624779f91621ad8523.jpg,15759137,BV1ax41177BP,1509070229,2017/10/27,10:10:29,05:28,3880,2652,20549,1207,7999
试吃美国汉堡，美国汉堡哪家强（麦当劳，汉堡王，肯德基）,2500,1385581,//i1.hdslb.com/bfs/archive/ebb0364c1a63215ecfac40fe60c758d10d203c96.jpg,15731036,BV1Yx41177HV,1508979991,2017/10/26,9:6:31,09:17,13718,3811,6408,2516,9918
美国肯德基卖的什么鬼，给大家和中国对比一下,2575,1544097,//i0.hdslb.com/bfs/archive/7277a5bbd8348d508481ce4903480aabad298cbb.jpg,15676766,BV1Vx411u7jx,1508809286,2017/10/24,9:41:26,05:15,8561,3156,7917,1563,12388
『郭杰瑞』我有重要事情要宣布。。。,2104,671161,//i1.hdslb.com/bfs/archive/904362dd1214ce112ceefb3ac0f229435708459d.jpg,15648286,BV1Rx411M7KB,1508718250,2017/10/23,8:24:10,02:54,4516,1005,19976,169,9932
美国人冬天或生病都喝冰水！听个老美解释为什么！,2562,484546,//i0.hdslb.com/bfs/archive/bef0f189c9944155aa67204ebe282efe4f297254.jpg,15614352,BV1yx411M7YU,1508632951,2017/10/22,8:42:31,06:12,5964,1511,4142,1349,5512
用中美两种方法做泡面，微波炉PK水煮！哪一种更好吃？,1785,506226,//i0.hdslb.com/bfs/archive/b4ff9d5f262eda28a228fd8ce2f25ae1008f0825.jpg,15551664,BV1Wx411M7KA,1508471053,2017/10/20,11:44:13,06:12,8313,665,3017,342,4313
中国人用热水壶烧水，为何美国人只用微波炉,3691,478696,//i2.hdslb.com/bfs/archive/50663c4938dcdfa844abdf197200533bbe078bd7.jpg,15523382,BV15x411M712,1508375061,2017/10/19,9:4:21,08:06,11113,1074,2891,518,3181
美国银行系统很严格，一不注意就被当成罪犯！,986,444925,//i0.hdslb.com/bfs/archive/9c73a18a47aae004e315fdd13587aaac814d2b1b.jpg,15472364,BV1gx411M74t,1508205128,2017/10/17,9:52:8,05:09,2593,1096,2827,440,5544
测试美国的手机支付，在纽约到底好不好用,4604,1555203,//i1.hdslb.com/bfs/archive/206039d430952770cd8a66492ec8b79184947758.jpg,15444349,BV1kx411g7xs,1508119506,2017/10/16,10:5:6,03:38,7752,2728,4018,915,10580
不是我们不会算钱，是美国硬币面额太奇葩！,1122,696248,//i1.hdslb.com/bfs/archive/944ce632b5495cd13e2a6c76b7d3577e0fcd679f.jpg,15374681,BV1nx411g7C5,1507950863,2017/10/14,11:14:23,04:15,3978,2537,3239,580,9255
美国人过万圣节消费91亿美元，买的都是中国制造！,716,321216,//i2.hdslb.com/bfs/archive/2d9f0c597c88a815199d0040b8565e1b191d4161.jpg,15343014,BV1gx411g76a,1507863956,2017/10/13,11:5:56,04:38,2644,632,2785,272,2663
不是我们美国人数学差，我们计量单位太奇葩！,2360,597595,//i1.hdslb.com/bfs/archive/60804e4e1c8d6611baf33c493b72c3f6f9e772db.jpg,15317341,BV1Ax411g76q,1507780961,2017/10/12,12:2:41,04:32,5255,3355,4247,1425,4379
老美做中餐，确定不是暗黑系？方便鸡蛋魔鬼椒首次登场！,963,250117,//i2.hdslb.com/bfs/archive/5efdae207bda674b47978ca391b68536ed3ab335.jpg,15289917,BV1yx411u7GC,1507694008,2017/10/11,11:53:28,12:07,14245,570,3166,888,3170
老美没买到麦当劳辣酱，豆瓣酱自制辣酱怎样！,1686,566503,//i1.hdslb.com/bfs/archive/e24f5949f29b0b57be4d411b7eb0234a9f6e50fe.jpg,15260955,BV1vx411u7iE,1507601975,2017/10/10,10:19:35,05:22,5079,1446,4380,656,1682
香港最便宜米其林早茶店入驻纽约，我排了几个小时,968,439144,//i1.hdslb.com/bfs/archive/0e8ac8c1c874c1ec8bd1de2febfc84b456be1b9a.jpg,15234494,BV1tx411u7XJ,1507516961,2017/10/9,10:42:41,04:07,3659,753,2299,250,3222
老美纽约菜市买魔鬼辣椒和迷你茄子，挑战鱼香茄子等中国菜！,536,149421,//i1.hdslb.com/bfs/archive/d1b3735998fd908035f2e398481d4bdffb7db175.jpg,15201712,BV1fx41137fR,1507430511,2017/10/8,10:41:51,04:43,1889,208,1470,146,1576
挑战美国奇葩味道软糖：呕吐物味，死鱼味，蚯蚓味。。。,612,191278,//i2.hdslb.com/bfs/archive/ae11f2fc4ebe7c77f2712d9a88d9e060c211f183.jpg,15166102,BV1mx41137me,1507351313,2017/10/7,12:41:53,08:55,4879,740,10096,383,4032
纽约也有共享单车，但是又贵又麻烦，丢失要赔1200刀！,1218,350361,//i2.hdslb.com/bfs/archive/ef1223f4e60031639b7b85f77ce3d06bc3e4a321.jpg,15128045,BV1qx41137AS,1507260186,2017/10/6,11:23:6,03:14,2432,507,1965,364,1763
老美午饭爱吃能量棒，中国枸杞竟然成了美国零食！,1028,333855,//i0.hdslb.com/bfs/archive/9c1001db13ca5c437889fbefacb69a696c4829cf.jpg,15094054,BV14x411376o,1507178107,2017/10/5,12:35:7,07:23,8199,681,5917,367,3881
美国生鲜配送有中餐菜谱，配方令人窒息！美国小哥吐槽：不是中国菜的味道！,851,319345,//i1.hdslb.com/bfs/archive/ff2a8107b6a3dce01592b6838c407eaf7648e7bd.jpg,15054005,BV1Wx41137Sg,1507078683,2017/10/4,8:58:3,11:54,11727,571,2818,526,3304
国庆出游不如在家打坐，我去公园打坐！,632,101793,//i2.hdslb.com/bfs/archive/86d9a813ca432e990d74b8835d24c94d2c6ccd6d.jpg,14980371,BV1wx41137FZ,1506902525,2017/10/2,8:2:5,02:58,1163,255,1167,92,1577
美国小哥千挑万选选中五仁月饼，点评结果出人意料！,1811,217127,//i1.hdslb.com/bfs/archive/2819aa4533b65ad7807aa551cbda6f11f62c7c18.jpg,14913321,BV1nx411V7CK,1506732978,2017/9/30,8:56:18,03:01,4763,332,2212,222,1981
纽约罕见米其林中餐，美国人心中最高档的中餐之一,1263,830443,//i1.hdslb.com/bfs/archive/d0bc2f124022c511e2f9c15ce8b73324a7c4fe3a.jpg,14888734,BV1Vx411V7Wi,1506656150,2017/9/29,11:35:50,06:31,7655,1313,2582,291,9206
美国超市卖速食中餐，美国人爱吃吗？,967,534023,//i2.hdslb.com/bfs/archive/1ae5fea5567410c0e9ae0a6af387152e9f897290.jpg,14833894,BV12x411G7QB,1506481090,2017/9/27,10:58:10,09:54,11634,878,2744,484,6364
在中国买的犹太人赚钱秘籍，犹太小哥说错的离谱！,563,188306,//i1.hdslb.com/bfs/archive/fefd1f0ce2686a2c9ef1aca1014568c6bce96df5.jpg,14806526,BV1Bx411G7KB,1506392062,2017/9/26,10:14:22,06:08,1479,752,1220,305,2713
美国小哥试吃中国零食，被香辣金针菇彻底征服！,1670,1145134,//i0.hdslb.com/bfs/archive/51a3d3159766f9b16d1879d6fc5a511da49998f5.jpg,14714642,BV1nx411G7QR,1506143591,2017/9/23,13:13:11,07:53,18334,2164,4262,1091,11206
美国人懒出新高度，方便面算啥？我们有方便鸡蛋！,2259,1102896,//i1.hdslb.com/bfs/archive/794b3505a46c431e729323cf61ed2f7254899612.jpg,14680058,BV1sx411x72W,1506048865,2017/9/22,10:54:25,03:04,5602,3216,5978,1263,13057
犹太小哥吐槽：犹太新年和中国新年一样最烦亲戚的问题！,627,237768,//i2.hdslb.com/bfs/archive/e12cc93b6b4051230a49898dd47fcabbbc665842.jpg,14651279,BV14x411x7F9,1505958603,2017/9/21,9:50:3,03:47,2025,618,1705,109,3195
美国人挑战五大难喝饮料（崂山圣水）混合起来味道更奇葩！,1339,429441,//i2.hdslb.com/bfs/archive/252d6d91e36aa0c6acc10528f5c1b5ca9476eb60.jpg,14598763,BV1wx411x7hq,1505786527,2017/9/19,10:2:7,08:14,11772,1159,18288,740,7104
美国小哥试吃中国豆干制品，误把豆腐乳当零食，一口下去欲哭无泪,719,379215,//i1.hdslb.com/bfs/archive/a809cd5a1f31b1d6b34ac3e656f5306067834ba0.jpg,14571218,BV1Xx411s7By,1505697841,2017/9/18,9:24:1,09:42,6653,748,1916,369,3334
中美社交文化差距大，问我吃饭没不是想邀请我一起吃饭,467,209516,//i1.hdslb.com/bfs/archive/5f75b5abe8ec907d6a0055473835147773126835.jpg,14396099,BV1Sx41147vP,1505189652,2017/9/12,12:14:12,05:39,1692,532,1118,167,2335
美国小哥用神秘零食让肥猫终于下地走路。。。,274,177181,//i2.hdslb.com/bfs/archive/a40ab297fbd9ce0b2655b797db3f56366ac33dcd.jpg,14378405,BV1vx41147Vq,1505126536,2017/9/11,18:42:16,03:26,963,434,1060,207,2191
老美回答中国网友犀利问题：美国人怎么看中国？美国有种族歧视吗？,1952,755482,//i0.hdslb.com/bfs/archive/1ab0f8f1239903889c7c408d8852d94084b085e3.jpg,14335329,BV18x41147fb,1505016059,2017/9/10,12:0:59,07:53,9999,2063,4552,358,13927
美国人在纽约唐人街找中式按摩，却找到很多大保健！,519,460955,//i2.hdslb.com/bfs/archive/00444220dec8cfdab128652bc8a8fcf3c66692c1.jpg,14297570,BV1Jx411477J,1504925621,2017/9/9,10:53:41,02:38,1806,636,1208,273,3353
美国吸猫少年在纽约伺候两只猫主子的悲惨人生。。。,289,250545,//i0.hdslb.com/bfs/archive/b1f64e88f9798fcb4a880e3bd4a1d91dcddfbfd5.jpg,14266437,BV13x41147Jq,1504838658,2017/9/8,10:44:18,03:04,1055,771,2082,421,4344
美国枪击失踪案那么多，这里到底安不安全？,824,582811,//i1.hdslb.com/bfs/archive/132d3db374f247fadc83d0405255626361dd29ca.jpg,14239065,BV1Qx411x7Sv,1504752313,2017/9/7,10:45:13,04:09,2500,2048,2826,475,7726
在纽约吃上海菜，葱油饼做的像披萨，没有中国正宗,641,308309,//i0.hdslb.com/bfs/archive/0908c8761222a3f649e6126729e7526109240831.jpg,14210567,BV1Cx411x7sG,1504662697,2017/9/6,9:51:37,04:05,2248,446,1273,85,1823
美国人带你去买美国“包子”，这是纽约人的早餐,693,453442,//i1.hdslb.com/bfs/archive/ac9335bde8652abe21edc3ca0af6edcc038852cb.jpg,14184769,BV1ix411x7Ev,1504583102,2017/9/5,11:45:2,06:37,3070,845,2281,205,5196
解释中国人对美国的误解，谁说我们不知道方便面？,2528,686082,//i2.hdslb.com/bfs/archive/b6d9b3241265611e9339eb5b5da3868bb4d1e349.jpg,14155099,BV1Kx411b78z,1504493911,2017/9/4,10:58:31,04:47,6259,1615,4144,334,4943
美国人带你去纽约网红餐厅，吐槽食物太奇葩，不如吃上海炒面,426,319781,//i2.hdslb.com/bfs/archive/586d7c041e718dda24f77c4067075539c8448cfd.jpg,14119770,BV1ox411t7S8,1504401772,2017/9/3,9:22:52,03:56,2328,427,1450,119,3267
美国人逛世界三大博物馆之一大都会，对中国藏品流连忘返,1064,263089,//i0.hdslb.com/bfs/archive/5aeffde21f05dfb724085bd913d21ff0a878c847.jpg,14087279,BV12x411t7eh,1504323515,2017/9/2,11:38:35,05:11,3926,736,1775,203,2878
带你们逛逛纽约的华尔街，这里竟然有监狱？,711,306001,//i0.hdslb.com/bfs/archive/9a2ab9225bd01a72e386095b7d795121944417fb.jpg,14014565,BV1Wx411t7nQ,1504171339,2017/8/31,17:22:19,02:57,1938,996,2531,406,3332
美国人学中文网络流行语，吃土，套路，老司机？一脸懵逼！,287,152020,//i0.hdslb.com/bfs/archive/c0862d1f13f3bb383217199628880c2b1a6670e2.jpg,14015525,BV1Wx411t7PE,1504145876,2017/8/31,10:17:56,04:23,1972,780,2955,337,3047
听两个老美讲美国孩子怎样考上哈佛大学，和国内考清华北大有什么不同？,1014,312373,//i1.hdslb.com/bfs/archive/0778ac3ad53b6531f70d42ef07c40c850de1f2e8.jpg,13980419,BV15x411t749,1504065802,2017/8/30,12:3:22,05:24,1893,2494,1632,533,3865
老美带你逛美国公园，居然偶遇中国假和尚！,722,243348,//i2.hdslb.com/bfs/archive/108e998b385f0e634ca66d16472333f1e5ad5dc5.jpg,13937969,BV1ux411t7yY,1503972002,2017/8/29,10:0:2,05:46,2873,667,2658,162,3375
老外对亚洲人审美真的很奇葩吗？听个老美告诉你真相！,1824,1441336,//i1.hdslb.com/bfs/archive/c925a972e22555b918bdb6b4153b68728ebdf54c.jpg,13897196,BV1ox41147hL,1503884744,2017/8/28,9:45:44,02:32,5424,3119,3869,932,8634
采访摩洛哥最大国民食物生产商，最后竟然一起讨论中国美食,254,159278,//i1.hdslb.com/bfs/archive/bdbc797988d026f76aeac41bea317d175c826539.jpg,13859064,BV1jx411879A,1503802184,2017/8/27,10:49:44,02:15,458,186,729,30,1651
美国人吐槽美国胖子：可以坐着生活一辈子！,1319,560283,//i1.hdslb.com/bfs/archive/200e329aa76f13b04f89cab6c133fa7e1dca72a7.jpg,13819555,BV1Px41187vb,1503714872,2017/8/26,10:34:32,05:17,6462,2127,3687,1949,5427
世界最大的食品展，为何中国展区让我很失望？,1739,698511,//i1.hdslb.com/bfs/archive/d7052aef47c3656a8165b084b4270508178a14b3.jpg,13778138,BV1cx41187ZH,1503637212,2017/8/25,13:0:12,04:14,4055,1678,4088,426,5121
美国犹太人带你探访纽约神秘的犹太社区，揭秘犹太文化,1020,302852,//i1.hdslb.com/bfs/archive/1205935d203c89300e920688e4505369df07465f.jpg,13738242,BV1Qx411b7AX,1503538461,2017/8/24,9:34:21,05:38,2890,1198,2182,452,5470
美国人做中国高考英语的反应，怎么做的一脸懵逼？,1212,436271,//i0.hdslb.com/bfs/archive/ae54dc119bdad358c1adb835f77d276f707af31b.jpg,13700635,BV1Bx411b7wr,1503456508,2017/8/23,10:48:28,04:23,3837,1541,1836,1567,4545
美国人一口气挑战三种辣条，点评结果出人意料！,1165,625435,//i2.hdslb.com/bfs/archive/d570ffffed1d719151a937792f812533806fc275.jpg,13620632,BV1cx411n7KJ,1503283977,2017/8/21,10:52:57,03:03,4958,1026,2128,540,6189
美国人挑战喝白酒二锅头，一口下去生无可恋,737,550726,//i2.hdslb.com/bfs/archive/5ef0fe4f7b5e5fe7cddd8e48f725c89a9667773f.jpg,13600750,BV1Px411n792,1503239144,2017/8/20,22:25:44,03:15,3512,604,2722,134,4676
美国人扮演中国妈妈，演绎中美两国妈妈的区别,1035,312348,//i0.hdslb.com/bfs/archive/90414d3ddbb3179933ad3353296a0cbe160edfe1.jpg,13579588,BV1Zx411J7r6,1503192990,2017/8/20,9:36:30,03:38,2165,3533,6109,2982,8990
美国的小费文化，美国人都真的喜欢吗？,1197,412813,//i2.hdslb.com/bfs/archive/f5688da27b3807e0f80e3593186eef164af06a00.jpg,13542847,BV12x411J7CP,1503111299,2017/8/19,10:54:59,05:09,1901,1353,1585,603,4297
美国人去川菜馆挑战吃辣，厨房直接加魔鬼椒，辣到哭,1396,721715,//i0.hdslb.com/bfs/archive/538680dfd4293bf276a6c67798c449268c2e51ed.jpg,13526279,BV1ax411J7Mr,1503074520,2017/8/19,0:42:0,03:14,6505,1028,2245,386,4997
美国哈佛律师谈：“碰瓷”在美国行不行的通！,981,311138,//i1.hdslb.com/bfs/archive/41cd9322c20745eb816ac1b022df5f3ee71fdff5.jpg,13464988,BV1Gx411J7SU,1502945346,2017/8/17,12:49:6,04:44,817,862,1383,130,3862
美国人挑战吃鸡爪，第一次吃鸡爪，真的有点害怕,275,376926,//i1.hdslb.com/bfs/archive/91c023794c52783078abaa88f0716e0a0a14dd98.jpg,13456897,BV1gx411J7hh,1502921641,2017/8/17,6:14:1,05:07,3187,498,3773,110,5416
犹太人挑战吃皮蛋臭豆腐，你们觉得我能不能成功！,605,494663,//i0.hdslb.com/bfs/archive/a8ac5e9d7a22665d04c360ec3a97e3efb1d4a568.jpg,13456735,BV1gx411J7sq,1502920994,2017/8/17,6:3:14,03:49,5163,515,1642,186,5834
纽约人抱怨最多的竟然是地铁？走进纽约地铁看看,890,338037,//i0.hdslb.com/bfs/archive/db083cb2fec4412ff0134c9e6c22779aafc176fd.jpg,13456581,BV1gx411J7E4,1502920918,2017/8/17,6:1:58,06:12,4506,912,2230,918,4101
美国人谈“杭州保姆纵火案”：我们遇到火灾怎么办？,184,142866,//i1.hdslb.com/bfs/archive/7d2a3ad7e539580c4ac8e287c3c7bdf4d7e86f78.jpg,12656857,BV1Ex411W7t9,1501178883,2017/7/28,2:8:3,04:36,888,443,1700,110,3144
美国人谈：我们要怎样取英文名字？避免不小心起到让老外尴尬的名字,824,329273,//i1.hdslb.com/bfs/archive/e8a2104f3b1293fc94de9ec3824a8ce958ef41e2.jpg,12655882,BV1jx411W7b7,1501174309,2017/7/28,0:51:49,02:23,1831,1290,1897,532,5030
纽约人不推荐的纽约景点竟然是时代广场！,764,406159,//i0.hdslb.com/bfs/archive/f2a06c9fb5785de7c4b43d6b04fe878d2ca49908.jpg,12655513,BV1jx411W79E,1501173040,2017/7/28,0:30:40,03:15,3129,1281,4755,1138,4931
人不如狗系列：在纽约银行柜台有免费狗饼干给狗狗,1956,369168,//i1.hdslb.com/bfs/archive/72c235fa4c7959a241dc60a1159543ba8300999b.jpg,12655105,BV1jx411W7Qh,1501171572,2017/7/28,0:6:12,05:52,4347,1055,5165,694,9828
