﻿title,comment,play,pic,aid,bvid,created,date,time,length,video_review,favorite,coin,share,like
蔡徐坤5套万元造型 小伙平价复刻 真变帅了？？,8734,1338388,//i1.hdslb.com/bfs/archive/2734160a61bad5dc4fc038251cb3837d2e051369.jpg,883496021,BV1fK4y1x794,1591954246,2020/6/12,17:30:46,10:07,77187,15991,52541,3742,211933
这四个up主 好有文化！ (第三期),7344,2653014,//i1.hdslb.com/bfs/archive/4444ef144776171e6f5ed3e5771b2f4b561d5787.jpg,925960892,BV1cT4y1J7kD,1591673261,2020/6/9,11:27:41,07:29,26805,32678,48656,8335,264224
潮瑞皇“欺负”新手老番茄 (第二期),4795,4925782,//i0.hdslb.com/bfs/archive/5aa2ffa71db9da674f8eade3d9bea69b8f29ad3b.jpg,540840537,BV1qi4y1s7pz,1590813704,2020/5/30,12:41:44,08:13,39074,44299,80976,10144,446701
拿姐怀孕了？我真的慌了！！,35438,7509754,//i0.hdslb.com/bfs/archive/b5277fdfa8b729dec313eeaafc9fd97d94b02d5c.jpg,200731108,BV19z411q7Go,1589941844,2020/5/20,10:30:44,10:36,168962,247193,1303617,35626,1081979
高中毕业，要前途还是爱情？多年后重逢。。。,5487,1903527,//i1.hdslb.com/bfs/archive/9486bc941a8adf41c2dddf01b9cec26163affbb9.jpg,413145213,BV1mV411k7H9,1589686236,2020/5/17,11:30:36,06:44,48222,22737,67834,5295,239794
up主因害怕脱发 选择直接光头！绝无PS！,6403,2374447,//i1.hdslb.com/bfs/archive/3330dc20b135388c7f26129d5f53ed0adce9c33d.jpg,540513739,BV1Ei4y1b7LQ,1589081456,2020/5/10,11:30:56,07:43,44922,25933,86936,11987,262561
两天！斥巨资！给老妈过50岁生日,3445,1606015,//i1.hdslb.com/bfs/archive/d0b0e63e93592003fb02994a624d37c995bba9d2.jpg,883121928,BV1LK4y187bW,1588392057,2020/5/2,12:0:57,09:33,27111,13237,46869,1936,161082
如果能过审 可能三个百大的号就没了！(第一期),9284,5687032,//i1.hdslb.com/bfs/archive/5e6c492f79be54ccc26aa48ac85a915ee9994be5.jpg,752963919,BV1Uk4y1r7Gj,1587870052,2020/4/26,11:0:52,12:28,43802,50538,101188,10521,400346
8年了她竟然说出热恋期最尴尬的事,2526,1862550,//i0.hdslb.com/bfs/archive/386059c3ff40079d61a10c5cb88eeb935b6f26a9.jpg,882760851,BV1DK4y1r7Jp,1587463235,2020/4/21,18:0:35,08:47,22863,8868,18997,3230,126432
百大UP互殴现场！,14330,7294214,//i2.hdslb.com/bfs/archive/87ada8eba8cc03d75a7b2404b91ad6ea1ddb50ec.jpg,412787851,BV1NV411Z7S1,1587052559,2020/4/16,23:55:59,04:35,61808,128570,219713,34574,556490
拜师欣小萌 up主带小舅子化身妖男演绎《YES!OK!》,5379,2049499,//i0.hdslb.com/bfs/archive/5c91c86a81f53563b961eb0ded572f41ff7056c3.jpg,667761934,BV1Ca4y1x7jH,1586926809,2020/4/15,13:0:9,12:38,66468,35643,143533,9879,269922
这次真的没人能顶得住！！不要抽到挑战 2,5094,3690995,//i1.hdslb.com/bfs/archive/e5170cc85b867f938e3c04fb9780c2323367afa0.jpg,412654002,BV1WV411o7xt,1586425026,2020/4/9,17:37:6,12:45,52691,43917,97984,8094,338253
小舅子出门了 终于有机会整蛊他了,3506,1516787,//i0.hdslb.com/bfs/archive/c85e371d097bc4454667ec66ae192b0dc84f22be.jpg,327561982,BV1cA411h7Fe,1585651321,2020/3/31,18:42:1,06:25,19263,8091,23966,1939,134664
不 要 抽 到 挑 战,4605,2285427,//i2.hdslb.com/bfs/archive/86170c4ab06c171c644925b2ab4943c210f462f1.jpg,667618509,BV16a4y1t7pp,1585363473,2020/3/28,10:44:33,12:38,47816,32257,111998,11880,342604
亲情 爱情 兄弟情 一个晚上全破裂了！！！,6396,2611868,//i2.hdslb.com/bfs/archive/7d78a708068ad10199249fcb93a027ff843733b5.jpg,98192883,BV1LE411w7Ld,1584791946,2020/3/21,19:59:6,13:42,53683,24198,82750,7288,395519
发现女友偷偷买暴露的衣服我该怎么办？先替她试一下！,4616,2226582,//i2.hdslb.com/bfs/archive/3e4dc6c3a0bdf297c6eff772b8c96600069cb8e9.jpg,95889183,BV1SE411573d,1584070179,2020/3/13,11:29:39,09:48,69064,18905,74759,11347,259052
开心！up主哥哥在韩国出道？,4885,1646345,//i1.hdslb.com/bfs/archive/59d3b4dd2aa6f7b88cd099a111f7c0583499513e.jpg,94376530,BV11E411u7Ze,1583574332,2020/3/7,17:45:32,08:54,133036,13135,35492,4895,198147
12年没开过的箱子 鼓起勇气在她面前打开！,6301,1978416,//i2.hdslb.com/bfs/archive/c03ea6d841ed7a8c2f502da32c21222679016853.jpg,91613448,BV1y7411T73e,1582626889,2020/2/25,18:34:49,09:08,73103,25323,111704,5323,298084
武汉粉丝送的情人节礼物 玩这个我们还能再宅14天！,5305,1865757,//i2.hdslb.com/bfs/archive/bc69b66f90805012ea2690b3b96a67680210cf6f.jpg,88858106,BV1s7411G7HL,1581651619,2020/2/14,11:40:19,12:51,69674,61783,297222,17049,320911
没疯！在家叫陪玩 我还能再宅14天！,7501,2603300,//i1.hdslb.com/bfs/archive/d6ca3cfdc6cbaeb77f375cfd8a74029a6243a5ea.jpg,87901269,BV1n7411473Y,1581307506,2020/2/10,12:5:6,14:02,148968,38491,126856,33076,342443
只能带回来100件 也算没白去！,3013,1317127,//i0.hdslb.com/bfs/archive/facd27e6fb80f91b057646e7c0c833dd82c02598.jpg,86501084,BV1a7411s7v6,1580728444,2020/2/3,19:14:4,12:43,14508,45012,225044,2841,216422
我 在 百 大 求 婚 了,16797,6285469,//i2.hdslb.com/bfs/archive/b60570766b51a0b789d97b1f3b9d219906e90cf6.jpg,84424891,BV1Q7411Y7YM,1579601918,2020/1/21,18:18:38,16:29,201557,235884,1028090,42275,896144
住40000元一晚的思南公馆 我感觉自己有点飘！,3075,2935541,//i0.hdslb.com/bfs/archive/02e7a1a1eb17a6b3e20ef9267ddb388a311c897e.jpg,82984284,BV1JJ411p7aR,1578737625,2020/1/11,18:13:45,10:19,18322,22904,86353,10615,229384
对不起兄弟！我不该在跨年聚会上先动手。。。,3547,2142041,//i1.hdslb.com/bfs/archive/9cf7f321cb7d665f27f3c1b38d20cd5841e08e34.jpg,81974546,BV1FJ411779k,1578110415,2020/1/4,12:0:15,12:43,25470,17864,53177,3640,150675
给审核女友送早餐 发现她竟然穿汉服上班！,3204,2177965,//i1.hdslb.com/bfs/archive/06676e14e7a52c59776fd03fb7c243bbc056421d.jpg,80382389,BV1TJ411x72r,1577178044,2019/12/24,17:0:44,09:37,25205,21419,92599,3095,195799
直播带货太火了 百万up主转行卖女装 当场被认出！,1623,1124609,//i2.hdslb.com/bfs/archive/713b0cdb6952a351fd5c90c92b25121546f3cff8.jpg,80026938,BV1fJ411x7xt,1576922433,2019/12/21,18:0:33,10:45,17727,7876,37028,1378,100768
爆笑！第一次和女友玩游戏 她竟然一直在开车？,3029,2992626,//i1.hdslb.com/bfs/archive/e35d3ea50f7d7b1c68eadfdf22298221a1989025.jpg,79644071,BV1FJ411r7uw,1576663229,2019/12/18,18:0:29,11:10,20859,27094,90875,20230,229654
【浮生一顿饭】杀青！炸裂！欠的女装早晚都要还的！（第三集）,1040,710013,//i2.hdslb.com/bfs/archive/8588597f13bfba0d5124db067e45e3d259f997a8.jpg,79100589,BV1eJ411C7rw,1576314028,2019/12/14,17:0:28,69:09,12162,2965,5052,2083,28701
情侣间千万不要玩倒放挑战！真吃醋了。。。,1678,2608745,//i2.hdslb.com/bfs/archive/17e11e48cff98d28c28153f363d2bc76cf734f59.jpg,77830714,BV1RJ411z7DX,1575372402,2019/12/3,19:26:42,09:29,11208,14003,36525,8884,141247
惊了！百万up主今年最后1个flag竟然是...,1222,1810203,//i2.hdslb.com/bfs/archive/9ac272a85fbf65ab82b7517c84036cf21190da77.jpg,77839188,BV1ZJ411z7nT,1575345621,2019/12/3,12:0:21,06:55,9320,9106,9015,2872,71017
售价竟然要2000万 我们终于搬去上海市中心了 杀价心得 干货满满,4904,4593097,//i2.hdslb.com/bfs/archive/fbd0a28fe522a652b9916409425ab9b38bcd6995.jpg,77281651,BV1VJ41197CF,1574933414,2019/11/28,17:30:14,12:56,39754,59302,242917,15114,405477
教640万粉丝up主拍vlog是种什么体验？进来学习【ft.LexBurner】,1857,1412021,//i2.hdslb.com/bfs/archive/e3713d0e3acfc07ef3a94aed2ca989d43f75264e.jpg,75888215,BV1qJ411U7Vw,1573899839,2019/11/16,18:23:59,10:03,14603,16010,20617,2320,100589
听说玩滑板的妹子特美 带她去体验一下！,1131,874463,//i1.hdslb.com/bfs/archive/8bdd1cbaf271622504dba9db5921462b5713e556.jpg,74632552,BV1HE411B7MT,1573034414,2019/11/6,18:0:14,07:11,5227,4368,12146,1336,51143
高铁上给公放视频的人送耳机 让他们别吵 会被打么？,18179,2677378,//i2.hdslb.com/bfs/archive/37246d33b796d81bcb10e1abfc324c0069a7a827.jpg,74422131,BV1WE411b7fw,1572774762,2019/11/3,17:52:42,10:14,37548,54667,238775,10993,372988
情侣互换身份 她竟然做了90%男生做过的事！,2010,2011644,//i2.hdslb.com/bfs/archive/24c4781cbee9985ef9b97f735926788f4c0c47f6.jpg,74039286,BV1KE41187Ck,1572519618,2019/10/31,19:0:18,10:38,18751,31715,90190,11697,174777
当我们爱上换装 竟然穿出门去买菜！,1497,979612,//i2.hdslb.com/bfs/archive/ed2f5b632314e240c2fdd0deafc9a016e530dd56.jpg,73475804,BV1qE411a7MU,1572087616,2019/10/26,19:0:16,07:24,14771,7536,27888,1565,102620
见到黄晓明本人是种什么样的体验？他好温柔！,3752,2018808,//i1.hdslb.com/bfs/archive/093fa88807b93abba8ab958e7ea4389a9e93b0d9.jpg,73249793,BV19E411y7nC,1571908831,2019/10/24,17:20:31,08:22,16854,19252,47348,5501,194779
带女票回小县城爷爷奶奶家 富三代身份首曝光！,5185,4237752,//i0.hdslb.com/bfs/archive/6a3bcf192e1906f44656e1825bd33d2facc8dab9.jpg,71756579,BV1xE411k7SG,1571486359,2019/10/19,19:59:19,10:12,22337,21176,104235,3386,291385
百万up主穿洛丽塔和汉服去BW 被围堵好害怕！,2341,1719487,//i0.hdslb.com/bfs/archive/8062425c3f2292bf4889a19364a15644d1d999ca.jpg,70471080,BV1cJ411c76e,1570447494,2019/10/7,19:24:54,09:13,11529,23348,108572,2041,184334
爆笑！情侣空中瑜伽比翼双飞 如同两只幺蛾子！,1633,1014789,//i1.hdslb.com/bfs/archive/4f1b9198619004580bd6763f089ea44ef6ee413b.jpg,69907596,BV1oE411Q7xc,1570095061,2019/10/3,17:31:1,08:32,14026,14038,51667,3878,168461
亏爆！花5000元就想成为偶像？小鲜肉专属化妆师帮我打造！,2926,1235355,//i0.hdslb.com/bfs/archive/132a11d2c420d88781119700cb20286dc7323ae6.jpg,69645047,BV17E41197mb,1569925993,2019/10/1,18:33:13,06:32,27581,14295,52232,3228,138248
深入倒闭20年游乐园废墟 打破迷信，晚上6点前不出来能怎样？,2027,1194223,//i0.hdslb.com/bfs/archive/bd0a2e52795a3cc978bb4788e45cfae16d16b1f0.jpg,68486684,BV1DJ411u72x,1569054772,2019/9/21,16:32:52,19:42,23106,9747,22348,1813,96876
爆笑！约会一天只能说五句话是什么沙雕体验？,4544,3443591,//i0.hdslb.com/bfs/archive/dc6e8ed0f26d3f52d677edeef741f9589aed7ec2.jpg,67720036,BV1PJ411A7QX,1568452791,2019/9/14,17:19:51,08:30,27007,45176,139438,50998,340490
盲目自信！狂妄自大！难道都是因为血型？,1946,692519,//i1.hdslb.com/bfs/archive/2a4369a78cbe8686a40549ce96b190e475d5d34a.jpg,67560743,BV1dJ411P7mr,1568366403,2019/9/13,17:20:3,09:07,13681,5478,16153,1690,67510
"不能对女友说""不""的旅行 七年感情能否经住考验",2574,1503748,//i2.hdslb.com/bfs/archive/1cf6a1644eaca64fd1ebd32c46f830cf17e2f220.jpg,67003281,BV1u4411C7MK,1567914343,2019/9/8,11:45:43,13:14,25995,12621,39800,3978,98570
问粉丝5个问题 全答对就拿走5000元 答错一道一分没有！,8170,818134,//i0.hdslb.com/bfs/archive/efd8537e3df7f56c3d97d5e71d13024af14213e2.jpg,66876898,BV1b4411k7dN,1567829714,2019/9/7,12:15:14,10:30,10548,12233,46292,755,147420
丢脸！去B站演讲 300人教室却只来86人。。。,1723,986063,//i2.hdslb.com/bfs/archive/3cb0d91500c85f85318620a3be560d1827fe2228.jpg,66663448,BV1L4411y7g3,1567655456,2019/9/5,11:50:56,08:05,9792,15466,50866,740,79293
变形兄弟大结局，尔虞我诈到此结束！,6261,2333474,//i1.hdslb.com/bfs/archive/3c2d37a06b17cb63bb936e6e325be8d0fc9ab8ae.jpg,66153491,BV1S441127JE,1567244912,2019/8/31,17:48:32,22:56,100423,51515,156949,5435,189353
我觉得我就是全网最像黄晓明的人 你觉得没有用！,7994,3313287,//i2.hdslb.com/bfs/archive/1ab6a26a286332b9634ef9a61c9a3b869e6951dc.jpg,65739364,BV184411z7Dc,1566985082,2019/8/28,17:38:2,07:14,36807,70184,181776,34579,353063
在便利店呆24小时 最终为何沦落睡大街？,2738,1153338,//i1.hdslb.com/bfs/archive/316d4949563cb4091c7a79e8446a27b318259629.jpg,65393816,BV1L441167mA,1566792002,2019/8/26,12:0:2,12:10,21548,21562,88292,2025,158454
小翔哥喝世界上最难喝的水，喝一口直接喷出来，你敢挑战吗？,6530,3243226,//i0.hdslb.com/bfs/archive/28fb5dfa576ae72d8b4c6ff892426bf2cbc21918.jpg,65317574,BV1w441167Vy,1566729795,2019/8/25,18:43:15,26:11,60362,25573,69957,3257,138052
小翔哥第1次玩游戏，没想到智商爆表，爆捶变形兄弟,8072,3469366,//i0.hdslb.com/bfs/archive/2e8f3524c44de3ed7d44f5ca498b4233a8261c26.jpg,65030427,BV1N4411r7Ng,1566559030,2019/8/23,19:17:10,27:58,94564,29850,77097,4771,173637
徐大虾表白中国boy！,10744,3489946,//i2.hdslb.com/bfs/archive/f7e7615344d9662007e929c6b36a84715741c2ab.jpg,64283044,BV1N4411o7wa,1566123732,2019/8/18,18:22:12,36:14,124227,51586,135101,9087,202864
1000万粉丝UP主们互相整蛊！！中国boy掌控全场！！,9708,4046767,//i1.hdslb.com/bfs/archive/39219c9cc323cbc29d3fc79fda96c3c8c0ca47d9.jpg,63923749,BV1D4411U7fZ,1565946052,2019/8/16,17:0:52,34:42,90609,38101,89290,8570,175549
注册所有变形兄弟的商标 竟然有人注册不了！,2985,788228,//i2.hdslb.com/bfs/archive/788c4bfd7239c993a6a9c2d29aa661e00f082434.jpg,63085822,BV114411X7Qu,1565435278,2019/8/10,19:7:58,05:34,11244,4198,10205,440,51679
携手力元君看展 竟然偶遇PDD！,2846,1399027,//i0.hdslb.com/bfs/archive/a48ba1d3a84b5f36ddba02dafe5ba1f4832d919d.jpg,62257674,BV1gt411M7BW,1564970429,2019/8/5,10:0:29,08:52,15992,7127,18224,789,87601
对不起！我们退出变形兄弟了,5796,2723665,//i1.hdslb.com/bfs/archive/60732d2b39290779ed6cf67c2a018b001503cc51.jpg,62064622,BV1At411g7nc,1564839610,2019/8/3,21:40:10,43:10,60159,18523,44515,3175,113847
Why？外表甜美女生 交往后竟然变成这样！,3425,2910820,//i0.hdslb.com/bfs/archive/035a456c94a6e4cc2f75cac05822db046cf57f0d.jpg,61699972,BV1o4411f7r3,1564650013,2019/8/1,17:0:13,08:38,19397,17503,47467,3716,145872
尴尬！游戏输了 三角泳裤街头走秀,2989,1614578,//i2.hdslb.com/bfs/archive/6151a12f0378dafe0bdd5ef85196405fb68236e6.jpg,61008389,BV1tt411P7T1,1564228553,2019/7/27,19:55:53,36:36,31011,22188,94161,1724,115134
送粉丝5000元去高档餐厅吃饭 服务员:您吃得起么？,11774,2413349,//i0.hdslb.com/bfs/archive/62973a06197580be686d1512e5505203e4dd12c2.jpg,60658391,BV17t411j7g9,1564045246,2019/7/25,17:0:46,14:55,41874,37942,159227,1675,349193
和力元君去洗脚 没想到技师竟然也是up主！,2188,1537519,//i0.hdslb.com/bfs/archive/a2b5071185b4e6cbd4bbff3418f20775bd09adc4.jpg,59962967,BV1it411n7yE,1563613248,2019/7/20,17:0:48,27:37,30701,19774,84237,4783,124325
【莽吧！变形兄弟】6位up主如何在5天时间内感情破裂,5003,3083030,//i1.hdslb.com/bfs/archive/1c20f161dfa1b2f6a318b12ef080880178fd2347.png,59645690,BV1Pt41137EH,1563440408,2019/7/18,17:0:8,01:52,11666,17329,34682,5009,122628
为啥？华为竟然找我去拍广告！,5740,926048,//i1.hdslb.com/bfs/archive/a47de029cbea8bee6ecb3386a338b34de92fef76.jpg,58619106,BV1gx411f7gH,1562753777,2019/7/10,18:16:17,08:05,17038,13089,40282,1859,65065
up主众筹100万做游戏 评分9.8赚爆了！【互动视频】,4722,2327239,//i0.hdslb.com/bfs/archive/12d3c651dec24b9102ec0142d1bf36d2c6e5dd25.jpg,58330510,BV1h4411F7m7,1562571660,2019/7/8,15:41:0,15:51,50607,79830,181815,6054,223337
自闭！粉丝提供给我素材 还骂我垃圾！,1602,951110,//i1.hdslb.com/bfs/archive/d4e694657ea4f4c7daa9cceeb2ccaa9fa519735b.jpg,57962547,BV134411c7sq,1562327156,2019/7/5,19:45:56,12:47,8164,7531,26138,1088,59432
一月涨粉30万 压力太大 如何发泄 up主经验分享,3057,796861,//i1.hdslb.com/bfs/archive/4a9c3405e25d849484e1d0e8a0f1266cbef961e2.jpg,57248975,BV1fx4119759,1561808731,2019/6/29,19:45:31,13:33,21139,7092,27741,651,54200
带女友去推拿正骨 谁叫谁喝醋！,1568,816614,//i0.hdslb.com/bfs/archive/402fe811978f2f4e42fd55824330a838c54aad79.jpg,56329061,BV1m441137hv,1561123100,2019/6/21,21:18:20,08:23,10902,4539,14911,974,43773
三年前黑历史惨遭曝光 对不起大家！我该怎么办？,1913,1250506,//i2.hdslb.com/bfs/archive/bf886bd86b191b420ab92b12024eb2640c278237.jpg,55818555,BV1a441157jn,1560699140,2019/6/16,23:32:20,09:11,13548,5985,19100,705,56037
送认出自己的路人1000元 送不出去？还是送到破产？,2947,1286932,//i2.hdslb.com/bfs/archive/1255fe82534447654ca421cc53eb9ae6502de778.jpg,55566278,BV1F4411N7jH,1560508613,2019/6/14,18:36:53,08:28,10788,29707,96140,1076,180972
高考完8年后再坐同桌 挑战默契出大问题,1915,1030922,//i1.hdslb.com/bfs/archive/8529ac1ac5c7339ec4f4073c6f14e2d97ca501a2.jpg,55074628,BV1g4411N7Ae,1560074949,2019/6/9,18:9:9,10:48,9484,7081,20429,1907,46604
史上最骚城市猎人 管的了B站考的上复旦,2112,2021837,//i2.hdslb.com/bfs/archive/d9fc7956de95b11a2d63cccd799af82dd4130542.jpg,54813877,BV1a4411K7eM,1559899508,2019/6/7,17:25:8,12:24,16849,20977,21029,2197,91640
随机送路人1000元 他们竟然买这些！,7098,667975,//i2.hdslb.com/bfs/archive/0b8e439cdf5c2483ca3c13079c781ec837eb6ef5.jpg,54259690,BV1b4411p7ay,1559382124,2019/6/1,17:42:4,12:07,5123,10271,47196,1002,84312
B站40w账号 送恋爱七年女友,3288,2470519,//i2.hdslb.com/bfs/archive/d0c392c8e367e821c76e3e407c79015e040567a3.jpg,53528548,BV1M4411s7Tk,1558776957,2019/5/25,17:35:57,08:57,22978,8168,21167,1774,77439
七年女友 首次出镜 当场发飙 差点分手！,8443,4892847,//i2.hdslb.com/bfs/archive/eced0a930456fa055c82f174523bea4bb6a1c464.jpg,53070781,BV1W4411j71E,1558347147,2019/5/20,18:12:27,11:42,22805,29642,69852,7674,182674
直男审美的潮牌大采购 说实话这次花的有点多。。,1075,328770,//i1.hdslb.com/bfs/archive/763edb611a91ef9e2210be88580ec82b81b38fa2.jpg,52688596,BV1S4411J7xV,1558085441,2019/5/17,17:30:41,08:12,7251,1532,4476,381,14759
后悔！为什么要让粉丝决定我的一天 搞我？？？,3461,1084466,//i1.hdslb.com/bfs/archive/d78caa98f8239363ad41924bcd7b85378d95eb59.jpg,52492395,BV1U4411E7eC,1557892822,2019/5/15,12:0:22,14:43,17037,17890,89536,1586,94061
揭秘！Up主变形记里谁打球最好 暗影球怪正式易主,1037,575961,//i0.hdslb.com/bfs/archive/6bce9922f46a8ff9cf74280c4f7bae55ba0fbaa3.jpg,52365679,BV114411a7Rg,1557743351,2019/5/13,18:29:11,08:14,4559,2711,6034,636,21314
香港约会好甜蜜 互相给对方买衣服,1401,678838,//i0.hdslb.com/bfs/archive/4dbfe3d20d3ffe17a228b85980625aa5f5cff4a1.jpg,52150082,BV1n4411e7Px,1557575668,2019/5/11,19:54:28,13:58,11164,3602,8258,646,29554
太惨！4小时飞机去越南理发 刚到就被骗【越南VLOG】,2430,543641,//i1.hdslb.com/bfs/archive/4542c87570676688da635bc0799e27a41639b380.jpg,51977733,BV144411Y7XM,1557480627,2019/5/10,17:30:27,12:45,16151,5949,30613,2573,38385
B站竟然送我去见曾轶可 第一次参加音乐节如何尬嗨,1356,353117,//i0.hdslb.com/bfs/archive/a35a1499c947281f49bafdc87c9409c052607647.jpg,51402678,BV1y4411v7co,1556960443,2019/5/4,17:0:43,08:40,6002,2207,7213,517,20548
毁容？农村老宅住了五天 up主真的变丑了！【up主变形记】,1647,570725,//i0.hdslb.com/bfs/archive/800a6088715a69d2a902f66d4193a67aaf9290f2.jpg,51008877,BV1n4411t779,1556703019,2019/5/1,17:30:19,17:26,19660,6768,22910,445,37408
崩溃！Up主在农村呆四天就受不了了 真娇生惯养【up主变形记04】,1413,559437,//i0.hdslb.com/bfs/archive/edae56e796863ce1a83ca5f052a28bf0cbbb0c89.jpg,50716131,BV184411b7Dg,1556423408,2019/4/28,11:50:8,12:41,5323,4400,9690,464,25146
自闭？徐大虾竟然带我去蹭饭【up主变形记】,1523,613774,//i0.hdslb.com/bfs/archive/79eda0bd8e72036fe7c0901751dde6ca3f91e421.jpg,50514051,BV1g4411h7jF,1556272839,2019/4/26,18:0:39,17:13,9461,6756,19650,614,37230
每天一遍，防止抑郁。我走出了阴霾，再也不自卑。,2046,555171,//i1.hdslb.com/bfs/archive/c250a581defaa6fc2b52247108eae1e2a10e4581.jpg,50245648,BV1sb411G7A8,1556009720,2019/4/23,16:55:20,07:14,5653,7924,26670,4494,36030
成员竟然中途放弃！变形被迫中断【up主变形记】,1571,778226,//i1.hdslb.com/bfs/archive/a5a05da4ea70b2897f40855da00ed37a217d1189.jpg,49941768,BV18b411V7yf,1555761712,2019/4/20,20:1:52,19:33,8767,6623,16077,693,33277
6位up农村改造 揭露他们人性的弱点【up主变形记】,939,742737,//i1.hdslb.com/bfs/archive/f4c38c8ee7dfe6ca29973ae5d97f09d0306844d7.jpg,49811233,BV1Sb411G7oq,1555675409,2019/4/19,20:3:29,19:39,9483,6588,12045,1208,31428
尴尬！假车模如何用帅气逼退真车模 阿斯顿马丁兰博基尼难取舍,682,396963,//i2.hdslb.com/bfs/archive/fe09a8ce9bcb18493cd9946833e0bad4e0a4bf56.jpg,49647126,BV1rb41157cA,1555515561,2019/4/17,23:39:21,07:14,4646,2063,7305,411,16707
【up主变形记】看6位叛逆Up主如何在农村改造，重新做人！,4340,2863013,//i2.hdslb.com/bfs/archive/c3f48c6f2bdd73aade6f8440e38f547451af3816.jpg,49548358,BV1gb41157q8,1555493426,2019/4/17,17:30:26,02:29,7237,30790,56793,5456,119414
后悔！随机挑战千万别让路人做决定。。。,1027,461434,//i2.hdslb.com/bfs/archive/45fca1fec29c62c30fae293180819cce006ce4ac.jpg,48371005,BV1Db411g7Cm,1554459106,2019/4/5,18:11:46,14:41,8429,3577,13486,1003,26616
竟受邀参加时尚活动 谁还说我土？！,528,174355,//i2.hdslb.com/bfs/archive/d9254059a33450d6c876337bf38d80beeede2376.jpg,48120912,BV1Sb411p7XV,1554263134,2019/4/3,11:45:34,07:09,1826,1017,4826,334,9983
我还没有做好准备 就要生孩子了,6253,3539999,//i2.hdslb.com/bfs/archive/e3669cd81948a713a0c8de2c4cdeca786ebdc9e5.jpg,47666671,BV1Xb411x7bM,1553856625,2019/3/29,18:50:25,08:03,46371,27524,75388,22772,181882
差评！打电话投诉 明明只要面包 却送来完整汉堡,1407,444399,//i2.hdslb.com/bfs/archive/32e336b22521700bacc6110354426950bbef1032.jpg,47327307,BV1fb41147zY,1553513405,2019/3/25,19:30:5,07:33,4800,5949,47205,2379,42954
花几百万上学 最后做个up主 值么？,1643,281083,//i0.hdslb.com/bfs/archive/54d2625adbd06fedd497473c5f85a24d42b1e923.jpg,46509249,BV1Nb411n7oj,1552794324,2019/3/17,11:45:24,11:22,3713,5679,15198,1202,20421
山东综艺真的土么？反正我看哭了！,4990,743857,//i2.hdslb.com/bfs/archive/4160f6a070b6aae195bde72bf321dc73c8d64229.jpg,46078060,BV1cb411v7eu,1552380272,2019/3/12,16:44:32,12:55,14966,7824,17463,7191,29638
别模仿！！特制猫饭猫不吃 那只能自己吃了 (ft. 蒂姆嘟嘟Tim),499,173691,//i0.hdslb.com/bfs/archive/7511159763595bb72fddce0129599504a5def54f.jpg,45266351,BV1db411B7Wh,1551615599,2019/3/3,20:19:59,12:38,1594,839,2719,460,7331
震惊！百人参加的比土大会 你来决定谁是土王,1785,204821,//i2.hdslb.com/bfs/archive/b25666cfebe7fa96dcf71a6fe3a5c359d114aed0.jpg,44532611,BV18b411a7wZ,1550979927,2019/2/24,11:45:27,12:12,2871,1110,3287,919,8016
迪拜Vlog | 发财了？竟然在沙漠里捡到它 差点淹死在塞舌尔！,498,296613,//i2.hdslb.com/bfs/archive/ea5a717dc67353a5f284070f8d0a693aec43569b.jpg,44075525,BV1Ub411a7Xb,1550569120,2019/2/19,17:38:40,08:43,2096,2785,10277,531,14958
迪拜Vlog | 如果有一天我老无所依 请把我_____!,1297,488748,//i1.hdslb.com/bfs/archive/d69412028a46be692f9f84d6d8717ab4ccb0c721.jpg,43714561,BV1Nb411m7rz,1550288757,2019/2/16,11:45:57,08:06,2592,4388,26896,576,29695
笑死了！500块买齐衣食住行四样奇葩年货【好孬物】,874,136812,//i2.hdslb.com/bfs/archive/2c5fd27d58c32b3981b7caa0b05f8ada2755b0fd.jpg,42086192,BV1Kb411y7CW,1548819945,2019/1/30,11:45:45,19:09,3216,1508,6107,762,7672
丢死人了！带橘猫洗澡竟然发生这么尴尬的事,346,137029,//i2.hdslb.com/bfs/archive/e83ab4c34ccb26f8e76f0c53be92920e2e937b9c.jpg,41836048,BV1Kt411t7i8,1548583842,2019/1/27,18:10:42,09:52,1180,887,4368,419,7471
穿衣数量比拼 40件都能输？一群狼人！,1478,201912,//i0.hdslb.com/bfs/archive/479cf1d52f97549fabac915a6812407a1a7d7818.jpg,41541315,BV1jt411b7yg,1548322202,2019/1/24,17:30:2,15:15,4538,5258,22319,5689,20303
搞笑区大胃王挑战美食圈小胃王 到底是谁吃吐了？(ft.大胖和软软),651,254171,//i1.hdslb.com/bfs/archive/ae9c4d4f48c3bc92bc446c380a2dc5cf0007804f.jpg,41179037,BV1Mt41187Mh,1547955023,2019/1/20,11:30:23,17:29,3736,1232,5085,659,9453
7500在上海租这样的房子值得么 |上海Vlog,418,120423,//i0.hdslb.com/bfs/archive/4d4324316f85dc9c30f6b705aad2b0907d33adc4.jpg,40450983,BV1Xt411p7FS,1547200227,2019/1/11,17:50:27,13:12,2062,2573,8600,371,8766
泰国民宿半夜灵异声响好瘆人 不是标题党 |泰国vlog,852,243710,//i0.hdslb.com/bfs/archive/ed06d69bee63bbcd55602577d4f9de6cbf6b727e.jpg,40202614,BV1Mt411s7aW,1546939811,2019/1/8,17:30:11,15:51,3274,4905,13559,531,14932
在泰国只穿内裤做精油按摩 太诡异了 |泰国Vlog,648,299409,//i0.hdslb.com/bfs/archive/38584a6a51ae4ab12dc7b6e4d3519696f7239a2c.jpg,40034569,BV1Zt411x7bw,1546745702,2019/1/6,11:35:2,10:52,2669,903,1741,443,4921
去了楼顶才知道 为何女装在B站这么火！,311,97792,//i0.hdslb.com/bfs/archive/5f9cec6ecd215462abfda7ce79cd0318d309bb19.jpg,39412170,BV19t411z7tA,1546161054,2018/12/30,17:10:54,05:45,600,402,962,279,3548
小伙挑战做美甲 竟然从此爱上了？ (ft.力元君),582,223684,//i2.hdslb.com/bfs/archive/f6d3285b1512db661830b022d2017c27b7d22661.jpg,39269796,BV1ct411k7uf,1546055100,2018/12/29,11:45:0,09:10,2590,1318,3723,1090,10418
40万粉up主被偷拍 现实一面遭曝光 (ft.水蛭_JogsLeech),1062,315307,//i1.hdslb.com/bfs/archive/7983a0d93e0f5cedecb0909f2fd211fa75191a55.jpg,39180983,BV1pt411r7Wm,1545989458,2018/12/28,17:30:58,14:58,2934,2721,8004,803,12337
带猫打针被嫌太胖 我不要面子的啊？,483,340997,//i2.hdslb.com/bfs/archive/5705c76de5c81d529d3062182d4663cf23c72feb.jpg,38146655,BV1Lt411i7dP,1544794563,2018/12/14,21:36:3,09:43,1343,1731,5989,613,14498
由可爱变羞耻！一张跨越次元的合照,307,68219,//i2.hdslb.com/bfs/archive/b0c85899100ad7dd356f68b1b8d8ae1b8200c445.jpg,37586327,BV18t411S7Sr,1544174455,2018/12/7,17:20:55,07:31,984,800,4382,409,5414
崩溃！直男估价75根口红 竟然这么多钱！,471,145094,//i1.hdslb.com/bfs/archive/400cc56d10cf07d4817dd637e4831d48e39c3276.jpg,37172070,BV12t411X7AJ,1543660931,2018/12/1,18:42:11,09:33,2302,694,2810,1162,5789
据说！B站333福袋开出这个就不亏 这波算欧么？,541,93188,//i1.hdslb.com/bfs/archive/efb9899da5e3baff9ce161956d60362e62dbe8d5.jpg,36904737,BV1At411R7B9,1543395651,2018/11/28,17:0:51,07:20,1182,478,2267,374,3914
模仿淘宝模特 沙雕boys爆笑比拼“30秒高速摆拍”,643,92451,//i0.hdslb.com/bfs/archive/9529a790342f00f387e1208a7e3c0fbc8b1b1f3f.jpg,36620401,BV1pt411y7pm,1543029918,2018/11/24,11:25:18,11:02,2522,1330,4810,1352,6057
【不要笑挑战】不看快手了 国外抖音更尬！,906,784815,//i2.hdslb.com/bfs/archive/c3d7702edcd0b4a80ca6056b71f01ecca554a53f.jpg,36205546,BV1Zt411y7Pc,1542511540,2018/11/18,11:25:40,08:52,6267,2936,4247,1367,21858
快本之旅幕后大揭秘 复盘那些被剪掉的尴尬镜头,1036,1178531,//i1.hdslb.com/bfs/archive/0325bf70f2f8caf725ca98099ca35510e7421dee.jpg,35841654,BV1tt411U7Ay,1542029630,2018/11/12,21:33:50,14:18,5648,5918,6715,1637,45668
购物车里为啥有防弹衣？【好孬物】,542,87273,//i1.hdslb.com/bfs/archive/603ed6a11159bd84a74483065c70cf0c45d7d5ae.jpg,35686931,BV1St411m7Vd,1541851444,2018/11/10,20:4:4,13:08,1370,598,2189,512,3509
Up家里有矿么？告诉你们矿在哪！【Q&A】,795,129935,//i2.hdslb.com/bfs/archive/a365a51308cdf0cd8f716c79482144d448a2d7f6.jpg,35250851,BV1eb411w7Tm,1541302249,2018/11/4,11:30:49,15:30,3150,756,2647,282,5480
慎点！挑战万圣节最酷特效妆容,530,61425,//i1.hdslb.com/bfs/archive/953e9dab7ce8ddce21ac731778e5e5171c8d62cf.jpg,35128537,BV1Nb411w7Dq,1541156458,2018/11/2,19:0:58,07:39,1727,1461,6503,882,7130
教练可不可以不要勒这么紧 内含锦鲤【台湾vlog】,347,65856,//i2.hdslb.com/bfs/archive/87d93a905b6c809640916b99e535a68fd405dbbf.jpg,34598507,BV18t411d7ew,1540524603,2018/10/26,11:30:3,07:34,968,750,2683,204,3781
有了这台机车 我就是全花莲最靓的仔【台湾花莲vlog】,792,79790,//i1.hdslb.com/bfs/archive/c820111451c4b9b39e254f10526b435d6ff7a77a.jpg,34391130,BV1tt411R7T6,1540218521,2018/10/22,22:28:41,12:24,2183,1433,4560,411,5084
男女朋友面前 想放屁怎么办？,1204,231668,//i2.hdslb.com/bfs/archive/b28333759090e9a4688f1f3aaefa51f18561580b.jpg,33650561,BV1Ct411f7h5,1539315006,2018/10/12,11:30:6,06:31,2880,2461,6011,3232,7551
我不想和他睡一张床 这个岛上为什么全是苍蝇 【灵山岛vlog】,780,102089,//i2.hdslb.com/bfs/archive/ed5354b31a2a70c3aec27262c895ea8d67273ea4.jpg,33137203,BV1xW41127vZ,1538710210,2018/10/5,11:30:10,21:15,3957,1124,7758,433,6828
千万！别和灵魂画手玩你画我猜,505,214322,//i1.hdslb.com/bfs/archive/35e7ce6910adeee96699727d83de1c679386a60c.jpg,32728849,BV1aW411S7eP,1538278242,2018/9/30,11:30:42,10:12,1767,1153,4453,669,6764
快手土味新星嘟嘟妹 你尴尬你就输了！,1068,710544,//i2.hdslb.com/bfs/archive/4abf90ed1866a3983123431cf4e4717468ee1aff.jpg,32662763,BV13W411S7U5,1538191239,2018/9/29,11:20:39,08:19,10804,4502,12555,2903,40258
霸座男与霸座女的battle 谁才是霸座之王？,623,112738,//i2.hdslb.com/bfs/archive/17eafc623edb6e4b3eb1fd2ed6633e3e7d7a33ae.jpg,32306662,BV1EW411z7Wa,1537695105,2018/9/23,17:31:45,08:49,1603,1210,7002,1030,6067
暗黑！把金针菇和花蛤放进月饼 怎么咬不断？,531,104389,//i0.hdslb.com/bfs/archive/61c11dd988d795108617911fae89cc0481a0bc78.jpg,32237355,BV1BW411r71n,1537617290,2018/9/22,19:54:50,08:58,1636,902,5679,937,6007
用某宝测谎仪享受电击 视频惊现真腋毛怪【好孬物】,484,127997,//i2.hdslb.com/bfs/archive/316f9945e72be6e03e53ea7df028a1b673d55b7c.jpg,32013544,BV1tW411679W,1537329614,2018/9/19,12:0:14,14:54,1809,851,4530,429,5678
全员好人游西安 挑战失败【西安vlog】,694,99898,//i1.hdslb.com/bfs/archive/bf92b8df1161c3b9b4cac0d941664684b6d49815.jpg,31735976,BV12W411r7KJ,1536981620,2018/9/15,11:20:20,08:48,1909,354,2508,190,3577
尴尬！搭配最土的衣服出门 看看谁最土,3003,1580515,//i0.hdslb.com/bfs/archive/2d130e2181d95291170d74f1fc4d56b59e48d154.jpg,31412105,BV1GW411o7TP,1536490058,2018/9/9,18:47:38,08:06,9412,9565,22760,8415,28845
好兄弟给我化妆 然后我们绝交了 太不尊重人了！,438,135915,//i0.hdslb.com/bfs/archive/1293cc125aaf5cfa5863b1d8a315bfaacbbfa51e.jpg,30970488,BV1SW411o77c,1535889681,2018/9/2,20:1:21,08:11,2801,1178,4669,2393,6135
史上最难唇语挑战 输的跪指压板！,561,146157,//i2.hdslb.com/bfs/archive/7235f363f7648fbd71c6d3635a9023d1fc2a0d21.jpg,30911897,BV1gs411F7QK,1535819784,2018/9/2,0:36:24,10:35,2119,2118,5662,2657,6340
高铁霸座男 竟然很嘻哈 抢别人座位很酷,383,85737,//i2.hdslb.com/bfs/archive/dd5496b4045994e5630a6c7e22b8f9e92c136778.jpg,30325656,BV1UW411D7bo,1535253642,2018/8/26,11:20:42,07:27,1270,758,3872,823,4047
现场打假拼多多买到的破烂 还说自己不卖假货 【好孬物】,1061,262202,//i1.hdslb.com/bfs/archive/dbffbfd345aef91222fdbf5d55f4204c006c11cb.jpg,29733236,BV1gW41197nU,1534649421,2018/8/19,11:30:21,15:01,3411,1876,5004,2421,6801
群众演员真的惨 我做群演的亲身经历,352,117841,//i0.hdslb.com/bfs/archive/1e1c45d7bd91643fc786b5b8d5af977f9af52e43.jpg,29278495,BV1ms411T7vF,1534173702,2018/8/13,23:21:42,09:09,1474,563,2800,282,4933
2233玩偶惊人细节 饿死蚊子毫无人性 好物你就买 孬物你就笑【好孬物】,332,61985,//i0.hdslb.com/bfs/archive/d79684e616e07f772fa3a9473185edab136c0b4d.jpg,29010051,BV1Ls411u7NQ,1533893915,2018/8/10,17:38:35,12:02,1080,498,2280,174,2663
小学被校园暴力的惨痛经历 同学录充满爱的回忆,499,101976,//i2.hdslb.com/bfs/archive/19e977097d2dcc136210797654d2aac27ac57f89.jpg,28390247,BV1ts41137UE,1533290447,2018/8/3,18:0:47,11:27,2298,1143,3879,1105,4225
Skr到底是什么意思 是吴亦凡还是吴亦几,365,75146,//i1.hdslb.com/bfs/archive/2041c39a61afeeb44a73f9ae1a380dae09dcfb6c.jpg,28064082,BV1Cs411c7P7,1532919614,2018/7/30,11:0:14,06:47,936,385,2169,532,2762
回味高中买的衣服 用其Cosplay闰土【很羞耻】,353,111065,//i1.hdslb.com/bfs/archive/0731ef9ff96af222ed13c3eb868ba1e424a8af79.jpg,27878221,BV1Es411A7uG,1532695535,2018/7/27,20:45:35,08:54,1526,824,3973,573,5222
在BiliBili World2018 花式虐粉【BW2018】,255,53412,//i1.hdslb.com/bfs/archive/06a33a3cc316d4fc6d1f993cff8b1ea110a94da1.jpg,27404933,BV1Ws411K7zp,1532180452,2018/7/21,21:40:52,06:19,477,245,1519,62,2027
震惊！在上海网红店吃湿了裤子【上海Vlog】,268,85499,//i2.hdslb.com/bfs/archive/66efaaa98e6f51ec3162d840aeefc6afb6dc41e1.jpg,27345918,BV1os411N7at,1532143551,2018/7/21,11:25:51,13:37,1421,525,2892,240,3310
我的包里有什么 证件照是每个人心里永远的痛【What's in my bag】,195,80004,//i0.hdslb.com/bfs/archive/387358bfb035cd869fa2e37d4b3250be23cb030e.jpg,27009693,BV1Ss41177qd,1531743642,2018/7/16,20:20:42,10:52,1028,419,2263,81,3217
暑假聚会必不可少 高智商人群聚会游戏【悬头贴贴贴】,355,156505,//i2.hdslb.com/bfs/archive/1a43b22b6987d18a8fb13052166919ca324499ef.jpg,26854233,BV1Ys411J7ej,1531568171,2018/7/14,19:36:11,10:28,1258,1117,3122,1373,5697
香港潮牌店购物分享 剁掉的手终于长出来了 结尾羞耻警告！,316,81580,//i2.hdslb.com/bfs/archive/9a799e2615ee45ab630a0871653d235a1993e0fc.jpg,26435621,BV12s411p7X1,1531061292,2018/7/8,22:48:12,09:57,1467,820,2239,177,2879
如何只花50港币在香港吃一天 极限挑战【香港vlog】,489,120302,//i2.hdslb.com/bfs/archive/277d8476c8f25229cc6c9db72d3bbd131df27f85.jpg,26241665,BV11s411H7dz,1530847801,2018/7/6,11:30:1,13:53,1301,555,1665,311,2947
吃香港网红餐厅 逛香港品牌潮店 逛吃逛吃小火车【香港vlog】,198,71146,//i2.hdslb.com/bfs/archive/ac4beb97d7b673fd988aa5630a4196366484cb21.jpg,25847866,BV1ps41157V6,1530329102,2018/6/30,11:25:2,07:01,626,358,1563,104,2426
我买三千万德国赢 教你如何在世界杯赢钱【世界杯】,199,76830,//i1.hdslb.com/bfs/archive/d882c3ca5305b7c07afc90f06769ac600d7db209.jpg,25511521,BV1ns411L7rw,1529832796,2018/6/24,17:33:16,05:31,496,413,2236,216,2161
西游记九九十八难最后一难！,352,71775,//i1.hdslb.com/bfs/archive/664261c4645f433585c46ed32f4616814888149c.jpg,25236558,BV1ms411j7aW,1529464858,2018/6/20,11:20:58,11:58,1790,647,2759,490,3437
表面兄弟和好兄弟之间有什么区别,236,97573,//i0.hdslb.com/bfs/archive/983e305e7ada678737d4732908d84e3d82f8bec6.jpg,25045306,BV1LW411c7N3,1529205651,2018/6/17,11:20:51,05:42,560,536,1931,280,3831
和外国人打架 打出鼻血,133,58883,//i0.hdslb.com/bfs/archive/3c906d33f12b13296fe07428cd16c0d07a0b10d3.jpg,24855677,BV1UW411w7Wn,1528947044,2018/6/14,11:30:44,07:35,428,244,1102,47,1705
人均1000块的火锅店贵在哪？上海闲逛vlog,161,57551,//i1.hdslb.com/bfs/archive/088568c405dccf85d2018dc25ab18f5da1a644b4.jpg,24671822,BV1QW411c7yo,1528647940,2018/6/11,0:25:40,07:51,733,152,594,61,1336
某站被快手收购 背后到底发生了什么？,340,88477,//i0.hdslb.com/bfs/archive/106937ac8e0724394eae3f53e5ab2316d2b87a48.jpg,24481323,BV1CW411A7a4,1528341636,2018/6/7,11:20:36,02:35,442,570,1629,339,2572
只需闻一下就能区分 蒙牛伊利百事可口 超激烈味觉对抗,342,100566,//i0.hdslb.com/bfs/archive/bee679d21f4dbd1c1e234e8e1f24b9c64e565d01.jpg,24342831,BV1eW411N7EP,1528034293,2018/6/3,21:58:13,13:11,1629,1297,5167,941,5608
B站最能吃辣的人 辣到痛哭了呢,289,128397,//i0.hdslb.com/bfs/archive/1c0cb61496621ca8433e0f0fc5fe512df8899a02.jpg,24096929,BV1sp411d7Ed,1527576909,2018/5/29,14:55:9,10:42,1415,1029,4565,772,5067
这才是世界上最强的超能力？,256,57759,//i1.hdslb.com/bfs/archive/013961ecb813eb750b615dfea2d85e45b983300b.jpg,23966744,BV1yp411R7P6,1527332526,2018/5/26,19:2:6,04:36,543,454,2435,185,2644
世界前50大学生再战高考题 看到此标题高考中考+10分,257,88958,//i1.hdslb.com/bfs/archive/5273d03a6419df3f61b75faa022704623b3f708e.jpg,23829583,BV1rp411o799,1527076161,2018/5/23,19:49:21,10:16,1006,456,1794,137,3018
世界上最臭的食物竟是它 灭霸吃了要打响指,337,103103,//i1.hdslb.com/bfs/archive/8cf308b92fad1da8aee64e94acb8ffe41306984d.jpg,23590036,BV1Fp411f7f8,1526629732,2018/5/18,15:48:52,07:19,1062,636,2851,250,3080
【日常粽】黄子韬魅惑眼妆仿妆 直男的第一次妆容教学（超成功？）,377,76469,//i1.hdslb.com/bfs/archive/a1db0e97711070ad64c90222a6056d37bde144d4.jpg,23512051,BV1qp411Z7Hd,1526458633,2018/5/16,16:17:13,09:10,1577,295,1188,321,2718
【啊吗粽】快手里的正能量 助力Giao哥C位出道,280,127874,//i1.hdslb.com/bfs/archive/d08b8e447464b468257b99cf3b88731fc4bb0807.jpg,23388314,BV1fp411o7q8,1526202781,2018/5/13,17:13:1,06:28,1113,627,1083,603,3364
【日常粽】这个男人下面还不错 三倍辣火鸡面挑战,168,82332,//i1.hdslb.com/bfs/archive/5a23d619178d236c24a0bf5cca1b773384358b94.jpg,23287610,BV1uW411F7F2,1526028997,2018/5/11,16:56:37,06:33,535,316,930,84,2174
【啊吗粽】如何在《快乐星球》里学演技 智商200以上才能看懂,242,84546,//i0.hdslb.com/bfs/archive/894d1263fa44609b9f9e599d19fb5d2ffb30c06d.jpg,23178482,BV1Cp411f7fL,1525836629,2018/5/9,11:30:29,05:41,976,380,1284,195,2429
《创造101》中我最喜欢的偶像女团【Sunshine】,428,51753,//i2.hdslb.com/bfs/archive/13e9e3a3ef4f5a8b79e9475d188a6ef538036e99.jpg,22593283,BV1QW411G7L4,1524738634,2018/4/26,18:30:34,08:15,668,164,1045,87,1372
拿吴亦凡照片给无法沟通的韩国理发师 我最后会变成啥样？【韩国Vlog】,667,363789,//i0.hdslb.com/bfs/archive/f74022f1239d0c768d7455d339317dce40ee64a4.jpg,22109785,BV1vW411L745,1523763050,2018/4/15,11:30:50,08:18,4597,1163,2402,252,6455
【面筋哥】翻唱《我的烤面筋 融化你的心》配土味MV,402,65102,//i0.hdslb.com/bfs/archive/b9a6122d8368b87d54512072284b8a8e4a9cf5f6.jpg,21877471,BV1HW411K7ed,1523274059,2018/4/9,19:40:59,03:57,591,550,2258,270,2044
以前的尴尬视频首曝光！我从up主激励计划赚了多少钱！,357,69794,//i0.hdslb.com/bfs/archive/a1233d0ec64212e486c395eb1f5999a52b7ccfde.jpg,20671041,BV1nW411s78M,1520825432,2018/3/12,11:30:32,17:02,1402,290,1664,63,2165
逃离彩色岛 米兰买买买 内含攻略干货【意大利vlog完结】,160,28127,//i0.hdslb.com/bfs/archive/4ac261a7d6663a03afa890e1b411637be448a413.jpg,20149762,BV1AW411t7Xo,1519739940,2018/2/27,21:59:0,11:02,515,258,774,56,1108
梵蒂冈排队半公里 文艺复兴佛罗伦萨【意大利vlog-2】,172,20719,//i1.hdslb.com/bfs/archive/e7bfb7bb7e4633ef376b003df203d26686ca34f5.jpg,20073700,BV1BW41147oH,1519614000,2018/2/26,11:0:0,10:02,628,171,700,51,1176
两万步暴走在罗马 化妆镜里的Uzi【意大利vlog-1】,194,28098,//i1.hdslb.com/bfs/archive/b4e9a85783b437383556b91c9566238135be24fc.jpg,20030133,BV1qW41147vC,1519527621,2018/2/25,11:0:21,09:20,752,179,968,55,1458
【直播集锦】单排吃鸡真的难 狗立碎念惹人烦（绝地求生#4）,98,43702,//i2.hdslb.com/bfs/archive/da6302282919743ed8edeff5286fa8ce3bf018b8.jpg,19166702,BV1JW411J7r7,1517887823,2018/2/6,11:30:23,14:04,859,126,393,45,866
被资本主义列强的网友吐槽了（打电话找妈妈）,384,48972,//i2.hdslb.com/bfs/archive/bf6402f6db63599fd719ba198e24bf2d543db282.jpg,19145985,BV1WW411J7WF,1517767492,2018/2/5,2:4:52,07:09,837,204,924,37,1730
【直播集锦】抗毒也能吃鸡 请叫拂菻坊车神（绝地求生#1）,258,30474,//i2.hdslb.com/bfs/archive/35c5fd4ef7cdd927921c0000611f435c60737d25.jpg,18754980,BV1bW411e7fV,1516955286,2018/1/26,16:28:6,12:24,480,132,568,66,945
当南方人or北方人看到雪,929,150762,//i0.hdslb.com/bfs/archive/7985b506f439e585b8747ab02a3822d59e7348ef.jpg,18725972,BV1nW411e7py,1516888153,2018/1/25,21:49:13,02:49,1627,635,2949,355,3412
请千万别叫我B站曾轶可（精分现场惨案）,961,78225,//i1.hdslb.com/bfs/archive/9b5cf07131ab34dd2f38403acc08f7de4018469b.jpg,18490986,BV1DW411v7ia,1516368586,2018/1/19,21:29:46,06:59,2080,986,5216,283,5201
同学，你被记名了,942,217299,//i1.hdslb.com/bfs/archive/2abcd0e388477b7f6cd024d253364a23c44e30a2.jpg,18171464,BV1CW411i7yN,1515589621,2018/1/10,21:7:1,04:59,2564,863,5551,356,6452
我是韩国人？不过还是好过80%法国人！,1131,297740,//i0.hdslb.com/bfs/archive/eab3987ce60ebe0d380d705434c17cf9d38c3097.jpg,17909280,BV1PW411B7ri,1514913864,2018/1/3,1:24:24,07:07,3331,1087,1432,297,6798
