﻿title,comment,play,pic,aid,bvid,created,date,time,length,video_review,favorite,coin,share,like
微胖女生的夏天是什么样？玻璃唇哑光肌甜辣妆！,838,225891,//i1.hdslb.com/bfs/archive/68dc35afcd92ce45e9adc5c2b3e065cba71edb65.jpg,710920805,BV1BQ4y1P7YC,1591952837,2020/6/12,17:7:17,09:21,3156,1992,3855,372,24054
狗：“我可能不是人，但你是真的狗！”,1002,354765,//i2.hdslb.com/bfs/archive/0555b5a105cf4ccd3396b4376cb8f85189d8da30.jpg,328437518,BV1uA411B7sk,1591872619,2020/6/11,18:50:19,04:43,2220,1303,2236,421,35594
【嫂】618最值得购买的top7！爆炸好用清单！,5161,335579,//i1.hdslb.com/bfs/archive/98ae325a40c286c712aebc618e8fc8b4d65ac6ec.jpg,583434861,BV1Uz4y197Ns,1591761935,2020/6/10,12:5:35,13:24,61789,5325,11155,1035,28827
情侣摆摊一小时收入5000块，当场花完，爽！,3570,1968461,//i1.hdslb.com/bfs/archive/1a35f5718b141e1e6f652d9bb47c01bc9a5ac2da.jpg,413489903,BV1kV411r7gb,1591520429,2020/6/7,17:0:29,10:11,10942,28195,145168,4292,221427
一次昂贵的约会，男朋友居然带我来这种地方！,1325,785841,//i2.hdslb.com/bfs/archive/4c90ecd31693764d2b9d136598c110d828628995.jpg,243389030,BV1mv411z7Dt,1591013163,2020/6/1,20:6:3,05:19,5417,3729,13514,1585,99527
揭秘！真正的女明星到底用什么？！！,2774,451716,//i0.hdslb.com/bfs/archive/d64b83012e3df1a234485b5049f9e1444ede85db.jpg,795862309,BV1qC4y1p7k9,1590839385,2020/5/30,19:49:45,04:48,20327,4956,6024,480,39819
我真没想到！在女明星的房间，她给我做了这样的事！,4022,1428391,//i1.hdslb.com/bfs/archive/e35770556c758aede374464f84f8edc6d5ab22bd.jpg,625840299,BV19t4y1C73w,1590744644,2020/5/29,17:30:44,10:13,6070,12713,34883,2421,175392
vlog厦门：3天长胖6斤是什么体验？！,1186,410457,//i1.hdslb.com/bfs/archive/a7b2ef4e0ae61bd2b6b6bf73be30568df36aa0f9.jpg,285810506,BV1Ef4y127uT,1590660356,2020/5/28,18:5:56,09:26,4782,2723,5854,1325,42108
微胖女生穿汉服到底可以多性感？！,4816,1550290,//i0.hdslb.com/bfs/archive/943768bebe9486fb566926a63674e9b9d4283fe6.jpg,668175213,BV1Ra4y1i7Ln,1589712216,2020/5/17,18:43:36,12:12,14905,20962,41324,5340,127824
张雨绮：其实我温柔似水  嫂子不淡定了...【UP！大明星】,1218,588496,//i2.hdslb.com/bfs/archive/5ae4ada63b57cc5f5ccdc4137b1c75a34005911d.jpg,925704158,BV1BT4y1u73t,1589444648,2020/5/14,16:24:8,13:09,5594,2633,5045,723,43552
给老妈化妆！结果居然！！！太美了吧！,2909,613086,//i0.hdslb.com/bfs/archive/60bcba29f245bb17455ef99c3721846664bc773f.jpg,413232847,BV1PV411C7Fq,1589371517,2020/5/13,20:5:17,14:14,30492,3991,11647,1547,61579
男朋友给我染头，找我要2888，给还是不给？,1331,732591,//i0.hdslb.com/bfs/archive/e8607fb12410100b17dfa3438f8d88375dc1ce1b.jpg,925650986,BV1VT4y1u7vD,1589202215,2020/5/11,21:3:35,07:39,5717,3040,9072,2155,65604
全网最像谢可寅仿妆！画完都是美少女！【小猪姐姐x宝剑嫂】,1378,401694,//i1.hdslb.com/bfs/archive/27cf8a126e34afa39e35d419c2d68324f91f252f.jpg,753032443,BV1Tk4y1k7zS,1588941650,2020/5/8,20:40:50,15:33,5121,3052,6079,1375,35124
【嫂】在有限人生，带给我无限幸福感的小玩意！,3727,557027,//i0.hdslb.com/bfs/archive/c46988f1ca6c5088bb1ffb293252c120c55e3a0b.jpg,583042526,BV1tz4y1R7qu,1588592617,2020/5/4,19:43:37,12:01,70720,9043,15908,1108,54990
橘发首投！巨无霸显白神仙口红分享！无滤镜无美颜！|| muf全系列自费试色,2167,308924,//i2.hdslb.com/bfs/archive/5a00cb9665108f05057e998970cdfeaa7884632e.jpg,200548300,BV1Tz411q7Ft,1588405609,2020/5/2,15:46:49,08:07,14990,3119,6792,534,34287
我傻了，和男朋友互换衣服，他直接把我裙子崩了？,3641,1392310,//i0.hdslb.com/bfs/archive/e39ac8307315f54f6488c1ee875ae94245d6ab67.jpg,540491516,BV1gi4y1b7xB,1588069837,2020/4/28,18:30:37,08:01,29851,10704,41560,10345,171714
男友控制我的48小时，我再也不玩随机挑战了！！,1257,615323,//i0.hdslb.com/bfs/archive/d5e79e11c5455048de711d267b5f0fa159813df2.jpg,837905975,BV14g4y1z7Wh,1587808819,2020/4/25,18:0:19,12:24,20452,2975,7972,546,73104
爆雷！第一次下血本买全套口红，结果居然...,1760,428921,//i2.hdslb.com/bfs/archive/2f64ce5edfe3574ccf890162e873dadeee5b9c17.jpg,967877769,BV12p4y1X7cG,1587607558,2020/4/23,10:5:58,08:08,8617,4514,9849,639,43923
男友抢我相机硬要当美妆博主，结果居然...,1432,694127,//i0.hdslb.com/bfs/archive/b84ddd4d3d61f91f4df6dfc970553c4dd21fb6af.jpg,882649010,BV1tK4y1r7wk,1587031233,2020/4/16,18:0:33,10:28,20347,4417,13614,2200,99143
我的钱都去哪里了？鞋子香水！我恨你们！,2275,673151,//i2.hdslb.com/bfs/archive/04e75ca90978b76094c8c23a6692b49c3850fcd1.jpg,967752377,BV1Ap4y1y7eP,1586937790,2020/4/15,16:3:10,15:11,26128,5672,15814,758,74763
要求男友低成本帮我拍女团照，拍成了个啥？,2750,505992,//i1.hdslb.com/bfs/archive/f8990895d5b2c5819601b1b9d3d417989170a176.jpg,752715278,BV1Tk4y1R7C8,1586266014,2020/4/7,21:26:54,08:58,16662,4381,11383,1919,56643
玩大了！一不小心让男朋友给我磕了个头！,2490,1807632,//i2.hdslb.com/bfs/archive/e614e412fa454a66ffecbd7e255dc73761fc05bc.jpg,967742015,BV1cp4y1y72p,1586080825,2020/4/5,18:0:25,06:21,22684,9547,33507,4092,192572
我们一黑一白，本来就不该在一起 || 创意mini片,1362,433234,//i2.hdslb.com/bfs/archive/806efa9eb2ba6e3f0831861a88c78e9f8ad2d0bd.jpg,327565698,BV1QA41187sk,1585566020,2020/3/30,19:0:20,02:01,3286,1729,3659,308,49508
【嫂】黄皮自救指南||穿搭 修图 化妆 防晒！夏天之前一起白成闪电吧！,1092,335943,//i2.hdslb.com/bfs/archive/2413239254ff470a0a68bfa62e5720928d922e52.jpg,200124210,BV1vz411b7Ye,1585306836,2020/3/27,19:0:36,09:09,3244,5879,5289,475,28998
察言观色10级！张新成在线唱情歌，宝剑嫂彻底失控！【UP！大明星】,2516,711381,//i1.hdslb.com/bfs/archive/be985862c7e64220c63cf12118fdf458db9c2ad5.jpg,285009114,BV1Dc41187e3,1585216321,2020/3/26,17:52:1,15:31,19758,10655,19785,4804,57254
【99%的新手党会犯错的底妆技巧！】收藏夹必有我系列！,1302,364472,//i1.hdslb.com/bfs/archive/b4f570035644b58e34104fc315fc6c15095c256b.jpg,99007785,BV1m741127W1,1585057715,2020/3/24,21:48:35,08:47,3310,24694,13610,1077,40942
【激动到缺氧】7款全网最火保湿产品分析！养肤散粉？美白精华？敏感皮请进！,1807,269726,//i0.hdslb.com/bfs/archive/a1cc7a516567338abcd033e2397455b0e0c72e6a.jpg,98408907,BV1DE411F7fv,1584866494,2020/3/22,16:41:34,13:49,21988,3683,5970,440,24733
八分钟教你变成娇俏小女人！,3136,376958,//i2.hdslb.com/bfs/archive/f16d2035f92a138af3efdfed2d9854fee2a19edf.jpg,97775739,BV1hE411N7Q1,1584702020,2020/3/20,19:0:20,09:23,14153,5837,11919,1164,39825
B站唯一敢做这件事的情侣,12286,2127419,//i2.hdslb.com/bfs/archive/e86293444fbffcf4cad4f50a7845fba0a7ba9faa.jpg,96803062,BV1F7411Z7JL,1584355002,2020/3/16,18:36:42,05:47,49158,50388,185255,17597,278237
第一次穿jk制服给男朋友看，结果居然...,5437,3418693,//i1.hdslb.com/bfs/archive/41e2805dc314087844bca9539034e9b491575294.jpg,95325421,BV1aE411K7vp,1584007529,2020/3/12,18:5:29,10:56,112022,21680,53864,10471,268696
鸩凫虖峄…满屏生僻字？“脱线女孩”祖鹅在线求放过！【UP！大明星】,987,649939,//i0.hdslb.com/bfs/archive/b83a9cf4ffeb5bfd8feadb9f0040bfe8d0afd6fe.jpg,93902665,BV1jE411W7XG,1583399139,2020/3/5,17:5:39,11:52,4970,3930,7407,651,33414
【嫂】好用又划算 | 38节超值购物清单！平价贵价top4！,3694,538048,//i0.hdslb.com/bfs/archive/bb4413b3a5e15a6557da1c35f44617f4f3196c17.jpg,93388049,BV1FE41147sC,1583232854,2020/3/3,18:54:14,07:23,33504,11584,29189,1252,48244
惊！你绝对不知道女生的化妆间到底多恐怖！,9558,640295,//i0.hdslb.com/bfs/archive/95f216ed763e6094b078d3e315680684244d96bc.jpg,92667984,BV1SE411J7AN,1582979975,2020/2/29,20:39:35,14:07,97900,14589,43490,2299,79096
朋友圈点赞100+网骗妆||五官普通如何将优点最大化？,2073,455719,//i2.hdslb.com/bfs/archive/4e4b7d809136ab715c8beefc76af605432647d5d.jpg,92182733,BV147411N7n5,1582809729,2020/2/27,21:22:9,10:39,6112,3151,7321,986,32737
当我送男朋友一瓶790元的护肤品....,1128,768424,//i1.hdslb.com/bfs/archive/7944d176338a0026f8a4e3c0cb79a191a037b229.jpg,91924736,BV1U7411K7qW,1582722438,2020/2/26,21:7:18,04:06,2887,2149,3539,900,46111
玩大了！假装砸了男朋友的绝版乐高，结果居然...,3854,4183800,//i2.hdslb.com/bfs/archive/bf0961a9704744b52dbf89856fe643ee2dcc2731.jpg,90907803,BV1i7411c7Dw,1582423533,2020/2/23,10:5:33,07:15,24624,18736,55340,8015,402387
男朋友不爱看甜宠剧？打一顿就好了！,3622,911327,//i0.hdslb.com/bfs/archive/a80a47eaad4639137ba81a7ac620ad46650a730a.jpg,90333202,BV1X7411A7rN,1582188608,2020/2/20,16:50:8,07:08,59115,4654,10312,5151,58583
【嫂】春天来了？7mins搞定人手必备清爽元气妆！,1833,292928,//i0.hdslb.com/bfs/archive/f74b69d103420d29d1078e043f80dbf8a4ac314e.jpg,89464415,BV1p7411E7Lz,1581860583,2020/2/16,21:43:3,08:31,9269,3642,5743,905,22313
【嫂】四个月！脸终于好了！0踩雷分享！,1315,816951,//i0.hdslb.com/bfs/archive/f34ce27a0f18288a88a497426ff1ef04dc8f9ce9.jpg,89225453,BV167411J7Xq,1581774284,2020/2/15,21:44:44,06:21,2212,14382,6671,2661,35613
偷偷在懒人沙发里放满气球，我直接把男友炸飞天...,3027,3104152,//i2.hdslb.com/bfs/archive/e591bd6c37f36e32178ecbc67b4bbe2f5ebab467.jpg,88209916,BV1t741157fD,1581414572,2020/2/11,17:49:32,05:47,33328,20642,76118,8485,452891
【嫂】高级感富贵大小姐妆｜韩剧财阀女一号就是你,1848,403053,//i1.hdslb.com/bfs/archive/6fb845bc38c2c705ae87cee85d313700dff4d1ac.jpg,88036798,BV1w7411t7xy,1581341051,2020/2/10,21:24:11,04:20,3994,4995,8483,1325,31403
【嫂】别让女生一个人在家，不然她会...,1344,591194,//i0.hdslb.com/bfs/archive/49b48b169527bf01ad0978cdafa50bdb2fbf7110.jpg,87391724,BV1N741187Mt,1581134715,2020/2/8,12:5:15,12:34,13700,3650,10083,1350,42354
B站7000w播放能赚多少钱？兑现承诺，一次用完！,8470,8352493,//i1.hdslb.com/bfs/archive/90fe58275ad2df06538b88c8715a852383425656.jpg,85120948,BV1z7411k7wy,1580033885,2020/1/26,18:18:5,10:18,40658,177291,1095806,11111,972680
【嫂】眼睛放大术｜干货汇总之收藏夹必有我系列～超高清 无废话！,1236,865421,//i0.hdslb.com/bfs/archive/5c04dcc48b660d49780decebea4d9a11a68bde80.jpg,83984920,BV1F7411q71t,1579342432,2020/1/18,18:13:52,11:03,2835,67432,29198,3743,73675
粉丝见面会，我被当场单膝下跪逼婚？！我傻了...,2429,704474,//i2.hdslb.com/bfs/archive/42faf98a05cf28d69ae190f58d6c19e5272d1c92.jpg,83847658,BV1aJ411E7xy,1579261205,2020/1/17,19:40:5,11:37,18995,5963,18729,684,53110
【嫂】手残党进！3分钟快速打造无瑕透亮好皮肤！天生好皮soeasy！ft.LUNASOL粉霜,1498,572768,//i0.hdslb.com/bfs/archive/34b09ae1fccb7ea2de9a02770de5b6c97ae6c9a4.jpg,83708093,BV1UJ41177fM,1579183219,2020/1/16,22:0:19,06:31,2242,20895,11910,1652,37506
偷偷在男朋友被子下面放100个尖叫鸡，他回家后...,5576,7981114,//i1.hdslb.com/bfs/archive/31f8a988b5f4a9a9c9f9c2697853106e47cbbe38.jpg,82866963,BV1vJ411H7mb,1578659808,2020/1/10,20:36:48,05:26,87649,55529,149461,21292,874250
【嫂】2020计划，过年我准备带啥回家？|护肤&彩妆近期汇总,1079,384056,//i2.hdslb.com/bfs/archive/dc0897975a95f1e525425513b2f258e86c9882d0.jpg,82600222,BV1uJ411G7dR,1578490222,2020/1/8,21:30:22,16:35,6914,7632,8196,429,34990
【嫂】啊啊绝美！AB面妆容！气场？仙气？YSL秋冬色号大赏！,2417,323825,//i0.hdslb.com/bfs/archive/161e83de611154f7965b1b5e04143f637e89eb62.jpg,81768412,BV1aJ411877x,1577962857,2020/1/2,19:0:57,04:04,12646,5452,15841,894,38792
【中国式审美?百年妆造变迁】万元绝版古装 故宫高清实拍！,1744,648622,//i0.hdslb.com/bfs/archive/3894053dc06329444c7084085417ea3ee556a13f.jpg,81648572,BV11J411b7e2,1577879927,2020/1/1,19:58:47,07:36,5788,20407,38740,1929,66638
扎心了！原来，UP主们在2020年想要做这些…,1263,1261628,//i1.hdslb.com/bfs/archive/bd6033684747957356771850af57bb85996a5594.jpg,81391725,BV1uJ411h7ng,1577774708,2019/12/31,14:45:8,05:19,7278,3876,6355,2664,58499
【R1SE】潜入后台，一起跳抖肩舞是什么体验？星光大赏满足你！,2123,390886,//i1.hdslb.com/bfs/archive/50221aefe13be5f9a8d2ca5da03d04564d5aa073.jpg,81208583,BV1AJ411Y7dP,1577633754,2019/12/29,23:35:54,06:54,11418,6942,7125,3047,24011
【嫂vlog】在零下7°C的故宫，穿还原版绝美古装是什么体验？,740,451909,//i0.hdslb.com/bfs/archive/7a49b418cc37a7a04a93bf295eef1dae290e11d1.jpg,81018647,BV1PJ411a75M,1577538345,2019/12/28,21:5:45,08:39,3089,1720,4331,548,30715
【嫂】价值万元的圣诞限量款测评合集！,4962,367970,//i2.hdslb.com/bfs/archive/589b37c43c2d19c34860fa26bb4bd2395baf44e4.jpg,80259665,BV18J411s7JZ,1577020890,2019/12/22,21:21:30,09:54,35603,5522,16929,1111,29128
【嫂】年度分享｜从贫民窟到伪贵妇，我都买了些啥包？,891,489094,//i2.hdslb.com/bfs/archive/18afa5b362d294f3926f210a2fba9360d1b895dc.jpg,79628713,BV1PJ411r7kr,1576581091,2019/12/17,19:11:31,16:04,3987,10163,9390,631,36578
包下价值两亿的庄园，130斤贵族小姐的日常！优雅浪漫英式妆～,2472,1110845,//i1.hdslb.com/bfs/archive/143d50b6c372833ac6cfed703a34a5404ca2da2e.jpg,79007466,BV1LJ411C7NX,1576156092,2019/12/12,21:8:12,10:36,11186,28544,41276,1370,92921
【嫂】两款妆容详解？百元内，神仙化妆工具！,5285,421848,//i2.hdslb.com/bfs/archive/faa273c096756ad3549d2779bdaabaad85aef877.jpg,78403638,BV1qJ411e7QD,1575721352,2019/12/7,20:22:32,11:14,14761,10483,15197,1721,34596
【爆爽种草&吐槽！双十一快递合集】pr礼包开箱 购物分享！,5513,377753,//i2.hdslb.com/bfs/archive/6f4a509363eff81a8290689cf73458450a060bbc.jpg,78055015,BV1WJ411B7Lv,1575464702,2019/12/4,21:5:2,15:02,69650,4579,13584,657,27979
【嫂】GRWM用新买的彩妆画个妆！无广！一个重大决定！唠唠规划和生活～,947,309726,//i1.hdslb.com/bfs/archive/d33cae28493a6f4b54dfb0615259a6e1571266cb.jpg,77901159,BV1vJ411q7Ej,1575367236,2019/12/3,18:0:36,14:17,10716,2836,10491,451,28483
惊了！百万up主今年最后1个flag竟然是...,1222,1810204,//i2.hdslb.com/bfs/archive/9ac272a85fbf65ab82b7517c84036cf21190da77.jpg,77839188,BV1ZJ411z7nT,1575345621,2019/12/3,12:0:21,06:55,9320,9106,9015,2872,71017
【嫂】性感小猫眼妆｜8分钟变人见人爱坏女人！烂脸期的自我救赎！,1336,493742,//i2.hdslb.com/bfs/archive/e6610abf5314545b7f56f2f4f1f87ffa9a3ef8d5.jpg,76571765,BV1UJ411R7L9,1574415647,2019/11/22,17:40:47,08:06,3933,6971,10097,1614,33663
让闺蜜假装掀桌子跟男友吵架，结果居然...,939,1255605,//i0.hdslb.com/bfs/archive/4f7ab3da0cb7f24e1e5c16c262cef52310db5b5d.jpg,76367531,BV1rJ41117Zj,1574249757,2019/11/20,19:35:57,06:37,5775,4741,12414,2885,89798
冲进商场，给观众怒花20000块！全部送光是什么体验？,6712,480605,//i0.hdslb.com/bfs/archive/4efcb04dd24bb84163e7135d0e593366430a8ff5.jpg,75753865,BV1iJ411D7bd,1573821313,2019/11/15,20:35:13,02:34,91757,13121,51555,1183,75680
【嫂】白菜价合集？平民窟最值得买的百元top7！,8423,727837,//i1.hdslb.com/bfs/archive/1bbc123a727aaec4206d5ad7081434e28af69c0f.jpg,74978430,BV1oE411e73i,1573216508,2019/11/8,20:35:8,09:52,45741,14973,28961,2306,53911
【嫂】双十一必买清单（上）|| 贵妇的快乐是如此的简单！,1833,344178,//i1.hdslb.com/bfs/archive/71b26cebd4026a79a96dae4faf2d3a6ba7fc0ce2.jpg,74669893,BV1YE411B75g,1572961504,2019/11/5,21:45:4,12:01,23277,9714,13743,847,35005
【嫂】又纯又欲？重返90s|整容级短发微胖妆容水光卷发分享！,1901,542322,//i2.hdslb.com/bfs/archive/d28adbffa0046dfa9f528afd5724e73ec33975c5.jpg,74302126,BV1BE411t7Mx,1572700664,2019/11/2,21:17:44,08:07,4731,10069,19844,1885,50707
【嫂】回忆杀？帮佟湘玉改妆！有故事的老板娘妆容,1572,374360,//i2.hdslb.com/bfs/archive/8ecc997aeafeca61570a807833cf801b9ab8d33b.jpg,73941490,BV1tE411b7ya,1572432777,2019/10/30,18:52:57,10:04,7694,8692,17506,1088,39307
【嫂】微胖大胸55身？超显瘦显高的秋冬平价穿搭分享！,1682,412776,//i0.hdslb.com/bfs/archive/8b3212e9f80c42fbf7bb58b7b41db990b072b948.jpg,73702754,BV1PE411h7qD,1572238787,2019/10/28,12:59:47,09:18,3969,4359,7957,1135,23637
【超燃】好用又划算｜双十一，最值得买的海外好物top9！,8921,717490,//i2.hdslb.com/bfs/archive/3f2f19ca8f29b98ab1d88ddf2b4b6aa8be58a2ff.jpg,73490317,BV18E411a7Yg,1572089822,2019/10/26,19:37:2,10:09,35327,28195,64525,3216,67421
让男朋友猜快递价格，猜错了就送观众！结果...,9941,821252,//i1.hdslb.com/bfs/archive/6ab5ecfa77c697b5f11448d880b45c8b302c2c82.jpg,73156413,BV15E411y7Sd,1571831567,2019/10/23,19:52:47,15:48,129397,17899,63071,2504,78747
【嫂】秒变坏姐姐？保姆级变脸术！简单又出彩酷女孩妆容！,1218,372991,//i0.hdslb.com/bfs/archive/5922f69858eb58746f6a2250c94e97e394d38733.jpg,71764132,BV1BE411k7yN,1571487432,2019/10/19,20:17:12,09:50,3749,5860,9126,1077,29056
【嫂】牛！秋冬续命底妆！烂脸期间依然保持美丽的秘诀！,1141,410794,//i1.hdslb.com/bfs/archive/f2abea2faa9d6083810f7bfa54159d6de78c5f61.jpg,71337648,BV1uE411C7sT,1571145753,2019/10/15,21:22:33,08:13,2932,6238,7206,892,26182
男朋友回国，全家贴满他的大头照！会发生什么？【整蛊男友1】,3117,4186539,//i0.hdslb.com/bfs/archive/3516472a5edfe54a4b983d799d6c61f3f7a75b09.jpg,70867980,BV1rE411o7w3,1570788415,2019/10/11,18:6:55,07:29,30953,33884,119957,22416,427048
【嫂】丢人！全B站第一个下台就爆哭的UP，居然是我？！,1161,716889,//i1.hdslb.com/bfs/archive/0fadc8c5de4dff4aac99fdf2e9954cf4a22c07b3.jpg,70577880,BV1XE411Z7hy,1570538763,2019/10/8,20:46:3,13:33,6152,5733,13190,613,34613
【嫂】清纯女学生？烂脸期的逆天改命妆！无眼线so简单！,1896,565970,//i2.hdslb.com/bfs/archive/b2c04d50d0ef10f61cee11e64372f5f1be366df4.jpg,70183847,BV18E411D7ns,1570271964,2019/10/5,18:39:24,08:07,3030,16445,10305,2417,30786
【嫂】 中国式性感？短发微胖也可以风情万种！女人味爆棚的旗袍娇媚妆！,3101,1260749,//i0.hdslb.com/bfs/archive/1f60a948e3ed95fe2993a68e19a0260ab82a5522.jpg,69117519,BV1kJ411T7e5,1569571217,2019/9/27,16:0:17,08:34,9510,18508,26894,5354,63676
【嫂】小公爷vs俏娇娘？保姆级古风妆容分享,1800,333993,//i1.hdslb.com/bfs/archive/b36c151f9058320044a75f9f3a9e7d631f8f36ef.jpg,68491210,BV1XJ411u7cJ,1569054637,2019/9/21,16:30:37,12:32,8372,6808,20809,1228,27358
【嫂】百元向0差评？性价比top1合集！护肤&彩妆一套搞定！,1074,528024,//i2.hdslb.com/bfs/archive/c4e5067ba57a0bf7d513c2c1e342b566d10fb2bd.jpg,68176241,BV11J411g7Zg,1568803967,2019/9/18,18:52:47,13:02,6310,17475,10709,966,30017
【嫂】微胖也友好？128斤165cm古风小裙子分享,1862,306674,//i1.hdslb.com/bfs/archive/4b65ba69fd744b5450fce016aad2434e77f79939.jpg,67886427,BV19J411A7bS,1568551509,2019/9/15,20:45:9,12:18,6333,4825,13981,1958,26369
【嫂】敏感皮||30天兰蔻小黑瓶2代实测,6629,125023,//i2.hdslb.com/bfs/archive/d07d2cb928e229ed701b49aa030e5791a1fbc98c.jpg,67733093,BV17J411A7Xq,1568459403,2019/9/14,19:10:3,04:51,1773,1751,5112,410,9438
【嫂】恋爱vlog#13 交换身份！烂脸期mini化妆&护肤分享,2793,315405,//i2.hdslb.com/bfs/archive/d27c5fbc2c9931bd37e7f18851cb98e6f98ba063.jpg,67451510,BV1aJ411P7s7,1568286044,2019/9/12,19:0:44,18:24,4993,3818,12927,2253,23142
【嫂】口红富婆的此生挚爱top12！|高级少女感|黄皮显白0失误指南||良心分享,3288,763890,//i1.hdslb.com/bfs/archive/3a8687b429edc8cd615ea42c56de450d9ab18fbd.jpg,66949297,BV1w4411C7SE,1567860159,2019/9/7,20:42:39,11:50,10375,31399,30946,5132,48964
【超硬核！一次拆开一个月的快递，到底有多爽？】pr礼包开箱 购物分享#03,8759,370985,//i0.hdslb.com/bfs/archive/7c2c18e0a3df3932dc9da27829ffcb2636536e79.jpg,66620464,BV1c4411y7gy,1567603275,2019/9/4,21:21:15,10:21,37307,10387,31430,1285,33078
无理房东，逼我24h马上搬家，我为何放弃维权？|| 租房干货 新家roomtour,2000,628620,//i2.hdslb.com/bfs/archive/34d7aca41c0f1f6dfd1054be673139c87f799450.jpg,65635580,BV1f4411B78k,1566917513,2019/8/27,22:51:53,14:15,9448,26241,39084,2865,56271
【红黑榜】近半年用过的护肤分享||适用于毛孔粗大 内干外油 换季易敏感肤质,1155,546893,//i2.hdslb.com/bfs/archive/5663b745627feb2656352ddce147f81693391207.jpg,65039669,BV1T4411r7VY,1566567194,2019/8/23,21:33:14,12:25,4663,7880,7487,875,18624
【吃播|初体验】暴风进食！减肥20天后，我终于等到了第一个开放日。,1307,509552,//i2.hdslb.com/bfs/archive/4ab329644a8304da9216350d7266e01308134081.jpg,64311443,BV1V4411o7th,1566138953,2019/8/18,22:35:53,07:37,4807,1802,4817,733,19325
被邀请去顶级晚宴，2500一晚的酒店，华丽变身。【嫂vlog-伪名媛变身计】,1415,419057,//i0.hdslb.com/bfs/archive/33f554055e5542ff6149833dacd311644408ea6a.jpg,63306039,BV1A4411Q741,1565593447,2019/8/12,15:4:7,19:09,10969,4212,13968,804,31427
129斤肥宅 化完妆穿上小裙子 直接逆袭！【华丽款小裙子 | 初体验】,1883,349308,//i2.hdslb.com/bfs/archive/380935139860c46c18a2aab65295ffcd9b870591.jpg,61362504,BV1Rt411F7Qt,1564453829,2019/7/30,10:30:29,14:02,17748,8035,22695,738,31910
【恋爱vlog#12】肥仔吃香港 | 甜甜的恋爱，就是一起长胖。,1328,359224,//i0.hdslb.com/bfs/archive/f24535fc877d965a3e0c6cebddda8705d626ad47.jpg,60743368,BV1ht411j7X8,1564068385,2019/7/25,23:26:25,13:56,4860,5247,19521,1068,31815
【黑历史仿妆】八年前最in妆容大赏！非主流的mini vlog |外加近期护肤分享|,2804,306416,//i1.hdslb.com/bfs/archive/878e08392da0d87ac8c46f859af99570c5173b48.jpg,60056601,BV1Wt411E715,1563674455,2019/7/21,10:0:55,09:13,15712,6448,21709,1880,25803
【在家工作，是一种什么神仙体验？】roomtour＋vlog跟我过一天,820,418114,//i0.hdslb.com/bfs/archive/f7ad614fb39d9354218bd66e2c40730acf821fd1.jpg,59154709,BV1Zt411V7Fd,1563097778,2019/7/14,17:49:38,13:36,3282,3005,7985,517,20803
【1秒都无法离开！0差评好物分享！】 What’s in妇联主任’s  Bag?,1425,453332,//i1.hdslb.com/bfs/archive/14e443b80cdc8adb357175cdc54a3e22e295e038.jpg,58752970,BV1pt411571e,1562840207,2019/7/11,18:16:47,07:20,3161,9350,24301,652,44010
【嫂 】平采娜仿妆 | 国风感红唇妆 | 评论说我像小水，仿了才发现，只有性别像。,2110,574134,//i0.hdslb.com/bfs/archive/b6aa225b63de5e49b1e1d74f5771ae20daad7264.jpg,57920634,BV1q4411A7oA,1562304659,2019/7/5,13:30:59,08:07,3422,4776,8173,637,31005
【讨好型人格？社交0情商？】毕业后才明白的残酷真相 | 干货篇 | 人际交往，你踩过这些雷吗？,9954,1869305,//i1.hdslb.com/bfs/archive/18c7946fd715fab20699ae66f55294e1301dc1ce.jpg,57028416,BV1ax411d7qW,1561640622,2019/6/27,21:3:42,16:28,21333,150505,123262,15792,188679
【平价向|绝不可错过的618清单】这一波没看就是血亏，看到就是赚到。,6236,474823,//i1.hdslb.com/bfs/archive/7b9660a525629a9f60083e3d4ec278bf3122ee74.jpg,55801330,BV1j441157RW,1560691104,2019/6/16,21:18:24,14:57,47276,14767,36389,1890,39163
【新手向保姆级】胖仔变女神 | 荷尔蒙增加200％改变气质妆容 | 化妆工具详解,3965,338711,//i2.hdslb.com/bfs/archive/7d78306473fbb8c8adfc146d0340dce11df4c70b.jpg,55347320,BV1A4411P7iu,1560322741,2019/6/12,14:59:1,11:58,16829,11937,16047,1373,22946
15家网红店，我居然只花了300元？！带你逛最地道的网红之都-杭州！,1123,452208,//i2.hdslb.com/bfs/archive/3c443ce7fe2ee6ecd344b64e5d904597220849bc.jpg,54740001,BV1D4411M7aS,1559827622,2019/6/6,21:27:2,16:12,3985,3382,4445,931,15997
【嫂】十分钟get日常可出门厌世脸|小松菜奈&水原希子灵感妆 | 原来丧气眼才是放大眼睛的最终奥义,2377,359981,//i1.hdslb.com/bfs/archive/cfcbd8fc655a96691e13db25642cf7baba6351d3.jpg,54620515,BV154411M7v1,1559721991,2019/6/5,16:6:31,10:57,2947,10801,9967,708,23588
2019高考加油！UP主联合应援2019年高考,7225,1793160,//i0.hdslb.com/bfs/archive/07b32de5e59d03aeb7940b6f82ddcf43db6d442a.jpg,54456607,BV1D4411n7up,1559563249,2019/6/3,20:0:49,06:03,12364,17381,28555,6238,88971
【超燃】百元向 | 我不允许你不知道的国货top9！,12377,625794,//i2.hdslb.com/bfs/archive/dd717e50292486c3908152086d2ac22b617b47ab.jpg,54466037,BV1w4411H7fn,1559556004,2019/6/3,18:0:4,11:15,3053,17521,32731,1934,37754
【新加坡vlog】超感慨的一次线下活动 | 亚洲最大的研发中心 | 附加OLAY小白瓶一个月实测,2359,296427,//i1.hdslb.com/bfs/archive/111bd5a1410219cc99e6ab7150910ace40568fe9.jpg,53863058,BV1g4411W7ne,1559030656,2019/5/28,16:4:16,13:15,13079,3672,9805,507,19054
【嫂】回炉重造之欧美妆初尝试| 肿眼泡的眼妆分享 new style make-up,1318,333822,//i1.hdslb.com/bfs/archive/b7d21af1b0869f7f015855d8722e632731d8d9e6.jpg,53792469,BV124411p78s,1558960062,2019/5/27,20:27:42,08:34,3700,5378,9828,543,19930
【嫂】今天是个小学妹|夏日蜜桃夹心软糖妆| GRWM聊聊减肥,1487,408934,//i0.hdslb.com/bfs/archive/d3a9e3b7dcdd29cd1b7b0952a43223f2bd1034e6.jpg,53166705,BV1R4411j7aj,1558436144,2019/5/21,18:55:44,12:19,5167,9841,10509,874,19923
【嫂】迪士尼vlog |漂亮姐姐和河豚妹妹| 超开心的一天！,3895,283841,//i1.hdslb.com/bfs/archive/9004353130023554abc15e92b4cfaddaa63e5d97.jpg,52654456,BV1z4411J7ZA,1558012930,2019/5/16,21:22:10,12:32,17488,7188,22387,1204,23739
【嫂】从新手到老手的进阶换头术 | 三个日常妆容分享 | 200元预算口红top3,11528,506929,//i1.hdslb.com/bfs/archive/1aea0a7eb542aee56bb698d04b0f5a586a4c6823.jpg,52029321,BV1e4411Y7iY,1557486137,2019/5/10,19:2:17,09:29,24932,23250,54288,2137,60554
【恋爱vlog#11】 平凡的生活值得纪念的瞬间 |两个人四只猫 | 自己做饭 | 打卡星空恋语乌龙茶,1725,451890,//i2.hdslb.com/bfs/archive/c35417abbc73fe4ff68a57e46ccdd1f0348e7765.jpg,51412513,BV114411v7U9,1556961248,2019/5/4,17:14:8,13:47,6095,4395,13905,2100,26351
【我都震惊了！10天收到了多少快递？】巨爽无比！pr礼包大开箱！购物分享！,17768,631382,//i2.hdslb.com/bfs/archive/321645eb21e62719723c80d24688e319ad00e43f.jpg,50965297,BV1j4411t7hK,1556634686,2019/4/30,22:31:26,12:11,75806,23579,77744,3538,76726
【嫂】底妆选的好 瑕疵都没有 |巨好用超高清| 养肤粉底液测评,2749,483630,//i2.hdslb.com/bfs/archive/d136ec3bd7a6e46b59cca5ba3c964f4472a823e0.jpg,50838906,BV1E441187Me,1556530973,2019/4/29,17:42:53,10:40,4125,2588,4544,635,11005
【低至十元 | 神仙彩妆合集】我的泰国购物分享！好看到哭！|无推广|,5750,384430,//i0.hdslb.com/bfs/archive/f6e0497d94247ad954a206355eef399652dd85f4.jpg,50763917,BV1d4411b7xn,1556456946,2019/4/28,21:9:6,14:33,29122,10441,16947,1308,26287
【嫂】从满脸油光的粗汉 到人见人爱初恋脸| 芒果气泡水妆 | 恋爱vlog#10,2072,351002,//i1.hdslb.com/bfs/archive/6d041cc6ba267bcfca9ad14d11d79a4d9acc8f72.jpg,50524418,BV154411h7BU,1556279427,2019/4/26,19:50:27,08:47,7948,4458,6892,572,15440
【和风物语|五分钟学会古灵精怪の撞色系妆容】日常心机妆|超简单|宝剑嫂x资生堂|,4469,205880,//i2.hdslb.com/bfs/archive/a05144eee3eaaeaf9d6858a079d03e3626252f3b.jpg,50218956,BV1Nb411G7z6,1555989204,2019/4/23,11:13:24,06:57,9279,7151,19167,691,19771
【恋爱vlog#09】成年人的夜生活，是真的不好玩 | 我最爱的平价刷具| D罩杯胖仔内衣分享|,2505,432246,//i0.hdslb.com/bfs/archive/2ce38ea17860bdf8005404f38570bc4fa78a04d0.jpg,49727165,BV1ob41157Gw,1555594663,2019/4/18,21:37:43,19:02,8356,3757,10247,854,18647
【聊聊自媒体行业】我的经验分享 |如何当一个博主？ 设备|剪辑|内容|压力|心态,1666,446102,//i2.hdslb.com/bfs/archive/77a5c28c9c88c63eb1c04be8b74f253647f77e29.jpg,49630580,BV1xb41157E6,1555504475,2019/4/17,20:34:35,16:09,3696,17101,17019,2273,41885
【恋爱vlog#08】小别胜新婚 | 我们终于见面了！一起参加发布会 |清华保研第一名经验分享| 超长下饭版,3099,601246,//i2.hdslb.com/bfs/archive/c0ec8c7732149aa6fc3dde9386189f5aa1bd022a.jpg,49313794,BV18b411L7z7,1555237580,2019/4/14,18:26:20,20:22,9245,5147,14869,852,25142
【肥宅变女团我经历了什么？】化妆术修图术 | 超干货分享,7119,323423,//i0.hdslb.com/bfs/archive/2a36a55761614bebc5869fde02513f76bd97c313.jpg,48492842,BV1Eb41137S7,1554548321,2019/4/6,18:58:41,14:08,12335,10543,18019,938,24793
【GRWM|日系软妹光泽妆】聊聊我的压力和近况| 水逆再见！负能量886！|一次在镜头前崩溃,4529,376558,//i1.hdslb.com/bfs/archive/773128363fb4d8307306399f67c7da2076b02725.jpg,48090564,BV1zb411p7e8,1554205574,2019/4/2,19:46:14,16:13,16519,13111,35446,1009,32463
【晚间护肤 | 黄皮到白皮，痘肌到无瑕我都用了啥？】防晒美白 | 身体护理 | 美白大法,2660,2702318,//i2.hdslb.com/bfs/archive/dbab6075cd84fb4ca8746e5062c253ea54d47991.jpg,47502239,BV1Ab411x75P,1553688141,2019/3/27,20:2:21,10:23,5784,78068,14566,3701,46163
【11支MAC最热门口红分享|无滤镜无美颜】种草|断货王|实测|黄皮显白|,19288,792887,//i0.hdslb.com/bfs/archive/afd981d80972d13912486401bfc128170c99f245.jpg,46998695,BV15b41177fQ,1553248063,2019/3/22,17:47:43,09:33,37350,16412,27462,2969,42909
【异地恋|跨越山河去奔现，是一种什么体验？】时差七小时|恋爱vlog|中国&意大利,2178,328791,//i2.hdslb.com/bfs/archive/4b8b36710a670489a3994e9b2a9822fd05daa069.jpg,46646126,BV1zb411n7m7,1552896865,2019/3/18,16:14:25,17:28,6438,4622,14544,1916,20674
【嫂】超强变脸术|荧光粉也可以很好看|GRWM|我的恋爱观,3835,309807,//i2.hdslb.com/bfs/archive/4d01defd4e5c3661a97fc48b597f8119556a9a05.jpg,46264236,BV1Hb411H7LH,1552564797,2019/3/14,19:59:57,11:16,4430,7567,18705,1004,24852
独居日记#03 跟我一起宅一天  |给猫猫洗澡|暴风拆快递| 试妆容 |产品实测,2503,228462,//i1.hdslb.com/bfs/archive/a4ec4b9bf9339652398694d9c6c4dbe952d89b95.jpg,45976895,BV1bb411e7Rg,1552283401,2019/3/11,13:50:1,16:10,14215,7927,24871,666,25153
【揭秘！百万博主的家是啥样？】带你来看我的新家！| roomtour | 收纳 |,3000,769048,//i2.hdslb.com/bfs/archive/a32887a6577d89c9d793bebdcbf9c5e9064e6db6.jpg,45610138,BV1Sb411q7fo,1551965027,2019/3/7,21:23:47,21:38,10991,8964,18801,1020,33497
【同居vlog】异地恋|男朋友走的前两天,3376,379999,//i1.hdslb.com/bfs/archive/2d8f99d2e68e260d7910002737a502ebd34f44c4.jpg,45488101,BV1pb411q7xb,1551852520,2019/3/6,14:8:40,21:28,11626,7109,24448,2968,29293
【五分钟快速出门术】 谁都看不出来我化妆了！|开学日常妆 返校好气色|,2137,304043,//i1.hdslb.com/bfs/archive/8842482159971c44cd15fccf2e6c9458c3b4cdec.jpg,44952641,BV1Pb411b76n,1551360289,2019/2/28,21:24:49,09:13,3477,11116,25665,1250,26802
【从竞争对手到谈恋爱？】读评论|异国恋Q&A|聊天向,3217,1040407,//i2.hdslb.com/bfs/archive/80a3f9d70ccb496a34454c04dd9e5cf9301697f3.jpg,44777382,BV1wb411h7TU,1551186435,2019/2/26,21:7:15,19:02,12140,21625,54515,10132,85260
【全线测评】红黑榜 | 烂脸暗疮痘印之光？| 国货药妆创尔美全线测评 | 公平公正,2711,322857,//i2.hdslb.com/bfs/archive/f0394996d1fd693ec17f1198c2d49b65779f9239.jpg,44691144,BV1sb41187ke,1551099686,2019/2/25,21:1:26,08:57,2919,11843,27467,1462,23954
【大二经济独立？投资收入过万？我的超强理财习惯分享！】收藏向 | 全干货 | 适用学生党 |我的经验分享,11885,3875869,//i2.hdslb.com/bfs/archive/9af24689fa5d103700a3eb51d5a2c3d7d87be442.jpg,44430331,BV1mb411h7Dh,1550889042,2019/2/23,10:30:42,17:38,25509,276153,229887,42209,341763
【70w粉丝，激励计划是多少？】一天花完是什么体验？,23681,4061189,//i0.hdslb.com/bfs/archive/2ebfd700acf9e3bdc4a3ad1981bb87bcb6891ca3.jpg,43972960,BV1Yb41117XV,1550485370,2019/2/18,18:22:50,10:55,38639,116432,796854,18292,598148
【我的最爱护肤分享】 熬夜党必看！！,6690,408574,//i1.hdslb.com/bfs/archive/30a095980e1802107b406eee9c466331d7fe0231.jpg,43871376,BV1wb41117ck,1550401261,2019/2/17,19:1:1,11:41,5484,12692,21253,773,28826
【Tony老师绝不会告诉你的5件事】一年漂染⑦次 我的超强护发分享,3376,414254,//i2.hdslb.com/bfs/archive/e673e9c31f2fa1b2d8118795dfc024abfad1bcd5.jpg,43338287,BV16b411m7oE,1549977242,2019/2/12,21:14:2,13:00,6030,15062,23182,1375,50694
【纯干货】扁平脸必备| 清透初恋颜vs性感小野猫 | 我的最爱两款妆容分享,2647,199277,//i1.hdslb.com/bfs/archive/6ec59a4bda6ce40c72deb9b278b76d83f6ac04cd.jpg,42958518,BV1nb41167zk,1549622187,2019/2/8,18:36:27,07:42,4553,4149,10430,310,16596
【嫂】0难度! 乖巧学生妆容| 爆炸开心的视频! grwm聊聊新年计划,3998,234148,//i0.hdslb.com/bfs/archive/93f5d44b2a82163f51525130e960644adbcf893b.jpg,42588358,BV1ub411r7Ay,1549249613,2019/2/4,11:6:53,11:30,10620,4558,16341,480,23196
【嫂】百元预算| 给自己买啥礼物？| 巨98k惊喜的开箱 |护肤彩妆 上脸第一印象,5462,584863,//i0.hdslb.com/bfs/archive/9d82b4c230eecd7f35e16831abba85e8da39efea.jpg,42260595,BV1ub411k7ad,1548941539,2019/1/31,21:32:19,12:04,11907,15289,27282,789,75464
【嫂】土系玫瑰色妆容 |新产品上脸实测 |（无广）,1475,261302,//i1.hdslb.com/bfs/archive/5c46593b8ae2798c391fcd074c0a34c228e730c5.jpg,41499074,BV15t411b7a3,1548249062,2019/1/23,21:11:2,12:01,3873,3930,5598,225,11940
【嫂】致每一个对生活失望的人| 超燃逆袭| 校园霸凌 |讨好型人格|杀不死我的 使我更强大（上）,10848,1158914,//i0.hdslb.com/bfs/archive/2647e3bed0c47925dcea81279e6f029ff8c89e0b.jpg,41012145,BV1ot411h72b,1547779219,2019/1/18,10:40:19,17:55,25036,74129,125848,18427,146630
【嫂】异国恋私奔第二站♡| 葡萄牙 里斯本|落日|提升幸福感的瞬间|恋爱vlog#03,2014,304292,//i2.hdslb.com/bfs/archive/1bb485b2ed0f3082fdbc19d5b8850c15033d0e6c.jpg,40432907,BV1qt411p7ez,1547184658,2019/1/11,13:30:58,16:46,6714,4087,12614,2602,16261
【嫂】边染头边化妆|平价显白发色|新年苹果妆容! |米兰跨年vlog|,1604,207866,//i2.hdslb.com/bfs/archive/cb3efd6f564974b9396410754a27b8f0d8b332c8.jpg,39994568,BV1yt411x7Qt,1546690539,2019/1/5,20:15:39,12:10,3448,2675,7760,434,11475
【嫂】异国恋终于见面啦| 建筑生的恋爱日常 |私奔第一站巴塞罗那|恋爱vlog#02,5161,845007,//i2.hdslb.com/bfs/archive/d22988595ad2f99a335b61fff6b6d5ef5fed9197.jpg,39328365,BV1qt411z7Md,1546087504,2018/12/29,20:45:4,24:03,13283,8737,20523,3279,33281
【嫂】异国恋见面，都会带些啥?（〃∀〃）,1415,259495,//i1.hdslb.com/bfs/archive/c9ab0657edf8b190775e5559ed53e96f9dc3ccaf.jpg,38889755,BV1et411k71G,1545645646,2018/12/24,18:0:46,11:30,2997,1841,5963,258,10254
【嫂】清透日杂妆|保姆级化妆修图分享 |网骗的自我修养#2,2217,334469,//i0.hdslb.com/bfs/archive/48f5e0c86ad338cd62c1acf0bf4bddfce680d957.jpg,38457870,BV1Ft411v79V,1545135997,2018/12/18,20:26:37,14:22,4650,7376,9823,528,14606
【嫂】拔草?种草?七件爆款棉服测评|不烂大街小众棉服分享| 100~600元|平价学生党|,654,306963,//i2.hdslb.com/bfs/archive/9847a560e21a9ec0812ee05162e9ac6e3c21a89d.jpg,38132685,BV1Ft411i7yS,1544778480,2018/12/14,17:8:0,09:04,2649,4499,3150,489,7170
【独居日记#02】 晨间晚间护肤 |十分钟出门简单妆| 秋冬挚爱产品分享|跟我一起过一天吧~,1285,150524,//i2.hdslb.com/bfs/archive/4a1fe87ff40efd0ae043f142208f92e6d4977cfd.jpg,37945905,BV1dt411q7MQ,1544531532,2018/12/11,20:32:12,13:23,1926,1491,3535,145,7378
【嫂】矮子乐 百元增高鞋| 显高显瘦|学生党必看 |6双鞋3个包|马丁靴 高跟鞋 工装鞋 长靴 雪地靴|,4966,168701,//i2.hdslb.com/bfs/archive/82fd06c571e31df3da3b7030455e7e91535a2e9e.jpg,37861046,BV1bt411q75c,1544429504,2018/12/10,16:11:44,11:46,6584,4651,9108,312,8842
【嫂】超显白橘子少女日常妆 | 烂脸期最爱的妆容分享|,1347,750301,//i1.hdslb.com/bfs/archive/6cfeea333d4fcb3701fc1a6bacce7c2fe0c7b02e.jpg,37481870,BV1tt411Q76X,1544009980,2018/12/5,19:39:40,10:03,3993,19970,9906,1486,20315
【独居日记#01】和我一起过一天 |聊聊考研&高考 如何坚持|,1013,181755,//i2.hdslb.com/bfs/archive/d99266b66e512ae203f2ee493221f27b504345bd.jpg,36868459,BV19t41197Bm,1543302044,2018/11/27,15:0:44,16:48,4243,2942,8089,492,13508
【痣0】从黄皮到白皮 我经历了啥?！贫民窟女孩美白分享 |低成本 全干货|想白?进来!,14143,239795,//i1.hdslb.com/bfs/archive/9beced0d5d3dcaf599e156f379a305dc7695b66f.jpg,36579241,BV1nt411y7tb,1542964985,2018/11/23,17:23:5,09:33,3197,7264,8665,466,14154
【嫂】GRWM瑕疵皮到奶油肌 | 牛奶杏子妆 | 聊聊生活中如何解压,713,223871,//i2.hdslb.com/bfs/archive/dae793a6528a6c75719f827a1c2c7feff7e17f66.jpg,36016114,BV1Ut41127hu,1542276814,2018/11/15,18:13:34,13:56,5468,3697,3973,184,6812
【嫂】做作精分的自我修养| 宁愿窒息也别买|爆炸好看回购八百年|美瞳分享,3349,170103,//i1.hdslb.com/bfs/archive/e839e112b900e8788eeaff93507e19c3b1657e50.jpg,35004036,BV1Tb411P7ho,1540981676,2018/10/31,18:27:56,07:13,3488,5009,8035,548,14719
【嫂】Roomtour | 一个人三只猫| 生活的仪式感 小户型收纳心得| 晚安视频,753,172240,//i2.hdslb.com/bfs/archive/092f530eb5be27d076b878643d0a6596f038424d.jpg,34177762,BV1Vt411o7DA,1539958037,2018/10/19,22:7:17,15:31,1678,3075,6338,1150,9712
【嫂】湖南人在成都  | 爆火建设路小吃一条街 | 湖南全智吃的日常,387,100370,//i1.hdslb.com/bfs/archive/2b137476809970e79c0be1f7e9584dc0749a200f.jpg,34110635,BV1rt411d7nr,1539870640,2018/10/18,21:50:40,13:08,1200,509,1536,192,4375
【嫂】 秋冬红棕枫叶妆 | 一支口红hold住全妆 精简产品让化妆更简单|,4852,121082,//i0.hdslb.com/bfs/archive/726d32e75bb3480b2143cedd4bad9c40f7bfcc7c.jpg,33977694,BV1kt411Z7dH,1539689835,2018/10/16,19:37:15,06:41,865,3764,1821,178,3842
【嫂】干货向 |十分钟教你 从新手小白到化妆老司机| 错误vs正确化妆技巧,487,155012,//i0.hdslb.com/bfs/archive/c85ceafcc9754a1b3c425d3c61e4f7094ad77b9e.jpg,32996692,BV1GW411U7PU,1538553763,2018/10/3,16:2:43,10:06,1016,4628,2968,799,6556
【嫂】巨好用超高清 爆汗底妆实测10小时 | 健身减肥vlog,491,241925,//i2.hdslb.com/bfs/archive/3baf43cc336f17599a2f98f965bdb5aa3063217b.jpg,32757632,BV1rW411S7A8,1538300148,2018/9/30,17:35:48,10:53,1264,3177,1332,409,4792
【嫂】时隔半年的复仇 | 一个发人深省的年度伦理记录片 |,570,121177,//i2.hdslb.com/bfs/archive/ae1f7240c819a9b9cd149daaf7f68547e0d27ff5.jpg,32691448,BV1nW411S7JH,1538210118,2018/9/29,16:35:18,05:17,1265,463,3097,449,5007
【干货】 新手买啥呢?零差评化妆品分享| 不好用你捶我 之 彩妆卸妆 |,655,319307,//i0.hdslb.com/bfs/archive/1202749336e6aed1269a31b9cac387c79a62a9ff.jpg,32155797,BV1pW411r7eG,1537520854,2018/9/21,17:7:34,13:38,3357,19268,8541,1071,15753
【嫂】pack with me |  给即将留学的傻儿子收拾行李,193,80275,//i2.hdslb.com/bfs/archive/7c58e5ba2d147372ef786504511e50f74c4c08d0.jpg,31927623,BV19W411k7wF,1537183672,2018/9/17,19:27:52,07:26,577,445,969,102,3141
【恋爱vlog#1】送男朋友出国读书 | 异国恋 | 幸福肥cp | 斗嘴的日常,1052,410496,//i0.hdslb.com/bfs/archive/da7d0113ec6a1365c7d68e7f26c9f4b40630940c.jpg,31601457,BV1dW411C72Y,1536761795,2018/9/12,22:16:35,16:02,4059,4597,4828,1172,11454
【嫂x梁不了】表面姐妹 | 三分钟化妆挑战 | 一个拍完就绝交了的视频,327,119983,//i0.hdslb.com/bfs/archive/8ce86a15d883bad170a27180d561853c51425389.jpg,31201908,BV1EW411d7cV,1536223132,2018/9/6,16:38:52,06:29,1154,306,773,112,3095
【嫂】网骗女孩的自我修养,1284,1162354,//i2.hdslb.com/bfs/archive/7f997c87444c3295c0505e41313023747e6aa37b.jpg,30975373,BV1DW411o7K5,1535894327,2018/9/2,21:18:47,08:38,3652,33437,10073,2190,26977
【嫂】自防技巧！滴滴事件的一些反思及告诫,1001,88967,//i0.hdslb.com/bfs/archive/181cb95f0d58188fec40bf677bbbbe327282a09c.jpg,30373496,BV19W411D7qJ,1535281570,2018/8/26,19:6:10,07:30,1041,4177,7923,2413,10250
【嫂】 好看又耐穿 鞋子分享| 种草的一天 ♡,496,179006,//i1.hdslb.com/bfs/archive/9129c9d88691659ccdc18ce4eb8972e8df956938.jpg,30036776,BV1XW411Q7wJ,1534941368,2018/8/22,20:36:8,07:48,1387,2207,1418,153,4873
【嫂】超爽的开箱!可以尖叫一百次!给小郭七夕买了啥!,461,95081,//i0.hdslb.com/bfs/archive/93e4a2774231beacf4b1f11fb4d5e5e989780c7a.jpg,29616291,BV1PW411d74q,1534509035,2018/8/17,20:30:35,11:18,758,526,1692,74,4921
【嫂】165cm126斤 微胖穿搭 | 如何在穿搭上显瘦十斤,906,195717,//i2.hdslb.com/bfs/archive/84c3403253c3b37a0b04c046769a63b008470b67.jpg,28860995,BV1ns411M77m,1533735148,2018/8/8,21:32:28,07:30,1536,3114,1798,287,5938
【嫂】GRWM  人人能画的日常古妆 |,455,57078,//i0.hdslb.com/bfs/archive/4c99cfa09a9d0643ea3e83adac279fe4a2d08fed.jpg,28678723,BV15s411g7bZ,1533557682,2018/8/6,20:14:42,11:23,1844,627,3122,106,4716
【嫂】底妆选的好 瑕疵都没了- 巨好用 超高清底妆测评,5143,1290778,//i0.hdslb.com/bfs/archive/3779af27af22593a752b70b519386dc2ab94dd2b.jpg,28374853,BV1Gs41137Xr,1533297951,2018/8/3,20:5:51,08:33,3435,17092,3651,1914,11143
【嫂】学生党!低至三元 耳饰分享/ 搭配技巧~ 买了不后悔系列！,319,91746,//i1.hdslb.com/bfs/archive/79a9be0b7c9d8761f828a51771d5ced7ce380e57.jpg,28035543,BV1Ns411P7qj,1532867471,2018/7/29,20:31:11,07:45,849,1065,1428,218,3340
【嫂】军训必备！防晒以及女生的羞羞好物！男生只能看前五分钟!,744,207840,//i2.hdslb.com/bfs/archive/f9c9dcc67ff5ddea6de2897d1a69fea1ced4903c.jpg,27694037,BV1Gs411N7Rn,1532506851,2018/7/25,16:20:51,10:36,2717,6914,3349,778,7048
【嫂】新手化妆 会这几招就o98k/ 化妆步骤与解析♡,724,397047,//i0.hdslb.com/bfs/archive/20b3e15a25a66341a7369f8a544b794f61371e5f.jpg,27163995,BV1ss411E7ZY,1531920272,2018/7/18,21:24:32,10:58,1380,20496,8967,2222,22856
【嫂】 自助染发教程+五分钟快手妆,2124,125622,//i0.hdslb.com/bfs/archive/7e191dfd0394f7a5cad4dd21badcf19446292d68.jpg,26855187,BV1Ys411J7jS,1531568544,2018/7/14,19:42:24,05:56,969,1683,2464,337,5516
【嫂】陪我度过过生日的一天,526,113336,//i0.hdslb.com/bfs/archive/772ba08d8879e150433ed748ea5f6245f820df7a.jpg,26345391,BV17s411p7up,1530958831,2018/7/7,18:20:31,17:45,3751,1457,3255,73,4255
【嫂】缩胸咖啡！一次喝五杯会发生什么 ?,609,118305,//i2.hdslb.com/bfs/archive/9dbc6d1859ed208e3574add3d68566195d632f75.jpg,26209861,BV1as411V7nQ,1530788575,2018/7/5,19:2:55,09:34,2482,844,2029,238,4976
【嫂#vlog】一些撒欢了笑和闹 五月值得记录的日常,321,75055,//i0.hdslb.com/bfs/archive/cf9c0a1bbdb21121aa05996f9d5c6434d413a640.jpg,25587660,BV1Cs411L7c8,1529934193,2018/6/25,21:43:13,07:57,947,238,1119,90,2533
【嫂】学生党居家必备！低至十元 满满幸福感！,188,103973,//i1.hdslb.com/bfs/archive/aa46e631e3e03c399032263323a3a43d76a9e79f.jpg,24825445,BV1BW411w7GE,1528887980,2018/6/13,19:6:20,07:46,1035,659,1085,70,2760
【嫂】瑕疵皮的夏日清透妆 / 聊聊生活+周末补课的一天vlog,631,503408,//i1.hdslb.com/bfs/archive/2e9b2978df66b4cf7832459405676107ee778341.jpg,24365265,BV1zW411N7Bs,1528094442,2018/6/4,14:40:42,16:04,2447,10929,1860,823,5152
【嫂】 超简单 意乱情迷妆容,338,98764,//i0.hdslb.com/bfs/archive/f53a0e16059353baa2d46af9104b8e7a9933a71f.jpg,23550915,BV1mp411Z7kd,1526556959,2018/5/17,19:35:59,06:16,845,1062,1568,323,2277
【嫂#测评】奶油肌底妆 八小时实测 + vlog在家撸猫的日常 [ad],311,78644,//i1.hdslb.com/bfs/archive/24b4b6a28a14e9a19c7010cd7d241f73f491b26c.jpg,23510523,BV1yp411Z7Sn,1526469335,2018/5/16,19:15:35,12:20,941,447,562,84,1353
【嫂】低至十元！MUJI无限回购产品有哪些?/ 彩妆 / 文具 /,262,157033,//i0.hdslb.com/bfs/archive/94ddf577b25b722c1772acd5cc2276e243c60852.jpg,23206947,BV1Xp411f7eg,1525866563,2018/5/9,19:49:23,10:34,1210,1282,1767,118,3438
【嫂】一个很丧很暗黑的妆 单品不超过100元 /,289,82341,//i2.hdslb.com/bfs/archive/9ffcb319500731b6529db2226fa253068b874595.jpg,23080014,BV1Vp411f7mV,1525618165,2018/5/6,22:49:25,07:00,692,1403,955,116,2050
【嫂#挑战】超颠簸车里画一个完整妆容 ！巨型羞耻的一天,355,63928,//i2.hdslb.com/bfs/archive/c4bbe3d83edf68d5bd200269d382ee54b6d4f1be.jpg,22611721,BV1ZW411G7o1,1524753615,2018/4/26,22:40:15,05:35,924,283,1072,157,1906
[vlog] 曼谷芭提雅 和我提前过夏天吧~,334,88915,//i2.hdslb.com/bfs/archive/f074eefce7df718e7367caf7fbff3d298ae13152.jpg,21729002,BV1xW411M7V3,1523005758,2018/4/6,17:9:18,15:51,1153,580,1208,270,2126
把弟弟画成我 - 弟弟长大了会捶死我的视频,408,151368,//i2.hdslb.com/bfs/archive/3e7ab8a456e3655e16b537f3860222701af73e15.jpg,20039315,BV1bW41147Zr,1519545604,2018/2/25,16:0:4,09:14,2527,686,3254,414,3889
超详细！手残党都能画的新手妆！包学包会！,2263,194510,//i2.hdslb.com/bfs/archive/a43dc96d936a5df9375f903f10ff2a0280f64f35.jpg,19431844,BV13W411E7AN,1518319818,2018/2/11,11:30:18,19:09,2333,9296,3658,946,3977
【嫂】vlog#01 一些有幸福感 开心的日常,371,73644,//i2.hdslb.com/bfs/archive/140ffe2a5501bc73a2be553995fb6a45bd3abb83.jpg,19025750,BV1jW411H78A,1517542222,2018/2/2,11:30:22,11:56,1476,272,1962,125,2305
【学生党送礼指南】均价50块 物美价廉 能买些啥！,431,211259,//i2.hdslb.com/bfs/archive/697fb8458f519739097db119461ed2a241d98043.jpg,18373831,BV1AW411v7yQ,1516095032,2018/1/16,17:30:32,14:07,1380,4880,1338,205,2702
从肥宅到男神再到妖艳贱货 | 我经历了什么 ？,840,379815,//i2.hdslb.com/bfs/archive/c7f4100e223e5b578964e052d328f4399233cd59.jpg,17928153,BV1EW411B7rQ,1514977530,2018/1/3,19:5:30,12:42,2908,7884,7043,1407,4005
约会前 猪猪女孩都经历了什么？,468,153225,//i1.hdslb.com/bfs/archive/897e4665138285975dc07215e4f90296e872aeab.jpg,17032369,BV1eW411Y7d4,1512647662,2017/12/7,19:54:22,19:54,3322,1887,2937,494,2180
[GRWM] 超简单整容级化妆术 / 女装大佬的自我修养 / 今天您换脸了吗？,788,588601,//i1.hdslb.com/bfs/archive/4a0503ab917810d7953d0aca34408950d7f66193.jpg,16554752,BV1kx411V7kR,1511316050,2017/11/22,10:0:50,17:49,4436,19422,5097,2411,4367
【自助染发】58元我居然染出了1580元的网红孔雀蓝！,340,164952,//i2.hdslb.com/bfs/archive/0d73e344a72be56acf42cf88bdc76c016cdfcf1c.jpg,16277420,BV1mx41157rU,1510538430,2017/11/13,10:0:30,15:39,2107,2344,971,588,1146
你见过这样的骚操作吗？做作猪精女孩的日常变脸,370,231791,//i1.hdslb.com/bfs/archive/8a4cd5140eb7f0edb987408ed860a9b3d9168530.jpg,15946103,BV18x411E72K,1509604216,2017/11/2,14:30:16,04:42,844,3780,1465,469,1269
痘脸瑕疵肌的平价亲妈级粉底液 只要八十元！人人都是无暇女孩！/ 换季爱用品推荐/ GRWM,347,130356,//i0.hdslb.com/bfs/archive/f53a8feff80bc1c97500e9857fe377a442f4f898.jpg,15513767,BV1px411M73p,1508331468,2017/10/18,20:57:48,12:48,688,3318,1856,502,1068
三分运动七分饮食  我的三十斤暴瘦经历了什么？,1172,420038,//i1.hdslb.com/bfs/archive/21535a3403d4ece81bce6bb70692db0d87103f37.jpg,15360311,BV1Tx411g7ZY,1507911921,2017/10/14,0:25:21,22:57,4064,27173,6808,2266,7568
闭口痘痘全拜拜！两周快速修复大法！屏障修复科普 / 护肤技巧及雷区,872,280087,//i2.hdslb.com/bfs/archive/864c62bae533d84240024efa16f77fc15d2eab21.jpg,14994042,BV1Rx411g76o,1506935137,2017/10/2,17:5:37,15:04,1738,14786,4424,1695,2979
【宝剑嫂】50元 ！染个自然又显白！出门被人夸的头发！ 欢度国庆吧！/ 自助染发 / 废话up,308,197572,//i2.hdslb.com/bfs/archive/187649dc0e55fdcc5cc0dba31e479c400d0e7b7d.jpg,14689401,BV1Vx411G7Jj,1506071648,2017/9/22,17:14:8,13:57,1227,900,1168,534,1556
【宝剑嫂】丧气满满 - 酷出宇宙天际妆  /  平价 / 变脸 / 痘油皮 / 无人声纯听歌向,230,119294,//i2.hdslb.com/bfs/archive/09f1a003f1ae626613bc863bb739bb5161fa9388.jpg,14621856,BV17x411x7Lf,1505872814,2017/9/20,10:0:14,03:12,387,2125,901,376,723
新手第一次入手美瞳买哪些款？/ 这几款美瞳不挑人！谁带谁好看！,381,133046,//i2.hdslb.com/bfs/archive/1d38fb6db56472c9d73596196b92db4d8ab04bf5.jpg,14316340,BV1jx411474y,1504961136,2017/9/9,20:45:36,07:37,845,2374,1490,408,1710
【宝剑嫂】贫民窟+手残党+新手妆=东方邪术的前奏,278,99882,//i1.hdslb.com/bfs/archive/c3f473e2e33b3d5506df23b6ce1fd79522f3bdce.jpg,12146513,BV1Bx411q7iZ,1499907638,2017/7/13,9:0:38,07:15,745,2144,3394,385,1299
效果显著欧美妆+日常绝望新发型=  东方邪术2.0,368,172782,//i2.hdslb.com/bfs/archive/2d821909acb9dac70a698d27efc8974f2b1c893c.jpg,11363572,BV1dx41187ou,1497583379,2017/6/16,11:22:59,07:42,1515,2374,2133,431,1307
#男默女泪# 十分钟 +单件不超过80元产品 =东方邪术,1005,303866,//i0.hdslb.com/bfs/archive/53f50032d822bf76599a9f0f14e75ca29b8ec037.jpg,11048333,BV1gx411a7QQ,1496500813,2017/6/3,22:40:13,09:08,2153,3332,2577,609,5592
