{
    "title": [
        "【古筝】辉夜大小姐想让我月更-DADDY! DADDY! DO!",
        "【古筝】当潮不让 - 意识流古筝rap",
        "【古筝x钢琴】四月是你的谎言OP - 光るなら",
        "【古筝】iL —— 160的速度你想秒我？得得得～",
        "【一人双筝】黄金之风处刑曲 il vento d’oro —— 我真是high到不行！",
        "【古筝】明月天涯",
        "此梦缘君—既仙又攻的六种民乐合奏是这个样子",
        "【民乐x摇滚】同道殊途——新年器乐大乱炖",
        "【墨韵】原创曲《爱竹说》-「淑女飘飘拳」印象曲",
        "【墨韵】临安小记（筝/小提琴）-《食物语》江南印象曲",
        "【墨韵】无羁（古筝/钢琴）-《陈情令》主题曲",
        "【古筝】Black Shout —— Bangdream",
        "【墨韵】万神纪 古筝vs川剧",
        "【祈Inory X 西沢幸奏 feat 墨韵】长安醉【中日合拍】【原创国风摇滚】",
        "【墨韵】梦开元【中国华服日 首发限定版】",
        "【筝/箫/钢琴】流浪地球Main Theme",
        "【纪实】墨韵 x 寰行中国 文化宝藏之旅",
        "【古筝】十二镇魂歌——期末考战歌！",
        "【古筝】入骨相思 ft.千指大人",
        "【古筝】天地有灵",
        "【古筝】九九八十一  墨韵随步摇 ft. 闫东炜",
        "【古筝】从前有座灵剑山 BGM/OP",
        "【筝鼓和鸣】权御天下 ——墨韵随步摇 ft. 司鼓君",
        "【原创编曲串烧】古筝翻奏 「幻想战姬」BGM",
        " 【古筝】千本樱——你可见过如此凶残的练习曲",
        "【纯古筝】卷珠帘——N重奏改编版"
    ],
    "comment": [
        "1349",
        "1163",
        "1347",
        "2767",
        "5226",
        "2356",
        "1078",
        "3266",
        "1096",
        "1514",
        "3640",
        "3045",
        "2996",
        "1494",
        "1473",
        "5165",
        "3052",
        "9011",
        "4660",
        "8100",
        "20699",
        "12071",
        "33858",
        "7862",
        "148170",
        "4063"
    ],
    "play": [
        "416613",
        "180863",
        "298570",
        "590176",
        "1247121",
        "347143",
        "271010",
        "660238",
        "263940",
        "341798",
        "1103886",
        "449946",
        "705104",
        "321996",
        "348342",
        "716767",
        "272415",
        "1765027",
        "819486",
        "595490",
        "2720777",
        "1994165",
        "10821420",
        "2391801",
        "36119942",
        "2211993"
    ],
    "pic": [
        "//i2.hdslb.com/bfs/archive/a21826761d2c4f8cf02290c69614e174447cab09.jpg",
        "//i0.hdslb.com/bfs/archive/cf053979d1e2a34e515a28b0982c0d24a0ab370f.jpg",
        "//i0.hdslb.com/bfs/archive/b53aa7722ed22047812b205d93da328342f54984.jpg",
        "//i2.hdslb.com/bfs/archive/cd9d5dd47cdaef5d4642da0d4f6f0c3b69341ef3.jpg",
        "//i2.hdslb.com/bfs/archive/3929861525c16dfefbb95572d26dc74768965e5c.jpg",
        "//i0.hdslb.com/bfs/archive/6b09f1a59add5679aa90dbeec211709fc89ad64f.jpg",
        "//i2.hdslb.com/bfs/archive/aec42163d9fa1cee4f7eebb70f0a8e5eded11359.jpg",
        "//i0.hdslb.com/bfs/archive/9bceed53f9232dc3cf386f680743da9188b5cd2d.jpg",
        "//i1.hdslb.com/bfs/archive/3eea78a928de74e383ab726a53b2795c63523ce6.jpg",
        "//i0.hdslb.com/bfs/archive/a4f58fde36a0cc625768f7d45e7196bd28064b96.jpg",
        "//i1.hdslb.com/bfs/archive/4c2b4cd4b7888e0bcae7e7a1fc619e1a582f75ba.jpg",
        "//i0.hdslb.com/bfs/archive/142bb85497339c727a8c9b9792a5e04bc96ea02d.jpg",
        "//i1.hdslb.com/bfs/archive/cabfd805d510e4a38f6b8fc7b6c33dbb3df6dd71.jpg",
        "//i1.hdslb.com/bfs/archive/e90e3e236f6b4adf3a7a147e12e35eb45201873a.jpg",
        "//i0.hdslb.com/bfs/archive/07e4c008e2a73fbebc343ab0b587ed41f472f907.jpg",
        "//i2.hdslb.com/bfs/archive/8c5a3c02af0bca489a3447ecddadf8a8772f005f.jpg",
        "//i2.hdslb.com/bfs/archive/d025e73135b4498b2505d63290feaf89d0f3722e.jpg",
        "//i1.hdslb.com/bfs/archive/50d03daee48e1a2d2f37133b36083d40bc95d720.jpg",
        "//i0.hdslb.com/bfs/archive/1f61d4e56db59834cbf414ab50fa8e59fee41b1a.jpg",
        "//i0.hdslb.com/bfs/archive/c993e4bae8f953279c4169bf3169b59692ce5690.jpg",
        "//i2.hdslb.com/bfs/archive/c340e6b227e14c14f6847cd64309cf16f0830c59.jpg",
        "//i1.hdslb.com/bfs/archive/279616babe4141940227e2f9344afd7c3473fad7.jpg",
        "//i0.hdslb.com/bfs/archive/7f80edc63865249525a366ec790a0b65dd0177bd.jpg",
        "//i1.hdslb.com/bfs/archive/14ab3ac0877827d12dab05c624d279a332a983e2.jpg",
        "//i2.hdslb.com/bfs/archive/baae2b4050363c0ab45465b7cf696b8304fdaca8.jpg",
        "//i1.hdslb.com/bfs/archive/fb39940a6e98736d574eb003e8ddb3b13641d1f5.jpg"
    ],
    "aid": [
        "710716315",
        "753100463",
        "370410875",
        "370009954",
        "412507811",
        "98027731",
        "84386955",
        "84400529",
        "81987653",
        "67629271",
        "61885213",
        "54408488",
        "51001784",
        "49986657",
        "49606683",
        "46355929",
        "37098615",
        "18200802",
        "17417340",
        "16726890",
        "14494920",
        "3533015",
        "2188740",
        "2063715",
        "1250357",
        "922275"
    ],
    "bvid": [
        "BV11Q4y1A749",
        "BV18k4y1k7MZ",
        "BV1rZ4y1W7Lv",
        "BV1NZ4y1j7zu",
        "BV1uV411f7bq",
        "BV1KE411P7B5",
        "BV1H7411i7yp",
        "BV1L7411i7sd",
        "BV1VJ411779C",
        "BV17J411N7zn",
        "BV1ot411M71v",
        "BV114411n7FA",
        "BV1t4411t7ja",
        "BV1yb411V7AZ",
        "BV1nb41157Ps",
        "BV1Db411H7rK",
        "BV1pt411X7vZ",
        "BV1wW411q7hH",
        "BV1gW41187ro",
        "BV1vx41157DL",
        "BV1Bx411s7bo",
        "BV1gs411R77w",
        "BV1fs411S7u7",
        "BV11x411A7Kq",
        "BV1Sx411T7QQ",
        "BV1Ks411Z7JE"
    ],
    "created": [
        "1589988966",
        "1588932007",
        "1587808819",
        "1586084414",
        "1585648836",
        "1584770435",
        "1579838414",
        "1579604414",
        "1578117617",
        "1568385376",
        "1564741999",
        "1559534993",
        "1556705136",
        "1555840827",
        "1555489991",
        "1552655989",
        "1543583131",
        "1515670027",
        "1513674703",
        "1511787243",
        "1505496681",
        "1452154882",
        "1428248414",
        "1425200383",
        "1404318961",
        "1390327090"
    ],
    "date": [
        "2020/5/20",
        "2020/5/8",
        "2020/4/25",
        "2020/4/5",
        "2020/3/31",
        "2020/3/21",
        "2020/1/24",
        "2020/1/21",
        "2020/1/4",
        "2019/9/13",
        "2019/8/2",
        "2019/6/3",
        "2019/5/1",
        "2019/4/21",
        "2019/4/17",
        "2019/3/15",
        "2018/11/30",
        "2018/1/11",
        "2017/12/19",
        "2017/11/27",
        "2017/9/16",
        "2016/1/7",
        "2015/4/5",
        "2015/3/1",
        "2014/7/3",
        "2014/1/22"
    ],
    "time": [
        "23:36:6",
        "18:0:7",
        "18:0:19",
        "19:0:14",
        "18:0:36",
        "14:0:35",
        "12:0:14",
        "19:0:14",
        "14:0:17",
        "22:36:16",
        "18:33:19",
        "12:9:53",
        "18:5:36",
        "18:0:27",
        "16:33:11",
        "21:19:49",
        "21:5:31",
        "19:27:7",
        "17:11:43",
        "20:54:3",
        "1:31:21",
        "16:21:22",
        "23:40:14",
        "16:59:43",
        "0:36:1",
        "1:58:10"
    ],
    "length": [
        "03:10",
        "03:39",
        "04:38",
        "03:28",
        "04:13",
        "03:06",
        "06:01",
        "06:42",
        "08:37",
        "04:00",
        "03:04",
        "04:20",
        "05:18",
        "10:54",
        "04:31",
        "04:06",
        "04:39",
        "03:22",
        "05:06",
        "04:32",
        "05:00",
        "02:53",
        "05:07",
        "03:24",
        "04:55",
        "03:31"
    ],
    "video_review": [
        "1347",
        "1470",
        "2028",
        "2968",
        "9234",
        "3310",
        "2078",
        "8416",
        "2014",
        "2333",
        "6011",
        "2931",
        "5112",
        "1554",
        "1513",
        "5183",
        "3404",
        "25900",
        "4992",
        "9920",
        "37611",
        "23531",
        "198932",
        "44611",
        "485575",
        "11395"
    ],
    "favorite": [
        "9887",
        "7130",
        "19653",
        "17229",
        "95555",
        "15847",
        "12390",
        "54065",
        "6397",
        "8647",
        "59064",
        "15981",
        "31241",
        "10631",
        "4138",
        "31406",
        "5764",
        "43571",
        "15888",
        "18107",
        "94371",
        "27858",
        "360081",
        "45151",
        "1365263",
        "41071"
    ],
    "coin": [
        "20860",
        "15716",
        "36110",
        "36840",
        "215192",
        "35489",
        "17761",
        "79245",
        "15261",
        "17579",
        "74101",
        "32741",
        "63190",
        "14846",
        "7409",
        "67400",
        "20559",
        "80574",
        "40495",
        "62177",
        "212920",
        "101551",
        "372648",
        "59536",
        "1936810",
        "48964"
    ],
    "share": [
        "1735",
        "1120",
        "3540",
        "4088",
        "26037",
        "2279",
        "2424",
        "9250",
        "1104",
        "1264",
        "9976",
        "2310",
        "4325",
        "1614",
        "932",
        "4766",
        "1040",
        "8354",
        "3635",
        "4125",
        "32296",
        "4669",
        "92678",
        "6883",
        "271934",
        "7472"
    ],
    "like": [
        "45801",
        "28981",
        "46681",
        "69269",
        "201130",
        "50728",
        "27576",
        "81123",
        "22847",
        "27498",
        "93043",
        "38587",
        "71456",
        "23499",
        "22003",
        "63778",
        "21948",
        "47567",
        "19143",
        "22466",
        "65091",
        "7087",
        "202924",
        "9118",
        "1280415",
        "15242"
    ]
}