{
    "title": [
        "【何同学】我用一万行备忘录做了个动画...",
        "【何同学4K】3299真香？iPhone SE使用体验",
        "【何同学】一只鸽子的自白",
        "【何同学】二十万元的电脑是什么样子的？苹果Mac Pro深度体验",
        "【何同学】给三年前自己的一封信",
        "【何同学】脆弱的美好 折叠屏手机深度体验",
        "【何同学】我就扫个码 更好的手机相机有什么意义？ 苹果iPhone 11系列深度体验",
        "【何同学】挺稳的 华为Mate 30 Pro深度体验",
        "【何同学】一看就懂！用水讲明白为什么5G更快",
        "【何同学】涨粉百万后，我的生活有什么变化？",
        "【何同学】有多快？5G在日常使用中的真实体验",
        "【何同学】哪款适合你？iPad mini 5和iPad Air 3深度体验",
        "【何同学】听～妙不可言 不被看好的AirPods为什么成功了？",
        "【何同学】每天只看半小时手机，坚持一周后我有哪些变化？",
        "【何同学】我心中的2018最佳国产手机，你绝对猜不到是哪部",
        "【何同学】收入？装备？未来规划？在校十万粉UP的真实情况",
        "【何同学】低音灭蜡烛，Siri真的傻 苹果HomePod深度体验",
        "【何同学】将iPad Pro用作主力电脑后... 11英寸iPad Pro深度体验",
        "【何同学】实用党的选择？iPhone XR深度体验",
        "【何同学】四代出神机？Apple Watch Series 4深度体验",
        "看得心都化了！当一个摄影UP去拍猫片......",
        "【何同学】这是全B站最黑的卧室！ | room tour",
        "【何同学】90块买的智能手表，没想到会这么好用",
        "【何同学】如何在B站学习做视频？  (P2附Pr零基础剪辑教程）",
        "【何同学】十年中最经典的5款苹果产品",
        "【何同学】能再战十年？！为什么2018年了我还买iPod Classic？",
        "【何同学】天生骄傲的锤子T1 为什么必然失败？",
        "【何同学】为什么iPhone 5C是我最喜欢的手机？",
        "如何将iPad变为错题本？（初高中）",
        "【体验】真●口叼相机？！",
        "使用苹果全家桶是种怎样的体验？",
        "【实拍】探密知乎总部！",
        "iPhone X吐槽 Face ID的三个缺点",
        "【Pr教程】超简单的任意门转场 打开门就可以进入任何地方！",
        "【中字】给新人VLOGER3点建议"
    ],
    "comment": [
        "15320",
        "16319",
        "23537",
        "17739",
        "13747",
        "10016",
        "13128",
        "33029",
        "13269",
        "14193",
        "56472",
        "5141",
        "4407",
        "10797",
        "2600",
        "2541",
        "2164",
        "2804",
        "2084",
        "798",
        "1282",
        "635",
        "2168",
        "570",
        "617",
        "1296",
        "1932",
        "944",
        "1018",
        "244",
        "1199",
        "502",
        "559",
        "472",
        "395"
    ],
    "play": [
        "5062973",
        "3798066",
        "5300285",
        "7119005",
        "4185646",
        "5512915",
        "6007879",
        "5559864",
        "5345657",
        "7711391",
        "20809549",
        "3458606",
        "2757149",
        "4729232",
        "1412595",
        "1814524",
        "1322494",
        "2120345",
        "1792071",
        "1041984",
        "972180",
        "668178",
        "718304",
        "947542",
        "562223",
        "730642",
        "572510",
        "793418",
        "831768",
        "301098",
        "982604",
        "571843",
        "587217",
        "440467",
        "354528"
    ],
    "pic": [
        "//i2.hdslb.com/bfs/archive/d8713881cbcafb0d7efc965bafe750fb644bb020.jpg",
        "//i2.hdslb.com/bfs/archive/a5f5b0e96513726d75c743953b08d03b1ea9bac0.jpg",
        "//i2.hdslb.com/bfs/archive/67b9aed25aa4cee68240ac7fcee5e493ef870c96.jpg",
        "//i1.hdslb.com/bfs/archive/5e18e772a4383abe3f0762f2f07083d1d8789ca4.jpg",
        "//i1.hdslb.com/bfs/archive/2df73ea4aeac4cf65dd0e53dad44ea0ede0bd6e9.jpg",
        "//i1.hdslb.com/bfs/archive/ccee7a5441a1a3fefca9011c558034847f60f04c.jpg",
        "//i1.hdslb.com/bfs/archive/56fff3e080722834116cd49a1a2ed656e7d453dd.jpg",
        "//i1.hdslb.com/bfs/archive/b5bb00f47372bc4c10dad878dba8a060daefcbb3.jpg",
        "//i2.hdslb.com/bfs/archive/0859d3d0db80f7000195efdc620ec93ff3972fdf.jpg",
        "//i1.hdslb.com/bfs/archive/047b91756df56f23e0fe5caf225a37c6451d48f6.jpg",
        "//i2.hdslb.com/bfs/archive/14945c3f6893e7489e15d731aa3032716e00ebea.jpg",
        "//i1.hdslb.com/bfs/archive/c11423e91e5eec12ec0b7b5cfb0a4f1b05a96dad.jpg",
        "//i2.hdslb.com/bfs/archive/0647135758d18fe1bd120e03228119d1f690ea0d.jpg",
        "//i1.hdslb.com/bfs/archive/ed7f0f74837212de1fdca9202a047401ed8cbb02.jpg",
        "//i0.hdslb.com/bfs/archive/81a8c75cf426413e19519446ec351355c78d99e0.jpg",
        "//i0.hdslb.com/bfs/archive/60056da18783d3afd3f4f626690526f1b10dcfb6.jpg",
        "//i1.hdslb.com/bfs/archive/18b4de49392096a808812a68b2e92e78d9f6bf3a.jpg",
        "//i0.hdslb.com/bfs/archive/058392eb2a9603b9b9a4105e243a481e04818619.jpg",
        "//i1.hdslb.com/bfs/archive/81469804dba1677ab5e7d7ac35aa27ddf87de4cc.jpg",
        "//i2.hdslb.com/bfs/archive/8ad67df00dfa293854e26826fabc444abb3a5f3d.jpg",
        "//i2.hdslb.com/bfs/archive/0f16bab7f3aeea2ed37dfc05e2c0eb916bdbfae0.jpg",
        "//i0.hdslb.com/bfs/archive/c832ab3bee41e3375b742b39c964f6afaf8900cd.jpg",
        "//i0.hdslb.com/bfs/archive/4cea0612a468bcea780071f9332fe632d05a6889.jpg",
        "//i2.hdslb.com/bfs/archive/9f44d7798f65580e116402b1a69d4f7617052276.jpg",
        "//i1.hdslb.com/bfs/archive/46dea755317ef237934566540aef40d058d73dc8.jpg",
        "//i0.hdslb.com/bfs/archive/f9d130cd1fcde12b580059f33756a6a709f386c8.jpg",
        "//i0.hdslb.com/bfs/archive/a794b3189c4e42a3973e94503120173892361668.jpg",
        "//i2.hdslb.com/bfs/archive/96e2f9c023a282110df5fa332589b4ec654e7d7c.jpg",
        "//i1.hdslb.com/bfs/archive/df2d94bd15ccce377a9d62e9fb08b183f834c5eb.jpg",
        "//i1.hdslb.com/bfs/archive/bd7a4c3c47131a6776740dfb1197511222b6feb0.jpg",
        "//i2.hdslb.com/bfs/archive/416aa7c8dc9fc549e4f6670aa07801dff5ac9592.jpg",
        "//i2.hdslb.com/bfs/archive/38fac7282e2cca06946c2283f17994acaf7460e9.jpg",
        "//i1.hdslb.com/bfs/archive/4b1e2466f4a98fcc3462d878aac1b30a727a44e7.jpg",
        "//i0.hdslb.com/bfs/archive/b311a28f27d41d7ed13ccbc0c0520d8c6e516c99.jpg",
        "//i0.hdslb.com/bfs/archive/6bc8398e9ba4cf27996dea5258c548f0a26dc69b.jpg"
    ],
    "aid": [
        "540601597",
        "412909688",
        "882566744",
        "92699533",
        "81516881",
        "79091085",
        "74166406",
        "69358135",
        "66210564",
        "60043361",
        "54737593",
        "52466874",
        "49432234",
        "47180907",
        "44080002",
        "43248892",
        "42349835",
        "37220850",
        "35049732",
        "33489311",
        "33249554",
        "32146794",
        "30630027",
        "29437173",
        "28684677",
        "27469164",
        "23278605",
        "22042515",
        "20209991",
        "19780443",
        "19205223",
        "17703816",
        "16581287",
        "15196234",
        "15147368"
    ],
    "bvid": [
        "BV1Xi4y1x7eM",
        "BV1wV411d7Dc",
        "BV1YK4y1C7CU",
        "BV1mE411J7xb",
        "BV12J411h7JM",
        "BV1aJ411C7tb",
        "BV1mE41187WT",
        "BV1nE411R7CS",
        "BV1T4411m7R7",
        "BV1ht411E7MQ",
        "BV1f4411M7QC",
        "BV1Q4411E77L",
        "BV1Tb411j7pf",
        "BV1Fb411E7Vm",
        "BV1Db411a7MV",
        "BV19b411S78N",
        "BV1mb411k7tE",
        "BV1Dt411X7Cx",
        "BV1Vb411P7j3",
        "BV1YW41117Jz",
        "BV1SW41127w8",
        "BV1nW411r7ay",
        "BV17s411c7cg",
        "BV1EW411R77n",
        "BV17s411g74K",
        "BV1ys411K7WN",
        "BV1jW411F7NP",
        "BV1LW411L7Bw",
        "BV1rW411s7hF",
        "BV1TW41177Kj",
        "BV16W411J7y4",
        "BV1MW411b7JH",
        "BV1Qx411V7yh",
        "BV1fx41137c3",
        "BV19x41137Vk"
    ],
    "created": [
        "1588766418",
        "1587561038",
        "1585658950",
        "1582976753",
        "1577807428",
        "1576236622",
        "1572610607",
        "1569731064",
        "1567268018",
        "1563635779",
        "1559822398",
        "1557834133",
        "1555329827",
        "1553398491",
        "1550570778",
        "1549891364",
        "1549017147",
        "1543713501",
        "1541069104",
        "1539083377",
        "1538809077",
        "1537530615",
        "1535539273",
        "1534333667",
        "1533557841",
        "1532260188",
        "1526034000",
        "1523628266",
        "1519900248",
        "1519035534",
        "1517913044",
        "1514462453",
        "1511407536",
        "1507420841",
        "1507303159"
    ],
    "date": [
        "2020/5/6",
        "2020/4/22",
        "2020/3/31",
        "2020/2/29",
        "2019/12/31",
        "2019/12/13",
        "2019/11/1",
        "2019/9/29",
        "2019/9/1",
        "2019/7/20",
        "2019/6/6",
        "2019/5/14",
        "2019/4/15",
        "2019/3/24",
        "2019/2/19",
        "2019/2/11",
        "2019/2/1",
        "2018/12/2",
        "2018/11/1",
        "2018/10/9",
        "2018/10/6",
        "2018/9/21",
        "2018/8/29",
        "2018/8/15",
        "2018/8/6",
        "2018/7/22",
        "2018/5/11",
        "2018/4/13",
        "2018/3/1",
        "2018/2/19",
        "2018/2/6",
        "2017/12/28",
        "2017/11/23",
        "2017/10/8",
        "2017/10/6"
    ],
    "time": [
        "20:0:18",
        "21:10:38",
        "20:49:10",
        "19:45:53",
        "23:50:28",
        "19:30:22",
        "20:16:47",
        "12:24:24",
        "0:13:38",
        "23:16:19",
        "19:59:58",
        "19:42:13",
        "20:3:47",
        "11:34:51",
        "18:6:18",
        "21:22:44",
        "18:32:27",
        "9:18:21",
        "18:45:4",
        "19:9:37",
        "14:57:57",
        "19:50:15",
        "18:41:13",
        "19:47:47",
        "20:17:21",
        "19:49:48",
        "18:20:0",
        "22:4:26",
        "18:30:48",
        "18:18:54",
        "18:30:44",
        "20:0:53",
        "11:25:36",
        "8:0:41",
        "23:19:19"
    ],
    "length": [
        "05:04",
        "05:25",
        "07:51",
        "08:12",
        "34:42",
        "07:47",
        "08:36",
        "09:11",
        "07:24",
        "09:12",
        "07:34",
        "06:42",
        "05:45",
        "06:57",
        "06:34",
        "10:27",
        "06:31",
        "06:15",
        "06:27",
        "04:26",
        "03:09",
        "03:58",
        "04:58",
        "07:43",
        "05:58",
        "04:25",
        "05:43",
        "04:15",
        "02:57",
        "02:24",
        "05:25",
        "02:55",
        "01:58",
        "03:49",
        "09:05"
    ],
    "video_review": [
        "32006",
        "23990",
        "94287",
        "56052",
        "66216",
        "26883",
        "38786",
        "59108",
        "39290",
        "51103",
        "194046",
        "9452",
        "7729",
        "38205",
        "5799",
        "9307",
        "5154",
        "5003",
        "4973",
        "2017",
        "3165",
        "2222",
        "1458",
        "1959",
        "2460",
        "2623",
        "1304",
        "1606",
        "1209",
        "766",
        "3092",
        "741",
        "1469",
        "685",
        "853"
    ],
    "favorite": [
        "182586",
        "65000",
        "219007",
        "184285",
        "157461",
        "147135",
        "189350",
        "109098",
        "227250",
        "126492",
        "869126",
        "49978",
        "43985",
        "171149",
        "12082",
        "26142",
        "18908",
        "22358",
        "13816",
        "7068",
        "28015",
        "4474",
        "6940",
        "81713",
        "3672",
        "4870",
        "3779",
        "5754",
        "19430",
        "1373",
        "10116",
        "2142",
        "1527",
        "26170",
        "9772"
    ],
    "coin": [
        "612010",
        "256114",
        "888710",
        "688376",
        "562128",
        "589757",
        "698617",
        "411624",
        "777538",
        "454333",
        "2178296",
        "153858",
        "161394",
        "316529",
        "55388",
        "92083",
        "71967",
        "72542",
        "53834",
        "25004",
        "51143",
        "12830",
        "17809",
        "39358",
        "12619",
        "14142",
        "9394",
        "19053",
        "11994",
        "4205",
        "21502",
        "5630",
        "5269",
        "12136",
        "2743"
    ],
    "share": [
        "48779",
        "30638",
        "37288",
        "85930",
        "47983",
        "38224",
        "51210",
        "84309",
        "50981",
        "27619",
        "460620",
        "32291",
        "29925",
        "50931",
        "2989",
        "2636",
        "8784",
        "12098",
        "7281",
        "3054",
        "12951",
        "1608",
        "1716",
        "4908",
        "1111",
        "1347",
        "1123",
        "1323",
        "4151",
        "672",
        "5975",
        "855",
        "685",
        "1884",
        "1868"
    ],
    "like": [
        "781781",
        "478959",
        "961718",
        "832986",
        "532479",
        "674124",
        "671058",
        "463202",
        "743972",
        "583381",
        "1952225",
        "177548",
        "176165",
        "376747",
        "69336",
        "131763",
        "79115",
        "85686",
        "66382",
        "33877",
        "71105",
        "26051",
        "31246",
        "47028",
        "19352",
        "23239",
        "19377",
        "32935",
        "26073",
        "11776",
        "44534",
        "17096",
        "18455",
        "22402",
        "11422"
    ]
}