{
    "title": [
        "不要被套路挑战！看看谁是小傻子！",
        "1分48开始嘶吼高能！国人无修音翻唱林肯公园《Faint》",
        "当up主真的快乐吗？",
        "背上搞艺术,全员毕加索",
        "不 要 渣 挑 战 ！（男）",
        "【小可儿】这歌属实扎心了……",
        "【听一遍瘦10斤】瘦 性 大 发",
        "女人！我的卡你随便刷！",
        "【小可儿】国 风 说 唱 ，当 潮 不 让。",
        "闭关2个月做一首土嗨【End of Time 小可儿 Remix】",
        "2020年更新企划及近况汇报",
        "【ＤＪ钉 钉 ，在 线 打 碟 】",
        "【沙 雕 配 音】祖  安  宝  宝",
        "失传已久的纯人声串烧版《恭 喜 发 财》",
        "【小可儿】 Believer 【纯人声翻唱】",
        "这个up主的房间地板沾满油渍",
        "【UP主拖更指南】咸鱼的诱惑 ·狮子/BOY/A路人/小可儿/丸子/凉风 现身说法【超梦计划】",
        "念诗之王【BML2019单品】",
        "真正的粉丝【BML2019单品】",
        "一年花了150万！？这UP到底干了啥？「阿婆镇社群启动说明」",
        "【纯人声】Shape of you【你绝对没听过的版本】【街头艺人】",
        "【小可儿×ilem】写给我家狗的歌（人声本家／专辑《2:3》收录曲）",
        "【义结筋澜】灌醉我",
        "【小可儿原创电音】Deep Dark Fantasy v2【PV附】",
        "【小可儿】In The End",
        "【小可儿】The A Team",
        "【原创电音】装逼的世界"
    ],
    "comment": [
        "290",
        "1382",
        "154",
        "409",
        "256",
        "366",
        "139",
        "224",
        "262",
        "536",
        "377",
        "364",
        "2198",
        "593",
        "1119",
        "382",
        "1160",
        "829",
        "2309",
        "558",
        "1315",
        "2477",
        "699",
        "346",
        "557",
        "537",
        "132"
    ],
    "play": [
        "70819",
        "389209",
        "28212",
        "111850",
        "60731",
        "143109",
        "41201",
        "31549",
        "45816",
        "126180",
        "49485",
        "139633",
        "1028090",
        "290294",
        "461251",
        "268514",
        "673718",
        "547434",
        "690702",
        "123581",
        "463567",
        "872088",
        "302318",
        "50198",
        "77525",
        "76764",
        "96198"
    ],
    "pic": [
        "//i1.hdslb.com/bfs/archive/31d26e897794323c6bb97247e65a8cd2ccd947e7.jpg",
        "//i2.hdslb.com/bfs/archive/57d81e83c55d5f9063b314f71ab1dcc4462c431b.jpg",
        "//i2.hdslb.com/bfs/archive/a6883164e0d042622e8c0181455486265e87c896.jpg",
        "//i0.hdslb.com/bfs/archive/6c303c8690d874b974569bb993356dc01288dfa3.jpg",
        "//i0.hdslb.com/bfs/archive/c1305179f5875d4b04309caa67c371b682d71605.jpg",
        "//i1.hdslb.com/bfs/archive/1c6b75b1b33d52cac52e55084cb5563e1421db7d.jpg",
        "//i1.hdslb.com/bfs/archive/556e637621f7f1718a9f1a206f6333496943154e.jpg",
        "//i2.hdslb.com/bfs/archive/b14364aafbaabe0b0f37975fd4bed2012c2de29d.jpg",
        "//i1.hdslb.com/bfs/archive/8f4595001a8b304d0ff3b117f1549732ca5067e3.jpg",
        "//i2.hdslb.com/bfs/archive/e6cf9759ca9625b765f0bbbfccf6cb89bc2f5dc5.jpg",
        "//i2.hdslb.com/bfs/archive/60c53259fef39767406572ef12cb3bf66f88c910.jpg",
        "//i2.hdslb.com/bfs/archive/07eb2d696d533bccba61cd0c4b782f5e7b28748f.jpg",
        "//i2.hdslb.com/bfs/archive/fe7d4621fd0472cdcf23ae96d521600f2139b8a7.jpg",
        "//i0.hdslb.com/bfs/archive/efa58318e609fc220da607485b676af0e57f1fd4.jpg",
        "//i1.hdslb.com/bfs/archive/6321a3ac54fa611e429f097ca84f47719760c5ac.jpg",
        "//i1.hdslb.com/bfs/archive/de8a44c1750e60490eb73cbe2a379a7f35c131e4.jpg",
        "//i2.hdslb.com/bfs/archive/017c4382fcb65dca4cbc1bc235b632745782e9f5.jpg",
        "//i0.hdslb.com/bfs/archive/3e82badd03e0ae61a04ec75a19263ecb1b2d7e35.jpg",
        "//i1.hdslb.com/bfs/archive/2068c0ea0af077c910bdbd1a5f0da265613efbb0.jpg",
        "//i2.hdslb.com/bfs/archive/9221d627e31ec87651687647c750a49c54e30741.jpg",
        "//i0.hdslb.com/bfs/archive/d15a5f8eb3c7ae551b81fb4def85f1dd83eba3b6.jpg",
        "//i0.hdslb.com/bfs/archive/9e175dde3a73f797a18231c630f188f1273a87f4.jpg",
        "//i2.hdslb.com/bfs/archive/58972bb8e3689254188c5b06dedb65c83d530199.jpg",
        "//i1.hdslb.com/bfs/archive/033a287a578bfa3659ccbe1ce5b716f216822226.jpg",
        "//i0.hdslb.com/bfs/archive/6dad2b7bb2a3d9ef1f7695b92bf127209d8f841c.jpg",
        "//i0.hdslb.com/bfs/archive/4944e43b8d2c2d430fa782b8175d6eb62cfd21b8.jpg",
        "//i2.hdslb.com/bfs/archive/a23c68ee10395e9f88857ccb026c0b0edefc6682.jpg"
    ],
    "aid": [
        "498376205",
        "455963252",
        "413427303",
        "583257788",
        "968279575",
        "370677469",
        "838227169",
        "795715218",
        "840520081",
        "412958340",
        "497546966",
        "90979768",
        "90375483",
        "85150819",
        "79162167",
        "76546017",
        "71334551",
        "68748703",
        "68745206",
        "67311702",
        "65493451",
        "48902566",
        "35660593",
        "14916312",
        "14695043",
        "8238607",
        "2089016"
    ],
    "bvid": [
        "BV1AK411p7nE",
        "BV1P5411W7wX",
        "BV1WV411r7Lg",
        "BV1pz4y1d7rL",
        "BV1Zp4y1Q7dY",
        "BV1HZ4y1p7v5",
        "BV1xg4y1B7Mh",
        "BV1wC4y1p7BU",
        "BV1Z54y1Q7Y4",
        "BV1LV411d74a",
        "BV1zK411773U",
        "BV1jj411f7uD",
        "BV1L7411P7ps",
        "BV127411k7ym",
        "BV19J411C7Am",
        "BV1vJ411272M",
        "BV1ZE411k7Mn",
        "BV18J411M7yw",
        "BV1EJ411M7RX",
        "BV18J411K7kL",
        "BV114411671S",
        "BV1Gb411M7vx",
        "BV1kt411m7qh",
        "BV1px411V7ND",
        "BV15x411G7Hm",
        "BV1Ks41187Vw",
        "BV1Rx411A7bL"
    ],
    "created": [
        "1592038832",
        "1591761602",
        "1591012842",
        "1590919219",
        "1590834299",
        "1589955312",
        "1589361603",
        "1589283005",
        "1588651256",
        "1587976652",
        "1585828835",
        "1582430411",
        "1582191269",
        "1580097627",
        "1576285227",
        "1574406058",
        "1571306432",
        "1569639613",
        "1569639613",
        "1568189341",
        "1566829473",
        "1555063240",
        "1541836859",
        "1506742101",
        "1506081852",
        "1485436674",
        "1425792846"
    ],
    "date": [
        "2020/6/13",
        "2020/6/10",
        "2020/6/1",
        "2020/5/31",
        "2020/5/30",
        "2020/5/20",
        "2020/5/13",
        "2020/5/12",
        "2020/5/5",
        "2020/4/27",
        "2020/4/2",
        "2020/2/23",
        "2020/2/20",
        "2020/1/27",
        "2019/12/14",
        "2019/11/22",
        "2019/10/17",
        "2019/9/28",
        "2019/9/28",
        "2019/9/11",
        "2019/8/26",
        "2019/4/12",
        "2018/11/10",
        "2017/9/30",
        "2017/9/22",
        "2017/1/26",
        "2015/3/8"
    ],
    "time": [
        "17:00:32",
        "12:00:02",
        "20:00:42",
        "18:00:19",
        "18:24:59",
        "14:15:12",
        "17:20:03",
        "19:30:05",
        "12:00:56",
        "16:37:32",
        "20:00:35",
        "12:00:11",
        "17:34:29",
        "12:00:27",
        "9:00:27",
        "15:00:58",
        "18:00:32",
        "11:00:13",
        "11:00:13",
        "16:09:01",
        "22:24:33",
        "18:00:40",
        "16:00:59",
        "11:28:21",
        "20:04:12",
        "21:17:54",
        "13:34:06"
    ],
    "length": [
        "11:51",
        "2:47",
        "3:58",
        "9:39",
        "14:49",
        "3:01",
        "3:22",
        "1:58",
        "3:26",
        "8:18",
        "5:29",
        "1:45",
        "1:46",
        "2:07",
        "3:47",
        "12:37",
        "3:58",
        "3:18",
        "20:49",
        "6:24",
        "3:53",
        "2:45",
        "3:35",
        "2:36",
        "3:39",
        "4:49",
        "4:10"
    ],
    "video_review": [
        "862",
        "1171",
        "73",
        "1182",
        "867",
        "240",
        "115",
        "2104",
        "153",
        "562",
        "190",
        "319",
        "4385",
        "492",
        "751",
        "737",
        "3132",
        "484",
        "13673",
        "217",
        "975",
        "2053",
        "584",
        "223",
        "367",
        "324",
        "155"
    ],
    "favorite": [
        "1293",
        "9472",
        "205",
        "1428",
        "426",
        "1327",
        "2317",
        "3353",
        "769",
        "1824",
        "309",
        "1908",
        "43823",
        "2859",
        "10993",
        "1835",
        "19131",
        "5275",
        "10987",
        "1568",
        "8934",
        "15911",
        "4706",
        "2014",
        "1571",
        "903",
        "310"
    ],
    "coin": [
        "1550",
        "21935",
        "222",
        "2178",
        "382",
        "1181",
        "228",
        "363",
        "915",
        "1998",
        "425",
        "1732",
        "31158",
        "4686",
        "24154",
        "2618",
        "26588",
        "4559",
        "19273",
        "1596",
        "13661",
        "22055",
        "9321",
        "3001",
        "2969",
        "1563",
        "101"
    ],
    "share": [
        "112",
        "1943",
        "36",
        "150",
        "60",
        "230",
        "721",
        "3283",
        "60",
        "172",
        "40",
        "358",
        "19014",
        "385",
        "997",
        "195",
        "4286",
        "2542",
        "4072",
        "367",
        "837",
        "2939",
        "600",
        "308",
        "191",
        "161",
        "77"
    ],
    "like": [
        "9739",
        "33099",
        "3893",
        "12842",
        "6327",
        "8186",
        "5880",
        "7586",
        "6652",
        "11077",
        "5838",
        "11938",
        "104763",
        "22883",
        "32244",
        "10020",
        "56159",
        "21433",
        "38420",
        "7316",
        "34125",
        "48996",
        "12680",
        "3465",
        "2840",
        "347",
        "433"
    ]
}