{
    "title": [
        "我们把豫章书院送上了法庭，却遇上新困境……",
        "【温柔】抢你孩子，抢你版权？十年前就开始了！",
        "豫章书院、心寒、人肉、恰烂钱——一些温柔的心里话。",
        "【温柔】一封全是恋爱酸臭味的公开情书……",
        "新冠肺炎疫情中最致命的“双重标准”！我们能学到哪些教训？",
        "日本疫情可能即将爆发，恳请所有留日的UP主和其他朋友，立即做好防护工作！",
        "【温柔】当有人无下限的抹黑，买水军网曝你，你该怎么办？",
        "搜查十几天，我居然找到了疫情蔓延的原因！？",
        "我为什么删除“浙武抗毒联盟”的视频？",
        "进来告诉你，我们为什么会喜欢B站？",
        "来自世界的温柔！豫章书院创作激励的捐款实录。",
        "有人冒充我的名字来骗钱，居然还骗到了！？豫章书院事件意想不到的风波……",
        "曝光豫章书院，我也收到了死亡威胁",
        "当事人告诉你豫章书院事件的完整始末！",
        "因为曝光豫章书院，我朋友被逼到自杀。",
        "高考考砸了，这不值得你去死。"
    ],
    "comment": [
        "2794",
        "11388",
        "11947",
        "5123",
        "3421",
        "7730",
        "3581",
        "27609",
        "4729",
        "5889",
        "10081",
        "13038",
        "37422",
        "64614",
        "70373",
        "1500"
    ],
    "play": [
        "164802",
        "994063",
        "1026261",
        "391727",
        "788463",
        "1340068",
        "284198",
        "9682317",
        "424044",
        "617028",
        "3551739",
        "2738047",
        "6901213",
        "18580087",
        "11871879",
        "609625"
    ],
    "pic": [
        "//i0.hdslb.com/bfs/archive/303837552bc82487e70c4cee74c3d1f1fe592160.jpg",
        "//i0.hdslb.com/bfs/archive/8f1cbeed38e783225b0fbbd80f9f3bd81c330a3b.jpg",
        "//i0.hdslb.com/bfs/archive/9491c11009be470dabd9815641abcc02ad90e2bf.jpg",
        "//i0.hdslb.com/bfs/archive/fdf5cb87fa6027bb1fc3c1e55c2d60050a3742f6.jpg",
        "//i1.hdslb.com/bfs/archive/e54f4f7369643695e8b2b0d474911cbc542d0ec3.jpg",
        "//i2.hdslb.com/bfs/archive/38544a5cd05f0db525a712d874cd195fcf066ccb.jpg",
        "//i2.hdslb.com/bfs/archive/cddf7cd9b1e58cd3dcd09cf0d6e30ec7d83f9ce2.jpg",
        "//i1.hdslb.com/bfs/archive/6d2dce6a4825227a8f3ae86c2e3eb82c81b8815c.jpg",
        "//i2.hdslb.com/bfs/archive/e3b7aa2d02af349610d8fe6d891474fd7b433e4e.jpg",
        "//i1.hdslb.com/bfs/archive/a1567001a298ee468f78074aaed99629302f371c.jpg",
        "//i2.hdslb.com/bfs/archive/0cdbf1bb90d6c1c24b5a5a9b769fe9c964339ccb.jpg",
        "//i2.hdslb.com/bfs/archive/86842e24b454e96631f705f3bef17b11834a12f4.jpg",
        "//i2.hdslb.com/bfs/archive/fd244b58cf7472802602d093e39b698f00c71360.jpg",
        "//i0.hdslb.com/bfs/archive/974d6874f4bcac76c7cf0e8b4dee7f2558af30ea.jpg",
        "//i2.hdslb.com/bfs/archive/0c62940b1582a3a056d4fbea3ee3d2f0ddd3ab01.jpg",
        "//i0.hdslb.com/bfs/archive/90908a0fd5ebb9c261dae11b029ffd73cdc7cb82.jpg"
    ],
    "aid": [
        "455979160",
        "838048631",
        "795250343",
        "837704912",
        "90616562",
        "90442259",
        "88806502",
        "87676920",
        "86294311",
        "78818349",
        "77365043",
        "74638397",
        "74163306",
        "73836578",
        "73372900",
        "56615375"
    ],
    "bvid": [
        "BV1E5411W7tB",
        "BV1Hg4y167Tg",
        "BV1FC4y1x7oh",
        "BV1ng4y187ZA",
        "BV1U7411w7r8",
        "BV197411c725",
        "BV1n7411G7PH",
        "BV1X7411t7jL",
        "BV1q7411W72E",
        "BV1ZJ411y7Dn",
        "BV1mJ411D7nj",
        "BV1sE411B7TM",
        "BV11E4118797",
        "BV12E411h7A6",
        "BV1hE41117S6",
        "BV1W4411g7oQ"
    ],
    "created": [
        "1591957807",
        "1588509586",
        "1587121222",
        "1586780713",
        "1582277503",
        "1582209559",
        "1581618341",
        "1581222336",
        "1580641804",
        "1576235416",
        "1575025258",
        "1572945181",
        "1572609908",
        "1572344909",
        "1572003174",
        "1561301328"
    ],
    "date": [
        "2020/6/12",
        "2020/5/3",
        "2020/4/17",
        "2020/4/13",
        "2020/2/21",
        "2020/2/20",
        "2020/2/14",
        "2020/2/9",
        "2020/2/2",
        "2019/12/13",
        "2019/11/29",
        "2019/11/5",
        "2019/11/1",
        "2019/10/29",
        "2019/10/25",
        "2019/6/23"
    ],
    "time": [
        "18:30:7",
        "20:39:46",
        "19:0:22",
        "20:25:13",
        "17:31:43",
        "22:39:19",
        "2:25:41",
        "12:25:36",
        "19:10:4",
        "19:10:16",
        "19:0:58",
        "17:13:1",
        "20:5:8",
        "18:28:29",
        "19:32:54",
        "22:48:48"
    ],
    "length": [
        "08:36",
        "07:52",
        "12:34",
        "03:14",
        "07:01",
        "04:56",
        "12:47",
        "10:08",
        "15:27",
        "06:50",
        "07:55",
        "04:59",
        "13:25",
        "11:14",
        "11:51",
        "04:45"
    ],
    "video_review": [
        "3967",
        "12311",
        "30336",
        "11060",
        "5360",
        "9751",
        "4467",
        "46544",
        "4850",
        "13676",
        "27449",
        "31956",
        "99753",
        "279605",
        "151897",
        "1133"
    ],
    "favorite": [
        "18090",
        "31892",
        "47723",
        "19356",
        "13190",
        "11859",
        "8428",
        "241705",
        "8308",
        "28789",
        "205236",
        "81984",
        "279257",
        "806254",
        "710136",
        "11013"
    ],
    "coin": [
        "63570",
        "79445",
        "163546",
        "43586",
        "38366",
        "25557",
        "29776",
        "632526",
        "27587",
        "65130",
        "1040257",
        "355535",
        "1150236",
        "2910693",
        "2628559",
        "26447"
    ],
    "share": [
        "3662",
        "8376",
        "5252",
        "3816",
        "5984",
        "17307",
        "1034",
        "157694",
        "1177",
        "4179",
        "14336",
        "13244",
        "148115",
        "321094",
        "376562",
        "930"
    ],
    "like": [
        "60760",
        "169279",
        "242109",
        "78778",
        "75122",
        "102968",
        "52504",
        "872862",
        "63265",
        "106729",
        "746785",
        "402418",
        "1024522",
        "2550395",
        "2068090",
        "38288"
    ]
}