<?xml version="1.0" encoding="UTF-8"?>
<beans xmlns="http://www.springframework.org/schema/beans"
xmlns:xsi="http://www.w3.org/2001/XMLSchema-instance"
xmlns:mvc="http://www.springframework.org/schema/mvc"
xmlns:context="http://www.springframework.org/schema/context"
xsi:schemaLocation="http://www.springframework.org/schema/beans
http://www.springframework.org/schema/beans/spring-beans-4.3.xsd
http://www.springframework.org/schema/mvc
http://www.springframework.org/schema/mvc/spring-mvc-4.3.xsd
http://www.springframework.org/schema/context
http://www.springframework.org/schema/context/spring-context-4.3.xsd">

    <!-- 扫描controller注解、,多个包中间使用半角逗号分隔 -->
    <context:component-scan base-package="com.rhine.studySSM.controller" />
    <!-- 支持mvc注解驱动 -->
    <mvc:annotation-driven enable-matrix-variables="true" />
    <!-- Spring MVC不处理静态资源 -->
    <mvc:default-servlet-handler />
    <!-- 视图解析器 -->
    <bean
        class="org.springframework.web.servlet.view.InternalResourceViewResolver"
        id="internalResourceViewResolver">
        <!-- 前缀 -->
        <property name="prefix" value="/" />
        <!-- 后缀 -->
        <property name="suffix" value=".jsp" />
    </bean>

    <!--文件上传解析器 -->
    <!--Spring MVC默认不能识别multipart格式的文件内容 -->
    <bean id="multipartResolver"
        class="org.springframework.web.multipart.support.StandardServletMultipartResolver">
    </bean>
</beans>