<?xml version="1.0" encoding="UTF-8"?>
<!DOCTYPE configuration
  PUBLIC "-//mybatis.org//DTD Config 3.0//EN"
  "http://mybatis.org/dtd/mybatis-3-config.dtd">
<configuration>
	<!-- 指定数据库连接信息的位置 -->
	<properties resource="db.properties"></properties>

	<!--com.hwadee.pro.model下的所有类定义别名 -->
	<typeAliases>
		<package name="com.hwadee.pro.model" />
	</typeAliases>

	<environments default="development">
		<environment id="development">
			<transactionManager type="JDBC" />
			<dataSource type="POOLED">
				<property name="driver" value="${driver}" />
				<property name="url" value="${url}" />
				<property name="username" value="${username}" />
				<property name="password" value="${password}" />
			</dataSource>
		</environment>
	</environments>


	<mappers>
		<!--注册UserMapper映射 -->
		<mapper resource="com/hwadee/pro/mapper/users.xml" />
		<mapper resource="com/hwadee/pro/mapper/UserMapper.xml" />
	</mappers>
</configuration>