mid,name
17409016,爱做饭的芋头SAMA
7552204,啊吗粽
38351330,阿幕降临
22141287,波桑吃遍世界
113362335,宝剑嫂
3682229,长歌与小见见
585267,纯黑
94114029,吃货请闭眼
216623621,吃货明3
19071708,潮汕好男人
2403047,嘟督不噶油
234256,逗川kshadow
285499073,东尼ookii
17819768,电影最TOP
99157282,盗月社食遇记
40966108,倒悬的橘子
2920960,大祥哥来了
1918296,丰兄来了
72270557,芳斯塔芙
63231,泛式
4474705,孤独的美食基
216025,尕丶天堂
2206456,花少北丶
9008159,花花与三猫CatLive
43536,黑桐谷歌
14254182,黑椒墨鱼
7792521,还有一天就放假了
36825256,槐安遗梦
3379951,ilem
9824766,敬汉卿
104207471,杰里德Jared
337521240,记录生活的蛋黄派
25876945,极客湾Geekerwan
466272,机智的党妹
1893045,狂风桑
3766866,科技美学
279991456,靠谱电竞
16794231,靠脸吃饭的徐大王
10345615,Kevin英语情报局
16853896,kei和marin
423442,KBShinya
51896064,罗汉解说
79061224,刘老师说电影
282994,泠鸢yousa
14110780,凉风Kaze
19642758,力元君
279583114,老坛胡说
163637592,老师好我叫何同学
546195,老番茄
250111460,蜡笔和小勋
11870568,拉宏桑
777536,LexBurner
927587,木鱼水心
1577804,某幻君
2374194,墨韵Moyun
18202105,绵羊料理
24314825,猫店
17546432,马壮实Hera
7487399,努力的Lorre
6574487,纳豆奶奶
6171645,OELoop
423895,怕上火暴王老菊
8034163,浅澄月
515993,枪弹轨迹
1565155,起小点是大腿
5293668,齐天大肾余潇洒
284120,三无Marblue
1950209,水一大魔王
37946996,守护茶茶
280793434,手工耿
257975429,十音Shiyin
4162287,渗透之C君
3380239,神奇的老皮
295711424,神秘店长A
1643718,山下智博
7349,STN工作室
10462362,天天卡牌
176037767,我是郭杰瑞
4408538,我是怪异君
265059948,温柔JUNZ
32820037,歪果仁研究协会
13354765,徐大虾咯
390461123,徐大sao
8366990,-欣小萌-
10119428,小片片说大片
185546,小可儿
5970160,小潮院长
168598,逍遥散人
196356191,翔翔大作战
3957971,贤宝宝Baby
35359510,远古时代装机猿
26240675,与山0v0
946974,影视飓风
375375,伊丽莎白鼠
322892,痒局长
116683,=咬人猫=
437316738,朱一旦的枯燥生活
62540916,周六野Zoey
562197,中国BOY超级大猩猩
326246517,zettaranc
