﻿aid,bvid,coin,comment,created,date,favorite,length,like,pic,play,share,time,title,video_review
456025297,BV1H5411W7mQ,7379,1470,1592212909,2020/6/15,6650,03:00,24162,//i2.hdslb.com/bfs/archive/fb2315ac81e23dfafd3721e50cba48f0d2b8f246.jpg,249138,767,17:21:49,清新夏日限定❤️你最最最重要！【欣小萌】,1270
370921493,BV1tZ4y1W7Km,11201,2727,1591952411,2020/6/12,5535,07:00,54492,//i1.hdslb.com/bfs/archive/35ef7e6c6c5812e9a081810ddf1f4be0437dbe6c.jpg,717015,1958,17:0:11,猛男请进，能撑过30秒算你赢！！！,22378
753482306,BV15k4y1z7Ty,4586,1089,1591359649,2020/6/5,9056,23:20,33640,//i1.hdslb.com/bfs/archive/d7a9609725a9627d13eee285d44c66e92064ff4f.jpg,398197,1668,20:20:49,【互动视频】这三座套路的大山把我重重压垮,8164
370895896,BV17Z4y1W767,8538,2785,1591267094,2020/6/4,9074,03:44,45707,//i0.hdslb.com/bfs/archive/6ab1d8ef18a2f44878323ee3c75c50d772b7a226.jpg,1145578,1359,18:38:14,我要变好看，你们看我美吗？【欣小萌】,4700
795754870,BV1NC4y1p7nc,4728,2320,1590761848,2020/5/29,2635,08:08,40911,//i1.hdslb.com/bfs/archive/29dba9f3acfc899a949f6d947d1855779da69e97.jpg,717209,615,22:17:28,一边跳舞一边吃东西挑战？？？？？？？,11716
710871687,BV1YQ4y1P7zY,18378,5392,1590461693,2020/5/26,8238,02:19,76997,//i0.hdslb.com/bfs/archive/df405fa02c372dfd66ed3362c8b3f5fce1930726.jpg,1058926,10977,10:54:53,腾格尔VS害怕区一姐 魔性歌舞你怕了吗？！,8788
200805003,BV11z411v7Kn,4538,2191,1590151860,2020/5/22,2992,06:29,47210,//i2.hdslb.com/bfs/archive/fc97e27d75c396bad015f5c93f677ee1c2f72b2d.jpg,698606,704,20:51:0,给300万粉UP主拍女装写真！@吃素的狮子,8538
243217857,BV1ae411W7Fp,11274,2746,1589878810,2020/5/19,11053,02:37,40585,//i1.hdslb.com/bfs/archive/9866f1077a0d9dab35893753c6d04dfd3affe156.jpg,949396,1761,17:0:10,羞答答的萌（猛）女，静悄悄地开！,2772
285636615,BV1of4y1m7V5,11356,2371,1589515250,2020/5/15,15863,04:06,56351,//i0.hdslb.com/bfs/archive/fffa2a69169af69993d9dec118fe45cc0de31e6d.jpg,1752975,2073,12:0:50,美好夏日 ❤️ 不跳舞就可惜了！【欣小萌】,4501
498082939,BV1LK411W735,47480,9752,1589083226,2020/5/10,23289,06:16,300389,//i2.hdslb.com/bfs/archive/46ee6020b02e2fbeb9f313bc354910343ca897b2.jpg,3579981,12661,12:0:26,我们猛男都这么约会,58059
925281208,BV1DT4y1G7Uk,13200,3387,1587195074,2020/4/18,15599,04:10,62505,//i0.hdslb.com/bfs/archive/ecb54726db58ada6d40fb7857788f5087db043b7.jpg,1929314,2569,15:31:14,猛女来了！睡衣尬舞，单眼皮女孩【欣小萌】,10004
412787851,BV1NV411Z7S1,219794,14331,1587052559,2020/4/16,128601,04:35,556687,//i2.hdslb.com/bfs/archive/87ada8eba8cc03d75a7b2404b91ad6ea1ddb50ec.jpg,7299710,34583,23:55:59,百大UP互殴现场！,61826
242749095,BV1me411W7J5,38337,6062,1586600393,2020/4/11,40508,02:54,114227,//i0.hdslb.com/bfs/archive/3cf3090de8bd5f27131bb8cd4e78759eea1b60c6.jpg,2912975,8963,18:19:53,【欣小萌】Yes OK！想住进你的心里呀❤️,11358
837599929,BV1Dg4y1b7iS,10064,2630,1585816411,2020/4/2,3740,04:16,55050,//i1.hdslb.com/bfs/archive/8f6e40de989f7cf77b0e29b058677d0d779f931f.jpg,632287,980,16:33:31,挑战美国80年代超魔性健身操，羞耻♂哭了！,7357
99515273,BV1Q7411C7nv,8698,2510,1585213213,2020/3/26,3717,09:33,49372,//i0.hdslb.com/bfs/archive/a18832c81d2af5b51d3baddad4f7b4dfd59fc634.jpg,823520,864,17:0:13,随机做饭❌虎狼之饭✔,15027
94136414,BV12E411H79c,42433,4806,1583488344,2020/3/6,18278,06:15,139492,//i1.hdslb.com/bfs/archive/a9dffb6c6f780bb13b3f880a55f98430e059dada.jpg,1806315,7976,17:52:24,撒 娇 挑 战 ！史 上 最 油 腻 ！,51819
90890263,BV1H7411c7ez,16802,5108,1582371411,2020/2/22,19392,01:17,78919,//i2.hdslb.com/bfs/archive/265e915b16b92cc5dfe0f4b29f40b57465adebb1.jpg,2726592,4743,19:36:51,宅男宅女看到都疯了 ！【欣小萌】,7634
88000335,BV1D741147Bm,18244,4154,1581327079,2020/2/10,7668,02:29,45825,//i2.hdslb.com/bfs/archive/cd2d87f24020733e730b091c28fd2fe26b6afdb5.jpg,619194,2113,17:31:19,《武汉伢》手语舞“我的城市生病了，但我依然爱她”,2718
87563436,BV147411t7Ky,52933,4143,1581157015,2020/2/8,32352,02:17,135420,//i2.hdslb.com/bfs/archive/2a3ddb2e872c70221025cf061ac58a6ab2dc1320.jpg,2619384,9099,18:16:55,宅了14天，女子忍不住抖了起来,8274
83704889,BV1ZJ41177VZ,24230,3134,1579177150,2020/1/16,22161,05:16,47750,//i1.hdslb.com/bfs/archive/20f62728c1749e4a9f54034901160ca3aa3385a4.jpg,1621072,3209,20:19:10,【欣小萌】人鱼姬高跟婚纱独舞 ❤️ stay alive,3298
82813706,BV1xJ411V7u3,23141,2855,1578715248,2020/1/11,19844,04:14,48506,//i1.hdslb.com/bfs/archive/f1bc7b54bae8717cac620e16fc1dad5dede58f87.jpg,1822347,3159,12:0:48,【欣小萌】开启心动模式，选我吧？！NEKKOYA,3247
82225361,BV11J411L7qC,16302,2394,1578230443,2020/1/5,10518,05:16,32350,//i1.hdslb.com/bfs/archive/c8bb125d61460b164ef89547abc51980c43a71d7.jpg,921478,1911,21:20:43,【欣小萌】一键换装，三倍快乐【阿拉德市集舞蹈特别版】,1928
79266928,BV1RJ411r7zy,7112,2647,1576411238,2019/12/15,3106,07:36,25595,//i0.hdslb.com/bfs/archive/2ee7095022f9c48bc601eefbb46833ed82f3fad2.jpg,776168,680,20:0:38,【欣小萌】我去拜师了 ！,3889
78135967,BV1ZJ411v77g,25284,3155,1575541099,2019/12/5,21645,04:36,128650,//i0.hdslb.com/bfs/archive/f15085c19f9ff3a1a6f7a31e2004b4a25cef67fe.jpg,2668611,4517,18:18:19,百万粉UP主2019年竟然经历了这些……【2019年年终总结】,17438
77471909,BV1aJ411Q7i9,4846,3222,1575086423,2019/11/30,2057,03:36,23499,//i2.hdslb.com/bfs/archive/ac890945c367cb7efe402cf43406e1e5662da00b.jpg,660327,576,12:0:23,偶遇！陌生人主动要求上镜，相机差点被抢走……真相是,2883
77147348,BV1aJ411X7KU,5739,2273,1574823626,2019/11/27,2281,04:20,21960,//i1.hdslb.com/bfs/archive/447574ec4bfcd07c70b240bf8d0067ee8e7ec0cf.jpg,466417,530,11:0:26,看小学时候写的诗集？往事不堪回首!,3221
76413823,BV1dJ41117M1,6558,2802,1574305239,2019/11/21,2635,05:09,29095,//i2.hdslb.com/bfs/archive/bb7b35e8b7330f8924ea9ef55265bbec83452e98.jpg,712004,844,11:0:39,老家的芦柑熟了，摘一点回来吃,4620
75967047,BV1gJ411S7ms,9467,2941,1573955982,2019/11/17,4248,06:31,37343,//i2.hdslb.com/bfs/archive/dbd356fe768e1c53bbeb0a46cae6e9e2cf4a42ec.jpg,1057342,946,9:59:42,up主小县城的家大公开，来做客吧,8295
75710478,BV1WJ411D7XX,7856,4014,1573790286,2019/11/15,2745,07:12,26393,//i2.hdslb.com/bfs/archive/fe06e266a36e2b7965e497caae181a4cd929cc6c.jpg,592595,743,11:58:6,和爸妈一起去功夫村，80岁老太都会功夫…,4412
73439530,BV1sE411a7X3,34769,14827,1572061464,2019/10/26,24980,06:28,53415,//i2.hdslb.com/bfs/archive/7b98c3856675818ed26c00a3aaffe314e01af98d.jpg,2041936,4941,11:44:24,【欣小萌】一击心动❤️染上你的颜色,4360
70987622,BV1tE411Z77o,10272,2258,1570882560,2019/10/12,4863,06:38,37930,//i1.hdslb.com/bfs/archive/903f12374f5324ce44f90574d5257bfedec1e8c1.jpg,1004349,1190,20:16:0,我在bw现场随机说骚话，结果竟然……,6562
69427114,BV16E411R7nN,14569,1735,1569834048,2019/9/30,11514,00:57,51074,//i2.hdslb.com/bfs/archive/0142e4e01888c3ce7a5c5f462e8d2ebaca2543a6.jpg,1679489,4039,17:0:48,放假了，少女独自在家跳羊驼舞！！【欣小萌】,1643
68815060,BV1SJ411M7Uf,52537,4276,1569293473,2019/9/24,65147,02:54,92180,//i0.hdslb.com/bfs/archive/540cfc60ed985654b183fe2ccac9939257419a9c.jpg,5708256,11204,10:51:13,【欣小萌】今天天气好，去天台蹦个迪,10487
67630150,BV17J411N7W3,23028,3296,1568520023,2019/9/15,10670,08:41,73091,//i1.hdslb.com/bfs/archive/e38f016adda9b3d04270d431017b79f379bfaf0d.jpg,2079385,4096,12:0:23,南开学姐含泪回校卖窝窝头，一块钱4个，场面十分火爆？,20596
67457647,BV1sJ411P7CF,142318,9562,1568276257,2019/9/12,158176,03:32,225230,//i1.hdslb.com/bfs/archive/e2a356b34e28feda14dcea93fb429a2c302aa95d.jpg,11353002,39913,16:17:37,【欣小萌】芒种，一想到你我就……,30339
66884419,BV1k4411k7vs,46077,2804,1567822384,2019/9/7,44121,03:48,69140,//i0.hdslb.com/bfs/archive/48a7d0182d2607eb12c79afc4a4cb90796af3275.jpg,3020298,6359,10:13:4,爸妈不在家，偷偷跳性感舞蹈……【欣小萌】,5652
65665713,BV1Z4411B7us,11567,4165,1566964810,2019/8/28,10516,04:18,41478,//i0.hdslb.com/bfs/archive/5e4de356bf978374357e4163fa4bb2eece6707d1.jpg,1451577,5807,12:0:10,【互动】快追，别让女朋友跑了！,13498
65132517,BV1i4411r7dd,32368,2250,1566624188,2019/8/24,10728,11:42,63259,//i1.hdslb.com/bfs/archive/b486c66b901c85b2f0149f49b60f1d1e57458c26.jpg,1399780,1871,13:23:8,模仿黄晓明，强迫百万up女装，结果……【自闭挑战】,20635
64385279,BV1i4411o7pP,22169,2855,1566188389,2019/8/19,18491,04:22,39986,//i2.hdslb.com/bfs/archive/bf22e46367d5d9801941ff6509f9aae503b0de5a.jpg,1473715,2512,12:19:49,【欣小萌】放学别走，我在学校操场等你！,3591
63690966,BV1J4411D7RW,8574,2692,1565781058,2019/8/14,3640,07:30,32369,//i0.hdslb.com/bfs/archive/4a872360a544d36e3c74a388caa77162299a7611.jpg,767454,915,19:10:58,挑战小学生暑假作业！！多久写完？,11796
63100439,BV1r4411X7mr,14228,2419,1565438844,2019/8/10,6493,07:17,54330,//i1.hdslb.com/bfs/archive/4b07a3decb9268780fd4f3c3c31ab75b238427c0.jpg,1740588,727,20:7:24,粉丝怀疑我有特殊癖好？！！【读评论】,22291
62618087,BV1Jt411T7Uv,32731,4289,1565170590,2019/8/7,26210,16:58,67232,//i1.hdslb.com/bfs/archive/23a710d6bb2bc110745f7dfc22234ae357853802.jpg,2061699,4287,17:36:30,帮up主选衣服，选对就跳舞❤️【互动视频】,27452
61733230,BV1Tt411F7Fu,11423,3771,1564650090,2019/8/1,12602,00:51,51761,//i2.hdslb.com/bfs/archive/8791e643d870cef9b4245072273a064a8dced045.jpg,1853872,1299,17:1:30,穿女仆装在大街上全速奔跑！！！,3588
61010724,BV18t411P7w6,21377,1979,1564228806,2019/7/27,18770,03:04,38166,//i0.hdslb.com/bfs/archive/8bd7fcae158766856aacfa267db468d4705f07d1.jpg,1878598,1642,20:0:6,【欣小萌】今天是你的黑色猫咪❤️,2678
60399721,BV1zt41177Vj,9887,1576,1563864942,2019/7/23,7198,01:53,34866,//i0.hdslb.com/bfs/archive/65245e683db96a244e07bbf60e3cc955fb4f5d17.jpg,1276211,764,14:55:42,在BML后台跳Bad Guy,2005
59530318,BV1Et411g7H3,146139,13538,1563379213,2019/7/18,89509,04:18,270797,//i0.hdslb.com/bfs/archive/e54a8070e0912e697413b360a6806c0b696a1b7c.jpg,7520813,16267,0:0:13,百万UP主开机甲只为阻止蕾丝发电！？,50799
59440922,BV1at411G7zf,16127,2354,1563281933,2019/7/16,7736,10:51,47506,//i2.hdslb.com/bfs/archive/dbba964db2153afa908b2a7a63ec122a79c2afbc.jpg,1938321,1050,20:58:53,随机挑战，超羞耻男装出门？,19869
58313141,BV1j4411F7bd,95961,7534,1562563592,2019/7/8,28854,07:00,109291,//i2.hdslb.com/bfs/archive/e686798b1a26654cef60e99ba9698c01972a74fd.jpg,2087957,11099,13:26:32,走出自闭，最羞耻的挑战！,34398
57331157,BV1Vx411R7dz,52477,3189,1561875749,2019/6/30,40961,03:04,71411,//i0.hdslb.com/bfs/archive/acddc572e1321e259f9ffb6c3e037d7f29745726.jpg,3113650,5774,14:22:29,【欣小萌】心跳加速了吗？❤️桃花笑~,7108
56643023,BV1Nx411o7Np,141412,9873,1561348836,2019/6/24,91962,01:27,173064,//i0.hdslb.com/bfs/archive/f6c5e249b479fdacb1769a9abfdc7268e30a9619.jpg,4411793,10315,12:0:36,走出自闭，在地铁当众跳舞是什么体验？【欣小萌】,12775
55645957,BV1z4411V7vC,4537,1225,1560600007,2019/6/15,1886,05:49,15831,//i2.hdslb.com/bfs/archive/3e9b2b27c2d78ee9d87dea47a1092c78593f62ab.jpg,467405,406,20:0:7,超豪华B站大礼包开箱，全送粉丝！【欣小萌】,5609
55181505,BV1R4411N7EC,16093,1395,1560168035,2019/6/10,5420,06:26,28363,//i1.hdslb.com/bfs/archive/ae756df6ef7c7114a85700b6c279862d1a97c680.jpg,613621,575,20:0:35,【欣小萌】B站爸爸邀请我们去保护海洋！,3965
54607705,BV1E4411M7rg,36446,3079,1559714146,2019/6/5,39208,03:38,53150,//i1.hdslb.com/bfs/archive/bdf3a4625ca85ae861e47a15f631d9b054a53433.jpg,2618588,4907,13:55:46,【欣小萌】乐队女孩向你告白！★ 高考应援【原创编舞】,5897
54456607,BV1D4411n7up,28557,7226,1559563249,2019/6/3,17384,06:03,88980,//i0.hdslb.com/bfs/archive/07b32de5e59d03aeb7940b6f82ddcf43db6d442a.jpg,1793471,6238,20:0:49,2019高考加油！UP主联合应援2019年高考,12364
54121244,BV1U4411H7EU,34438,3548,1559274580,2019/5/31,30144,04:28,42298,//i1.hdslb.com/bfs/archive/549a664ce99f5344b0546bfb1e5d9cefc902164d.jpg,1808060,2289,11:49:40,【欣小萌】Senorita❤️性感红裙回归~,1518
52311891,BV184411a7hS,29259,2178,1557720022,2019/5/13,26336,03:44,38271,//i2.hdslb.com/bfs/archive/85ac763a763ebdb3dd2ee63e6c2fa8e070919278.jpg,1589279,2278,12:0:22,【欣小萌】穿越次元来见你❤️AIAIAI❤️人工智能爱酱,2899
51616448,BV1f4411i76k,38431,2944,1557120653,2019/5/6,31308,03:58,47340,//i0.hdslb.com/bfs/archive/e14bd5f756a97f2557585bdad81c6f05a6a6ea88.jpg,2013932,2869,13:30:53,【欣小萌】是你的心动女生吗？❤ GEE,4899
50831114,BV1L441187Qf,36580,3900,1556522704,2019/4/29,21169,03:26,47429,//i2.hdslb.com/bfs/archive/7e9582a38fa6921e8bad6ed32b7d6fc94bd10ae7.jpg,1278104,2286,15:25:4,【欣小萌】勾指起誓,2947
50438798,BV1Z441187DX,20793,3958,1556189941,2019/4/25,14551,03:18,36274,//i0.hdslb.com/bfs/archive/b7591dabde0e5706522709b28b5845dd97e25bfb.jpg,1711427,7909,18:59:1,【欣小萌】每天一遍，防止抑郁。,4599
49903109,BV1ub411V7yn,8561,1188,1555742897,2019/4/20,5207,06:59,20049,//i0.hdslb.com/bfs/archive/9a2456c164ed4551b5d0bc4e8585b74c285d117d.jpg,886697,780,14:48:17,【欣小萌】某些up私下竟是这种人？舞蹈区up主的日常,3512
48215316,BV1bb411W7CA,78140,3353,1554350454,2019/4/4,78467,02:16,87951,//i1.hdslb.com/bfs/archive/1ee603353c54cac243a6578c400d490f67ddf69a.jpg,4306120,22028,12:0:54,【欣小萌】是你的学妹吗?❤️小鹿乱撞~,8481
47764351,BV1kb411W7nF,18606,1560,1553947238,2019/3/30,13549,04:47,24042,//i1.hdslb.com/bfs/archive/90dd6285c488ac89765a0e33310c87c97dfe2273.jpg,1078309,1605,20:0:38,【欣小萌】我想走进你心里 ❀ 堪堪~,2075
46815478,BV1Ub411E7fW,6356,1497,1553076648,2019/3/20,3894,12:13,15482,//i0.hdslb.com/bfs/archive/b958b1066aacc23d1676828d789fce238995c6a9.jpg,769080,588,18:10:48,【欣小萌】大揭秘！！我的剧组土味生活vlog,5052
46148392,BV1ob411n75y,13735,7969,1552478431,2019/3/13,7945,03:26,25275,//i2.hdslb.com/bfs/archive/41b9d6afc9743f3eae08dfa0c0f4efa6911412c4.jpg,779974,1865,20:0:31,【欣小萌×ilem】勾指起誓（人声本家／专辑《2:3》收录曲）,3097
45607448,BV1Ub411q7zy,39673,1983,1551961632,2019/3/7,31914,02:38,41613,//i0.hdslb.com/bfs/archive/896969a3441e36a8a05f42e2a8f15d6bd5b04459.jpg,1680067,5687,20:27:12,【欣小萌】出山 ✤ 下山跳个舞,2981
44774355,BV1Ab411h7F1,35168,2495,1551181658,2019/2/26,29939,03:30,39309,//i0.hdslb.com/bfs/archive/abf104479de0f56c453778c7d83eb4730a528376.jpg,1663376,3504,19:47:38,【欣小萌】solo❤只给你的独舞,3074
43315984,BV1vb411m7aV,12467,2261,1549960749,2019/2/12,7124,08:30,19694,//i2.hdslb.com/bfs/archive/622aff8be2b2d23fd5f2755998876c0d04d9b68b.jpg,699625,1854,16:39:9,【欣小萌】情人节快问快答/套路深还是情感真？,9064
42581472,BV1jb411r7My,31722,2186,1549252856,2019/2/4,22137,05:28,35909,//i1.hdslb.com/bfs/archive/0b9ee68e42fdd9c8d2b8e685abdf174d31e2ac0b.jpg,1194711,2939,12:0:56,【欣小萌】新年贺舞寄明月❀双马尾旗袍娘狂三cos,3235
42225061,BV1Zb411r7np,29057,3067,1548913652,2019/1/31,21724,03:16,34302,//i0.hdslb.com/bfs/archive/5d96222fed36883797df218377ecbe05498bcea5.jpg,1615395,4080,13:47:32,【欣小萌】书记魔性舞❤万恶之源/该来总要来【辉夜大小姐想让我告白】,2950
41569319,BV1xt411b7gq,30589,1714,1548333040,2019/1/24,20588,02:46,33006,//i0.hdslb.com/bfs/archive/ed04e1bcec979b7070b2d017bffab1602c02712b.jpg,1279208,3271,20:30:40,【欣小萌】我又初恋了❤点击一键脱单❤,1934
40688991,BV1Vt411H7vP,20148,3659,1547469040,2019/1/14,10572,03:49,22142,//i1.hdslb.com/bfs/archive/9feb4054b7e58c16164a9ad3b25def92d0fab439.jpg,812421,1790,20:30:40,【欣小萌】厦门VLOG笑吐血 / 倒霉孩子被拒绝 / 和我过一天,2266
40365721,BV1ot411s7uG,40451,2913,1547123404,2019/1/10,26935,02:46,38299,//i0.hdslb.com/bfs/archive/7fcb7603f0d341cad1bbe89dbc426ffe6fab3773.jpg,1266035,3549,20:30:4,【欣小萌】Good Time◁◁ 好嗨呀，共度好时光,2514
39089035,BV1dt411677p,48356,5485,1545913844,2018/12/27,49561,02:56,51668,//i0.hdslb.com/bfs/archive/45a553eb58be36364b68cfed35f2d833a966bc47.jpg,2757635,14952,20:30:44,【欣小萌】官方鬼畜❤️沙雕up跳改革春风吹满地~,4611
38138807,BV1At411i7UQ,29503,6781,1544788837,2018/12/14,21800,04:08,27296,//i0.hdslb.com/bfs/archive/271605a7f72e446c118acfaf9661cb8730b65497.jpg,963262,2845,20:0:37,【欣小萌】我在江湖等你 ✿ 乘云归【原创编舞】,2813
37695875,BV1Nt411D7cE,46117,10576,1544272250,2018/12/8,49644,02:44,41124,//i1.hdslb.com/bfs/archive/1d307d3743b2e2a0007b4c3496e581649c47048a.jpg,2179029,7693,20:30:50,【欣小萌】Havana◁◁ 你的细高跟小姐姐上线,3891
36886454,BV1Ut41197iJ,30251,1532,1543320028,2018/11/27,22467,03:50,26933,//i0.hdslb.com/bfs/archive/c787caf8c397985e85668ed4aade7496180e3be5.jpg,1107576,2724,20:0:28,【欣小萌】双马尾小恶魔来了，为你《着魔》【原创编舞】,2636
35546170,BV1pb411c7hH,24656,2364,1541680239,2018/11/8,19772,03:37,22181,//i1.hdslb.com/bfs/archive/7535ec580da04dc5d601fca14bf25bf988c1c9a2.jpg,956695,2565,20:30:39,【欣小萌】江南夜 ✿ 国风回归◆◇ 为你抹红妆,2108
35058317,BV1Lb411P7yb,36743,2137,1541073611,2018/11/1,36340,02:44,31834,//i0.hdslb.com/bfs/archive/7e79a7338f068545cbc29f8f0d72119be46a9e82.jpg,2023203,3569,20:0:11,【欣小萌】靠近我！★ 性感人鱼siren ★,2625
34569617,BV1nt411d7dh,43733,1869,1540468801,2018/10/25,30643,05:31,37582,//i0.hdslb.com/bfs/archive/9ab26d1f957302ab9924ef889f8d5bc10e76e737.jpg,1809431,2989,20:0:1,【欣小萌】偷偷在bilibili总部跳舞！★神谕法则,7244
34304064,BV1kt411o7C3,42376,3684,1540123234,2018/10/21,44250,04:07,32186,//i1.hdslb.com/bfs/archive/4382c9262f208a5f0c7a138d919497679ff386c7.jpg,2045305,4621,20:0:34,【欣小萌】响喜乱舞 ✿ 和风初尝试,14325
33962846,BV1mt411Z7zc,102019,5757,1539685814,2018/10/16,74500,05:10,67091,//i2.hdslb.com/bfs/archive/1525bced3fcc42ed9b776fcf7ac578668eb18e13.jpg,2945659,23046,18:30:14,【欣小萌】浪人琵琶✿谁陪我浪迹天涯,8255
33673450,BV1Dt411f7X6,17894,1108,1539345607,2018/10/12,21956,04:10,15365,//i0.hdslb.com/bfs/archive/9c3f7eb998f5eb23e7b51d817a4503068e0be82c.jpg,1157349,2034,20:0:7,【欣小萌】学习委员♡教室跳舞 YUAN,2140
33068973,BV1PW41127BG,28838,1589,1538650823,2018/10/4,24314,03:34,20591,//i0.hdslb.com/bfs/archive/53a776400ae13c0af42d24975e0d6301d984deb2.jpg,1165011,3034,19:0:23,【欣小萌】舞蹈串烧 ！那些年超火的甜歌，重回学生时代~【原创编舞】,2353
32563775,BV1kW411U7Nd,31831,1822,1538045897,2018/9/27,34196,03:17,21952,//i0.hdslb.com/bfs/archive/8f36660b8ecfc7949167610d564deb2c27190f3c.jpg,1410143,4999,18:58:17,【欣小萌】《樱桃小丸子》op♡厦门地标打卡，一起来装嫩！,2693
32067892,BV12W41167fk,14290,1100,1537525802,2018/9/21,16344,03:04,12648,//i0.hdslb.com/bfs/archive/299e5a2272e5ed66dab789d5594ce7ae84855480.jpg,1010877,1230,18:30:2,【欣小萌】元气少女❤️海滩“热”舞,1387
31246494,BV1HW411d7bx,28663,1693,1536314441,2018/9/7,32047,03:26,21667,//i0.hdslb.com/bfs/archive/ab6f792705468c688ffe4ae414d8ec2768b5445f.jpg,1688246,3657,18:0:41,【欣小萌】女警BAAM❤️今天我要逮捕你！,4076
30184978,BV1KW411D7HW,35694,2944,1535106620,2018/8/24,41581,03:08,28313,//i0.hdslb.com/bfs/archive/0cca65e7a0f7d402461cff0161492aa450d76ad0.jpg,2508013,8301,18:30:20,【欣小萌】肥肉都给你 ♡ 燃烧我的卡路里,4858
28334347,BV1Fs41137LQ,31040,2351,1533206451,2018/8/2,33935,03:44,21029,//i2.hdslb.com/bfs/archive/67456a5da1007dad91d634e4e6476646b8fb2a01.jpg,1621033,5512,18:40:51,【欣小萌】爱你 ♡ 小学晚会金曲回忆杀,4315
27291806,BV16s411N7bk,20326,1156,1532082610,2018/7/20,16543,03:56,12146,//i1.hdslb.com/bfs/archive/efc1a20d206c59f76177565c9f69d130b6eab8e3.jpg,653955,2111,18:30:10,【欣小萌】夏色笑容 ♡ 沙滩大海和夏天更配哦,1908
26192654,BV1qs411V7qH,42951,3910,1530784831,2018/7/5,58860,03:48,31775,//i2.hdslb.com/bfs/archive/7f7c756669b89a8ec0e592cb6af015b99cdf77e6.jpg,2839702,9911,18:0:31,【欣小萌】足球宝贝 ♡ 草地蹦迪BBoom BBoom！,6950
25307281,BV1Ms41177RF,14313,863,1529568334,2018/6/21,15236,03:06,8630,//i2.hdslb.com/bfs/archive/ef5c2fa07494eda6ce731dddeae737c0d53b9d33.jpg,690426,1558,16:5:34,【欣小萌】清凉夏日のshake it 【P2手机版】,1009
24541200,BV1XW411A73f,48076,4335,1528450838,2018/6/8,62929,03:46,34573,//i2.hdslb.com/bfs/archive/04add737d248ef2abe975ab7376992e55904d3d7.jpg,4157870,14142,17:40:38,【欣小萌】学猫叫！喵，是你屋顶的猫吗？,6969
23685861,BV1mp411d7fG,3427,922,1526796149,2018/5/20,1820,02:37,2546,//i0.hdslb.com/bfs/archive/af54c494265b7834bafe2905e06a11d97b3e9995.jpg,174305,445,14:2:29,♡ 520の告白 ♡ 糟了，是心动的感觉,429
22974339,BV1TW411G7ih,11697,735,1525441184,2018/5/4,9034,01:33,7534,//i2.hdslb.com/bfs/archive/726d8842194c0256e3d8b01f3433deb110336457.jpg,625708,864,21:39:44,【欣小萌】 ♡ pick me up ♡【闪亮吧，101女孩】 创造101主题曲舞蹈~,964
22859277,BV1HW41137Cd,8431,597,1525215321,2018/5/2,12067,228:45,6292,//i2.hdslb.com/bfs/archive/2b57905dcf9cb84f113d6d52060a93e2b26e4dba.jpg,607390,1264,6:55:21,【ASMR❤欣小萌】录播合集 持续更新,2508
22716051,BV1bW411V76g,6440,677,1524996038,2018/4/29,4392,04:12,3470,//i2.hdslb.com/bfs/archive/8a7e2cb1adfe5ffa1ef730f17ba5d6d7b942d1fa.jpg,218466,478,18:0:38,【欣小萌】【生日作】再见少女(H△G)喜欢就继续努力吧,975
22375031,BV1jW41157Ah,4475,697,1524303049,2018/4/21,2223,01:34,2558,//i2.hdslb.com/bfs/archive/1d293f9da50d700e18d70a334ca39f16aaffd830.jpg,150266,580,17:30:49,【男友视角】春日少女的香气 ⁄(⁄ ⁄•⁄ω⁄•⁄ ⁄)⁄,315
20275883,BV1wW411x7Av,6457,643,1519990939,2018/3/2,3245,02:15,3289,//i0.hdslb.com/bfs/archive/f067d63d1ad7be609671a67cfd20c4a2d7f66913.png,169380,535,19:42:19,【欣小萌？】假酒害人&尬舞普通DISCO~,672
19588740,BV1UW411E7JR,11166,1034,1518606065,2018/2/14,8070,04:04,5550,//i2.hdslb.com/bfs/archive/fee338416eba0050b8cfb818a7a03a3464a5327e.png,381110,745,19:1:5,【欣小萌 · 周年作】可以做你女朋友吗？,1556
19341429,BV1sW411n7Aj,10385,833,1518170446,2018/2/9,8392,04:28,4281,//i0.hdslb.com/bfs/archive/754b0bb56cfbcae22c79533d97e0a03590c074e9.png,310749,745,18:0:46,【欣小萌】我的刘海去哪了~snow song show,1342
18750311,BV1bW411e75M,7356,643,1517299272,2018/1/30,6368,01:46,3518,//i0.hdslb.com/bfs/archive/6dc853abbd329c2d97e0014e0a7e78ceca7ab38c.png,293269,970,16:1:12,【欣小萌】真人神还原❤恋爱吧❤【POP子和PIPI美的日常】,376
17587647,BV1nW411t7G9,4196,419,1514120637,2017/12/24,1975,02:02,2160,//i2.hdslb.com/bfs/archive/bc42c90082c0806ed336d675d7d321ae5c4187bc.png,117956,511,21:3:57,【翻唱】晚安喵~,281
16626823,BV1Nx411576E,7931,756,1511524100,2017/11/24,4500,04:33,5297,//i1.hdslb.com/bfs/archive/c1598ea7c91a794e6ebb6065ffcf297bb27c449e.png,169392,1376,19:48:20,【欣小萌】手语舞 ♡ 明天，你好 ♡,619
16441628,BV16x411L7W2,5435,524,1510994679,2017/11/18,3208,03:38,2032,//i0.hdslb.com/bfs/archive/a27f8080b8dbc69f338bd6f11b7246b77e3df439.png,154349,468,16:44:39,【欣小萌】Marine dreamin 中二水母游游游~,576
15870316,BV1Lx411E72u,1291,246,1509372025,2017/10/30,545,01:32,988,//i2.hdslb.com/bfs/archive/98aa8d305d19e1777c89914680c3e09597a36bad.jpg,47643,295,22:0:25,万圣节，cosplay一只南瓜（葫芦娃？？？）,150
15590128,BV1qx411M7Eo,5119,580,1508574051,2017/10/21,4626,04:24,1898,//i0.hdslb.com/bfs/archive/fbdb75a175910003952f31ec96ea43c41fd261fb.png,239537,444,16:20:51,【欣小萌】PINK CAT❤色气小姐姐上线？,691
15023414,BV1Vx41137v8,12325,1039,1507024263,2017/10/3,14950,04:28,3601,//i1.hdslb.com/bfs/archive/458798b46b5d09f801bcb1e69d0805f971cdc6df.png,700250,1178,17:51:3,【欣小萌】来自地球最后的告白～,1630
14694214,BV15x411G72A,2523,419,1506080234,2017/9/22,1643,02:36,726,//i1.hdslb.com/bfs/archive/b46cadbeca94c9bac0645bf010cbe03acf174c4a.png,63055,338,19:37:14,【欣小萌】想在海边白房子前起舞～迎向结束的开始之歌,328
13877143,BV1ax41187xm,6393,962,1503835993,2017/8/27,6055,04:59,939,//i0.hdslb.com/bfs/archive/d425728cedb68bef207c8bdb1a13997c27fc6581.png,205943,671,20:13:13,【欣小萌】 ♡ 情人节之吻 ♡ 请收下这份礼物～,963
13209021,BV1yx411n7Tn,5551,883,1502445623,2017/8/11,4670,05:03,1000,//i0.hdslb.com/bfs/archive/b2a4247a3a8564f1b57c62b1f0b0c0195ba6959c.png,186324,600,18:0:23,【欣小萌】我这么可爱真是对不起了～（捂脸）,1148
12762488,BV1Sx411W7TB,2277,619,1501414474,2017/7/30,1070,03:42,659,//i2.hdslb.com/bfs/archive/c2c780a782726977f32a8bebae8149a80e4e547f.png,69616,477,19:34:34,【后期萌】“吾之去南海，一瓶一钵足矣”—p1上海游记&p2制服少女,549
12489368,BV1Xx411i7fB,3031,703,1500814858,2017/7/23,1748,04:50,780,//i1.hdslb.com/bfs/archive/11b4e338b30cede33d4dad9d7c3b5b461be94b1e.png,99183,350,21:0:58,【欣小萌】沙滩•裸足【回避暧昧】海风中刻骨的爱恋,1060
12001106,BV1Cx411z71k,7082,900,1499508025,2017/7/8,3629,15:44,527,//i2.hdslb.com/bfs/archive/f28bc698654f1bde029672297ed2c503dce62128.png,150661,625,18:0:25,【欣小萌】你也想咬一口吗？【爱情decorate】～,1317
11377620,BV1gx411h7Lc,21624,1649,1497620540,2017/6/16,34020,06:25,9556,//i2.hdslb.com/bfs/archive/5a770e9fb82491733c7be7f8ef2d36f836c013e1.jpg,1921302,3199,21:42:20,【欣小萌】call me 爱酱脱丝袜跳舞 call me～,4383
10997575,BV1sx411e7CF,3856,498,1496322711,2017/6/1,4563,04:28,905,//i0.hdslb.com/bfs/archive/3f68db055c3a974bf63b66e7198727fb17bd9420.jpg,172071,734,21:11:51,【欣小萌】UNI洗脑循环，你也是小可爱呀？六一快乐~,744
10891776,BV1Px411e7XN,5939,612,1495977633,2017/5/28,5712,06:07,888,//i0.hdslb.com/bfs/archive/9490ffaa5ebea7e9b2ff4f84c2754ca2da3eb553.png,216610,769,21:20:33,【欣小萌】我想带你环游世界～～准备好了吗？【交织Together】,1210
10532657,BV1Rx411e7nd,3308,524,1494677321,2017/5/13,4771,05:25,516,//i1.hdslb.com/bfs/archive/0b60ae6d9597bf8be54a0b1817c448a59f7ce947.jpg,189813,346,20:8:41,【欣小萌】请签收你的小机器人吧！坚定的eye~,719
10271763,BV1fx41127DE,2698,483,1493751367,2017/5/3,2349,06:09,516,//i2.hdslb.com/bfs/archive/568ee465d2a6c63f0b97e033a4c99d5fccf7b4b7.jpg,86307,244,2:56:7,【欣小萌】嘿！你好吗～离春天最近的街道,449
9857682,BV1Nx411D75D,3907,594,1492263004,2017/4/15,6139,06:39,1519,//i2.hdslb.com/bfs/archive/11b4726dd687910b5e5ef3064df5671acec78bb6.jpg,363603,416,21:30:4,【欣小萌】【生日作】我的世界已坠入爱♥河～因为我喜欢你呀,1162
9559298,BV1Vx411Q7XW,6132,813,1491143006,2017/4/2,10722,06:13,1532,//i1.hdslb.com/bfs/archive/d1948f0f093c8f931c2c6eeb6b81c526506a6214.jpg,390526,830,22:23:26,【欣小萌】hide and seek 你愿意来找我吗,1421
9433959,BV1Yx411k7DC,1482,209,1490619141,2017/3/27,2073,05:00,1372,//i1.hdslb.com/bfs/archive/f25277fdbef3ca043b606f55e21a7035394233fa.jpg,251284,204,20:52:21,【欣小萌】北大未名湖♡爱之诗♡，安全裤不听我的话,413
9288865,BV1ox411r7iF,1731,401,1490011468,2017/3/20,2509,03:43,822,//i1.hdslb.com/bfs/archive/13ec7d785d0e2f17e75a2217ab6769db29c245e8.png,188311,165,20:4:28,【欣小萌】这回终于大长腿了【Sweet Magic】,387
8661067,BV1Tx411y7EZ,1936,373,1487295795,2017/2/17,2135,02:56,1576,//i2.hdslb.com/bfs/archive/8c14ce10139ab5df99d43f95b81e793b34fb4e3f.jpg,170418,302,9:43:15,【欣小萌】干物妹小埋【论原番的正确打开方式】高能～～,383
8310301,BV1js41187eP,1292,275,1485826225,2017/1/31,1985,03:16,970,//i1.hdslb.com/bfs/archive/777fd3edfb3d3d4a2b717e84de85b062e48a577b.png,191827,206,9:30:25,【欣小萌】恋爱循环❤发红包的恋爱循环❤,273
8248748,BV1Zs411b73f,1384,325,1485493479,2017/1/27,1437,01:51,1171,//i2.hdslb.com/bfs/archive/fc932432d9857a117bc930caffa8ea41b0a30ef7.jpg,178184,270,13:4:39,【白金disco&阴阳师】【新年作】这是入欧传送萌吗？【欣小萌】,263
7267152,BV1Zs411W7L2,1566,1274,1480166077,2016/11/26,1183,01:13,4815,//i0.hdslb.com/bfs/archive/51d22efde71ef411839ab8be53bc591eb26e5f22.jpg,380339,420,21:14:37,【欣小萌】【初投稿】恋爱循环(<_<),1127
