﻿aid,bvid,coin,comment,created,date,favorite,length,like,pic,play,share,time,title,video_review
243383166,BV1Rv411z7iX,36792,1413,1591419621,2020/6/6,8555,11:14,58210,//i0.hdslb.com/bfs/archive/ec67778d6b21c3c28c3678aca99e1cf4e895d027.jpg,497537,953,13:0:21,花20000元入住日本奢华酒店！竟然… 【深胖的日常①】,4264
583287843,BV1Xz4y1X7P1,55347,4515,1590147684,2020/5/22,45232,09:00,115337,//i2.hdslb.com/bfs/archive/4e1718f1ac019c907a4c9633772ca09d07fb0b06.jpg,2636408,6242,19:41:24,【咬人猫】沙滩上的水手服喵! ❤️ booo!【第100作】,4527
925374962,BV1BT4y1g7mk,42112,4855,1587621619,2020/4/23,38684,03:16,91139,//i2.hdslb.com/bfs/archive/f0b9cc8e2b86eb872f83f35a420f7d41e290b653.jpg,2115869,7038,14:0:19,【咬人猫】 4K画质！勾指起誓！你的手机能流畅播放吗？,6360
497794736,BV1pK411j7YX,51740,4421,1587211252,2020/4/18,38542,10:25,95869,//i2.hdslb.com/bfs/archive/81c96d79264d2da8fe72ec10e44d0d0fe0c1cf5b.jpg,2430741,5655,20:0:52,【咬人猫】在外太空蹦迪！蒂法喵❤️疑心暗鬼！,15331
497594135,BV1HK411L7FY,39853,3172,1585716432,2020/4/1,10578,09:07,79097,//i1.hdslb.com/bfs/archive/b33b17e2cc9fada5220762c93fc296dc096d4d01.jpg,972479,2055,12:47:12,全网最粗吸管！一口20个珍珠什么体验！【深夜吃不胖⑨】,8381
89206622,BV1y7411J7bx,96904,7784,1581761389,2020/2/15,83413,04:06,162420,//i1.hdslb.com/bfs/archive/d1ec8537edb17d8637b78728aa32335e59828a6b.jpg,5652403,17653,18:9:49,【咬人猫】今天不做饭！在厨房跳！Thumbs Up！,9408
85359480,BV1g7411r7ha,94715,4749,1580198453,2020/1/28,67302,02:39,146500,//i1.hdslb.com/bfs/archive/d2746ba082434bfefc8e2932bfa4a3ca8b21a72a.jpg,2896266,9959,16:0:53,【寄明月】咬人猫/有咩酱/赤九玖❤️155小分队!合体啦!,5971
81232875,BV13J411Y7BE,122412,5119,1577703613,2019/12/30,91799,07:40,147086,//i2.hdslb.com/bfs/archive/1367fca2aa5372815c18fe11baeab3216b2632df.jpg,4373598,22047,19:0:13,【咬人猫】女仆装恋爱循环❤️加速版 &“腾格尔”版！,10491
77166462,BV1bJ411X7nN,90810,4602,1575025258,2019/11/29,62295,03:42,113979,//i1.hdslb.com/bfs/archive/e39a31768758aaf94f6a59a73765bae1956fd66c.jpg,3489876,12266,19:0:58,【咬人猫】芒种 ❤️ 一想到你我就……,6522
69874552,BV1mE411Q75L,69496,5687,1570100458,2019/10/3,70669,03:31,110460,//i1.hdslb.com/bfs/archive/9324d669c04d05ffbaea533285f89bc18fa8d5a9.jpg,5846577,7761,19:0:58,【咬人猫】邮轮蹦迪初体验！❤️ FANCY！,6740
67456873,BV1pJ411P7zm,234461,10453,1568289612,2019/9/12,243064,02:58,330831,//i2.hdslb.com/bfs/archive/06ce21a3e9d69ff8bd65cba2f498316abc296f5b.jpg,17296736,67666,20:0:12,【咬人猫X露露】今天不上班！跳猛男版！新 宝 岛！,26617
63670855,BV1W4411D71Y,183482,7108,1565953249,2019/8/16,109194,03:53,193804,//i2.hdslb.com/bfs/archive/6bcf5a86c8243e46030c02e0f133660402b3b016.jpg,5063394,14847,19:0:49,【咬人猫x咬人喵】姐妹波斯喵❤️我的妹妹才没这么高冷！,10660
55650303,BV164411V71M,46294,3811,1560600007,2019/6/15,22599,03:28,55445,//i0.hdslb.com/bfs/archive/cfe5004ebfbaf6fd0ed2d3801227eef414bf3ffa.jpg,1770632,3056,20:0:7,【咬人猫】轻飘飘的时间❤️和我一起组乐队吧！原创舞蹈o(*≧▽≦)ツ,4845
54784637,BV1N4411u7Hr,19054,2150,1559911585,2019/6/7,6472,05:50,32628,//i2.hdslb.com/bfs/archive/4190151c1d6282ef5c7a34c26a0c9f9e759a43b3.jpg,920669,1165,20:46:25,【咬人猫】藏宝图大公开❤️跟着UP去成都寻宝？o(*≧▽≦)ツ,3321
54841002,BV1z4411K7sx,58604,3463,1559900884,2019/6/7,36434,04:52,63402,//i1.hdslb.com/bfs/archive/fdc053faf489da6b6dc4a1b2a310c6c52257ad39.jpg,1838051,4154,17:48:4,【咬人猫】AIAIAI❤️舞蹈版+The Light原创舞蹈❤️两只爱酱向你奔来了o(*≧▽≦)ツ,6575
54142108,BV1P4411p7e2,73733,7551,1559302035,2019/5/31,40833,04:13,83613,//i1.hdslb.com/bfs/archive/18a19018558e5f319209f7a2fb0f320c16d7917a.jpg,2109689,4464,19:27:15,【咬人猫】AIAIAI❤️MV版！爱酱穿越时空的降智打击！o(*≧▽≦)ツ,2647
52727612,BV1b441177Uu,81029,4016,1558095600,2019/5/17,56740,02:24,84284,//i0.hdslb.com/bfs/archive/22dd519827dc49053ed6e8c8b044ae156e10eda4.jpg,2896620,7973,20:20:0,【咬人猫】小鹿乱撞❤️花嫁猫姊妹篇o(*≧▽≦)ツ,5189
50530804,BV1s4411h7ou,189604,10749,1556625040,2019/4/30,123865,06:32,194189,//i2.hdslb.com/bfs/archive/3b1919bdf7bcfaf999fb8627bf8922270cc4b08e.jpg,5498568,20666,19:50:40,【咬人猫】勾指起誓❤️ 初次自唱跳~原创舞蹈o(*≧▽≦)ツ,16097
42463258,BV1Vb411C7wk,165706,10266,1549112859,2019/2/2,124887,03:20,212439,//i0.hdslb.com/bfs/archive/2b19826ff83641570fa9a83f3eea342c5725f51d.jpg,7779005,32515,21:7:39,【咬人猫】书记舞❤️ 辉夜大小姐想让我告白 ED2 o(*≧▽≦)ツ,12722
38677044,BV1vt411Y7k2,84794,5586,1545395109,2018/12/21,35895,07:22,72093,//i0.hdslb.com/bfs/archive/ca717badbf1d974a8273aa6d34c8ef3cc6c70c30.jpg,1884993,5280,20:25:9,【咬人猫】Love Potion❤️圣诞喵！请注意查收o(*≧▽≦)ツ,6470
37049274,BV1Zt411Q71u,55164,14940,1543575647,2018/11/30,17379,23:51,44958,//i1.hdslb.com/bfs/archive/5b7b8c90a3a2743fa292f58013b4e0e99b2ce12d.jpg,914034,3418,19:0:47,【咬人猫X露露】深夜吃不胖⑧！挑战恐怖昆虫宴！,9067
33131459,BV1pW41127e5,84810,6334,1538678402,2018/10/5,48755,04:00,61689,//i2.hdslb.com/bfs/archive/7a1c645005f83835ab9890503515ec1c1e8e7272.jpg,2501209,7067,2:40:2,【咬人猫】神谕法则❤️与你命中注定的相遇！原创舞蹈 o(*≧▽≦)ツ,6431
31715666,BV1nW411y7ot,77217,5081,1536932532,2018/9/14,35730,05:51,54988,//i0.hdslb.com/bfs/archive/78e9adc9eb9cea3a8197e8c121e2d31e82412df6.jpg,1741350,12130,21:42:12,【咬人猫/有咩酱/赤九玖】155小分队❤️三只血小板的UNI❤️o(*≧▽≦)ツP2竖屏版,6531
30724586,BV1NW411f7VX,109228,7607,1535631100,2018/8/30,59259,03:47,71403,//i0.hdslb.com/bfs/archive/e5a36adf1c921f5caf1aedbbc8e54dba7a16b541.jpg,3067034,13213,20:11:40,【咬人猫】BAAM❤️武装喵命中你了吗o(*≧▽≦)ツP2竖屏版,9386
29523121,BV1vW411R7M4,82133,7829,1534420853,2018/8/16,51298,07:04,58206,//i2.hdslb.com/bfs/archive/06c0c30f899471af3d95add56b9eac306cb3f666.jpg,3014892,9510,20:0:53,【咬人猫】Toxic❤️你的专属小恶魔 o(*≧▽≦)ツP2竖屏版,9827
29013765,BV1js411u7Xr,86035,5598,1533902447,2018/8/10,51144,04:06,57803,//i1.hdslb.com/bfs/archive/ed980a0b4b95aab376408a040557ad0c0fba7256.jpg,3652535,10430,20:0:47,【咬人猫】Fall in Love❤️你的专属小护士 o(*≧▽≦)ツP2竖屏版,8359
26252517,BV1Fs411p7tS,94867,6440,1530878108,2018/7/6,48815,03:42,58680,//i1.hdslb.com/bfs/archive/3a318d271175b4a8c80ed6c9e19801339be6c59b.jpg,2585758,19461,19:55:8,【咬人猫X露露】与你同行~B With U~❤️这个夏天陪你们一起度过o(*≧▽≦)ツ,9221
23914769,BV17p411R7jh,94191,7721,1527249629,2018/5/25,46957,01:43,44130,//i1.hdslb.com/bfs/archive/29e05d1a6a63db4d3a7c6d2cb24b43b7a9655ef5.jpg,2835785,6740,20:0:29,【咬人猫】激昂壮志❤️short ver. o(*≧▽≦)ツ,7608
20536702,BV1BW411W7d2,122843,8033,1520582431,2018/3/9,47333,04:06,48549,//i1.hdslb.com/bfs/archive/5aba2620bd02676869a0aba08096fe22ce28bc4b.jpg,2530161,9464,16:0:31,【咬人猫】蝴蝶・涂鸦❤️Butterfly · Graffiti o(*≧▽≦)ツ,11511
16628021,BV1Nx41157bv,141817,10421,1511611202,2017/11/25,54476,03:36,42064,//i1.hdslb.com/bfs/archive/8a9bef86c2121246f2e6af2668461b26b861c74d.jpg,2913116,12468,20:0:2,【咬人猫】随心所欲Mercy❤️真的对我没兴趣吗？(๑• . •๑),13296
15572523,BV16x411M7T5,215748,11200,1508517351,2017/10/21,116120,02:03,59625,//i1.hdslb.com/bfs/archive/9e305a58a71fc3ce364a7c09cfeeeb9721ab03d8.jpg,6879203,46465,0:35:51,【咬人猫】小埋体操❤干物妹小埋R！原创改编舞蹈o(*≧▽≦)ツ,17209
12960592,BV1cx411p7Lc,301932,18602,1501845998,2017/8/4,200228,04:01,64251,//i2.hdslb.com/bfs/archive/8d38f8c7a8f1c072a0b28d63bd304c59810450d6.jpg,6722051,56259,19:26:38,【咬人猫x咬人喵】桃源恋歌❤️我爱你(⁎⁍̴̛ᴗ⁍̴̛⁎)我的姐姐不可能这么可爱！,35006
11022534,BV1Ax411a72W,145062,10729,1496419246,2017/6/3,83437,03:34,25633,//i1.hdslb.com/bfs/archive/505431cb46ec36d87e5b8da0cd96bb68a5142603.jpg,4892064,20722,0:0:46,【咬人猫】Love Me If You Can❤o(*≧▽≦)ツ,16290
10501369,BV1Cx411e7kZ,108946,7691,1494583331,2017/5/12,49012,12:55,10731,//i2.hdslb.com/bfs/archive/34f67f1fd4f465b82ab8f3a9ef4ac0fe5b233ba3.jpg,2141882,14675,18:2:11,【咬人猫】虫奉行❤明年也一起去看樱花吧o(*≧▽≦)ツ,14499
8614487,BV1sx41127mr,107681,7962,1487070528,2017/2/14,63240,04:07,28441,//i2.hdslb.com/bfs/archive/69cf9721d5b0d1222eea282522adbedf8153cfd8.jpg,4630888,15603,19:8:48,【咬人猫】Calc.❤想和你去看最美的风景o(*≧▽≦)ツ,12904
8182926,BV1qs411b7BA,113983,7313,1485187322,2017/1/24,53329,04:01,11754,//i0.hdslb.com/bfs/archive/62c9c8bb06e08c7de004237a9ec275ec9f687a4e.jpg,3561937,10439,0:2:2,【咬人猫】PiNK CAT❤o(*≧▽≦)ツ,13019
7808885,BV1js411Y7Mh,45244,5157,1483279442,2017/1/1,13515,02:00,2611,//i1.hdslb.com/bfs/archive/294f44a8376b5439f5be08c1ab5cb997f4ea5367.jpg,1312567,1914,22:4:2,【咬人猫】盛夏的Letter Rainbow❤o(*≧▽≦)ツ,7070
7495672,BV1us411e7D8,20909,4283,1481518998,2016/12/12,7185,15:05,3528,//i2.hdslb.com/bfs/archive/186d39c53c49f11f4394e65559b391187a2c485d.jpg,1448027,2779,13:3:18,【咬人猫X露露】深夜吃不胖⑦！挑战世界上最硬的食物！,12353
6945785,BV1fs411s77P,82367,4659,1478186049,2016/11/3,73852,02:12,12414,//i0.hdslb.com/bfs/archive/1ec8c824870f5cd55ed5f688f136a183e773d45a.jpg,4688849,16464,23:14:9,【咬人猫】PPAP❤没错我也中毒了！2P=͟͟͞͞(๑•̀д•́๑),9034
6683560,BV1Js4114753,166338,8720,1476516102,2016/10/15,103156,04:01,17534,//i2.hdslb.com/bfs/archive/9590e8ca18fbc85a8ff684a0535d27a4161518bd.jpg,5146619,12427,15:21:42,【咬人猫】坚定的Eye❤o(*≧▽≦)ツ,17513
6471208,BV1Ns411b7gt,16179,18893,1475230862,2016/9/30,5128,17:17,2554,//i0.hdslb.com/bfs/archive/fde7a6c75d96dca8b4bb43a0294c91c443ba09f5.jpg,985472,2017,18:21:2,【咬人猫X露露】深夜吃不胖⑥！挑战麻辣大龙虾！,12104
6117110,BV1Ys41167aL,458397,30707,1472733343,2016/9/1,503791,03:47,224454,//i1.hdslb.com/bfs/archive/62915c7879fb3149bd8e21fb6e3c06749b7b40b2.jpg,22044582,151517,20:35:43,【极乐净土】咬人猫/有咩酱/赤九玖❤155小分队o(*≧▽≦)ツ,85653
5682645,BV1Qs411C7Sp,112325,8010,1470486045,2016/8/6,60105,03:47,10361,//i2.hdslb.com/bfs/archive/a96729ac9e0a14544d1fcdb1471d23cf7ac1e61b.jpg,3286277,14255,20:20:45,【咬人猫】落花情❤ o(*≧▽≦)ツ,18203
5372796,BV1ms411y778,19280,3856,1468751240,2016/7/17,8384,18:06,1474,//i1.hdslb.com/bfs/archive/f28ddb67b7c6ed738ebcdf3f180553a8337e7598.jpg,1283213,2124,18:27:20,【咬人猫X露露】深夜吃不胖⑤！挑战榴莲大餐！,16814
5151020,BV11s411v7iu,100743,6086,1467291422,2016/6/30,54293,04:39,9052,//i1.hdslb.com/bfs/archive/e7b06dfa48d65f7d0c3f07dec9b0a682d1e32e25.jpg,2545307,16235,20:57:2,【咬人猫X赤九玖】Do Re Mi Fa MIX❤(*≧▽≦)ツ(*≧▽≦)ツ,12137
4686255,BV12s411B7jZ,91016,5823,1463499773,2016/5/17,55522,03:40,20951,//i0.hdslb.com/bfs/archive/c64e827c630f3f6f360c742e410df15ff6cab7db.jpg,3580171,15224,23:42:53,【咬人猫】染上你的颜色❤o(*≧▽≦)ツ,13527
4246624,BV1Fs411z7dL,15756,2788,1459527711,2016/4/2,5470,27:18,1409,//i0.hdslb.com/bfs/archive/2c40ada5ff6d139b71f7452db4278c70467ce07d.jpg,933524,1967,0:21:51,【咬人猫X露露】深夜吃不胖④！挑战水果火锅！【接受黑暗的惩罚】,24050
4061568,BV18s411Q7yf,204798,10552,1457608423,2016/3/10,157629,03:39,50138,//i2.hdslb.com/bfs/archive/6c70c817d7164387bf1422a20a86fe2b15ab850e.jpg,7668979,41325,19:13:43,【咬人猫】妖精的尾巴OP15❤MASAYUME CHASING o(*≧▽≦)ツ,30299
3777820,BV1Rs411X76N,23855,2711,1454820190,2016/2/7,15450,04:24,1904,//i0.hdslb.com/bfs/archive/6e53e4b3b772e30bed4c935f10f02ae2e960d292.jpg,1043863,4979,12:43:10,【咬人猫/有咩酱/赤九玖】155小分队❤sweet&sweet holiday❤,7120
3589326,BV1ts411R7Ba,39227,4498,1452871373,2016/1/15,21856,02:40,2945,//i2.hdslb.com/bfs/archive/0f2fe0f35460d614b69b17589777567ef7882456.jpg,1760894,6826,23:22:53,【咬人猫】好想你❤翻唱~(๑• . •๑)~,13085
3523539,BV1Ms411R7rj,9707,3363,1452006093,2016/1/5,5176,15:07,1498,//i1.hdslb.com/bfs/archive/0eb88fdf7fef5877c368deaee5a2d9cf9ec78150.jpg,1630413,2623,23:1:33,【咬人猫X露露】深夜吃不胖③！挑战50块吮指原味鸡！,31521
3488637,BV1Ks411R7RP,36134,4185,1451578114,2016/1/1,23168,03:46,2655,//i1.hdslb.com/bfs/archive/8f823572edaf26079388eec6bf60963c1162407b.jpg,1805173,6091,0:8:34,【咬人猫】爱之诗❤o(*≧▽≦)ツ,14361
3021790,BV1ns41127nB,6455,2256,1444166430,2015/10/7,4214,18:23,1137,//i0.hdslb.com/bfs/archive/605247ebaae0f56caf0e17dbf8d5c85686585d58.jpg,777858,1564,5:20:30,【咬人猫X露露】深夜吃不胖②！深夜作死节目！ (o◕∀◕)ﾉ (o◕∀◕)ﾉ,18040
2919915,BV1Us41117tp,32745,2970,1442497589,2015/9/17,31144,03:41,4927,//i2.hdslb.com/bfs/archive/516c4e0e75e9e70ad31d93dbc21d6c1fa0cbce84.jpg,2694195,3606,21:46:29,【咬人猫】Marine Dreamin'❤o(*≧▽≦)ツ,12749
2751717,BV1ts411m7v5,83818,6449,1439795310,2015/8/17,76049,02:12,19410,//i0.hdslb.com/bfs/archive/2b70d98176fb5ac5ba78873191a2d4281385dbf2.jpg,7098840,16297,15:8:30,【咬人猫】干物妹！小埋OP o(*≧▽≦)ツ,31343
2629076,BV1Fs411m7Q3,4372,2241,1437839614,2015/7/25,4919,20:43,1492,//i0.hdslb.com/bfs/archive/5b8e4b775eda5dd00f0fd393c4484eb18dc95531.jpg,878273,1307,23:53:34,【咬人猫X露露】深夜吃不胖①！全新崩溃节目！✿◕ω◕✿✿◕ω◕✿,34477
2582803,BV17s411S7dr,162159,12177,1437050873,2015/7/16,172751,04:08,30148,//i2.hdslb.com/bfs/archive/88e7743ffb15423f7cfabd0d8b0f42f7bf8f0e51.jpg,8874454,33557,20:47:53,【咬人猫X咬人喵】Lamb.我的姐姐终于藏不住了！,43303
2456045,BV1zs411U7Md,4000,1316,1434686727,2015/6/19,3896,01:34,816,//i0.hdslb.com/bfs/archive/ef5943903b8cbbc7c56bbb2b66f4109aa84d5f19.jpg,653018,572,12:5:27,【咬人猫】早安世界❤short ver.来自海滨的舞蹈o(*≧▽≦)ツ,4048
2349528,BV1ms411D7JH,9299,1905,1432226576,2015/5/22,23246,04:40,4756,//i0.hdslb.com/bfs/archive/3d03830f537087b3157438299b16f432fa3f82bb.jpg,1708421,6881,0:42:56,【咬人猫X露露】Heartbeat❤Music久违的合舞✿◕ω◕✿✿◕ω◕✿,8075
2204676,BV1Vs411D7yB,16890,2333,1428652440,2015/4/10,32496,06:29,3606,//i1.hdslb.com/bfs/archive/75ffb7c271d793bb37ae66f1fdce788d9c941f54.jpg,2632977,5106,15:54:0,【咬人猫】千本樱❤迟来的生日作~,15224
2015459,BV1ax411A7hM,7908,2637,1424223874,2015/2/18,14172,01:45,1635,//i0.hdslb.com/bfs/archive/420a1dbf0e9f3d335ef6ed40a6a06d3ac7d8c0f1.jpg,1719889,1194,9:44:34,【咬人猫】潜行吧！奈亚子W❤新年快乐o(*≧▽≦)ツ,16648
1851539,BV1rx411w7Uv,16458,2274,1420126369,2015/1/1,30352,04:09,8525,//i0.hdslb.com/bfs/archive/e0162534705c9e97aede44b81ab4720ed6ba61e5.jpg,2166279,7511,23:32:49,【咬人猫】星期五的早安❤o(*≧▽≦)ツ,13885
1733361,BV12x411P78n,4244,1200,1416580668,2014/11/21,7389,03:25,863,//i1.hdslb.com/bfs/archive/3965fa5c3e69869dd210872695a1256fcf16992f.jpg,808833,791,22:37:48,【咬人猫】忧郁的心情❤时隔一年的回忆作(๑• . •๑),6340
1672864,BV1qx411P7ry,12984,1682,1414814721,2014/11/1,31839,06:29,3579,//i1.hdslb.com/bfs/archive/62b1a927ffdfe525bbff43920b01ee7c3c5ec213.jpg,2180127,5066,12:5:21,【咬人猫/有咩酱/赤九玖】白金！雪月花❤155小分队第四作･ω･投稿③周年2P,15141
1578479,BV1Mx411P7vS,3671,1134,1412179962,2014/10/2,10104,02:50,1510,//i2.hdslb.com/bfs/archive/450388b7c18e5fc5c8f0d29f5843739a8cc54759.jpg,1429042,3891,0:12:42,【咬人猫】小小鹿❤洛天依( ･ω･)ﾉﾞ~2P,8407
1515377,BV1bx411K7a9,25710,2560,1410234967,2014/9/9,51701,08:38,8875,//i1.hdslb.com/bfs/archive/565b4265e0408b8e054d596953fac4569dc2ef30.jpg,3230246,13599,11:56:7,【咬人猫X小缘喵】神的随波逐流❤更新P2啦(*≧▽≦)ツ,15988
1375657,BV1ix411N75w,2667,1028,1407209731,2014/8/5,7697,08:18,706,//i1.hdslb.com/bfs/archive/1cd44ae70dfba276181125aec675f82f55d80122.jpg,1283413,960,11:35:31,【咬人猫X露露】1 2 fan club❤旗袍娘合舞2P✿◕ω◕✿✿◕ω◕✿,7644
1293320,BV1wx411M7x7,1823,675,1405447331,2014/7/16,2069,02:30,464,//i2.hdslb.com/bfs/archive/3e51b44608f057f57cd962f60fe9291c7ac9d912.jpg,332423,463,2:2:11,【咬人猫X祈INORY】鬼武者魂OP❤原创舞蹈 (｡･ω･)ﾉﾞ~喵片,3191
1184441,BV18x411T7UF,12133,2321,1402273580,2014/6/9,18624,04:00,1172,//i0.hdslb.com/bfs/archive/f636269fb27bcef94eed7d26551f1941a923d4f8.jpg,2112136,1803,8:26:20,【咬人猫X露露】小苹果正式舞蹈❤感觉我们萌萌哒(✿◕ω◕) (◕ω◕✿),37660
1174393,BV1Lx411T79p,2256,983,1402005573,2014/6/6,4588,01:28,814,//i2.hdslb.com/bfs/archive/d1701ec6b83483224a1cb9c2d247fd84ea1eba80.jpg,1054827,542,5:59:33,当咬人猫也遇见小苹果,27030
1113839,BV1ox411K7VK,11126,1784,1399665343,2014/5/10,33596,10:56,4756,//i0.hdslb.com/bfs/archive/9aa9e6a3ec4d3c48720a6781edfec3ef72d1b600.jpg,2293292,6476,3:55:43,【咬人猫/有咩酱/赤九玖】虎视眈眈❤155小分队第三作o(*≧▽≦)ツ,20147
975707,BV1Gs411Z7bZ,18186,3106,1392912180,2014/2/21,38623,01:41,5345,//i2.hdslb.com/bfs/archive/b768a2a4206bcae9c269a6a86bc8118a1cc42344.jpg,3502048,3419,0:3:0,【咬人猫】旋转吧！雪月花❤原创舞蹈o(*≧▽≦)ツ,20272
967719,BV1us411Z7YZ,2371,727,1392480308,2014/2/16,5258,12:14,974,//i2.hdslb.com/bfs/archive/b1e04e6debdab61168d8c481fda035cc6fdc975f.jpg,528166,857,0:5:8,【咬人猫/有咩酱/赤九玖】emolove☆155小分队第二作~2P,4992
936016,BV1fs411o7bW,3764,1426,1391025192,2014/1/30,15313,10:53,1041,//i1.hdslb.com/bfs/archive/378e3c1b6883d016616f921f7949a519f37934d7.jpg,1866090,980,3:53:12,【咬人猫】MUNI❤新年快乐~喵片(●'◡'●)ﾉ♥,17388
897030,BV1Zs411o798,3104,1039,1388732673,2014/1/3,3646,04:40,4012,//i0.hdslb.com/bfs/archive/882fa7e90a72bb6139623b1383ae64267204e3c4.jpg,801555,596,15:4:33,【咬人猫】土豪去哪儿【试唱】,5489
886584,BV1Rs411o7gJ,2109,685,1387994577,2013/12/26,5691,05:55,533,//i1.hdslb.com/bfs/archive/4de349f5b1707ccbaa47ca89622e1c7c7a95a3cf.jpg,756110,456,2:2:57,【纯白型咬人猫】百万亚瑟王❤迟到的圣诞贺礼~喵片(<ゝω·)☆,8073
870223,BV1zs411o7ah,2215,667,1386864168,2013/12/13,3543,21:41,661,//i0.hdslb.com/bfs/archive/04117d412a267b82f54d3dabf2344f3044c843dd.jpg,425086,668,0:2:48,【咬人猫】水色SummerDays❤想给你治愈的微笑~第②⑤作舞蹈(<ゝω·)☆,4978
798170,BV1xs411o7YB,2966,1280,1381895704,2013/10/16,6119,16:14,1154,//i1.hdslb.com/bfs/archive/6ea3b7adfcd929b4d6f4ff4049c680b09ec37f98.jpg,568258,1249,11:55:4,【咬人猫/有咩酱/赤九玖】Mr.wonderboy☆155小分队第一作~2P,5370
778450,BV1Xs411f7BJ,1580,556,1380604689,2013/10/1,2481,08:16,540,//i0.hdslb.com/bfs/archive/1e063190a16fe8f79cb376291475805f0583c769.jpg,522392,508,13:18:9,【咬人猫】妖精的尾巴ED★②周年的第②②作舞蹈+2P帝都大音乐祭,4127
683152,BV1Hs411f7hi,1215,330,1375382761,2013/8/2,2077,21:19,508,//i2.hdslb.com/bfs/archive/64be6af0947f5628ac0a8be5dca4ec10dc7d9681.jpg,233231,562,2:46:1,【咬人猫×楽小漫×新月冰冰】爱是反复无常的错觉！！☆2P,2835
631169,BV17s411f7B1,1629,362,1372885665,2013/7/4,2630,09:16,502,//i2.hdslb.com/bfs/archive/aa494b5267f7528fc74aed6dae3b4046b01963a7.jpg,409659,841,5:7:45,【咬人猫X露露】百万亚瑟王OP❤合舞2P(｀･ω･´) (´･ω･｀),3334
618151,BV1ws411f7Gn,1592,572,1372176760,2013/6/26,2591,11:27,467,//i0.hdslb.com/bfs/archive/8ff5c0d0ba10a2485bb1356614e91247e70b2346.jpg,506110,465,0:12:40,【咬人猫】百万亚瑟王OP★原创舞蹈2P (´・ω・｀),3703
525471,BV1ys411Z7ig,1392,483,1365108235,2013/4/5,1729,03:38,668,//i1.hdslb.com/bfs/archive/13761389df08c743e7e1e790cab380205cb91629.jpg,262018,604,4:43:55,【咬人猫】galaxias!☆迟到的生日作~十八作舞蹈(<ゝω·)☆ 喵,1453
496369,BV17x411c7pE,1129,533,1362688215,2013/3/8,1686,07:49,575,//i0.hdslb.com/bfs/archive/f12457d13fdde2f6b3f4fafb74a7dbb16415dea8.jpg,226904,680,4:30:15,【咬人猫X露露】Sweetiex2❤第十七作舞蹈~喵˙ω˙,2249
462907,BV1Tx411c7az,1209,527,1360080651,2013/2/6,2244,04:12,698,//i2.hdslb.com/bfs/archive/8fef515844afeb93f481cd4ac87f42e361f7523d.jpg,689408,437,0:10:51,[2013拜年祭]【咬人猫】薛定谔的小猫❤新年的第十六作舞蹈~( ゜- ゜)つロ,15025
427049,BV1dx411F7jC,1231,712,1356804142,2012/12/30,1356,07:12,438,//i1.hdslb.com/bfs/archive/db26d99272ad7aa869bd781fecee8ad4032cea55.jpg,238827,468,2:2:22,【咬人猫】Cosmic star☆第十五作舞蹈~喵(=ﾟωﾟ)ﾉ,2985
368621,BV1ix411F7vK,2038,868,1349366932,2012/10/5,2500,04:52,550,//i0.hdslb.com/bfs/archive/58515c84f9d64593b23c93cfb7a16a73977a12bc.jpg,504054,505,0:8:52,【咬人猫】沙漠喵★罗密欧与灰姑娘~①周年的第十四作舞蹈~,6030
343479,BV1bx411F7Mb,1171,844,1345782234,2012/8/24,1883,03:33,547,//i2.hdslb.com/bfs/archive/57985e2619a8191e10db1943fc580557be2dbbbc.jpg,326432,595,12:23:54,【咬人猫×③】幻想嘉年华OP★量产喵的第十三作舞蹈~喵,1865
325552,BV15x411F77u,738,337,1343924772,2012/8/3,484,02:24,325,//i2.hdslb.com/bfs/archive/8c760ff2e9ed841be1d2cf3f8db394b44c0e3101.jpg,122456,440,0:26:12,【咬人猫X苹果XKURIN】CD10❤GOMYWAY❤三人合舞~喵,934
319522,BV1Vx411F73W,906,654,1343320551,2012/7/27,1060,02:32,471,//i1.hdslb.com/bfs/archive/79529dab707bfd9d7df9cf99e014db1fcad57f8d.jpg,242636,478,0:35:51,【咬人猫XKURIN】CD10★白金DISCO合舞~喵,2348
291677,BV1Px411F7QE,1104,1126,1340311582,2012/6/22,1202,06:19,569,//i0.hdslb.com/bfs/archive/dc6c0a4c4c74c560785c552ab07519e0c065d111.jpg,300045,441,4:46:22,【咬人猫】恋爱急上升❤第十作舞蹈~喵,2382
268861,BV1Kx411F7Bb,885,662,1337272763,2012/5/18,1808,03:57,633,//i0.hdslb.com/bfs/archive/9b3b218669b36b8499319ba6ef9708a93cae2461.gif,351086,457,0:39:23,【咬人猫】Gravity=Reality★第九作舞蹈~喵,2616
246921,BV1hx411w72M,1897,1408,1334256386,2012/4/13,8345,03:13,3625,//i2.hdslb.com/bfs/archive/dc7cefe7e52784b569b7e0431b4fe7ebe3a58d0a.gif,1178241,3415,2:46:26,【咬人猫】恋爱循环❤第八作の舞蹈~喵,6906
227761,BV1sx411w7tG,488,267,1331269912,2012/3/9,873,02:03,470,//i1.hdslb.com/bfs/archive/a5efae99dffe40f3226db82d67308c1412944bc9.jpg,224728,514,13:11:52,【YD舞团】伪物语OP★白金ディスコ~小喵新成员的第一作舞蹈~喵,2150
227625,BV1sx411w78Y,1782,1423,1331228738,2012/3/9,6577,01:52,1677,//i2.hdslb.com/bfs/archive/0cd484bba02a46c639e062e50ffe97ffb0f49d7d.gif,940558,1149,1:45:38,【咬人猫】伪物语OP❤白金ディスコ~の第七作舞蹈~喵,6859
209039,BV18x411w7QG,1605,1166,1328113765,2012/2/2,6036,02:31,3854,//i1.hdslb.com/bfs/archive/80435ae1c85eef570a86470a850cca234e4a9e11.gif,983756,1164,0:29:25,【咬人猫】爱杀宝贝ED☆高达君初合作の第六作舞蹈~喵~,4983
204676,BV14x411w7yx,745,674,1327441745,2012/1/25,1561,04:16,744,//i2.hdslb.com/bfs/archive/263b976ad139861dc31cc47e77e1ee4d711c02f2.jpg,424727,488,5:49:5,【咬人猫】星间飞行☆旗袍娘娘装☆新年快乐の第五作舞蹈~喵~,3506
191273,BV1Vx411w7rm,900,547,1324922081,2011/12/27,1579,04:28,922,//i2.hdslb.com/bfs/archive/d3c97dc01ea7f1030ac1f21bfe4991c020d8e77e.jpg,369514,451,1:54:41,【咬人猫】电星★外拍初尝试~夕阳下の第四弹舞蹈~喵~,2004
168697,BV17x411w7UZ,790,655,1320626849,2011/11/7,1657,06:26,1325,//i0.hdslb.com/bfs/archive/642a74f2bf0a85de71930bde80645fe47fb9e9ab.jpg,555639,704,8:47:29,【咬人猫】快乐合成器❤护士装预告の第三弹舞蹈~喵~,2719
157724,BV1Ax411w7kD,975,1184,1318717820,2011/10/16,2156,03:53,1282,//i2.hdslb.com/bfs/archive/4514a656e1e691acaca93e6601e9de7d92f6f4b5.gif,860006,681,6:30:20,【咬人猫】为了部落！第二弹水手服五月病=喵=,5559
149236,BV1cx411w7rt,2643,5313,1317025966,2011/9/26,5433,04:52,6071,//i0.hdslb.com/bfs/archive/b9300f2ebea07680f6958de9a50c8bea16d29223.jpg,1641952,1310,16:32:46,【咬人猫】国产女仆魔兽娘Nyanyanyan,13021
