﻿aid,bvid,coin,comment,created,date,favorite,length,like,pic,play,share,time,title,video_review
370927182,BV1bZ4y1W7ui,155264,11757,1591952411,2020/6/12,91379,06:43,412591,//i0.hdslb.com/bfs/archive/a3c4c53da1c972929df45269a913b9b4423b7db3.jpg,3704507,12289,17:0:11,手 往 哪 摸 呢 ？,40670
498348743,BV1dK411H79n,140777,12236,1590206435,2020/5/23,97659,07:18,435694,//i1.hdslb.com/bfs/archive/826ac0a2452b8ddba5be990b637684a062efc168.jpg,6348110,12166,12:0:35,疯狂得罪人！你比划我猜挑战！,53813
838334220,BV1fg4y1B7Pi,31900,5805,1590142569,2020/5/22,21218,12:33,174702,//i0.hdslb.com/bfs/archive/ee315646a80f7ddfc0b8e9ef68391472411a0714.jpg,2744718,5064,18:16:9,当小学生主播遇到了小学生粉丝，那画面实在太美。。。,21030
370788078,BV11Z4y1p7CD,114711,11354,1590060984,2020/5/21,80422,06:11,363197,//i1.hdslb.com/bfs/archive/382c62358a0df14e3750916bda741eaae8ffdb9e.jpg,4456820,9025,19:36:24,抓 内 鬼 挑 战 ！,36392
883160201,BV1bK4y187F4,101325,11032,1589450143,2020/5/14,40631,06:59,262950,//i1.hdslb.com/bfs/archive/625ed557fa3b5138cda3d0755de4c7e47b54d81e.jpg,3142656,20715,17:55:43,笑疯了！忍者变赛亚人！博人传真正的剧情竟如此炸裂！,20299
455590234,BV1h541147QN,152335,15475,1589112803,2020/5/10,85785,07:50,406467,//i1.hdslb.com/bfs/archive/5afc283f1d941607e447c5af59e9e485ff8f5198.jpg,4333360,27461,20:13:23,童年阴影！盘点柯南十大吓人案件！,48885
328039260,BV19A4114778,70003,16320,1588651256,2020/5/5,41327,09:03,233307,//i1.hdslb.com/bfs/archive/48a8d12878748cf5d6bd5bbbe51a17921b4647c6.jpg,2629460,10067,12:0:56,没想到吧！我也是刀客塔！,25432
837897167,BV1sg4y1z7jq,19658,7602,1588330824,2020/5/1,10620,10:02,120917,//i0.hdslb.com/bfs/archive/6fc9e63dafdaaca06f2106efc885b4364a38a99b.jpg,1736286,1469,19:0:24,文 化 沙 漠,10868
667957213,BV1ma4y1v7fP,70460,16446,1587650748,2020/4/23,31652,05:09,263690,//i2.hdslb.com/bfs/archive/dac6fd42a204293a51854ec20cd3fa3e77223986.jpg,3595611,4836,22:5:48,四月最烂动画！史上最雷人的团战副本！看完后惊呆了！,26765
795347283,BV1SC4y1p7Ys,204398,12770,1587471642,2020/4/21,81216,07:20,460015,//i1.hdslb.com/bfs/archive/1271b4dc5c4227f414b587785b5245c163efe543.jpg,5519150,14788,20:20:42,这动画太好看了！2020年4月新番吐槽大盘点！（第一弹）,71610
412787851,BV1NV411Z7S1,219730,14330,1587052559,2020/4/16,128578,04:35,556535,//i2.hdslb.com/bfs/archive/87ada8eba8cc03d75a7b2404b91ad6ea1ddb50ec.jpg,7295700,34575,23:55:59,百大UP互殴现场！,61808
327745594,BV1LA411b7Dt,157745,11193,1586488737,2020/4/10,74340,09:04,387114,//i2.hdslb.com/bfs/archive/6561a44694c0a939c6f47e2b3ef3f619a9585218.jpg,4430199,23784,11:18:57,这游戏卖你300真的血亏。。。。。。,38505
882688319,BV18K4y1r7z9,26656,6297,1586260846,2020/4/7,11496,16:10,136517,//i1.hdslb.com/bfs/archive/45e2bf1049ea4ada862528b20ae721bf0bc845bd.jpg,2383516,2378,20:0:46,这福利也太顶了吧！,14222
327604379,BV1wA411h7rM,164370,16580,1585397862,2020/3/28,64160,09:09,368607,//i2.hdslb.com/bfs/archive/ca70869608c98eb64de42b8d143cea5c238b35f0.jpg,3889169,10121,20:17:42,真刺激！看这片的心情好似坐过山车！,21245
98119541,BV1AE411w7jQ,131220,10188,1584777063,2020/3/21,88343,17:37,388217,//i0.hdslb.com/bfs/archive/3e3ed9e799776108b97674ecfc2810003aaaaaff.jpg,7456210,13333,15:51:3,有 内 鬼,39818
95424858,BV1ME411L7vR,30691,10223,1583922629,2020/3/11,12019,06:15,140007,//i0.hdslb.com/bfs/archive/9f5b2011a5817e93fc31319a7698a0dbf457bf42.jpg,2537443,5240,18:30:29,末 日 铁 拳,7252
93796227,BV1vE411x7mb,356313,18834,1583380858,2020/3/5,139885,09:53,564413,//i1.hdslb.com/bfs/archive/a909ac31611ca9030e049391a74885eb378b0775.jpg,5853510,48663,12:0:58,霸权续作集结！2020年4月新番导视！,81930
91878989,BV1s7411K7Db,338675,21927,1582708126,2020/2/26,135511,07:34,657043,//i0.hdslb.com/bfs/archive/811f4e4e747de8641b6b1714622a60503d279b86.jpg,7030399,16346,17:8:46,父母反对我做up主！该怎么说服他们？【读评论01】,123562
90381146,BV1j7411P7se,66783,12865,1582192827,2020/2/20,27903,06:10,207449,//i0.hdslb.com/bfs/archive/5bd80534d0c83d067104149c9d18d54f22e9d608.jpg,3030543,4652,18:0:27,时隔四年重看一部作品，会有什么不一样的体验？,29731
87498274,BV1m7411876J,858931,55151,1581145152,2020/2/8,259622,14:09,893318,//i2.hdslb.com/bfs/archive/2da2e6dafc593bac9c1ae097972f29c39fa8473c.jpg,7340517,80292,14:59:12,人人喊打！一口气带你看完《我的英雄学院》风波始末！,149181
86287538,BV1i7411W79V,248310,11124,1580630105,2020/2/2,127484,10:17,374217,//i0.hdslb.com/bfs/archive/cf8fc01e61944f63c3a89bd09bfbd51d87e065f9.jpg,5572927,58623,15:55:5,轰动全网！当初看过这片的人都说了句卧槽！,49901
85966811,BV1P7411z7sF,272377,9540,1580478142,2020/1/31,127442,08:50,374694,//i2.hdslb.com/bfs/archive/c4b7e11bf2c003de6589e38889c00f90756a6490.jpg,4475795,60958,21:42:22,千万别跳过！这可能是史上最精彩的动画OP了！,24990
84988689,BV1f7411r7sK,201807,16713,1579948982,2020/1/25,101331,09:03,395960,//i2.hdslb.com/bfs/archive/bc9d579a1d710bab4ae993782e3db48b75c328d5.jpg,5202414,61308,18:43:2,JOJO到底是个啥？,48316
84754153,BV1D7411a7dC,102672,4449,1579789333,2020/1/23,67610,09:22,219437,//i2.hdslb.com/bfs/archive/cb8f7b0ddea3f940454c49ee41ad63550055a266.jpg,3495857,6165,22:22:13,全程高能！盘点历代拜年祭的神剪辑！看完后不禁大呼镇站之宝！,13838
84554152,BV1Y7411e7GA,222224,8868,1579688301,2020/1/22,77507,09:24,363297,//i2.hdslb.com/bfs/archive/3020d8965489c4ac59a5555e71dce2b6b05ae0f8.jpg,4051990,9771,18:18:21,这动画也太劲爆了！2020一月新番吐槽大盘点（第一弹）,48204
84113614,BV1t7411q7oi,78071,6264,1579428040,2020/1/19,50239,04:29,284632,//i2.hdslb.com/bfs/archive/0c7ca5556797fb29d6453d4908f923665847ed74.jpg,4326022,12327,18:0:40,当我和中国boy一起尝试cosplay。。。。。。,23977
82976636,BV17J411p7jA,213609,4901,1578909652,2020/1/13,116033,01:57,294590,//i2.hdslb.com/bfs/archive/6f032c8cc13ee390b3dcdca4a3561bf82aa4dc0f.jpg,3884420,20980,18:0:52,一首歌带你回顾2019年热点事件！这些梗你知道多少？,9558
82968958,BV1jJ411p7Ua,118826,8973,1578744036,2020/1/11,47224,10:36,238532,//i1.hdslb.com/bfs/archive/8bbb9e249884adfa3257506fcec5203e48fae936.jpg,4055438,6124,20:0:36,2019年度雷片大盘点！最奇葩结局出乎所有人意料！,36850
81417219,BV1jJ411h7nS,63264,3303,1577778877,2019/12/31,27289,06:30,123296,//i1.hdslb.com/bfs/archive/044e98310388c2a50726b16b703ed55ea76f0453.jpg,1843733,3438,15:54:37,6分钟盘点！2019年度电影值得定格的瞬间！,12657
81135857,BV16J411a7e1,420165,21211,1577606218,2019/12/29,160917,11:02,460365,//i0.hdslb.com/bfs/archive/75875849d12a8d838eb70be5fefaae0c83b38c00.jpg,6297701,39067,15:56:58,2019年度佳片大盘点！最强的三部动画疯狂刷新历史记录！,62054
80110877,BV1LJ41147Qp,8689,1926,1576932472,2019/12/21,3530,16:20,49179,//i1.hdslb.com/bfs/archive/a06ce781c334eb94db0c44b4056ee8e17eb0f371.jpg,1304298,1434,20:47:52,老蕾头与小智一同卧底华山派的一天,5134
79903305,BV1AJ411b7TF,266905,5539,1576814447,2019/12/20,109228,12:13,341887,//i2.hdslb.com/bfs/archive/00043f4d112904165d0b0802fd1e81707ca74d12.jpg,4719582,17410,12:0:47,炮姐归来！阵容炸裂！2020年1月新番导视！,44202
78525944,BV1xJ411v7tc,29909,3230,1575806418,2019/12/8,17076,04:35,118674,//i2.hdslb.com/bfs/archive/438c92514c94a3ec1736111a0be77c3d7a648472.jpg,2417695,9024,20:0:18,【Lex】老蕾头带你探访全世界最低调的游戏公司！,5764
78361795,BV1jJ411q7aw,213384,6288,1575700549,2019/12/7,87045,04:44,333980,//i0.hdslb.com/bfs/archive/d814800de8a4bd35241a94a41e594bdb9f3b9ed1.jpg,4350268,56435,14:35:49,全程高燃（沙雕）！激情解说火影忍者最巅峰的一战！,31940
77326438,BV17J411977U,78037,4413,1574942408,2019/11/28,37808,05:25,206065,//i1.hdslb.com/bfs/archive/8ffbc7fe8ec8892824a1065acc57edb6b89455c6.jpg,4277291,12110,20:0:8,年度最沙雕名场面，up主看完后笑疯了,27866
76359284,BV1SJ411177N,75099,6030,1574262051,2019/11/20,59962,21:02,157367,//i1.hdslb.com/bfs/archive/d32037cef41acaf7db82fc833d081b72fb6fc19e.jpg,4770614,14893,23:0:51,攻略妹子?守护Lex?做出选择！,47733
75993929,BV1nJ411S7FE,673288,26646,1573974512,2019/11/17,223759,06:22,623048,//i1.hdslb.com/bfs/archive/95aca796335f1f46ab4efca5c4f6ea913ec513cc.jpg,6739361,143815,15:8:32,这部动画曾因不切实际被人嘲讽，但6年后现实却打了所有人的脸！                              【革命机】,49983
74262698,BV1eE411t7df,159983,5066,1572681744,2019/11/2,56481,09:56,248945,//i1.hdslb.com/bfs/archive/c49896595e1b07bd1cd24de2051de46aa0ce181d.jpg,5102321,6572,16:2:24,大型被绿现场！群众竟然还纷纷叫好？？？这轮新番也太高能了吧！,31248
73641230,BV14E411Y7Vt,119550,9775,1572178870,2019/10/27,45327,08:47,218441,//i2.hdslb.com/bfs/archive/f181218beb47db0a7c382e82c8ecbc18e37636a5.jpg,4187096,12867,20:21:10,B站历史最强掉分！这动画蠢的把大伙都逗乐了！,31380
73174969,BV1bE411y7mm,10069,2058,1571918458,2019/10/24,6681,12:34,61486,//i1.hdslb.com/bfs/archive/5dbb1bbc4517a1ea5d8e5aad72eab0c20d83b4d4.jpg,2034274,1487,20:0:58,和老番茄一起玩游戏是种怎样的体验！,4665
71625927,BV11E411r7Lz,196351,3230,1571391567,2019/10/18,63983,09:34,254276,//i2.hdslb.com/bfs/archive/1c3d77c21abdc0468f7ce86deea33135cd53b5f2.jpg,4310559,5444,17:39:27,这动画也太搞笑了！2019十月新番吐槽大盘点！（第三弹）,18748
71304256,BV1fE411k7au,5835,1930,1571140810,2019/10/15,2717,27:10,35981,//i2.hdslb.com/bfs/archive/814bcef1da62b52a6d419127993b829db4cc8795.jpg,1350864,1450,20:0:10,Lex教你下棋，学会这一招，你就可以在黄铜称王称霸了！,2494
70844825,BV11E411o7qQ,201261,3629,1570770662,2019/10/11,75965,06:53,270370,//i2.hdslb.com/bfs/archive/2f64332788a19ef35bcd1226fc9613bed1f89c10.jpg,4962668,8795,13:11:2,这动画也太劲爆了！2019十月新番吐槽大盘点（第二弹）,21454
70152557,BV1HE411D77Y,265646,5246,1570253600,2019/10/5,82896,08:09,319425,//i0.hdslb.com/bfs/archive/361ba418458df26ba1b5d44e37c7f59f5dd6ff2c.jpg,4747784,11524,13:33:20,这动画也太沙雕了！2019十月新番吐槽大盘点！（第一弹）,27048
69700706,BV1YE41197i3,447195,14858,1569988806,2019/10/2,156737,10:00,452232,//i0.hdslb.com/bfs/archive/5e164c00b6ceabdd0e3791377bba0e809e15072d.jpg,5424484,45593,12:0:6,一战封神！这动画一路逆袭成为霸权！up主都看哭了！,36414
69359661,BV1JE411R7ZQ,105093,4886,1569732438,2019/9/29,35389,12:08,186889,//i0.hdslb.com/bfs/archive/40743a660004206e7ced4ca7689a0ef18cfb63cd.jpg,3271159,4724,12:47:18,装X被疯狂打脸是种什么感受？这部穿越剧看得我尴尬症都犯了！,27693
68930825,BV1LJ411u7Fh,19200,4466,1569398452,2019/9/25,12485,04:46,85433,//i2.hdslb.com/bfs/archive/808eafe259375a9dcde71d4188d369b077ea3220.jpg,1924650,12441,16:0:52,B站国庆办了个漫展！up主们纷纷表示要去！,9647
66649415,BV1F4411y7cg,311626,13394,1567675809,2019/9/5,108769,11:27,465797,//i2.hdslb.com/bfs/archive/f2d7017e59ce2d33c34a150b09f98f85e31d8ff1.jpg,6459965,40805,17:30:9,疯狂吐槽上海堡垒！看完这个电影感觉智商被侮辱了！,56306
66029350,BV1E4411B7S2,234589,14903,1567161966,2019/8/30,85972,12:42,331530,//i0.hdslb.com/bfs/archive/b0381a9498085498b0f37127ae409e43ae2f0c7f.jpg,5027248,31619,18:46:6,答应我，别再当舔狗了好么？一个史诗级工具人的逆袭！剧情无比刺激！,76365
65527015,BV1d441167Mb,284708,16551,1566878452,2019/8/27,109485,14:36,321329,//i2.hdslb.com/bfs/archive/2cda345bdf5335a79402874265d70d7ba8ac3bbe.jpg,4572947,19317,12:0:52,【Lex】超神续作+王牌新作！2019十月新番导视！,60805
64561673,BV1f4411R7SK,11796,2683,1566302459,2019/8/20,5928,21:28,57160,//i1.hdslb.com/bfs/archive/51afe8442c842e8ea8d369ab5ac06ef6262c061a.jpg,1236483,3529,20:0:59,在游戏里和朋友比赛撩妹，对方竟说我长得很别致！？,16497
64314737,BV1G4411o7zz,199442,8117,1566136813,2019/8/18,70228,07:09,299899,//i0.hdslb.com/bfs/archive/8ac0aaa45b9a5daf5129975b06310f0ea2022e67.jpg,5048888,11797,22:0:13,沙雕至极！这才是今年暑假最搞笑的动画！,21495
63370488,BV1W4411Q7Kt,164325,5857,1565597025,2019/8/12,59637,07:16,246110,//i0.hdslb.com/bfs/archive/36947de5301ab1940cf8e5a8b036439c0b40aa5b.jpg,3137351,16512,16:3:45,笑疯了！看一群帅哥打球，居然能如此沙雕！2019爆笑冷门神作！,29243
62425840,BV1ht411K7W8,123718,7398,1565064045,2019/8/6,46685,07:53,199885,//i1.hdslb.com/bfs/archive/652d9cd85c97aa206cc07c492c4b4ca21dd28150.jpg,3360459,3729,12:0:45,这动画太可爱了！2019七月新番吐槽大盘点（第五弹）,32830
61851244,BV1Ct411F7rL,176190,13755,1564722940,2019/8/2,61929,09:45,248842,//i2.hdslb.com/bfs/archive/d2479d6afda5d73a500c4c23603cf69b4b0ae83d.jpg,3694391,12972,13:15:40,史诗级大雷片！口碑最差造就B站最强！阅烂片无数的up主都看傻了！,38260
60964764,BV1Wt411P7GA,192438,11443,1564206169,2019/7/27,68280,07:40,278700,//i1.hdslb.com/bfs/archive/341e35745d54d10ba996306398639c0957be5f02.jpg,4762953,7125,13:42:49,这动画承包了我一个夏天的笑点！沙雕到难以置信！,33142
59999994,BV1Zt411n7sc,26540,5416,1563626033,2019/7/20,14791,07:48,74561,//i2.hdslb.com/bfs/archive/ff6e70566a5e7075336fd2ab05493ae831b01720.jpg,1646174,4173,20:33:53,7分钟带你了解崩坏3“男主角”布洛妮娅，以及崩坏游戏主线剧情！,8693
59820922,BV1Qt411J79k,5681,2209,1563537650,2019/7/19,2056,13:10,30160,//i0.hdslb.com/bfs/archive/561d9907a9e4bd5e2e18535cf3c6398cd5b70385.jpg,804806,994,20:0:50,LEX教你战略布局，攻防克制！变身biubiubiu,2754
59530318,BV1Et411g7H3,146123,13537,1563379213,2019/7/18,89501,04:18,270748,//i0.hdslb.com/bfs/archive/e54a8070e0912e697413b360a6806c0b696a1b7c.jpg,7519952,16264,0:0:13,百万UP主开机甲只为阻止蕾丝发电！？,50795
59354487,BV1Lt411G76C,276796,5869,1563249619,2019/7/16,91258,08:08,302718,//i0.hdslb.com/bfs/archive/1be2c5ab498c9b2be92e4633a15b5be3dd5a77af.jpg,4249320,4764,12:0:19,这动画笑的人肚子疼！2019七月新番吐槽大盘点（第四弹）,40045
58900314,BV1Et411L7HU,253201,5950,1562932434,2019/7/12,83537,08:38,278281,//i1.hdslb.com/bfs/archive/fa0e3195bb1f9803513ed68834302bee8dc8c231.jpg,3787326,5860,19:53:54,这动画也太搞笑了！2019七月新番吐槽大盘点！（第三弹）,25888
58649084,BV1Ex411f7tu,10291,4131,1562767732,2019/7/10,4501,09:41,44752,//i1.hdslb.com/bfs/archive/36a011862ca986273d6f2e619b25a6bb6bfa889e.jpg,1192191,1848,22:8:52,Lex带你玩权力的游戏，我要自己坐上铁王座！,12403
58457908,BV1c4411c7FA,315749,6315,1562657963,2019/7/9,114222,09:06,326777,//i2.hdslb.com/bfs/archive/c0c10f6e2bc009b8b3220ae3fa8c3d933f9257d5.jpg,4413619,10360,15:39:23,这动画也太劲爆了！2019七月新番吐槽大盘点！（第二弹）,46090
58049439,BV1B4411c7gP,276047,4041,1562389264,2019/7/6,93995,07:15,311760,//i1.hdslb.com/bfs/archive/7b2c071f1fab6eb02b9723e32448930d22c2e087.jpg,4338110,7347,13:1:4,这动画也太沙雕了！2019七月新番吐槽大盘点！（第一弹）,23877
57945465,BV154411c7GC,15791,3474,1562322768,2019/7/5,8134,07:49,46965,//i2.hdslb.com/bfs/archive/901ca6b126d83b98f4888abc8f690492fc8a1a67.jpg,1284440,1832,18:32:48,备受中国玩家喜爱的日式rpg！剧情15年都没有讲完的游戏你见过没！,6194
57123847,BV1Ax411o75b,16293,3279,1561723259,2019/6/28,9628,04:34,59078,//i0.hdslb.com/bfs/archive/60eece8325f6ae92aab48dbe38f01bdd985d8d2b.jpg,1491407,2081,20:0:59,Lex带你和帅哥谈恋爱,7231
57129892,BV1Px411o7HN,157499,11900,1561720692,2019/6/28,74317,14:39,252200,//i2.hdslb.com/bfs/archive/e427dd49250a679155fcd9d25982a7bf27fa0fcb.jpg,5290294,21139,19:18:12,万恶之源！史上最爆笑的名场面！编剧神操作被观众疯狂玩梗！,50355
56330370,BV12441137z7,222344,34348,1561120234,2019/6/21,71206,17:58,229729,//i0.hdslb.com/bfs/archive/d7d141fa8990bed5d868c7310ba2d4c2358272fe.jpg,3111914,13565,20:30:34,感慨银魂完结！从风光无限到惨淡退场，银魂后期到底演了什么？,36124
55915329,BV1H4411G7pC,77948,8030,1560859245,2019/6/18,31824,08:53,131682,//i1.hdslb.com/bfs/archive/1b801895966207985a196aec5cda8cbd57ec406d.jpg,2958709,7477,20:0:45,前方高能！一拳超人最强角色竟然是他？盘点一拳超人有趣的梗！,19372
54948399,BV154411T75s,9384,2769,1559995244,2019/6/8,4390,15:12,40584,//i0.hdslb.com/bfs/archive/2fa96b63e89be53cd200f2bc452d17563d84419a.jpg,1472948,1725,20:0:44,Lex带你一起打使徒，体验初号机有多强,5195
54862448,BV1Z4411K7WN,428296,30684,1559913305,2019/6/7,167811,10:37,423524,//i2.hdslb.com/bfs/archive/50823d8eddd0c55444ff05e8e30c3c7204d19322.jpg,5852870,44556,21:15:5,2019头号神片出炉！连续三集狂砍破纪录好评！up主都看哭了,39687
54119083,BV124411H7pZ,246585,20089,1559275207,2019/5/31,111736,12:41,266766,//i1.hdslb.com/bfs/archive/4a0267b6bb8d96a99a1cf49552cbc30584728f63.jpg,4217434,16463,12:0:7,霸权四起！史上最强阵容！2019七月新番导视！,18830
53341684,BV1N4411L7mW,122119,9235,1558599847,2019/5/23,44586,11:14,162698,//i1.hdslb.com/bfs/archive/e4e8e646fd5a0d32be73c7ba3fb62418bdaef2d8.jpg,3035736,14847,16:24:7,愤怒吐槽权力的游戏大结局！看完后up主气的直砸墙！,14863
51284558,BV1V441147a3,276385,15252,1556881251,2019/5/3,95002,08:58,296310,//i0.hdslb.com/bfs/archive/9018ea119dc49ad0499608445c73803ebbe0e425.jpg,4548138,6046,19:0:51,这动画也太骚了吧！2019四月新番吐槽大盘点！（第三弹）,40401
51178080,BV1h4411x7My,212556,7464,1556790751,2019/5/2,72619,08:59,239223,//i1.hdslb.com/bfs/archive/980f99c80987941a543176e14909acd136106815.jpg,3216452,3963,17:52:31,笑爆！这部穿越剧把我惊呆了！场面沙雕到难以置信！,22866
50728878,BV1y4411b7WX,310375,7943,1556597132,2019/4/30,105719,09:09,347480,//i1.hdslb.com/bfs/archive/fd63db2fcdd1eb9e26a2e204f930fb07bbf79708.jpg,5201150,10657,12:5:32,沙雕至极！这动画承包了我今年全部的笑点！,46041
49989727,BV1vb411V7Sn,219357,11935,1555811281,2019/4/21,72273,11:34,229644,//i1.hdslb.com/bfs/archive/e67754baa6245d5cebbcae38ab5518f70f215539.jpg,3085414,5722,9:48:1,史上最神结局！这部动画仅用最后5分钟就破了好评记录！从交口称赞！到人人喊打！,44506
49025020,BV1Tb411K7LH,393413,7228,1555003187,2019/4/12,128964,09:44,340475,//i2.hdslb.com/bfs/archive/5313a7244976f744f69e8041a2242dde12c872ba.jpg,4693659,5363,1:19:47,这动画也太沙雕了吧！2019四月新番吐槽大盘点（第二弹）,19390
48719020,BV12b411u7hU,391708,8369,1554727010,2019/4/8,139079,09:33,356437,//i0.hdslb.com/bfs/archive/faac5f52b057c9203092f84d0e1c02b711fca333.jpg,5287449,8830,20:36:50,这动画也太劲爆了吧！2019四月新番吐槽大盘点！（第一弹）,23729
48549595,BV1Xb411M79G,248853,9408,1554599585,2019/4/7,87104,11:30,263993,//i0.hdslb.com/bfs/archive/a1544ce9c8a6e2e0406cde503d359c3918e54d2c.jpg,3718198,10470,9:13:5,年度最传奇动画！一集封神开创沙雕时代！看完笑疯了！,18516
46813514,BV1Sb411E7rD,74737,18343,1553064658,2019/3/20,29292,06:06,114348,//i0.hdslb.com/bfs/archive/dcd2949d64b1306a90737e0da8aef2c4a88f623b.jpg,4191959,25767,14:50:58,史上最雷人的新番预告片！看完后粉丝都哭了！万众瞩目的一拳超人2居然。。。,14798
46295724,BV1ab411H7Ve,223717,7543,1552622418,2019/3/15,78157,10:43,225289,//i0.hdslb.com/bfs/archive/1460ef019c798d52e0d26efbb60d684772ec163f.jpg,3522247,11592,12:0:18,神剧情！女子竟要求未婚夫和老情人当着自己的面接吻！结局更是出乎意料！Lex带你看2017最神结局动画！,43621
45029060,BV1zb411b7jT,310242,13486,1551441655,2019/3/1,125172,12:49,278652,//i1.hdslb.com/bfs/archive/403c71b68ca57b339bf46d53d77d7b897c09ab7f.jpg,4165697,19937,20:0:55,霸权续作！神仙新作！四月好看的新番居然有这么多！2019四月新番导视！,47543
44429269,BV11b411h7kq,332013,11080,1550880057,2019/2/23,96800,12:33,277487,//i0.hdslb.com/bfs/archive/7357b0799c7ee64585edc680970661c653575052.jpg,3376720,6745,8:0:57,2018最强神展开动画！结局出乎意料！观众看完直接疯狂了！,33736
43987114,BV1Sb41117F7,376343,11422,1550491773,2019/2/18,145729,09:35,356481,//i0.hdslb.com/bfs/archive/18b973a97cf2de68ede0d0c9bfca64350912c184.jpg,5096776,44522,20:9:33,笑爆！柯南史上最强角色！开起挂来连柯南基德都害怕！9分钟带你一探究竟！,46635
43655748,BV1Ub41127WN,354779,17875,1550239156,2019/2/15,139449,09:15,365211,//i2.hdslb.com/bfs/archive/88e7dbd082455a2fdbae4c1bdb9ef21be6e3dd6d.jpg,6719920,33781,21:59:16,大型被绿现场！Lex带你看2017最奇葩的恋爱动画,46787
42321016,BV1bb411k7KU,870411,18260,1548999059,2019/2/1,276109,11:17,662712,//i2.hdslb.com/bfs/archive/12c59853258720de727de54bc7614c2ca9ae89ec.jpg,8286755,43605,13:30:59,剧情刺激！场面爆笑！这谁顶得住啊！2019一月新番吐槽大盘点!,93842
41604014,BV1Bt411b75N,355413,12429,1548390643,2019/1/25,128118,17:30,302435,//i0.hdslb.com/bfs/archive/fc39536f4ed32731f510e8b73c122bb9ce7da8f4.jpg,3901052,6303,12:30:43,2018年度动画大盘点！最神动画竟从6分逆袭至9分！,36322
41468239,BV1dt411t7RE,226688,6875,1548224953,2019/1/23,89389,07:39,213520,//i0.hdslb.com/bfs/archive/8dbb343324fa7d372d57cc9ec2554e53e1ad4d65.jpg,3041257,7289,14:29:13,一月最神新番！女装大佬竟拯救了世界！看上去沙雕但剧情却超强！,17019
40408530,BV1zt411p7ot,188442,10794,1547179241,2019/1/11,62207,04:53,188113,//i1.hdslb.com/bfs/archive/08a5657c47a5584b5ae3ffa66b3c4767f37ac370.jpg,3620297,16820,12:0:41,一月最传奇新番，还没开播就收到无数差评，观众纷纷泪流满面,10392
40300758,BV1Bt411s7BT,7071,2405,1547121656,2019/1/10,2451,11:48,22971,//i2.hdslb.com/bfs/archive/4306c4d59de95f31bb8c2e4fc9cf895ae892bac5.jpg,917188,983,20:0:56,【Lex】先抽卡后付钱，不满意可以不给钱，竟然还有这样的游戏！,2837
40304666,BV1St411s7BU,339253,23714,1547018622,2019/1/9,150561,14:33,271323,//i2.hdslb.com/bfs/archive/1fe522b2c474dbe999401d80a00ad09069cd7eec.jpg,3747128,15735,15:23:42,2018全球最好评如潮的动画，第一在国内竟鲜为人知！,43994
39314322,BV1Nt411k7LW,186844,7309,1546084844,2018/12/29,93294,10:34,219940,//i1.hdslb.com/bfs/archive/19d0b3e1020417cda6cee47e70e1ed6687dd4351.jpg,5505540,71436,20:0:44,这部动画承包了我一年的笑点！沙雕到难以置信！,40431
39220808,BV1vt411r79J,9623,4052,1545998434,2018/12/28,5492,12:23,26147,//i1.hdslb.com/bfs/archive/5c20dbbe5600777ef4928617e49106de16dc053b.jpg,927449,2409,20:0:34,DJ老蕾教你动感打碟，跟着节奏摇起来,6150
38288812,BV1jt411e7bT,191230,8927,1544954458,2018/12/16,74770,11:10,200026,//i0.hdslb.com/bfs/archive/fbd26ffd4b336297d631baf3193fcff9a820a6c7.jpg,5780746,23536,18:0:58,雷人台词全场笑翻！激情吐槽柯南剧场版零的执行人！,29356
38092814,BV1St411v7Vi,35780,10091,1544715251,2018/12/13,12632,13:15,50535,//i0.hdslb.com/bfs/archive/2481d329c7cd5fe60c90e8c4753969ab99a4f087.jpg,1828816,4675,23:34:11,2018年最烂的游戏！结局气的人要砸显示屏！,14651
36500943,BV12t411C7sj,307286,10969,1542888009,2018/11/22,114082,12:43,227647,//i2.hdslb.com/bfs/archive/3812fa0d59a6c64c8dd55c9503179ee2d441fba3.jpg,3796098,23294,20:0:9,阵容炸裂！2019年1月新番导视！,52266
35996570,BV1et41127SN,106645,16662,1542283226,2018/11/15,35540,09:47,106531,//i0.hdslb.com/bfs/archive/e5eb52c417e67227ba7bb954eee8ab863b6bda08.jpg,2509600,7756,20:0:26,【Lex】有没有一部动漫改变了你的人生,42291
35752081,BV1ut411U7hQ,64491,5427,1541921998,2018/11/11,28029,01:40,66908,//i0.hdslb.com/bfs/archive/a2bca0f8dcdb3c5928c5aa57e2b1713991abaeb8.jpg,1997429,20073,15:39:58,柯南剧场版的正确打开方式，1分钟带你看零的执行人,5363
35621851,BV1db411c7wG,4756,1516,1541766637,2018/11/9,1838,17:21,16163,//i1.hdslb.com/bfs/archive/04c1b2a1d14e1c605cefa18d830093e3992db654.jpg,595605,1490,20:30:37,【Lex】在手机上居然也可以武侠吃鸡！,2365
35411307,BV1rb411F7W4,6830,4495,1541505659,2018/11/6,2801,15:58,21454,//i0.hdslb.com/bfs/archive/8a1dd1328aa9063eb578e37b6e292f0755405f89.jpg,1228730,2461,20:0:59,开局只有一条狗，竟抄遍别人老家,5755
34632450,BV12b411P7NA,176114,4713,1540540604,2018/10/26,58368,06:27,156622,//i2.hdslb.com/bfs/archive/a3d54012f0cab88a24a0df67a1bcf9361b350c2d.jpg,4475906,23952,15:56:44,2018最沙雕动画！光看开头就笑到不行！,14249
34408191,BV1kt411R7Qn,21086,2746,1540221884,2018/10/22,8557,08:01,36015,//i1.hdslb.com/bfs/archive/avsas_i181022tx3sk7jxqb3feo42we08lylv6_0022.jpg,1466522,5370,23:24:44,慈善赌怪：17张牌秒杀你们！这都能输我当场就吃掉显示器！,9233
34188644,BV1Lt411o7JV,95564,5534,1539963756,2018/10/19,33952,05:01,97384,//i1.hdslb.com/bfs/archive/31fc801b730cd071682ea2ce23f94b29d36b1ee6.jpg,3252706,16072,23:42:36,2018最让人瞎眼的动画，看完笑傻了,7467
34164328,BV1Zt411d7ny,80574,6644,1539950408,2018/10/19,47549,13:49,67806,//i0.hdslb.com/bfs/archive/79539f09da7c7584ad84bbd6354332990c6641d3.jpg,1227828,11514,20:0:8,上班玩游戏，同事全是萌妹子！居然还有这样的公司！你想去么？想去就快点进来看看吧！,8744
33983503,BV19t411Z7Vv,167267,7648,1539702876,2018/10/16,47624,10:06,120502,//i0.hdslb.com/bfs/archive/f7e5d378f88c1da46ce37ae573a45f519ffcdde6.jpg,3364490,19008,23:14:36,【Lex】史上最笑爆穿越番，拯救世界的方法竟是如此奇葩！！！,26763
32588145,BV1SW411U7E5,59175,6101,1538054135,2018/9/27,19278,17:11,65971,//i2.hdslb.com/bfs/archive/3d3f11c4d11d909bb42b88a9ca91d315f8dd3d19.jpg,2588145,8867,21:15:35,【Lex】史上最沙雕恋爱动画，结婚多年妻子竟不让亲嘴？背后的真相居然如此恐怖！,57249
32380027,BV1QW411z7FZ,46239,7870,1537790423,2018/9/24,20303,17:26,66468,//i0.hdslb.com/bfs/archive/15d0013acbb9130c5f4daf79eb51cd8e153509ab.jpg,2359051,15613,20:0:23,【Lex】在网易上班是种怎样的体验？现场带你一探究竟,33402
32164902,BV1LW411r7FD,48733,3861,1537531215,2018/9/21,14922,15:59,52112,//i1.hdslb.com/bfs/archive/5cad846e60633fbb1c6520e8dbf37b4686c38984.jpg,2223883,3110,20:0:15,【Lex】自己把自己给绿了！2015年最奇葩动画！,17685
31690768,BV1WW411y7Jx,5435,1860,1536921948,2018/9/14,2212,27:59,14032,//i2.hdslb.com/bfs/archive/f6964420e36c20fca9b4df8522867fbbe73c29b0.jpg,652208,4504,18:45:48,【Lex】能开飞机打飞机的吃鸡游戏,6143
31235067,BV1tW411d7mM,139589,10184,1536292804,2018/9/7,59460,20:12,99786,//i2.hdslb.com/bfs/archive/8afc27f98205ae2135f712967bf5c1546caecbec.jpg,3899054,17524,12:0:4,【Lex】2018年10月新番导视！一口气看完“史上最强10月”！,50421
30581930,BV13s411c7Di,6215,5657,1535515211,2018/8/29,1976,24:36,18785,//i1.hdslb.com/bfs/archive/c73135d0dd932f1e4d8a1f639dfb95875e4788e5.jpg,1096496,1130,12:0:11,【Lex】震惊！死神完结两年后居然。。。出了手游！！！,4367
29941419,BV1nW411Q72m,5345,5367,1535018425,2018/8/23,4345,24:21,21042,//i0.hdslb.com/bfs/archive/b1533385c49e91881927cb334e0a3447a6ffc875.jpg,1197429,1547,18:0:25,【Lex】这个换装游戏引起了我的注意！,6393
29864755,BV1DW41197bb,58704,6387,1534766413,2018/8/20,19292,10:17,58431,//i0.hdslb.com/bfs/archive/1178c2f0bb13897495c606e678a83b0cc3ec9e80.jpg,2400244,9617,20:0:13,【Lex】史上最爆笑料理漫画，看完大呼毁童年！！！,20567
29679210,BV1rW411X7CB,4582,2983,1534593652,2018/8/18,1727,42:12,16352,//i2.hdslb.com/bfs/archive/d013aae3d3cc477d99880dc9ad16b283c92a44e5.jpg,758752,2176,20:0:52,【Lex】这个男人的脸！糟了！是心肌梗塞的感觉！,11856
29677403,BV1kW411X7Wh,5923,2646,1534576682,2018/8/18,1962,18:59,18585,//i1.hdslb.com/bfs/archive/383128f90d9e47ad2b2ac0ffedddda468bb0231b.jpg,673526,1403,15:18:2,【Lex】B站效率最高的主播！一小时竟能玩50把！,5144
29070842,BV1es411u7C7,38608,11816,1533965869,2018/8/11,14708,16:29,42264,//i0.hdslb.com/bfs/archive/587e993239de07337418c5e0a130d7229ad8e9f5.jpg,1792177,4502,13:37:49,【Lex】《罪恶王冠》在我心中究竟是一部怎样的动画？,29018
28851257,BV1xs411M7np,72572,14895,1533729625,2018/8/8,44920,14:04,75093,//i2.hdslb.com/bfs/archive/89d77565f61629e9c892f21073ef595061c13a74.jpg,3172122,7941,20:0:25,【Lex】补番推荐！那些有趣的轻小说改编动画大盘点！！！,45430
27986446,BV1Fs411P7X6,126425,10916,1532817734,2018/7/29,37790,12:13,86992,//i2.hdslb.com/bfs/archive/55708aca00e10a476da01cdab1be3a2276a5ee01.jpg,2659553,4841,6:42:14,【Lex】补番报告！2017年B站最厉害的正版新番！,29366
27558231,BV1hs411P7qG,5560,3958,1532350802,2018/7/23,1463,16:50,15719,//i2.hdslb.com/bfs/archive/8788c7b560b0b64ff84442eb6e6dc691b5ebdc3c.jpg,799450,593,21:0:2,【Lex】老蕾头带你降妖除魔，在妖神记中的开挂人生,8155
27304620,BV1Rs411N7AV,5422,4154,1532088023,2018/7/20,1710,20:16,15263,//i0.hdslb.com/bfs/archive/65b0bc4ce6f848362793688b5fa90f8f4abb6b18.jpg,941386,1499,20:0:23,【Lex】胸部以下全是腿！你可曾见过身材如此劲爆的美女！,8406
26806317,BV14s411J795,121894,8023,1531540817,2018/7/14,35522,13:25,81902,//i0.hdslb.com/bfs/archive/02951473be2e0e558e81ea5de368b8b2f21dfad4.jpg,3800140,11326,12:0:17,【Lex】每个动画都超级逗比！七月新番吐槽第一弹！,57565
26146352,BV1Vs411V7C3,6980,3903,1530792051,2018/7/5,3533,14:38,17248,//i1.hdslb.com/bfs/archive/117288a7051a03f8cc855d484b5243487c85db25.jpg,1193409,4477,20:0:51,【Lex】你可曾见过如此帅气有杀气的萝莉,14471
25846121,BV1ps411579v,313221,54225,1530303135,2018/6/30,119110,16:23,226537,//i0.hdslb.com/bfs/archive/8ac9541e9b1cf7bdd6b2e018d4f5a02b0d673818.jpg,5382192,54961,4:12:15,【Lex】史上最NB新番，它改变了中国的“二次元”！,81808
25773676,BV1Fs411571L,6518,4922,1530244848,2018/6/29,2359,20:43,13943,//i1.hdslb.com/bfs/archive/ca437ddf4fc62c909cb878226991445606b0ffc8.jpg,935999,4414,12:0:48,【Lex】在逆水寒里，我竟然捏出了一个知名主播！,14030
24972274,BV1XW411F7L6,530170,39744,1529080960,2018/6/16,295072,17:53,445784,//i2.hdslb.com/bfs/archive/9f84f796884c2783123e7679d49f57d19ed80862.jpg,7246404,43638,0:42:40,【Lex】B站历史上意义最重大的10部动画！,138916
24049574,BV1fp411R79u,183823,15913,1527508826,2018/5/28,81235,22:49,92271,//i1.hdslb.com/bfs/archive/96cee32e9e898bbba5caaf2ff18393563074adc0.jpg,4447830,30418,20:0:26,【Lex】爆笑一夏！阵容炸裂！2018七月新番导视！,90993
23314180,BV1xW411F74T,163616,7771,1526097630,2018/5/12,37455,21:10,70017,//i2.hdslb.com/bfs/archive/b06ed04308817940f073dde2d11bd51301dcb8ca.jpg,2643689,6312,12:0:30,【Lex】天雷滚滚骚操作，四月新番吐槽第四弹！,43501
22349295,BV1EW411576d,82073,8301,1524231398,2018/4/20,53724,16:51,48359,//i0.hdslb.com/bfs/archive/a683887de0fec313bef11b64d7f0cc76a6f0f69f.jpg,2434338,4514,21:36:38,【Lex】狗粮与热血的狂欢！四月新番吐槽第三弹！,29297
22059336,BV18W411L7U7,104529,7423,1523678428,2018/4/14,59942,16:03,66584,//i1.hdslb.com/bfs/archive/221ee4ff6e747b28b82b8f6a18da6ddf133deaf6.jpg,3501073,8401,12:0:28,【Lex】贫穷到爆笑！四月新番吐槽第二弹！,40368
21709013,BV13W411M7Hj,118397,11458,1523016024,2018/4/6,61281,15:33,82301,//i1.hdslb.com/bfs/archive/e4119950a8dbaa6cc7a150c406c76040da363292.jpg,3463810,9735,20:0:24,【Lex】情怀与爆笑！四月新番吐槽第一弹！,46936
21675044,BV1uW411M77D,52927,9689,1522929651,2018/4/5,20301,12:40,34394,//i0.hdslb.com/bfs/archive/5cf4d087815df507003fd2b612c87f148a4221de.jpg,2050524,4219,20:0:51,【Lex】小心有雷！四月热门新番推荐+观看指南！,24278
21180234,BV1fW411g7Qf,11862,3492,1521904783,2018/3/24,3828,22:25,13807,//i2.hdslb.com/bfs/archive/0de3595e8c0d43e8d2a230d9676bdf3e3e46b2c8.jpg,816139,2554,23:19:43,【lex】战术大师教你如何夕阳红吃鸡！,10568
21123211,BV1YW411g7ZY,119494,7719,1521799128,2018/3/23,50901,11:27,77903,//i1.hdslb.com/bfs/archive/5261ed33a515c93fab320d2851070ed14d43275a.jpg,2657354,17215,17:58:48,【Lex】笑中带泪！火影忍者刷新智障下线的一集！,22243
20578914,BV1PW411s7P7,157084,11655,1520641200,2018/3/10,84178,23:40,66363,//i2.hdslb.com/bfs/archive/c239faa0aa76be2f4cf23874458564434f7b3aba.jpg,2381169,16057,8:20:0,【Lex】文艺复兴！2018四月新番导视！,46904
20042804,BV1hW41147NH,8686,3855,1519540351,2018/2/25,2137,22:56,11758,//i0.hdslb.com/bfs/archive/9b74d11de744a69ba90539cb7809f0a9a3292eae.jpg,1184497,1579,14:32:31,【Lex】爆笑嘶吼，百团大混战，是兄弟就来砍我,5394
19561319,BV1zW411E7id,5869,4653,1518602452,2018/2/14,1781,34:26,10271,//i0.hdslb.com/bfs/archive/f67a8a7965bbad32a19b999f3d6f73e1c8d3cb57.jpg,580821,2154,18:0:52,【Lex】太刺激了！用手机20杀屠杀吃鸡！,9572
19559284,BV16W411E7Vc,4697,3367,1518533646,2018/2/13,1144,25:08,8874,//i2.hdslb.com/bfs/archive/dd7d96f4688986b8cb920e8b82e325a7fb45d3f6.jpg,379671,483,22:54:6,【Lex】再也不是跳伞模拟器了！老蕾教你手机吃鸡！,6501
19360617,BV1EW411n7mm,7624,4987,1518264009,2018/2/10,3162,32:33,11229,//i2.hdslb.com/bfs/archive/48cf3c756fc23ba74b092cc2f3308c9510a41678.jpg,552325,7836,20:0:9,【Lex】整容医生蕾丝！捏一个纯情软妹闯荡江湖！,34603
19360085,BV1EW411n7Bn,136139,11905,1518165906,2018/2/9,60061,10:30,95925,//i0.hdslb.com/bfs/archive/53a3f54da6b00306f2ca0c7b943bf86d2d9e9ef9.jpg,3353066,19222,16:45:6,【Lex】笑到无语！火影忍者史上最智障的一集！,30008
18839017,BV12W411e7Wj,7866,4804,1517128017,2018/1/28,2466,17:57,9560,//i2.hdslb.com/bfs/archive/336670981a5cccbb6d09e79e03ae6c3ce2128636.jpg,792691,1542,16:26:57,【Lex】爆笑荒野行动！每天被粉丝围追堵截的日常！,5344
18709179,BV1KW411e7GZ,6084,3309,1516879826,2018/1/25,3872,24:12,8983,//i2.hdslb.com/bfs/archive/84efdd52af2cde9cdf4a93c348736545a1b3de34.jpg,798321,4938,19:30:26,【Lex】捏脸达人蕾丝教你如何捏出绝世美人！,21406
18182135,BV11W411i7iz,141731,13958,1515643256,2018/1/11,80511,13:11,91756,//i0.hdslb.com/bfs/archive/cd6e640cc124dccda41a6d4f8657aaf372b2f77c.jpg,5381751,13830,12:0:56,【Lex】验货时间到！一月新番扫雷吐槽第一弹！,37587
18165598,BV1DW411i786,5203,7955,1515578046,2018/1/10,1912,19:53,8055,//i1.hdslb.com/bfs/archive/f171e546006067819e1e370b4d8f9ed3e2496eb6.jpg,736417,600,17:54:6,【Lex】小测验！不玩农药的人能猜出这些英雄都是谁么,11221
18143110,BV1vW411i7jV,63493,4787,1515511332,2018/1/9,24015,15:16,32356,//i2.hdslb.com/bfs/archive/791af6b951cf969637ab58a07be7aca0b81d7597.jpg,1752546,16334,23:22:12,【Lex】15分钟演完《博人传》P2,21259
17753447,BV1GW411b72g,102598,15323,1514635243,2017/12/30,60335,20:53,59706,//i0.hdslb.com/bfs/archive/b7ab0b89b80a29a379241368c68ef72089157140.jpg,2654501,14956,20:0:43,【Lex】全都是变态绅士！2014最神经病的动画！,57909
17730731,BV15W411b78p,4672,3854,1514527310,2017/12/29,1463,32:21,6732,//i0.hdslb.com/bfs/archive/38a1ae3ee824960bf11fc5f1bd5ec22210a7808d.jpg,1069233,532,14:1:50,【Lex】终于可以玩到琦玉老师了,5554
17459916,BV1pW411876D,4949,2429,1513940406,2017/12/22,1367,24:19,5353,//i1.hdslb.com/bfs/archive/bc259cb50f0f151df4ee7593bbee2fc2402e955f.jpg,463103,1418,19:0:6,蕾大侠退隐江湖，带你游山玩水,6619
17442142,BV1tW41187Ut,5923,1874,1513828855,2017/12/21,1376,15:04,5606,//i2.hdslb.com/bfs/archive/d972e0ce8159a7f2a9dad6e275fcf81163abff2c.jpg,702615,652,12:0:55,【Lex】18人的第一人称吃鸡见过没？,2873
17265331,BV1NW411a7dS,4475,2147,1513296037,2017/12/15,1459,33:57,5800,//i0.hdslb.com/bfs/archive/bebe38af29b855a0d596b1f7e463f370740c3d86.jpg,601497,634,8:0:37,【Lex】蕾丝教你开高达，欧来哇刚大木哒！,3462
17234083,BV1RW411h74F,154996,15672,1513176030,2017/12/13,104237,19:11,63239,//i2.hdslb.com/bfs/archive/6c397a484e2f110cd577fb3ca582338bd7021158.jpg,3058183,34196,22:40:30,【Lex】神仙打架！2018一月新番导视！,55021
17139101,BV1iW411h7a9,7103,2332,1512921617,2017/12/11,1706,15:40,6544,//i1.hdslb.com/bfs/archive/cffb10ba511ee115b3520fd2d73fc92cfefe3912.jpg,627218,1161,0:0:17,【Lex】夕阳红枪神教你爆笑吃鸡,4159
16972017,BV1LW411Y7np,4090,1936,1512471621,2017/12/5,1356,11:18,4982,//i2.hdslb.com/bfs/archive/bb7b45c3d7cfb904e00212f1b8e00f9531c36539.jpg,499461,542,19:0:21,【Lex】和众up一起穿越火线！要啥自行车！,2547
16801601,BV1pW411a7uS,91959,7411,1512100931,2017/12/1,63023,17:04,57007,//i1.hdslb.com/bfs/archive/e7377f3849d4c9deff6d1a75822a1c8d93812019.jpg,3001343,7797,12:2:11,【Lex】迷之战斗，2017最搞笑格斗动画！,42873
16638970,BV1Fx41157KN,84360,7651,1511582443,2017/11/25,64782,16:19,55732,//i1.hdslb.com/bfs/archive/9feb47200128b905ba26dc887ec2d4f231391036.jpg,2166393,6614,12:0:43,【Lex】黑人问号！2014超级神经病展开动画！,39055
16435973,BV1qx411L7h4,7652,4584,1510982259,2017/11/18,2745,22:07,6113,//i2.hdslb.com/bfs/archive/27dfaa95b38b2ee24a2e9c8f2a9db1b8d16819e7.jpg,731449,4240,13:17:39,Lex教你捏脸，我要捏一个娇柔的软妹！,16500
16348266,BV13x411L7cA,5862,2229,1510804841,2017/11/16,1601,23:08,5842,//i2.hdslb.com/bfs/archive/1ae2e3042f3e59d0d329d06191d687ab5a2eb194.jpg,1071885,602,12:0:41,【Lex】教练，我想打篮球，我想为所欲为,2732
16280186,BV1Sx41157uW,4963,1878,1510563642,2017/11/13,2092,21:13,9556,//i2.hdslb.com/bfs/archive/a4100f87424cd7e16e00452623c1cd87dacde310.jpg,836323,588,17:0:42,【Lex】和老番茄一起激情四射！,3604
16131471,BV1dx411j7Tp,40742,7803,1510286446,2017/11/10,16384,15:22,21083,//i1.hdslb.com/bfs/archive/e280a3b588ed9e814c30fef10d530726b1f716ed.jpg,1939490,9384,12:0:46,【Lex】史上最无脑动画！看完感觉整个人都变奇怪了,45570
16111445,BV1zx411j7tM,6547,8474,1510200004,2017/11/9,2234,23:50,7221,//i0.hdslb.com/bfs/archive/def2447892b6e574f846993b1c1fbd6d680a7305.jpg,941112,1325,12:0:4,【Lex】暴露年龄！朋友，你听说过赛尔号么？,14109
15949587,BV18x411E7c4,81361,10928,1509611484,2017/11/2,55912,15:41,37683,//i1.hdslb.com/bfs/archive/a5b1a129bbf196cc6126eeb79559d0630e59726f.jpg,2154212,8996,16:31:24,【Lex吐槽】刀剑神域序列之争，我永远喜欢亚丝娜！,28310
15746397,BV1tx41177mp,8039,3404,1509019708,2017/10/26,3141,13:04,7071,//i0.hdslb.com/bfs/archive/25736272ee88ff06090ee570a628b23eb2cc7862.jpg,1000406,1230,20:8:28,【Lex】我居然被做成了英雄！我居然玩了我自己！,9080
15563382,BV1tx411M7Va,7721,2077,1508558411,2017/10/21,1825,19:53,3839,//i2.hdslb.com/bfs/archive/b29bb6efd3bf9158dadb3391fc558e1a22453d66.jpg,427703,1448,12:0:11,【Lex】爆笑对决，悬浮毛毛虫战车！,6178
15440937,BV16x411g7Qw,94252,13355,1508141137,2017/10/16,56115,11:11,49528,//i0.hdslb.com/bfs/archive/b542f5d6f60ecd658362020bdf451433078fcfa4.jpg,2868109,7836,16:5:37,【Lex】小评《欢迎来到实力至上主义的教室》,22133
15331664,BV1fx411u7sa,103396,8196,1507824033,2017/10/13,61915,12:26,32656,//i2.hdslb.com/bfs/archive/90875ac596d69199bab3b0fa7f33286dd82cef3a.jpg,3119792,24378,0:0:33,【Lex】神仙打篮球！真！秒杀NBA的篮球动漫！,30455
15006133,BV1fx411g75h,39029,7152,1506960531,2017/10/3,16650,11:20,26545,//i0.hdslb.com/bfs/archive/89260fd456d45594699f08a56acc23074048a9be.jpg,1927413,13645,0:8:51,【Lex】震惊，二次元公司居然是这个样子的！,27602
14869490,BV1fx411G7zx,6686,4624,1506589815,2017/9/28,1968,61:54,4832,//i1.hdslb.com/bfs/archive/7a7fd29861df95e8dbb96989968cf7e27ec32502.jpg,1266744,555,17:10:15,【Lex】动画区3大300流氓再度聚首，然而被小埋一人就。。。,6140
14734756,BV17x411G7wo,74964,12022,1506178837,2017/9/23,60116,16:47,33212,//i1.hdslb.com/bfs/archive/dbeb5f9b6b797ecb12326340377ef1f270727006.jpg,3254422,8737,23:0:37,【Lex】爆笑！懵逼！09年最神展开的动画！,55237
14662120,BV18x411x7Uc,3594,2202,1505986558,2017/9/21,940,47:13,2660,//i2.hdslb.com/bfs/archive/f69f87a737c99d8036ba17783233d8083d4359d8.jpg,411405,320,17:35:58,【Lex】如果我当上了国王，就请叫我蕾帝嘎嘎,2619
14631076,BV1Gx411x7NR,3503,1849,1505889600,2017/9/20,691,15:49,2115,//i1.hdslb.com/bfs/archive/6e9c28c9b96b8037626a8a750658c1bdc225215f.jpg,346510,223,14:40:0,【Lex】老蕾同志教你打王八拳,1676
14460545,BV1bx411s7an,84981,8693,1505391556,2017/9/14,76221,18:40,17135,//i1.hdslb.com/bfs/archive/68307296659c944a986eb0ca4539a865796dfb6b.jpg,2122998,12135,20:19:16,【Lex】值得期待的作品好多啊！2017十月新番导视,39566
14292622,BV1Ex41147tL,5597,4421,1504956624,2017/9/9,1767,15:40,1586,//i0.hdslb.com/bfs/archive/94b81ed46a668b22cdbf313200bd48df9f0da524.jpg,782316,1017,19:30:24,【Lex】什么！宫保鸡丁居然都可以娘化！,7947
14277837,BV1Ax41147Pv,8894,2027,1504864528,2017/9/8,2292,10:57,1664,//i1.hdslb.com/bfs/archive/fcfbf8b243470f5979f5cd8ecb451197da2eda46.jpg,513989,2586,17:55:28,【吃鸡日常】第二期：龙虾主播竟然能带队吃鸡！,5289
14011490,BV1Hx411t7S8,11188,4040,1504168608,2017/8/31,4399,10:47,2896,//i1.hdslb.com/bfs/archive/82805939fab78bb9996f475d9ca07b8c72401501.jpg,1433886,4569,16:36:48,【吃鸡日常】爆笑！居然会有这么智障的吃鸡小队！,7934
13932244,BV1ux411t7MX,24974,8894,1504022447,2017/8/30,14896,10:19,5758,//i2.hdslb.com/bfs/archive/51e21c3051b1ff023904ad47ad859c28ab66e094.jpg,1568442,2508,0:0:47,【Lex】集科普，励志，热血于一体的超棒动画,15715
13708441,BV16x411b7jd,60600,15828,1503504034,2017/8/24,50063,07:27,93824,//i2.hdslb.com/bfs/archive/0df29b7f7fafd0ad193f17d4feae0635f04e09a0.jpg,4014105,7696,0:0:34,【Lex】回复大家的私信和评论！你看看你们平时都问些什么奇怪的问题！,53525
13671176,BV1bx411b79y,35572,6500,1503386435,2017/8/22,18311,15:17,13964,//i2.hdslb.com/bfs/archive/f60515923584b89825116d6223d677ae94c69a51.jpg,2096887,16195,15:20:35,【Lex】灵魂配音！15分钟演完《博人传》P1,29954
13507363,BV1vx411J7zG,6404,5447,1503039498,2017/8/18,2042,32:57,1276,//i0.hdslb.com/bfs/archive/1f5f22723560262e840810520d0396ed32b4670e.jpg,860227,890,14:58:18,【Lex】教你穿衣搭配成为时尚贵族！,21115
13448493,BV17x411J71E,18460,9440,1502899212,2017/8/17,10908,05:42,7331,//i0.hdslb.com/bfs/archive/bb33091c872747a69a41ffd6a748808f7a32ca95.jpg,1874477,7007,0:0:12,【Lex】日式rpg神作！,12842
13257881,BV1Ux411n79m,24847,9950,1502510413,2017/8/12,17228,13:33,7813,//i0.hdslb.com/bfs/archive/0791fae6453401719d605d28fb95c80b7d049cba.jpg,1368106,15233,12:0:13,【Lex】吃书大作！崩坏3的剧情到底是个什么鬼！,19164
13197639,BV1ax411n7Xw,48775,9041,1502422221,2017/8/11,54328,16:47,10683,//i1.hdslb.com/bfs/archive/3db20f8b1ad62aa21c225cc5a8d14061f87602b3.jpg,2127431,5280,11:30:21,【Lex】太污了！和龙骑士没有半毛钱关系的龙骑动画,54980
12957225,BV1ux411p7xP,23904,10327,1502035256,2017/8/7,14529,01:40,13529,//i2.hdslb.com/bfs/archive/8a267092814a351ce3a390bf65afab96e267fcb6.jpg,2556297,7629,0:0:56,【Lex】坂本大佬为何这么牛逼？,9688
13000820,BV1Vx411p7Gi,50409,7962,1501933940,2017/8/5,62219,17:45,14070,//i2.hdslb.com/bfs/archive/a6231b1e3f0b15d787c865b91f28e33f8ec154ab.jpg,2039839,6748,19:52:20,【Lex】17分钟带你了解fateA里的全部英灵,23048
12951632,BV1Mx411p7J8,25472,7664,1501862411,2017/8/5,11062,06:16,19962,//i2.hdslb.com/bfs/archive/619423641858b52032256641616e592cc8debd9e.jpg,1806671,5185,0:0:11,【Lex】当宅男暑假去尝试了现充生活之后。。。,20491
12646153,BV1Nx411W7P5,102240,23119,1501149434,2017/7/27,78849,22:25,43831,//i1.hdslb.com/bfs/archive/8f0f3b5a11095c7cd36ecceea19e2779de54b885.jpg,3687570,29529,17:57:14,【Lex】疯狂吐槽！《妖精的尾巴》大结局！,60857
12417232,BV1Jx411i7YW,3566,3225,1500606311,2017/7/21,978,12:41,700,//i2.hdslb.com/bfs/archive/18c8648fe08822a9941ac2eff500ccb2c2b5bdf3.jpg,507643,281,11:5:11,【Lex】老司机教你打炮,3225
12417479,BV1Jx411i7BK,75665,20144,1500606082,2017/7/21,112629,11:13,22831,//i2.hdslb.com/bfs/archive/55d7a099ec41cecdf64e130c8bb12328666fd9cf.jpg,2566532,11896,11:1:22,【Lex】补番推荐！欧美宅评分最高的日漫Top20,50240
12283604,BV1Jx411B7Pi,4387,4343,1500566448,2017/7/21,1321,19:11,998,//i0.hdslb.com/bfs/archive/3d3da7146678c3e89a30d7200167c1c015166147.jpg,865574,807,0:0:48,【LEX】天呐，我居然被小学生暴打了,8275
12234651,BV15x411B77p,8221,7900,1500220828,2017/7/17,5144,25:25,2234,//i0.hdslb.com/bfs/archive/62b154d463022a7ac7d72ac9a7cf4022b82e5bdb.jpg,1360886,5298,0:0:28,【Lex】教你如何把玩少女,32309
12203925,BV1Kx411B7pv,34402,22104,1500084059,2017/7/15,25124,09:35,3175,//i2.hdslb.com/bfs/archive/4fa9baaad8e68e342d26ee6f59ec7e4e0a287ba9.jpg,1784222,43932,10:0:59,【Lex】天啦撸，B站居然自己办了个漫展？,60553
12173338,BV1mx411q7V6,74205,16649,1500019228,2017/7/14,59575,16:33,9792,//i2.hdslb.com/bfs/archive/d4aad237ce5a9df9a8e5fc8e96a78c3272cc67bd.jpg,2386969,6008,16:0:28,【Lex】万恶之源！传说中被称作名作之壁的动画！,44403
12073738,BV1xx411q7uJ,6928,3567,1499961603,2017/7/14,2680,22:01,1080,//i2.hdslb.com/bfs/archive/08a3a8cb488aecccee3753b377d05701930a1136.jpg,891573,3363,0:0:3,【Lex】笑死我了，传说中的捏车游戏《创世战车》,11428
11954031,BV1nx411z75Z,95576,19112,1499396453,2017/7/7,66295,15:36,42660,//i1.hdslb.com/bfs/archive/80e691dd4fa586a947d3668e4e6f7dce89a6eef8.jpg,5016458,23469,11:0:53,【Lex】简直神作！2017上半年最神奇的动画！,85603
11723479,BV1Qx41167KF,81927,9430,1498793428,2017/6/30,50713,16:04,38587,//i2.hdslb.com/bfs/archive/0f0e2315827edc21ebab72d9701b68c8ac7db3d1.jpg,4264586,11746,11:30:28,【Lex】竟然还有这种操作！2015最神奇套路番,114750
11080169,BV1nx411a79Q,51753,10235,1496851543,2017/6/8,25199,14:14,31342,//i1.hdslb.com/bfs/archive/84aef5c46a7317a76427eb48b2ca6acaf707732b.jpg,3941789,8540,0:5:43,【Lex】烂片时代开创者！2014年的神级烂片,56469
11040940,BV1Zx411h7Ju,4788,3608,1496505639,2017/6/4,1521,21:04,1358,//i0.hdslb.com/bfs/archive/858246ed580cf98c9c08e4770779fa18407363ff.jpg,975276,775,0:0:39,【Lex】欧洲人装完逼一定要快跑！一定要快跑啊！,8102
11028727,BV19x411h7zF,64221,15227,1496462411,2017/6/3,40637,11:16,22896,//i1.hdslb.com/bfs/archive/329920d269aec76fe55e29a14f1c15ced95e1534.jpg,2754384,33555,12:0:11,【Lex】纪念诚哥十周年，小评后宫奇番《日在校园》,54745
10990305,BV1vx411e7AG,3725,3524,1496332855,2017/6/2,1024,28:03,907,//i2.hdslb.com/bfs/archive/c4534f1288da86052d0c12070d19c9455aba4ded.jpg,827200,434,0:0:55,【Lex】大兄弟，赌船不？,7145
10859510,BV1Rx411Y7ua,23156,9959,1495900830,2017/5/28,7099,15:33,4667,//i2.hdslb.com/bfs/archive/29fdeffa5db2754b24036801a3d90cf490c248ce.jpg,1257952,1853,0:0:30,【Lex】不懂去玩原作！？浅谈那些游戏改编动画,17622
10750468,BV1Jx411Y7zT,38094,14071,1495555206,2017/5/24,16797,12:14,14308,//i1.hdslb.com/bfs/archive/73fdae7524b7213dfa7e95f24be6155c67d807d7.jpg,2605269,13299,0:0:6,【Lex】这部动画的梗，竟比动画本身还要有名！,50434
10417644,BV1vx411m7eR,15310,6251,1494248416,2017/5/8,7288,08:20,3550,//i0.hdslb.com/bfs/archive/f908d46350082590861f3a593749ebde7cb35419.jpg,945259,3855,21:0:16,【Lex】漫展有哪些好玩的，蕾丝教你如何愉快的逛漫展,17712
10352431,BV1Lx411m7EP,3361,2273,1494064823,2017/5/6,1247,33:27,962,//i2.hdslb.com/bfs/archive/b428fc7c83802d9d72c3294ca04a2bfedf5085a0.jpg,717264,810,18:0:23,【Lex】开高达对决室友小智 ，这个人的素质真的太低下了,5343
10141882,BV1Xx411U7Ny,4836,3382,1493382601,2017/4/28,1143,33:53,773,//i1.hdslb.com/bfs/archive/11988c9ac73f0d556b931f6ca00264ca3184d31a.jpg,857364,224,20:30:1,【Lex】震惊！谷哥和度娘居然组了cp！,9055
9966351,BV1Mx411U7y5,38692,5228,1492669341,2017/4/20,65989,08:48,12337,//i2.hdslb.com/bfs/archive/d06509a7a59c8de64fcc1d401f9040cbd6d79cd3.jpg,1068060,9738,14:22:21,【Lex】8分钟教你如何成为一名up主,20889
9871029,BV1Ex411D7nz,5452,3541,1492308028,2017/4/16,2373,23:44,1872,//i1.hdslb.com/bfs/archive/1dd7943ee3dc9326f894f4674c83de10dc477f53.jpg,704705,933,10:0:28,【Lex崩坏3】巫女赛高！八重樱！请求出击！,10517
9837510,BV1Mx411D7ZH,78376,7655,1492174203,2017/4/14,44846,08:30,7440,//i1.hdslb.com/bfs/archive/d41ef5983c5250e3df4fa567209ceb38316a16df.jpg,2355900,6670,20:50:3,【Lex】带你一起看2017年的四月新番,23897
9470683,BV1Zx411D7ZZ,3640,2336,1490785288,2017/3/29,782,35:43,587,//i2.hdslb.com/bfs/archive/8374c233a9b235e0baef0197992c1f376a4c5cf1.jpg,624814,211,19:1:28,【Lex】是男人就上60层,3614
9243911,BV1Cx411r7Ej,28552,8692,1489838989,2017/3/18,20101,08:12,7551,//i1.hdslb.com/bfs/archive/a9fbfa379a676d65f94a56be670a579cf28db34d.jpg,1097415,6131,20:9:49,【Lex】如何度过一个不让自己后悔的大学四年,17200
8956803,BV1ox411k7nb,45016,7153,1488605977,2017/3/4,17489,14:12,16286,//i2.hdslb.com/bfs/archive/01a0a7ab547bb447263efa5caa4b90b89e3997a9.jpg,2983385,2393,13:39:37,【Lex】2016年度头号烂片，看完后彻底震惊了！,32846
8869179,BV1wx41117NK,52391,14620,1488183362,2017/2/27,47505,11:09,46199,//i1.hdslb.com/bfs/archive/ea03a02047f69bb2101d71da427344ebac883172.jpg,2564687,26835,16:16:2,【Lex】单身狗在上海生活需要多少钱？,25690
8693909,BV17x411y7wm,43989,8226,1487424641,2017/2/18,39502,14:13,17784,//i2.hdslb.com/bfs/archive/4f7d7553064e6157100d54e5cfa270981deba353.jpg,3313067,13939,21:30:41,【Lex】带你看2016最污的福利动画,38631
8188448,BV1rs411b7go,64104,48295,1485231669,2017/1/24,42149,12:12,14357,//i0.hdslb.com/bfs/archive/aa9a3203f6dd048a2c946d3f0278d7d86d17af6b.jpg,2797824,18493,12:21:9,【LexBurner】毁天灭地！比网球王子还要夸张的网球动漫,34455
7984342,BV1Es411h7q2,61548,10815,1484283489,2017/1/13,38573,12:14,32908,//i2.hdslb.com/bfs/archive/39eb6d2c64062084c6a901a0c09c589ef222e4af.jpg,4024082,38194,12:58:9,【LexBurner】《网球王子》是如何变成《杀人网球》的！,47239
7861820,BV1ps411Y7g3,18403,5594,1483598716,2017/1/5,14149,10:24,6622,//i0.hdslb.com/bfs/archive/9f61fefe37be96ca0f32f3b132abdf2f542f5b95.jpg,1709469,4773,14:45:16,惊了！汪酱竟是约炮狂魔！Lex带你了解观看FGO第一章需要了解的知识,18314
7733505,BV19s411a7pd,33047,10972,1482901972,2016/12/28,22653,11:50,33616,//i1.hdslb.com/bfs/archive/6dc3af0834ac6e43139f82c51c02564d77b01eec.jpg,2811958,6769,13:12:52,Lex带你看标题党名作《魔法少女小圆》,36973
7549355,BV1Bs411e7sq,20457,6082,1481870629,2016/12/16,20936,10:07,3109,//i0.hdslb.com/bfs/archive/759444470badbfa24804d2edfd98330faead9b58.jpg,1745191,2671,14:43:49,【涨姿势】10分钟带你了解动漫中常出现的织田信长和本能寺之变,16701
7260153,BV1Rs411W78P,88224,10441,1480141541,2016/11/26,48375,14:52,34004,//i1.hdslb.com/bfs/archive/80c7988a20e7e096f29e928f87fc2681b2b3e74e.jpg,4696337,36793,14:25:41,听说《名侦探柯南纯黑的噩梦》上映了，那我们就愉快的来吐槽它吧,53663
7179979,BV1zs411W73v,7325,3233,1479625695,2016/11/20,2729,05:35,978,//i1.hdslb.com/bfs/archive/9b7e35201fab06ae7ec1a8d9e0032c00f0b0ddf2.jpg,889522,504,15:8:15,【LexBurner】适合改编成动漫的国产独立游戏,7218
7150724,BV18s411W7a2,46899,20042,1479471460,2016/11/18,19825,12:42,38594,//i0.hdslb.com/bfs/archive/9bc5814557f85928288a923e187ac821d2efdc59.jpg,3871496,15530,20:17:40,【LexBurner】小评国产魔幻神剧《爵迹》,62418
7009849,BV1Js411x7AY,8373,2042,1478574502,2016/11/8,1383,08:19,918,//i1.hdslb.com/bfs/archive/74a8ffd84cc5db4c4dcd4678949a3e776c79285f.jpg,680041,366,11:8:22,LEX带你看魔改的侍魂动画版,5376
6849182,BV16s411s7eL,58107,9703,1477577900,2016/10/27,28250,15:07,21599,//i2.hdslb.com/bfs/archive/ba4829646e543d0812645466c43f8eddb8935e6f.jpg,3930232,17008,22:18:20,【毁童年】Lex带你看中华小当家原版的结局！,33904
6698167,BV1es41147Rd,46738,12570,1476592407,2016/10/16,33607,16:05,19460,//i2.hdslb.com/bfs/archive/89631e5bd6b742a94dd22a107ff1c062b1bc0e24.jpg,3502360,24040,12:33:27,【Lex】秒杀NBA的篮球动漫《黑子的篮球》,50670
6673255,BV17s41147xh,4776,3498,1476448169,2016/10/14,3169,22:57,2547,//i1.hdslb.com/bfs/archive/934c7c19fcc336339cd9c0943ec30da509a7695b.jpg,1010563,1432,20:29:29,Lex带你玩崩坏3，体验一下欧皇的玄学之力吧！,13231
6647445,BV1Ts41147X9,40651,6988,1476264725,2016/10/12,68206,14:15,16265,//i2.hdslb.com/bfs/archive/0b1578abb76e265cd8c27aae7ce1b5cdba02fb07.jpg,2980750,12265,17:32:5,【LexBurner】14分钟带你了解fate英灵的前世,29668
6446967,BV1ms411t7gZ,1441,1705,1475045612,2016/9/28,996,25:56,304,//i0.hdslb.com/bfs/archive/2e4155ab72ebb2b2d09d98fd0f825e84ceea9371.jpg,365097,239,14:53:32,【菜鸡互啄】的封印者枪娘试玩,2625
6207375,BV13s411r7MZ,55051,9991,1473375050,2016/9/9,98309,10:07,30151,//i0.hdslb.com/bfs/archive/8309cdaaaa07f9d7d8f320791bc96eddd2d6a271.jpg,3762726,6836,6:50:50,【LexBurner】好番强推，近两年佳作大盘点,31766
6207368,BV13s411r7Mo,4183,1463,1473374818,2016/9/9,2955,08:20,2462,//i1.hdslb.com/bfs/archive/1df263e6638bc6a5bb4d9c0a80502c8a464f90a9.jpg,1424956,632,6:46:58,【LexBurner】一个超级厉害的轮回故事,5033
6033084,BV1js41167KX,26510,8882,1472273308,2016/8/27,17724,16:21,7144,//i1.hdslb.com/bfs/archive/ad5e39f21165d373045207eed5fb7d00db753df1.jpg,1978828,7126,12:48:28,《死神》十大关键词，带你看完死神15年的特质和套路,25401
6023351,BV1ys411k7ow,3831,3349,1472210347,2016/8/26,3194,33:50,1475,//i0.hdslb.com/bfs/archive/da69dffd70af0ade04575fb6fe19dce9c8f6dca8.jpg,907540,1588,19:19:7,Lex带你用把妹之手殴打炮姐,10931
5898555,BV17s411k7XK,52035,33462,1471588483,2016/8/19,35578,12:09,31729,//i2.hdslb.com/bfs/archive/eb85b7660f3e452de26cb383a6cdce30a443598c.jpg,4495481,22806,14:34:43,听说《死神》完结了，那就让我们一起吐槽它吧,47675
5810407,BV1Ss411r7n9,3129,2733,1471151356,2016/8/14,1509,08:47,785,//i1.hdslb.com/bfs/archive/a6753dea9a1990b99cf3ca1c93e139c11d89b835.jpg,995959,766,13:9:16,【LexBurner】一个官二代男主角“艰难”闯荡江湖的故事,5875
5776782,BV16s411r7Fx,6566,4894,1470975667,2016/8/12,4113,06:50,12518,//i1.hdslb.com/bfs/archive/b070e8367cdd41c786eb423b96212103ce38dd4f.jpg,1594018,468,12:21:7,【LexBurner】蕾丝教你如何一本正经的胡说八道？,7216
5762797,BV1Ns411y7kF,21008,11183,1470901171,2016/8/11,11634,09:14,13175,//i0.hdslb.com/bfs/archive/d260a4f963447e0e641d9a6fe0a278508a36f0f8.jpg,2267260,4685,15:39:31,【LexBurner】评年度最迷动画，四月智障大片《迷家》,25136
5563910,BV1Ns411C7RW,83542,24394,1469862113,2016/7/30,44002,10:10,42023,//i2.hdslb.com/bfs/archive/171e700130304fc42e6d996b3706655a46fe103a.jpg,3198871,32263,15:1:53,【LexBurner】好番强推，2009年的零差评动画《钢之炼金术师FA》,32759
5563850,BV1Ns411C72t,3110,2372,1469861883,2016/7/30,995,03:34,780,//i2.hdslb.com/bfs/archive/77d40877d3155aa129b2b584d4bf63196a830f5b.jpg,568570,259,14:58:3,【LexBurner】蕾丝实例解析微电影《王的回忆》,5550
5454029,BV1ps41117TM,8469,4610,1469245866,2016/7/23,2977,04:51,2733,//i0.hdslb.com/bfs/archive/56f62c37ebce9df07f070f9ac8490bf28771fb4f.jpg,904662,1020,11:51:6,【小学生作文】之国漫尴尬三兄弟,11280
5302595,BV1xs411y7xQ,105214,99532,1468309081,2016/7/12,30281,07:37,42432,//i0.hdslb.com/bfs/archive/29dac82a8106e5c9fbdad9e5265de7c7d779cf0c.jpg,3495437,33904,15:38:1,【LexBurner】大鱼海棠，换了个包装的国产青春片,66061
5274832,BV1js411y78c,9716,4185,1468131366,2016/7/10,5982,30:22,4798,//i0.hdslb.com/bfs/archive/a16fdbd41a9c84159a0e100d54e8b465855fec59.jpg,1344990,3461,14:16:6,【LexBurner】我从未见过如此正常的大冒险,29100
5237494,BV1ws411i74u,2256,2916,1467883331,2016/7/7,2200,44:25,631,//i2.hdslb.com/bfs/archive/8c00e7cc61d96df8f2e70318fd5946a9611012aa.jpg,670567,358,17:22:11,【LexBurner】夭寿啦，手枪居然也能爆衣啦,9984
5165996,BV1rs411v74i,28606,14069,1467391141,2016/7/2,9409,12:51,4364,//i1.hdslb.com/bfs/archive/c8556713663cec3bc58b27cd3fe7b24fbff88ae9.jpg,1869160,7772,0:39:1,【LexBurner】小儿科大片，评甲铁城的卡巴内利,30197
4998503,BV1Ss411e7NQ,29046,10642,1466139767,2016/6/17,17665,15:59,14890,//i0.hdslb.com/bfs/archive/f5f01dc5bf8afef4ecd8ace803c2500297058891.jpg,3556181,5208,13:2:47,【LexBurner】史上最不要脸的中二动画，年度头号烂片预定,41917
4982492,BV19s411e7fB,1845,1520,1465990728,2016/6/15,1321,66:28,488,//i1.hdslb.com/bfs/archive/b2c50dd0943ca931aa28eb1b5097379be0c41a64.jpg,563293,107,19:38:48,【蕾彦祖与智本山的污力解说】看到这字体的时候，我就懵了,4255
4912937,BV1Ps411q7Yw,62076,7432,1465446222,2016/6/9,55836,10:33,14596,//i2.hdslb.com/bfs/archive/7edf866255ae2d9a8f31c176c0873769d6451243.jpg,2632798,25132,12:23:42,【灵魂配音】10分钟演完fate stay night UBW,29978
4770078,BV1Js411i7tA,20050,11147,1464252194,2016/5/26,9697,10:36,4595,//i1.hdslb.com/bfs/archive/2bb0c9a4cf940f22d27ea9d6780823ddd7361a5a.jpg,1766582,3639,16:43:14,听说大家都在看甲铁城，那就来简单的评价一下它,20184
4744950,BV1Gs411i7b2,9588,3613,1464004328,2016/5/23,6531,13:34,18737,//i0.hdslb.com/bfs/archive/8fdfa9b6acac27bdef47e47617b9dddb0dc599cd.jpg,3501825,1971,19:52:8,【LexBurner】这是我见过的最苦逼的男主角,10778
4689025,BV11s411B77M,10606,3382,1463546056,2016/5/18,10661,09:45,5544,//i0.hdslb.com/bfs/archive/7ce922451c105f32b33b3c0f13557dc52e4d7360.jpg,1740925,4176,12:34:16,【最二王冠】日本男版巴拉拉小魔仙,19743
4688992,BV11s411B7EU,8471,2587,1463545876,2016/5/18,6293,05:42,7096,//i2.hdslb.com/bfs/archive/55b6b860446510a2d19db09413de3cbf34693ebb.jpg,1013254,2734,12:31:16,【小学生作文】宅男找到了女朋友之后,11138
4659836,BV1qs411B75i,4230,2815,1463283518,2016/5/15,2937,64:00,925,//i1.hdslb.com/bfs/archive/fae0767ff82bd58d67e9c1532e89d1f27755b778.jpg,691382,1137,11:38:38,【蕾彦祖与智本山】直男审美遇上换装游戏,22152
4581382,BV1As411B7Vo,3245,1862,1462602008,2016/5/7,1493,33:42,937,//i0.hdslb.com/bfs/archive/5658c495ad0649caee621a35e5b993b7c8dce8a3.jpg,998134,282,14:20:8,【LexBurner】我们仍未知道那天蕾丝到底吞了啥,9555
4402954,BV1fs411z7gx,14822,7241,1460964157,2016/4/18,6107,06:48,2300,//i0.hdslb.com/bfs/archive/553775e07d69ebab1591579e6ac614e6e9685c2f.jpg,732507,2723,15:22:37,【小学生作文】一个宅男的故事,18924
4371560,BV1Ds411z7cB,9306,5745,1460712771,2016/4/15,5461,06:20,3826,//i1.hdslb.com/bfs/archive/ce30458eceb67da7df34528e9d50c3a52a84f64f.jpg,1076132,917,17:32:51,Lex教你神作的套路,12064
4217699,BV1Qs411B7d1,3176,1599,1459222262,2016/3/29,1643,61:15,469,//i1.hdslb.com/bfs/archive/2d31c03793b1add1e214078ed9d118e124cc8934.jpg,674951,297,11:31:2,玩游戏最不能立的flag就是———赢了！,10685
4210157,BV1fs411B7y1,10521,2925,1459136020,2016/3/28,3741,08:41,2527,//i0.hdslb.com/bfs/archive/49126673926cc0ca0274b22a465d67296a4cd2ff.jpg,1097141,2052,11:33:40,【LexBurner】毁人三观的龙珠真人版电影,15964
4193283,BV1gs411X7Hd,1520,1852,1458985655,2016/3/26,928,42:53,490,//i1.hdslb.com/bfs/archive/4a4e2f5bb1fdca23f3e0bbedd7ef5dfd12db386d.jpg,636282,114,17:47:35,【LexBurner】小智教我花式打飞机,3345
4174052,BV1js411X7Ky,13010,3623,1458791926,2016/3/24,7087,26:58,2164,//i0.hdslb.com/bfs/archive/e5dc3cf3d4ef556bf2ff2b75eb8761f0aad8b72e.jpg,1184328,1674,11:58:46,听说亡国的阿基德出了大结局，那我们就一起来吐槽它吧,14946
3947370,BV1Ns411Q7eX,81402,13259,1456391540,2016/2/25,60394,10:15,33107,//i1.hdslb.com/bfs/archive/779e5b1cf63b0b8904748389efaeb6a3f77f940d.jpg,5343045,44599,17:12:20,听说大家都去看了火影忍者博人传，那我们就一起来吐槽它吧,58254
3919993,BV1bs4119714,3600,3069,1456125720,2016/2/22,1903,31:47,475,//i1.hdslb.com/bfs/archive/252500e05aab0956730407ab38229bf2eac82162.jpg,659136,913,15:22:0,【LexBurner】满血秒杀，一击毙命，裸杀人书，男人就应该对自己二一点,13821
3768097,BV16s411X7Sz,18679,12772,1454729620,2016/2/6,14708,13:10,9538,//i2.hdslb.com/bfs/archive/a0045ea41f4c9c281cbcd45175af06e7954b6498.jpg,2437135,5028,11:33:40,【最二王冠】2015究极烂制作动画，圣剑使的禁咒咏唱,42441
3703667,BV1Ys411X73Q,8113,3845,1454133289,2016/1/30,4967,08:15,2791,//i1.hdslb.com/bfs/archive/7cc96e1d945085320ac11d6f915db306bf1fc011.jpg,1662781,1487,13:54:49,【LexBurner】超搞笑的国产科幻动画，时光诡域,19354
3638963,BV19s411R7gG,3025,2761,1453461290,2016/1/22,2823,38:02,4966,//i1.hdslb.com/bfs/archive/4eaef4578851ce1cc63255e9a136117f53c10382.jpg,2022190,722,19:14:50,【LexBurner】我就喜欢你看我不爽又干不死我的样子,7108
3608924,BV1ys411R7XB,12663,4093,1453108885,2016/1/18,18033,08:16,16740,//i1.hdslb.com/bfs/archive/73f0d1441fbaed58baf512d21fbc31f65773534e.jpg,3172606,9658,17:21:25,Lex带你看火影忍者的主线剧情,17528
3578253,BV1es411R7hh,2418,1485,1452745177,2016/1/14,2007,05:30,3957,//i1.hdslb.com/bfs/archive/94208ecbf2015e100387488dd55c96d7a0aab81b.jpg,741070,375,12:19:37,Lex教你我上我也行,5073
3553377,BV14s411R7gK,2032,1251,1452408055,2016/1/10,1787,36:17,549,//i1.hdslb.com/bfs/archive/697f5050ed2402b1f84dfaf131d341b48c409e0d.jpg,624300,532,14:40:55,【LexBurner】输出全部靠吼，雷霆辅助女枪第一视角实况攻略解说,10064
3440474,BV1rs411975H,1320,1646,1450929736,2015/12/24,2820,27:28,5232,//i2.hdslb.com/bfs/archive/0d84c8a6d83c115d1a4a9a8c04a4f0650005f253.jpg,970972,385,12:2:16,Lex和老番茄的受虐之旅,6484
3400042,BV13s411o7R3,681,2320,1450327672,2015/12/17,844,17:19,312,//i1.hdslb.com/bfs/archive/5c26c2bb2023311d5e9e416951529e340bf204b5.jpg,459126,485,12:47:52,【LexBurner】蕾丝猎人大战莫名其妙就扣我血的星龙,6222
3365851,BV1Fs411o74P,5524,4621,1449818455,2015/12/11,6811,08:40,6920,//i0.hdslb.com/bfs/archive/96f508557a894c7701dc99c2a6a0006b3d79dc61.jpg,1502519,2121,15:20:55,【P2】听说大家对革命机有所耳闻，那我们就一起来吐槽它吧,13408
3320976,BV1ds411d7ji,833,1974,1449122439,2015/12/3,869,23:35,591,//i0.hdslb.com/bfs/archive/c3ada766f50b678da30f04e9e314121bbff3d290.png,383191,305,14:0:39,Lex教你打手枪,7289
3257241,BV1Bs411d7un,1234,1830,1448103379,2015/11/21,1206,100:17,321,//i2.hdslb.com/bfs/archive/ccdde863b0483164fcc0452e4a530baf859dbf7c.jpg,556282,321,18:56:19,Lex带你玩大保健德玛西亚之力,13419
3181179,BV1Vs411d7H4,27016,9230,1446865729,2015/11/7,35188,11:19,35161,//i2.hdslb.com/bfs/archive/21ef7be04ecf7cf0ba67ca7669908d79eb3f30d7.jpg,6094768,19809,11:8:49,听说大家都看过名侦探柯南，那我们就一起来吐槽它的剧场版业火的向日葵吧,60746
3158291,BV1Ts411d7Ud,717,1335,1446443113,2015/11/2,926,45:21,566,//i2.hdslb.com/bfs/archive/a865ec77428dfcbac6d12f7b6eee5545682b9a52.png,462372,447,13:45:13,Lex带你玩名字感觉怪怪的游戏虚荣,5997
3151572,BV1Ns411d7KL,2156,2794,1446347309,2015/11/1,3561,36:39,1462,//i0.hdslb.com/bfs/archive/98a9151efd02061a4644398b4470146f6ac05580.png,881898,1130,11:8:29,笑死我了，当up主直播犯二被队友认出来的时候，会发生什么？,24433
3138809,BV1ms41127Fv,670,1231,1446178730,2015/10/30,1826,20:46,3576,//i2.hdslb.com/bfs/archive/3fd9bfe3b89a3e6ab3293ae6ce16e9938e99ab7b.jpg,390145,235,12:18:50,Lex大战散人,2853
3101677,BV1is41127v5,5952,5639,1445571029,2015/10/23,8099,07:42,5110,//i0.hdslb.com/bfs/archive/37dba15d21dbbe71074fbe2a33403efcc522fdcd.jpg,1983119,1410,11:30:29,听说大家都追完了七月新番，那就让我们一起来吐槽它们吧,20563
3097094,BV1vs41127nN,2798,2189,1445482972,2015/10/22,2718,09:36,3580,//i0.hdslb.com/bfs/archive/65b7d2fedcf74c2ba2baa5f5e8f1f430d1f157ed.jpg,1225466,1051,11:2:52,【LexBurner】超垃圾的续作电影热血高校3,12829
3033348,BV15s41127gt,1678,1600,1444367857,2015/10/9,4570,106:12,3060,//i0.hdslb.com/bfs/archive/66623aea668a7f363c49d96b35521526cf90ded9.jpg,1705088,487,13:17:37,妈妈，我以后再也不随便立flag了,17939
2983881,BV1us41127rd,12792,16485,1443677452,2015/10/1,9225,10:17,10412,//i0.hdslb.com/bfs/archive/95ea216dea3d708a5bda0a9d9ba90d09537d1bdb.jpg,1770921,2896,13:30:52,【完结有槽点】简评夏洛特charlotte,25348
2970090,BV1ds41117tt,5756,2812,1443429096,2015/9/28,13666,09:01,11511,//i1.hdslb.com/bfs/archive/05883874cb4df62467fdf60420fed6487eea7b1e.jpg,2129073,2519,16:31:36,Lex带你看拳皇系列历代的剧情故事,10693
2948820,BV1ms41117Ei,8774,6071,1443066008,2015/9/24,10674,09:35,18766,//i0.hdslb.com/bfs/archive/28a169b5ba1a79ceac0745910a884802aa406993.jpg,1953660,4425,11:40:8,听说大家都对革命机有所耳闻，那我们就一起来愉快的吐槽它吧P1,19567
2948810,BV1ms41117EB,1762,1243,1443065814,2015/9/24,2414,04:06,6272,//i0.hdslb.com/bfs/archive/8e4d2d66a2787bf7ecc007eba0d1558ee8041247.jpg,1113886,342,11:36:54,这应该是我念的最快的一次,3996
2927640,BV1Ds41117Qy,7769,10619,1442652788,2015/9/19,7580,12:24,5590,//i2.hdslb.com/bfs/archive/18ccf412d91568c3ad8c31392293592a71af3378.jpg,1570686,1723,16:53:8,听说大家都在看夏洛特，那我们就一起来愉快的吐槽它吧P1,22789
2927639,BV1Ds41117Q9,1314,2291,1442652782,2015/9/19,1527,24:41,5532,//i1.hdslb.com/bfs/archive/27953e2ad16533f0d93aace410dda8c337cddf4b.jpg,1215964,130,16:53:2,我以后再也不乱说话了,14417
2917886,BV1Ss41117P8,3814,3581,1442461471,2015/9/17,4894,09:07,4437,//i1.hdslb.com/bfs/archive/79089be9ebc465f918c6cf8819e019c4cf97037e.jpg,1581342,2329,11:44:31,听说大家都知道巨人，那我们就一起来看他的真人剧场版吧,20214
2917885,BV1Ss41117Ph,6538,2986,1442461468,2015/9/17,6850,04:04,16911,//i0.hdslb.com/bfs/archive/fa8ffd4cb82cbe0dc1d82c817a8299d085f77a49.jpg,1637571,835,11:44:28,【LexBurner】不要欺负我，我也是有脾气的！,8095
2840550,BV1os411m7Gx,1573,2645,1441011785,2015/8/31,2283,70:59,860,//i2.hdslb.com/bfs/archive/e44c481f92efafc0fae7b47afa47c58e1fad8930.jpg,1501340,369,17:3:5,【LexBurner】不说啥了，这把至少能吹一年,24086
2826733,BV1As411U745,572,2229,1440824515,2015/8/29,946,122:00,453,//i0.hdslb.com/bfs/archive/dafde242fb09015807d5effdb78ed6f3dce4e54a.jpg,538964,65,13:1:55,我是要成为卡牌大师的男人，万智对决直播实录,8956
2824544,BV1cs411U7zi,1016,1291,1440776313,2015/8/28,1125,29:28,537,//i0.hdslb.com/bfs/archive/2f259bdb3bb055be8cd87aa68cbc013b68f798f6.jpg,630415,149,23:38:33,【LexBurner】我认真起来连我自己都害怕，光辉女郎吹比向实况录播,10894
2800480,BV19s411m78k,953,1635,1440475792,2015/8/25,1024,29:38,1775,//i2.hdslb.com/bfs/archive/40a0ca15d5e9ca2038f21b7db72fafb05c184785.png,471476,115,12:9:52,【LexBurner】莫名其妙的五杀直播实录,15390
2775786,BV1is411m7nV,3402,2417,1440122981,2015/8/21,5192,08:21,1995,//i1.hdslb.com/bfs/archive/817f5f7692e265533c4be5066253d026ce1dc163.jpg,--,503,10:9:41,【P2】听说大家都看过鲁路修，那我们就一起吐槽他的外传亡国的阿基德吧,14703
2756625,BV1rs411m7kS,1617,2275,1439866511,2015/8/18,2320,05:15,1417,//i2.hdslb.com/bfs/archive/e70c3c688faeef56c4cd3dd9b68e079a6cf1789f.jpg,914352,300,10:55:11,Lex带你看一个另类的西游记的故事,13179
2734927,BV1es411m7cK,9363,6455,1439538958,2015/8/14,10267,09:09,4629,//i1.hdslb.com/bfs/archive/3b741343683f84a2770a60bee9fddf46fffee8a1.jpg,1700254,1314,15:55:58,听说大家都看过鲁路修，那我们就一起吐槽他的外传亡国的阿基德吧,41854
2734667,BV1Ys411m7dq,1811,2200,1439536184,2015/8/14,2401,06:44,2256,//i0.hdslb.com/bfs/archive/b00c9ed682c25add273eb28559218f549560b92a.jpg,774324,164,15:9:44,【LexBurner】论国语配音的崛起和突破,17333
2698464,BV1Hs411m78N,6866,13594,1438948253,2015/8/7,8895,08:12,6661,//i2.hdslb.com/bfs/archive/fe2fdcf0329f7ce50d5d212bb7015e2f946f60fe.jpg,1658071,1656,19:50:53,【完结有槽点】燃破天际，简评kill la kill（双斩少女，斩服少女）,18247
2698417,BV1Hs411m789,624,1205,1438947785,2015/8/7,548,09:23,409,//i0.hdslb.com/bfs/archive/342d40e8ee3ba302a771c69e7e424354edc9f74e.jpg,455198,81,19:43:5,Lex带你穿着秋裤泡温泉,4864
2676788,BV1Ks411m7c2,961,1843,1438613834,2015/8/3,759,20:01,360,//i1.hdslb.com/bfs/archive/a5fcc42bf6b549774c8775b0000a49fe62a44b83.png,482757,63,22:57:14,【LexBurner】超电磁炮毁天灭地，平a流泽拉斯直播实录,12551
2658855,BV13s411m7zq,9055,9172,1438336689,2015/7/31,12221,08:27,7460,//i1.hdslb.com/bfs/archive/b5cab20d77ce12df517921131b9cd4b9c003c823.jpg,2162361,3098,17:58:9,听说大家都在看火影忍者the last，那就让我们一起吐槽它吧,36659
2658811,BV13s411m7hs,1044,1328,1438336213,2015/7/31,1706,06:10,1548,//i1.hdslb.com/bfs/archive/0deb0259d581c4aa8997ecf487cd6775af3b9372.jpg,1056440,105,17:50:13,谁是老司机，别怀疑，一定不是你,13409
2594781,BV1as411S7Cz,1157,1490,1437278057,2015/7/19,1436,05:23,925,//i0.hdslb.com/bfs/archive/5e2dda80a373e1796f56e46adb303aaf4e977a07.jpg,781803,126,11:54:17,【Lexburner】论三国游戏人物的撞脸与突破,12076
2551497,BV1Ts411S7Rn,5196,4656,1436500065,2015/7/10,8576,06:37,5001,//i2.hdslb.com/bfs/archive/719af5bf8e89b06d9db8ab74d0f75607f69ce59f.jpg,1932979,606,11:47:45,听说大家都追完四月新番了，那我们就一起来吐槽它们吧,23190
2542000,BV1Ns411S7CX,3381,5652,1436325926,2015/7/8,3155,06:03,1350,//i0.hdslb.com/bfs/archive/03a0df0a844e0c97e7024a7e3764094c507a72fb.png,936283,233,11:25:26,【LexBurner】回复战争，论诱导评论的重要性,19839
2458050,BV1Ds411U7kJ,5495,1963,1434721185,2015/6/19,9182,05:59,6144,//i1.hdslb.com/bfs/archive/445dc42e93e3a2ee0f06c0c640273ba06b82afee.png,1699505,2795,21:39:45,听说大家都看了复仇者联盟2，那就让我们一起来吐槽它吧,16476
2458030,BV1Ds411U7CR,16943,8713,1434720918,2015/6/19,30841,10:53,24555,//i1.hdslb.com/bfs/archive/d312df2f8d6456d5afe91cba57448430e3899e4c.jpg,3191319,12558,21:35:18,听说大家都在看终结的炽天使，那就让我们一起来吐槽它把,70916
2375468,BV1Ws411U7xf,13683,9103,1432866852,2015/5/29,18471,06:26,13904,//i1.hdslb.com/bfs/archive/ba611344fee3d86b2592e68889c4337e5db8e842.jpg,2352083,3149,10:34:12,听说大家都在看我的青春恋爱物语果然有问题，那就让我们一起吐槽它吧P1,22723
2375452,BV1Ws411U7xu,3012,2757,1432866442,2015/5/29,5797,07:02,3612,//i2.hdslb.com/bfs/archive/c82f0d7008f451ab77d0c8118e637cec68bfd83a.png,1319987,1125,10:27:22,【LexBurner】有人的地方，就有撕逼，论女性撕逼的积极姿势,21047
2350551,BV1ms411D7cQ,5458,1904,1432268279,2015/5/22,6843,13:10,2456,//i1.hdslb.com/bfs/archive/190857b8386090212f3d797c93fb8f5ebd8a0e8d.jpg,788861,736,12:17:59,【完结有槽点】不一样的校园动画，励志佳作银之匙,7209
2350463,BV1ms411D7Pb,1132,1211,1432266612,2015/5/22,1814,04:51,805,//i2.hdslb.com/bfs/archive/359c854d112ee3dfb9a54a26661d0fbe2212b5f1.png,625984,158,11:50:12,【lexburner】脸好，一切都好，论ACG中的时尚设计,6424
2326015,BV1zs411D7CY,10386,8609,1431657809,2015/5/15,13151,08:38,8208,//i1.hdslb.com/bfs/archive/7e4b408df0f611445dfc374c8935da94589d6c1e.jpg,1695500,4240,10:43:29,【完结有槽点】简评命运石之门,23770
2301482,BV1ks411D77y,559,574,1431062610,2015/5/8,1051,47:30,1002,//i0.hdslb.com/bfs/archive/62fa59b24d409474f156bb27fb3c8f5f8229354d.jpg,557780,102,13:23:30,死亡一指毁天灭地，队友挂机依旧carry全场的奈亚子,7558
2294709,BV1ks411D7w5,1498,1523,1430878182,2015/5/6,3912,11:14,2680,//i1.hdslb.com/bfs/archive/1d3b87134af852c67e9ad007e23ec51410e354f5.jpg,1430531,233,10:9:42,Lex带你看枪兵的诅咒vs梶裕贵的断手传说,9988
2272040,BV1es411D7u8,3007,1327,1430386095,2015/4/30,3127,08:16,2082,//i0.hdslb.com/bfs/archive/634f0fd263bfa6c7d81d284c96b4252e81a1be41.jpg,1086955,640,17:28:15,Lex带你看2015好莱坞开年烂片【第七子】,11930
2228615,BV1Hs411D7Wg,6665,2855,1429259729,2015/4/17,14022,06:53,5841,//i2.hdslb.com/bfs/archive/0e0b29f0cf4ed05310b38702bb68839fec7ef200.jpg,2344278,600,16:35:29,听说大家都在追四月新番，那就让我们一起去吐槽它吧,32422
2204156,BV15s411D7Pa,1574,1277,1428641887,2015/4/10,4750,07:46,1623,//i0.hdslb.com/bfs/archive/26262d0c5d40c45155cb8c539e299bae8051cb82.jpg,1063060,123,12:58:7,那些游戏中被用到烂的神话传说,12956
2181131,BV1ds411S7Ww,527,638,1428122612,2015/4/4,1120,17:24,1101,//i1.hdslb.com/bfs/archive/a763604d64e39f24e1f933a6ecccf2e1ea6adc55.jpg,645044,147,12:43:32,菜逼也能carry全场，中单大流氓金木研,6149
2172939,BV1As411D7r1,6397,4779,1428046852,2015/4/3,12854,09:56,5513,//i1.hdslb.com/bfs/archive/111f633a421831a74c112cea1adddcad0fd37207.jpg,1767243,1734,15:40:52,年度最二续作动画，完结有槽点之aldnoah zero,21205
2149452,BV11s411S7Jx,5530,2428,1427429841,2015/3/27,11948,06:54,4243,//i0.hdslb.com/bfs/archive/a6bf37494b083a2261a22505ec2f48949d5d2199.jpg,1888764,1888,12:17:21,听说大家都没怎么看az第二季，那就让lex带你看完吧P1,21522
2121458,BV1is411S7dc,994,961,1426668895,2015/3/18,2360,41:18,3156,//i0.hdslb.com/bfs/archive/2ff86363da0a2c106fd2628bac1421046177caec.jpg,1084988,221,16:54:55,【LexBurner】秒杀一切，两仪式弑神自封,10657
2102577,BV1ks411S7pC,9683,3651,1426218711,2015/3/13,17860,10:56,10368,//i0.hdslb.com/bfs/archive/43d9e9303c6d7884ac3dcb5f990ebf71e0d1df4e.jpg,--,3588,11:51:51,听说大家都上学了没什么时间追东京食尸鬼了，那就让up主带你看完吧,64755
2084328,BV1Qx411A7ux,562,671,1425701837,2015/3/7,1118,37:43,747,//i0.hdslb.com/bfs/archive/65bc2c5c76a1b2d237308b536a85a65141c74958.jpg,529718,102,12:17:17,【LexBurner】300英雄坂田银时实力虐菜,6115
2012735,BV16x411A7dq,7683,3137,1424163223,2015/2/17,20222,10:11,11403,//i2.hdslb.com/bfs/archive/6b8373a77458a3d1a9f746c0884fd3b388997a61.jpg,3313708,5158,16:53:43,听说大家还在追东京食尸鬼的第二季，那就让我们来愉快的吐槽它吧,55607
1939895,BV17x411A7iE,8453,2796,1422601937,2015/1/30,20735,08:49,14549,//i2.hdslb.com/bfs/archive/365b6ee1c803bb0bca1cd2046277c9efbce68f23.jpg,2692942,5100,15:12:17,听说大家都在看东京食尸鬼的第二季，那我们就来愉快的吐槽他吧,63374
1875038,BV1ox411w7yy,7411,6926,1420858031,2015/1/10,10410,12:37,6580,//i0.hdslb.com/bfs/archive/ea7d36d043dd78f0720c8f4d159b0f7066b30504.jpg,1183322,1434,10:47:11,【完结有槽点】无头骑士异闻录，永生之酒,29035
1830637,BV15x411N7vQ,3261,830,1419561262,2014/12/26,6294,28:46,1538,//i0.hdslb.com/bfs/archive/8d6d645dd2cf8afb0f761d05e70af1eca3721472.jpg,1267305,483,10:34:22,【游戏槽点】那些教你做人的动作游戏,14612
1713798,BV1Sx411P7Qx,14216,5326,1416030744,2014/11/15,30131,18:12,19162,//i2.hdslb.com/bfs/archive/135ca58e1f37f14085a665ca6f5b1216307625f0.jpg,3693996,5779,13:52:24,听说你们都看了火影的大结局，那我们就一起来愉快的吐槽他吧,41805
1702937,BV1vx411P7yG,23533,2769,1415685092,2014/11/11,29536,12:07,13156,//i0.hdslb.com/bfs/archive/796a73ebb5cd710dd099f94608c3fc66e396c566.jpg,2316471,5071,13:51:32,【完结有槽点】浅谈火影15年,36523
1669976,BV1xx411P7hA,5450,1225,1414738070,2014/10/31,8353,10:31,10321,//i2.hdslb.com/bfs/archive/34527aa7740ab190b25b2bb10d632c6040fcac89.jpg,989337,905,14:47:50,【完结有槽点】甜到腻死人，玉子的爱情故事,10781
1648739,BV1bx411P7ov,14396,1284,1414134121,2014/10/24,17993,02:32,10108,//i2.hdslb.com/bfs/archive/8d4d5e6f1077f31bb41131803ddb17079bbaf10f.jpg,849955,2420,15:2:1,【钢炼】everybody wants to rule the world,3406
1578516,BV1Mx411P7kR,3570,1203,1412180773,2014/10/2,5580,13:11,2991,//i2.hdslb.com/bfs/archive/0dd07eb88591fa821cfa15234336cb0156c5463b.jpg,946553,1080,0:26:13, 【完结有槽点】aldnoah zero第一季,15832
1561397,BV1vx411K7nh,5731,1125,1411713893,2014/9/26,4463,09:47,2598,//i0.hdslb.com/bfs/archive/3a05a0aeda72da1fc8e7449d8a670798ab8cee6f.jpg,--,368,14:44:53,【完结有槽点】7月核爆与神曲（东京残响）,9795
1546435,BV1zx411K7E1,8177,3398,1411211234,2014/9/20,10849,16:21,4639,//i0.hdslb.com/bfs/archive/4c98f463ddc2bf440a1f036fb02d287cf5c76f7f.jpg,--,1279,19:7:14,【完结有槽点】动画封神榜之中二剧情向,11371
1522967,BV1hx411K7S9,7656,1237,1410497546,2014/9/12,7647,18:35,2524,//i0.hdslb.com/bfs/archive/e02a0b8c9cfc877bdec1abe44e55714ed686b946.jpg,1003263,414,12:52:26,【漫话槽点】我有特殊的作死技巧，论群嘲演员的自我修养,24685
1478911,BV1Jx411K74n,6970,1691,1409293157,2014/8/29,11571,14:03,4751,//i0.hdslb.com/bfs/archive/de7a25c67bfb25de14faab31ce6a471f83034104.jpg,1571629,509,14:19:17, 【漫话槽点】我有特殊的把妹技巧，浅谈动漫中另类的泡妞方式,31945
1439672,BV1ox411N7tD,10047,2266,1408511857,2014/8/20,11985,13:35,5467,//i0.hdslb.com/bfs/archive/ef14ebfc99648a3478bb4f5881b7df638831a530.jpg,1630478,621,13:17:37,【漫话槽点】我有特别的装B技巧，浅谈动漫中传统的时髦道具,40747
1418484,BV1Fx411K7Xe,6469,1837,1408083218,2014/8/15,8717,09:07,7939,//i0.hdslb.com/bfs/archive/8a24df965f3243c7aba3b776885a79d656362844.jpg,773762,2067,14:13:38, 【完结有槽点】画风诡异的极品佳作——怪化猫,10145
1406518,BV12x411N7rD,4096,879,1407841324,2014/8/12,4651,02:50,4340,//i2.hdslb.com/bfs/archive/d4ff7ac7ce87f68d37c47d5128ab409628a7bb3b.jpg,675106,928,19:2:4,【命运石之门】3分钟带你误解石头门,3345
1363951,BV1ax411N7kd,2587,1177,1406977416,2014/8/2,4336,03:51,4065,//i2.hdslb.com/bfs/archive/449a6fc5be6145e9fc16ff6fc5f22b5907b1c585.jpg,480244,1142,19:3:36, 【当LoveLive遇上洗剪吹】,4653
1347809,BV1zx411N7bQ,9875,22016,1406691332,2014/7/30,11857,12:23,22646,//i2.hdslb.com/bfs/archive/96507c223a8fcb798f79df703ea9aec3aa508998.jpg,2571574,3178,11:35:32,【完结有槽点】简评罪恶王冠。,40864
