﻿aid,bvid,coin,comment,created,date,favorite,length,like,pic,play,share,time,title,video_review
328603860,BV1JA411i78k,282,211,1592136059,2020/6/14,285,02:08,4533,//i2.hdslb.com/bfs/archive/1bbef93d17777cc29a67bc5103444cb4147446dc.jpg,49159,70,20:0:59,不是吧 阿瑟鬼畜也要无添加？,138
668406923,BV1sa4y1v7Dd,497,242,1591012842,2020/6/1,540,02:57,5891,//i1.hdslb.com/bfs/archive/a668e9fbbee75ffc9094dbb9c6ad4ee9fc26badf.jpg,64606,94,20:0:42,【火影】你也想尝尝千年杀的滋味吗？,106
795787778,BV1LC4y1p7gu,42735,2391,1590742853,2020/5/29,31806,01:44,83353,//i0.hdslb.com/bfs/archive/8488f9d7eb394facd1095038166d4912b42041df.jpg,772205,6157,17:0:53,他就叫卢本伟！,3372
668060325,BV1ua4y1i7Jq,748,261,1589025612,2020/5/9,735,03:25,7608,//i2.hdslb.com/bfs/archive/89b879b293d67a59ca72508abae589a647e2b92e.jpg,97414,88,20:0:12,《当潮不让》鬼畜版！,243
840541318,BV1554y1X7F2,1006,392,1588766418,2020/5/6,1409,01:58,12097,//i0.hdslb.com/bfs/archive/5c60997ddb59532a8f4e0aec298048e661cb5ff1.jpg,135603,180,20:0:18,电 池 循 环,404
540479667,BV1Mi4y1b72z,15296,1540,1587735607,2020/4/24,13100,01:21,41448,//i0.hdslb.com/bfs/archive/9f19e4319fb9c666c1c5535efeab369514b673f8.jpg,350224,3459,21:40:7,赌 怪 不 列,3369
795339592,BV1EC4y1x7p6,1326,329,1587472013,2020/4/21,1188,03:41,11579,//i1.hdslb.com/bfs/archive/43d27f6b98cd7509a995b49f32ee0c53608f505c.jpg,155715,159,20:26:53,宅家太久，依然上头！,475
925134033,BV1RT4y1376Z,57274,3767,1586836550,2020/4/14,43626,01:41,156397,//i0.hdslb.com/bfs/archive/3d7b0d2a2e2497b52245df49cfaaba06f59728ec.jpg,1854827,15905,11:55:50,【撤硕有嘻哈】老八《彳亍》,25330
96545660,BV1H7411f7Co,12832,1032,1584360029,2020/3/16,11491,01:25,41510,//i0.hdslb.com/bfs/archive/4a97a9f527d95eae73c1689bb2dcd25b6d76d996.jpg,334643,2430,20:0:29,【全明星】鸡 王 争 霸,2637
95959919,BV1bE411G7yK,1151,1160,1584100827,2020/3/13,1185,02:59,11953,//i0.hdslb.com/bfs/archive/5d6a178e830063a4523dcdaed75f8a0d106f26b8.jpg,150094,425,20:0:27,成为我的vip，兜不是问题,601
85965831,BV1P7411z75Y,878353,13188,1580530258,2020/2/1,625324,01:11,1111385,//i2.hdslb.com/bfs/archive/86a3bf504f8af737d31fa5dc96590e06619f0452.jpg,12439418,481647,12:10:58,【抗肺炎】村长硬核广播trap《贱》,57820
85496132,BV1p7411z7Le,105000,1433,1580269857,2020/1/29,84581,01:30,172268,//i1.hdslb.com/bfs/archive/3b6bc6334a97408dfe1fb81b5cb15c00e297f7d0.jpg,2296223,39568,11:50:57,吉 祥 三 宝,5018
85054548,BV1E7411k7nT,1977,1211,1580010720,2020/1/26,3772,00:34,34328,//i0.hdslb.com/bfs/archive/1affd1f1afccb22ebcd2f162c85425d4ed99103a.jpg,854205,1379,11:52:0,我承认这个键盘我有赌的成分,371
82930983,BV19J411H7F9,2302,324,1578744036,2020/1/11,2070,01:58,11892,//i2.hdslb.com/bfs/archive/58552af5a1d34a78a779eeee786e8b318a7fa913.jpg,193798,741,20:0:36,水门: 你爹还是你爹,323
82899838,BV11J411H7hD,6759,791,1578711651,2020/1/11,4361,03:55,50531,//i0.hdslb.com/bfs/archive/d7015167befc8fd26a91c9ef6b1a145b182c4a65.jpg,577706,666,11:0:51,他点的赞，凭什么我来承担！,2950
81474544,BV1yJ411h7qW,414347,4834,1577862003,2020/1/1,306794,04:01,492559,//i1.hdslb.com/bfs/archive/895092007d541abedd5c021f2b49288650225082.jpg,7245387,107825,15:0:3,【全明星】2019鬼畜全明星大回顾,34907
78103119,BV1bJ411B7xw,26057,1353,1575537023,2019/12/5,20758,01:44,65742,//i2.hdslb.com/bfs/archive/36ffec014c916f9055fd6901c063b4fca4c827ce.jpg,1021244,4441,17:10:23,从现在起！不坐下来!,3400
74138768,BV1tE41187UD,484,175,1572596389,2019/11/1,532,02:03,4195,//i0.hdslb.com/bfs/archive/7d05872f043ea026227a139a29fe175bb7cb4530.jpg,145844,68,16:19:49,进来感受最拉风的电音,193
71569261,BV1BE411r7VS,50055,2617,1571392848,2019/10/18,52511,02:05,77635,//i1.hdslb.com/bfs/archive/7489446def00816c87ce834ec186d0baaa22aa88.jpg,2503178,32645,18:0:48,评委老师！这话筒后座力太大了！,7361
70674086,BV1WE411f7WA,1503,178,1570622434,2019/10/9,717,02:08,5127,//i1.hdslb.com/bfs/archive/a5e6b18e17f8be576631984c15a042bc4829241c.jpg,145932,101,20:0:34,致敬辉煌中国人，风雨同舟70载——我和我的祖国，一刻也不能分割,144
69514696,BV1qE411X74T,221,128,1569841874,2019/9/30,230,00:31,3447,//i0.hdslb.com/bfs/archive/6a4bacbed6a90e35b75a292875ec24176b14091e.jpg,51764,53,19:11:14,徐峥陆川竟然远程拍摄非凡哥,49
67607026,BV1JJ411N7e3,7968,895,1568375809,2019/9/13,10194,00:41,32625,//i1.hdslb.com/bfs/archive/d266ba8e3c670ee1dc2ef03a1e06028936d4378f.jpg,682918,10598,19:56:49,中秋节到了，佛说:,503
67432049,BV1LJ411P7jh,154303,2562,1568284233,2019/9/12,112099,01:38,211623,//i0.hdslb.com/bfs/archive/830b648609353ccd726ef2cf8c72ed060ddcecb3.jpg,3468078,43090,18:30:33,闹太套的真正版本！,8888
66377168,BV1E441117Pt,308,308,1567425643,2019/9/2,165,00:46,3578,//i0.hdslb.com/bfs/archive/5eecce4f3a17da13bab1ac4a44879f255e034c33.jpg,104580,71,20:0:43,我能想到最浪漫的事，就是和你一起买买冰箱,116
63206112,BV1Y4411D7Qa,637582,10192,1565523520,2019/8/11,500919,01:23,744726,//i1.hdslb.com/bfs/archive/ac7cafb91cc55a8a09739a0adeca7af318fa4954.jpg,12841487,194005,19:38:40,我的名字叫赌怪!,85572
61317850,BV1Yt411A7No,5100,1996,1564405652,2019/7/29,6066,00:43,26915,//i2.hdslb.com/bfs/archive/b649e10550bb29b36f79b7db9825ffdec0c71710.jpg,1097180,4325,21:7:32,颜值主播:我十八岁!,871
60606185,BV1Dt411L7EQ,38345,1172,1564041637,2019/7/25,24167,02:45,55183,//i0.hdslb.com/bfs/archive/cb34329e448064617eb5eb962b88463837eaf5f0.jpg,721542,1775,16:0:37,【敖厂长】Bad AO【Bad Guy】,2050
56435557,BV1z4411u7Jj,54460,1589,1561192037,2019/6/22,41141,01:33,71780,//i2.hdslb.com/bfs/archive/19b6dd65b01fc6d07c5aca070c0bbdb0cd06b177.jpg,996333,9576,16:27:17,【芦苇】逮虾芦【坟头字D】,8267
54142790,BV1P4411p7S8,4407,608,1559309482,2019/5/31,3768,01:17,10412,//i1.hdslb.com/bfs/archive/48ce713ca51c4622dc6b21d6008b603abdafa9a5.jpg,455973,1328,21:31:22,给摇滚儿童配上伴奏会发生什么?!,183
51993656,BV1H4411Y7DR,35027,1616,1557482198,2019/5/10,33939,01:35,58893,//i0.hdslb.com/bfs/archive/9f71fe26ea9cdcfb14587cc5ad26af530a1cbcf0.jpg,1622076,17420,17:56:38,卡头哥：我就算卡住也要大声唱！,1992
50706313,BV1B4411b7Rb,137314,2725,1556432815,2019/4/28,87038,01:58,151856,//i1.hdslb.com/bfs/archive/9bd3b4647adbf661392098346bc9de947df0c072.jpg,2187179,28072,14:26:55,【全明星】对不起吴亦凡！【大碗宽面】,10758
49426800,BV1jb411j7ue,18954,2252,1555327488,2019/4/15,11520,00:42,31303,//i0.hdslb.com/bfs/archive/15f80ce8716bde0ebff69e8e2282cc9bd90537a5.jpg,921359,7011,19:24:48,鸡你太美了，不如把你烤了,2309
48245147,BV13b411g7Bw,8535,796,1554454824,2019/4/5,7034,02:33,16801,//i2.hdslb.com/bfs/archive/485761e8f1b3d647d1fe9d3ef9f551cb23a37594.jpg,332849,1544,17:0:24,【诸葛魔琴】插电空城计,1824
46216850,BV1Eb411H7Ti,21729,1109,1552557600,2019/3/14,18394,01:42,36014,//i1.hdslb.com/bfs/archive/095bb58c998d3eafb8d76bc1dc0b9621d085da57.jpg,735025,8692,18:0:0,用印度神曲的方式打开吴亦凡！,1797
43016773,BV1yb411U7sg,22747,1177,1549684307,2019/2/9,14497,01:45,32064,//i0.hdslb.com/bfs/archive/27d9a521ac2d7f3741b64c7ef9112fa4a44d4579.jpg,459447,3951,11:51:47,【全明星】拜年！,1647
41620079,BV1Xt411b7mG,23999,1096,1548403502,2019/1/25,21437,01:06,34255,//i0.hdslb.com/bfs/archive/f5616597fe578d48dc06b55b1ffc940e13b5b23b.jpg,635928,8032,16:5:2,【孟鹤堂】金蛇狂盘！,1358
41576115,BV1bt411b7J4,2381,444,1548331231,2019/1/24,1004,02:38,7211,//i1.hdslb.com/bfs/archive/0d08c419490fe6c6e555dd8f7ef0a6dda670138e.jpg,152655,282,20:0:31,当年警局全体辞职到底都干嘛去了？,500
40444882,BV1Qt411p7Ha,369872,6603,1547276424,2019/1/12,288606,02:58,393284,//i1.hdslb.com/bfs/archive/92d21b53be97c54b8c770958303a60a81a6d671b.jpg,7819031,140630,15:0:24,【全明星】2018鬼畜全星大回顾,19215
38823874,BV15t411k76X,2107,484,1545566422,2018/12/23,1319,01:56,5143,//i0.hdslb.com/bfs/archive/0543267ea98ecdb17bf0cd414a961c126cf98861.jpg,107235,380,20:0:22,【全明星】如何正确体验全新游戏？,281
38575395,BV1At411Y79n,15200,628,1545307202,2018/12/20,7832,01:25,16840,//i0.hdslb.com/bfs/archive/0535fdee43e4d632d2ea2fd612d168dbf46e0c00.jpg,324200,1671,20:0:2,【面筋哥】鬼畜传人,877
36921674,BV1Ft411R7CH,9254,815,1543402806,2018/11/28,3522,01:34,10581,//i1.hdslb.com/bfs/archive/cc79ff152ec8f8760d4572911a83bcd3cdb067bb.jpg,173357,1470,19:0:6,【鬼畜翻唱】俺求你啦！【开挂周年纪念】,633
35520237,BV1Vb411c7bv,69937,1676,1541680239,2018/11/8,42225,01:31,53156,//i0.hdslb.com/bfs/archive/e4252e97dcc7643b2d17e0b754c5a843b523451b.jpg,1001005,14525,20:30:39,【沙漠骆驼】沙漠羊驼！,3599
34630450,BV1yb411P7LW,1036,208,1540555204,2018/10/26,708,03:45,2824,//i0.hdslb.com/bfs/archive/d34ef183cb5372b567d9035e7ddd4d47ede23fe1.jpg,263001,329,20:0:4,【鬼畜全明星】老夫不曾见过这样的全明星,300
33681211,BV1Qt411f7tv,4154,535,1539432026,2018/10/13,2613,01:46,6528,//i1.hdslb.com/bfs/archive/9974a22a7eacddd4c434c0360508bc5fc7eeddb2.jpg,151413,753,20:0:26,这个假期全明星都在做什么?,468
33134873,BV1WW411276Z,42142,1163,1538726443,2018/10/5,19649,02:05,28965,//i2.hdslb.com/bfs/archive/f27c56eec6e762c001b48aba7575545be8d26b08.jpg,939334,4662,16:0:43,【天才哥】颓废派天才！,2397
32014951,BV16W41167ZM,22375,767,1537444804,2018/9/20,10345,02:18,20319,//i1.hdslb.com/bfs/archive/9d7bb48530b6cf66fc325095611ac83da63572cc.jpg,792456,5065,20:0:4,【华农兄弟】你绝没见过的烤竹鼠！,1829
31367677,BV1gW411o7xG,36073,1520,1536487228,2018/9/9,30201,01:45,32694,//i0.hdslb.com/bfs/archive/728ecc943d49ab5fd01d93c67f5187897a3e0557.jpg,934368,11106,18:0:28,【卡路里】 燃烧我的纯垃圾！,3816
30257137,BV14W411D7bE,35225,2522,1535184045,2018/8/25,25511,01:34,29002,//i2.hdslb.com/bfs/archive/c5021e2910897bd25fc961431f3d4a1ff1157d49.jpg,640406,8406,16:0:45,【芦苇】 俺求你啦Angelina【Are you 开挂?】,3412
27072766,BV1Ms411E7Ta,64958,2105,1531989039,2018/7/19,37622,01:48,32211,//i1.hdslb.com/bfs/archive/7465b99cb32ebb4955fd493d83c2bc5d1897622b.jpg,959249,17590,16:30:39,【五五开x面筋哥】 网吧开挂联盟,7192
25544643,BV1hs411L74q,39348,1269,1530003655,2018/6/26,23681,01:50,20868,//i2.hdslb.com/bfs/archive/ac60326ce11ad54d2b596335bff06b362e84411d.jpg,726598,8269,17:0:55,【面筋哥x波澜哥】 筋澜高手,3522
25571779,BV1Ss411L7Q1,394,320,1529928003,2018/6/25,262,00:49,1832,//i1.hdslb.com/bfs/archive/dc86bc796aca5cc55b7357d3815a6da7e899cf0e.jpg,92678,91,20:0:3,谁说贫贱不能移?,129
25386911,BV1ps41177VE,6768,675,1529668849,2018/6/22,5814,03:24,7461,//i2.hdslb.com/bfs/archive/ea831e7184c1d9d4c965b4cc15fbd6c2fcbcc389.jpg,299232,1623,20:0:49,【全明星】撕逼气球！,1978
24943136,BV1CW411F7Ca,7047,626,1529066703,2018/6/15,5162,01:30,6050,//i2.hdslb.com/bfs/archive/0e0e5d01686c2b2b2237cc0e04ccfd8c3e2248a9.jpg,243664,1734,20:45:3,【梦想N巨头】 梦想的呐喊,876
23991098,BV1Qp411R7RU,50196,2152,1527404420,2018/5/27,26545,01:49,22743,//i2.hdslb.com/bfs/archive/8f9bbf5ac090011529bd6ccb3a44de24dfa4eddb.jpg,725109,8963,15:0:20,【面筋哥】 面筋守护你！,4081
23068383,BV1xW411G71Z,1121,387,1525622446,2018/5/7,909,03:54,2141,//i1.hdslb.com/bfs/archive/149834a5e9283cd2ce38644a451f2c036fba66e4.jpg,86402,351,0:0:46,元首的宠物丢了番外篇,462
22948114,BV1FW411G7be,124843,2681,1525422637,2018/5/4,71962,02:00,50360,//i0.hdslb.com/bfs/archive/b1ae1e16200febfe86854544e0fb8c2db6cb9591.jpg,1439044,30490,16:30:37,【面筋哥】 燃烧我的心！,8940
22060440,BV18W411L7bL,47503,1528,1523680241,2018/4/14,29164,01:50,20827,//i1.hdslb.com/bfs/archive/99e5206b670873ee6173e50903681297ab6a1f45.jpg,989812,10902,12:30:41,【面筋哥】 发神筋！,4065
21433484,BV1iW411u7L2,385772,6175,1522479624,2018/3/31,243369,01:44,181384,//i2.hdslb.com/bfs/archive/db28ac1d73145abb96180f89f06947504715f227.jpg,7030911,124958,15:0:24,【面筋哥】 饿狼传说,33215
21139206,BV12W411g7CN,92965,3200,1521874894,2018/3/24,77679,01:50,44036,//i0.hdslb.com/bfs/archive/244a7ac77a02bf9a7671fb54c21d48eb4cde5e7c.png,2660192,46490,15:1:34,【面筋哥】 我的烤面筋!震撼神经!,11084
20461951,BV14W411W7PG,50309,2765,1520409673,2018/3/7,34247,01:32,19633,//i1.hdslb.com/bfs/archive/6c1c45210795c626bf9ae3fe0685d0aae4d98bc0.png,1163268,13774,16:1:13,【五五开】 我爱洗白,6018
19735747,BV1wW41177XC,101869,6018,1519027217,2018/2/19,94938,02:00,63402,//i0.hdslb.com/bfs/archive/2d2fc593aba8a406a146415d26cae3c6d6b96eb5.png,3186654,40359,16:0:17,【五五开】 挂神到！,18499
18456357,BV1zW411v7Mp,1302,461,1516363220,2018/1/19,785,03:08,1405,//i2.hdslb.com/bfs/archive/20fa6cbc33e2035ee7251268a8428e45a0013910.jpg,125890,226,20:0:20,【孔明x王朗】都市惊奇夜,499
18454884,BV1zW411v7jT,16290,3273,1516282423,2018/1/18,7120,00:53,11842,//i2.hdslb.com/bfs/archive/180a6c192fdd646a84b4bf740cadb3f01dd6bd6f.png,549961,3566,21:33:43,拒检姐: 让全国看见我！,4207
18190165,BV1ZW411i7UY,165400,3763,1515661204,2018/1/11,192492,03:00,119193,//i1.hdslb.com/bfs/archive/f26c9205f6d6f3b5cc911f51be99222a8eaab293.png,4550810,74762,17:0:4,【全明星】 2017鬼畜全星大回顾,22445
17504225,BV1mW41187GE,159692,8239,1513932733,2017/12/22,132340,01:31,82634,//i0.hdslb.com/bfs/archive/7cb6703c6e06ed5b867e8edee8754498add0dad0.jpg,4514939,62933,16:52:13,【五五开】圣诞挂！,27985
16899038,BV1XW411a7BU,14267,1089,1512278868,2017/12/3,9204,01:58,7597,//i2.hdslb.com/bfs/archive/97e5570f12beba224ee06d19daab5499c5c0d1e2.jpg,474963,2654,13:27:48,【雷军】我碉堡了！！,1722
16509762,BV1Fx411j7sx,1724,366,1511265631,2017/11/21,642,01:51,972,//i1.hdslb.com/bfs/archive/deca61928f5e06585846a109021629d8f623ea26.jpg,142636,192,20:0:31,【王传福】错了就错了,401
16324311,BV1Vx411L7Yj,10442,717,1510826452,2017/11/16,7725,01:33,4026,//i1.hdslb.com/bfs/archive/e3ab6bbfd55725d3705192616d02c2b995cc4562.jpg,417552,3434,18:0:52,【马云】装逼何需钱?,1000
16262643,BV1Rx41157Vw,1750,419,1510477442,2017/11/12,528,03:33,997,//i2.hdslb.com/bfs/archive/663d14d80a4011aa098b307b45c62c965f034e28.jpg,92372,181,17:4:2,【丁磊】K鸽之王,1193
15613876,BV1Xx411M7JB,17681,980,1508659209,2017/10/22,6490,02:58,3180,//i2.hdslb.com/bfs/archive/94889a28bc9e937b9e0b3235ca80bfb310393dd0.png,239218,1606,16:0:9,【红澜cp】过气的你~,2006
15624251,BV12x411M7n9,16465,2160,1508656232,2017/10/22,13700,01:02,6119,//i0.hdslb.com/bfs/archive/6b1fbe54d7a1e8f64ade74f6d8e272dfcd5f5c40.png,652351,4201,15:10:32,【雷军】病名为ARE YOU OK,12111
14223752,BV1ox411x7pi,761,573,1504872019,2017/9/8,635,02:10,261,//i2.hdslb.com/bfs/archive/7a396005f538a154a0025f76ac0b1596c892d552.jpg,90198,165,20:0:19,【孔明王朗】两军阵前比后宫,577
13854899,BV1Lx41187rq,11029,3071,1503820855,2017/8/27,10763,01:54,3217,//i1.hdslb.com/bfs/archive/2dbdd0ea0956ff6e29703302b15d88da53e5dd4d.png,521616,12277,16:0:55,【娇喘哥x小可爱】假.快乐老家,4970
13578311,BV1Zx411J7RQ,47394,3059,1503302459,2017/8/21,47034,01:31,9134,//i1.hdslb.com/bfs/archive/1ff22c5f9b62c05cf4049f090e992ac9345c6a19.png,1932041,31628,16:0:59,【周某】Are you da gong?,7418
12937423,BV1Xx411H7Pr,166656,2312,1501833644,2017/8/4,63585,02:17,29748,//i2.hdslb.com/bfs/archive/b222ffdfae1d7e14f6c28b7c6237488c71c18b88.jpg,1660961,27939,16:0:44,【神医rap】坑百姓FreeStyle,9185
12428303,BV1ex411i7En,1164,867,1500724812,2017/7/22,759,01:41,259,//i0.hdslb.com/bfs/archive/5add84fb2cc49dc1de90715d3de2adb8de18d691.jpg,329497,237,20:0:12,让SNH48也来段freeStyle【比豆大作战】,431
11994067,BV1Cx411z7sS,48275,2723,1499500822,2017/7/8,27399,02:44,3383,//i1.hdslb.com/bfs/archive/12222158160c52d0b178d92cdb1b9719100d9adf.jpg,851816,12518,16:0:22,【韩红x波澜哥】抛弃小红红,7106
11372628,BV1Mx411h7DH,1902,858,1497801620,2017/6/19,1222,02:23,152,//i2.hdslb.com/bfs/archive/cdf9d07147b631ed751591e6e6f6d4536e1065ae.jpg,160242,472,0:0:20,【多明星】齐唱天涯,877
11414990,BV1nx411h71V,147101,5883,1497772810,2017/6/18,125362,02:40,28868,//i0.hdslb.com/bfs/archive/5d6d084e0218907a4ed4ff4c4bf8bc60a0cc2ca1.jpg,3508751,47843,16:0:10,【韩红x波澜哥】Mr.波澜【韩红听了都想学】,33306
11202646,BV1Ux411a7B6,38982,1983,1497025423,2017/6/10,41910,01:36,10933,//i1.hdslb.com/bfs/archive/072b4aabf8b7e961e403f1f6f447a5bbeba70ebe.jpg,1478506,16820,0:23:43,【波澜哥x高音哥】1分钟体验死亡高音,7787
11056314,BV1Vx411a7VX,42410,2910,1496530219,2017/6/4,43811,01:42,2975,//i1.hdslb.com/bfs/archive/0727e5639c5dc20e28d5b2d849ccce3f47f222e3.png,1612071,23234,6:50:19,【波澜哥】灌醉鸡儿,15873
10807591,BV14x411Y7Xd,3852,587,1495674362,2017/5/25,2202,02:52,526,//i0.hdslb.com/bfs/archive/71c0895e5046283bef833bd3f7c75b730848732a.jpg,134059,717,9:6:2,【OE鬼畜翻唱】低俗情歌,562
10630254,BV1sx411v7J6,1715,578,1495036801,2017/5/18,1785,02:05,129,//i0.hdslb.com/bfs/archive/cb217735b794e41ec163199cb4aeb8ac78b11465.jpg,182346,793,0:0:1,【鬼畜解说】如何让王司徒沉迷游戏,344
10550263,BV1Sx411e7Th,43215,2360,1494736618,2017/5/14,51458,01:13,16023,//i2.hdslb.com/bfs/archive/91fbace64632a65dab2f2751eae3e948ec6aab2c.png,2136664,21323,12:36:58,【王健林】管它几亿！,5935
10319799,BV1Nx411m7h1,19140,1152,1493940519,2017/5/5,12581,02:04,1455,//i2.hdslb.com/bfs/archive/800ee120834a1c7de14f0178587117216621eb6a.png,387617,5002,7:28:39,【汪x雷军】I'm OK!,4899
10007079,BV1nx411U7DC,38744,1828,1492828339,2017/4/22,22152,02:03,2297,//i1.hdslb.com/bfs/archive/372a5f12aed5b3c446f536b7df6ba4007e1758d2.png,632207,7474,10:32:19,【雷军】把你变基佬 Turn you be a gay,4746
9450592,BV1Qx411D7bi,2498,635,1490695966,2017/3/28,1824,01:21,537,//i2.hdslb.com/bfs/archive/d8d9b7158743d77566172321e9a074bc328ea751.jpg,139639,827,18:12:46,【鬼畜翻唱】全世界死机,555
9148690,BV1dx411C742,1634,549,1489411930,2017/3/13,1794,01:55,163,//i1.hdslb.com/bfs/archive/861c6ced731eee3e0a9386f80c785f7cad5680d6.jpg,104946,736,21:32:10,【多明星】尬舞不如尬颜值,1081
8530045,BV1Mx41127Gd,39355,5139,1486722747,2017/2/10,34269,01:57,6088,//i2.hdslb.com/bfs/archive/98e330b0664685bc669739240ff56017eb0d91ea.jpg,756286,9258,18:32:27,【雷军/初音】New Friend,10890
8160661,BV1rs411b7Zh,3925,741,1485092363,2017/1/22,5433,01:20,1569,//i0.hdslb.com/bfs/archive/93e1465fd8aeacfbe4fe9dc6116417bde3840fa0.jpg,337074,2026,21:39:23,【刘醒/梁非凡】吔屎的嘴,1903
8160632,BV1rs411b7ff,1201,458,1485092285,2017/1/22,1104,03:07,148,//i2.hdslb.com/bfs/archive/2a6cad10931c1516d847c7916a31c3aa02910c60.jpg,111548,408,21:38:5,【洗脑向】鸡年吉吉操鬼畜版,622
8039764,BV1ys411h7ku,33436,2551,1484551132,2017/1/16,43440,01:57,12304,//i1.hdslb.com/bfs/archive/d7530ffbc09836e1e3ba207c068cb2f9a1d5a2a8.jpg,1284149,14994,15:18:52,【雷军】全世界死机2,9103
7616911,BV1js411a7xE,2637,583,1482231550,2016/12/20,1952,01:36,290,//i0.hdslb.com/bfs/archive/fc9e9c2ed402c6e199d9d2fb1d3b452be65cdcfd.jpg,169579,1044,18:59:10,【鬼畜翻唱】一顿揍(极乐净土),835
7556313,BV1ts411e7XF,2390,1126,1481897384,2016/12/16,1841,00:51,206,//i1.hdslb.com/bfs/archive/ac7b8155938d36199806fc226832d478756acf92.jpg,222297,581,22:9:44,【雷军】雷军的生日愿望,1388
7514832,BV1xs411e79W,7950,955,1481635358,2016/12/13,5965,02:01,594,//i2.hdslb.com/bfs/archive/2d3ee136b11e4ed31b5a044f92e73a2909accdc3.jpg,371089,2145,21:22:38,【武汉醉汉RAP】醉的HIP HOP！,1486
7432563,BV1Ds411Y72E,101360,8650,1481170155,2016/12/8,205535,02:01,234784,//i1.hdslb.com/bfs/archive/031d731be0e5412b1801b1c48ac9022e82cc1ccb.jpg,11320852,102620,12:9:15,【周某】我的看守所,36693
7048319,BV1zs411x7Z9,32972,3285,1478841525,2016/11/11,41921,01:30,8598,//i1.hdslb.com/bfs/archive/0df6c4f4d367016fe2d3c18a96f4031f4b642796.jpg,1521442,16350,13:18:45,【雷军】全世界爆炸！！,8274
6822693,BV1hs411s7eG,14032,1738,1477387829,2016/10/25,16322,01:45,1052,//i0.hdslb.com/bfs/archive/5ff58d39f259e06c63d2b8ee5e1985f3dcc9fb88.jpg,718583,4346,17:30:29,【诸葛魔琴】新空城计,4439
6692954,BV1es41147cJ,90119,9098,1476549683,2016/10/16,135401,01:21,51730,//i0.hdslb.com/bfs/archive/e66bf30017c05d148aa4b5703c8a17d9cc1d1265.jpg,5117318,52297,0:41:23,【雷军】全世界死机！！,20438
6664955,BV1ss41147qM,1482,390,1476385925,2016/10/14,1787,00:36,113,//i2.hdslb.com/bfs/archive/e82d4db2faf15b402fb556b5f766d605cce334b2.jpg,239236,932,3:12:5,蓝瘦教你唱儿歌,447
6426671,BV1Xs411t71s,10522,1752,1474884060,2016/9/26,13794,03:29,1052,//i2.hdslb.com/bfs/archive/dfeafea7bba3240825cf8028c3ae1aab26d8ecb5.jpg,365650,2226,18:1:0,【OELoop/师欣】普通Disco(粤语版),5961
6180910,BV19s41167Vt,21399,2779,1473162166,2016/9/6,26260,02:53,3119,//i0.hdslb.com/bfs/archive/ec1cabe9866acb4d30c2c89dc332595ae5b723fb.jpg,730770,3318,19:42:46,【刘醒】吔总会之歌,8008
6080584,BV1Hs41167Mo,36396,6048,1472529058,2016/8/30,54931,00:48,4711,//i2.hdslb.com/bfs/archive/ed4f52d2aa64c07b0006df4931a89ec5e0a78320.jpg,2425845,22477,11:50:58,首富教你如何定目标,5975
5810790,BV1Ss411r7ao,20167,2076,1471152919,2016/8/14,23558,01:28,1243,//i2.hdslb.com/bfs/archive/bd1a3177ed4905d837f59aabd89e94f2c976fb67.jpg,684739,4860,13:35:19,【RAP】当黑人发现UFO,3846
5719845,BV19s411C7LZ,13935,3133,1470672586,2016/8/9,17223,01:30,537,//i0.hdslb.com/bfs/archive/8d3b48a6975e5ce97e102a15be008f5de8071dd9.jpg,1146989,8584,0:9:46,【傅园慧】洪荒之力不能控制！ 极魔性注意！,7871
5671447,BV1Us411C7FY,30933,5432,1470418757,2016/8/6,36239,01:33,1282,//i1.hdslb.com/bfs/archive/2e65973d4bb169ee161a23aa66b4641d3f9278a4.jpg,2585350,24888,1:39:17,【刘梓晨】极乐净土 十级辣耳注意！,39257
5487664,BV1as41117qT,34815,3228,1469437776,2016/7/25,35871,02:19,5801,//i1.hdslb.com/bfs/archive/a8be6a47648d3a357f6e6ce1036a4aecba7c729a.jpg,1230372,13813,17:9:36,【我是Singer】 吔屎篇4,12518
5267589,BV1js411y7Gm,28753,1773,1468071969,2016/7/9,25792,02:45,2049,//i0.hdslb.com/bfs/archive/29a90b68db6d3f1064122c3ae7f6cfbab12a24de.jpg,855595,4298,21:46:9,【全明星】鬼畜区的汉子,8015
4919279,BV15s411q7Dw,3825,1045,1465479148,2016/6/9,6133,01:15,514,//i1.hdslb.com/bfs/archive/bd542ec98d1fe6cf23842b9402f153b68e63c126.jpg,397387,1687,21:32:28,电磁波侵犯我！,2116
4857248,BV1ds411i74T,5169,1250,1465004415,2016/6/4,5746,01:56,398,//i2.hdslb.com/bfs/archive/d1db9ba0bd5639c741d08cad76e04584bf457b49.jpg,308266,1382,9:40:15,【我是Singer】羊篇,2744
4435353,BV1Ms41167CK,6373,906,1461310438,2016/4/22,6748,04:28,607,//i1.hdslb.com/bfs/archive/a78cc8e0d86abded64388e463752187d1efcf0f3.jpg,205714,1319,15:33:58,【正常向翻唱】aLIEz(粤语) 生命-Leben- 【OELoop】,2648
4172954,BV1Vs411X7f3,33354,4854,1458773857,2016/3/24,35680,03:43,2786,//i1.hdslb.com/bfs/archive/7e4b91832732c88272a1b4602bedd1d5e1a2a4c1.jpg,1223738,13838,6:57:37,【我是Singer】 雷军篇3 -龙卷基,12648
3988249,BV1Ms411Q7cs,3018,884,1456788643,2016/3/1,3330,01:59,404,//i0.hdslb.com/bfs/archive/4e5523469b4f96f83e0e27fefabc02fa716329c3.jpg,257406,1061,7:30:43,【OELoop丨鬼畜翻唱】 我是Singer-吔屎篇,1413
3895337,BV1Hs41197bK,3190,1025,1455918747,2016/2/20,1953,04:48,363,//i1.hdslb.com/bfs/archive/7c1032b26356c976485643ec357727331a74959a.jpg,138106,529,5:52:27,【电吉他翻弹】Week end - X Japan Guitar Cover,1708
3627681,BV1zs411R7bw,6549,905,1453348057,2016/1/21,4369,02:56,542,//i1.hdslb.com/bfs/archive/10f86477acdb721ae5d116bc40da0cd1506eb067.jpg,289550,1961,11:47:37,【OELoop】鬼畜翻唱-我是Sing吔屎篇3,2670
3564189,BV1ns411R7UM,1860,741,1452529577,2016/1/12,2442,01:57,193,//i0.hdslb.com/bfs/archive/12bf2dfbd9dff612232b7ffbf4e3d726fc990205.jpg,229345,995,0:26:17,【我是Singer】 咆哮帝马景涛篇,1877
3447289,BV19s41197a1,30585,2368,1451024726,2015/12/25,74101,03:18,31808,//i2.hdslb.com/bfs/archive/4a8de73e912340677b72cdb64da145bf8f2e16bc.jpg,2230529,16398,14:25:26,2015鬼畜全星大回顾RAP,11981
3369589,BV1cs411o7Bj,4321,1242,1449854094,2015/12/12,11145,02:10,1407,//i2.hdslb.com/bfs/archive/5c9b7a1b50d4865d231956299b5c8517fded17e4.jpg,676620,3631,1:14:54,【我是Singer】 雷军篇2,4433
3312266,BV19s411d77o,44107,4888,1448958346,2015/12/1,75735,02:02,9953,//i1.hdslb.com/bfs/archive/aacad18f7f80b0a9d91b6229f9d99fbe23a3daa9.jpg,2958137,31798,16:25:46,【我是Singer】 雷军篇,22321
3253946,BV1is411d7e3,40050,3557,1448071745,2015/11/21,60600,03:02,12267,//i0.hdslb.com/bfs/archive/8b14b3ca6c509680d902d61b4ff901d5a78c6e84.jpg,2314013,24721,10:9:5,【我是Singer】 吔屎篇3,21029
3182751,BV1Ls411d7FZ,10883,1533,1446880928,2015/11/7,26462,01:50,4198,//i2.hdslb.com/bfs/archive/6635b9f2488076bbcc40bb74537f2be0f8ed7292.jpg,1276854,8808,15:22:8,【我是Singer】 吔屎篇2,7033
2803520,BV11s411m7jt,38268,3768,1440506557,2015/8/25,71781,02:00,16795,//i0.hdslb.com/bfs/archive/45fc83415754dc44b088dadd7588e8352f79046d.jpg,2916150,22959,20:42:37,【我是Singer】 吔屎篇,17337
2433739,BV1Cs411U7tQ,9575,2054,1434184663,2015/6/13,15030,02:37,1657,//i1.hdslb.com/bfs/archive/2a5937458a0dd80399a0311cac2f23c48926a69f.jpg,797023,1507,16:37:43,【我是Rapper】老E篇-这不是Rapper,7622
2338984,BV1ds411D73R,12575,2583,1431943263,2015/5/18,17575,03:07,2020,//i0.hdslb.com/bfs/archive/5cc6f885156068ed8999e7f58599a62c53d79385.jpg,977622,1727,18:1:3,【我是Rapper】3分钟看完谷阿莫,6374
1922113,BV1Ax411A7V9,5936,1051,1422150155,2015/1/25,10670,02:49,616,//i1.hdslb.com/bfs/archive/2efe1d5d62aa1dd039f13eb552e0ab55e00d51b2.jpg,977516,944,9:42:35,我是Rapper-零九篇,3837
1881930,BV1cx411A7cy,6009,1136,1421010095,2015/1/12,12930,03:03,1778,//i2.hdslb.com/bfs/archive/c869fc687173a385e05014597ef8311b2835f3c7.jpg,981503,905,5:1:35,我是Rapper-敖厂长篇,10406
1839624,BV1Ux411w7NR,26153,3156,1419795387,2014/12/29,86268,03:04,27116,//i0.hdslb.com/bfs/archive/945124ef33879c6919cb6d3a8e013f80187c2209.jpg,2671404,9332,3:36:27,2014鬼畜全星大回顾,21104
1760992,BV1Xx411P79W,592,127,1417330800,2014/11/30,770,02:28,104,//i1.hdslb.com/bfs/archive/d48ee2b1e4ed2e516a5b275ea318ae032aaa3955.jpg,61232,74,15:0:0,瓜子哥蛋神百元哥等FEEL GOOD INC,492
1710469,BV1Ux411P7L1,740,247,1415946502,2014/11/14,2636,02:46,168,//i2.hdslb.com/bfs/archive/06be215db9bd87e996d16cd026b271ff0c5e9e98.jpg,418118,104,14:28:22,蛋神百块哥开战RAP,2342
1696001,BV1vx411P7hp,1179,337,1415493265,2014/11/9,2712,01:30,541,//i0.hdslb.com/bfs/archive/11aa3357e1851d0f75576dc49b01efd9f1a3ca4d.jpg,300129,335,8:34:25,【新世纪全蛋战士】张全蛋情深演绎,2459
