﻿aid,bvid,coin,comment,created,date,favorite,length,like,pic,play,share,time,title,video_review
840932128,BV1a54y1Q7mi,34516,3179,1591412431,2020/6/6,10793,24:23,58854,//i2.hdslb.com/bfs/archive/cf9418a20f940b69a7f382bca4cbf9fe57ecfc0b.jpg,859275,4788,11:0:31,不打折就倒闭！618十双好鞋推荐～,12508
968289424,BV1Fp4y1X7ex,135212,7922,1590203101,2020/5/23,17072,20:11,108118,//i2.hdslb.com/bfs/archive/caa99f5a99670b421268f87de7ad8550cef9783b.jpg,861677,6628,11:5:1,“1韦”你选小米10还是一加8？,22499
243215306,BV18e411W7q2,107090,4067,1589598036,2020/5/16,11382,15:09,79834,//i1.hdslb.com/bfs/archive/9daa85bedcab4112b68727229f9930506cfb818e.jpg,760957,4988,11:0:36,300元档首选？国产新科技软得刚刚好！,18704
967944442,BV1Kp4y197gB,116225,2981,1588388455,2020/5/2,8949,10:04,77855,//i1.hdslb.com/bfs/archive/84304124e8e5197b7c395dd076426083de851f8d.jpg,635695,2345,11:0:55,绝对透气！今夏“最会呼吸”的跑鞋是……,6133
540393686,BV1ai4y1t74N,116555,2477,1588244455,2020/4/30,9961,16:08,82957,//i0.hdslb.com/bfs/archive/e575e307338957a27d313fc38666d6d22d3cd7e0.jpg,617665,1761,19:0:55,穿上它们逼格瞬间拉满！6双新排面王了解一下~,10659
540358392,BV1hi4y1t7Nc,112449,4544,1587466859,2020/4/21,10444,23:04,85849,//i1.hdslb.com/bfs/archive/64c50d695c9ecaa79a0c6a7195afaa41e70050a3.jpg,849866,7150,19:0:59,国产黑科技狂卖250万双！态极2.0众测全国首发 丨Z说球鞋,19861
497686517,BV1DK411L7es,113831,5686,1586574040,2020/4/11,11681,17:53,90401,//i0.hdslb.com/bfs/archive/111b9e406bbbfa4e2481eee779c142766a197922.jpg,779327,2725,11:0:40,自信的人才敢穿？回头率100%的好鞋TOP10,24473
97577955,BV1bE411P7mb,127651,3802,1584759649,2020/3/21,18343,18:26,104580,//i2.hdslb.com/bfs/archive/e572af657602b4ec7dd2d26f82b10a3e42c1ed98.jpg,1480792,11254,11:0:49,暴跌！开学季5双学生党好鞋推荐，同价位没有对手！,15931
96128177,BV1gE411V7Hs,271781,10953,1584241206,2020/3/15,121414,23:15,220494,//i1.hdslb.com/bfs/archive/42bc89434c74fd33a9c88476ae1619836e8b4907.jpg,2329893,58417,11:0:6,2020逆风翻盘！疫情结束后的新机会丨ztalk,114720
94049236,BV1GE411s7kR,106726,3941,1583549701,2020/3/7,10891,23:00,77182,//i0.hdslb.com/bfs/archive/2b2bc94ac7b0a362fa7e2b88046297a1f12a2ebd.jpg,568543,4664,10:55:1,不懂这些，你怎么跟小姐姐聊足球！,38534
92509614,BV1rE411H7gk,115501,6927,1582945243,2020/2/29,14941,15:13,90477,//i1.hdslb.com/bfs/archive/cc3e03340c6b929ecefe8b4837e353e70ad5ef1c.jpg,988103,10693,11:0:43,300块走路跑步又轻又弹没对手？软弹直逼态极，重量却轻一半！丨Z说球鞋,27361
90650123,BV1f7411w7gr,84202,2153,1582340157,2020/2/22,10331,19:34,68723,//i1.hdslb.com/bfs/archive/263d2898a711b37e37df85358db8137e0eae5ca1.jpg,911438,2718,10:55:57,准备好子弹，哪个先跌买哪个！本季精选好鞋TOP5~丨Z说球鞋,14069
90077413,BV1f7411L7vh,73858,2221,1582103734,2020/2/19,7169,12:15,58487,//i1.hdslb.com/bfs/archive/dec6552099238a5a24ab9743a2f7f58dc51f4077.jpg,526338,3017,17:15:34,唱、跳、RAP、篮球，科技升级的高性价比明星鞋！,8303
87448943,BV1p741187VE,108734,3992,1581130536,2020/2/8,18619,16:03,137150,//i1.hdslb.com/bfs/archive/de34ab555a329a5d50046e2f4061d35d1dffa5e0.jpg,1029989,13454,10:55:36,情人节，男生都想要的5个礼物！,20584
85720592,BV1J7411674J,120514,4706,1580382046,2020/1/30,24313,39:41,103504,//i0.hdslb.com/bfs/archive/f741540b2a464da21dac308d848c8759fd7667ec.jpg,1045683,10640,19:0:46,李宁为什么越来越贵？还越卖越火？丨Z说球鞋,39715
81975308,BV1FJ41177hX,51720,1602,1578106540,2020/1/4,5600,26:43,41970,//i0.hdslb.com/bfs/archive/1c5cc57a24e06c186d3e0993bb3ed7b000f8e12c.jpg,471814,1524,10:55:40,首次揭秘球鞋实验室！国产好鞋是如何诞生的？本期科普向丨Z说球鞋,6191
81540950,BV1pJ411b7ZR,52811,2296,1577847633,2020/1/1,6296,13:59,44665,//i2.hdslb.com/bfs/archive/6643b86b4a3e73e3b93c6e4e2ce10ff9825c7731.jpg,551697,2616,11:0:33,SneakerCon小姐姐大合集，新年百万粉丝福利走起！,8470
81061139,BV1MJ411a7ns,60911,2812,1577588416,2019/12/29,9893,18:46,58676,//i1.hdslb.com/bfs/archive/8833acd9a9b17731c0910c5080e47eb330e0ad09.jpg,904618,5979,11:0:16,买得起又买得到的国潮好鞋！这才是我心中态极该有的样子。,18955
80617966,BV16J411W7Me,38423,1424,1577266603,2019/12/25,3733,09:02,31686,//i2.hdslb.com/bfs/archive/15119e74dc4fa9e0df7f58f7cbe8b4ec31e654db.jpg,481966,651,17:36:43,独一无二的圣诞战靴，他的传奇还在继续！,3483
79147093,BV1FJ411y78n,41731,1749,1576292131,2019/12/14,6549,29:20,41347,//i2.hdslb.com/bfs/archive/4002a9435f067bc9bc8be00f2376553ce20da80e.jpg,848254,1824,10:55:31,一万人的球鞋交易市场，没有中间商赚差价！亲历全球最大鞋展丨Z说球鞋,5667
77972457,BV1UJ411q789,79018,2285,1575687358,2019/12/7,25298,20:55,79885,//i0.hdslb.com/bfs/archive/1bda6e7c34852ee0f0bee05e95f86c9127581157.jpg,1295594,4729,10:55:58,说出价格你也不会死心的10双好鞋！2019年度精选TOP10 | Z说球鞋,12036
77616999,BV16J411B7gP,177642,4349,1575168900,2019/12/1,105010,22:02,147868,//i0.hdslb.com/bfs/archive/240579abc899e20dbae833e4afe3b9f2b15e794c.jpg,1801212,30788,10:55:0,玩儿着把钱挣了？年轻人未来钱景无限的新职业！纯干货输出丨ztalk,18500
77361668,BV1UJ411D7g6,34047,1736,1575082555,2019/11/30,4779,10:02,31461,//i1.hdslb.com/bfs/archive/257893dc966c329bbb33cc2eb574cc2817239179.jpg,457478,2088,10:55:55,6年前改变世界的鞋，如今要上太空！丨Z说球鞋,3495
76797541,BV1ZJ411d7WM,33175,1498,1574564127,2019/11/24,5422,15:03,33639,//i2.hdslb.com/bfs/archive/3fff563b298fc9006433da355379b59189eac46d.jpg,588480,2804,10:55:27,一口气开箱12双新鞋，AJ1猪油扣碎让我心动，国产龙珠惊喜连连！,16909
76544553,BV1iJ41127AY,42769,1876,1574477754,2019/11/23,9533,11:25,46878,//i2.hdslb.com/bfs/archive/7cc8de1aefe41a00225240baef515a6bea644677.jpg,810347,4468,10:55:54,一双懂的自然懂，不懂可以装懂的经典好鞋。2019最强推荐评级！潮流千变万化，而它经典常在。,4179
75748681,BV1vJ411D7iP,25476,1015,1573811608,2019/11/15,3905,13:10,23755,//i0.hdslb.com/bfs/archive/6a06253febfb8aab67bbc36e9120b1c9b8140625.jpg,367336,829,17:53:28,不要等《星球大战9》火了，再来找这几双超酷的联名鞋！丨Z说球鞋,2648
75158794,BV1kE411v7TT,32113,5418,1573380018,2019/11/10,6296,10:21,29826,//i0.hdslb.com/bfs/archive/4fa7f532f196fb649fa1f35c360a06ea9bed3ec2.jpg,390013,3499,18:0:18,8双高达联名鞋全体亮相，你想要哪双？双11粉丝福利视频，紧急爆送10双！丨Z说球鞋,11025
74906386,BV1NE411q7JT,105233,3339,1573268158,2019/11/9,30324,22:48,90491,//i0.hdslb.com/bfs/archive/a7aef164b235cdde900722059bef432ef0b36b15.jpg,1336080,13198,10:55:58,双11好鞋价格跳水大赛，TOP10谁是跳水王？跳水幅度不可思议！硬核选鞋攻略冲锋版,7722
74163872,BV12E41187w3,42087,1904,1572663639,2019/11/2,7276,21:35,40104,//i1.hdslb.com/bfs/archive/234d0a207ba62993ecb73ad614a990daaae9d56a.jpg,690165,2228,11:0:39,2099还是599？不哗众取宠的国货新旗舰！,7387
73865990,BV1RE411h7m2,26391,3793,1572433225,2019/10/30,4741,05:17,26016,//i1.hdslb.com/bfs/archive/afca9c63f496dd70284e121f8c3a9c5b63350dc8.jpg,393180,1776,19:0:25,10000元招募【球鞋产品体验官】，舞台在这儿，你在哪儿？,5855
73419908,BV1ME411a7qa,73233,5220,1572058856,2019/10/26,38701,45:35,64235,//i1.hdslb.com/bfs/archive/932e197025528c2cb8e1320cb0428754d728ff7f.jpg,1037136,13867,11:0:56,你在的城市有钱途吗？中国十大最有潜力城市全解锁！45分钟硬核输出丨ztalk,26086
71552288,BV1PE411y7n3,50596,2667,1571454041,2019/10/19,20660,22:07,52585,//i1.hdslb.com/bfs/archive/3a5256592be509b37ceba7af9fb9d50ed1468ccc.jpg,927068,5074,11:0:41,继续花最少的钱，买最好的鞋！双11硬核选鞋攻略第二趴！全网最全，好看、好穿、好价格！,8059
70258715,BV1MJ411F7g1,74132,2951,1570330813,2019/10/6,37361,28:56,72694,//i1.hdslb.com/bfs/archive/8059387b5c3349da6009afef52d6ee2afad29b5a.jpg,1293397,7648,11:0:13,花最少的钱，买最好的鞋！双11硬核选鞋攻略第一趴！全网最全，好看、好穿、好价格！,10597
68434586,BV1eJ411u7iW,40823,1715,1569060004,2019/9/21,12110,20:20,37590,//i1.hdslb.com/bfs/archive/fe35dc935203349f0c90859a0fc492052546df2a.jpg,549183,2234,18:0:4,顺势而为赚大钱！你学会了你也行！PUMA李宁咸鱼翻身的启示丨ztalk,6450
67796514,BV1xJ411A7U6,23435,2000,1568516402,2019/9/15,4492,12:03,26912,//i0.hdslb.com/bfs/archive/74c83739c9816151f6a0367fdb5044c6f0be3dee.jpg,565255,2815,11:0:2,球鞋圈的iphone11，AJ34是否依然能够引领潮流？,7964
67414323,BV1nJ411P7WE,41034,6780,1568282409,2019/9/12,9439,13:06,37029,//i2.hdslb.com/bfs/archive/1892f48a89d2abf73195484ad76c3719fc1577d4.jpg,402682,3889,18:0:9,勇士队汤普森连签3双KT5致敬ztalk粉丝，独家解析这双鞋哪里好！丨Z说球鞋,16003
66763940,BV1y4411y71i,30683,1531,1567764031,2019/9/6,10311,15:18,33332,//i2.hdslb.com/bfs/archive/8c134050483973527176bf59651fed18546fb5ab.jpg,792738,2295,18:0:31,三五百买到阿迪千元鞋？4双学生党好鞋有科技有颜值！首次揭秘球鞋穿搭技巧！本期男女款通杀~丨Z说球鞋,5182
66093208,BV1k4411279L,58106,13823,1567222221,2019/8/31,15080,12:20,47976,//i2.hdslb.com/bfs/archive/a081bf263de8a313c5ce1a59526dd2523422e87e.jpg,503895,8965,11:30:21,8双NBA球星签名球鞋，聊完就送！丨Z说球鞋,32012
64472466,BV1w4411Z7C8,29206,1442,1566295544,2019/8/20,6491,16:26,37929,//i0.hdslb.com/bfs/archive/99dcde86092a6c3cdc8831c5730255682993d63a.jpg,673968,1434,18:5:44,600买入现在4999，你受得了么？一句话揭秘什么时间买鞋最便宜！丨Z说球鞋,4936
63135121,BV1D4411X7Ur,31385,2418,1565494228,2019/8/11,8039,18:34,36122,//i2.hdslb.com/bfs/archive/304d26009a640a28dbd4bcb23c7469f7a1dd2695.jpg,947949,2548,11:30:28,终于等到270块！开学季，李宁安踏阿迪怎么选？丨Z说球鞋,7522
61773370,BV18t411F7Eu,215520,13781,1564743642,2019/8/2,164611,25:59,180557,//i2.hdslb.com/bfs/archive/51ae4b32220b3aecec18a77da8b0f9abb8bd9faf.jpg,1740012,23453,19:0:42,1万10万100万，年轻人如何赚到自己的第一桶金？纯干货输出丨ztalk,37038
61078670,BV1Ut411P7Jt,35967,1655,1564306242,2019/7/28,7332,11:44,40327,//i0.hdslb.com/bfs/archive/971101785051fd29542dbccb3fa6e4cc8a67dffa.jpg,565904,1844,17:30:42,NIKE竟然把彩虹糖做成了鞋！丨Z说球鞋,5609
59928118,BV1st411n7GN,23502,1743,1563616803,2019/7/20,4986,15:34,25624,//i1.hdslb.com/bfs/archive/f3e853e720c18476016fb6b8198b4c178985ba53.jpg,651292,1350,18:0:3,科比战靴骨折价？颜值性能吊打全场？懂不懂鞋都要有一双！致敬我们的青春~丨Z说球鞋,6709
59089615,BV1qt411V7YG,22453,1926,1563098437,2019/7/14,4436,15:34,22967,//i1.hdslb.com/bfs/archive/0401ce70810fa0455ecbb40ca293f484d7fbec96.jpg,464003,1197,18:0:37,黑店NIKE年赚133亿凭什么？2双最贵跑鞋PK完就知道了！丨Z说球鞋,6802
58689121,BV1rx411f7md,58717,9822,1562837411,2019/7/11,17752,15:28,43019,//i2.hdslb.com/bfs/archive/794d8a07c23a904d2fb30ebf0c7cced907a4de2f.jpg,492481,6648,17:30:11,高达联名战靴三百多？冲情怀还是冲科技？我选Q弹！丨Z说球鞋,24575
57285232,BV1gx411R7ke,181512,5564,1561888815,2019/6/30,162632,25:02,145663,//i1.hdslb.com/bfs/archive/4b97b0956981950e78b5a810b26c68fbb66688c8.jpg,1890368,26134,18:0:15,现在赚钱还是以后赚大钱？年轻人必须尽早掌握的思维方式！纯干货输出丨ztalk,15653
56240425,BV1E441137fr,32820,4273,1561111232,2019/6/21,12019,11:58,28736,//i2.hdslb.com/bfs/archive/8d421e8d6a361c044040278eac1bf7981e93f42d.jpg,805001,3838,18:0:32,王者鞋卖青铜价？299元捡漏阿迪超高性价比好鞋丨Z说球鞋,6693
55616477,BV1h4411V7EE,97318,6633,1560592821,2019/6/15,38945,15:58,85262,//i1.hdslb.com/bfs/archive/4bc85655943fc078838c7ff0ef9e897fd5b4a2b1.jpg,1541557,13664,18:0:21,NIKE是如何将几亿人玩弄于股掌之中的？丨Z说球鞋,14112
55224054,BV1T4411K7nx,24962,2032,1560247238,2019/6/11,6617,11:40,25711,//i1.hdslb.com/bfs/archive/0b8fb7b65508a9937b795910c0f13341207ad732.jpg,1193544,1968,18:0:38,适合所有人？两双19年必入好鞋，6折入手不亏！丨Z说球鞋,4342
54671188,BV1z4411M72B,56716,11971,1559815219,2019/6/6,24238,15:16,49125,//i0.hdslb.com/bfs/archive/5919dbf4496914288e05d0b3948a19412bcec812.jpg,754679,9122,18:0:19,低到只要200多，618推荐几双瘦腿帆布鞋！丨Z说球鞋,26304
53969961,BV1X4411W7nK,37817,7280,1559127295,2019/5/29,8924,25:46,28998,//i2.hdslb.com/bfs/archive/63c07b30df9b64a8d266ee2533c443154c4e5e5b.jpg,356488,3503,18:54:55,爱不是占有而是分享，聊几双压箱底儿的老李宁丨Z说球鞋,6482
53554260,BV1s4411s7HV,41929,2946,1558778425,2019/5/25,9953,26:19,36981,//i0.hdslb.com/bfs/archive/e6bd5341ebf0a417261a9cf284d385ea2ad6dd93.jpg,529995,2228,18:0:25,国产200块篮球鞋能打NBA？他用最佳第六人身份告诉你国货并不差！丨Z说球鞋,12350
53084334,BV1z4411j71N,108593,53826,1558354089,2019/5/20,37834,15:38,69774,//i0.hdslb.com/bfs/archive/5f626778d7e6a93d89511f93b9aecc582a96162c.jpg,702505,34880,20:8:9,态极plus迭代升级，继续维持推荐评级丨Z说球鞋,38482
52790540,BV1S441177y7,46828,1288,1558148425,2019/5/18,30015,24:00,33982,//i2.hdslb.com/bfs/archive/54df9b6d6bbe506d24544abdef85b2a19ba2eb6d.jpg,266199,5912,11:0:25,【ztalk】大幅提高求职成功率的方法！,4039
52502801,BV1A4411J7zC,27048,1548,1557918316,2019/5/15,10223,21:39,30200,//i2.hdslb.com/bfs/archive/4db2400e955e672c7341d54c6768812d14f1a5ac.jpg,1126501,1903,19:5:16,【Z说球鞋】300元颜值性价比两开花儿！你受得了么？,5580
52016994,BV164411Y7Cx,16615,1662,1557546339,2019/5/11,4349,19:11,16088,//i1.hdslb.com/bfs/archive/ae84729a658cd9cbc1d02124263ab650417f35ec.jpg,423523,2394,11:45:39,【ztalk】几百块的球鞋竟有几千块的效果！10000名小姐姐送礼的最佳选择~,8055
51374242,BV1h441147se,40947,1846,1556926902,2019/5/4,19885,26:49,31564,//i0.hdslb.com/bfs/archive/4481bd238a9ef5e3d4cd0bae3e7ddf63949608a3.jpg,304683,5078,7:41:42,【ztalk】五四特别版：求职、考研还是留学？,6447
51072052,BV1B4411t79t,14027,1898,1556762415,2019/5/2,4050,24:27,15118,//i0.hdslb.com/bfs/archive/618084c78ef7db2aad05ef6d1df0e332e1c2d113.jpg,659799,1235,10:0:15,【ztalk】233元的今夏超轻跑鞋新贵！它让16年老大哥黯然无光。,5508
50585341,BV1h4411h7mQ,21009,3961,1556332204,2019/4/27,4316,25:15,19877,//i0.hdslb.com/bfs/archive/93ff150317614d4714842f8e86277df59ac67dc5.jpg,573106,3349,10:30:4,【ztalk】先吐槽P30pro，再聊两双200多的高性价比篮球鞋,20494
49132686,BV1rb411K7hf,34243,1997,1555129817,2019/4/13,8984,37:56,26418,//i2.hdslb.com/bfs/archive/c752f9f267b2b56cb790e06eab0a2bda1992f3c8.jpg,548938,3336,12:30:17,【Z说球鞋】为什么李宁1999元的篮球鞋能卖出6000双？,8323
48548816,BV19b411M7jt,14115,1078,1554606035,2019/4/7,2557,30:34,11633,//i0.hdslb.com/bfs/archive/94fd96f43b20ff934d2121038dd81e8c5e9e32bb.jpg,291135,717,11:0:35,【Z说球鞋】三双好鞋，AJ33SE郭艾伦 / PUMA UPROAR / AJ13雾霾,3829
46449569,BV1zb411J7Jb,27469,6642,1552734970,2019/3/16,6124,28:27,19661,//i1.hdslb.com/bfs/archive/ca93f69e847da2474f144b8995c3d3fc17c6a2a1.jpg,223963,2165,19:16:10,【Z说球鞋】迟来的10万粉丝特别版 - 谈谈什么是“分享热爱”,9044
45186667,BV1Jb411B7mj,28763,2847,1551582031,2019/3/3,7916,33:44,21244,//i0.hdslb.com/bfs/archive/c3485dce9ea47dfc45a47002fe6b7dd4343a9682.jpg,345925,4134,11:0:31,【Z说球鞋】乱世选鞋,8425
44344964,BV1hb411h7zt,10743,1177,1550806171,2019/2/22,2371,19:14,9133,//i2.hdslb.com/bfs/archive/9f60ace9a5ee017d9f63699c38c08166038659c2.jpg,235229,1054,11:29:31,【Z说球鞋】快下手！乔丹亲穿的匡威战靴只卖299，只因还无人发现。,2475
41728231,BV1Ct41147mr,14236,1061,1548475655,2019/1/26,3851,24:36,13067,//i1.hdslb.com/bfs/archive/455048fe1171dd1a2c5041e4845436b38509040a.jpg,495691,958,12:7:35,【Z说球鞋】提前锁定6双600以下王者鞋款,4656
41292127,BV19t41187M1,26337,1476,1548066954,2019/1/21,5027,49:43,17196,//i1.hdslb.com/bfs/archive/b396fd034c140544473b7e4b4bf8ffcaeafcf499.jpg,203965,1739,18:35:54,【Z说球鞋】我们为什么如此热爱篮球鞋,7575
40610513,BV1rt411W7pz,9662,967,1547348480,2019/1/13,1486,24:01,7890,//i0.hdslb.com/bfs/archive/ff30382674d20b8c503c0f80317965d0d5e26799.jpg,202222,660,11:1:20,【Z说球鞋】如果春节只能买一双，你会选谁呢？,2905
40288556,BV1vt411s7Tk,16724,1086,1547003777,2019/1/9,4076,23:33,13724,//i0.hdslb.com/bfs/archive/9f58a30a8e6c54ec13eeb4a59538d01aa12aaf52.jpg,302014,1283,11:16:17,【Z说球鞋】400元以下实战三剑客 ，备战年货第一季,3843
39667506,BV1ht411B7Ff,24438,1231,1546349273,2019/1/1,4157,21:00,17041,//i2.hdslb.com/bfs/archive/d825e0e26c9d93dc075aef51ba216a3f35da2a19.jpg,174414,1775,21:27:53,【Z说球鞋】孙子兵法之球鞋大作战,3386
39109114,BV1wt411r7GD,27597,2081,1545881431,2018/12/27,6218,36:44,22073,//i2.hdslb.com/bfs/archive/cb0a8f8f1dcc8c5b0306e67c9b00950a14de414f.jpg,545045,8641,11:30:31,【Z说球鞋】499元惊世黑科技，怎么吹都不为过！,7073
38460844,BV1ft411e7XV,9389,777,1545134011,2018/12/18,1504,13:55,7223,//i2.hdslb.com/bfs/archive/e4ad507990d46796f4ecefb245d6770206684c03.jpg,145398,558,19:53:31,【Z说球鞋】灵魂评测，五万粉丝纪念版。,3824
38380328,BV12t411e7vJ,8859,501,1545039935,2018/12/17,1566,13:51,7727,//i2.hdslb.com/bfs/archive/1d69f4c43560289c29b919c4e8b527d0ff531774.jpg,165057,527,17:45:35,【Z说球鞋】本来要说欧文5...,1672
38292214,BV1Mt411e7Ee,10536,622,1544945690,2018/12/16,4638,19:27,8141,//i0.hdslb.com/bfs/archive/1662803eeda780b52823bc8d77379897c9c58951.jpg,116501,700,15:34:50,【Z说球鞋】手把手操碎了心，分享球鞋球衣日常护理小知识,3320
38174248,BV1Gt411i7i2,9144,607,1544868012,2018/12/15,1680,12:47,7543,//i0.hdslb.com/bfs/archive/93440fd9fb59e68ae7db35b3742c1073001bccd1.jpg,194897,720,18:0:12,【Z说球鞋】AJ11康扣儿那些事儿,1324
38100643,BV1St411v7zb,10742,720,1544758219,2018/12/14,1980,13:50,7718,//i1.hdslb.com/bfs/archive/98e7b8162dd8ff77997467d3453acdd957fb5ca0.jpg,105369,1056,11:30:19,【Z说球鞋】理财APP上抢鞋真的能赚钱吗？,1104
37581817,BV1Jt411S7EQ,21035,1233,1544153413,2018/12/7,4504,29:56,15668,//i2.hdslb.com/bfs/archive/e7cb6766c7146dfef9f3f22a18ee65fdc8e33363.jpg,264907,2769,11:30:13,【Z说球鞋】从“韦德不知道”说起,3700
36948735,BV1Tt411R7tE,131285,3347,1543402652,2018/11/28,49608,34:11,94406,//i2.hdslb.com/bfs/archive/19efb61cecd03e44c8b0ea3eada22874c8d11e57.jpg,1050793,21693,18:57:32,【Z说球鞋】从“一家毒大”说起,14828
36545122,BV1gt411y7Zf,4632,474,1542972958,2018/11/23,738,09:50,3783,//i0.hdslb.com/bfs/archive/8e0ce7f406bdd9dbcdc45edf9dbde63a4f843715.jpg,138093,334,19:35:58,【Z说球鞋】我为什么买了两双AJ33郭艾伦？,711
36391231,BV19t41117M9,5194,451,1542713885,2018/11/20,1887,09:28,4452,//i1.hdslb.com/bfs/archive/b1679ce962bdd9432d8958c1ce5587ced343d6dd.jpg,226938,432,19:38:5,【Z说球鞋】优衣库360元完美过冬，再来双老上海！,734
36061776,BV1Rt411275X,4731,466,1542349927,2018/11/16,1316,14:27,4121,//i2.hdslb.com/bfs/archive/60448cee012193f6c2ecb00dfe541db8b3f6266e.jpg,183478,436,14:32:7,【Z说球鞋】四双老爹鞋，你怎么选？（价格四分之一，完爆椰子YEEZY 700）,1237
35577841,BV1hb411c7ib,6400,414,1541739647,2018/11/9,1164,12:04,5337,//i2.hdslb.com/bfs/archive/b5ea371893bda837d9b23b2cdad0ab56e9180c5c.jpg,135677,444,13:0:47,【Z说球鞋】双11终极版，3双破发AJ1，和2双顶级白菜。,734
35064617,BV14b411P7GQ,7601,1020,1541068580,2018/11/1,1908,14:48,7706,//i0.hdslb.com/bfs/archive/32bfaa8e6412f2a80af6e7a23611e4b2fc3dae6b.jpg,291607,1170,18:36:20,"【Z说球鞋】199元的“国民跑鞋”, 小米黑武士！ 开箱米家运动鞋2代",1735
34607672,BV1Ub411P74A,6432,1041,1540530016,2018/10/26,2079,18:23,6603,//i0.hdslb.com/bfs/archive/36043e13c19aa751aee87f9c8409fb43de29d253.jpg,446999,763,13:0:16,【Z说球鞋】捡漏双11，4双顶级球鞋白菜价！,1337
34412824,BV1Ct411R7yB,3347,168,1540265413,2018/10/23,480,12:38,3010,//i0.hdslb.com/bfs/archive/5fcc1312c0bfdfb806ad61251a588643e7e2edec.jpg,84777,198,11:30:13,【Z说球鞋】LBJ16继续演绎暴力美学，其实叫15s没毛病！勒布朗詹姆斯16代战靴上线。,487
34079199,BV1Ct411d7hS,4712,285,1539840028,2018/10/18,739,24:47,3967,//i2.hdslb.com/bfs/archive/af82cf36dd9be173e3c826040a261c3b7d8ca7e9.jpg,222528,377,13:20:28,【Z说球鞋】AJ33告你什么叫正室范儿！抢先两天上脚AirJordan33白色,958
32602482,BV1XW411U7n2,3874,149,1538193948,2018/9/29,541,12:26,2664,//i1.hdslb.com/bfs/archive/826e5ecf101880cdda558dffa7a236adbc5ac5c8.jpg,34931,212,12:5:48,【Z说球衣】尤文图斯/曼联/多特蒙德/日本，真正的球员版装备一点儿都不贵！,416
32550482,BV12W411U7cX,2605,186,1538013929,2018/9/27,334,12:09,2225,//i1.hdslb.com/bfs/archive/bc69e22513baaf0bb47ec6c45308956fa510e057.jpg,73917,204,10:5:29,【Z说球鞋】这双鞋，打脸也要怒收！哈登2？harden vol 2？,504
32264663,BV1KW411z7hM,11941,342,1537658209,2018/9/23,1884,12:15,12991,//i1.hdslb.com/bfs/archive/9e1f48353ffd5cb335184c1cb721f64d272d833a.jpg,250392,423,7:16:49,【Z说球鞋】纯白椰子凉了？No No No！YEEZY就该EASY购,885
31891107,BV1kW411k7MG,3451,72,1537152324,2018/9/17,332,15:00,2134,//i2.hdslb.com/bfs/archive/4694bff7747b299a5a97c0efdf8bf71e240fec02.jpg,39055,175,10:45:24,【Z说球衣】全国首发JORDAN X PSG AJ大巴黎联名球衣开箱,164
31559169,BV1rW411C7WP,3848,167,1536721807,2018/9/12,598,12:33,3761,//i1.hdslb.com/bfs/archive/2ca7378f24be99eaca0f970d5070d11867a851b2.jpg,127875,284,11:10:7,【Z说球鞋】只为那惊鸿一瞥，你见过adidas UltraBoost 4.0 彩虹吗？,457
31346761,BV19W411d7Yv,3648,117,1536410051,2018/9/8,398,11:55,2503,//i1.hdslb.com/bfs/archive/240f1a975b1871e0ed6929cdf0e506711b137e9a.jpg,47944,214,20:34:11,【Z说球衣】史上最酷国足战袍，却遭足协禁穿！原因是这个？,392
31187317,BV12W411Z7FC,2778,127,1536207186,2018/9/6,350,29:02,1956,//i1.hdslb.com/bfs/archive/ce283aca0d9bcb9323bb01f850669dddb562d8be.jpg,28027,178,12:13:6,【Z说球鞋】全网最详细adidas猎鹰4复刻系列解说，我是猎鹰你是谁？我是猎鹰爱谁谁！,344
31052141,BV1PW411Z7Sp,2437,44,1536030033,2018/9/4,236,03:26,1533,//i2.hdslb.com/bfs/archive/9105668f62b8771a309c101b703e8a0034ae4a42.jpg,18026,139,11:0:33,【Z说球鞋】adidas猎鹰4 - Predator Accelerator FG & TR开箱速览,57
31051532,BV1wW411Z7Q3,3459,76,1536005709,2018/9/4,331,12:01,2340,//i1.hdslb.com/bfs/archive/a42e3619ad1620a08a8ce46fbf0ce233dd88c6a5.jpg,26962,166,4:15:9,【Z说球衣】能炸街的球衣，首发开箱托特纳姆热刺18-19第二客球员版,255
31027136,BV1RW411o78V,2827,135,1535970038,2018/9/3,371,19:19,1831,//i0.hdslb.com/bfs/archive/ea6ea20768153b7af0ee8db61b652a63b12ccb77.jpg,34408,191,18:20:38,【Z说球衣】穿上立马有型，首发adidas ZNE第3代hoody开箱评测,303
30579893,BV1gs411c7cq,3588,188,1535498187,2018/8/29,569,46:35,3066,//i1.hdslb.com/bfs/archive/24387560fb269f433bdfb50052cb49ea0dca3359.jpg,53386,231,7:16:27,【Z说球衣】国足踢的臭，为什么球衣那么值钱？,919
29807814,BV1pW41197Kx,3460,197,1534706542,2018/8/20,468,10:50,2948,//i2.hdslb.com/bfs/archive/65d186a40bf8daad10b157fa92e6698535d0052e.jpg,88048,229,3:22:22,【Z说球鞋】开聊带货王鹿晗杨幂最新上脚adidas POD-S3.1,433
29606823,BV1wW411d7QF,3131,80,1534509158,2018/8/17,314,14:52,1914,//i0.hdslb.com/bfs/archive/cc033993fd6b5567a3d33c5ab87eae3dc45e91e6.jpg,18459,156,20:32:38,【Z说球衣】五星巴西PK北京国安 球员版球衣哪家强,156
28778460,BV1ys411g74T,3446,81,1533656304,2018/8/7,348,19:24,2119,//i2.hdslb.com/bfs/archive/3ff0cd0c052a00458fb72ce444902e37eb0a299a.jpg,22191,170,23:38:24,【Z说球衣】英超开幕，首发曼联新赛季球衣赏析,276
28283629,BV1Qs411w7bK,5313,429,1533134107,2018/8/1,769,60:32,4810,//i1.hdslb.com/bfs/archive/b015f7bdbb7ca673ebfc0a9fed2a25f7f298787a.jpg,102797,271,22:35:7,【Z说球衣】深度解析北京国安与NIKE撕逼事件,1711
