﻿aid,bvid,coin,comment,created,date,favorite,length,like,pic,play,share,time,title,video_review
710716315,BV11Q4y1A749,20860,1349,1589988966,2020/5/20,9887,03:10,45801,//i2.hdslb.com/bfs/archive/a21826761d2c4f8cf02290c69614e174447cab09.jpg,416613,1735,23:36:6,【古筝】辉夜大小姐想让我月更-DADDY! DADDY! DO!,1347
753100463,BV18k4y1k7MZ,15716,1163,1588932007,2020/5/8,7130,03:39,28981,//i0.hdslb.com/bfs/archive/cf053979d1e2a34e515a28b0982c0d24a0ab370f.jpg,180863,1120,18:0:7,【古筝】当潮不让 - 意识流古筝rap,1470
370410875,BV1rZ4y1W7Lv,36110,1347,1587808819,2020/4/25,19653,04:38,46681,//i0.hdslb.com/bfs/archive/b53aa7722ed22047812b205d93da328342f54984.jpg,298570,3540,18:0:19,【古筝x钢琴】四月是你的谎言OP - 光るなら,2028
370009954,BV1NZ4y1j7zu,36840,2767,1586084414,2020/4/5,17229,03:28,69269,//i2.hdslb.com/bfs/archive/cd9d5dd47cdaef5d4642da0d4f6f0c3b69341ef3.jpg,590176,4088,19:0:14,【古筝】iL —— 160的速度你想秒我？得得得～,2968
412507811,BV1uV411f7bq,215192,5226,1585648836,2020/3/31,95555,04:13,201130,//i2.hdslb.com/bfs/archive/3929861525c16dfefbb95572d26dc74768965e5c.jpg,1247121,26037,18:0:36,【一人双筝】黄金之风处刑曲 il vento d’oro —— 我真是high到不行！,9234
98027731,BV1KE411P7B5,35489,2356,1584770435,2020/3/21,15847,03:06,50728,//i0.hdslb.com/bfs/archive/6b09f1a59add5679aa90dbeec211709fc89ad64f.jpg,347143,2279,14:0:35,【古筝】明月天涯,3310
84386955,BV1H7411i7yp,17761,1078,1579838414,2020/1/24,12390,06:01,27576,//i2.hdslb.com/bfs/archive/aec42163d9fa1cee4f7eebb70f0a8e5eded11359.jpg,271010,2424,12:0:14,此梦缘君—既仙又攻的六种民乐合奏是这个样子,2078
84400529,BV1L7411i7sd,79245,3266,1579604414,2020/1/21,54065,06:42,81123,//i0.hdslb.com/bfs/archive/9bceed53f9232dc3cf386f680743da9188b5cd2d.jpg,660238,9250,19:0:14,【民乐x摇滚】同道殊途——新年器乐大乱炖,8416
81987653,BV1VJ411779C,15261,1096,1578117617,2020/1/4,6397,08:37,22847,//i1.hdslb.com/bfs/archive/3eea78a928de74e383ab726a53b2795c63523ce6.jpg,263940,1104,14:0:17,【墨韵】原创曲《爱竹说》-「淑女飘飘拳」印象曲,2014
67629271,BV17J411N7zn,17579,1514,1568385376,2019/9/13,8647,04:00,27498,//i0.hdslb.com/bfs/archive/a4f58fde36a0cc625768f7d45e7196bd28064b96.jpg,341798,1264,22:36:16,【墨韵】临安小记（筝/小提琴）-《食物语》江南印象曲,2333
61885213,BV1ot411M71v,74101,3640,1564741999,2019/8/2,59064,03:04,93043,//i1.hdslb.com/bfs/archive/4c2b4cd4b7888e0bcae7e7a1fc619e1a582f75ba.jpg,1103886,9976,18:33:19,【墨韵】无羁（古筝/钢琴）-《陈情令》主题曲,6011
54408488,BV114411n7FA,32741,3045,1559534993,2019/6/3,15981,04:20,38587,//i0.hdslb.com/bfs/archive/142bb85497339c727a8c9b9792a5e04bc96ea02d.jpg,449946,2310,12:9:53,【古筝】Black Shout —— Bangdream,2931
51001784,BV1t4411t7ja,63190,2996,1556705136,2019/5/1,31241,05:18,71456,//i1.hdslb.com/bfs/archive/cabfd805d510e4a38f6b8fc7b6c33dbb3df6dd71.jpg,705104,4325,18:5:36,【墨韵】万神纪 古筝vs川剧,5112
49986657,BV1yb411V7AZ,14846,1494,1555840827,2019/4/21,10631,10:54,23499,//i1.hdslb.com/bfs/archive/e90e3e236f6b4adf3a7a147e12e35eb45201873a.jpg,321996,1614,18:0:27,【祈Inory X 西沢幸奏 feat 墨韵】长安醉【中日合拍】【原创国风摇滚】,1554
49606683,BV1nb41157Ps,7409,1473,1555489991,2019/4/17,4138,04:31,22003,//i0.hdslb.com/bfs/archive/07e4c008e2a73fbebc343ab0b587ed41f472f907.jpg,348342,932,16:33:11,【墨韵】梦开元【中国华服日 首发限定版】,1513
46355929,BV1Db411H7rK,67400,5165,1552655989,2019/3/15,31406,04:06,63778,//i2.hdslb.com/bfs/archive/8c5a3c02af0bca489a3447ecddadf8a8772f005f.jpg,716767,4766,21:19:49,【筝/箫/钢琴】流浪地球Main Theme,5183
37098615,BV1pt411X7vZ,20559,3052,1543583131,2018/11/30,5764,04:39,21948,//i2.hdslb.com/bfs/archive/d025e73135b4498b2505d63290feaf89d0f3722e.jpg,272415,1040,21:5:31,【纪实】墨韵 x 寰行中国 文化宝藏之旅,3404
18200802,BV1wW411q7hH,80574,9011,1515670027,2018/1/11,43571,03:22,47567,//i1.hdslb.com/bfs/archive/50d03daee48e1a2d2f37133b36083d40bc95d720.jpg,1765027,8354,19:27:7,【古筝】十二镇魂歌——期末考战歌！,25900
17417340,BV1gW41187ro,40495,4660,1513674703,2017/12/19,15888,05:06,19143,//i0.hdslb.com/bfs/archive/1f61d4e56db59834cbf414ab50fa8e59fee41b1a.jpg,819486,3635,17:11:43,【古筝】入骨相思 ft.千指大人,4992
16726890,BV1vx41157DL,62177,8100,1511787243,2017/11/27,18107,04:32,22466,//i0.hdslb.com/bfs/archive/c993e4bae8f953279c4169bf3169b59692ce5690.jpg,595490,4125,20:54:3,【古筝】天地有灵,9920
14494920,BV1Bx411s7bo,212920,20699,1505496681,2017/9/16,94371,05:00,65091,//i2.hdslb.com/bfs/archive/c340e6b227e14c14f6847cd64309cf16f0830c59.jpg,2720777,32296,1:31:21,【古筝】九九八十一  墨韵随步摇 ft. 闫东炜,37611
3533015,BV1gs411R77w,101551,12071,1452154882,2016/1/7,27858,02:53,7087,//i1.hdslb.com/bfs/archive/279616babe4141940227e2f9344afd7c3473fad7.jpg,1994165,4669,16:21:22,【古筝】从前有座灵剑山 BGM/OP,23531
2188740,BV1fs411S7u7,372648,33858,1428248414,2015/4/5,360081,05:07,202924,//i0.hdslb.com/bfs/archive/7f80edc63865249525a366ec790a0b65dd0177bd.jpg,10821420,92678,23:40:14,【筝鼓和鸣】权御天下 ——墨韵随步摇 ft. 司鼓君,198932
2063715,BV11x411A7Kq,59536,7862,1425200383,2015/3/1,45151,03:24,9118,//i1.hdslb.com/bfs/archive/14ab3ac0877827d12dab05c624d279a332a983e2.jpg,2391801,6883,16:59:43,【原创编曲串烧】古筝翻奏 「幻想战姬」BGM,44611
1250357,BV1Sx411T7QQ,1936810,148170,1404318961,2014/7/3,1365263,04:55,1280415,//i2.hdslb.com/bfs/archive/baae2b4050363c0ab45465b7cf696b8304fdaca8.jpg,36119942,271934,0:36:1, 【古筝】千本樱——你可见过如此凶残的练习曲,485575
922275,BV1Ks411Z7JE,48964,4063,1390327090,2014/1/22,41071,03:31,15242,//i1.hdslb.com/bfs/archive/fb39940a6e98736d574eb003e8ddb3b13641d1f5.jpg,2211993,7472,1:58:10,【纯古筝】卷珠帘——N重奏改编版,11395
