﻿aid,bvid,coin,comment,created,date,favorite,length,like,pic,play,share,time,title,video_review
201029345,BV1yz411i7qm,325,518,1592216049,2020/6/15,210,13:33,2933,//i2.hdslb.com/bfs/archive/dcded48b216bc3be39a7d90b3d63e2ab57678383.jpg,14581,31,18:14:9,花3500块点龙吟外卖，计程车钱还要自己掏？吃完女子反应太真实了。。,732
926085063,BV1bT4y1J75Z,25245,6354,1592039761,2020/6/13,10236,09:37,141095,//i1.hdslb.com/bfs/archive/373978bfacc7cb1828dbf30b57924c0ed0a24f44.jpg,956094,3650,17:16:1,我的心像石头。,29880
285950153,BV1Xf4y1276s,71298,4679,1591354388,2020/6/5,19466,06:54,186862,//i1.hdslb.com/bfs/archive/a42903f39a80af2d349a3c1b3968ec78f8f2fa55.jpg,1476384,3030,18:53:8,日本妹子说不要的真相是什么？ 困扰很久的问题终于。。。,19382
455824314,BV1w5411x7Y7,19691,3611,1590661263,2020/5/28,9987,07:20,141851,//i2.hdslb.com/bfs/archive/b03072c2ffbbc95c8f6a56c1a1c670e0394dafce.jpg,1663039,5379,18:21:3,网友和日本小姐姐约好去家里面基，一开门却呆住了。。。,17086
540804257,BV1si4y1s7Z4,42486,4706,1590404450,2020/5/25,13914,10:22,186438,//i0.hdslb.com/bfs/archive/b028214e048c8d104062a2613a1a510bb9fa62d0.jpg,1901164,3266,19:0:50,花1000元买日本天价外卖值不值？一开门四大箱女子惊呆了。。。,35357
540767702,BV11i4y147uX,20712,4654,1590055230,2020/5/21,8442,07:54,125926,//i2.hdslb.com/bfs/archive/dc27f79f4873f79d51036cab2056297a45ead353.jpg,1156176,2136,18:0:30,为什么日本妹子日常不安？可能你也。。。,26794
968193344,BV1ap4y1Q7jL,26947,5384,1589796036,2020/5/18,12150,10:10,170245,//i2.hdslb.com/bfs/archive/ab6c56bc86410650668f12d2f6cd3bfe07ad7d95.jpg,1717680,1720,18:0:36,你...你馋什么？？？一女子收到私信后作出这样的反应.....,34836
710500019,BV1uQ4y1N76K,58588,5305,1589185840,2020/5/11,16767,06:03,192591,//i1.hdslb.com/bfs/archive/8d6b36c78cd7a125a5444ce351c08fc30a49d084.jpg,1368324,2375,16:30:40,为什么日本妹子不管做什么都喜欢很多人一起？,24629
583059471,BV1pz4y1R7xg,35491,4354,1588511677,2020/5/3,13831,08:15,178291,//i2.hdslb.com/bfs/archive/72c0807b7b839e6dc2be27870cdbfd510b9fe95b.jpg,1489457,4102,21:14:37,纳豆奶奶教你做正宗日式广告,24313
242920401,BV16e411s7Us,76810,6155,1588241209,2020/4/30,22312,07:49,218570,//i1.hdslb.com/bfs/archive/325be7682961e5eb02cdec7c9122dc3d4cc63d47.jpg,1461276,2179,18:6:49,为什么日本这么多女装大佬？是因为变态吗…,40051
667947553,BV11a4y1v7Dj,249303,8460,1587805224,2020/4/25,79395,06:32,700115,//i2.hdslb.com/bfs/archive/54bbe35c5a3eee716a2595c622afe48ae3891550.jpg,4711120,4575,17:0:24,实锤纳豆奶奶？我就不该在b站搜自己.......,56696
497772661,BV1KK411j79m,119555,7288,1587464501,2020/4/21,26299,06:52,301985,//i2.hdslb.com/bfs/archive/8384fd2f7dc4a9e6f08f8175555c2895eb87f428.jpg,2550617,6663,18:21:41,为什么日本妹子喜欢胖子？做人不要太势利了 ...,42022
285372563,BV17f4y1S7kC,56694,9365,1586946651,2020/4/15,30874,10:07,389792,//i1.hdslb.com/bfs/archive/8168da801d63e53c8ab275e8da284d394c52e555.jpg,3819435,6116,18:30:51,我在某约会软件上发现了纳豆奶奶？？,107130
625169009,BV1nt4y1U7b4,108229,7288,1586417358,2020/4/9,32961,07:39,342458,//i2.hdslb.com/bfs/archive/12210d8f07d671aa4a8110f6f8b66127d1d743ba.jpg,2974097,3311,15:29:18,为什么日本辣妹灭绝了？原来她们都去从事那个行业了....,39016
455100843,BV16541147f4,25270,3923,1585647990,2020/3/31,37254,08:44,92141,//i2.hdslb.com/bfs/archive/0dc9465ccb066d78d893c79623ffb306c8dcb852.jpg,1040910,11655,17:46:30,日本邪术？试着做这个动作5秒看看你的腰会发生什么变化....,11349
100392189,BV1w7411Q7VG,73723,8612,1585482952,2020/3/29,18752,07:42,209696,//i0.hdslb.com/bfs/archive/dda1f125b638b1d29ed503c02fee1a5c7e696af0.jpg,1980012,2812,19:55:52,日本药丸？奥运会延期之后日本确诊人数暴增的背后...,17421
99531081,BV1K7411y7SE,425431,44989,1585214824,2020/3/26,81389,07:32,671087,//i2.hdslb.com/bfs/archive/c14e1e073ce0e8c96c6e9dc33517a1078b626ac9.jpg,6202004,5920,17:27:4,听说纳豆奶奶改了日本国籍？,83196
98383897,BV1CE411F7zh,79151,5773,1584861127,2020/3/22,33665,09:26,238834,//i2.hdslb.com/bfs/archive/b1891d154eabef68ddf44d9a26e89199a04a2bb1.jpg,2076298,11089,15:12:7,女子尝试3种日本最火泡面吃法，一整块黄油倒进泡面竟吃出法餐味道？,34255
97004781,BV1J7411d7SC,205321,8616,1584427193,2020/3/17,46723,09:22,345250,//i2.hdslb.com/bfs/archive/36682f3b1aedb2fab83f6aa887dcfd8705c917d8.jpg,2526770,3341,14:39:53,日本人为什么要排队抢纳豆？其实你也被这种心理套路了....,79536
95470923,BV13E411L7op,190879,9860,1583923676,2020/3/11,50285,10:39,296984,//i2.hdslb.com/bfs/archive/ffa59406d17b474f02730fbce48ba78378cb827d.jpg,2383069,14316,18:47:56,面对疫情，日本到底怎么了？谁来负责...,62340
92649884,BV1kE411J7WR,32113,3173,1582969546,2020/2/29,55585,07:46,108739,//i2.hdslb.com/bfs/archive/3e0c31af8c1977f6a2c074df23b3d03e1525c0c1.jpg,1369036,12212,17:45:46,日本绝学！试着做这个动作1秒你的背会发生什么变化....,13109
91101531,BV1Rj411f7Fq,126734,21835,1582449615,2020/2/23,40404,05:40,391332,//i0.hdslb.com/bfs/archive/2ff52be6b43433197bfd1798a1906dd6ebadfcad.jpg,4288882,23478,17:20:15,肺炎下的真实日本...我妈让我现在赶紧回国....,44301
90287397,BV127411A7fZ,107244,4013,1582189241,2020/2/20,140767,05:45,184449,//i0.hdslb.com/bfs/archive/55656cda5efd43577bf1a34302c2c6c10c37d13d.jpg,1767827,40156,17:0:41,验证！日本秘术3秒解决脖子酸痛？一女子尝试后说....,12410
89348202,BV1E7411n74H,297814,15917,1581847229,2020/2/16,69084,04:54,447051,//i2.hdslb.com/bfs/archive/abb5fec121d4353892e2cdfbd535049321d76ae9.jpg,3219891,10644,18:0:29,我拒绝了两百万口罩生意,19061
84730383,BV1i7411a7Ps,32217,3954,1579782021,2020/1/23,11946,04:09,137175,//i2.hdslb.com/bfs/archive/01336089f98b9b44e7c003a6ee04d867692128aa.jpg,1851781,7817,20:20:21,世纪教训 日本人为什么离不开口罩...,4873
84571182,BV147411e7fy,98788,4721,1579694755,2020/1/22,27455,06:26,227469,//i2.hdslb.com/bfs/archive/c07eea0241432cc1951207bcc7ad5b37b16c7fc8.jpg,2641959,3208,20:5:55,和日本女生喝酒就是那个意思？岛国竟然这么开放...,49622
83706327,BV1SJ41177BE,73576,4488,1579255248,2020/1/17,20667,07:25,183106,//i2.hdslb.com/bfs/archive/33ee8d509011df1fe0b34a159dffa922bd17dc3d.jpg,1968385,3363,18:0:48,为什么日本妹子这么可爱？中国女子飞往岛国后竟发现…,45634
81793657,BV1LJ411j7x1,291727,7854,1577966715,2020/1/2,83155,09:45,324027,//i2.hdslb.com/bfs/archive/ffc43ac9221894c38100e86c325247e2911cde57.jpg,2595466,6204,20:5:15,为什么纳豆奶奶在几个月内从少女变成了奶奶？,30695
80453185,BV1bJ411x7L1,156015,9821,1577181689,2019/12/24,43456,14:55,199344,//i2.hdslb.com/bfs/archive/8156cdb7c46856f1f9cdc84ed54f0e4d444f2670.jpg,1721224,9901,18:1:29,日本之耻，以一己之力推动性侵法修订，她真的胜利了吗？,28081
78947194,BV1fJ411k7P8,52068,6738,1576121189,2019/12/12,14196,09:15,138634,//i1.hdslb.com/bfs/archive/740b23cc9b20660413eaf88a2679b6a8a2ae1c16.jpg,1954776,2727,11:26:29,你没听过的日本奇葩制度？？三人听床也未免太惨了吧.......,22767
78779012,BV1mJ411y79o,139824,32104,1575981239,2019/12/10,29151,04:26,289436,//i0.hdslb.com/bfs/archive/fb18323ca1bde3da67494bc76c7201031bcd8674.jpg,5498507,4829,20:33:59,纳豆奶奶关于日本男公关视频的致歉，对不起，给大家添麻烦了。,28540
78128190,BV1NJ411i733,241921,15885,1575541857,2019/12/5,78516,10:19,365968,//i0.hdslb.com/bfs/archive/1bf6eee879006cbf406b96d580e49936a3d2884e.jpg,5809661,50481,18:30:57,约见日本第一牛郎！夜王罗兰当前，一女子竟面不改色……,12677
76571983,BV1UJ411R7JQ,13336,1731,1574424015,2019/11/22,5690,07:42,62159,//i1.hdslb.com/bfs/archive/8098d043956acc37bcdc2c13daa1c8cb228e3128.jpg,1092241,1561,20:0:15,京都奇遇记！听日本老汉吐槽日式婚姻，相伴三十年的哲学竟然是...,5209
76460872,BV1HJ41127K3,62486,2978,1574332249,2019/11/21,18887,07:48,180091,//i1.hdslb.com/bfs/archive/5b08fb1c58a3ecb21dfa0038c5d8fa1ffed89744.jpg,2998743,5669,18:30:49,日本妹子好单纯？用辣条伪装北京烤鸭骗她，一口下去竟对我口吐芬芳…,14438
75117378,BV16E411v7TW,29999,3214,1573307396,2019/11/9,8305,10:48,85518,//i2.hdslb.com/bfs/archive/a639829229fd264135607dd2af4e9029a91e386b.jpg,1246151,1257,21:49:56,每次想放弃的时候，让我坚持拍视频的理由其实是这个...,20564
74953275,BV1hE411q7GS,41317,2469,1573212903,2019/11/8,11807,06:45,115333,//i1.hdslb.com/bfs/archive/1162f3c10d2581e4c5fafb8f1ee866e3d6125fa4.jpg,1855373,5392,19:35:3,日本妹子憋了三天终于喝到珍珠奶茶，没想到竟这么大....,15049
74447187,BV1HE411b7P1,12929,2119,1572787875,2019/11/3,5055,06:42,70626,//i2.hdslb.com/bfs/archive/29cead507282a38f2267661ffcce039f4d419730.jpg,1401244,1238,21:31:15,日本妹子为什么不网购？令樱花妹不安的奇葩原因竟是....,8450
74056328,BV1VE411876c,16442,2168,1572528570,2019/10/31,8903,09:17,76618,//i1.hdslb.com/bfs/archive/3a9b1eaf00d3e3fbf64f4f5798a319041a4b3feb.jpg,1458699,2255,21:29:30,花1000块钱就为吃一碗生鸡蛋盖饭？40元日本料理VS1000元日本料理......,12390
73734077,BV1LE411h7Kh,175525,7224,1572256725,2019/10/28,57883,08:50,337961,//i0.hdslb.com/bfs/archive/986a37ee0c122c5abc62665cc56671cc8d9b02bc.jpg,6428162,16899,17:58:45,崩溃！骗日本妹子2块一斤的西瓜2000块，故意摔碎让她赔会发生什么...,42913
73376449,BV1YE411178M,21249,2287,1572007255,2019/10/25,12867,10:04,123248,//i0.hdslb.com/bfs/archive/baffdb1d49afcad38cf35761e89b13fd15e07bee.jpg,2251071,2475,20:40:55,全日本最危险动物园？为拍视频女子竟签生死状.....,15850
72014986,BV1PE411r7KN,27504,3604,1571663203,2019/10/21,13450,08:44,111796,//i2.hdslb.com/bfs/archive/7f406b21dd7e70e3ffa83a52f17723bec8f23d3a.jpg,2255702,2793,21:6:43,日本外卖有多慢？花季少女等到的瞬间乐傻了...,23701
71895914,BV1BE41167Ni,21004,2774,1571571503,2019/10/20,8070,09:36,70724,//i2.hdslb.com/bfs/archive/f0b04f8f09187c70b4448d5b2678b2ee05b006d1.jpg,1286738,3825,19:38:23,北海道生猛海鲜生吃一条街！但是千万不要吃这个.......,11785
71628568,BV1mE411r7Hk,25754,2239,1571394488,2019/10/18,9438,07:31,94639,//i2.hdslb.com/bfs/archive/dfa477434be64dcbdee8de72ca855c9475ba202b.jpg,1873324,1855,18:28:8,带日本妹子回国摘西瓜，遇到的草莓竟比西瓜还大？？她惊恐地说…....日本妹子中国行第二话,10115
71407060,BV1hE411C7F6,60995,3394,1571223909,2019/10/16,22660,08:14,170639,//i2.hdslb.com/bfs/archive/62f6549b071e903d6d4816afefe10119eab5b90b.jpg,3334988,3560,19:5:9,3秒送到？日本妹子来中国的第一天就被外卖小哥的速度惊呆了。。。日本妹子中国行第一话,17296
70467009,BV1gJ411c7gp,304028,11103,1570446813,2019/10/7,88866,06:52,445517,//i0.hdslb.com/bfs/archive/84e8fc6d2205a8fea764c10da88c958e3f7b2c81.jpg,7246418,22098,19:13:33,为什么在红灯区工作的日本女生这么多？每二十个中就有一个在…,50727
70046175,BV1UE411S7vn,122967,7396,1570189010,2019/10/4,46124,06:57,292546,//i1.hdslb.com/bfs/archive/b1341dbc0ed66f10c5c6e474fe904c761b455122.jpg,5524536,17891,19:36:50,验证：女生在日本街头被搭讪的几率是100%？一女子大胆尝试竟....,37508
69195551,BV1oJ411T7AE,34129,2941,1569597206,2019/9/27,11849,09:31,93682,//i2.hdslb.com/bfs/archive/42cfe3d94fea610f8a7a49fe6664a3e4e0d8fcbb.jpg,1619339,2833,23:13:26,100块vs1300块日本寿司有什么区别？一女子吃完她说。。。,13512
69021864,BV1VJ411T7kV,19589,4785,1569495650,2019/9/26,7555,08:29,68290,//i1.hdslb.com/bfs/archive/9fa991011357f42458fae629e6cf2abc368b2d75.jpg,1222757,5971,19:0:50,男生勿看！日本妹子天天喝冰水却不痛经？一女子惊讶地发现…,17629
68377612,BV1mJ41137L7,75533,3367,1568973548,2019/9/20,19624,06:37,128841,//i2.hdslb.com/bfs/archive/623c0ce07eb7c73a5461ea23cd9455e3134fee46.jpg,1367052,3249,17:59:8,为什么日本妹子演技这么好？一女子学习后竟说出这种话。。。,17786
67167537,BV1iJ411N715,29690,2849,1568023240,2019/9/9,10409,06:29,84246,//i0.hdslb.com/bfs/archive/e4e6f902e3cb859fa692d9c534d8eedf608ba620.jpg,1416783,1607,18:0:40,为什么日本妹子比较早熟？竟然从小学一年级就开始....,16344
66884931,BV1k4411k7Td,60411,5440,1567851336,2019/9/7,15576,05:22,124353,//i1.hdslb.com/bfs/archive/61cc699eae5411aec9fb7eb83e6311e55bf21656.jpg,1413916,1810,18:15:36,日本人的平均身高比中国人还高？得知真相后我惊呆了...,17251
66612891,BV1U4411C7Ks,154072,6060,1567593853,2019/9/4,46194,05:04,271828,//i1.hdslb.com/bfs/archive/b0fa15d400d2b6716e38bd307a40e8064b8aa53d.jpg,4150409,11675,18:44:13,为什么日本妹子钟爱牛郎？知道原因后女子也想试试了....,48927
66247408,BV1E4411m7yH,39997,4097,1567326651,2019/9/1,16620,03:22,122999,//i2.hdslb.com/bfs/archive/04ab73e90e227c5830b5e4ebcb99513d1521b2ef.jpg,3135159,3390,16:30:51,日本妹子来中国吃到这个东西竟然哭了…她一共说了多少次好吃？？,12673
65171110,BV1m4411r7VX,56231,2827,1566647178,2019/8/24,14799,07:55,115648,//i0.hdslb.com/bfs/archive/a9b90df35628b81768b924f6b0c5a12cf7a352d7.jpg,1169357,3647,19:46:18,在日本人最多的街头横行霸道被制止？cos胖虎去找基基约会？这一天太刺激了……,34583
63996783,BV1t4411Z7e5,37841,2736,1565955834,2019/8/16,11634,09:48,93194,//i2.hdslb.com/bfs/archive/9bd284142e22879160a2a7b9585a6aa40e22ebf6.jpg,1177258,2652,19:43:54,4000块一晚日本温泉旅馆？一女子在深山老林里遇到了这种事....,26042
62760637,BV1Yt411N7kq,95602,5480,1565259003,2019/8/8,29808,05:34,201876,//i2.hdslb.com/bfs/archive/61af26778542380d0f8c5264ec64a1f0e5bd876d.jpg,3546162,5213,18:10:3,19岁日本妹子在网吧住两年，背后的原因竟是...,22641
62010132,BV12t411u7QL,20885,3024,1564822801,2019/8/3,6615,05:20,73602,//i0.hdslb.com/bfs/archive/e32c03c5d6b1ef5b5aaeef1420b4157699451db5.jpg,1165923,1225,17:0:1,日本妹子情人节竟然送这个？知道真相后我...,18138
61315100,BV1ht411A7gi,27744,4097,1564406041,2019/7/29,14481,08:55,95171,//i0.hdslb.com/bfs/archive/f10bbf376ae4e0f3327e5020f2d5cbc3af26d4d7.jpg,1941816,1658,21:14:1,原来在日本穿JK制服竟然有还有这种特殊含义吗？很多人都表示...,27353
59917057,BV1pt411n7y9,118640,7976,1563611444,2019/7/20,29841,05:20,189308,//i1.hdslb.com/bfs/archive/b4321be149e380fcddfcd6ebe57a45c11ce69c46.jpg,2672619,4563,16:30:44,日本妹子会原谅出轨吗？只要不暴露干什么都行？？,27972
59436865,BV1ht411G7xr,183715,10054,1563281798,2019/7/16,67636,04:49,298797,//i0.hdslb.com/bfs/archive/8dec0565ce0bbe6cd7a5cd936aab079e849cc21a.jpg,5958476,6529,20:56:38,日本妹子真的很开放吗？竟然从高中开始就…,75506
58999505,BV1Ft411V7cs,157840,5539,1563012007,2019/7/13,60309,06:34,226835,//i2.hdslb.com/bfs/archive/73e6b60cc26ac32b89be583881360d50d629f3cf.jpg,3370058,25113,18:0:7,日本妹子是这么撩汉的！对中国男子真的管用吗？结局真的想不到...,73336
58501984,BV1Cx411Z7eu,67525,3690,1562677086,2019/7/9,21572,05:53,156807,//i2.hdslb.com/bfs/archive/3ed2705ec5aa5816114b94bb71053f4d9a42acb0.jpg,2996673,1489,20:58:6,日本大学校花居然是中国妹子？中日女生颜值差距竟这么大…看完对自己的脸有了新的认识,41693
58074555,BV1R4411c711,207299,8617,1562402442,2019/7/6,75088,06:33,276807,//i0.hdslb.com/bfs/archive/1f95ee0cce3f5d92b5ee8640bf12a862343e584f.jpg,7153933,6164,16:40:42,实测在日本穿短裙一定会被偷拍？一女子在偷拍高发地竟遇到这种事......,40273
57261695,BV1Ax411R7KP,11104,2053,1561817476,2019/6/29,4526,05:14,48285,//i0.hdslb.com/bfs/archive/5cad39049db456a9bf69aaf30122daa02931643e.jpg,1041237,703,22:11:16,为啥日本妹子要说“我开动了”？仪式感也太强了吧....,7158
57013530,BV1Ex411d7rk,31551,3045,1561629176,2019/6/27,9375,05:25,62590,//i0.hdslb.com/bfs/archive/e22a9b9f9105867f3d2d2f5b2f340718906a1b12.jpg,1001776,1547,17:52:56,为什么日本妹子爱脱毛？一女子在线脱毛竟发生这种事....,16194
56454898,BV1Y4411u7sD,55581,4069,1561201490,2019/6/22,16244,05:27,102152,//i0.hdslb.com/bfs/archive/2a68892b8abc1f2a91b3fec7ac058214dbb8be50.jpg,1472525,2025,19:4:50,为什么日本这么多杀马特？原来我们都错怪葬爱家族了。。。,16617
55907198,BV1E4411G7o6,16102,3286,1560773947,2019/6/17,12033,07:02,55055,//i2.hdslb.com/bfs/archive/ccc02e8329fdcc061c0207314d3cc96102065326.jpg,1293584,1426,20:19:7,为什么日本妹子不戴眼镜??背后原因竟是这个....,16759
55777004,BV1J441157x7,13198,2207,1560674246,2019/6/16,8793,08:57,43799,//i2.hdslb.com/bfs/archive/f59fc27dde07adbf575daaab938e99c6250b2247.jpg,1170924,879,16:37:26,百万粉丝博主的妈妈竟逼女儿下跪？原因竟是…...,10249
55600988,BV1L4411V7xx,6161,2703,1560529891,2019/6/15,3592,07:05,33832,//i1.hdslb.com/bfs/archive/47acc7d709d3a9e8a33d835075f1a0ffe5892a5a.jpg,1151459,1488,0:31:31,在日本大摇大摆购买羞羞东西。。。是种怎么样的体验？,9449
55378524,BV154411P7N2,8582,2088,1560340141,2019/6/12,3520,05:47,35130,//i0.hdslb.com/bfs/archive/08153f168d2386717faece9f78515dbeabbee9fc.jpg,868191,722,19:49:1,日本妈妈是这么带娃的？知道真相后我惊呆了。。。,6176
55069334,BV1u4411N7w2,80694,5079,1560072205,2019/6/9,25967,05:39,141450,//i0.hdslb.com/bfs/archive/94eb768b052d3e35385e5362e670bf42b9f91b26.jpg,2154151,4132,17:23:25,为什么日本妹子都有刘海？90%的人看完这个视频去照镜子了....,22103
54808553,BV1b4411K7Cm,73132,3630,1559903135,2019/6/7,27973,10:00,97553,//i0.hdslb.com/bfs/archive/16baf4911735f1013e1014dd161737b82e903743.jpg,1062034,4440,18:25:35,日本留学要花多少钱？学费四百万？up主来日本的血泪史……,9239
53968881,BV164411W7oF,12520,2749,1559126402,2019/5/29,3749,05:45,39651,//i0.hdslb.com/bfs/archive/53ddafad2c92b2f461e304410e30a38cf59b078a.jpg,874633,598,18:40:2,日本竟然有人收集这个？为什么日本有那么多收集控？一女子为了收集竟然做出这种事？,5297
52739355,BV1Y4411777h,27425,3451,1558095943,2019/5/17,9132,13:18,57149,//i2.hdslb.com/bfs/archive/60b96647cbd428849059989c448945159940c9b1.jpg,991706,1148,20:25:43,up主亲测！久居日本之后回国狂吃一周能胖多少斤？？,17464
51608564,BV124411i7vL,44237,2766,1557136859,2019/5/6,12633,06:00,73667,//i2.hdslb.com/bfs/archive/7b803e57c6ed1669e06f3866235c794c00124578.jpg,1111309,2054,18:0:59,为什么日本妹子这么白？一女子来日本竟然白了这么多。。背后的原因究竟是？？,12233
51155053,BV1v4411x7LF,62508,3516,1556784163,2019/5/2,14826,05:52,80758,//i0.hdslb.com/bfs/archive/d87fe0734f29418fef5a93ad6d24c508a7bd17a2.jpg,815895,1081,16:2:43,在日本捡垃圾是什么体验？一女子这么做背后的原因竟然是……,5980
50955550,BV154411t7VA,10007,2045,1556630362,2019/4/30,4929,05:38,38558,//i2.hdslb.com/bfs/archive/96e8dc937983a0197b6d4fc8af654a06b0875b6b.jpg,831932,983,21:19:22,150万日元一年上声优学校就能做声优吗？一女子爱上声优后的生活竟发生了这样的变化...,6103
50527013,BV154411h73Z,27048,4018,1556270470,2019/4/26,9114,06:48,58045,//i2.hdslb.com/bfs/archive/7cec6299ea0aa0594c80331e524e6cd4d853a0ca.jpg,1044029,1064,17:21:10,日本少女的噩梦？高中生妹子不会做的5件事！把笛子放在课桌里竟会发生这么恐怖的事。。。,26888
50353484,BV1H441187go,64509,5593,1556111452,2019/4/24,18242,05:23,97683,//i2.hdslb.com/bfs/archive/69e1fe4ebf254e109c69411a1bd380311d8fae37.jpg,1480339,3187,21:10:52,为什么日本妹子不谈恋爱?竟超过一半单身！up知道真相后竟然。。。,8944
50165471,BV1Ub41137yQ,25899,2213,1555938050,2019/4/22,8968,10:54,48606,//i0.hdslb.com/bfs/archive/1906a645758b89b9aae7c63cbdf10c5b41aa45cf.jpg,962727,2546,21:0:50,1000元烤肉Vs60元烤肉！体验日本超高级和牛一口下去72块就没了。。。,11171
50048101,BV1Ab41157Jn,9407,2403,1555839051,2019/4/21,3716,05:18,32453,//i0.hdslb.com/bfs/archive/16f78dd5a865d7d4a8293897424458c29cae0784.jpg,749882,1127,17:30:51,日本单身狗平时都在干什么？不谈恋爱却需要这个？？,6652
49184595,BV12b411K7wj,42228,2565,1555146948,2019/4/13,16053,05:02,69631,//i0.hdslb.com/bfs/archive/62f7d4ba07286ab20d3248fcb8666523654f2e22.jpg,1081438,1444,17:15:48,为什么日本妹子给人第一印象超好？日本人教我的自我提升术！up尝试后效果竟然这么好。。。,6828
48473798,BV1pb411373L,162887,10605,1554536915,2019/4/6,45768,05:50,213394,//i0.hdslb.com/bfs/archive/c0eff150f8ba32fefdb14cf8de4e39a0a4982640.jpg,3327546,6427,15:48:35,和日本妹子结婚要花多少钱？日本的收入情况up听到后惊呆了。。。,18190
48056668,BV18b411p7uf,93089,5109,1554201622,2019/4/2,21121,06:55,105995,//i1.hdslb.com/bfs/archive/c02c815fbcbf277b676e4bff5dc6fae865594b58.jpg,1132546,4658,18:40:22,为什么日本水果这么贵！8个草莓要4000日元？女子尝试后竟然。。,9228
47418788,BV14b411t7G6,110570,3415,1553601318,2019/3/26,47946,03:50,115593,//i1.hdslb.com/bfs/archive/9098103817db3d7d1769cb59430da51d5bf19de2.jpg,1270038,7711,19:55:18,和日本妹子中日双语合唱生僻字！日语真的好软呀！愿友谊长存~,5609
47122122,BV1Xb41177Bt,281837,5310,1553347842,2019/3/23,87455,05:39,276692,//i2.hdslb.com/bfs/archive/6304427593c381ce527fb97359e06878f56fe3cf.jpg,2690345,4250,21:30:42,中国姑娘和日本妹子在日本东京街头做了一件从没人做过的事......,15897
46778232,BV1Bb411E7vy,11304,2600,1553014124,2019/3/20,5957,05:50,31635,//i1.hdslb.com/bfs/archive/4edac9add90afb1c8dd7653420421dffc26d74f6.jpg,906525,1329,0:48:44,每天吃这么高热量的社畜便当！日本妹子还能躺着就瘦？？？,4123
46628338,BV1ab411n7vf,92044,14789,1552907141,2019/3/18,30733,07:31,132467,//i2.hdslb.com/bfs/archive/3abb83a76fcb007b5a43d930062c35b0bcd2b0cd.jpg,1375240,6155,19:5:41,up亲身经历讲述日本校园霸凌！日本如何应对霸凌？旁观者该如何抉择.....,11658
46178234,BV1Nb411H7sR,145833,6042,1552477942,2019/3/13,35876,04:54,170565,//i2.hdslb.com/bfs/archive/dd1ffaf92fc1b1b4b28bb6e118cee25ad7ef5a08.jpg,1704753,4072,19:52:22,素颜出门竟然被打？为什么在日本妹子必须化妆？男孩女孩都应该看看这个视频！最后感动哭了......,10997
45682370,BV16b411v7KD,26831,1862,1552041735,2019/3/8,9526,05:57,54411,//i2.hdslb.com/bfs/archive/337291127a4d96355a3a84f34895afcd676932fa.jpg,1068910,1646,18:42:15,日本妹子大晚上不回家去哪儿？男生禁入！粉色胶囊旅馆探秘！背后竟隐藏这种原因....,5527
45239182,BV1ib411B7ZD,87011,3805,1551601459,2019/3/3,23773,05:20,122914,//i1.hdslb.com/bfs/archive/d0a4fe89510811187cf54413e85be4c7ac42bbb7.jpg,1679135,3076,16:24:19,为什么日本高中生的裙子这么短？初尝JK制服up主竟然说出这种话....,7954
44736276,BV1Ub41187fc,41335,3663,1551166545,2019/2/26,11322,05:15,68834,//i2.hdslb.com/bfs/archive/7badfa4eb62bb9797d0d332efcd8b5c9bcb4dfbb.jpg,1224722,2657,15:35:45,日本妹子20岁还跟爸妈一起洗澡？亲子同浴文化你了解吗？？,5798
44296646,BV12b411Y717,25680,1726,1550753771,2019/2/21,6940,05:14,47102,//i1.hdslb.com/bfs/archive/0442d33f50ca9749e2f65f222c71cdf2689940d7.jpg,789321,2249,20:56:11,日本便利店竟然能随便买到那个？？一纯洁女子冒死尝试竟....,3557
43982594,BV11b41117RT,54856,5159,1550490027,2019/2/18,15281,05:35,84671,//i2.hdslb.com/bfs/archive/fd6644447c7f7e636bbc2fa9c34e282014962ad3.jpg,1303801,3055,19:40:27,为什么日本妹子宁愿在厕所吃饭也不一个人吃？？背后竟隐藏令人如此心酸的原因.......,10479
43554293,BV1jb41127aY,65488,6120,1550146119,2019/2/14,20459,06:23,90458,//i1.hdslb.com/bfs/archive/456847b7a5cacc57fe0e7ac865b116c27084435a.jpg,1287894,10325,20:8:39,男生禁看！日本妹子来姨妈喝冰水但我们却不能？一女子为要挟男友竟做出这种事...,11362
43240232,BV1Qb411S7zL,264429,7578,1549886791,2019/2/11,73934,04:44,257149,//i1.hdslb.com/bfs/archive/2cb2440a63b62223c2eabed00e8b1b2fce32c7b1.jpg,2386967,19513,20:6:31,日本妹子太在意别人？吃下这么难吃的东西竟说出这种话.....,20815
43066390,BV1ub411S7ER,59060,2300,1549719861,2019/2/9,14462,04:03,72453,//i1.hdslb.com/bfs/archive/69819d71e9197269d83b79c490f5209673fb8a1b.jpg,789645,2187,21:44:21,为什么日本妹子罗圈腿多？竟和我们祖先有这么大的关系？一女子图刺激竟....,3766
42806782,BV1yb411z7LA,230707,4803,1549454542,2019/2/6,47211,04:09,247678,//i2.hdslb.com/bfs/archive/c97a1f872df554fe4d4c960a39e5d0f32adb642e.jpg,2478326,10218,20:2:22,为什么日本妹子大冬天光腿？不怕冷是真的吗？一女子作死尝试竟然...,13166
42064376,BV1Sb411C7fk,218728,5744,1548767613,2019/1/29,70615,05:54,224186,//i0.hdslb.com/bfs/archive/9cfe13f74cc70b19ad9a68538644b6d501f12b69.jpg,2418035,33442,21:13:33,为什么日本妹子的胸这么大？男生女生都应该看看这个视频,23046
41491192,BV1Gt411b7ga,304189,4291,1548241993,2019/1/23,211533,02:35,313738,//i0.hdslb.com/bfs/archive/7192c8b26325f4bad6a30fd627f39d9e74ef92b1.jpg,4496878,71136,19:13:13,【魔性日语版】改革春风吹满地！一唱日语就立马开车了呢果然,11617
40892710,BV1jt411p7mD,55493,3294,1547638876,2019/1/16,14869,03:55,88298,//i0.hdslb.com/bfs/archive/d868bce1194aeecdedeb8f50b4ef90b3e6c88022.jpg,1480398,6229,19:41:16,为什么日本妹子牙齿不太好看？背后竟隐藏这样的秘密...,10332
40409086,BV16t411p7K2,123735,5715,1547127310,2019/1/10,37376,03:58,171915,//i1.hdslb.com/bfs/archive/2a3d9b6322dd237a1f023e7d1ee06d854411b7a4.jpg,2563785,7483,21:35:10,揭秘！为什么日本妹子特别瘦？！来日本我竟然瘦了这么多？,11958
38043908,BV1yt411v7xk,70075,13682,1544701249,2018/12/13,34108,04:45,70184,//i2.hdslb.com/bfs/archive/7a14597875e8217baac88f747109327ee5d80cad.jpg,815906,9800,19:40:49,我们为什么要选择自杀？致跟我有相同遭遇的你们,11131
37335302,BV1Rt411D71x,24621,1097,1543829684,2018/12/3,4324,04:21,31162,//i1.hdslb.com/bfs/archive/d688ffd7f80a3c9fc9d4c48233439b89d6f3d44e.jpg,385804,933,17:34:44,偷拍！冒死潜入日本酒店打工，得知惊人内幕！擦马桶和餐具用的是同一条毛巾？,1570
36628231,BV1xt411y7Hm,20951,806,1543035040,2018/11/24,4233,02:41,31082,//i1.hdslb.com/bfs/archive/a2e6f3b3b7e9db0ab13b26e82a4be2782db6f95c.jpg,387387,637,12:50:40,中国女孩用意大利语回怼杜嘉班纳：因无知而生的嘲笑真的非常不高级。,695
35771641,BV1Kt411U7uZ,14930,3920,1541939715,2018/11/11,4880,05:16,34570,//i2.hdslb.com/bfs/archive/184c866298615620e8b8a31a2c652331b9150825.jpg,947104,1415,20:35:15,我在日本挨欺负？？带你看看日本的阴暗面！聊聊令人震惊的日本耻感文化,5503
35266929,BV1Ub411w76r,12344,469,1541331029,2018/11/4,3400,07:15,26427,//i0.hdslb.com/bfs/archive/c3d1174c52240d4e78fb31b68965a87e11e27cd2.jpg,428415,1142,19:30:29,中国锦鲤在日本街头遭疯抢！竟然还被日本小姐姐...骑？？,3371
34319820,BV1dt411o753,14797,1221,1540126541,2018/10/21,6514,08:48,31039,//i2.hdslb.com/bfs/archive/b5fb57df96712f15f0e5caea2bb9b1530df3ea00.jpg,918202,1477,20:55:41,去日本网红妹子月租17万日元的家做客？！身材也太好了吧！！,5154
34101086,BV1zt411d71H,25222,4723,1539867215,2018/10/18,9252,07:50,39054,//i1.hdslb.com/bfs/archive/cd57acf58c1a27408cf0272b73fcae2c8a1c0dd6.jpg,869824,3932,20:53:35,实测日本小学生考卷究竟有多难？？中日美三国小学生考卷对比！我的三观炸了。。,9938
33762239,BV14b411F7Sb,7990,1076,1539429148,2018/10/13,2143,04:46,16373,//i1.hdslb.com/bfs/archive/a01cf81546f78fe08c26d270c4e33f98da6b3df5.jpg,440320,1867,19:12:28,日本洗剪吹vs中国洗剪吹！！顺便吐槽下我之间剪头被坑的经历,2052
32582671,BV1dW411U7BE,6758,1938,1538048839,2018/9/27,6065,06:40,25493,//i1.hdslb.com/bfs/archive/373060bd990c914d9789dbf108878b5ef679351c.jpg,895524,2828,19:47:19,第一次跟日本男生约会他竟然要跟我AA？！！日本男人真的传说中那么抠门吗？,8843
32418281,BV1wW41167ks,9099,2157,1537798905,2018/9/24,6239,06:56,24533,//i0.hdslb.com/bfs/archive/e037fb97004d401178314d1175c2fa202c9ac34e.jpg,872571,2380,22:21:45,我竟然用一杯奶茶就约到了日本小学生（妹子？最骚的是那句我们一起圆滚滚吧hh,6876
30129526,BV1bW411X7to,4803,518,1535028047,2018/8/23,2827,05:05,11122,//i0.hdslb.com/bfs/archive/898df9e4d8cd1e0b1f402214cadc3aa646d4a65c.jpg,316261,1522,20:40:47,一个单词就能在日本药妆店横行霸道？！日本药妆怎么买？看这个视频就对了！,2242
29860972,BV1UW41197CT,5506,409,1534763204,2018/8/20,3508,04:50,9815,//i0.hdslb.com/bfs/archive/9c726ca21e9df17ebd75df4c900d12482e2b6577.jpg,209369,847,19:6:44,三分钟零基础教你学会日本地名！日本旅行大胶布！横行霸道日本只需要三分钟,840
28939449,BV19s411M7kM,9114,2414,1533819099,2018/8/9,2296,03:07,17642,//i0.hdslb.com/bfs/archive/67a9a40573eb0c28885ca5a9a5697c4be8d6fbc1.jpg,556657,805,20:51:39,为什么男生都喜欢日本妹子？,1926
27639501,BV19s411P7Xs,6976,434,1532520014,2018/7/25,1399,03:44,13276,//i1.hdslb.com/bfs/archive/e35c0e91ea1b2cfec18971e5afbcec3a3fac6379.jpg,327589,445,20:0:14,冒死送日本妹子礼物竟然是这个结局？！各国送礼对比你踩雷了吗,1110
27172941,BV16s411E7GE,6867,608,1531924285,2018/7/18,1616,03:47,11941,//i1.hdslb.com/bfs/archive/df304c8968dfdc33a6bfe15741759d2d28aaa657.jpg,335450,863,22:31:25,雷剧日配!日语配音真的能拯救尴尬台词吗？？,2569
26710236,BV16s411H7ji,7374,395,1531398783,2018/7/12,1531,05:34,10518,//i1.hdslb.com/bfs/archive/338672cf22e18f3d07eb39b17fda4784b5c264ba.jpg,206349,807,20:33:3,各国人看世界杯的反应！豆奶不小心又说了七国语言hhh,1354
25278802,BV1Fs41177bu,3491,1769,1529502389,2018/6/20,1420,05:02,9887,//i0.hdslb.com/bfs/archive/d3106a504f74b8b000b3bd7c52dbab3932556d5b.jpg,281935,756,21:46:29,深夜尾行日本小姐姐，一转身竟是女装大佬？？,1551
24957674,BV1zW411F7WX,1560,1075,1529070989,2018/6/15,1049,03:15,6391,//i0.hdslb.com/bfs/archive/fd0a4432b4bf71610c7d64c5851a28c7efe6b3fe.jpg,328388,395,21:56:29,【豆奶】中日追星对比，女友饭VS亲妈粉，谁的战斗力更强？,6879
21692800,BV1jW411M7J8,11467,837,1522937144,2018/4/5,2706,07:28,12615,//i0.hdslb.com/bfs/archive/7788091c2f1aa637ceda25059267bff12cf548dd.jpg,194308,1030,22:5:44,【豆奶】零基础日语三分钟教会你在日本餐厅霸道点菜！横行霸道如此轻松,2229
21496053,BV1LW411T7mh,3318,447,1522555102,2018/4/1,1250,04:58,6593,//i1.hdslb.com/bfs/archive/e382f6309edaf130fb1027ffb75406db852370fc.jpg,225470,410,11:58:22,日本最美樱花圣地！一期一会目黑川夜樱巡礼vlog#樱花樱花想见你#【豆奶】,1850
21358809,BV1AW411u7XS,4755,424,1522317617,2018/3/29,1200,03:08,6512,//i2.hdslb.com/bfs/archive/b99f4e44d0710b39ac4ce7ba060a3bbbd003e370.jpg,185932,985,18:0:17,十五种人的拍照姿势，比直男照相更可怕是披着丝巾的大妈,1348
21129271,BV1eW411g7qY,5738,422,1521810320,2018/3/23,4881,06:09,6573,//i1.hdslb.com/bfs/archive/75e99fa7ffdc5e7f16db22c9e2fd8afa145b6f9f.jpg,178939,903,21:5:20,去日本旅游一定要掌握的几句话！看完畅游霓虹国！,1349
20846024,BV1CW411p7dL,11331,906,1521208214,2018/3/16,2529,07:00,11418,//i0.hdslb.com/bfs/archive/44270c657748b1b013417db9e15b42d10be51f20.jpg,326395,1241,21:50:14,四国语言逆天模仿！看中美日韩家长们如何花式教育“熊”孩子,3169
20481822,BV1YW411W7qH,34056,1031,1520424004,2018/3/7,7358,04:45,23976,//i1.hdslb.com/bfs/archive/5f349a622418bdf5e91500bb04ea7f63c886269e.png,391607,4909,20:0:4,五国电视剧经典套路指南，看完再也没办法好好追剧了,3702
19995721,BV1sW41147eZ,4401,478,1519471812,2018/2/24,1669,06:34,4842,//i2.hdslb.com/bfs/archive/f4899260e85c4be94ab82397859cc8775ded7b8d.jpg,133660,720,19:30:12,横行霸道日本语，零基础三分钟教你看懂日本化妆品,1379
19868852,BV1kW41177L2,2239,391,1519222350,2018/2/21,518,01:45,4177,//i1.hdslb.com/bfs/archive/8d5ac4ed3c12b0275ceee8a11aa6847f0c0cef2b.jpg,172771,222,22:12:30,当你和妈妈待了一个假期之后。。,516
19703251,BV1XW411j7G9,15907,544,1518871226,2018/2/17,2389,04:58,13361,//i2.hdslb.com/bfs/archive/ee573440ce0f811d3839c06cda3381002b87f7c9.jpg,309985,985,20:40:26,当一群日本人里混入了一个中国留学生，他们是如何相爱相杀的？,2021
19681034,BV1eW411j723,4778,1102,1518794240,2018/2/16,938,08:23,6573,//i2.hdslb.com/bfs/archive/055c579c6a417b9438195c653cf86b01dbdf5ec3.jpg,190569,467,23:17:20,如果被逼婚的对象是李泽言，你嫁吗？,2726
19279504,BV1AW411n728,14323,1245,1518016191,2018/2/7,5345,07:51,16020,//i0.hdslb.com/bfs/archive/2d97eafe91dd6fe9a61272ac0bb0138465c4707d.jpg,218660,1634,23:9:51,收集了一些负能量的留学生活，关于歧视，冷漠和欺骗…现实生活当然还是美好多一些～,1266
19144281,BV1HW411J7iZ,5502,907,1517758144,2018/2/4,1966,04:57,7337,//i0.hdslb.com/bfs/archive/7e4d87558137756ab13c7aefcce1e1d8653adc3f.jpg,156027,287,23:29:4,高强度无假期连续工作100天是一种什么样的感受？,977
18825455,BV1kW411e7Zr,5169,679,1517135836,2018/1/28,1307,05:58,5083,//i1.hdslb.com/bfs/archive/dd42957cb17f0513c9453705462243b4f4bb6b99.jpg,211868,942,18:37:16,自从养了小青蛙，每天都是王大妈,1144
18461009,BV1kW411v771,9350,848,1516297288,2018/1/19,1185,05:07,7760,//i2.hdslb.com/bfs/archive/0722acd3450d0dbd3d5f05b0de4c703e164f6733.jpg,171081,349,1:41:28,中国游客没素质？？这个黑锅我们究竟还要背多久？,1239
18196181,BV1cW411q7yb,11855,589,1515661969,2018/1/11,3715,05:05,10358,//i2.hdslb.com/bfs/archive/89ddb53d61234e76703427480cd80517f5987f73.jpg,222535,2823,17:12:49,九国口音模仿各国渣男搭讪，一个视频看穿全世界野男人的套路,1575
17998841,BV1kW411B7aY,10209,657,1515160951,2018/1/5,1351,07:19,6449,//i1.hdslb.com/bfs/archive/baffa538036722f40fb7d29e47e698e08f30955e.jpg,111894,381,22:2:31,不就是留个学吗？你牛什么牛？,1197
17453228,BV1HW41187oH,10218,962,1513775682,2017/12/20,1293,05:26,7220,//i2.hdslb.com/bfs/archive/170c80711390bbb6237d67d2bc97b5ae698a4cd8.jpg,173473,476,21:14:42,日本人真的比中国人懂礼貌？ ？看完这个视频给你答案,999
17170389,BV1eW411h7DS,3967,494,1512993739,2017/12/11,903,09:01,4838,//i2.hdslb.com/bfs/archive/f769340a8773fc2dcfcf5012f9a88cb5e266c8f0.jpg,191176,333,20:2:19,中国人爆买日本遭歧视，社会大妈反手就是一个98k疯狂扫射！ 中国店员Vs日本店员第二弹,1864
17006503,BV1xW411Y7wn,4979,538,1512570685,2017/12/6,1066,08:39,6754,//i2.hdslb.com/bfs/archive/f403498138bd4451b13171c815df899545f7bd34.jpg,202198,370,22:31:25,中国职场vs日本职场，上班烦，上班难，上班就想出去玩,1474
16789379,BV1bW411a7Vm,5364,1969,1511975267,2017/11/30,2145,04:49,5642,//i0.hdslb.com/bfs/archive/0770b11994e5aabd3e599e3e825e7f9cea604dda.jpg,135834,872,1:7:47,追星是一种怎样的体验？ 生来本弱，追星则刚,10278
15663856,BV1ux411u7fN,10238,829,1508759438,2017/10/23,2766,03:18,10596,//i1.hdslb.com/bfs/archive/398111159cc292936aed8453ec95c46542f12618.jpg,405650,1034,19:50:38,中国电视剧VS日本电视剧，吐血苦情戏对打八级台风中的日剧跑，是套路太多还是太作？,2874
14193586,BV1Ux411x7q2,6731,984,1504604098,2017/9/5,2839,10:24,6008,//i1.hdslb.com/bfs/archive/7135eba481157f7e3f847884a459ac07bcb79f23.jpg,395561,992,17:34:58,日本店员vs中国店员，谁才是销售のQueen？？,4779
13757389,BV11x411b76Y,10333,1130,1503581704,2017/8/24,2011,09:16,5464,//i0.hdslb.com/bfs/archive/f03d260db107345816ce32aa0fd3db70985c5063.jpg,272296,1167,21:35:4,中国小学生vs日本小学生，你还记得当年做广播体操旁边站着谁吗？,10142
13296010,BV1Ax411H7PB,12433,3607,1502570975,2017/8/13,1391,04:20,4736,//i2.hdslb.com/bfs/archive/50655cd103195ede20d9a0047846279880700a6a.jpg,229478,355,4:49:35,会有歪果仁为四川地震捐款吗？？日本正太萌化我(>_<),1813
13090589,BV1Ux411p7Dj,12086,1126,1502154021,2017/8/8,3695,09:32,8414,//i1.hdslb.com/bfs/archive/9f277996f12e1c08a43bcae22774654dd46295c8.jpg,530493,2487,9:0:21,中国大妈Vs日本大妈，斗舞哪家强？？,7668
12850937,BV1ix411H7kn,8472,1210,1501624415,2017/8/2,2848,09:19,4652,//i2.hdslb.com/bfs/archive/1fc43d25782138ecea5390c998553adcc34b4088.jpg,323227,565,5:53:35,真人示范教你如何追日本妹子，俺就是要成为交际之王的男人！,4143
12434722,BV1vx411i7Fk,12125,3967,1500637013,2017/7/21,5172,10:14,16455,//i2.hdslb.com/bfs/archive/c701f08facc8f4d9336d6286c6b2da7fc5c8fe07.jpg,859885,1484,19:36:53,日本高中生vs中国高中生，你中枪了没？附：关于校园霸凌想说的话,9622
12011876,BV1qx411z7DH,23539,1179,1499520882,2017/7/8,4538,10:53,14591,//i0.hdslb.com/bfs/archive/8dccf7d96d347bdf66662a71d09671140e6c022d.jpg,569405,1725,21:34:42,中国网红Vs日本网红，你眼熟几个？ 特别鸣谢肘子君和大葱酱--,14831
11461547,BV14x411h7CP,79455,5652,1497881540,2017/6/19,18561,07:06,44280,//i0.hdslb.com/bfs/archive/da61048a0049e4cec0dac0f3bc5f00427ed3cd00.jpg,2367003,2906,22:12:20,当董小姐在日本东京街头响起，路人们会有什么样的反应？,18521
11318794,BV1Xx41187bR,11391,2281,1497423278,2017/6/14,3909,11:00,10616,//i2.hdslb.com/bfs/archive/fd09f3dc9077890c1c95cf503112dae05a56b081.jpg,576036,2783,14:54:38,日本男朋友vs中国男朋友，你钟意哪个？,8476
10925655,BV15x411e77w,22017,4801,1496070877,2017/5/29,7181,08:31,24490,//i0.hdslb.com/bfs/archive/ab7d47ccb6de90fbfb3eb100395b547a8a2c8758.jpg,1036724,4972,23:14:37,日本女朋友VS中国女朋友，你喜欢哪一个？,9230
10691903,BV1Cx411v7rG,24042,9047,1495278958,2017/5/20,8818,09:08,15913,//i1.hdslb.com/bfs/archive/d965e0f4cfbc968a250fc1c1d9efbd39db576215.jpg,1025210,1984,19:15:58,中国妹子在日本街头穿汉服，竟被99%的人误认为是和服！,10964
10532550,BV1Rx411e7Gf,4622,235,1494677156,2017/5/13,1233,20:39,3460,//i2.hdslb.com/bfs/archive/01eaaf77fae7f134f751b7de22e0f47431e588e3.jpg,132360,327,20:5:56,五块钱竟然在日本买到这么多好东西？我的人生都要被大创改变了！,2520
10359613,BV1tx411m72r,2272,555,1494074749,2017/5/6,1773,09:45,3803,//i0.hdslb.com/bfs/archive/cc543d9afeeaa56cdbbc858b1b2bdc72680e7448.jpg,223344,1129,20:45:49,简单三步改造平胸妹，事业线这种东西谁没有啊？？,3180
9939384,BV16x411D7jL,2526,316,1492543791,2017/4/19,2274,12:45,2473,//i2.hdslb.com/bfs/archive/8121c70c78692fc540b2d324fb41f23b76c83890.jpg,130354,714,3:29:51,【变脸教程】五个独门秘诀，让手残er的脸瞬间缩小50%！,2042
9818967,BV1Rx411S7FM,1700,551,1492096837,2017/4/13,1460,06:56,2191,//i0.hdslb.com/bfs/archive/01f996ad95de2c84a1ea1c2e9aaa9cb0b20b3041.jpg,190544,190,23:20:37,时尚弄潮儿！怎么才能把渔网袜穿的好看又不表？！（附手撕裤子教程）,1470
9648737,BV1Qx411Q72Y,3332,667,1491465239,2017/4/6,6164,11:35,3627,//i1.hdslb.com/bfs/archive/eed9c12b2251ea4166950b739594d3edbb140caa.jpg,360791,660,15:53:59,【发型教程】大脸必须知道的发型，手残福音，拯救方脸！,2524
9011835,BV15x411C7oE,7572,2018,1488815029,2017/3/6,2089,09:00,5275,//i0.hdslb.com/bfs/archive/42154eddfcdb63fa0ac0132425558a844e087448.jpg,313237,1451,23:43:49,【自己打耳洞教程】估计看完这个视频也没人敢自己打了。。。,3923
7972646,BV1xs411h7cL,858,416,1484213820,2017/1/12,522,03:38,2458,//i1.hdslb.com/bfs/archive/edac3401847b09956d8304fb07b844c1506afffa.jpg,215971,232,17:37:0,活死人拉面！蓝色食物究竟有多恶心？,1434
5137862,BV1as411v74V,2934,520,1467198416,2016/6/29,781,04:06,5939,//i1.hdslb.com/bfs/archive/606acdae5e84ec97e4772a7c4c447686142b861d.jpg,234614,124,19:6:56,狂搅纳豆四千次 你以为。。。,1532
4052652,BV1ts411Q7k7,1756,1552,1457505191,2016/3/9,830,02:34,8475,//i0.hdslb.com/bfs/archive/e6cc83400c803a765fd9fdc3673ff9078e46923f.jpg,292355,101,14:33:11,卡乐比麦片里究竟有多少水果 无聊girl的实验,3176
