﻿aid,bvid,coin,comment,created,date,favorite,length,like,pic,play,share,time,title,video_review
796122797,BV1FC4y1Y7sK,21235,2906,1592044257,2020/6/13,5024,12:02,55163,//i1.hdslb.com/bfs/archive/ae284222c7be95a2e1896efa802e86826245e19a.jpg,403898,815,18:30:57,当女团究竟有多难，我现在明白了！,16192
668297684,BV16a4y1e7fD,2544,868,1590834304,2020/5/30,1125,09:23,24753,//i0.hdslb.com/bfs/archive/bf3542a84f61c1e384caf0f2e41a2ddf404987b4.jpg,215875,394,18:25:4,和表哥玩恐怖游戏，没想到他们叫的比我还大声....,4021
328349244,BV1CA411q7pX,9234,2163,1590143411,2020/5/22,2481,09:06,43131,//i1.hdslb.com/bfs/archive/770013af0b604d82d3e03388391d50a6111fbe3b.jpg,284936,1250,18:30:11,高冷帅气异国王子了解一下？,7686
710660560,BV1cQ4y1K7gX,10669,813,1590042270,2020/5/21,4262,15:49,38594,//i0.hdslb.com/bfs/archive/d0aa38241e7db8e0c8185105d47cbf79ea3d8db8.jpg,513127,976,14:24:30,国民舅舅王耀庆“强迫”拉宏桑斗舞！【UP！大明星】,11768
883226251,BV1TK4y1t72C,7922,1738,1589972711,2020/5/20,3624,08:29,55085,//i0.hdslb.com/bfs/archive/bcedbc9785eb09c3577b214a40394a974733d51c.jpg,492062,3038,19:5:11,【虚拟男友体验】本想套路小哥哥，结果反被套路？？祖安男友了解一下？,17563
200635629,BV1sz411q7x1,10481,1109,1589528227,2020/5/15,3855,06:07,36337,//i2.hdslb.com/bfs/archive/e5834bebb579e609f765ec719a4fdda3559e2e63.jpg,224170,593,15:37:7,假如杠精和键盘侠来到了现实生活会发生什么?,2866
498086553,BV1jK411W7SC,64313,6371,1589019616,2020/5/9,23381,10:41,185096,//i2.hdslb.com/bfs/archive/a6651d7a4cd24db8d7840ee4dfcee59f7344677d.jpg,1380270,18279,18:20:16,亲戚让我带孩子，我却偷偷把他儿子化成了女装大佬.....,32647
455521249,BV1n541147wK,10513,2157,1588415821,2020/5/2,3244,11:15,47252,//i1.hdslb.com/bfs/archive/f559d01bb5f1da74c906c0279cbe83d7cb38bee8.jpg,375158,905,18:37:1,体重115斤+少女显瘦穿搭（梨形身材的妹纸可以看看哦）,15386
795462695,BV15C4y1W7Y1,3909,1397,1587742351,2020/4/24,1422,05:30,30547,//i0.hdslb.com/bfs/archive/bdff405e1016142b1cb03a9c2fac1018ff2b9d5e.jpg,240914,259,23:32:31,当鞋子和衣服会说话时.......,2220
412893305,BV1mV411R7VY,9584,12305,1587636371,2020/4/23,4437,07:42,57696,//i2.hdslb.com/bfs/archive/fbf7256f85d73340d5b475be69b3b59208dd071a.jpg,655674,2648,18:6:11,禁   止   套   娃,35466
625373312,BV1kt4y127JD,39664,3040,1587290673,2020/4/19,10952,11:23,89061,//i2.hdslb.com/bfs/archive/05dcf7d0dabe1418ac80d339aef8cea8e16d8883.jpg,667937,1466,18:4:33,当代学生党的颓废日常（真的不想上网课了）,16076
840255758,BV1j54y197rB,29447,3131,1587027857,2020/4/16,13311,16:16,83618,//i0.hdslb.com/bfs/archive/cc750257c98928e8216d27e6708211b88f8bb25c.jpg,884922,3913,17:4:17,黄晓明在线回应虞书欣，哇哦~拉宏桑笑翻了···【UP！大明星】,21899
667821967,BV1Aa4y147Lv,8220,2142,1586956379,2020/4/15,2862,07:04,64355,//i1.hdslb.com/bfs/archive/eaa15d60518e614776dbcbcf7c22479f5790576c.jpg,564669,995,21:12:59,第一次穿JK制服，结果翻车翻到大西洋了........,14708
497738730,BV1oK411L7ZV,77900,6498,1586514630,2020/4/10,22673,10:07,194941,//i0.hdslb.com/bfs/archive/e1d5139b8bc688699189d3572e994cb522349302.jpg,1704217,18958,18:30:30,这段感情终究还是被父母发现了,54975
625032780,BV12t4y1m7Rc,66149,4372,1585553083,2020/3/30,18087,10:17,184483,//i1.hdslb.com/bfs/archive/3c92d807c2d8e0ba50e888ecc410379e6a7c1a7c.jpg,1417749,8066,15:24:43,淡黄的长裙，蓬松的头发？？这歌在说我嘛,25105
99427092,BV1i7411C7uf,10303,1951,1585305324,2020/3/27,3345,08:05,61243,//i0.hdslb.com/bfs/archive/a5f894e930ee1be30760ba61d75a0589bcc99b14.jpg,363616,1194,18:35:24,自制学生党网课护眼帽，买了你就上当了,6976
97811552,BV1fE411w7D2,25165,2422,1584689489,2020/3/20,7347,08:24,129550,//i2.hdslb.com/bfs/archive/60b98515714c3506338ce8d198292a71a9d755e6.jpg,905173,1022,15:31:29,【读评论】原来这么好奇我的感情生活....好八卦哦～(●￣(ｴ)￣●),15205
95694066,BV1mE411V7QR,34861,1684,1584005971,2020/3/12,13800,18:27,67347,//i1.hdslb.com/bfs/archive/4501f01c4819fad5a6a492309a3e4f14906d4885.jpg,883045,1453,17:39:31,王自健脱口秀重出江湖，拉宏桑被整疯了！【UP！大明星】,15602
95186822,BV1zE411N7rV,1869,635,1583845173,2020/3/10,988,06:16,12487,//i0.hdslb.com/bfs/archive/8f422990a500820a2d4743c5c856f7ea06503634.jpg,221327,537,20:59:33,第一次来大公司，原来这里的人是这样上班的,1807
94356161,BV1dE411p7HS,96105,3366,1583577012,2020/3/7,39546,09:08,195568,//i2.hdslb.com/bfs/archive/a65928cec90c30e95d0a8fe40f5e70a1620dcc29.jpg,1662029,13486,18:30:12,学生党模仿7种口音的英语（日式英语和俄罗斯口音真是太洗脑了）,21559
92400517,BV1oE411n7W1,47143,2917,1582894051,2020/2/28,15251,06:28,121721,//i2.hdslb.com/bfs/archive/9fc9f06af61310bddec165a1adc137e950341a05.jpg,925857,5692,20:47:31,此钉一出，非死即伤（我真的不想上网课了！！）,10079
92101872,BV1D7411P7oe,5700,1271,1582803350,2020/2/27,2548,07:43,42157,//i2.hdslb.com/bfs/archive/7c99cc74774ea9497f4ce52db434e99d1029212c.jpg,876263,543,19:35:50,第一次看见老妈喝醉了，画风开始变得不太正常.......,6467
89915949,BV1n7411L7zv,19264,2096,1582025461,2020/2/18,4748,08:50,73199,//i2.hdslb.com/bfs/archive/747e4181f3a20dbe8b85a3f59b0452aa91d0bc31.jpg,623642,1752,19:31:1,钢铁直女第一次穿粉嫩嫩的小裙子，少女心爆棚,18075
88858047,BV1s7411G7ps,52868,2818,1581675910,2020/2/14,13414,07:30,184679,//i0.hdslb.com/bfs/archive/f03b35a381334da9acf38eb19d4a8d68a974d676.jpg,1288087,9490,18:25:10,虐   狗   现   场？,21578
87737407,BV137411b7Hz,56207,2123,1581244231,2020/2/9,14255,09:54,123211,//i2.hdslb.com/bfs/archive/5b88dc893f55d35c9f94f43562660df53c278a6c.jpg,724527,2111,18:30:31,【魔性演奏】妈妈说如果我再弹琴就把我赶出家门,7452
86842037,BV1P7411H7sp,27283,1936,1580901047,2020/2/5,8128,05:17,157258,//i0.hdslb.com/bfs/archive/022986ccb622d73010f68a8ab9228ed07eafe22a.jpg,1354803,1039,19:10:47,网上翻到自己八年前的黑历史，极度羞耻！,9826
86073151,BV1c7411x7TQ,24762,3095,1580552448,2020/2/1,9227,05:00,117278,//i1.hdslb.com/bfs/archive/91eab1711e63dd3104efe6f02a5a755c91621f2f.jpg,1401311,5207,18:20:48,原来人太无聊时，真的会疯掉啊！！（过年疑惑行为观察）,5868
84817499,BV1G7411Y7AE,38244,3019,1579858212,2020/1/24,11154,05:05,104029,//i0.hdslb.com/bfs/archive/5edb02a7c4ee13406a13dc2bd27f990d4950f7e9.jpg,966441,3316,17:30:12,今年过年，和以往有什么不同,4867
84672095,BV1o7411e7CG,4439,1724,1579777249,2020/1/23,2102,06:45,38676,//i1.hdslb.com/bfs/archive/f33af0d9e21fc06a03448f0b6520dde407f7cf40.jpg,447696,2472,19:0:49,游戏小白玩王者的心路历程,7387
83788604,BV1sJ411E7o7,13535,1384,1579257032,2020/1/17,3873,08:10,57885,//i1.hdslb.com/bfs/archive/07fe678057dfd2459151bdc45c63a5d821bab708.jpg,684513,1712,18:30:32,小松菜奈同款厌世妆，拥有此妆，气场强大十倍！,7044
82959463,BV1wJ411p7xC,12217,953,1578738653,2020/1/11,2925,07:51,43575,//i0.hdslb.com/bfs/archive/9cb50bb260b44bb8f356a07a6293d32a2fa47a21.jpg,410573,1531,18:30:53,我从未见过如此沙雕的智商税产品，简直是我快乐的源泉,6150
82015442,BV1GJ41177o3,30985,1249,1578133323,2020/1/4,6561,07:48,60124,//i1.hdslb.com/bfs/archive/7c0086999d67f64799d3ffa8fc1c63d85c56c7d9.jpg,528039,1443,18:22:3,b站陈奕迅仿妆，谁看谁流泪（顺便举办个人演唱会）,4631
81755103,BV1EJ41187GG,4381,721,1577961044,2020/1/2,1536,08:31,22803,//i1.hdslb.com/bfs/archive/f74a07d0fa9f844e6afde5af90797f8039078bea.jpg,259909,415,18:30:44,【家访】压力大时你会做什么,2109
80969530,BV1JJ411e7ya,34342,2438,1577529909,2019/12/28,15154,06:59,70352,//i0.hdslb.com/bfs/archive/10c131a60766a535f64c1c4f46600b97737b1500.jpg,633799,3787,18:45:9,【社恐之歌】真实到哭泣，一个社恐绝望的日常,5521
79813436,BV1sJ411t7rL,3546,579,1576755018,2019/12/19,1227,06:43,13206,//i1.hdslb.com/bfs/archive/fed00460ea8e4f09088d16ce334afe57790132fc.jpg,221741,654,19:30:18,【巴啦啦小魔仙】用儿童化妆品做魔性仿妆，沙雕看了都要流泪,1994
79194185,BV1HJ411r7rh,8873,1353,1576319120,2019/12/14,1992,08:19,32167,//i0.hdslb.com/bfs/archive/02e663b043175c68e4174b0478dc73155386c56d.jpg,346163,740,18:25:20,作死！给父母做大学食堂黑暗料理会发生什么？（妈见打系列）,4230
78360070,BV15J411q7RJ,12477,1506,1575714027,2019/12/7,4260,07:53,47408,//i0.hdslb.com/bfs/archive/bf3ecf6c4029c15caff8e5aa72059260a659ebca.jpg,609724,1405,18:20:27,当尬舞界沙雕跳Black Pink的舞蹈会是什么样子的？（魔性舞蹈系列）,5351
78135967,BV1ZJ411v77g,25282,3155,1575541099,2019/12/5,21643,04:36,128637,//i0.hdslb.com/bfs/archive/f15085c19f9ff3a1a6f7a31e2004b4a25cef67fe.jpg,2668205,4517,18:18:19,百万粉UP主2019年竟然经历了这些……【2019年年终总结】,17437
77520653,BV1vJ411Q7iY,12605,1067,1575108909,2019/11/30,4029,07:00,45746,//i1.hdslb.com/bfs/archive/7bb905cfdb1842b597e462dacf5f531a418fbb69.jpg,581640,1372,18:15:9,不同学生党在上外教课时都有什么反应？,6145
77426926,BV1MJ411Q74D,5135,915,1575023742,2019/11/29,1896,06:09,30387,//i2.hdslb.com/bfs/archive/895c9131d83e7654a26ace49d71e4d4c5b058e65.jpg,354828,572,18:35:42,贼拉讲究课堂：教你如何讲究的吃东西,2604
76694623,BV1xJ411d72m,283214,4008,1574504894,2019/11/23,108088,03:54,365528,//i2.hdslb.com/bfs/archive/71db12f16ee6c2154737610c555c68f32b06f657.jpg,3263246,25308,18:28:14,【防抑郁必备】改编魔性神曲《coincidance》送给键盘侠和杠精们,7873
75045679,BV1jE411v7qb,38554,3540,1573294512,2019/11/9,11807,08:07,108004,//i2.hdslb.com/bfs/archive/6dc0ef45eb4307d7ce48e6c1acab839a1cc83f0a.jpg,1392102,2893,18:15:12,第一次穿国风洛丽塔，我妈竟然说我像女装大佬？？,13178
74248550,BV1HE411t7L3,36428,3025,1572689997,2019/11/2,18897,09:37,190729,//i0.hdslb.com/bfs/archive/be46c2c0ae89bf8c2bedd5c8932744c9a83e9743.jpg,3601467,2276,18:19:57,百万up主的身份被亲戚发现，会有啥事情发生？,13350
73585118,BV1cE411Y78U,11825,934,1572155314,2019/10/27,3050,05:23,36844,//i2.hdslb.com/bfs/archive/9b882a0c5b8253471cd4395d11191441112e1a81.jpg,496775,544,13:48:34,学生党的日常校园生活是什么样的 | 校园vlog,5650
73345677,BV1pE41117u9,3546,1394,1572002116,2019/10/25,1367,04:47,20363,//i1.hdslb.com/bfs/archive/44d23c28c09bf0de264b3f53c97510b1bc1771e0.jpg,310326,440,19:15:16,当魔法师穿越到人类世界会发生什么？,4556
71710678,BV1pE411k7Wo,18637,1522,1571480105,2019/10/19,4853,08:29,55613,//i1.hdslb.com/bfs/archive/617e0849ac3ad357b036b8d222077f4fe996c939.jpg,824500,1530,18:15:5,学生党第一次戴橘色假发，化完妆成熟到父母都不认识了,7484
71505763,BV1cE411y7xE,3540,1097,1571310000,2019/10/17,1080,05:40,23093,//i1.hdslb.com/bfs/archive/46af6ae465842f83acac25a30aefdf9c01dd6e55.jpg,430984,359,19:0:0,挑战吃超辣螺蛳粉！吃完我差点哭了（怕辣的广东人瑟瑟发抖）,2629
69754587,BV1ZE411D7db,28065,1019,1570012208,2019/10/2,4321,05:37,36171,//i1.hdslb.com/bfs/archive/13725c833120489b15f1e2e1c0c38343c0e9e331.jpg,278916,360,18:30:8,国庆假期第一天，出门送礼物（学生党的假期vlog）,2134
69243116,BV1dE41197gt,36078,2534,1569665420,2019/9/28,16529,08:10,69257,//i2.hdslb.com/bfs/archive/30e8e3d022232d367d8cf4fcea17397dd67fdaf6.jpg,769395,1830,18:10:20,如何增强自信心？聊一聊以前因自卑受欺负的经历（分享变自信的方法）,7342
67543134,BV1cJ411N7QH,22866,2203,1568367007,2019/9/13,9204,06:29,74836,//i2.hdslb.com/bfs/archive/549ad26dde550292f75ad48b4324d498742ee24d.jpg,956284,12948,17:30:7,网上竟然可以买到这种服务！测试男女朋友忠诚度？我也忍不住去体验了一下,12272
66915473,BV1S4411k7oG,2668,607,1567854047,2019/9/7,886,04:34,18337,//i2.hdslb.com/bfs/archive/2ae79ae04ba9bf42eab5d3a325fee1251ad52eca.jpg,293601,242,19:0:47,运动大法好，跟我一起动起来吧！,1585
66796931,BV1R4411y7eE,6907,1733,1567767012,2019/9/6,2426,07:13,37402,//i0.hdslb.com/bfs/archive/21c1b80e962a3fcf60ced41fc2b93bd6af6f155e.jpg,784294,1656,18:50:12,化个欧美妆出门，回头率爆表！差点被当成外国人！（欧美妆2.0升级版）,6175
65961268,BV124411q7qX,4008,1458,1567139125,2019/8/30,1698,05:02,33429,//i0.hdslb.com/bfs/archive/7807c4f158cd6bc60a4809a11feb7f06f6b8137a.jpg,659989,539,12:25:25,广东人第一次去重庆，被这里的食物辣到哭泣,4184
64970410,BV134411R7S8,73866,3130,1566557409,2019/8/23,27875,04:14,146219,//i0.hdslb.com/bfs/archive/9c2fd3143e798b15998d4625dadaa64ed16957de.jpg,1749391,13635,18:50:9,低成本翻拍黄晓明老师MV闹太套（沙雕版闹太套）,11290
64709354,BV1e4411d7Qk,14751,1284,1566385839,2019/8/21,4967,07:09,44052,//i0.hdslb.com/bfs/archive/7ef73f96a0cc5ae518d262007ce64805e30bac4c.jpg,570568,692,19:10:39,学生党好物分享，争取做街上最亮的崽！,5877
64097640,BV1o4411Z7CJ,16138,1473,1566036943,2019/8/17,4216,06:25,56601,//i0.hdslb.com/bfs/archive/0c636d5d6e39af7012c4976adfb91bf840edee1c.jpg,771554,607,18:15:43,卑微up主参加BW，第一天去就被保安大哥拦在外面（爆炸头在线哭泣）,7395
63017775,BV144411X7vF,51719,6553,1565437621,2019/8/10,11677,06:52,118667,//i2.hdslb.com/bfs/archive/fb2c8e22535888b17abad51f96ffeea240040340.jpg,1689015,11968,19:47:1,学生党瞒着父母花700元电了一个爆炸头，父母知道后竟然......,24775
61876495,BV1Pt411u7RC,24135,3599,1564745207,2019/8/2,14230,07:33,68908,//i2.hdslb.com/bfs/archive/2faf6ad538bc09d1ec80cd6fbca033c32609bab3.jpg,990192,2321,19:26:47,颓废大学生如何充实暑假生活？做兼职，学才艺？（少看手机，提升自我）,11346
61239780,BV1ft411w7uD,38170,1709,1564398040,2019/7/29,7495,07:46,51492,//i1.hdslb.com/bfs/archive/f6b9e9d747653f7c70ac66154fc2f8d1e756b2fc.jpg,432860,567,19:0:40,（粉丝安排的一天）向陌生人推荐自己b站账号，当众发宣传单，场面一度尴尬,6002
60552605,BV1Lt411E7jg,18062,1886,1563966322,2019/7/24,4608,04:54,54855,//i2.hdslb.com/bfs/archive/2b7d257131cc9a14d504cb890f95459f9bbc4130.jpg,934537,259,19:5:22,离开了20年的老房子是什么感觉？和我一起改造新家吧！,5007
60103706,BV1mt411E7jk,22609,4100,1563703240,2019/7/21,6915,09:34,56702,//i1.hdslb.com/bfs/archive/a52d00eb309ab10d0e0c7a88b5cee6e7eeb80d81.jpg,1219813,865,18:0:40,食物从天而降？全亚洲只有四家的失重餐厅是什么亚子？,19178
58972836,BV1ht411L72V,496078,9210,1563013820,2019/7/13,268935,02:41,625898,//i0.hdslb.com/bfs/archive/5447acbb16f85196144e6240579a7d455ffedeba.jpg,6823068,71371,18:30:20,《Bad Guy》沙雕翻拍《Fat Guy》MV，送给正在减肥的自己,13751
58855253,BV1Pt411L7fG,24768,2751,1562909179,2019/7/12,6042,03:30,51471,//i1.hdslb.com/bfs/archive/39a3ad1e534ad606e90bee094481db16b4196a7c.jpg,964455,2035,13:26:19,广东人第一次来东北差点被打，竟是因为东北亲戚太热情？,3492
58062187,BV1r4411c7WE,21954,3576,1562409022,2019/7/6,6580,10:29,53293,//i1.hdslb.com/bfs/archive/0f6e979fea7e4e506e8b1c8f22c8a7b87565a0f4.jpg,1195168,1963,18:30:22,城市少女第一次来农村不适应，到了第三天她竟然......？（睡炕|蹲茅坑初体验）,11795
57686829,BV1i4411w7DF,5143,1081,1562153616,2019/7/3,3484,04:44,26458,//i1.hdslb.com/bfs/archive/d0a2e4ce7152365b28b79994d0d019a94a825c42.jpg,821274,432,19:33:36,女生如何改造自己做个精致的小仙女！日常好物分享（拉美桑为何比拉宏桑好看？）,2359
56424835,BV1s4411u7MY,3140,1588,1561198518,2019/6/22,1550,07:38,16073,//i1.hdslb.com/bfs/archive/bb94b39d0c51674271e52ea76cbb3b04292efe5b.jpg,550043,381,18:15:18,香港生活高消费，吃饭每月就要3800？穷学生教你如何省钱，每月只花700元吃饭,3405
55652803,BV1k4411V7Tp,6092,1406,1560594339,2019/6/15,1606,11:24,18590,//i2.hdslb.com/bfs/archive/9bb3a0716631558fc342e0aab2782d2733c97212.jpg,380419,515,18:25:39,挑战一天不许笑，笑一次吃一颗柠檬（吃柠檬吃到怀疑人生）up主差点被酸shi了|这是一个日常vlog|,4276
54231287,BV1a4411p7zq,2368,1206,1559385001,2019/6/1,1371,09:14,13942,//i1.hdslb.com/bfs/archive/dcf3376441ae43d417d45568493055e6e1207944.jpg,362531,189,18:30:1,收快递一次收了100多个产品是什么感觉？！！,727
53519103,BV1L4411s7zG,5396,1442,1558778402,2019/5/25,1887,05:53,19370,//i1.hdslb.com/bfs/archive/65d9f38bbfa9d743158e1cdab55b96fd037a5036.jpg,395424,931,18:0:2,练胆挑战，连续坐十次过山车是什么感觉（内含坐过山车视角）香港日常vlog,4297
52720398,BV1E4411771V,9500,1181,1558090854,2019/5/17,2611,10:18,24529,//i0.hdslb.com/bfs/archive/87250136d16afae0989bb6dac17199f20af3ecb6.jpg,494824,809,19:0:54,人均1000和人均50的早茶有什么区别 ？一份炒米粉就要300元！学生党第一次尝试米其林三星餐厅，感觉打开了新世界的大门,3899
52129424,BV1P4411e7Mi,6511,1220,1557564002,2019/5/11,2534,06:34,23743,//i0.hdslb.com/bfs/archive/2641aac3f70f41b4869f968d56a9ae71d96186ea.jpg,568163,788,16:40:2,独居少女一秒变巨婴！女生一个人住VS和父母一起住，学生党第一次独自生活是什么感觉？,4229
51443172,BV1o4411v7wa,10818,4860,1556971808,2019/5/4,3452,07:57,17668,//i0.hdslb.com/bfs/archive/5674feed5059e073993a8d5c89981a688604b79e.jpg,282868,1032,20:10:8,父母不在家 我都干了什么？学生党第一次跳广场舞，提前步入老年生活,5369
51026081,BV1v4411t7h5,67674,8619,1556705136,2019/5/1,33345,08:57,152779,//i2.hdslb.com/bfs/archive/347f519a84a13e44d5530b9acd98134ab67c137d.jpg,3744417,6378,18:5:36,某大学生穿上高中校服偷偷溜进高三某班，会发生什么？（差点被班主任赶出去）,27733
50632336,BV1L4411b7R2,42597,3645,1556364057,2019/4/27,8550,09:52,58379,//i1.hdslb.com/bfs/archive/8713b4b45b8da1470fa7d6da7952042ca786ec78.jpg,817252,2238,19:20:57,上街卖唱，可以赚到多少钱？,12719
49896101,BV1Kb411V7Zm,4383,764,1555754734,2019/4/20,2427,00:52,20152,//i0.hdslb.com/bfs/archive/d411bccff990628d130870f9c809cd6091ea22a1.jpg,475215,374,18:5:34,自己鬼畜我自己是什么感觉,530
49160060,BV1Ub411K7bA,11191,1502,1555149657,2019/4/13,5291,05:51,25179,//i2.hdslb.com/bfs/archive/962717d7371b5009a916a96be0d8a9b61e310d12.jpg,529120,3102,18:0:57,蹦迪必备|零基础也可以跳！学生党在线教程，学会了你就是舞场最亮的那颗星！,3491
48460875,BV1Mb411376v,5826,2391,1554545142,2019/4/6,9971,07:27,23874,//i0.hdslb.com/bfs/archive/d8a0fbd9784435bfaae5cf3d6fd66ea07a38b857.jpg,715905,1226,18:5:42,艺考生四个月没学习，如何在几个月将英语提到130分？|经验分享|唠嗑向|,5204
48084453,BV1Ub411p7kr,2659,604,1554201798,2019/4/2,1923,10:51,17364,//i2.hdslb.com/bfs/archive/b9fef1a37ae28fd1e8f0d85f364a022c5266aff1.jpg,285114,239,18:43:18,M豆竟然还可以这样吃？五种吃M豆的方法，你值得拥有！,2036
47729430,BV18b411W72U,9272,2005,1553940311,2019/3/30,3907,07:11,30298,//i1.hdslb.com/bfs/archive/84505342a95ded8ac767bb741ccaae22753d930c.jpg,816387,1158,18:5:11,学生党穿着汉服走在香港繁华地带，路人会有什么反应？（被搭讪？）,4781
46430203,BV1ab411J7Rg,4823,1027,1552733448,2019/3/16,3683,07:59,17844,//i0.hdslb.com/bfs/archive/30e16b456e3207d7ac66ad6222775a3aa1f0b18b.jpg,442284,1460,18:50:48,超适合学生党，新手小白的菜鸟妆！十分钟搞定，化完整个人感觉都不一样了呢！,2542
45540591,BV1bb411q77g,4794,1123,1551886059,2019/3/6,2499,09:43,16327,//i0.hdslb.com/bfs/archive/1434f5eeb04e916d9c616ade3f0cf85042ef72a5.jpg,491889,832,23:27:39,邋遢少女如何变成精致的猪猪女孩,3905
45097729,BV1Pb411B7ZE,14870,1458,1551521108,2019/3/2,9396,02:23,31333,//i0.hdslb.com/bfs/archive/e1ce24b16ccf507a0d1ba1b4c0dd1a7537261814.jpg,455313,2519,18:5:8,学生版鸽子：上学的痛苦，学生党听了都要流泪（搞笑区up主乱入音乐区）,1365
44453156,BV1Xb411h7d6,3929,939,1550916049,2019/2/23,1410,10:00,12680,//i2.hdslb.com/bfs/archive/15cd0a3437e1db42f841fd88f3354d761d871399.jpg,314976,980,18:0:49,香港人挑战普通话绕口令VS东北人挑战广东话绕口令（到底谁的语言能力更强？）,2760
43734757,BV1wb411m74v,7693,1307,1550311501,2019/2/16,2478,05:34,21118,//i2.hdslb.com/bfs/archive/5ac2d9237836f90f304563007b0556c1f8545a34.jpg,553246,1353,18:5:1,某学生党跟拍情侣约会，拍完之后整个人都不好了（单身狗慎点，小心遭受暴击）情人节时的香港街头是啥样的？,3457
42429633,BV1cb411C7Tj,4241,1830,1549105519,2019/2/2,2933,06:43,18377,//i0.hdslb.com/bfs/archive/5471b8dbae59d9e9ee90a710998e3d909a56e9ff.jpg,929204,562,19:5:19,贫穷学生党第一次在专柜买化妆品，被价格震惊到说不出话！,3303
41744479,BV1Bt41147o4,13161,2394,1548499226,2019/1/26,4128,04:55,25273,//i0.hdslb.com/bfs/archive/99b4d1c438e84bb45c47abef1acf7a54c9270925.jpg,468279,2689,18:40:26,当母亲对抖音疯狂着迷时，女儿的生活会变成什么样？（内容过于真实，引起不适）,5430
41111979,BV1bt411a76v,7221,2640,1547896016,2019/1/19,3845,05:28,17880,//i2.hdslb.com/bfs/archive/1d0513681879a02debee6be97f184bd29f1bf683.jpg,368654,1646,19:6:56,期末考试最害怕遇见的8件事！内容过于真实，学生党瑟瑟发抖,5994
40631707,BV1qt411W7Hz,7154,5120,1547374848,2019/1/13,2992,07:36,16280,//i1.hdslb.com/bfs/archive/01f861f044a451b546a60e797b51210313229d79.jpg,599369,517,18:20:48,[拉宏桑]我的寒假是什么样的（日常vlog）,3208
40538522,BV1nt411W7Vo,2400,657,1547287550,2019/1/12,1209,07:34,8693,//i2.hdslb.com/bfs/archive/81547cc5d9843b4a04dbf8c7d5221bf3bbbdb741.jpg,298865,318,18:5:50,试吃香港平价小吃，妈妈再也不用担心我没钱吃饭啦！（撑shi在香港第一期）,1976
39952556,BV1kt411x71i,5352,1167,1546682443,2019/1/5,2952,06:02,15453,//i1.hdslb.com/bfs/archive/37d48996ee460111626442c2568b1065871e44f3.jpg,373383,1021,18:0:43,吐槽！各类神奇的艺考生和老师在考场上是怎么样的？（传媒篇）,2773
39285468,BV1dt411r7B8,2558,609,1546076099,2018/12/29,674,07:03,7301,//i0.hdslb.com/bfs/archive/e4cd80abac5b66f996c0b1afc958d7844ead5613.jpg,177650,223,17:34:59,【清迈vlog】骑摩托，丛林飞跃，骗父母自己在泰国纹身了,1229
38697380,BV1ht411Y7oe,12527,1772,1545473402,2018/12/22,3378,05:46,23140,//i1.hdslb.com/bfs/archive/aa51fa59ccfaa9926319a7c0baeb59e9ae861783.jpg,495093,2169,18:10:2,[拉宏桑]钢铁直女第一次穿上洛丽塔后，场面一度失去控制！（警告！视频内容可能会引起不适，谨慎观看）,4409
37936696,BV16t411q7So,2378,553,1544522270,2018/12/11,524,01:08,6403,//i2.hdslb.com/bfs/archive/6d4a39d73277453b056932266aa87362a7f6ef0d.jpg,126196,240,17:57:50,双十二前的忠告,287
37346724,BV12t411D7hT,2321,592,1543838995,2018/12/3,535,11:38,6179,//i2.hdslb.com/bfs/archive/a7390140f54cdbdbeb970b0236bffa4da41e3773.jpg,149989,225,20:9:55,What？双十一买25个馒头？发霉的粘豆包？快递小哥已经记住我了！,2570
37237418,BV1st411D7vN,21341,1834,1543727577,2018/12/2,6785,08:49,25860,//i0.hdslb.com/bfs/archive/a33730065e4035a7c4f9f1138fe2c011214a513b.jpg,360438,1357,13:12:57,可怕！一个搞笑区up主在音乐区投稿唱歌竟然是这副模样！（各种奇奇怪怪的歌曲）,4344
36657820,BV1et411y7t8,4794,808,1543068738,2018/11/24,1067,05:27,9967,//i0.hdslb.com/bfs/archive/4a6719026049a3aed93fbffb4643f114e5cf07f6.jpg,191609,319,22:12:18,采访！拉黑、拉美、拉黄桑。,1187
35745518,BV1ot411m73t,3929,810,1541930422,2018/11/11,906,06:00,8697,//i2.hdslb.com/bfs/archive/cd303d9d0e8a0b9d641d9d4ecbf2b78be1dfd40d.jpg,190567,611,18:0:22,吐槽各种秀恩爱的方法，来自情侣们的暴击！（单身狗必看）,1827
35192961,BV1xb411w7zC,1624,486,1541241325,2018/11/3,243,04:14,4148,//i1.hdslb.com/bfs/archive/5fd4b91b744bed5548f0e1d3129242c0005409bf.jpg,68425,161,18:35:25,可怕！榴莲味花生豆竟然是这个味道（测评东南亚小零食）,502
34726421,BV1Lb411N7FC,7645,2005,1540641510,2018/10/27,2589,04:31,18453,//i2.hdslb.com/bfs/archive/80d6cc751f59ace6ff6284b322482ef71cfbfbfb.jpg,620849,1598,19:58:30,不会说广东话的人在香港生活是什么感受（吐槽向）,2883
33742354,BV1gb411F7zN,76132,3383,1539426916,2018/10/13,35484,07:19,108754,//i1.hdslb.com/bfs/archive/742354c526d670196a02423506082b8d15644958.jpg,1313584,13392,18:35:16,震惊！某学生竟然这样说英语，模仿六种口音的英语（外国人听了要生气系列）,11947
33183151,BV1bW41127S1,2092,1013,1538820643,2018/10/6,576,11:30,6532,//i2.hdslb.com/bfs/archive/2b662bd5a1a3cc5a92377470f2202a69c82a503f.jpg,186203,191,18:10:43,[拉宏桑]开箱视频粗来了,2757
32896451,BV1kW411m7xg,9259,2544,1538474703,2018/10/2,3376,07:17,18907,//i0.hdslb.com/bfs/archive/182203ce2c2081c71759963bd037999ca41a0ba1.jpg,437876,1143,18:5:3,[拉宏桑]不同女生面对男神都会有什么反应？教你快速向喜欢的人表白！（单身狗必看，男女通用）,6818
32156603,BV1pW411r7m1,4075,1515,1537610414,2018/9/22,1521,13:05,10871,//i2.hdslb.com/bfs/archive/567c94fbb041752808d8dad2e25518f099b0f51f.jpg,362966,3060,18:0:14,【拉宏桑】化妆菜鸟挑战欧美妆，父母看到女儿后受到惊吓,7436
31346070,BV1QW411d7bV,3496,3456,1536408910,2018/9/8,2611,06:54,10398,//i0.hdslb.com/bfs/archive/a98078d596c6edad4d5fabf8585a251bc5872078.jpg,327066,595,20:15:10,【拉美桑】如何在校园快速交朋友（中学生如何在新学期找朋友）,2040
30268642,BV1nW411D7gV,3693,1826,1535191851,2018/8/25,1432,11:08,10501,//i1.hdslb.com/bfs/archive/76c8d5cc13ae6a3de60c130274b54aac0c1efb17.jpg,380451,626,18:10:51,[拉宏桑]新学期开箱分享，学生党准备了什么东西迎接开学？,10159
30184464,BV1KW411D7Gi,903,640,1535104812,2018/8/24,238,11:29,4339,//i2.hdslb.com/bfs/archive/2146b6a790103d2e77d29426aab2774291a00419.jpg,97408,148,18:0:12,今天给大家介绍点b站上的东西,1878
29677845,BV1rW411X7Zp,8303,1978,1534589443,2018/8/18,1782,15:36,13750,//i0.hdslb.com/bfs/archive/520f9efe009b164ee8e01bb459d42cae3cb6c7bb.jpg,256138,2152,18:50:43,某up主为了讨粉丝欢心竟将自己变成男生！令人难以置信！,7902
29400257,BV1TW411R7Js,7516,3521,1534329314,2018/8/15,4322,07:34,17841,//i2.hdslb.com/bfs/archive/2ab3a7bab5e35c902d2f3f9b200fb0f7b24dd16a.jpg,647396,5873,18:35:14,祖籍东北的广东人说的粤语竟然是这样！（让人窒息的口音）用广东话读评论,11116
29085675,BV1ts411u7gZ,1702,1159,1533976201,2018/8/11,556,12:15,6494,//i0.hdslb.com/bfs/archive/91c5aff582a2228920a1577f7ac64da14d2f19c5.jpg,166737,273,16:30:1,第一次玩恐怖游戏，感觉很刺激,4256
28495912,BV1Ds41137h3,6335,3821,1533376823,2018/8/4,3110,09:28,14032,//i0.hdslb.com/bfs/archive/2a3bab769aa9973282884f938acb0aad007d698a.jpg,547859,1267,18:0:23,从初中到高中三年来我到底经历了什么，为什么越变越黄？（男生慎点）,8011
27915965,BV1bs411A7k9,12997,1783,1532773850,2018/7/28,3497,10:43,17423,//i0.hdslb.com/bfs/archive/565b38c960cd9ee86fc9b1d52035067c39115d18.jpg,398131,1389,18:30:50,五毛钱成本能拍出什么样的才艺表演节目,7134
26994446,BV1Ls411n7ru,1849,1161,1531800631,2018/7/17,420,06:06,6534,//i1.hdslb.com/bfs/archive/021d6991d6a55d8411615b15d9ce2051e1ca29f6.jpg,254999,189,12:10:31,[拉宏桑]我开店啦,2471
26829738,BV1xs411J7LL,9839,1715,1531562449,2018/7/14,2033,07:08,11002,//i2.hdslb.com/bfs/archive/9c9a6dd3f6ced50c91997028047662e0af2370c0.jpg,268328,2120,18:0:49,[拉宏桑]放假父母总是骂孩子？教学生党如何安稳地度过暑假,5649
26534937,BV1vs411n7dh,3986,1239,1531216819,2018/7/10,1263,10:27,7802,//i2.hdslb.com/bfs/archive/1bd84d7c1a670e3a3277ef408177c2a6cc700e58.jpg,285973,411,18:0:19,[拉宏桑]试吃网红零食（喝到桃子可乐时，忍不住呕吐了）,4186
26348168,BV1bs411p7JB,1816,824,1530960900,2018/7/7,548,11:10,4977,//i0.hdslb.com/bfs/archive/8c32159c399de5a5856d20d5608cfb1d36770a0d.jpg,175195,228,18:55:0,我为什么那么喜欢刷牙！,2421
25868032,BV1zs41157va,6161,1666,1530352836,2018/6/30,2198,13:44,9557,//i0.hdslb.com/bfs/archive/3cdb11162a86adae8fca05f3cc5d9f927b4c0ac6.jpg,397210,867,18:0:36,[拉宏桑]贫穷学生党如何低价改造自己（平价购物分享）,8973
25668388,BV1Es411j7ba,1003,757,1530093650,2018/6/27,283,04:52,3401,//i1.hdslb.com/bfs/archive/f2ccbf6b69663003283ddf715c64ef0cbdd76ef2.jpg,123686,269,18:0:50,[拉宏桑]广东人第一次吃西安的美食，竟然说出这种话,1567
24824494,BV1BW411w7bk,8364,1646,1529143424,2018/6/16,2802,16:27,13702,//i1.hdslb.com/bfs/archive/35c8ad3efa83c13c26b9eb1cfbbf1de66827afdb.jpg,541093,2251,18:3:44,《拉宏桑》憔悴苦逼学生党简单几步自己变成软萌妹（蜜汁微笑）,7637
24594764,BV1uW411P7Ne,14636,3167,1528529949,2018/6/9,5348,04:50,24448,//i1.hdslb.com/bfs/archive/a01729a0c191ec65034e9fe915a52a42c6acaf6c.jpg,1333736,3232,15:39:9,震惊！某高三学生参加完高考后竟变成这样，众人表示难以置信,6409
22052257,BV17W411L7JF,2864,1449,1523698810,2018/4/14,718,13:44,4695,//i0.hdslb.com/bfs/archive/a949d6cd95c015caeb65243e364ff8a991a03107.jpg,195291,463,17:40:10,[拉宏桑]为什么拉美桑对拉宏桑破口大骂？拉宏桑原来是这样的人,3351
19826153,BV18W4117715,2352,1541,1519466459,2018/2/24,922,02:45,4878,//i1.hdslb.com/bfs/archive/acec14c94fbcd35a2df7b5bc7df9d7c3bc079dc5.jpg,247989,542,18:0:59,[拉宏桑]开学了，你还记得自己在课上干过啥吗？快速回忆校园时光,4279
19399223,BV1cW411E7ss,1148,895,1518253850,2018/2/10,422,02:06,2880,//i2.hdslb.com/bfs/archive/513dcff7c605131fabf0536caf49ba21f966e184.jpg,138078,235,17:10:50,[拉宏桑]第一次见雪的南方人是什么样子的,1301
19356418,BV17W411n7vD,1821,770,1518173755,2018/2/9,617,04:40,3365,//i1.hdslb.com/bfs/archive/7bf20d293b9fa12034fff0db8a556e0bb0c6a8e2.jpg,169675,285,18:55:55,[拉宏桑]离家1400公里来到陌生城市竟然只是为了干这个！,1325
19056261,BV14W411H71K,5152,3119,1517650684,2018/2/3,3323,07:02,10748,//i2.hdslb.com/bfs/archive/dd3619bf8028ea3f3d6b48e32cf866cd76230ea0.jpg,445121,1387,17:38:4,[拉宏桑]吐槽不同类型的假闺蜜（教你如何应对心机朋友）,9979
18791644,BV16W411e7SJ,4163,1784,1517047205,2018/1/27,1476,06:34,5834,//i0.hdslb.com/bfs/archive/73e71439cb28de4d2fd17ec7abd609299faee68f.jpg,348702,888,18:0:5,偷进校园采访学生和老师,5290
18113849,BV1xW411i7Bn,1637,487,1515664807,2018/1/11,1037,07:40,2304,//i2.hdslb.com/bfs/archive/ce146f38ece37c2fca1ec14330e5344ca5a7ccfb.jpg,108414,174,18:0:7,[拉宏桑]高中生冬天如何护肤，up主精分为你介绍平价好物,1246
18108803,BV1sW411i7rF,1418,556,1515492015,2018/1/9,650,11:26,2431,//i1.hdslb.com/bfs/archive/3c8448964fafdc950f3a5370e34af6a1f57fbeb4.jpg,126540,144,18:0:15,[拉宏桑]日本美味零食试吃，吃了都会变成小仙女哦,1561
17778123,BV1nW411b7cd,4278,1112,1514632172,2017/12/30,1809,03:29,4822,//i1.hdslb.com/bfs/archive/002d8330efda0206c48716854e73d7931d262e29.jpg,222161,1411,19:9:32,[拉宏桑]高中女生竟然在学校模仿老师说话，老师看了要吐血！,3526
17500661,BV11W41187aF,11453,3291,1513939505,2017/12/22,2064,09:14,7854,//i1.hdslb.com/bfs/archive/ac9d22b9ad3e85ceef305df6d9fc0f5c61791b46.jpg,339727,608,18:45:5,[拉宏桑]女生生日寂寞无人陪伴，竟然疯狂吃辣条，不可思议！,12155
17297906,BV1LW411a7v7,7715,1162,1513418459,2017/12/16,1552,07:46,3812,//i0.hdslb.com/bfs/archive/2f2f33029e880d3e6c85f903eee7cc4864b4d5c4.jpg,139820,736,18:0:59,[拉宏桑]试吃世界上最难吃的糖，吃完已经神志不清，满嘴胡话了！,2870
17071776,BV1PW411h7vW,3522,1064,1512813919,2017/12/9,1388,17:23,3607,//i1.hdslb.com/bfs/archive/e3ee84772d2b278a96f909964c85638b5aaaa1a9.jpg,277175,847,18:5:19,(拉宏桑)熬夜苦逼高中生为让自己变美一点，化妆方法竟如此奇葩,4846
16635280,BV1Zx411V7xk,2752,826,1511604957,2017/11/25,750,10:15,2503,//i0.hdslb.com/bfs/archive/0c6becb49a01e1eab57c1b56a059455ea2d0ebd0.jpg,180253,154,18:15:57,[拉宏桑]第一次开箱视频，买了内裤什么的和大家分享一下嘿嘿嘿（蜜汁微笑）,2310
15957483,BV1ax411E7L5,1064,526,1509703249,2017/11/3,264,10:06,1477,//i0.hdslb.com/bfs/archive/d68cdc91bd09b625095aa387334f5d800bb34b5e.jpg,80527,169,18:0:49,[拉宏桑]]什么鬼，免费旅游竟然是一场不可描述的交易！,1580
15780794,BV1Bx41177HX,4433,997,1509185127,2017/10/28,2107,05:16,7093,//i0.hdslb.com/bfs/archive/31693ab93f4cc58f8d649f5f1d0051dc6e1b9831.jpg,389255,646,18:5:27,(拉宏桑)震惊！少女精分吐槽不同类型美妆up主,4429
15566270,BV1zx411M7WT,1958,2089,1508580324,2017/10/21,1133,06:09,2901,//i1.hdslb.com/bfs/archive/511c87eec5ec7fb1e53bfa0442911058796e62ca.jpg,416015,206,18:5:24,[拉宏桑]童年的4399小游戏竟然变得这么高级！我竟然都不会玩了,5759
15067441,BV17x41137aZ,1848,1199,1507109657,2017/10/4,384,04:06,1683,//i1.hdslb.com/bfs/archive/00f961b6e2a61c1768ee0a1b1d9fb8597ab5e016.jpg,145957,200,17:34:17,[拉宏桑]假期待在家里应该怎么过(嘿嘿嘿想干啥就干啥）,4576
14697846,BV1Kx411G7Ku,2827,2400,1506161409,2017/9/23,1368,04:53,2266,//i0.hdslb.com/bfs/archive/7b9b1e74e706f93022ac8ddbb2689010b0f556c3.jpg,265088,888,18:10:9,[拉宏桑]女生留长发的那些苦恼，你中枪了吗？,3976
14490528,BV1qx411s7Dc,4024,1123,1505557821,2017/9/16,856,07:26,1458,//i0.hdslb.com/bfs/archive/57c49f6dc2dccdcfc9a7be266a81f922b991fc6c.jpg,142635,431,18:30:21,[拉宏桑]薯条竟然会说话！会说话的食物上选秀节目是啥感觉,1848
14284824,BV1Nx41147Qt,2698,1684,1504952120,2017/9/9,786,08:30,987,//i2.hdslb.com/bfs/archive/e7f74428ec06fda5ca5bb0e06d6fb418f9cfd975.jpg,147124,756,18:15:20,[拉宏桑]你在上学时一定会遇到的老师类型！没遇到你打我(￣ε(#￣) Σ,12194
14124081,BV1Mx411b77F,4611,2707,1504411272,2017/9/3,7389,07:08,7365,//i0.hdslb.com/bfs/archive/4fecbe4a7cd35244e96cb450d7719c7ca5c43cbb.jpg,389397,1525,12:1:12,[拉宏桑]高一开学必看，教你如何应对高中新生活！,10577
13808408,BV1Gx411879X,1512,1079,1503742128,2017/8/26,287,05:47,541,//i1.hdslb.com/bfs/archive/b4c29f96aa357d1d971344628b066aca8e78c578.jpg,131157,249,18:8:48,[拉宏桑]少女心爆棚的粉色螺蛳粉竟然这么辣！up主撑不住了,2405
13532912,BV1ax411J72H,3136,4577,1503137451,2017/8/19,3865,08:09,4816,//i0.hdslb.com/bfs/archive/31f0039cc91c6a50595c67f892b7c009081f5010.jpg,307561,1711,18:10:51,[拉宏桑]高中初中新生军训必看，教你如何对付残酷的军训！,11038
13082347,BV12x411p77w,5712,2455,1502533831,2017/8/12,5183,07:07,3840,//i1.hdslb.com/bfs/archive/c906610096f61e33bf86e1841cd9ce0d276761c4.jpg,277062,1274,18:30:31,（拉宏桑）普通学生党不能成为学霸的五大原因！,8192
12751056,BV1mx411W7bJ,2069,1609,1501907446,2017/8/5,1043,04:27,1262,//i1.hdslb.com/bfs/archive/7164e524ffc47a17345653268bd000b5b551f24f.jpg,296784,342,12:30:46,[拉宏桑]暑假作业写不完，上街询问路人是否愿意帮忙写作业，结果竟然！！！,4039
12600980,BV1Dx411p7Yy,831,787,1501051814,2017/7/26,461,06:50,349,//i0.hdslb.com/bfs/archive/6810e34f024c258e540488837c2300a7c774bb14.jpg,105393,135,14:50:14,[拉宏桑]今天推荐几样日本零食,3987
12267634,BV1xx411B7Z8,3362,1112,1500697739,2017/7/22,573,07:58,1921,//i2.hdslb.com/bfs/archive/8dd99a79ea4cebdfe27304b3d3df42d704d26555.jpg,229526,276,12:28:59,[拉宏桑]试吃火鸡面，变态辣豆皮和麻辣锅巴，up主可能菊花不保了,4061
12244855,BV1Mx411B7D4,2302,1641,1500183491,2017/7/16,1032,08:55,1485,//i1.hdslb.com/bfs/archive/318a51a5cdbb2b4a0a305766788620108fd887e9.jpg,242356,382,13:38:11,[拉宏桑]一个高中生的书包里都有啥（唠嗑向）,8082
12031065,BV19x411z7Xq,1823,1793,1499578895,2017/7/9,584,09:23,569,//i1.hdslb.com/bfs/archive/76b26a7aebbf1a098c95bac1d1437c8485e38f8f.jpg,101365,419,13:41:35,[拉宏桑]学生们在考试时都有什么样的心理活动,6499
11928594,BV1px411z7tJ,7794,1517,1499486415,2017/7/8,11457,11:42,11854,//i2.hdslb.com/bfs/archive/87d05fc9f1c990a215cce4eac500181ca692d48c.jpg,708608,1972,12:0:15,[拉宏桑]高中生教你如何说美式英语和英式英语,5925
11920401,BV1gx411z77M,1223,1014,1499270259,2017/7/5,130,04:27,196,//i0.hdslb.com/bfs/archive/b3890cbfff1cce113e346ae12c4f7e3e23819a60.jpg,66351,61,23:57:39,"[拉宏桑]各位朋友们,这是一个抽奖视频哦",1264
11813797,BV1Bx411B7Mv,1962,2102,1498978884,2017/7/2,530,07:31,878,//i0.hdslb.com/bfs/archive/52600e8bf9a613d9f1bb03de625644fb40442e07.jpg,123424,369,15:1:24,"[拉宏桑]到底该不该追星,追星一族有错吗?",11174
11763466,BV1wx411r7jx,605,414,1498829618,2017/6/30,186,05:46,167,//i2.hdslb.com/bfs/archive/7bacba402b8fba8b75ebc29ca441fb7d518cf7a0.jpg,58316,84,21:33:38,[拉宏桑]试吃凤梨酥蛋黄酥年糕片红糖烧饼,669
11582143,BV1jx41167B4,3096,742,1498284797,2017/6/24,475,10:36,628,//i1.hdslb.com/bfs/archive/1f26718da388873ac357c1f37ef034706c1403e0.jpg,101109,623,14:13:17,"(拉宏桑)教你画魔性猥琐的童年艺术妆,瞬间回到童年!",3466
11405447,BV1Ex411h7e4,5854,1082,1497706911,2017/6/17,1078,10:36,1208,//i2.hdslb.com/bfs/archive/abc21315ba241c0787b6ad6f84f5afef8fbf8a7f.jpg,189314,930,21:41:51,[拉宏桑]当告白气球遇上好汉歌竟然!!!!,7902
10997482,BV1sx411e7iy,1598,905,1496322488,2017/6/1,485,06:20,578,//i1.hdslb.com/bfs/archive/cd10815fc9b20b5cdaaf907998089569dc91d1ac.jpg,114201,433,21:8:8,[拉宏桑]教你五步重返小学时代,4258
10921846,BV1Vx411e7uW,1129,1003,1496064142,2017/5/29,397,11:00,301,//i0.hdslb.com/bfs/archive/ba2b357c2f6588176778d7cfa9b351e4e09f52fc.jpg,86917,76,21:22:22,[拉宏桑]来聊一下日漫与美漫的异同,3243
10867364,BV12x411Y7mU,1153,556,1495895147,2017/5/27,280,02:58,379,//i1.hdslb.com/bfs/archive/9864a03520bdb1c017fcf2bcb86a5d323e7e5059.jpg,74161,192,22:25:47,[拉宏桑]生活中必须知道的小技巧!,904
10698680,BV1yx411v7sT,2118,1622,1495282104,2017/5/20,489,04:58,497,//i2.hdslb.com/bfs/archive/7c469c588ad956a58efb782738c5037eb21a7bbd.jpg,124585,311,20:8:24,"[拉宏桑]不小心在公共场合放屁怎么办,?聊一聊生活中遇到的尴尬事情",2783
10549479,BV1Ux411e79Y,1345,639,1494734081,2017/5/14,586,04:22,454,//i1.hdslb.com/bfs/archive/b44daa2d78be03d9322a5ca51bc414d1c0aaf43f.jpg,193928,303,11:54:41,(拉宏桑)女儿竟然如此对待母亲!!,1774
10441928,BV1kx411m7mi,2655,600,1494421558,2017/5/10,405,06:41,233,//i1.hdslb.com/bfs/archive/458f8276d32ba4107e36d8e3ad5f374f98706bc8.jpg,94892,205,21:5:58,"[拉宏桑]试吃绿得吓人的甜甜圈,芝士蛋糕等",1453
10350876,BV1Lx411m74T,4449,1636,1494047936,2017/5/6,2710,11:42,2640,//i2.hdslb.com/bfs/archive/294c4e5d6450e3687766a927958f87c8268f72eb.jpg,487013,980,13:18:56,"(拉宏桑)当女儿变成男生时,父母竟然如此反应!!",7641
10157925,BV1dx411U7Nb,3368,762,1493382357,2017/4/28,1050,04:50,2538,//i2.hdslb.com/bfs/archive/f8dd09a52ebdf9710322aa48816ad63c8758f4c8.jpg,170223,381,20:25:57,[拉宏桑]喷子为什么骂我!!!不同up主对喷子语言攻击的反应!,1991
10016414,BV1Vx411U733,1828,413,1492852289,2017/4/22,685,05:46,396,//i2.hdslb.com/bfs/archive/ef43d3971dc398fb4755293f4724146485fca790.jpg,75822,402,17:11:29,"[拉宏桑]震惊,一女子竟然跳尬舞",1726
9728541,BV14x411S7uP,557,332,1491740062,2017/4/9,126,17:03,211,//i2.hdslb.com/bfs/archive/fe7eefcf9dec80c0ef7888a9843eb45b94bd14ff.jpg,56800,41,20:14:22,"[拉宏桑]我又来黑食玩了,如果你很喜欢食玩的话,请不要介意,每个人有每个人的看法嘛",1074
9553810,BV1Vx411Q7px,4243,808,1491128891,2017/4/2,850,05:40,1426,//i1.hdslb.com/bfs/archive/6f56aa6d2961b48bbe790c2ca5e953b64feeefc2.jpg,143467,650,18:28:11,[拉宏桑]学生考砸了父母都会有啥反映！,3773
9489523,BV1Xx411D7Nv,588,292,1490873935,2017/3/30,106,06:21,172,//i1.hdslb.com/bfs/archive/49b16eaa23a9b400475df1f3e1a98b87c32ad20e.jpg,50656,28,19:38:55,"[拉宏桑]黑暗!,试吃咸到爆的茶泡饭",676
9219416,BV1vx411r7fc,4229,664,1489749566,2017/3/17,596,09:21,1206,//i1.hdslb.com/bfs/archive/5ec6320c6e4403c2dc662805ff9a80553fd1253d.jpg,106329,479,19:19:26,[拉宏桑]震惊!减肥失败的原因原来是这些!,2623
8943500,BV1Cx411k7L7,2622,569,1488545203,2017/3/3,385,15:40,593,//i1.hdslb.com/bfs/archive/efb6b5068d1e2f0550a6aa4887e1d0e0fb81d18f.jpg,97980,302,20:46:43,"(拉宏桑)手残党如何画古风妆,我是来搞笑的",2528
8715831,BV1Vx411y7jS,834,480,1487512776,2017/2/19,353,14:53,436,//i2.hdslb.com/bfs/archive/965adc16c474afbb8aded5592092b589cf1fc704.jpg,144917,67,21:59:36,[拉宏桑]来吃网红面包！最真实的评价,1685
8531921,BV1Mx41127NS,894,552,1486727992,2017/2/10,200,01:59,268,//i1.hdslb.com/bfs/archive/fb74f368e429946abc69d2eb2509d2803220f3f6.jpg,69947,107,19:59:52,[拉宏桑]拿小拳拳捶你胸口多种版本，顺便给大家介绍个新朋友,527
8414772,BV1px41117QJ,16275,7405,1486279151,2017/2/5,6961,08:26,2092,//i1.hdslb.com/bfs/archive/200dcd71e075fbfb6396e0883fbf5b968a31e66c.jpg,630946,2420,15:19:11,（拉宏桑）开学了！不同学生怎么做作业，教你快速补完作业！,23288
8271712,BV1js41187cf,1667,696,1485606048,2017/1/28,570,08:34,525,//i2.hdslb.com/bfs/archive/f8a6cdc1028c3588262b9ac51ec01d3ee9a06a46.jpg,101721,263,20:20:48,[拉宏桑]拜访亲戚必看！如何对付不同的亲戚和熊孩子！,3101
8239045,BV1Ks411875E,555,186,1485437863,2017/1/26,75,13:47,232,//i2.hdslb.com/bfs/archive/614111a0d3da5a359ab9266e6e36c4b726c258cf.jpg,37549,40,21:37:43,[拉宏桑]]拜年视频+黑暗料理饺子视频，过年推荐大家包（蜜汁微笑）,989
8060451,BV1rs411h7uh,1080,495,1484647329,2017/1/17,366,06:39,689,//i2.hdslb.com/bfs/archive/1abbfce2d7164aecdba887bf0371577d58a14071.jpg,226112,65,18:2:9,[拉宏桑]来一起吃麻辣烫吧，虽然up主没吃完，让你们看看up主家大菜刀,1725
7992645,BV1Hs411h7gd,15356,2399,1484311784,2017/1/13,4700,06:39,4155,//i1.hdslb.com/bfs/archive/e381f35fe122e8e18b2e536c3a8279757b1c5996.jpg,568433,1515,20:49:44,（拉宏桑）期末考试后让我们来采访一下学生和老师（蜜汁微笑）,6548
7880572,BV1ds41187p3,380,222,1483702850,2017/1/6,119,12:10,247,//i2.hdslb.com/bfs/archive/207ce8068c2e579f0d07234c204478aa727edcdd.jpg,52200,43,19:40:50,（拉宏桑）来试吃东北美食，有绿豆糕，豆卷面，粘豆包，麻花，牛舌饼,1865
7783843,BV1Zs411a7dP,637,140,1483179522,2016/12/31,91,07:39,380,//i1.hdslb.com/bfs/archive/50978c80d6c713a5ca451ac71d7ad9db9ea69ece.jpg,42778,34,18:18:42,（拉宏桑）过跨年怎么过,785
7570091,BV1ys411e7vM,2218,519,1481973674,2016/12/17,439,15:01,648,//i2.hdslb.com/bfs/archive/73ac98a62d21bf1298fef9cac52e58262e923ad7.jpg,120720,217,19:21:14,（拉宏桑）我们来吃辣条！！！童年的回忆啊,4711
7158704,BV1Ys411W7hT,1081,690,1479526869,2016/11/19,1017,04:35,1434,//i2.hdslb.com/bfs/archive/74fde5017b0f95ae21f048b617c936c87fd4b87d.jpg,234402,373,11:41:9,（拉宏桑）考试后，学霸和学渣的不同反应,2814
6966542,BV1Ps411x7Z2,314,92,1478321810,2016/11/5,335,08:39,307,//i2.hdslb.com/bfs/archive/c5354a387e192a9252da419054ad8a7b8eb9bdfa.jpg,54247,45,12:56:50,（拉宏桑）减肥时吃啥零食，推荐想减肥的小伙伴,640
6781367,BV1Ss41147EM,318,114,1477135742,2016/10/22,139,08:26,388,//i2.hdslb.com/bfs/archive/f78cae8a4136a96541585e9ad53450fe74f9b151.jpg,64154,52,19:29:2,（拉宏桑）up主试吃食玩已中毒，在医院休养中,428
6564834,BV1Xs411x7zu,1175,463,1475738716,2016/10/6,612,12:36,985,//i2.hdslb.com/bfs/archive/b0c833c58fe03ed0f1b09b021ed0605a62c9391e.jpg,170914,344,15:25:16,（拉宏桑）日式妆.....我是来搞笑的,2892
6416228,BV1zs411t7jL,1485,299,1474803562,2016/9/25,1802,03:52,3925,//i0.hdslb.com/bfs/archive/49ba10eeaf1aecedac8952b5f53f64ff7e32a8e9.jpg,546814,342,19:39:22,（拉宏桑）我的第一次是怎么样的（别污好吗）,1868
6236427,BV1Js411r75Z,248,225,1473566619,2016/9/11,144,05:38,430,//i2.hdslb.com/bfs/archive/cfcc07dbe7a76cbaa42ecad4d917db32b9fedcb1.jpg,77256,39,12:3:39,（拉宏桑）吃巨无霸五仁月饼，还有山楂口味的冰皮月饼，黑暗料理啊,987
6136249,BV1Ss41167ib,450,198,1472873945,2016/9/3,209,05:44,1245,//i0.hdslb.com/bfs/archive/5ed182bebbe9e2d92fed800f99228ff1c108112b.jpg,106039,69,11:39:5,（拉宏桑）来吃辣条之类的垃圾食品吧,775
6073155,BV1bs41167rF,2601,350,1472474794,2016/8/29,1404,03:58,2794,//i0.hdslb.com/bfs/archive/05e837cbea4c9f58c22a077e947c4fa0d92ead8b.jpg,107244,319,20:46:34,（拉宏桑）speak now纯属唱着玩,480
5939423,BV18s411k7RK,2005,417,1471784298,2016/8/21,1194,02:43,2976,//i2.hdslb.com/bfs/archive/2ca4dac94cc4fb4db743a413fd33a30219f305ba.jpg,297515,329,20:58:18,（拉宏桑）你害羞吗？(=・ω・=),2894
5893312,BV1Ps411k7zT,1819,247,1471566269,2016/8/19,581,04:26,2977,//i0.hdslb.com/bfs/archive/c400e20f27775fc2cdf4c78c9134dcdbcd7eb4b5.jpg,220306,260,8:24:29,（拉宏桑）几十年后的网红是什么样呢（迷之微笑）,867
5834570,BV1Zs411r7Gf,1060,229,1471263069,2016/8/15,293,08:51,1143,//i0.hdslb.com/bfs/archive/fdaf592e5acaefa8cd9e4a1076250633a34efa77.jpg,141853,284,20:11:9,（拉宏桑）新手妆,1559
5790929,BV1Ys411r7GE,495,113,1471046031,2016/8/13,289,03:16,984,//i2.hdslb.com/bfs/archive/41fdbcad155b4be009b2b566f9e795a5cac8d0a5.jpg,90498,149,7:53:51,（拉宏桑）唠一唠不同类型的学生,1677
5733093,BV1os411C7b4,664,146,1470742302,2016/8/9,231,04:19,1117,//i1.hdslb.com/bfs/archive/2be6a88c35f43b17ce32ce8bd21772bd5f56144f.jpg,77321,145,19:31:42,教你钓妹子，单身必看,653
5724063,BV1Rs411C7xp,357,118,1470711517,2016/8/9,163,02:47,992,//i2.hdslb.com/bfs/archive/357ce481db21651b6a6cad3aa8dc493ed3d46038.jpg,81660,48,10:58:37,日常，教你怎么夸别人,231
5633882,BV14s411C7z2,1221,243,1470229364,2016/8/3,516,06:15,1914,//i2.hdslb.com/bfs/archive/1350846c1c1acbb5b5fe390d53d083bfa7d151a2.jpg,112919,162,21:2:44,欢迎收看第三届才艺大赛内附唱歌，跳舞，假唱（蜜汁微笑）日常发疯,910
5630773,BV1xs411C7gp,1340,177,1470218431,2016/8/3,500,02:08,1700,//i0.hdslb.com/bfs/archive/e0810ae970c3105d47120884e56b189016587fe6.jpg,144542,303,18:0:31,我们班的同学就是酱紫,1483
5559195,BV1Ns411C7wM,1048,263,1469838492,2016/7/30,449,03:48,2851,//i0.hdslb.com/bfs/archive/2062e16eb8cf5e27716d1a82f504d732d11fe5f4.jpg,137833,217,8:28:12,童年（小学，幼儿园）那些事   日常,1429
5352207,BV1Ds411y7ZM,1457,964,1468630421,2016/7/16,605,03:32,5764,//i1.hdslb.com/bfs/archive/6c490beed1536e6fdf9801ef300fa2c588172e0f.jpg,354945,357,8:53:41,颓,2454
