﻿aid,bvid,coin,comment,created,date,favorite,length,like,pic,play,share,time,title,video_review
328487296,BV1vA411v7pW,3735,396,1591866020,2020/6/11,3688,01:59,18652,//i2.hdslb.com/bfs/archive/14ab28c90dd208a0395ffa1737a05040cd809987.jpg,266243,1308,17:0:20,赵本山广场舞金曲—酒醉的蝴蝶,476
328422867,BV1dA411q7sS,170,118,1591239721,2020/6/4,286,01:33,4123,//i2.hdslb.com/bfs/archive/14abd8b3d4db45d23072f7c825c3f523e78b7691.jpg,43859,37,11:2:1,【全明星】高能RAP 让你每天乐呵呵,73
925757705,BV12T4y1u7EQ,223,205,1590400848,2020/5/25,407,01:56,4040,//i0.hdslb.com/bfs/archive/66520a8a602e68069f0eb1b214534819598a2ff2.jpg,32001,58,18:0:48,【全明星】好运来 bgm请别停下来,102
840699399,BV1n54y1D7Fq,58556,1622,1589359328,2020/5/13,55386,02:28,99634,//i2.hdslb.com/bfs/archive/a75082641ca1d60cf2400b6a5f094d656810a477.jpg,1156483,12714,16:42:8,【JOJOの奇妙口技】樱 桃 分 你 一 半,3345
667922642,BV1ea4y1471V,5993,850,1588221602,2020/4/30,12958,01:26,32489,//i1.hdslb.com/bfs/archive/e2430bc48dcbc59fc43f52f593a28013140230e7.jpg,470378,4881,12:40:2,屎 羊 羊 与 孙 太 郎,1650
497605311,BV1LK411L7K9,46176,3180,1585624801,2020/3/31,50822,01:44,171978,//i1.hdslb.com/bfs/archive/e409ee009c85d9cc26b4696745cc3cf199d845b8.jpg,1783786,13264,11:20:1,【罗大侠】罗翔VS张三,1895
97314411,BV1N7411R7eC,6592,649,1584529347,2020/3/18,7065,01:22,28760,//i2.hdslb.com/bfs/archive/59a51f07be9155c8007014924952c5f7572a618a.jpg,350380,1866,19:2:27,西海岸匪帮刑法课堂，主讲罗翔唐突rap,499
88528942,BV1x7411V7No,11617,1150,1581566432,2020/2/13,11360,01:30,42127,//i1.hdslb.com/bfs/archive/46fbf33ba5b2339132cc09741e6a4dfce5010f39.jpg,674331,7856,12:0:32,加  密  公  主,2245
88409466,BV1f7411G7Xa,744,278,1581508836,2020/2/12,777,02:06,7332,//i0.hdslb.com/bfs/archive/06b88f2b1ac098abd223f0f3ff268f1df06717c2.jpg,54781,147,20:0:36,【全明星迪斯科】鼠来宝,241
84485950,BV137411e7pB,64066,2635,1579665650,2020/1/22,85291,01:25,179042,//i2.hdslb.com/bfs/archive/58245e68b9f3ba7ad63d626f20e47c804ee28176.jpg,3129216,54062,12:0:50,拉 粑 粑 小 魔 仙,13407
82899838,BV11J411H7hD,6759,791,1578711651,2020/1/11,4361,03:55,50531,//i0.hdslb.com/bfs/archive/d7015167befc8fd26a91c9ef6b1a145b182c4a65.jpg,577695,666,11:0:51,他点的赞，凭什么我来承担！,2950
82070026,BV1mJ41157Sx,2654,319,1578141906,2020/1/4,2199,03:45,11360,//i0.hdslb.com/bfs/archive/490d806c7a0cc1825a2cfcd3248d39d746d2f355.jpg,240042,1231,20:45:6,【重拳出击】武僧一龙VS蔡徐坤，药水哥准备就绪,572
80232131,BV1nJ411s7bF,3547,202,1577523607,2019/12/28,4518,02:01,15693,//i1.hdslb.com/bfs/archive/682bbdfaa0c755615210cbfdd33681612f21f844.jpg,304543,434,17:0:7,【吕子乔】我是没有脚的火烈鸟-flamingo,257
80792935,BV1xJ411Y7Vp,4884,408,1577440807,2019/12/27,4965,01:27,17009,//i0.hdslb.com/bfs/archive/386b9485161819d0a80b42e21455dd6d15e82fbc.jpg,284160,1445,18:0:7,【古力娜扎】娜娜扎娜娜,427
79824308,BV1zJ411t73D,4676,315,1576735333,2019/12/19,4681,02:23,10923,//i1.hdslb.com/bfs/archive/14b50babdfa449d4247cf8754b922b9ab2fb0472.jpg,143322,1150,14:2:13,【jojo】看（窥）见远方天国，那璀璨的烟火,481
77373057,BV1FJ411Q7Wq,13759,484,1575019805,2019/11/29,15447,01:41,31104,//i1.hdslb.com/bfs/archive/e2b241b121e82b785a013f2f14eafc6186cc4262.jpg,572116,2482,17:30:5,【吕子乔】乔乔的奇妙冒险-泡妞潮流,618
76131028,BV1JJ411m7iH,5961,438,1574062647,2019/11/18,4332,02:11,14832,//i2.hdslb.com/bfs/archive/136780be1da1ff8cd21135e888e33127ca9a6e94.jpg,215687,954,15:37:27,【鬼畜全明星】新津後生仔,369
75065416,BV1GE411v7kk,1883,292,1573280844,2019/11/9,1464,06:37,6900,//i1.hdslb.com/bfs/archive/50a6f70029032331ff8f4af440e62e2495ac2d55.jpg,74654,475,14:27:24,卢本鼠大战蔡徐喵1之鲲的协奏曲,575
71727440,BV17E411k7Tu,5131,665,1571467043,2019/10/19,7989,02:14,19671,//i1.hdslb.com/bfs/archive/8abf291fdc627bde1cf71900f9d801791f5ffac1.jpg,755498,2295,14:37:23,哥 谭 群 侠 传,799
68903751,BV1MJ411u7yz,20957,535,1569405621,2019/9/25,16692,02:33,40624,//i1.hdslb.com/bfs/archive/a73fbc9c780668eb5b8976a5ff86308dc315f2bf.jpg,595200,5286,18:0:21,【全明星rap】山寨机disco,1609
67010960,BV1H4411C7u8,152,190,1567915246,2019/9/8,328,02:08,3939,//i0.hdslb.com/bfs/archive/6548e5a28b94bed42d1674f61fbaa9237096c531.jpg,121045,94,12:0:46,【数码全明星】5G逮虾户,103
66821336,BV1w4411172u,10704,605,1567768013,2019/9/6,6741,02:28,32076,//i1.hdslb.com/bfs/archive/484d5898574c75a9f136b3001495ade80a18c02b.jpg,583623,1506,19:6:53,【党妹rap】小阿党灵机一动，掏出洗脚盆,794
65811228,BV1G4411q7vi,68320,1902,1567051215,2019/8/29,55150,02:07,115713,//i1.hdslb.com/bfs/archive/1e7d50058ec1d304f9f86a8d7c9537718e4538f0.jpg,1764842,14410,12:0:15,赌怪献唱！吃老子超级加倍！！！,5109
61619983,BV1r4411f784,7698,565,1564579594,2019/7/31,12468,01:30,26584,//i2.hdslb.com/bfs/archive/0dba4b57914d69387f40a306337ad22aae5d4199.jpg,432100,1479,21:26:34,【jojo】nobody,641
60760584,BV1Ut411j76D,162971,4608,1564122641,2019/7/26,109803,07:03,222580,//i2.hdslb.com/bfs/archive/ed9a1eded8d0d4d81e2b9c0d931d4a5b57f99e94.jpg,4178864,39790,14:30:41,【监狱风云2】卢本伟饱受欺凌，孙笑川竟放出千年老鲲,20522
57606039,BV1ox411X7Sr,1877,597,1562155254,2019/7/3,1717,02:14,6937,//i2.hdslb.com/bfs/archive/f2ad9b8bb22833b3e0cd6d830feda44943d00cea.jpg,131035,170,20:0:54,【多明星】星之所在,462
57358541,BV1Yx411R7xn,2912,520,1561895147,2019/6/30,2643,01:43,9771,//i0.hdslb.com/bfs/archive/e1fe3ebcb02633ebd389d88d994e36c109706f17.jpg,199746,629,19:45:47,【老新津】主唱孙笑川,348
57007324,BV1Lx411d7ha,50428,1536,1561626686,2019/6/27,56064,02:15,82855,//i2.hdslb.com/bfs/archive/d2af9b460c728c6a316a3bc74ba2d2febc31f47b.jpg,1733471,11373,17:11:26,【jojo】青春jo炼手册,7232
56440618,BV164411u7LT,44624,1124,1561193571,2019/6/22,43160,01:43,59120,//i0.hdslb.com/bfs/archive/12a97700179475989b95264527a1b86104fdb369.jpg,1154117,6955,16:52:51,【jojo】艺术家们如何用口技表演流行音乐,1869
50941399,BV1Z441147oK,583177,10105,1556618200,2019/4/30,457983,03:54,685754,//i2.hdslb.com/bfs/archive/ff82f95f19c05cd2debfb701578da87995a763b1.jpg,15979049,291750,17:56:40,【经典老番】监狱风云1,45443
49868093,BV1Zb411G7Kg,281968,6364,1555732827,2019/4/20,216978,01:39,336593,//i0.hdslb.com/bfs/archive/f106a5017295ba30c76722526e576a90c8fb859e.jpg,7220884,190642,12:0:27,【经典老番】葫芦兄弟,26484
45844985,BV1hb411i7AP,20839,1318,1552190412,2019/3/10,14803,02:07,27942,//i1.hdslb.com/bfs/archive/384e7f50f5daecf45490ac8c820b280a6a84d576.jpg,636267,9303,12:0:12,【梦幻共演】吴亦凡＆蔡徐坤＆孙笑川五环之歌,1779
45617649,BV1Hb411v7rp,14679,1225,1552017635,2019/3/8,10539,01:44,17682,//i0.hdslb.com/bfs/archive/77da1b3fe4420ce11df7459221ab2faad00de1b4.jpg,522397,7926,12:0:35,【药酱单曲】你可往后稍稍吧,2884
45450431,BV13b411q7LE,223,187,1551801619,2019/3/6,397,01:26,2432,//i1.hdslb.com/bfs/archive/fb1e42004a41a9dc26bfea77ebe5fa0ceb6e565e.jpg,205434,177,0:0:19,广场舞大妈表示：不管啥BGM我们都能驾驭,161
42953452,BV1Jb41167CU,27041,1046,1549614704,2019/2/8,20380,01:29,38334,//i0.hdslb.com/bfs/archive/bc7d9ea2b4dbb134e8dcec2bb68e857956a4fb8a.jpg,551946,7740,16:31:44,【好嗨哟】书记大小姐想和我蹦迪,1502
42490459,BV1zb41167cp,71674,1436,1549188013,2019/2/3,59428,02:16,89698,//i1.hdslb.com/bfs/archive/8e13a7a19f9cba2d7b0528adb03dda41c3d9e843.jpg,1735522,27452,18:0:13,【全明星】改革春风吹满地,4631
41832145,BV1Nt411t7JY,47939,3391,1548567328,2019/1/27,26950,01:48,64334,//i1.hdslb.com/bfs/archive/971f794f8feffe797f5d987cfb680bfddd215f84.jpg,1124595,8733,13:35:28,【党妹单曲】染头染头烫头！！,2462
39624202,BV1xt411B7zf,26564,974,1546318855,2019/1/1,18515,02:24,40347,//i0.hdslb.com/bfs/archive/0ba344720f7221b11dbb7bd8e2ea001dca0f0f59.jpg,941927,5248,13:0:55,【朱广权RAP】同你欢度元旦,2452
38975723,BV1gt411C7oE,44241,3979,1545712425,2018/12/25,35166,02:05,54554,//i1.hdslb.com/bfs/archive/7f9ba043eac1f26f1fcbe56c1dc41e15c4d971be.jpg,1796390,15829,12:33:45,【六小龄童单曲】敢问路在何方HandClap,4389
35892821,BV1Qt411U7mE,2376,401,1542196819,2018/11/14,2104,01:30,5792,//i0.hdslb.com/bfs/archive/a4ad5027a603c53edd12d812c43db646f1e6f08e.jpg,185299,383,20:0:19,【王刚单曲】哈喽大家好，他是王刚，今天他要分享《handclap》,198
35797167,BV1pt411U7ds,54979,1311,1542103213,2018/11/13,28238,03:40,45902,//i1.hdslb.com/bfs/archive/63340f95f7546c28cf308646075b5cfca5e96ab4.jpg,1048843,7821,18:0:13,【全明星】年少有为不肾亏,3823
34924450,BV1eb411A7nH,42560,843,1540893607,2018/10/30,27284,03:14,38265,//i2.hdslb.com/bfs/archive/856cf9a3fa57d26a81a02f321a003c7fc22a1550.jpg,1031151,8645,18:0:7,【全明星】沙漠骆驼,3354
34513120,BV1Lt411d76k,28199,698,1540458036,2018/10/25,16078,02:34,22011,//i1.hdslb.com/bfs/archive/29388fdd64e6a1a099d609f3d1f23bd843685fa8.jpg,401488,2378,17:0:36,【高能rap】唐伯虎再点秋香,1555
31688089,BV1HW411y7DG,6258,638,1536919235,2018/9/14,6745,01:46,12312,//i1.hdslb.com/bfs/archive/c7c1ad2fe8bff1cec34fda2282e49d81880bb74c.jpg,626097,2622,18:0:35,【高能rap】华农兄弟的养殖技巧,623
31557808,BV1rW411C78f,92196,1790,1536717657,2018/9/12,67053,02:12,61541,//i1.hdslb.com/bfs/archive/38ea387f21f1933f6b2e95a9f1c234bcd01d6ef4.jpg,1904386,16604,10:0:57,【全明星】隔壁泰山,6102
29813076,BV1WW41197T2,173279,3157,1534759217,2018/8/20,166634,02:40,190572,//i0.hdslb.com/bfs/archive/4af415d245d8dd34bed5a172fca7e2ee3cf60251.jpg,7261689,79307,18:0:17,【爱情公寓】燃烧我的山寨机！,20844
29297470,BV1ws411M7ya,125716,4065,1534212001,2018/8/14,106034,02:42,99921,//i2.hdslb.com/bfs/archive/c95973c6084a70034ed8399849d879ea9533f07f.jpg,2727849,32933,10:0:1,【多明星】That Girl,25337
27258532,BV1Rs411E7AV,12370,2842,1532080801,2018/7/20,12365,02:18,15858,//i0.hdslb.com/bfs/archive/03470c15fa3aa0c2fb6644faeb14e512a6607b8f.jpg,1180257,5149,18:0:1,【走近科学】卢本伟好想你,3455
26152573,BV1ss411V7Aj,13049,901,1530784831,2018/7/5,15838,02:57,18067,//i0.hdslb.com/bfs/archive/da9b41911dc0d96d14033341d72f5f236bc49aab.jpg,1161243,5806,18:0:31,【央视段子手】朱广权：世界杯怎能少了我？,2126
25911364,BV1Cs4115772,23958,1863,1530446457,2018/7/1,21982,02:19,19140,//i0.hdslb.com/bfs/archive/62d18bbfc730d91bfcfe591bce53123faa6af4f7.jpg,939401,6780,20:0:57,【科学单曲】卢大侠❤,4535
25438124,BV1Ms411L7eN,23917,1462,1529743357,2018/6/23,15104,02:26,13104,//i0.hdslb.com/bfs/archive/f2948c1915c7d205804674269b9e73e1bc30b32f.jpg,564589,6628,16:42:37,【五五开】好日子,3576
24576239,BV15W411P7t5,16321,1023,1528520428,2018/6/9,7630,01:44,14194,//i2.hdslb.com/bfs/archive/9412b1e987fbc503852d21efefe338f49b856ed7.jpg,575370,2485,13:0:28,【鬼畜的党妹】头发之歌,1148
23868156,BV15p411R7Le,277,121,1527155200,2018/5/24,489,02:15,806,//i2.hdslb.com/bfs/archive/0a3ba5c163e8a32512fe216f1f675a41f6eddc10.jpg,43566,114,17:46:40,【洗脑向】电击文库老婆团萌物热唱《先进国》,150
23588553,BV1fp411Z77n,27123,1047,1526658929,2018/5/18,14883,02:25,15960,//i2.hdslb.com/bfs/archive/6762d19c41ebf2c4b879babbd81a5f16da91ad4f.jpg,575240,3520,23:55:29,【爱情公寓】绿子乔好开心啊！,2543
20695491,BV1tW411s7rG,18572,913,1520911800,2018/3/13,12702,02:25,10965,//i0.hdslb.com/bfs/archive/92fbac32fdee181b7af749f4137f978cc35a3b75.jpg,512544,3056,11:30:0,【爱情公寓】吕子乔也要吸旺仔牛奶,2074
19852834,BV14W41177Da,11900,895,1519207243,2018/2/21,9141,01:55,9456,//i0.hdslb.com/bfs/archive/074918f73fa73cf49eb6991fca37ddf73a26eb3c.jpg,519262,2187,18:0:43,【央视段子手】朱广权：其实我是说唱家,1226
19527590,BV18W411E7ua,18045,2276,1518516014,2018/2/13,11465,03:28,9812,//i1.hdslb.com/bfs/archive/3488d73f88a1fc6f4e55cd4d426d26d67ae16a7c.jpg,640902,3829,18:0:14,【五五开】卢本伟的广场，无人的走廊,2897
18526860,BV1wW411i7DV,17604,1459,1516448472,2018/1/20,21647,02:10,12592,//i1.hdslb.com/bfs/archive/65f5632d63a42294ffda8d48f3d0baccc11d643e.jpg,1516319,9300,19:41:12,【卢本伟&渣渣辉】贪玩挂,2803
18125192,BV16W411i77H,44169,1053,1515472531,2018/1/9,26672,02:54,15652,//i2.hdslb.com/bfs/archive/6af33190fff09e590eb8912dec0835ee044ef9bb.jpg,970269,6633,12:35:31,【爱情公寓】吕子乔rap反转地球,3653
17340457,BV1oW411b7c1,12454,898,1513504846,2017/12/17,17415,01:42,10374,//i1.hdslb.com/bfs/archive/99445ec42e4971c2674681d6e83f21d7ddf84742.jpg,1003740,6946,18:0:46,【粤语对唱】梁非凡我们不一样,2456
16582326,BV1Qx411V7xi,62967,987,1511431255,2017/11/23,43137,02:29,20603,//i1.hdslb.com/bfs/archive/f9adba5f2c48e763244ebc6306af20cf59cf4f87.jpg,1426078,11116,18:0:55,【爱情公寓】吕小布带你演绎本草纲目,5207
15381431,BV1Wx411g7R5,14844,785,1507978859,2017/10/14,9939,03:21,3239,//i2.hdslb.com/bfs/archive/8e9e34f608ba06f54a44facefda2db914d6d3fc0.jpg,602480,5054,19:0:59,【爱情公寓】我的菲尔普斯山寨机有点骚,2504
14103417,BV1wx411b7kY,8755,548,1504353655,2017/9/2,6215,04:00,1490,//i1.hdslb.com/bfs/archive/97c947c9f9544699f44313ee7f1783c15ca99ec6.jpg,266819,2336,20:0:55,匆匆那年,2122
13539771,BV11x411J73C,8006,718,1503133246,2017/8/19,8409,01:12,1451,//i1.hdslb.com/bfs/archive/ae91bedbe1451bceb95158437f8cf7369417f404.jpg,351442,6829,17:0:46,【我爱打工】我的斗地主大会,1841
13398389,BV1Xx411E7rE,6708,440,1502804118,2017/8/15,3337,07:23,797,//i2.hdslb.com/bfs/archive/2e2a155e945be3a56e24df0e626e7cdfc435f547.jpg,239605,1310,21:35:18,【鬼畜配音】牛仔猫只是个备胎……,3079
13036431,BV1px411p7ad,4629,694,1502031955,2017/8/6,10502,02:21,7793,//i1.hdslb.com/bfs/archive/69699bdc2d0032c1638891962c6f780687c7ad6e.jpg,894378,3145,23:5:55,【黑虎阿福】一口气全念对的阿福,2104
12716503,BV1vx411W7fQ,4806,439,1501327845,2017/7/29,3678,06:34,775,//i1.hdslb.com/bfs/archive/b30daf53ac806c1f1016fd1804f941fe16f59247.jpg,189419,1677,19:30:45,【鬼畜配音】狗店基遇,2041
12410931,BV1Jx411i7F9,11783,584,1500631220,2017/7/21,9371,06:55,2273,//i2.hdslb.com/bfs/archive/caebd433eaaa23ca35272bac270e998e026d40a8.jpg,386213,5092,18:0:20,【鬼畜配音】猫店不养猫，猫店只养狗,4498
12258954,BV1Hx411B7hf,4558,610,1500203280,2017/7/16,4700,03:47,627,//i2.hdslb.com/bfs/archive/96a096e3bc7d7f4a39932563f4f2bad011acdf62.jpg,233572,2164,19:8:0,【神医献唱】电音之王&爱的供养，韭菜爷请求小红红的救赎,2013
12173042,BV1Rx411q7oL,551,177,1499962100,2017/7/14,654,03:14,190,//i1.hdslb.com/bfs/archive/66c2520274dc237e8c79a3ae52a570553a9a96e6.jpg,18376,176,0:8:20,【喵帕斯&洛天依&言和】在你身边,247
12064582,BV1Wx411q7FD,20618,1295,1499670178,2017/7/10,30630,03:02,8395,//i1.hdslb.com/bfs/archive/b4b43b7f3f2edc0a70134868b385a908de45ecfe.jpg,1074170,12732,15:2:58,【假药】贫民百万神棍,5224
11267301,BV1Kx411Y7Zz,12588,814,1497261640,2017/6/12,7718,04:47,748,//i2.hdslb.com/bfs/archive/10ac40937a4f605ed197125b5d81dbcd6c6e7123.jpg,434581,2513,18:0:40,【波澜哥】死了都要爱韩红玩脱了,4927
10446731,BV1yx411m7Lh,8617,730,1494414050,2017/5/10,6005,02:32,726,//i2.hdslb.com/bfs/archive/4d2b89dd54d2220148997f2779e48a9855e5ff59.jpg,503282,1003,19:0:50,【高能说唱】papi酱的鬼畜放送,1617
9204059,BV1px411r78K,6337,669,1489677767,2017/3/16,7289,02:41,2022,//i1.hdslb.com/bfs/archive/38a013c4e9d0a0ce07d3be53b819b0d8a5fe0757.jpg,700667,1488,23:22:47,【爱情公寓】吕子乔在胡一菲的次世代灵堂K歌,2377
8421082,BV1Wx41117Wa,37322,1112,1486296472,2017/2/5,39249,02:58,3453,//i2.hdslb.com/bfs/archive/6755d66bb641d42e64d6b1c113fe938ea9b5a75c.jpg,1182709,8611,20:7:52,【爱情公寓】有请爱情公寓吕子乔演唱贫民百万歌星,5578
7642835,BV1Ws411a7bb,1280,224,1482395634,2016/12/22,1720,02:01,263,//i2.hdslb.com/bfs/archive/b9f7d05271b36b951fc0af86f97428fe6ae47947.jpg,99909,857,16:33:54,【尔康】你的名字,645
7230272,BV12s411W7Et,3923,388,1479956296,2016/11/24,3038,03:30,279,//i1.hdslb.com/bfs/archive/a3fe4ab14ebb035d7db7c4268c633f9958b12234.jpg,118090,747,10:58:16,【全明星】鬼畜全明星唱摇摆哥,887
7039439,BV1ts411x7Mj,3225,274,1478772913,2016/11/10,3631,02:41,435,//i1.hdslb.com/bfs/archive/d57466dc9b527f9ded33259af9d729adc289023b.jpg,126394,764,18:15:13,【鬼畜全明星】全明星VS全明星（植物大战僵尸BGM）,672
6288552,BV1xs411r7ak,1871,204,1473930089,2016/9/15,2331,02:59,253,//i0.hdslb.com/bfs/archive/2b22a0007745dc879e07fba492d4361484dd897d.jpg,85328,502,17:1:29,【全明星】忍者,535
4770710,BV1Js411i7eU,6021,350,1464256581,2016/5/26,3845,04:02,566,//i0.hdslb.com/bfs/archive/9d6e48ba8cd6f9de564b86980e47d00983416609.jpg,140734,812,17:56:21,【一起摇摆】缺明星略带感向,2716
