﻿aid,bvid,coin,comment,created,date,favorite,length,like,pic,play,share,time,title,video_review
243411201,BV1Pv41167FE,192620,4966,1591515137,2020/6/7,41963,04:54,502844,//i1.hdslb.com/bfs/archive/160a0780c3d73cd74c9cb5f3eb5daf33f32a5e7d.jpg,3530941,10608,15:32:17,4斤重的烤羊腿！没见过世面的姐姐直接抱着啃...,8462
753342906,BV1Gk4y1r7bk,146340,4421,1590844061,2020/5/30,32093,06:18,273625,//i2.hdslb.com/bfs/archive/a294d33520dba34abebbb36ad6838c481ea2f890.jpg,2988092,7735,21:7:41,为了还原$88一份的肠粉件，炸油条失败了无数遍，做粉皮全靠买课件...,13344
838366407,BV14g4y1i76z,230942,4541,1590206435,2020/5/23,42478,05:10,356699,//i2.hdslb.com/bfs/archive/f3efdd0391bca03d9e6f87f67dfd4f703b56d39d.jpg,3863389,11862,12:0:35,买2只鸡炖一锅汤，金黄浓郁直发光,15279
753140459,BV13k4y1678g,300507,7004,1589286570,2020/5/12,53186,06:27,448638,//i1.hdslb.com/bfs/archive/532d6b89cb1103ea88bc33d57223f87c9bb9475d.jpg,5006578,18880,20:29:30,买一整只乳猪回家烤，烤到手腕酸得动不了,19242
710591467,BV1zQ4y1N7Bm,280516,5639,1588944897,2020/5/8,48535,04:47,399552,//i2.hdslb.com/bfs/archive/a592676f4fff6272cf0b9e1a0c1b036354f9afd7.jpg,3855708,13367,21:34:57,花2天炖8块肉，进来感受下什么叫放纵！,15909
667920966,BV1Ya4y147T6,321652,5536,1588238249,2020/4/30,52139,05:56,457817,//i2.hdslb.com/bfs/archive/b8b856458c803093b9ba8688f2df19b9fbd6bfcc.jpg,4734749,11713,17:17:29,据说买6块钱黄豆能做30包辣片，我做了3天，结果...,19750
327911480,BV1NA41187oc,217242,4911,1587809359,2020/4/25,49685,05:16,356590,//i0.hdslb.com/bfs/archive/815d809810295e1645270ecec60fbdde34061e6c.jpg,4739019,12143,18:9:19,被BBC称作“完美”的炸鱼薯条，这做法想都不敢想。。。,20855
200292774,BV18z411B7Yc,333721,6549,1587126232,2020/4/17,60281,05:30,435313,//i0.hdslb.com/bfs/archive/1f06c852123eb9edf25575db4160322db9df4a42.jpg,4887406,13924,20:23:52,一斤牛肉一碗面，嗦完差点泪流满面。。。,21420
752648729,BV1mk4y197a9,398565,6209,1586518251,2020/4/10,75066,05:29,496391,//i1.hdslb.com/bfs/archive/de1f3a989080c5b46ad6e782e8dbc0fd2a1f1611.jpg,4264791,13298,19:30:51,买20块钱玫瑰，居然能做这么多宫廷糕点，就是累skr人。。。,15487
967567282,BV1Bp4y117LU,481415,7901,1585659407,2020/3/31,78731,06:47,490852,//i1.hdslb.com/bfs/archive/3f38cc9e88a8d85ecf5661b24886a246c317f772.jpg,4232735,16241,20:56:47,卖398一份的米其林招牌菜，自己在家做得花多少钱,21816
97914410,BV1rE411A7Gc,310665,9137,1584702334,2020/3/20,57514,06:45,441256,//i2.hdslb.com/bfs/archive/0d91459dd4dcc409d2f0d74d170d0e82043043bd.jpg,5324409,22435,19:5:34,一女子宅家研习竹升压面，拉伤大腿韧带导致行动不便,26583
94883449,BV1bE411u7VZ,198684,4821,1583751634,2020/3/9,42154,04:52,331062,//i2.hdslb.com/bfs/archive/b3ccb03c95cf4e2cd1a70d8fba978d562e306200.jpg,3790427,14664,19:0:34,宅家1个多月无事可干，煮一大盆咖喱鱼蛋，2口一串…爽,18511
94180858,BV13E411p7pu,414448,8443,1583491779,2020/3/6,217839,04:48,743386,//i1.hdslb.com/bfs/archive/57eb1ce42959938347ac1aec0e5b09e610e94336.jpg,10527304,97509,18:49:39,这就是史上最棒的炸鸡！如果不是，我倒想试试你的,26258
92674262,BV1SE411J7qV,277242,32277,1582978252,2020/2/29,75508,05:48,428319,//i2.hdslb.com/bfs/archive/948d5e77e59c4600f678665c737ee12ac9cd088a.jpg,5788300,31560,20:10:52,龙吟草莓的妹妹：羊 啸 草 莓,117546
90629382,BV1k7411w7jx,144916,2440,1582283958,2020/2/21,20884,05:23,211769,//i1.hdslb.com/bfs/archive/d51b1beb9f41e3a10adc5c7297b0697487f90abc.jpg,3094382,8230,19:19:18,为了拍视频，美食up在日本狂吃一整天，工伤长胖不敢上称,8222
88912747,BV1G7411g7WC,145105,3771,1581672850,2020/2/14,61102,04:11,221697,//i0.hdslb.com/bfs/archive/38050960b057e9e41662118849990b73d6ea7bcc.jpg,3652248,46481,17:34:10,长沙妹子在家自制茶颜悦色，网上公布的奶茶配方是真的吗？,8746
86915106,BV147411H7VT,508866,4888,1580898653,2020/2/5,64496,04:34,512510,//i0.hdslb.com/bfs/archive/78f5ed6cf28e47928f9d576cb7bbd59e9b872e1b.jpg,5375279,23159,18:30:53,宅家7天，试做失传100多年的宫廷菜，把肉塞进豆芽里！,15142
84624712,BV1C7411e7Qa,214932,2999,1579777249,2020/1/23,56085,05:08,284941,//i1.hdslb.com/bfs/archive/f91e176fe5b732fdfd3599bec6a9798507dfdd98.jpg,4215664,16827,19:0:49,一只上过国宴的鸡，酸辣重口，不愧为湘菜之首！拿起鸡腿大口啃，好好过个家香年,15854
83359612,BV1sJ411H7y7,172145,2774,1578999639,2020/1/14,36931,05:37,232561,//i0.hdslb.com/bfs/archive/b1374d75686baa4994d9aa3fd2f5de20306e36e2.jpg,3264971,11776,19:0:39,1个大油饼，包8个烧麦，一口气吃完鼻尖冒汗，浑身舒坦,10153
82313557,BV1YJ411V7jd,272518,7501,1578311112,2020/1/6,61023,05:47,260362,//i0.hdslb.com/bfs/archive/b0c486d2ecc5b1b2ee0ef54ea9633cab4c020097.jpg,2913280,15595,19:45:12,湖南妹子在家自制手工米粉，一碗粉半斤肉，一口气嗦完，爽！,15103
80873007,BV1wJ411e7c4,233183,3530,1577447637,2019/12/27,43185,04:54,334853,//i1.hdslb.com/bfs/archive/7c2e7e55fed148d5311cce25f730752733c96cbb.jpg,5098088,9929,19:53:57,湖南妹子在日本挑战最辣拉面，被当地学生偷拍,16444
80343273,BV12J411s7iF,5922,877,1577097023,2019/12/23,1831,04:45,26741,//i1.hdslb.com/bfs/archive/d7ad606f317f114af872c4c09a9b472d556bc205.jpg,706475,575,18:30:23,外语黑带的我，与圣诞老人谈笑风生，毫无压力。。。,3107
80028218,BV1cJ41147Bt,188392,2159,1576922433,2019/12/21,37675,10:13,239497,//i1.hdslb.com/bfs/archive/813eebbbaf67b38b54c8a3f0b8f5ec21d0890cb1.jpg,3554495,11331,18:0:33,试做最名贵的4种鲍鱼，煮了一个多星期，10000块1斤亏不亏？,19852
79390147,BV1pJ411k7bj,56671,1816,1576412070,2019/12/15,12088,05:22,110106,//i1.hdslb.com/bfs/archive/74b635f973247fb8ca01113318dbc36ec26e2676.jpg,1723952,4854,20:14:30,天天排队的卤味火锅店：喜欢火锅的味道，享受一群人的热闹,9342
78556319,BV1eJ411v7EG,139844,3796,1575810489,2019/12/8,35261,05:08,243414,//i2.hdslb.com/bfs/archive/1eb9671e5bba395e4acbaf74e6c25cc1f4d7151f.jpg,3938721,6796,21:8:9,试吃人气第一的日本火车便当，会比高铁盒饭好吃吗？,13811
77092716,BV1KJ411X7xV,388147,4177,1574767840,2019/11/26,93266,05:41,473241,//i2.hdslb.com/bfs/archive/4feed5c18b5ce741966b65daa3a83b1d9c7dd52e.jpg,5003779,19195,19:30:40,这个up主开挂了！居然在家甩出了印度飞饼,15528
75890006,BV1iJ411U7aJ,62387,6507,1573900585,2019/11/16,14712,04:53,111661,//i0.hdslb.com/bfs/archive/0a0c848f912e4e281c25f87846c5d0e4f0144dfe.jpg,2375355,3302,18:36:25,内脏火锅？听名字差点被劝退，看完口水滴到手背！,6212
74975859,BV1RE411e7SG,36715,964,1573216286,2019/11/8,23069,04:35,71430,//i0.hdslb.com/bfs/archive/d48c09686629f7239bc0d1a2188f1803359e1859.jpg,1236889,3929,20:31:26,肉丸：我虽然长得丑，但只要你咬一口，瞬间变舔狗！,2663
74425136,BV1xE411b7ht,11514,1114,1572782263,2019/11/3,9157,04:58,46298,//i0.hdslb.com/bfs/archive/43e10c2fc029f5f704ee1701783c40189764b336.jpg,1431242,5362,19:57:43,每天限量供应的纯手工鱼丸，一盆100多粒吃到撑！！,3668
74184270,BV1kE41187p2,458021,3110,1572621747,2019/11/1,76120,06:25,436527,//i2.hdslb.com/bfs/archive/4e56d2cf784126f98c544c429ece9902bfdb838d.jpg,3488456,15230,23:22:27,一道让所有人都“哇”出来的菜，看完都不知道怎么滚起来的...,14042
73875923,BV1SE411h7Kb,29264,916,1572433225,2019/10/30,7358,06:48,51813,//i2.hdslb.com/bfs/archive/2532602244cd6df3260111638e741b61eb7aaa41.jpg,979847,1365,19:0:25,听说冬天吃羊肉可以不盖被子，那一定是我吃得不够多…丨北京VLOG,3881
73511901,BV1UE411a7b4,23201,853,1572101827,2019/10/26,6182,05:43,59114,//i2.hdslb.com/bfs/archive/deddab551625748893a9e5ee8d56c6f472e1b811.jpg,1614590,1243,22:57:7,6块钱1个的包子，在日本火了100多年，包成这样你会买吗？,7174
71342767,BV1gE411C7J5,153276,2480,1571147443,2019/10/15,71058,06:48,272403,//i0.hdslb.com/bfs/archive/d025720003e2d96d56471932d46efeb6248ef670.jpg,4627255,29212,21:50:43,店里卖88一只的大汤包，在家做会便宜多少呢？会不会更好吃呢？,14371
70765622,BV1DE411f748,5606,696,1570701651,2019/10/10,2134,04:50,25122,//i2.hdslb.com/bfs/archive/2e8f38439441e977ece2e68e4dda0e634d8b527a.jpg,908489,1123,18:0:51,杀一头猪只能取2条，听都没听过的部位到底有多美味？广州美食VLOG,2275
70034606,BV1RE411S7JJ,10070,839,1570190729,2019/10/4,3168,02:07,30888,//i1.hdslb.com/bfs/archive/70be6659d486ff06cece4379a5e27f4615b52124.jpg,748336,1262,20:5:29,鳝的王者【盘龙鳝】敢吃的都是行家，敢做的都是勇士！,1285
69443808,BV1oE411R7So,18471,727,1569816010,2019/9/30,5929,06:41,52045,//i1.hdslb.com/bfs/archive/7d05ebb5521c34e99045e6dbd6e1af86dbcd1018.jpg,1564748,3428,12:0:10,神户牛肉没那么神！100块就能吃到！100块的神户牛和1000块的神户牛有什么区别？,4264
68522370,BV1wJ411g7dH,4939,672,1569071153,2019/9/21,2933,05:13,29524,//i1.hdslb.com/bfs/archive/ab513dbd8e0229c69f181d5293fe97e297ac06df.jpg,972736,1029,21:5:53,只有6个座位的日料店，一份便当498，试吃一下是什么味道,3509
68388794,BV1wJ411G74B,9143,1061,1568980578,2019/9/20,6495,04:29,38263,//i2.hdslb.com/bfs/archive/078a418684a12703a40886caf328f232a3da4c9a.jpg,1114435,5396,19:56:18,足足装满3只大闸蟹的巨型汤包，晃起来像肚皮一样duang~duang~,3658
67972026,BV1SJ411c7WJ,8708,813,1568631066,2019/9/16,5096,04:18,36713,//i1.hdslb.com/bfs/archive/58282e04af0fc93b7002e5f922459ee45378c448.jpg,1120119,2552,18:51:6,不孤独的美食番：用1000块的和牛煮毛血旺，想吃什么就放什么,3075
67882639,BV1XJ411A7JQ,14358,945,1568550268,2019/9/15,6768,05:47,33885,//i1.hdslb.com/bfs/archive/a25b3d75dfc9d811f8adb2db68885797afd922ba.jpg,958904,4898,20:24:28,火爆30年的煲仔饭和经营20年的黄鳝饭，反正吃完都长胖。。。顺德美食VLOG,3339
67588489,BV1NJ411N7e1,3071,687,1568369648,2019/9/13,1485,17:03,10293,//i1.hdslb.com/bfs/archive/95ad4bdc95b9fbffe76a5c3993dbab28ee6fbcfa.jpg,292261,475,18:14:8,送什么能让异性朋友记你一辈子？6种礼物！硬核测试！,2788
66802586,BV1U4411y7Ef,7393,523,1567770038,2019/9/6,9754,04:43,30927,//i2.hdslb.com/bfs/archive/80e749cd8224142412d12a1fa4d4a4b1c8180c8c.jpg,758820,1419,19:40:38,只存在于二次元世界中的柠檬派，我把它带回来了！,2475
66349194,BV1u4411173L,9881,474,1567396849,2019/9/2,8207,03:17,28697,//i1.hdslb.com/bfs/archive/bb7175c9452285eda630c7fcb11d9cf17de9113b.jpg,681504,1421,12:0:49,日本人气咖啡店的【魔鬼蛋三明治】保你吃得渣都不剩！,1236
64932376,BV1c4411R73f,30101,3263,1566492012,2019/8/23,11622,10:28,46466,//i1.hdslb.com/bfs/archive/10d1ee7333f6abc815ad8c88a0e4be4f5302d8b1.jpg,1201349,5751,0:40:12,半夜撸串还要排队，先来40串牛肉开开胃【长沙美食图鉴06】,20097
64578952,BV194411R7aH,14963,760,1566305345,2019/8/20,20377,02:15,33811,//i2.hdslb.com/bfs/archive/2aa8dfda221fae2cc63334fd60103d92a56ec44b.jpg,716359,3698,20:49:5,超美味的【番茄肉盒】微波炉5分钟就能做！绵羊生存料理26,1173
63980680,BV1G4411Z7WV,55613,1381,1565957433,2019/8/16,21401,08:02,72855,//i2.hdslb.com/bfs/archive/8003da0bf2d5d7e02f844c4a76bbebc6cf081404.jpg,954454,8540,20:10:33,百万粉丝的UP是如何制作一期美食视频的,5074
63884614,BV1B4411U7KH,11060,1051,1565882283,2019/8/15,4450,06:13,25928,//i2.hdslb.com/bfs/archive/0d19027981d8ed3d6507bb76ea0ec8d76f871a4b.jpg,712446,2821,23:18:3,燃烧吧！剁椒鱼头！！长沙美食图鉴05,3402
63593452,BV1S4411S7dt,3261,964,1565755259,2019/8/14,1422,07:14,16717,//i1.hdslb.com/bfs/archive/c406f3c28c04166ec938c9f6ec793ab19b63b506.jpg,482453,565,12:0:59,跨越2000公里参加up主面基会，刺激的蒙眼撸串大挑战…,4591
63583878,BV1Z4411S7bN,23695,995,1565710794,2019/8/13,20829,03:46,45771,//i0.hdslb.com/bfs/archive/7349443cfd35029b782763c0e9ea6a2786c457be.jpg,1076035,4471,23:39:54,一整块金黄色的饭焦！在家也能做出完美的煲仔饭,2104
62956491,BV1M4411X751,11854,1310,1565359513,2019/8/9,8552,07:29,32876,//i1.hdslb.com/bfs/archive/b42eed437449728f6e276d60022dcbc3856dbc91.jpg,1053010,5625,22:5:13,用一锅牛肉煎4个生鸡蛋，竟然是终极拌饭神器【长沙美食图鉴04】,4736
62490055,BV1Qt411K7Ks,7003,622,1565096464,2019/8/6,5332,04:24,23487,//i0.hdslb.com/bfs/archive/bc6c091189527e4b22f5088e6ba62c28b4bd94fc.jpg,455764,897,21:1:4,赶在七夕前，送你一份少女心爆棚的马卡龙蛋糕！,1679
62070503,BV1At411g7Xw,11977,1011,1564841261,2019/8/3,14555,02:57,41586,//i2.hdslb.com/bfs/archive/abfadce02a14da426a7345d40eda36cfdcf51233.jpg,1386937,2452,22:7:41,一只猪身上只有两根，教你做比里脊更嫩，比排骨更爽的孜然寸骨！,1591
61741515,BV1Jt411F7Th,8869,1261,1564657892,2019/8/1,6208,07:15,25668,//i1.hdslb.com/bfs/archive/14be6f2894eb24865cb7560f96191db86902a55e.jpg,947726,5797,19:11:32,长沙最辣TOP3，吃完我的嘴巴都肿了！【长沙美食图鉴03】,3971
60811364,BV1Xt411j72D,4917,1316,1564142423,2019/7/26,2337,13:03,19152,//i0.hdslb.com/bfs/archive/533c72004ea1830dbd10c98c363e1e02aa842ff9.jpg,654710,1116,20:0:23,广州早餐真浮夸，龙虾蟹黄配河粉，然而…,7065
60773997,BV1kt411j7jv,11500,1132,1564106947,2019/7/26,7664,09:36,29443,//i2.hdslb.com/bfs/archive/edc48b19da46926a72d7f9527d09007dadcfff54.jpg,1063933,4452,10:9:7,只在深夜营业的粉店，环境简陋，老板邋遢，价高量少，生意就是好【长沙美食图鉴02】,5927
60446564,BV1kt41177mo,11840,1005,1563885585,2019/7/23,16697,03:42,26148,//i0.hdslb.com/bfs/archive/a9078b24b5dc123e6a22e44538a50051f9ce30e6.jpg,623850,2855,20:39:45,炒一碗有灵魂的番茄炒蛋，从选番茄开始,2140
59583054,BV11t411g7pk,12122,1173,1563363506,2019/7/17,3558,09:23,20058,//i2.hdslb.com/bfs/archive/fda6761355ff9fa045dfb6c6a4f92fbc8582c4ba.jpg,620226,1599,19:38:26,烤蛇！烤牛蛙！为了第一时间吃到【人生一串】同款烤排骨，我足足等了1个多小时《长沙美食图鉴》,5774
58962217,BV1zt411L7BS,3207,1075,1563105608,2019/7/14,2208,01:09,15362,//i2.hdslb.com/bfs/archive/50bc4fdf0443cf56a3b04e4751c7c7294e591406.jpg,597736,1865,20:0:8,吃吃吃！游客在长沙吃什么？老土著又在吃什么？【长沙美食图鉴】预告片,592
58635582,BV1sx411f7R3,11303,1141,1562762553,2019/7/10,7224,10:34,32444,//i1.hdslb.com/bfs/archive/1f2fce0a1ba1b27a4c78dce8f617e1d6e3afc42e.jpg,1385483,4004,20:42:33,大半夜吃火锅，生牛肉配生鸡蛋，大口吃肉别怕烫！顺德美食vlog,5922
58020345,BV1b4411c7bE,12838,1098,1562385605,2019/7/6,5289,08:44,26268,//i1.hdslb.com/bfs/archive/ff3be58c037e3e721244caa636b894fe85b7baad.jpg,747346,2651,12:0:5,香港卖$1000一份的花雕蟹，这里只要￥238！主角居然不是蟹？顺德美食Vlog,4844
57125904,BV1wx411o7qX,12792,1052,1561809659,2019/6/29,26012,04:11,35563,//i1.hdslb.com/bfs/archive/893ed6417fe9c14fb295fddbe10645de9c7ec38c.jpg,913380,3262,20:0:59,从动画中穿越而来的奶油炖菜，闪着大橘色的光,2089
57030598,BV1ex411d7su,11642,882,1561640930,2019/6/27,4581,07:41,21978,//i1.hdslb.com/bfs/archive/65b96e9e2ba2f3fac96c27a670b7fa0b34c83d77.jpg,488935,1190,21:8:50,用湘菜大厨的口味虾秘方，做一份创意长沙菜！,2494
55464948,BV184411P7Zy,6802,1099,1560421960,2019/6/13,2849,08:35,18765,//i1.hdslb.com/bfs/archive/a8aa5077f86e2f3c1a9196cc88ed9785a7c78e18.jpg,727254,750,18:32:40,150元一碗的石锅拌饭，卖了60年，生牛肉只有一小碟,3242
55242058,BV1c4411K7Uo,14198,1096,1560230092,2019/6/11,4904,18:33,27379,//i2.hdslb.com/bfs/archive/34e2e9fb880235e7b77e08fa102ca0e5b984cbcc.jpg,714622,1394,13:14:52,厚厚的奶油下，竟藏着浓郁的咖喱乌冬面，这是首尔最棒的一餐！,8853
54286077,BV1o4411J7yn,9313,1153,1559396041,2019/6/1,7398,03:33,19151,//i1.hdslb.com/bfs/archive/26a99e65962bd60350a68f2999c8df612ac9a7e1.jpg,434145,1368,21:34:1,做一次就成功破解的黄鳝啫啫煲！好吃到原地爆炸Ｏ(≧口≦)Ｏ,289
53566180,BV1E4411s7kV,11175,782,1558785413,2019/5/25,9002,04:07,27606,//i1.hdslb.com/bfs/archive/40eb479eda46d09ee79f9aac6ccc41f6a2cc172e.jpg,784477,1307,19:56:53,做一次咖喱大包，吃一星期的面包渣( ＿ ＿)ノ｜,1604
53124496,BV1S4411j7QW,14524,2419,1558411212,2019/5/21,9295,10:26,36413,//i1.hdslb.com/bfs/archive/cc1e25123264d521ac0610b3102ddc74df0fec59.jpg,1700136,2913,12:0:12,第一次见到膨胀成这样的卡路里，店里所有人都在吃！广州美食VLOG,10304
52624291,BV1b4411J7yQ,3864,1001,1557992442,2019/5/16,2055,04:00,12636,//i2.hdslb.com/bfs/archive/94baf06e0647bec17d29d4b8e774162cf3e10929.jpg,425883,1076,15:40:42,我在广州最美星巴克，提前尝到了最新款的星冰粽！,1578
52255115,BV1w4411a7LC,9995,839,1557651614,2019/5/12,8166,03:38,21549,//i2.hdslb.com/bfs/archive/2a52b819ce6c8111a2c5acc1f4e563103f034c64.jpg,598575,949,17:0:14,神仙墨鱼扒为什么这么弹？难道真要加橡皮筋？！,1658
52080252,BV1f4411Y77k,18950,2460,1557540050,2019/5/11,11591,10:33,36850,//i2.hdslb.com/bfs/archive/f376d6078732c894b38fc5955e3d2a14dc16fa12.jpg,1477677,3748,10:0:50,宰一整头牛才能出两盘，到底是什么部位这么稀有？？？广州美食VLOG,8284
50974833,BV1g4411t72Z,8399,882,1556633653,2019/4/30,11559,03:48,21559,//i0.hdslb.com/bfs/archive/5d9c9264b2fec615091a7cf3774e30ad1e673453.jpg,544472,1712,22:14:13,把星空的味道装进葡式蛋挞，如此梦幻的下午茶不了解一下？,962
50682431,BV1n4411b7a5,7017,1828,1556424028,2019/4/28,2653,08:07,23249,//i2.hdslb.com/bfs/archive/57a4bc8a7ef3050044ac0cc801d8633eccd24a18.jpg,611351,456,12:0:28,熬夜做了200份甜点免费送给路人吃，结果。。。,2427
50469167,BV1K4411h7y5,5167,675,1556206525,2019/4/25,1611,08:07,12216,//i2.hdslb.com/bfs/archive/94cfb86b33f3e4b29bef0b7cf6429195456ef298.jpg,320391,513,23:35:25,借粉丝宿舍做袋鼠料理，是怎样的体验？墨尔本美食VLOG,1589
50352422,BV1H441187hH,104018,1798,1556105887,2019/4/24,53355,04:33,140652,//i2.hdslb.com/bfs/archive/a2dd8cb57196912e556c0281e835025ddcd0e567.jpg,2833820,6782,19:38:7,用39元的牛肉，能做出天天排队的日本网红炸牛排盖饭吗？,3462
49025018,BV1Tb411K7LL,11933,1107,1555041636,2019/4/12,9255,05:26,22756,//i2.hdslb.com/bfs/archive/d3ef3d18ca26d3ad51f1c1637c43393aef827101.jpg,824915,3011,12:0:36,比脸盆还大的咖喱大包，网友：想把头埋进去吃,4336
48383127,BV1yb411g7hq,65376,1780,1554464657,2019/4/5,37306,04:52,111033,//i1.hdslb.com/bfs/archive/73edfc6afc6c7596e9a84eebd04420d9dfdf966a.jpg,2824290,7125,19:44:17,从半夜烤到天亮，我终于做出这碗发光的鳗鱼饭！,4976
47785259,BV1Zb411W7C9,11056,1216,1553950569,2019/3/30,5628,06:00,18039,//i1.hdslb.com/bfs/archive/1fa55f912e643c1732d809c5f402a293a646436d.jpg,581753,3347,20:56:9,别人学校的餐厅，居然是米其林推荐！澳门美食VLOG,2652
47404558,BV1Vb411t7aA,6044,866,1553596757,2019/3/26,4137,05:23,16928,//i2.hdslb.com/bfs/archive/72808214eb02a964ae41500bcf168eb773e38265.jpg,744845,2115,18:39:17,第一次去澳门，喝到一碗怀疑人生的水蟹粥丨澳门美食vlog,1927
46212186,BV1jb411H72T,19778,584,1552536018,2019/3/14,17021,01:32,28062,//i2.hdslb.com/bfs/archive/24670273719108406dd44dc2766f54926eb89487.jpg,561722,1688,12:0:18,颜控必做！微波芝士年糕炸鸡便当,472
45833378,BV1jb411i776,41325,1413,1552190412,2019/3/10,22817,05:44,50855,//i0.hdslb.com/bfs/archive/46adad516fdff50ac0549cb816ecd9b91b93d278.jpg,1041119,3759,12:0:12,人均9块9，自己在家做烧鸟！,2668
44767584,BV1fb41187Qt,16990,802,1551179656,2019/2/26,6018,06:20,30170,//i2.hdslb.com/bfs/archive/3df0d23a625af175c2aa74d65c248aec65195f49.jpg,1030091,1679,19:14:16,这是我吃过最重口的拉面，见过最帅气的老板丨东京美食VLOG,3645
44308366,BV1Jb411h72T,7699,830,1550762644,2019/2/21,4070,06:02,20084,//i2.hdslb.com/bfs/archive/5d56bfac96268d181b0051686055f66410f9f305.jpg,890994,2110,23:24:4,东京Top5的猪排饭，排了2个小时才吃到丨东京美食VLOG,2036
43673305,BV1Cb41127g5,30940,2479,1550236272,2019/2/15,13935,08:30,33526,//i0.hdslb.com/bfs/archive/dc127116d3048009b8898c11b6edd6422b9875f0.jpg,1055772,3781,21:11:12,跟风排队，居然吃到东京最强海鲜丼丨东京美食VLOG,5213
43211473,BV1kb411S7fb,8087,1265,1549869327,2019/2/11,8170,07:40,22486,//i1.hdslb.com/bfs/archive/ad1fd8e3c655a3e17275c08e6929244ac8ada947.jpg,1214052,3840,15:15:27,在日本，体验人均100和1000元的寿司丨东京美食VLOG,3687
42902270,BV1Lb41167tJ,9964,1130,1549554771,2019/2/7,5573,08:44,23771,//i2.hdslb.com/bfs/archive/83648914b782d4948b56694b9e9fc834d717e17c.jpg,1151190,3300,23:52:51,晚上十点半，一起撸个串！这里就是《深夜食堂》的原型丨东京美食VLOG,8747
42729200,BV1Qb411r7EL,10951,1068,1549369286,2019/2/5,10751,06:41,29171,//i2.hdslb.com/bfs/archive/4cf66500846979c16cf8f515b5eedbfb1b586517.jpg,1528201,5865,20:21:26,在东京吃火锅，人均200牛肉任吃不限量！你能吃回本吗丨东京美食VLOG,4261
42187782,BV1qb411y7dx,3905,3231,1549022432,2019/2/1,4052,04:00,13833,//i0.hdslb.com/bfs/archive/f260cf1782cac6320af6ca4109d49bc78fee33ee.jpg,424380,1178,20:0:32,一条鲤鱼是如何一步步被掰弯的？看完你就学会了！,1568
42293473,BV1Jb411k7LF,2912,741,1548979213,2019/2/1,2439,05:55,11113,//i1.hdslb.com/bfs/archive/163d589fb728cc058aa896451442051d376eba47.jpg,454532,725,8:0:13,一枚小小的蛋挞里居然暗藏和牛，上海的美食都这么blingbling吗？,1601
41554396,BV1Yt411b7gX,5569,980,1548327620,2019/1/24,5384,04:53,13266,//i2.hdslb.com/bfs/archive/be53eae31d5787848d092685ff9a6a24acd9cf18.jpg,357071,921,19:0:20,老家的这一碗纯手工蛋卷，是在城市里打着灯笼也找不到的年味！,1830
41133723,BV11t411a7Lv,2787,373,1547892645,2019/1/19,526,05:43,5694,//i0.hdslb.com/bfs/archive/b9cc1d6aa130f7dfb08477bdd6be7279575501b7.jpg,293068,288,18:10:45,在上海感受冬天的温暖！原来扮成一只熊跳舞，是这么累的…,573
40989407,BV1Qt411h73h,6203,562,1547741070,2019/1/18,7904,03:43,11657,//i1.hdslb.com/bfs/archive/987bb427b201d3e5bfcd0942bb6a69d3119c2105.jpg,255968,1003,0:4:30,无论任何天气，我都想干了这杯【青柠香茅冻】吸溜溜~,633
40401869,BV14t411p7qz,8603,731,1547123886,2019/1/10,16016,04:21,17469,//i2.hdslb.com/bfs/archive/ab527b0abb8c673211c54f89f1b01871868dece0.jpg,575906,3339,20:38:6,一盘合格的【烧汁虎皮尖椒】远不只是把肉酿在辣椒里丨绵羊料理,1429
39697758,BV1Ut411B7bx,3114,843,1546366614,2019/1/2,3123,05:34,10584,//i0.hdslb.com/bfs/archive/d3323161b03301fa481aba20cb369ad8a1dff514.jpg,574097,1279,2:16:54,鸡汤·豚骨两开花，这才是好吃的拉面啊丨和绵羊在香港吃3天VLOG,1965
39599978,BV1Et411B7xT,3361,734,1546284750,2019/1/1,2261,04:52,11981,//i1.hdslb.com/bfs/archive/4f05185a8d2481ae732c6ebe427016c92727f67d.jpg,626503,1067,3:32:30,早上吃泡面，中午居然吃到了米其林三星！人生大起大落得太快，实在太刺激了丨和绵羊在香港吃3天VLOG,1351
39538845,BV1Yt41167Mm,4011,951,1546260069,2018/12/31,4210,06:30,12596,//i1.hdslb.com/bfs/archive/86d48d5c318e59b95107fd1f7b0388348cd508e3.jpg,942799,1975,20:41:9,我等了4个小时才吃到这碗神仙饭！一碗$130，晚上9点半前没位子丨和绵羊在香港吃3天VLOG,2830
39333166,BV1Bt411z7Fe,3323,876,1546090168,2018/12/29,3202,05:45,10420,//i0.hdslb.com/bfs/archive/5767a4f48bcb39990f810b02e9d53df1373c6ad6.jpg,585740,1623,21:29:28,全世界第一家米其林拉面，会好吃到上天吗丨香港美食VLOG,2025
38600449,BV1ct411Y7is,13103,1232,1545310338,2018/12/20,24696,03:35,29103,//i0.hdslb.com/bfs/archive/5f2fccac6e2442464eb14b1e87675121dbe91ed5.jpg,1150753,3102,20:52:18,我膨胀了，居然敢破解米其林餐厅的饺子,1843
38221651,BV1Bt411i7qP,7091,709,1544869404,2018/12/15,11729,03:03,12932,//i0.hdslb.com/bfs/archive/2e57b754391ed480901d1df92de9e28c85e6933b.jpg,375895,2102,18:23:24,离家很远有时又很近，来碗番茄疙瘩汤取暖吧丨绵羊生存料理,912
37608385,BV14t411S7cM,7783,2426,1544184941,2018/12/7,2347,03:45,10116,//i0.hdslb.com/bfs/archive/0458398d3f8d0a4fdb80d1e5dce515bcc4d6e935.jpg,170150,494,20:15:41,别再去买圣诞杯了，教你做一份限定礼物丨VLOG 01,2061
37018827,BV12t411Q7Dv,3270,625,1543491084,2018/11/29,3371,04:07,7327,//i0.hdslb.com/bfs/archive/eceda8c02152cf32a9f793f02d6bf8ba87ebc04d.jpg,256493,1600,19:31:24,一到冬天，整个长沙都是【鱼籽鱼泡火锅】的香气，此视频极度舒适！,1107
36533228,BV1ot411C7qJ,3168,527,1542905502,2018/11/23,4586,03:20,7640,//i1.hdslb.com/bfs/archive/0b85f36a990b07e10e803b4120b44ff3521c400e.jpg,263440,771,0:51:42,我永远喜欢樱岛麻衣→爱吃的【奶油面包】,498
36015882,BV1Ut41127eA,3278,397,1542278733,2018/11/15,6408,01:36,7670,//i2.hdslb.com/bfs/archive/5b46bae5a469d5c294e36071d6b1980fe70bebdf.jpg,316270,1378,18:45:33,天冷了，用【泡菜豆腐海鲜锅】暖暖身！还可以加泡面噢,316
35554792,BV1vb411c7kf,14443,649,1541678161,2018/11/8,27218,03:30,25029,//i2.hdslb.com/bfs/archive/e8adbd1ba98813a0c4aa0a4925bde8ed96840477.jpg,730257,3459,19:56:1,从大阪学回来的【大阪烧】在家轻松做，简单又正宗！,898
35073834,BV1bb411P7nx,6358,3554,1541075222,2018/11/1,4140,12:12,11475,//i2.hdslb.com/bfs/archive/55c0d893e84ce2c3e6f2d559de29df7a4bf927a6.jpg,461454,1702,20:27:2,日本什么最好吃？当然是炸牛排盖饭！绵羊的关西美食之旅VLOG,2497
34796908,BV1ib411N7EU,9164,673,1540725300,2018/10/28,6096,04:40,13429,//i1.hdslb.com/bfs/archive/76b6eeaca2564b08d739a74ecb046becac9d8541.jpg,368363,1614,19:15:0,霍格沃茨【酥皮烤鸡】不会魔法也能做！,1472
34105324,BV16t411d7oB,4598,499,1539866325,2018/10/18,2525,03:18,12826,//i2.hdslb.com/bfs/archive/e66d80709391159c55b329a264517166fd4ee071.jpg,447377,631,20:38:45,都说没几年功夫不要做【三不粘】我用了几十个鸡蛋居然Duang了~,856
33914097,BV1Ht411Z7yM,1488,354,1539604447,2018/10/15,1264,03:45,4681,//i2.hdslb.com/bfs/archive/de1e51348dc462bce56dd433c4b140bc84cc9917.jpg,243430,419,19:54:7,可以吃的欢乐豆！一个不用模具也能做的蛋糕,439
33626290,BV11t411f7sD,3790,392,1539261860,2018/10/11,2144,03:56,6809,//i0.hdslb.com/bfs/archive/5915794aee16bc302c67d498ec58a0ca0b226a93.jpg,214754,721,20:44:20,大胖蟹！年度硬菜【红蟳米糕】一看就会！一做不废！,746
32987460,BV1uW411U7o8,5113,1173,1538568057,2018/10/3,6499,03:26,13960,//i0.hdslb.com/bfs/archive/36ab8b63fc7d822404d573cc6d330d51e12df9c6.jpg,519524,1133,20:0:57,咬一口自己做的苹果糖(っ °Д °;) 耳朵碎了~,2230
32575232,BV19W411U7xx,2118,274,1538037712,2018/9/27,4013,01:57,5069,//i0.hdslb.com/bfs/archive/f7ae56130b3c75f0ae90c86598ea135179b8253a.jpg,195288,1040,16:41:52,养生宅秋季营养餐，电锅韩式药膳羮！,235
32390975,BV19W411z7NE,3867,537,1537790727,2018/9/24,8883,04:19,9120,//i0.hdslb.com/bfs/archive/a22ec83470c28ae4a6aadb62349d0da53f2dd739.jpg,341001,1448,20:5:27,来一份《中餐厅2》同款盐酥鸡吗？啊～真酥！,1391
32105198,BV1ZW41167Z8,4010,683,1537444841,2018/9/20,1232,08:45,6462,//i0.hdslb.com/bfs/archive/4a8456ce44c0c6237a34f02810b94fcb3ef46fd2.jpg,210446,1774,20:0:41,低卡健康的无糖月饼，只送最好的朋友！,2776
31649524,BV1fW411C7pU,3185,892,1536845049,2018/9/13,5747,05:46,8021,//i2.hdslb.com/bfs/archive/6f5e6c68b830d6a07ac5695f22a8a8217593eb1a.jpg,270413,1263,21:24:9,你们要的冰冰的月饼来啦！(´Д｀ )来数数有多少个步骤...,939
31211372,BV1nW411d7VH,4162,493,1536233082,2018/9/6,2305,03:18,7950,//i2.hdslb.com/bfs/archive/ffca9a8d8e3e919a347e5ada460eebb8e768957c.jpg,278864,605,19:24:42,吹弹可破的软壳蟹，这个配方做虾也超好吃！,630
30721467,BV1AW411f7Cs,4120,593,1535631065,2018/8/30,11015,02:28,9623,//i0.hdslb.com/bfs/archive/6b2a455827a2ca24abdce4795888777cd5d7ee48.jpg,436660,1492,20:11:5,开学了！教你一道嗨翻宿舍的绝品炒泡面！,694
30116592,BV1xW411X7uR,4196,593,1535022608,2018/8/23,5147,02:41,7561,//i2.hdslb.com/bfs/archive/385b49df4cf9ccdbf917fe7062a09bfc9a859173.jpg,265846,896,19:10:8,穿着豆皮外衣的鱼虾滑，吃吧吃吧别客气丨绵羊料理,1099
29524554,BV1mW411R7g8,2582,1038,1534420212,2018/8/16,1981,03:18,5540,//i1.hdslb.com/bfs/archive/3f1a67348c104e46a7c6bbd08272b9a477c68506.jpg,164035,511,19:50:12,辣哭魏无羡的【酸辣藕带】七夕给你特别的爱丨绵羊料理,1131
28877283,BV1vs411M7Ug,3603,825,1533749296,2018/8/9,8002,03:06,9539,//i1.hdslb.com/bfs/archive/842ffc71194e572168fc2ac3d380a4394ed989d6.jpg,363166,976,1:28:16,边看延禧攻略，边吃藕粉丸子丨绵羊料理,1220
28444701,BV1Cs41137UF,3033,461,1533299864,2018/8/3,4921,03:24,6838,//i1.hdslb.com/bfs/archive/a03e4506f4b6520cf630ae4d2b61ad29561ece0e.jpg,257505,437,20:37:44,瘦宅夏日快乐冰，贪吃不胖的水果雪葩丨绵羊料理,525
27869845,BV1Ls411A7qE,1415,555,1532702533,2018/7/27,403,15:15,3979,//i0.hdslb.com/bfs/archive/8ddce29d620d47a2c1e9a315df4e965d4c5366db.jpg,178794,162,22:42:13,试吃小哥的生日礼物开箱ヾ(≧∇≦*)ゝ,2096
27281477,BV1is411N7LP,2051,627,1532174444,2018/7/21,2759,07:00,4750,//i1.hdslb.com/bfs/archive/7386f9b02fc63291b713cffd9923e596f4a8dad1.jpg,230408,733,20:0:44,周末的夜晚，不需要一群人的狂欢，一碗【海鲜冬阴功拉面】就足够丨绵羊料理,1514
27036587,BV1os41177sb,2006,3839,1531785657,2018/7/17,3263,04:12,5487,//i2.hdslb.com/bfs/archive/be3488e69c1312d3718a890b517ad49529852dbc.jpg,230692,365,8:0:57,绵羊牌【鲷鱼烧】甜到想接吻~3~丨绵羊料理,1543
26116291,BV1Ls411V7wF,1744,478,1530670219,2018/7/4,2244,02:48,4152,//i1.hdslb.com/bfs/archive/1af81bd7dae51c3f021fea7bd418ac668fbb6e9d.jpg,212708,382,10:10:19,看似单调无味，吃起来津津有味的【抹茶茶泡饭】丨绵羊料理,580
25406646,BV1Bs41177SD,3411,592,1529685062,2018/6/23,9943,01:24,7880,//i2.hdslb.com/bfs/archive/c7ede159830c1f20dd7e899f78883b30ef99d3f1.jpg,492788,1164,0:31:2,【生存料理】花10分钟给自己煮一碗番茄拉面吧！,402
25074850,BV1WW411c736,2116,450,1529225012,2018/6/17,3654,03:36,6185,//i2.hdslb.com/bfs/archive/c69ab408735160351c03205c21728cdb5b5815ab.jpg,325896,551,16:43:32,听名字毛骨悚然的【棺材板】吃到嘴里居然真香丨绵羊料理 #深夜报社#,704
24574055,BV1wW411P7dr,1178,508,1528483305,2018/6/9,1212,05:37,2713,//i0.hdslb.com/bfs/archive/5d340b39e6f8f33c20090f2ccdf3ef2d68962906.jpg,125082,370,2:41:45,甜粽的美味巅峰！甜中带咸的【蛋黄莲蓉碱水粽】丨绵羊料理 #深夜不打烊#,684
24225035,BV1TW411N7s1,515,252,1527852652,2018/6/1,918,03:08,1401,//i0.hdslb.com/bfs/archive/b9bcaaa7cf5ecb5cc18575f352951f2da4c9dce1.jpg,116653,166,19:30:52,麻麻，再爱我一次！我要带着你做的【彩椒烙蛋饼】游中国丨绵羊料理,440
24210245,BV1QW411P7Bq,2046,396,1527797334,2018/6/1,3551,03:48,4221,//i2.hdslb.com/bfs/archive/d724aedcc056f6f9c8d254da51fc92b60eea3a83.jpg,272597,788,4:8:54,期待了一整年的新加坡【辣椒螃蟹】配油炸小馒头~香到吃手手丨绵羊料理 #深夜报社#,767
23762493,BV1pp411o7Gh,727,298,1526948818,2018/5/22,1373,02:30,2278,//i1.hdslb.com/bfs/archive/71f0b383f6a7ce369908e9c2fdd0977ee0b3391c.jpg,155639,293,8:26:58,不能去看世界杯【战斗民族健康餐】了解一下丨绵羊料理 #深夜报社#,427
23569700,BV1Pp411f71U,1526,528,1526573652,2018/5/18,2765,05:24,2967,//i0.hdslb.com/bfs/archive/2b992e7d62212e90125d22f30eebda77d355b91c.jpg,274897,293,0:14:12,全程历时1个月，一起来腌【日式红紫苏梅】吧丨绵羊料理,506
23471996,BV1ep411Z76V,1712,436,1526386508,2018/5/15,7677,03:59,5610,//i2.hdslb.com/bfs/archive/ac5f29fe3a78c6c7b22451750ad21c017facb1c6.jpg,263598,817,20:15:8,美过初恋的糖渍樱花&水信玄饼丨绵羊料理,805
23302784,BV1WW411F7Uu,3755,570,1526050766,2018/5/11,7424,02:44,5274,//i0.hdslb.com/bfs/archive/39b75916da7012a52fd5b8aec0d99580524706f5.jpg,239949,1376,22:59:26,法式生存料理【电饭锅红酒炖牛肉】变着花样活下去ψ(｀∇´)ψ  #夜深了，请放毒#,558
22888433,BV1rW41137cr,2088,586,1525276803,2018/5/3,3300,03:24,3520,//i2.hdslb.com/bfs/archive/58655e6de10046f12194d3d3f0dd82efd0013460.jpg,228052,540,0:0:3,我绵羊就算饿死，也不会吃一口【羊肉咖喱】…(￣～￣) 真香！,733
22609464,BV12W411G7Ey,1818,488,1524750114,2018/4/26,3195,04:29,3429,//i2.hdslb.com/bfs/archive/915fa62938ba0647d298e227b788c61add69dacc.jpg,166262,400,21:41:54,先学会做笹饼，再找个像巴卫一样的男神（//▽//）丨绵羊料理 #夜深了，请放毒#,945
22304145,BV1RW411V7Yh,2328,427,1524147420,2018/4/19,5890,01:50,3917,//i2.hdslb.com/bfs/archive/c1fb69e8a6905cb4e20509e3c0396de37d12dca4.jpg,206949,859,22:17:0,【冲绳风味电锅炊饭】可以吃出大海的味道噢~丨绵羊生存料理 #夜深了，请放毒#,254
21869941,BV1bW411K7Yh,1469,330,1523274940,2018/4/9,2781,04:57,2730,//i0.hdslb.com/bfs/archive/f16c76b1e680342bc042568f873abd0c9798298c.jpg,239336,412,19:55:40,满满的全是肉！在家做纯手工无添加的【香草鸡肉大香肠】给你真正的口味和实惠丨绵羊料理 #夜深了，请放毒#,790
21691209,BV1PW411M7dp,1423,356,1523016024,2018/4/6,1243,05:01,2719,//i2.hdslb.com/bfs/archive/5fc9e59012091000a50da285ab807d363abc7718.jpg,161694,314,20:0:24,可可岛的【巧克力汉堡】给我海贼王路飞来100个丨绵羊料理 #夜深了，请放毒#,1310
21355187,BV1wW411u7Dm,4054,1000,1522280667,2018/3/29,662,03:24,4967,//i1.hdslb.com/bfs/archive/c0f89ff143e0b7d7f493d85e86a2d30c52702d24.jpg,199917,181,7:44:27,【绵羊的生日Vlog】带试吃小哥吃点好的( ゜- ゜)つロ乾杯~,1616
21317787,BV1DW411M7Cr,3734,735,1522190157,2018/3/28,11479,04:23,11193,//i2.hdslb.com/bfs/archive/90e2f938cfd6fec222852728578c302983392121.jpg,708959,2458,6:35:57,在家自制【香香的烤面筋】可~带劲了丨绵羊料理,1534
21089925,BV1HW411g7LP,2119,341,1521722578,2018/3/22,5544,01:29,3625,//i2.hdslb.com/bfs/archive/a323772d9731e335fe368ac33741d6689d6b5981.jpg,210547,954,20:42:58,鸡汁配萝卜ノ懒人配电锅ノ卤鸡翅便当美滋滋【绵羊生存料理】,192
20977106,BV1ZW411u7qk,1707,376,1521472716,2018/3/19,2908,02:44,2773,//i1.hdslb.com/bfs/archive/cbb972f441358c2c31656dde80f1ade1943fb01c.jpg,172841,673,23:18:36,一闻，二舔，三吃肉，香气弥漫整层楼的【台式胡椒虾】丨绵羊料理,396
20733582,BV1ZW411H7vu,4979,598,1520954672,2018/3/13,30520,01:50,10510,//i0.hdslb.com/bfs/archive/08b1c0b47c8d1501522ee1d1327e2e212aa17414.jpg,744863,4265,23:24:32,极简电饭锅【意式番茄炖饭】丨绵羊生存料理,662
20557110,BV1RW411W7mN,1804,385,1520594815,2018/3/9,3104,03:28,3404,//i0.hdslb.com/bfs/archive/8049b7ba01e08dc2475c21a02abb0d0c122fc206.jpg,195247,514,19:26:55,把夜市里的人气小吃搬回家【炸鱿鱼海鲜饭】丨绵羊料理,450
20416436,BV19W411x7ZW,2277,458,1520266272,2018/3/6,7219,02:18,3353,//i0.hdslb.com/bfs/archive/724d4a7056ec1bfa0652e1ad310459dcd48351eb.jpg,221820,1250,0:11:12,开学给你加鸡腿，电饭锅印度香饭丨绵羊生存料理,365
20405276,BV1zW411x71a,2838,458,1520245495,2018/3/5,2517,08:01,6703,//i2.hdslb.com/bfs/archive/72d18a4fbee1613ce67d9a7e72757ae06cb7a043.jpg,454977,812,18:24:55,清朝宫廷秘方！台北土著疯狂推荐的牛肉面，味道甩网红店一条街丨台北美食VLOG,1512
20244459,BV1QW411s7Pj,2846,729,1519927292,2018/3/2,4016,08:24,9918,//i2.hdslb.com/bfs/archive/53258741d8e43c0aa0ecb01f396ee95ed3237cc5.jpg,965676,1294,2:1:32,台北的夜市：便宜到不敢相信，只恨自己不能再多吃一点丨台北美食VLOG,2752
20063223,BV1mW41147pZ,3066,579,1519576763,2018/2/26,2419,09:29,5099,//i0.hdslb.com/bfs/archive/c43abea79951190ebcfcd17dcf068a4707d4eb26.jpg,384131,1173,0:39:23,完全不输长沙小龙虾！这样的台湾胡椒虾，老板再来一份丨台北美食VLOG,1715
19637255,BV1VW411J7ez,2744,607,1518703182,2018/2/15,4954,08:39,4098,//i2.hdslb.com/bfs/archive/fef824d9f6e05ec4ea3ebd1a8fe35d9c0b8a3169.jpg,174486,797,21:59:42,过年点心【富贵牡丹蛋黄酥】只送最好的朋友丨绵羊料理#bilibili今天吃什么#,2388
19307504,BV1GW411n76H,3479,639,1518084303,2018/2/8,4060,05:39,3793,//i0.hdslb.com/bfs/archive/7b70816a4527b7b9223fbefb758c15fecd2a8814.jpg,245195,1070,18:5:3,比拳头还大！好吃到爆衣的【龙虾蟹钳锤】丨绵羊料理#bilibili今天吃什么#,1623
19216277,BV11W411J73Z,1983,529,1517914546,2018/2/6,7027,04:59,3736,//i0.hdslb.com/bfs/archive/1a3fa73968a17a2c95946d19c60762c6c009e61a.jpg,181161,940,18:55:46,一锅红火的【番茄鱼丸汤】就是创造温暖的魔法丨绵羊料理,1102
19024870,BV1jW411H72J,1437,323,1517526004,2018/2/2,3286,03:57,2223,//i2.hdslb.com/bfs/archive/6f2bdf8c52d94a033ca5eb6d4fa7f3eb7a9eb087.jpg,105914,394,7:0:4,今天就是果酱日！来做帕丁顿熊的【橙子果酱】吧丨绵羊料理,379
18766484,BV1WW411e7LH,2665,1124,1516982720,2018/1/27,9424,03:34,4968,//i0.hdslb.com/bfs/archive/fa4cb2987e8ec8e5a4b2e9ec8d07725f87417df1.jpg,355316,3325,0:5:20,儿砸！妈做了最贵的【胡葱炸面包】你快回来吧丨绵羊料理,1649
18481196,BV1UW411v7nJ,1292,417,1516364123,2018/1/19,2733,06:04,2419,//i2.hdslb.com/bfs/archive/76be2b7b5f6b5d100d6c23b92ef0c06d6846f988.jpg,155456,583,20:15:23,治愈你一切小情绪的【彩绘芝士蛋糕卷】丨绵羊料理,831
18285469,BV1bW411q7dg,1462,518,1515888022,2018/1/14,5684,04:04,2979,//i2.hdslb.com/bfs/archive/ed1b8d2104ef97031904884e1cb26031f67054a4.jpg,252159,563,8:0:22,不论多烫都忍不住塞进嘴里的【奶皮奶黄包】呼呼呼~丨绵羊料理,622
17997501,BV16W411B7nC,2601,547,1515159280,2018/1/5,3207,04:21,2571,//i1.hdslb.com/bfs/archive/60d35cc0cb3fe097245a8a9be7bafdb75b7339e3.jpg,130661,456,21:34:40,海南式炸猪排盖饭，你吃过吗？丨绵羊料理,544
17660307,BV1CW411t7x5,4228,556,1514390419,2017/12/28,7108,03:53,3950,//i2.hdslb.com/bfs/archive/93a2e7481a61aa3db275f39f0b9f65ddb75e3849.jpg,250432,977,0:0:19,多冷的隆冬~来份印度【黄油咖喱鸡】香到想跳舞丨绵羊料理,770
17504622,BV12W411872o,1296,463,1513958421,2017/12/23,2937,04:30,2097,//i2.hdslb.com/bfs/archive/230d5ff8b900baaed668efd2d1812730c6a61325.jpg,162272,375,0:0:21,乳白色超浓郁的【白咖喱乌冬面】吸溜~丨绵羊料理,677
17201150,BV11W411h7G8,1032,2338,1513425604,2017/12/16,1881,05:01,1800,//i1.hdslb.com/bfs/archive/ee2b97b133ee26910e2e421bbdea3792bf5e7521.jpg,114287,507,20:0:4,教你制作圣诞礼物【男朋友饼干】，顺便送你一个男盆友丨绵羊料理,1640
17288512,BV13W411a7Ax,2148,459,1513335023,2017/12/15,11688,02:14,4079,//i1.hdslb.com/bfs/archive/84b5e5f576eeb191766b915d733d771fa4b96854.jpg,397291,1345,18:50:23,拌饭超香！极简电饭煲【肉饼蛋】便当丨绵羊生存料理,475
17002820,BV1xW411Y7UN,2033,617,1512576302,2017/12/7,2848,04:54,2306,//i2.hdslb.com/bfs/archive/f2401e7e2e57771ed4106e622a21dd17f666f14e.jpg,239920,852,0:5:2,不撸200串不过瘾，在家感受【湘西烧烤】的小串魅力丨绵羊料理,891
16781465,BV1tW411a7rh,2456,482,1511971822,2017/11/30,7897,03:03,2900,//i2.hdslb.com/bfs/archive/89b0df199eda7d5d6d3b046c9233be5b28c4e894.jpg,249840,1275,0:10:22,一月一次，一次一月，煮上30人份的【卤肉饭】告别外卖丨绵羊生存料理,491
16604856,BV1mx411V7gL,3864,738,1511449507,2017/11/23,15725,04:22,6101,//i2.hdslb.com/bfs/archive/03cc4e9a829be0307945aa61af9a3a27cf082bd5.jpg,288304,1190,23:5:7,送给妈妈的生日礼物【北海道双层芝士蛋糕】红丝绒版丨绵羊料理,1244
16381163,BV1nx411L7km,1497,464,1510836127,2017/11/16,1678,04:01,1799,//i1.hdslb.com/bfs/archive/349a1c125f06202cf5306082d9a880d2fe0cfd09.jpg,122936,444,20:42:7,长成这样的【小埋仓鼠果子】你一次能吃几个丨绵羊料理,702
16142212,BV1mx411j7HH,7163,621,1510159549,2017/11/9,20669,05:24,8766,//i0.hdslb.com/bfs/archive/848fccd979373e302a0e2e1f76358825b16f0d8f.jpg,223547,1001,0:45:49,新手必备的18件厨具推荐，给你一个下厨的理由丨绵羊种草机01,729
16092809,BV1kx411j7s5,1243,465,1510055723,2017/11/7,4271,05:10,1685,//i1.hdslb.com/bfs/archive/9459bb783117f671e4d7ecbbac1abb6c3cce0979.jpg,167249,492,19:55:23,吃过那么多意面，只有这一盘令我大呼过瘾丨绵羊料理,741
16059177,BV1Yx411j7KK,1493,576,1509890164,2017/11/5,4243,02:16,1899,//i0.hdslb.com/bfs/archive/1d445dd58d0cb3afdc0141bf0c4626259ab6cc3d.jpg,176753,586,21:56:4,3步上桌，手再残也不会失败的【麻婆豆腐】丨绵羊生存料理,451
15842032,BV1Tx411E7jU,3521,800,1509275350,2017/10/29,7430,08:22,2442,//i2.hdslb.com/bfs/archive/91b117f90b727ac54a2a5f2dc9be0f7464e95739.jpg,170021,1225,19:9:10,花1杯饮料钱，承包你整个秋冬的暖心热饮丨绵羊料理,1363
15562679,BV1tx411M7vb,1522,647,1508497013,2017/10/20,5793,05:31,1891,//i1.hdslb.com/bfs/archive/59d10af72b3a60a0de2c9e746f81106cb5645d5a.jpg,255335,669,18:56:53,高颜值的美式全早餐，唤醒100%能量的你丨绵羊料理,933
15284710,BV1Xx411u7RW,3399,747,1507664880,2017/10/11,11835,02:27,2951,//i2.hdslb.com/bfs/archive/d74cf7fcd048fad896113ce582c8add1cdb9e8d8.jpg,321434,1639,3:48:0,多功能懒人肉酱，保你宅家半年肚子不饿丨绵羊生存料理,604
15155807,BV11x41137fv,3666,775,1507322552,2017/10/7,21835,03:15,7679,//i0.hdslb.com/bfs/archive/dd90a82487bd2602ce532ae5fec5e298cc2d1513.jpg,534593,2438,4:42:32,在家轻松做【港式蛋挞】新手入门零失败丨绵羊料理,823
14997312,BV1ox411g7ja,1490,846,1506943012,2017/10/2,411,04:57,1495,//i0.hdslb.com/bfs/archive/e7a87a04fe9dac903a01cc05ed39e35657f67325.jpg,173253,417,19:16:52,把【香蕉和枣】偷偷塞进月饼里，试试到底有多难吃丨绵羊的Vlog,1179
14891380,BV15x411V716,1796,322,1506665356,2017/9/29,7533,03:49,3329,//i0.hdslb.com/bfs/archive/fba5445149978ac773a5215c742d38076bc2bba2.jpg,372950,1474,14:9:16,不去景点凑热闹，我只想宅在家安静地做一份【章鱼小丸子】丨绵羊料理,733
14801582,BV1qx411G77t,1534,522,1506359802,2017/9/26,6109,02:30,1916,//i0.hdslb.com/bfs/archive/89b9bcbabeddc7d90febf02ed7f6f4a325d26572.jpg,221456,809,1:16:42,大口吃肉！极简微波炉芝士汉堡肉丨绵羊生存料理,306
14703012,BV1Tx411G7FJ,1730,448,1506102311,2017/9/23,3536,06:13,1357,//i2.hdslb.com/bfs/archive/7012d5d41713bde1c4a67d22b4ecef925a785531.jpg,193996,738,1:45:11,不用烤箱照样【在家做烧烤】把夜宵摊的海鲜烤肉搬回家丨绵羊料理,750
14578807,BV1Rx411s7ZZ,1740,763,1505732703,2017/9/18,8664,05:57,2068,//i0.hdslb.com/bfs/archive/841c5f15392e28f6a62a39ee4a365087e733694f.jpg,257961,1812,19:5:3,在家做【中秋冰皮月饼】爱抹茶椰奶，也爱咸蛋奶黄，就是不爱脂肪丨绵羊料理,1169
14466746,BV18x411s7M2,1758,614,1505407106,2017/9/15,3556,06:38,1381,//i1.hdslb.com/bfs/archive/882a972de55972e9f76dc280e5d0d6250f2d4153.jpg,159683,675,0:38:26,说好的吃鸡不吃皮，我又破戒了！只因这次的【海南鸡饭】太美味，米饭也消灭得一粒不剩,888
14223835,BV1ox411x7Hg,1076,958,1504695801,2017/9/6,643,02:48,579,//i0.hdslb.com/bfs/archive/14a1aef7cf257fb27e87ee566372dd70afbe7782.jpg,153414,719,19:3:21,龙胆蜈蚣烤大虾&清凉世界果汁丨绵羊料理,253
14133662,BV1gx411b74u,6783,1036,1504428940,2017/9/3,5208,12:06,11566,//i2.hdslb.com/bfs/archive/790e242f040ba6ca77ff049f702f4f68f64f76f4.jpg,793763,2901,16:55:40,早餐吃了一块10000多的牛排，看完弹幕怀疑自己被坑了丨大阪美食VLOG,3968
13749426,BV1kx411b7CD,1866,965,1503590438,2017/8/25,1489,02:41,775,//i2.hdslb.com/bfs/archive/36e664ce1e07da23d5c85d648cc3ea636f1be33b.jpg,169849,900,0:0:38,一个人如何过好七夕？人均7元的小卖部法式大餐丨绵羊生存料理,992
13536272,BV1Cx411J7qX,2233,670,1503091775,2017/8/19,6005,04:31,1240,//i0.hdslb.com/bfs/archive/932cb9cfff3375d3b0692c8f0522d26c8703f5c4.jpg,233139,979,5:29:35,照烧鸡三明治/黄油土豆·异世界食堂丨绵羊料理,1389
13173362,BV1vx411n7pR,2400,1178,1502310837,2017/8/10,5525,05:00,1250,//i0.hdslb.com/bfs/archive/648172fbe6393672845b3eac45dadaa7ac6d1aa5.jpg,195518,1723,4:33:57,十七根秋葵，为黄少天庆生【秋葵的4种做法】丨绵羊料理,1805
12987969,BV17x411p7Ev,2564,1048,1501917626,2017/8/5,8123,04:59,1620,//i2.hdslb.com/bfs/archive/654be3777527926a52e60e6cbbca66c9fd57c8c1.jpg,306128,1349,15:20:26,谁是你的炸猪排盖饭？还原《冰上的尤里》中的销魂美味丨绵羊料理,1855
12653774,BV1jx411W7oo,4809,1258,1501177209,2017/7/28,3408,12:56,2738,//i2.hdslb.com/bfs/archive/f6aab4470a339adf2043dd022f2b6e729671bd16.jpg,261012,4037,1:40:9,原谅色的慕斯蛋糕，只送最好的朋友丨绵羊料理,9161
12481719,BV16x411i7Hz,4238,1123,1500757978,2017/7/23,10321,05:14,8589,//i1.hdslb.com/bfs/archive/50897debe3a6259a24c7a287fedc11e30bb321a5.jpg,809376,1992,5:12:58,把校门口的“炸炸炸”搬回家，躺在床上吃丨绵羊料理,3285
12177832,BV1Ux411q78H,1276,633,1499988611,2017/7/14,1838,02:58,625,//i1.hdslb.com/bfs/archive/b1d5a4983080f89c0a5c5c203f034c9968bb7ebc.jpg,129212,295,7:30:11,丝瓜还能这样吃？！三步出炉的美味【丝瓜焗饭便当】绵羊生存料理,710
11958101,BV1Hx411z74d,2340,583,1499378139,2017/7/7,3915,04:09,986,//i0.hdslb.com/bfs/archive/a84ee062335106631c77fc6011c9d3586eae853b.jpg,189406,742,5:55:39,小黄人还有5秒到达你家冰箱！来做香蕉巧克力脆皮冰淇淋吧~BANANA丨绵羊料理,877
11731415,BV1Px411r73m,1428,683,1498742043,2017/6/29,2392,05:43,548,//i2.hdslb.com/bfs/archive/7a537ecc4bbee36aad769f8b496624acfed18dc9.jpg,156374,609,21:14:3,史上最萌坐骑居然被吃了？！教你做高颜值的【咕咕鸡夏日便当】绵羊料理,1346
11554029,BV1ox411z79Q,1386,510,1498202170,2017/6/23,2677,03:31,423,//i1.hdslb.com/bfs/archive/e9510a52248ea88e003f63c7ae109ec4d14d9da4.jpg,134086,331,15:16:10,香草鸡排·菠菜清汤·蛋白霜冰淇淋丨绵羊料理的减肥餐NO.1,434
11324483,BV1Cx4118734,1498,1135,1497438198,2017/6/14,5268,06:21,1828,//i1.hdslb.com/bfs/archive/07cdb093ea6f75bdc18d8c345a2aece06e402575.jpg,217741,650,19:3:18,在家制作纯天然的【日式刨冰】绵羊料理,1684
11027518,BV1Rx411h7FD,1168,505,1496429935,2017/6/3,3477,02:00,881,//i0.hdslb.com/bfs/archive/9725d4231000a036383713fdc5b06ba7bae00115.jpg,161935,734,2:58:55,2分钟学会懒人电饭煲【辣椒拌饭】绵羊生存料理,249
10853877,BV1Dx411Y7zh,7306,1376,1495857409,2017/5/27,6653,04:04,1444,//i2.hdslb.com/bfs/archive/ae49920c00251f2b981f522a554967e6bbecb2cd.jpg,284541,2557,11:56:49,全职高手【千机伞翻糖】叶修生日特辑丨绵羊料理,112
10801154,BV14x411Y73i,1531,3635,1495728052,2017/5/26,1551,04:12,611,//i1.hdslb.com/bfs/archive/34006f00e12bc3c44e5884e628cb0712ac947e1e.jpg,124676,439,0:0:52,好吃又好玩【拉菲拼图饼干】丨绵羊料理,706
10623729,BV1Hx411v7kG,4273,1380,1495008165,2017/5/17,4491,06:52,1380,//i2.hdslb.com/bfs/archive/bca38fc1945040cecb64a9bbe71ebaeb1425b2c0.jpg,197712,1323,16:2:45,【咸蛋黄卤肉粽子】好吃到自己都被感动了ToT丨绵羊料理,1836
10342592,BV1Gx411m7X8,3515,982,1494028812,2017/5/6,20983,03:06,3559,//i2.hdslb.com/bfs/archive/d43c9e7769c4cd6778367875ff1d884006aff92b.jpg,431114,1450,8:0:12,【初夏的冰果子·抹茶寒天红豆霜】绵羊料理,1583
9975546,BV1gx411U7yJ,1080,815,1492697134,2017/4/20,3472,02:06,688,//i1.hdslb.com/bfs/archive/222af4ab1c1a26a69cfa732430dfc42a2247cc47.jpg,148056,400,22:5:34,鲜香味浓的【肉骨茶】只需3步丨绵羊料理,524
9849362,BV1wx411D7DU,2850,738,1492228249,2017/4/15,9610,01:52,1830,//i0.hdslb.com/bfs/archive/e320c594037687a38134067fa1eaf59e3bfa44ab.jpg,315288,1200,11:50:49,不开火！香辣土豆牛肉饭便当丨绵羊生存料理,635
9660759,BV11x411Q7i5,2096,750,1491499846,2017/4/7,5118,02:00,1130,//i0.hdslb.com/bfs/archive/cba688224de139d74451fc77a35c22f898ee39c7.jpg,206822,743,1:30:46,简单的noodles，鸡翅挂面丨绵羊生存料理,466
9438106,BV1Ux411D7Ja,3955,1302,1490661005,2017/3/28,1241,11:15,1167,//i0.hdslb.com/bfs/archive/27a5b3427a389a9ecdd5d2c0b64502eb6034aac5.jpg,233625,1488,8:30:5,史上最黑暗料理！只有航海王路飞敢吃的【克苏鲁烤鸡】丨绵羊料理,4141
9428531,BV18x411k7xQ,1381,2841,1490600175,2017/3/27,2858,04:23,589,//i2.hdslb.com/bfs/archive/af26b1e8b2afcaf3396632e20dbb04d471afde1e.jpg,131158,265,15:36:15,刀剑乱舞·狐之助散寿司便当丨绵羊料理,1243
9345614,BV1Lx411k7KB,2213,634,1490274453,2017/3/23,1264,04:53,409,//i2.hdslb.com/bfs/archive/b839f2c5ac19081b59f5dc8adb6b7f5ab23d48b5.jpg,142115,294,21:7:33,火影忍者·鸣人四重影分身【寿司蛋糕】丨绵羊料理,1182
9207773,BV1Hx411r7rQ,1432,6431,1489705253,2017/3/17,5072,03:33,700,//i2.hdslb.com/bfs/archive/f2b948767d328b2658c6319e05fc5fc164c24bf2.jpg,173411,503,7:0:53,辣美乃滋炸虾球&豌豆浓汤丨绵羊料理,178
9050445,BV1xx411C7VF,1231,400,1489022292,2017/3/9,2511,02:22,619,//i0.hdslb.com/bfs/archive/04dfd2602c7c37c80300bf14a181508b19d91809.jpg,119725,337,9:18:12,用新鲜蚕豆做春季的当令美味·香肠蚕豆饭丨绵羊生存料理,476
8931200,BV1zx411k7i8,1859,494,1488493501,2017/3/3,2453,03:15,480,//i0.hdslb.com/bfs/archive/8cae259529e724610d88b0883ab8dd71636ea376.jpg,181818,588,6:25:1,皮皮虾海鲜饭，我们走丨绵羊料理,920
8885558,BV1jx41117r2,1178,407,1488264913,2017/2/28,2180,04:56,545,//i0.hdslb.com/bfs/archive/b657163f111e557a7b66c87ffbc4bc257b26dafe.jpg,203276,385,14:55:13,天使波利·超Q弹和果子日式甜点丨绵羊料理,759
8655518,BV1Kx411y7D3,2217,766,1487253620,2017/2/16,9242,01:54,1036,//i1.hdslb.com/bfs/archive/ab7f5e28b8e8a4c77aab554d11aaf497acb01fad.jpg,229885,1134,22:0:20,极简豆豉鲮鱼蒸蛋饭丨绵羊生存料理,491
8543442,BV1cx411272t,1620,1521,1486782850,2017/2/11,1726,06:41,2010,//i0.hdslb.com/bfs/archive/a82cce77d29ce816fac0e41151ec7b5b019642ae.jpg,249190,1489,11:14:10,情人节“仰望星空”分手派丨绵羊料理,2109
8363298,BV1Cs41187Pe,3992,753,1486052669,2017/2/3,23285,02:03,2981,//i2.hdslb.com/bfs/archive/c83faf82c22893bb1a2f651012ca22b18a8e99a5.jpg,393679,3307,0:24:29,极简电饭锅鸡肉蘑菇饭丨绵羊生存料理,698
8335108,BV1es41187ri,2503,701,1485940225,2017/2/1,865,01:02,441,//i1.hdslb.com/bfs/archive/f0b53357a8a8c0a094e1d3f9f0ffd028492e0367.jpg,141768,336,17:10:25,绵羊也来【捶你胸口】233,838
8245105,BV1os411b7uP,3552,729,1485476014,2017/1/27,11744,02:46,5182,//i1.hdslb.com/bfs/archive/3a469397acaf7f0297d89a14093e2b4ea4abc215.jpg,406129,871,8:13:34,最高级咖啡果冻布丁丨齐木绵羊料理,270
8158587,BV18s411b7xw,1284,506,1485086607,2017/1/22,1057,06:12,352,//i2.hdslb.com/bfs/archive/354c9c27c0097f3c11fb92d39a9b99de65d025bb.jpg,153705,223,20:3:27,航海王启航阳光饭丨绵羊料理,1083
7903674,BV1As411h7Ua,4540,564,1483821471,2017/1/8,7342,05:43,897,//i2.hdslb.com/bfs/archive/3b53599841d302b6ad2f5fb898ff60b13ec03a42.jpg,242129,537,4:37:51,绵羊屋的日式馒头(ฅ´ω`ฅ)丨绵羊料理,1424
7859401,BV1ns411Y7T1,1963,482,1483587123,2017/1/5,1196,02:04,340,//i2.hdslb.com/bfs/archive/d44b253a51b66168ffc8a8b5e6754f0c97f516fa.jpg,96934,173,11:32:3,蛤？原来这货就是腊八粥啊丨绵羊料理,570
7757659,BV1Us411a7op,8016,959,1483038334,2016/12/30,21442,02:45,4577,//i1.hdslb.com/bfs/archive/a75c2d714f5f786d500b144c338d8fd01b4e59d0.jpg,578799,2662,3:5:34,极简微波炉蛋包饭丨绵羊生存料理,1555
7671467,BV1Ys411a7wq,3410,539,1482560379,2016/12/24,13416,05:06,3610,//i2.hdslb.com/bfs/archive/892ab9dc262a120ddb7a1e5105929f3cfa2bb257.jpg,406663,956,14:19:39,自制棉花糖+热巧克力~圣诞必备丨绵羊料理,1864
7543765,BV1vs411e78G,1521,448,1481817682,2016/12/16,7217,04:06,1636,//i1.hdslb.com/bfs/archive/3f3e8b4e26026c270ae5e34c4e0f737c2bc23ac1.jpg,275440,744,0:1:22,【家常罗宋汤】开胃暖心的冬季热汤~绵羊料理,1154
7402264,BV1Cs411Y7ce,374,213,1480949870,2016/12/5,216,02:45,544,//i0.hdslb.com/bfs/archive/1e4908dd5bcbd1f0d39ddf5a07cd354d547ae67c.jpg,153226,61,22:57:50,绵羊料理第40期巨蜥烤肉丨试吃花絮,414
7393457,BV16s411Y7JY,1924,524,1480912639,2016/12/5,2124,07:42,2285,//i1.hdslb.com/bfs/archive/21dc9d5a4bc5a08ce4a73d8a3c78e44f0f244edb.jpg,388415,477,12:37:19,海贼王山治的巨蜥烤肉丨绵羊料理,2982
7327545,BV15s411s7xF,1972,430,1480530765,2016/12/1,9387,03:53,995,//i0.hdslb.com/bfs/archive/f50ad82f5bc59f8533f5925588bb628d27e62892.jpg,274465,837,2:32:45,茄汁鸡翅锅~冬日里的营养美味丨绵羊料理,1160
7237328,BV12s411W78V,2637,520,1479991354,2016/11/24,10890,03:13,2656,//i1.hdslb.com/bfs/archive/963087372baf4d1b24291cca55392c80dccc7a79.jpg,222289,1240,20:42:34,白桃乌龙奶泡茶丨自制声声乌龙~温热vs少冰【绵羊料理】,563
7157826,BV1Ys411W776,2937,645,1479523013,2016/11/19,11229,03:56,3200,//i0.hdslb.com/bfs/archive/02860b171275e4d7ea19d0e38b83474d0c14cf37.jpg,569338,971,10:36:53,大阪名物！百年老店自由轩的超人气咖喱饭丨绵羊料理,1328
6991213,BV1ps411x7Fd,2436,534,1478435103,2016/11/6,5163,04:22,872,//i1.hdslb.com/bfs/archive/067620aecfb8f2843e2c67e7c21ea830b7178dd6.jpg,263285,504,20:25:3,啊~暖胃热身的相扑火锅丨绵羊料理,894
6868270,BV1es411s71x,2373,738,1477713456,2016/10/29,10063,04:50,2438,//i1.hdslb.com/bfs/archive/9a3316a7fd3aa7795fa03124a29230746dfd13b5.jpg,366408,654,11:57:36,教你做香甜可口的豆皮寿司丨绵羊料理,1678
6758394,BV1Qs41147eL,1227,297,1477015793,2016/10/21,5555,02:53,545,//i0.hdslb.com/bfs/archive/3b9e48b8e5fdfc87a4c62289ce2ae728d6fd4d06.jpg,161144,414,10:9:53,15分钟日式蟹肉菜粥~低卡美味~也可换其他肉丨绵羊料理,547
6663924,BV1ps41147bU,2128,458,1476374491,2016/10/14,10538,03:12,891,//i0.hdslb.com/bfs/archive/f2876e681606078def56b82f020e38b792d9997a.jpg,222178,903,0:1:31,蟹肉奶油可乐饼的做法丨绵羊料理,810
6574149,BV12s411x7ZQ,1115,490,1475769763,2016/10/7,3735,03:04,548,//i1.hdslb.com/bfs/archive/2d8c4443472667931b67e68e59907b97482f7ccf.jpg,150713,356,0:2:43,教你做日式酥炸鱿鱼须丨绵羊料理,779
6574149,BV12s411x7ZQ,1115,490,1475769763,2016/10/7,3735,03:04,548,//i1.hdslb.com/bfs/archive/2d8c4443472667931b67e68e59907b97482f7ccf.jpg,150713,356,0:2:43,教你做日式酥炸鱿鱼须丨绵羊料理,779
6556226,BV1Ds411x7gu,1286,332,1475680874,2016/10/5,2920,03:02,587,//i0.hdslb.com/bfs/archive/f447037e50a6c8ca7a433bad0abb76deeec2d3b9.jpg,159678,335,23:21:14,夏目猫咪老师最爱烤鱿鱼丨绵羊料理,609
6467596,BV1Ns411b7dT,3397,460,1475211664,2016/9/30,18008,03:06,5676,//i2.hdslb.com/bfs/archive/f7fc7719185fb1459b9be3d5fefc8672c11aa1a5.jpg,625745,1416,13:1:4,《心有所属》蛋包汉堡肉的做法丨绵羊料理,866
6408233,BV1is411t7JF,1719,735,1474771489,2016/9/25,10123,03:34,570,//i1.hdslb.com/bfs/archive/ab5801cd86b9ab8b6840c6afe5ac3dbc3958c0d5.jpg,247775,769,10:44:49,教你做越南河内炸春卷丨绵羊料理,917
6379322,BV1ts411t7JL,1045,273,1474572401,2016/9/23,3155,04:21,885,//i0.hdslb.com/bfs/archive/9312cea02dbead9d6062ce3d9d9965ea226c6bb1.jpg,145266,383,3:26:41,教你做越南牛肉汤河粉PHO丨绵羊料理,582
6221569,BV1Ps411r7bQ,672,333,1473478683,2016/9/10,1347,02:47,360,//i2.hdslb.com/bfs/archive/f5287dd6fdfb5387d3707042dcecf91dbe1d6af0.jpg,83608,116,11:38:3,台湾风黑醋黑糖醋排骨~简单美味只需2步丨绵羊料理,293
6148352,BV1Cs41167Yt,16510,1569,1472928992,2016/9/4,31361,08:03,14538,//i2.hdslb.com/bfs/archive/f7b2c2183fd7e09c5570c81977eafea398ef8af6.jpg,955667,5495,2:56:32,火影鸣人最爱一乐拉面！含豚骨汤头·叉烧肉·卤蛋做法丨绵羊料理,5984
6012539,BV1Ds411k79G,960,288,1472149780,2016/8/26,2295,03:14,431,//i0.hdslb.com/bfs/archive/62bfc1fb28f486fdec31ca00a4def6c4bbed6354.jpg,115670,161,2:29:40,凯撒沙拉的做法丨绵羊料理,529
5891254,BV1Ns411k7jD,3732,854,1471537423,2016/8/19,15365,03:39,1679,//i0.hdslb.com/bfs/archive/8f895a8a700d89692034a5c6d8532df3f480ad55.jpg,628177,2339,0:23:43,海贼王路飞最爱(⊙o⊙)棒骨大肉丨绵羊料理,2227
5799601,BV1vs411r7Sw,1114,377,1471085317,2016/8/13,1998,02:55,433,//i1.hdslb.com/bfs/archive/62a09724c290d16ce351b7990f953aef8966007e.jpg,129690,189,18:48:37,噗尼噗尼【一大锅焦糖布丁】来袭丨绵羊料理,462
5702945,BV1Zs411C7fY,1847,472,1470587824,2016/8/8,10155,04:37,1613,//i2.hdslb.com/bfs/archive/4f77835335dba54847d4eff2a67c04970d71d588.jpg,272572,1241,0:37:4,经典肉酱意大利面 | 绵羊料理,1242
5556914,BV1As411C7M8,1245,628,1469808150,2016/7/30,3734,05:09,693,//i0.hdslb.com/bfs/archive/bd3df53c811baeaf523a0784fa8f3256f9b5afc9.jpg,168783,405,0:2:30,猪软骨捞公仔面&冰镇秋葵丨绵羊料理,1096
5404751,BV1os411y7m9,6480,3794,1468936790,2016/7/19,3187,08:49,1915,//i1.hdslb.com/bfs/archive/a5acd223bd58273da5c2183918e28350e1e229be.jpg,280879,3733,21:59:50,乐事薯片藿香正气白花蛇草水羊羹(含试吃)丨绵羊料理参赛~娘口三三惊呆!!,4809
5335145,BV1is411y7KQ,2493,251,1468506210,2016/7/14,2004,02:41,367,//i2.hdslb.com/bfs/archive/9d4213bd31d9b4dfa911936b254e08d490479962.jpg,71199,153,22:23:30,自制炸酱粉丝沙拉丨绵羊料理,277
5252932,BV1Hs411y7cf,1478,363,1467978905,2016/7/8,6901,03:31,1520,//i2.hdslb.com/bfs/archive/49b671fe5f3a5c8d9998b2ca03d60b24b0e51445.jpg,183027,745,19:55:5,冰镇紫苏杨梅桃子姜 | 绵羊料理,784
5152636,BV11s411v7so,1442,304,1467299372,2016/6/30,8694,03:42,881,//i0.hdslb.com/bfs/archive/21d5a76d3b41d48ea76a73154d444e826e7372cb.jpg,200505,859,23:9:32,黑椒牛排炒饭⊙⊙竟如此简单丨绵羊料理,750
5071076,BV1Gs411v7GT,1295,331,1466696669,2016/6/23,5329,05:30,903,//i0.hdslb.com/bfs/archive/3568cdb122fc4ac83e75f977d199e6f66b8e9704.jpg,158728,777,23:44:29,家常肉汁拌饭 | 绵羊料理,1191
5050078,BV1Vs411v7QV,190,133,1466522484,2016/6/21,64,00:24,558,//i1.hdslb.com/bfs/archive/835bedd883e3a2cfd6070b9d94f43364555c9d87.jpg,64025,22,23:21:24,2016016期幸运数字抽奖丨绵羊料理,45
5017903,BV1Ks411v75Y,1333,269,1466267974,2016/6/19,4935,06:13,1125,//i1.hdslb.com/bfs/archive/8279e88ba9b99a7cb846624a0bcf6f107cfe47c1.jpg,160248,395,0:39:34,红豆沙抹茶冰淇淋铜锣烧【绵羊料理】,963
4918597,BV15s411q7Cw,873,181,1465476010,2016/6/9,2535,03:25,500,//i0.hdslb.com/bfs/archive/0e7908ffaa787b5603ebc34fed4da408ac163a81.jpg,114145,214,20:40:10,用面包来做汤+溏心蛋【绵羊料理】,535
4847149,BV1Cs411i7f1,590,117,1464917941,2016/6/3,1567,04:12,535,//i0.hdslb.com/bfs/archive/9628169b4cc7006b9e5966e9f60f78d2bfb7de8f.jpg,66467,155,9:39:1,备考加油!!香蕉核桃补脑蛋糕【绵羊料理】,344
4773037,BV1ns411i7XY,1005,184,1464271346,2016/5/26,5103,04:07,1379,//i1.hdslb.com/bfs/archive/6a53c2fd8a17d62783f983b841299e11868a55c1.jpg,177255,338,22:2:26,日式荞麦冷面【绵羊料理】,621
4701788,BV1Ss411B7Ki,8250,1065,1463661033,2016/5/19,43196,03:52,14947,//i2.hdslb.com/bfs/archive/8f3ec4e5bb5d0235e405ea6ff3cd68f1bb2446be.jpg,1263409,7513,20:30:33,秘制日式咖喱饭【绵羊料理】,1699
4631411,BV1ts411B7mr,1183,183,1463052987,2016/5/12,7746,02:08,1495,//i0.hdslb.com/bfs/archive/b922b3c748d2b81ed884c7bbe9c13cfdcd0fd07f.jpg,168178,495,19:36:27,奶香玉米土豆沙拉~简单到cry【绵羊料理】,377
4565841,BV1Ms411B7E5,1190,245,1462450580,2016/5/5,6444,03:38,833,//i1.hdslb.com/bfs/archive/dce748729a788a127b889492f79a7e1cab18d084.jpg,161866,537,20:16:20,日式芝士鸡肉卷【绵羊料理】,643
4495370,BV12s411q7W6,577,166,1461853229,2016/4/28,2302,03:33,603,//i0.hdslb.com/bfs/archive/65ce04704628ec7350b16414813c548b478a74d6.jpg,71961,174,22:20:29,【绵羊料理】《家族的形式》大介腌菜的做法,315
4431394,BV1Ts41167BA,972,178,1461254367,2016/4/21,4041,05:10,700,//i2.hdslb.com/bfs/archive/910eea7743cba30f84a64b57401c97c82704082c.jpg,123410,272,23:59:27,电影《蜗牛食堂》蔬菜浓汤&薯片鸡蛋饼的做法【绵羊料理】,639
4364412,BV1ms411z7ja,4268,944,1460636222,2016/4/14,26542,07:00,5064,//i1.hdslb.com/bfs/archive/5aa3c4c165e25ab13da122204cd01a4ebbf0cb13.jpg,570489,2353,20:17:2,【绵羊料理】炸咖喱面包的做法,3894
4192009,BV13s411X7Gp,2167,273,1458978667,2016/3/26,10524,03:49,2175,//i0.hdslb.com/bfs/archive/c4f1e1775d852f7e18f1a3898ac6012198940732.jpg,191461,1161,15:51:7,【绵羊料理】香菇鸡腿肉饭的做法,570
4116295,BV12s411Q74n,1212,192,1458189299,2016/3/17,4566,08:20,1228,//i0.hdslb.com/bfs/archive/504def17e7034723583864218e5ea4572eb025f5.jpg,149882,389,12:34:59,【绵羊料理】电影《海鸥食堂》肉桂卷&饭团的做法,853
3873685,BV1Ws41197b4,10677,1663,1455748340,2016/2/18,70045,05:53,31832,//i2.hdslb.com/bfs/archive/c5613c7c3b41ada4e3dd18af35b9adfa684de70a.jpg,1685532,6879,6:32:20,【绵羊料理】甜辣酱炸鸡&土豆浓汤(无印良品Café&Meal人气料理)的做法,5921
3696023,BV1Js411X7av,1272,373,1454054895,2016/1/29,8375,05:47,1506,//i0.hdslb.com/bfs/archive/76846524931d4d7027c8d9948aac2f6ca826067c.jpg,229051,950,16:8:15,【绵羊料理】电影《夏威夷男孩》包菜肉卷的做法,2686
3550337,BV1ss411R7qg,2788,489,1452359112,2016/1/10,6734,07:11,3964,//i0.hdslb.com/bfs/archive/a80c9dfed91d19c55a058a820fc65845ff93dad4.jpg,303642,676,1:5:12,【绵羊料理】英式玛芬&芝士猪柳蛋汉堡的做法,2001
3433432,BV16s411979a,1478,1323,1450798879,2015/12/22,5765,02:21,5994,//i0.hdslb.com/bfs/archive/40d165e33ba03f0c5f8c0fcf51ca95a1b862a44b.jpg,381266,613,23:41:19,【绵羊料理】香酥芝士丸(北海道白熊咖喱店)的做法,2212
