﻿aid,bvid,coin,comment,created,date,favorite,length,like,pic,play,share,time,title,video_review
626023405,BV1kt4y1X7gz,3272,407,1592139230,2020/6/14,5217,05:27,16325,//i0.hdslb.com/bfs/archive/55f76619bcceced5e6afbee511ec59b1adf97383.jpg,190693,608,20:53:50,100一瓶的XO酱，在家自己做只要20块！太暴利了！,1382
243380318,BV1Rv411z7fW,5626,494,1591534485,2020/6/7,2568,05:37,25883,//i0.hdslb.com/bfs/archive/d287c52cd89110905e278e78444b27a26d4d3501.jpg,287470,661,20:54:45,开水白菜？哪有【开水龙虾泡面】来的平平无奇啊~,1174
200821695,BV16z411v7Eq,3747,397,1590584074,2020/5/27,3898,03:29,20421,//i0.hdslb.com/bfs/archive/e59310bd1a8adc5a1003e3f998689ac66544c9c4.jpg,222925,669,20:54:34,【碧根果焦糖巧克力】 一颗治好低血糖,567
795663344,BV1vC4y1H7Dc,10126,2430,1589970864,2020/5/20,5548,05:25,51416,//i1.hdslb.com/bfs/archive/9dc470323a7f6c0db09411ece8fea4671ad2a274.jpg,995161,2663,18:34:24,一瓶液氮送包菜卷上天，这就是5块和500块的差距！,4057
455565451,BV1W541147tK,5243,634,1589115402,2020/5/10,4937,06:30,25661,//i1.hdslb.com/bfs/archive/ae44911fa35a8ce4229453a7ad63d5d1454c1edd.jpg,327127,1259,20:56:42,在家也能做的假龙吟蜜桃，5层结构，层层好吃！,1411
285386632,BV1af4y1S7wJ,22746,1151,1588283987,2020/5/1,40455,04:48,50173,//i0.hdslb.com/bfs/archive/d91400cb62dff621e34a9e057907cba79c5d1c5a.jpg,742053,8219,5:59:47,一小时做完3天便当，竟能1个月瘦5斤纯脂肪！,1552
327941674,BV1PA41187eU,16081,1209,1588067301,2020/4/28,4482,04:12,41232,//i1.hdslb.com/bfs/archive/cd87609fc659caec3981b19a284203216e84fd57.jpg,462417,5423,17:48:21,用离心机做螺蛳粉，美食up到底无聊到了什么程度！,3544
882760473,BV1DK4y1r79p,8290,1073,1587254402,2020/4/19,2947,13:12,23733,//i1.hdslb.com/bfs/archive/e12139d96b3b4dfdec3a4fdab420ec5b772e58a8.jpg,461247,2720,8:0:2,不是鱼露，是鲈鱼！马壮实与TESTV动森联机治疗鲈鱼PTSD！【BB Time第268期】,3567
837712522,BV1Wg4y187Qf,67739,2073,1586332817,2020/4/8,18386,11:58,108137,//i2.hdslb.com/bfs/archive/76f0244283652abfe88f7927281f9b780ab4f458.jpg,825950,4713,16:0:17,一道能拿下5000万投资的菜，在家复刻到底有多难！,6635
582566013,BV1F64y1u7c9,8511,673,1585386027,2020/3/28,4244,04:23,37034,//i0.hdslb.com/bfs/archive/3960749d2c0d1525782dddab6ee40a760f1250e8.jpg,509776,1231,17:0:27,小伙在家还原小当家【升龙饺子】，结果饺子真的飞了！,1520
97854695,BV1WE411A7Yr,5828,964,1584703779,2020/3/20,1957,03:30,18619,//i1.hdslb.com/bfs/archive/b1ae783aeca599b8b78cd786293aa3cb75792fc7.jpg,408953,675,19:29:39,【黄焖长臂虾】让米其林三星餐厅直接录用你的料理！,1848
94704033,BV11E411M74K,4788,493,1583672823,2020/3/8,5919,02:49,25713,//i1.hdslb.com/bfs/archive/bf06388c61f0c5536333480fb8226cf598754155.jpg,370578,1100,21:7:3,【炸乳酪烩饭】鸡蛋烩饭一菜两吃，完美~,632
94446045,BV1TE411g7Y4,3219,839,1583581216,2020/3/7,3973,03:43,18771,//i2.hdslb.com/bfs/archive/76585d71c26a0afd86a4c5769ab360b9ee50264a.jpg,302534,1198,19:40:16,减脂餐还可以这么好吃？学会这三样，想胖都难！,1326
92158746,BV1J7411N7Ek,7988,683,1582801264,2020/2/27,9266,04:22,32332,//i1.hdslb.com/bfs/archive/43ce93ef5992115cf183a229f4f34d98a61477f5.jpg,496745,2609,19:1:4,炸个葱油吃10天，油封个鸡腿吃10天，齐活~,1319
90397911,BV1g7411P7fg,10540,800,1582254054,2020/2/21,23056,02:46,35303,//i0.hdslb.com/bfs/archive/4b56adca7698ec2afc7fc189603f35202e3e566f.jpg,592704,5068,11:0:54,【番茄牛肉滑蛋】一道蛋白质爆棚的家常菜，好吃！,739
86553606,BV177411p7VT,20199,929,1580737809,2020/2/3,5070,04:43,42698,//i0.hdslb.com/bfs/archive/8f532a63ce7fbb1fb44535594434fb25f9f3b3c8.jpg,536322,2460,21:50:9,1比1复刻小当家最难的真鲷大陆图，好看不好吃？,1616
84420050,BV1D7411Y7rN,7405,757,1579598563,2020/1/21,6668,03:55,27868,//i0.hdslb.com/bfs/archive/44c876ee4278d346c00391fbd45dffb3792d4659.jpg,517932,1504,17:22:43,把4斤五花肉放入200度油锅是什么体验！,1462
83133079,BV1xJ411n7km,4225,450,1578827008,2020/1/12,5007,03:19,21184,//i1.hdslb.com/bfs/archive/bce388e5a23b5cf17b5c74ae6702ee562e26c66a.jpg,375925,1611,19:3:28,【沸腾鱼】不吃点又麻又辣的还叫啥冬天？,1402
82841311,BV1vJ411H7Zn,6326,372,1578651027,2020/1/10,6202,04:11,21639,//i1.hdslb.com/bfs/archive/1fd468850f278621fe04d50348b14a8baef89834.jpg,332860,1855,18:10:27,【鲍鱼砂锅鸡】150块钱搞定年夜饭最硬菜式！,2344
82427997,BV1ZJ411V7Ym,2281,311,1578393009,2020/1/7,3257,03:01,13563,//i0.hdslb.com/bfs/archive/e78fd0870c54936740d571a3f2fa9bbf2c9020e3.jpg,236484,859,18:30:9,酒酿蛋能进补，再加个藕粉圆子肯定更棒！,545
81679103,BV1dJ411b7Sb,17209,565,1577888790,2020/1/1,6730,04:51,36689,//i1.hdslb.com/bfs/archive/81a675b9a84e9e77040f009e641f8ae873dfdc5f.jpg,424247,1252,22:26:30,给你一整只帝王蟹，你就给我吃这个东西？真香！！,1732
81304782,BV1DJ41187Jy,1148,390,1577705487,2019/12/30,570,03:18,10418,//i1.hdslb.com/bfs/archive/c9e1778ad725f3022ef058e1ea97e98a9c95e344.jpg,255708,521,19:31:27,皮卡丘毛厚肉多，看起来就很好吃，抓一只尝尝？,565
80643930,BV1mJ411W7E2,5119,887,1577279666,2019/12/25,4267,04:10,25385,//i1.hdslb.com/bfs/archive/43b608fe134fdd5db6336b7e80895a132fe89b50.jpg,508309,833,21:14:26,"生物课完整肝脏解剖,法国人的腐乳到底好不好吃！",1246
79969376,BV1rJ411x77k,26022,1172,1576840663,2019/12/20,30791,08:19,71714,//i2.hdslb.com/bfs/archive/c61401605f443aca401f1a1af0c190b0202052e3.jpg,2543067,8705,19:17:43,一个人吃一整块【惠灵顿牛排】是什么样的体验！,4814
79647602,BV1cJ411r7SR,4644,472,1576663229,2019/12/18,4911,04:39,20407,//i2.hdslb.com/bfs/archive/c02df847db4e02c08e7edd656e1863e29121cb98.jpg,333323,809,18:0:29,【手握寿司】好吃的寿司，真正的灵魂还是在于米！,1196
79495949,BV1sJ41167ar,6120,526,1576486721,2019/12/16,4646,04:15,22486,//i1.hdslb.com/bfs/archive/163336c07cbe732698b76ad3c812ba52232f8388.jpg,414011,1160,16:58:41,买了牛排不会切，教你如何在家处理整条菲力牛排！,564
78881043,BV1JJ411177Q,12734,495,1576063186,2019/12/11,18575,03:00,38451,//i1.hdslb.com/bfs/archive/8bc95063fa55b7eea4d0f6503e399206daf7f5bc.jpg,649484,2217,19:19:46,【酥皮浓汤】冬天了就该喝一口热乎乎的浓汤~,679
78041397,BV1gJ411B7KQ,10619,604,1575458688,2019/12/4,13619,05:48,25866,//i2.hdslb.com/bfs/archive/8145be3c3ab6252fbbaa9d529adc13953aa2a1fb.jpg,429106,3277,19:24:48,超详细的酸菜鱼教程，保你个个会杀鱼个个会片鱼~,1151
77220520,BV1yJ411X72V,2597,343,1574850963,2019/11/27,2885,01:56,13541,//i2.hdslb.com/bfs/archive/84bc56f1350fddd6909d9500d0fa2abfdb38700d.jpg,229578,723,18:36:3,抹茶和意面，这是什么奇妙搭配~,449
76143187,BV1VJ411m7Yn,5990,367,1574070263,2019/11/18,6062,05:00,19135,//i0.hdslb.com/bfs/archive/00f97e4036592159439e35913a80a8074ab18311.jpg,322252,1046,17:44:23,万物皆可天妇罗，轮到【鸡翅】酱汁多~,961
75458986,BV1aE411e7U6,4650,352,1573558934,2019/11/12,4458,03:27,17537,//i1.hdslb.com/bfs/archive/c73a6f1124cf670dc96297f31eec86312c3a29be.jpg,307153,1539,19:42:14,当季的大闸蟹遇到梭子蟹，那就是鲜鲜鲜！,667
74754471,BV1tE411i7SZ,6877,252,1573037265,2019/11/6,10637,03:45,20042,//i1.hdslb.com/bfs/archive/ead022f4bc667dacd67c24914e475a1e424d5f02.jpg,324638,1489,18:47:45,【焗海鮮意面】看学会了这道菜，以后焗啥都不怕~,589
74129226,BV1eE41187YN,2015,257,1572604210,2019/11/1,3379,03:44,10433,//i0.hdslb.com/bfs/archive/7951b584a6ad044fa5a531ea4f23ae59e11bcc49.jpg,197263,634,18:30:10,2种健康早午餐，减脂期也能吃的美味组合,463
73841346,BV1mE411h7HL,5982,504,1572347750,2019/10/29,9795,02:54,20574,//i2.hdslb.com/bfs/archive/e99c76a6ef1878a9abb5468adcf5490e04e96e59.jpg,370545,1341,19:15:50,大饼卷万物，作为早餐，午餐，外带都很合适~,554
73378223,BV1aE41117SZ,3285,492,1572008693,2019/10/25,4211,03:00,13956,//i0.hdslb.com/bfs/archive/a1dcddfd41818e4db5f94bb409826a5eeabffb6e.jpg,232364,1066,21:4:53,酒酿，珍珠，豆奶组合起来的味道你肯定想不到！,584
73250198,BV19E411y7pk,5718,376,1571906693,2019/10/24,7398,03:02,21516,//i0.hdslb.com/bfs/archive/ef6200963a1d3a86bad1531163bccb3f34de5bbd.jpg,420125,895,16:44:53,【香料黄油】黄油直接吃是什么感受，香，很香，特别香！,488
71991591,BV1ME411r7mj,2871,373,1571650253,2019/10/21,3094,02:26,12733,//i2.hdslb.com/bfs/archive/99d5c55b4d9cce780846f8387ace8f337c3bc0a5.jpg,228276,547,17:30:53,【烟熏红椒蓝贻贝】不用白葡萄酒，用面粉也能做出好吃的贻贝~,394
71220241,BV1ZE411d7qQ,4128,358,1571050636,2019/10/14,6985,02:52,15075,//i2.hdslb.com/bfs/archive/f437c1cdbdcddcf6ce4f2f2fc026f15d97e09466.jpg,296800,1269,18:57:16,【秋日杂蔬鸡腿盖饭】加了桂花的红烧料理才有秋天的味道~,632
70871809,BV1kE411o721,7341,393,1570790010,2019/10/11,14566,02:46,18845,//i0.hdslb.com/bfs/archive/97a4d7cf973f61f45c905a6c6697c84417e01ebf.jpg,371710,2786,18:33:30,【土豆炖牛腩】超级下饭菜，汤浓肉烂土豆香！,552
70569571,BV1DE411Z7Mq,4708,609,1570530941,2019/10/8,6218,03:38,17386,//i0.hdslb.com/bfs/archive/aef6331fe86877eb3f1e3efba669129b54a40f96.jpg,365930,3193,18:35:41,吃不起300一碗的【蟹粉捞面】，在家自己也能做！,859
69502045,BV1YE411X7yS,4166,367,1569836062,2019/9/30,7401,02:28,14873,//i2.hdslb.com/bfs/archive/da7febcec4492e4066e0fb47e9aceec3ffd59f4e.jpg,292600,1215,17:34:22,【姜汁猪肉盖饭】猪肉自由的人生才是完美的- -,473
69042664,BV1JJ411T7DB,7850,446,1569489458,2019/9/26,11767,04:07,21170,//i2.hdslb.com/bfs/archive/d179bfa52ac63ba4441b37bb95258a7e64f3b4fd.jpg,359844,2331,17:17:38,只要吸饱了汤汁，3块钱的粉丝比大虾还好吃~,879
68748636,BV18J411M713,7107,505,1569231241,2019/9/23,7896,04:01,20300,//i2.hdslb.com/bfs/archive/891e05473f8cbc7a319905f5214c582e1875696a.jpg,334644,1353,17:34:1,万物皆可卷的【墨西哥手撕猪肉】，怎么组合都好吃~,983
68373000,BV12J411378N,4244,309,1568970426,2019/9/20,9180,02:51,13769,//i0.hdslb.com/bfs/archive/ebeb6b8513b6d6d00de058e8c7e73473714b966d.jpg,288903,1296,17:7:6,【宫保鸡丁】肉要滑嫩，酸甜适度，再带点麻辣才好吃~,522
68057957,BV1KJ411w7LF,5107,622,1568715308,2019/9/17,5339,03:52,17906,//i1.hdslb.com/bfs/archive/7a400c8f473a84e4b35771e083f75c864deac1dd.jpg,358453,1924,18:15:8,不孤独的美食番-海鲜什锦锅及工作日便当，让你的生活更温暖一些,1340
67876157,BV1wJ411P7xq,2107,312,1568545750,2019/9/15,2204,03:27,10330,//i1.hdslb.com/bfs/archive/3c2e8501eb232e8d0c6337ba651c1393c7437db9.jpg,173085,401,19:9:10,【莲子两吃】焦糖莲子，冰糖湘莲你爱哪个？,485
67266909,BV1KJ411K7B1,3395,548,1568115883,2019/9/10,2267,03:46,12861,//i2.hdslb.com/bfs/archive/5c255e11115b547dd03b5fc9b820f8d19cbcf7ca.jpg,217735,967,19:44:43,中秋限定【大闸蟹鲜肉月饼】错过等一年！,530
66603491,BV114411C79j,6870,528,1567588206,2019/9/4,13349,02:14,20905,//i1.hdslb.com/bfs/archive/b2ea593d9bdc083311d3db6ce541f6da9dfa5f62.jpg,446445,2695,17:10:6,烧烤摊上的绝对霸主【蒜蓉】，烤茄子，生蚝都很合适,814
66018745,BV1P4411B7BM,5340,554,1567157752,2019/8/30,8601,02:22,17867,//i2.hdslb.com/bfs/archive/232b0d121e9ca8653d24b4f61403a6947f147f88.jpg,358324,1846,17:35:52,来点刺激的，【辣子鸡】就要又麻又辣还有嚼劲~,902
65568726,BV144411B766,2177,497,1566900022,2019/8/27,2524,05:01,11783,//i1.hdslb.com/bfs/archive/c0bc06a58328197a0d71a65f64def13643ce2471.jpg,247245,405,18:0:22,在家不生火也能做出Bistro的套餐料理？！,965
65017093,BV134411r7b4,6015,515,1566553292,2019/8/23,10703,01:46,20522,//i1.hdslb.com/bfs/archive/e4411a8ef914a844f6def86c306653ce86e4abc0.jpg,419229,1552,17:41:32,【唐扬炸鸡】笠原流炸鸡大法，到底好不好吃~,758
64722624,BV1m4411d7o8,6440,1048,1566379968,2019/8/21,7804,02:45,21588,//i0.hdslb.com/bfs/archive/d25d76f966994a37944ace5b2113aca87a33697c.jpg,376585,1819,17:32:48,【铁板牛排灵魂炒饭】肉食者的完美料理，大满足~,726
64131675,BV1u4411f7zs,1536,480,1566035540,2019/8/17,720,04:08,10291,//i0.hdslb.com/bfs/archive/38e4cf28deb6ba537a88ebcd8f44808bf3d145d0.jpg,206434,337,17:52:20,来成都蹭一顿川菜晚宴，味道、日子都好巴适~,791
63774453,BV154411U7cP,11789,874,1565861442,2019/8/15,26478,02:59,29494,//i1.hdslb.com/bfs/archive/79b4d3e09461e5cbbf329f94b66e87747940f13f.jpg,596856,4038,17:30:42,【番茄烩饭】酸甜的番茄加上多汁的鸡胸，简直完美！,968
62663859,BV1wt411N7Cq,4899,945,1565186154,2019/8/7,1543,01:58,17555,//i2.hdslb.com/bfs/archive/0c89a68cb4971e4b4692c029f947ec1da56eb1f0.jpg,227480,318,21:55:54,这个七夕，把心意融进食物中，尝一口才知道,1437
62290087,BV1nt411M7GP,12784,883,1564999228,2019/8/5,7617,04:22,21447,//i1.hdslb.com/bfs/archive/5f768c36eeecaf39a0383465db935d4647b1d3d5.jpg,273091,3323,18:0:28,只要三步，一根擀面杖，释放原力就能打出好吃冰沙,1675
61598152,BV1Kt411w7qJ,5818,507,1564573156,2019/7/31,5216,04:30,16725,//i0.hdslb.com/bfs/archive/e92c8fef6eae47fb20897c51870abde086314b83.jpg,283699,807,19:39:16,【烤羊腿】里的土豆竟然比羊肉还好吃，育碧赛高！,1213
60429241,BV1mt41177ob,5735,1406,1563876066,2019/7/23,2153,04:31,16614,//i0.hdslb.com/bfs/archive/99d1c9640dd71f59c6c3d280228d67503a57a335.jpg,393777,689,18:1:6,黑暗料理你来定，花生酱鱿鱼脚大战老干妈草莓酱！,3336
59850677,BV1gt411n7Db,7253,568,1563529062,2019/7/19,6371,03:08,19567,//i1.hdslb.com/bfs/archive/81c3e387a4617e1aa2278a789815b5c030ee2b1f.jpg,334863,1218,17:37:42,让【海鲜粥】好吃10倍的秘诀竟然是虾头和蟹脚！,899
59419127,BV1it411G7xK,8913,587,1563270738,2019/7/16,16051,02:28,21811,//i2.hdslb.com/bfs/archive/aa71af0df92d56c845148d22a21f494f35f3e164.jpg,464195,2789,17:52:18,【蒜香排骨】让排骨外酥里嫩，蒜味十足的秘诀竟是它,817
58888275,BV1jt411L7qs,6428,646,1562925542,2019/7/12,6334,04:59,20611,//i2.hdslb.com/bfs/archive/28da1e293b30da5b25f33b0a2c51fe4b31a46528.jpg,409957,965,17:59:2,【芝士和牛快乐饼】对于热量，你可能没有足够认识,1355
58464288,BV1ax411Z7Wx,7975,557,1562659954,2019/7/9,11547,02:32,19673,//i1.hdslb.com/bfs/archive/075497b0b9719654e830b235fbd989172c453f9e.jpg,380000,1369,16:12:34,【蒜味虾】大蒜和虾的真相（香），没有那么简单~,754
57950368,BV1T4411c7CX,7564,495,1562325175,2019/7/5,8564,04:10,17325,//i0.hdslb.com/bfs/archive/73538a5c51fc6daed1a0ae6dbc40d0ea44449203.jpg,291985,831,19:12:55,意式肉丸配上辣味番茄酱，一口一个，连吃30口~,970
57582506,BV1wx41197su,6977,664,1562062641,2019/7/2,10010,03:04,19296,//i0.hdslb.com/bfs/archive/ff575c3b4aa1509af2aa625383abbbb26bec8d89.jpg,385060,1575,18:17:21,牛尾做的【罗宋汤】不止番茄汤汁浓郁，牛味更足！,699
56777608,BV12x411o7yx,6830,738,1561456850,2019/6/25,10009,02:52,18433,//i2.hdslb.com/bfs/archive/a9d2891d12b3cccec2665a2dc8a4eb9051a7313c.jpg,396309,1235,18:0:50,照烧酱搭配生姜猪肉，再来一个温泉蛋简直完美~,851
56157351,BV1y4411g7Nh,11549,1297,1561025415,2019/6/20,13102,05:03,26353,//i0.hdslb.com/bfs/archive/d147a3fade916ff1ca11855c990ff51d2c15a0a1.jpg,521676,1904,18:10:15,听说学会这10种【日式烤串】，就能开店了！,2084
55896812,BV1P4411G7DV,7316,1238,1560769917,2019/6/17,6325,03:59,26162,//i0.hdslb.com/bfs/archive/a98378feee170b75155e22da0cae5b8a90e62383.jpg,864275,1510,19:11:57,你看这舌头又长又宽，真漂亮，不如烤了吃了~,1835
55568892,BV1c4411N7Bf,7479,774,1560511471,2019/6/14,8033,02:54,21975,//i1.hdslb.com/bfs/archive/86094904a178c884de2c2a3cdbc14662a1437e3d.jpg,424967,1301,19:24:31,谁说【冰粉】不手搓，就莫得灵魂，有酒酿就行！,1195
55175564,BV1r4411N7q6,7703,595,1560158836,2019/6/10,7487,03:17,18377,//i2.hdslb.com/bfs/archive/9e9c840e74d1992a086c06c127f2e3e960f9155e.jpg,313863,1062,17:27:16,【凤尾虾天使意面】熬虾油，煎大虾，炒吧炒吧真好吃~,975
54543111,BV1D4411T7qs,5728,1133,1559638150,2019/6/4,6233,03:37,15319,//i2.hdslb.com/bfs/archive/85e228e00d1128b07e0b6921f7d031a3893a1eab.jpg,299348,785,16:49:10,胡萝卜竟能穿针引线，这样的【凉面】会更好吃吗？,458
53871272,BV1p4411W7a8,10970,1013,1559035100,2019/5/28,17951,02:47,21736,//i2.hdslb.com/bfs/archive/b18656fffe0981b8854a528a46da37785b0c1b36.jpg,463795,2915,17:18:20,用电饭煲做一份超多汁的【手抓羊肉饭】，真零失败~,820
53443155,BV1q4411L7Bh,9907,597,1558690919,2019/5/24,10037,02:42,22051,//i2.hdslb.com/bfs/archive/96e8bfe002d573c536544548dc24befd937fd87e.jpg,393212,1711,17:41:59,【烤猪肋排】撕着吃才过瘾，一口一根一整排，真爽！,630
53162246,BV1P441177FN,10751,1035,1558430167,2019/5/21,13701,03:57,25541,//i0.hdslb.com/bfs/archive/48c1dd765fe4f1d418ba11096120a1aec5eaf023.jpg,513410,2339,17:16:7,【芝士年糕辣鸡】这是一份充满一切幻想的食物，够劲,2024
52673724,BV194411J7eN,10539,897,1558085441,2019/5/17,18456,02:15,21621,//i1.hdslb.com/bfs/archive/0ab7925e2066bc31187a38e5ed5ea909311986f3.jpg,411095,2247,17:30:41,【番茄炒蛋】竟然能加【虾仁】，真是猪心的好吃啊！,899
52430422,BV164411E78L,12162,811,1557807689,2019/5/14,33900,03:09,31414,//i0.hdslb.com/bfs/archive/af9acc175723edd74b8ed7952a3e36316fbcb972.jpg,855652,3204,12:21:29,不用烤箱不用吉利丁的全熟【提拉米苏】，15分钟搞定~,727
52128861,BV1P4411e7Fm,6292,840,1557563724,2019/5/11,7223,04:16,16483,//i1.hdslb.com/bfs/archive/eb6829ae999243543b0757e24f6eaf086695bead.jpg,304639,1029,16:35:24,这碗真的有荔枝的【荔枝肉】，散发着自由的气息~,1192
51921063,BV1w4411Y7wY,19118,1750,1557392822,2019/5/9,24345,04:09,40843,//i1.hdslb.com/bfs/archive/61245af7dbd8339e6ac95e5abb7624fb10866fef.jpg,1513779,2786,17:7:2,无限续肉，胃有多大就给你多少牛肉，有本事吃穷我！,2160
51428959,BV1c4411i7WE,7068,851,1556961002,2019/5/4,9261,02:27,19224,//i0.hdslb.com/bfs/archive/6d4b29b761e15874c434e5adc044ee194e41cf86.jpg,369358,1028,17:10:2,只用鸡蛋，牛奶，吃剩的面包片做的【法式吐司】到底多好吃~,672
51176670,BV1h4411x75x,14872,782,1556790943,2019/5/2,13573,03:42,30262,//i0.hdslb.com/bfs/archive/a885a9074e8cc11f23f8cfb88f9a9e842bd16aea.jpg,476806,1701,17:55:43,热量警告，芝士警告，牛肉警告，拉丝嫩牛五方来了！,980
51057040,BV114411t7dT,13393,1069,1556703152,2019/5/1,12120,04:36,26328,//i0.hdslb.com/bfs/archive/8ca3a0089b9a9928acf4aa0f5d4ac91f14eea079.jpg,497217,2813,17:32:32,【麻辣小龙虾盖饭】3斤龙虾竟然只有250克肉！,1715
50363121,BV1W441187HP,9227,1140,1556186406,2019/4/25,13448,02:32,28179,//i2.hdslb.com/bfs/archive/e3069729c23ff295302a842369c16e9189c9f954.jpg,858998,1989,18:0:6,把生鸡蛋直接放入200度的油锅里，会发生什么？,1151
50246444,BV1sb411G778,9737,1121,1556010532,2019/4/23,8665,05:00,19184,//i1.hdslb.com/bfs/archive/a4335f047a58933697c47c42e1ee3c8c3daacc31.jpg,337894,1163,17:8:52,用500元打造小白厨房，附赠【大碗宽面】，真香！,2280
49707440,BV1Sb41157Co,8596,798,1555583756,2019/4/18,10836,03:34,20004,//i1.hdslb.com/bfs/archive/f4d4dcda5741f7a84c9ac99eba92ce1a0afceacf.jpg,452564,1917,18:35:56,这是一份无限牛肉，吃到撑的【辣牛肉石锅拌饭】！,991
49418958,BV1Vb411j71u,33604,1507,1555325585,2019/4/15,47948,07:12,35114,//i2.hdslb.com/bfs/archive/a2ee77f46407140f2296b64da8791cef5f034150.jpg,591654,6140,18:53:5,一个视频解决所有【沙拉】问题，月瘦10斤不是梦！,1766
49071547,BV1Gb411K7iE,8085,1034,1555059998,2019/4/12,7457,03:54,19062,//i1.hdslb.com/bfs/archive/67fd43982edf25d442c7493c9e0db921fe5f96a4.jpg,475566,2157,17:6:38,【腌笃鲜&油焖笋】六斤重的笋竟然还只是个宝宝！春天的味道,1344
48704240,BV1Qb411u7Vu,4519,782,1554715440,2019/4/8,5089,02:52,13926,//i1.hdslb.com/bfs/archive/c1cf22537da709d22b8914ee837dbcaaf088fda2.jpg,332303,683,17:24:0,你冰箱里有啥就放啥，快一起来做【乱炖】吧!,696
48244938,BV13b411g7aU,5076,648,1554366389,2019/4/4,3993,04:16,14173,//i0.hdslb.com/bfs/archive/cba96aaa82e188366857e2d149bb20cb3026936e.jpg,306804,755,16:26:29,用火锅底料做西餐，全熟【慢烤牛肋排】真香！,785
48075411,BV12b411p7zr,5881,566,1554194437,2019/4/2,5557,02:16,14222,//i2.hdslb.com/bfs/archive/825ce665d7d314dc70831db421b5808d04a8cfd2.jpg,284330,694,16:40:37,老板，不要蛤蜊，不要贻贝，不要面，我只要汤！！！,607
47579368,BV1ib411x7X7,6322,500,1553767053,2019/3/28,5922,03:38,15257,//i1.hdslb.com/bfs/archive/b8615d4a868db3403def226436f96c6d5a8d5ba5.jpg,329681,633,17:57:33,弃肉喝汤，一毫升一块钱的牛排酱汁是如何炼成的？,606
47318760,BV1ob41147z3,12709,873,1553508585,2019/3/25,22652,02:38,26308,//i2.hdslb.com/bfs/archive/87b668ac606fac904fd8a0469d8d3c7afae2afd8.jpg,602839,4019,18:9:45,百万调料师在线【炸鸡】，汁多皮脆肉嫩还带鳞！,842
46921427,BV1pb411J7Np,57379,24982,1553171002,2019/3/21,19326,06:35,44901,//i2.hdslb.com/bfs/archive/09900fc85d95bcdb70088cd2ecdd4ba94f816251.jpg,460060,2975,20:23:22,钱包警告，美食博主为了吃一口A5和牛，竟要吃土一个月！,5414
46824601,BV1Qb411E7Tn,5065,511,1553071144,2019/3/20,4428,02:00,14387,//i1.hdslb.com/bfs/archive/2c4b802ea2d7d79b9e6a7de99a81b2afc25c4222.jpg,264960,576,16:39:4,没有烧烤架，如何做出焦褐感的【鳕鱼西京烧】？,366
46335804,BV1Rb411H7Yy,6866,598,1552639713,2019/3/15,6168,02:41,16315,//i0.hdslb.com/bfs/archive/1e51ae771a6234837f41b14dab0050860723f916.jpg,318682,1055,16:48:33,那些年【老坛酸菜牛肉面】欠下的牛肉，一次还给你！,641
45680479,BV16b411v7Ss,5988,557,1552038138,2019/3/8,7247,02:26,14600,//i0.hdslb.com/bfs/archive/342320d997b209311551f2e8fb1ad73e8bfecf0a.jpg,275885,1230,17:42:18,【鸡胸肉松】难道就能减肥？看完就知道了！,478
45340827,BV1Mb411z7g1,6457,646,1551692208,2019/3/4,12062,01:41,15595,//i0.hdslb.com/bfs/archive/f946703df96977e0fd84b53b4c381ea3b609e589.jpg,355940,1459,17:36:48,【炒蘑菇】这么简单我XXX还用学？真香。。。,440
45020121,BV14b411b7tb,11869,1070,1551431172,2019/3/1,26991,02:50,26860,//i0.hdslb.com/bfs/archive/121d9c6aef9076b2599ce358c0497d4995daf2eb.jpg,670492,3394,17:6:12,不用烤箱也能做出口感丝滑的【焦糖布丁】~,894
44764025,BV1Zb41187m5,8805,947,1551175231,2019/2/26,7459,04:14,17868,//i0.hdslb.com/bfs/archive/80d895539ab567d5676de64831e40a2ca9696fad.jpg,359875,2097,18:0:31,【云吃饭】用一整只龙虾做一份汤泡饭是什么体验？,1237
44362207,BV1xb411h7pn,8569,763,1550831426,2019/2/22,16027,03:08,18842,//i1.hdslb.com/bfs/archive/09421c9d2727625320c650310e1054352a1ede39.jpg,452355,1982,18:30:26,在家如何做出堪比意大利餐厅的【培根蛋奶意麵】！,819
44076489,BV1Ub411a7x9,11471,846,1550566939,2019/2/19,22101,02:02,23908,//i1.hdslb.com/bfs/archive/fd22bff929be47d61a271b73ff766c6999db7fdc.jpg,608394,4644,17:2:19,【鲜椒酸汤肥牛】一整锅肥牛，竟然还能减肥！！！,891
43541171,BV1Ab41127am,3435,734,1550141648,2019/2/14,2307,03:10,10823,//i1.hdslb.com/bfs/archive/03159161bcbef7978ab7cdfa24286ebfa2896eca.jpg,257213,483,18:54:8,【龙胆石斑一夜干】这条石斑有丶东西啊！,922
42273866,BV1pb411k7qk,10914,1007,1549879620,2019/2/11,24809,02:11,24522,//i0.hdslb.com/bfs/archive/fa15cd3a3bdf906d91dd541a49b19725676664cd.jpg,606990,3571,18:7:0,【芝士奶油焗土豆】没有比这更简单更爆炸的食物了！,858
42262823,BV13b411k7tC,10777,708,1549620003,2019/2/8,9435,02:49,23396,//i2.hdslb.com/bfs/archive/e5122726ccc4de8a73e47a4ced91b5e3da299a7a.jpg,461811,1006,18:0:3,如何在家破解寿司之神的招牌【厚蛋烧】！,1111
42425634,BV1Fb411C7wR,15650,2421,1549247433,2019/2/4,4742,04:23,23386,//i2.hdslb.com/bfs/archive/cf5250db0841551449f10d3929ff933260d21056.jpg,275866,1097,10:30:33,新年B站第一条【锦鲤】，想转运吗？盘他欧一年！,1744
42083080,BV1Tb411y7qo,2555,551,1548928508,2019/1/31,1405,02:58,8989,//i1.hdslb.com/bfs/archive/0fca8f41061bd44715098bedc8df0dbdfa68dd35.jpg,247807,330,17:55:8,【盐焗海鲈鱼】一条鱼用掉半斤盐，咸不咸啊~,537
41928595,BV1it411t7L5,6362,627,1548669302,2019/1/28,6738,03:25,13668,//i0.hdslb.com/bfs/archive/0a7153e68ef6118a43e3542159cbf41de6815890.jpg,295622,1162,17:55:2,大过年的怎么能没有一份美味的【卤味拼盘】？,531
41470100,BV1dt411t7GW,11373,1129,1548324006,2019/1/24,17255,03:24,23947,//i0.hdslb.com/bfs/archive/0267754e9eefac4e5cfd3aea6f93894eb5ac9206.jpg,669918,3638,18:0:6,【全是肉煲仔饭】有锅巴的煲仔饭才有灵魂，咔呲咔呲~,1280
41419853,BV1Dt411t7zm,5771,1449,1548164365,2019/1/22,6708,02:44,15752,//i0.hdslb.com/bfs/archive/5421ac011f2390f19f6da75406ab640f24b2762a.jpg,386346,959,21:39:25,为什么非要把芋头做成我吃不起的样子！,885
41222516,BV1at411874o,11497,1301,1547979935,2019/1/20,30839,01:17,24660,//i0.hdslb.com/bfs/archive/01c1dfae1df5c0fcaeded2f80c494424e980eb2c.jpg,792844,5728,18:25:35,【可乐鸡翅】这真的是给手残党的新手教程。。。,558
41029532,BV1Gt411a7P6,18531,970,1547805910,2019/1/18,53386,02:42,44020,//i1.hdslb.com/bfs/archive/9c5f4b038c641935c347404348957a24d112927f.jpg,1135851,8895,18:5:10,【脆皮炸牛奶】嫩起来不要脸，就知道Duangduangduang~,978
40700213,BV1tt411H7Ep,10377,797,1547463984,2019/1/14,15598,03:20,19359,//i0.hdslb.com/bfs/archive/f0e023396cff68ed6d78166f4c6930bd2d2eb6bc.jpg,531060,4502,19:6:24,300一碗的【鲍鱼红烧肉】在家做只要80块，过年超硬菜！,891
40465302,BV1mt411p7CD,11249,887,1547201918,2019/1/11,22114,02:50,21705,//i1.hdslb.com/bfs/archive/a9a11d98d16a8bf27af80610a9d23fb641386ff1.jpg,592773,4921,18:18:38,快过年了，学一手又香又酥超简单的夺命【小酥肉】！,753
40112942,BV1Dt411W7z2,4369,554,1546854625,2019/1/7,6028,01:46,11787,//i0.hdslb.com/bfs/archive/9a55a057a8da998b4b961d1524494333078840a4.jpg,374367,1019,17:50:25,这个猪肉又香又酥，这个蛋又滑又嫩，好吃skr人了！,481
39883300,BV1Ht411x7LV,7437,546,1546598448,2019/1/4,10547,01:48,14359,//i1.hdslb.com/bfs/archive/474f845806401fb4e4f28e1637a0ce240563a9fd.jpg,301108,1616,18:40:48,【奶油蘑菇炖鸡】奶油，蘑菇，鸡肉“大乱斗”！,469
39427884,BV1Tt41167uk,10545,1126,1546248600,2018/12/31,15187,03:52,20387,//i1.hdslb.com/bfs/archive/be0b4096dbb8b320d3695a5cbba05402cdc539ff.jpg,579215,4931,17:30:0,说到【德国烤猪肘】，就想起三口一头猪，真香！,1421
38760513,BV1Qt411Y7ZQ,9298,707,1545991203,2018/12/28,19477,02:10,19373,//i0.hdslb.com/bfs/archive/9ac80ca454de9f00a67960ab6a5789a1a5e4f60c.jpg,608298,4676,18:0:3,冬天多冷，【部队锅】就多暖，芝士年糕热量爆炸~,779
38752659,BV1St411Y7vq,4604,532,1545645646,2018/12/24,5667,02:16,9777,//i1.hdslb.com/bfs/archive/c4b0955f0bf87b4c768deabd0dac89cd3cfc35d5.jpg,253628,1072,18:0:46,吃【油爆虾】竟然不用吐虾壳，什么骚操作？！,492
38612600,BV15t411Y79X,11920,793,1545385522,2018/12/21,14536,03:24,19091,//i1.hdslb.com/bfs/archive/cd64b53dfe605d9659c16710c14243eb00d8637c.jpg,510162,3554,17:45:22,皮脆肉嫩水还多的【圣诞烤鸡】，口水接住！,795
38450344,BV1Tt411v7k2,10201,591,1545134134,2018/12/18,17509,02:22,17405,//i0.hdslb.com/bfs/archive/d030c3fabf22330a8bf19687ec8f52928b5eb67d.jpg,487575,2697,19:55:34,日本盖浇饭始祖【亲子丼】，一家鸡当然要整整齐齐的！,585
38135329,BV1wt411i7Lq,6278,743,1544782497,2018/12/14,9855,02:18,12746,//i1.hdslb.com/bfs/archive/253dabf6f46fd49f7145cdeff6cae1049f0510d0.jpg,327698,1794,18:14:57,天冷就要喝暖暖duangduang的【芋圆红薯糖水】！,590
37820728,BV1Lt411q7k2,10868,598,1544436040,2018/12/10,21775,02:57,19186,//i2.hdslb.com/bfs/archive/7bab2d4d9efb847d4ea2686c434675443ba7f9ec.jpg,521453,3371,18:0:40,老板，来一份【芝士可乐饼】，要爆爆爆浆的！！！,808
37602745,BV1st411S7Zv,4692,508,1544177111,2018/12/7,4791,02:05,10372,//i0.hdslb.com/bfs/archive/390b0f91f03fdeb43965a3021b5a14a62e95bbbe.jpg,310996,957,18:5:11,【麻辣牛肉干】2斤鲜牛肉到底能出多少牛肉干？,363
37320930,BV1zt411D7sx,11628,840,1543830953,2018/12/3,20770,02:40,19982,//i2.hdslb.com/bfs/archive/fac801c54dd644f4c53f67a16a74495a97c88262.jpg,471103,2745,17:55:53,只要半小时，在家做一份堪比餐厅的【奶油蘑菇浓汤】,653
37082505,BV1Mt411X7wp,6190,490,1543571328,2018/11/30,11390,02:01,10997,//i0.hdslb.com/bfs/archive/7a699098536aa0060d56d56e30cd74a61694609f.jpg,299039,1371,17:48:48,【黑椒牛肉】学了这个黑椒汁，牛肉再也不发愁,364
36878515,BV1dt41197pP,7940,642,1543311864,2018/11/27,11398,02:15,16004,//i1.hdslb.com/bfs/archive/250b012a343ac7bc76553765ff6e6f6871572821.jpg,476914,2298,17:44:24,和脸一样大的超大【炸猪排】，老板来一块！,534
36628906,BV1st411y7Xt,5090,990,1543028532,2018/11/24,2537,03:47,12716,//i2.hdslb.com/bfs/archive/5260423c8b4985c372b4ce9571eba38f426ab41a.jpg,466534,797,11:2:12,小伙竟把一整只鸡塞入猪膀胱，馋死马壮实了！,1151
36463656,BV1vt411C74T,4333,607,1542855623,2018/11/22,5318,03:28,10371,//i1.hdslb.com/bfs/archive/ec31a1b000ad478c225b806b104341098448610e.jpg,388201,1504,11:0:23,从零开始制作汉堡王【蟹肉堡】，抓螃蟹谁有我强！,782
36315446,BV1rt41117vu,5127,527,1542620666,2018/11/19,2870,01:59,11056,//i0.hdslb.com/bfs/archive/bd6c1a40d44d1fced1096e50860d35308a777ae7.jpg,282578,883,17:44:26,【辣爆火鸡面】只用12块钱，泡面吃出豪华感！,402
36060406,BV1wt411m76U,3509,843,1542362106,2018/11/16,2730,02:39,7174,//i0.hdslb.com/bfs/archive/82c72e6603b8eff766f0395c68b8091ab9d557b6.jpg,178254,796,17:55:6,【湖州羊肉】南方人到底怎么吃羊肉！,910
35953162,BV18t41127hf,3111,532,1542192438,2018/11/14,3433,01:33,8762,//i2.hdslb.com/bfs/archive/fe1e1a6e824d35b971f8992f0857b0bb4f6fc9f3.jpg,300086,455,18:47:18,法棍这么硬，到底要怎么吃才好吃！,386
35830804,BV1Yt411U7W7,3869,740,1542020524,2018/11/12,2626,02:25,9300,//i0.hdslb.com/bfs/archive/e70e50f5f6f6f20180134be1b2be938ba2baffc8.jpg,316762,517,19:2:4,【黄金热狗】顶级流量的热狗应援,822
35611636,BV1Cb411c7bT,4529,527,1541760734,2018/11/9,3465,03:37,9551,//i2.hdslb.com/bfs/archive/191f995a0a170305a027588872340f9ef82a74b6.jpg,287859,837,18:52:14,【非洲鸡】一发脱非入欧，天天吃鸡！,666
35491036,BV15b411c7ae,3712,519,1541588926,2018/11/7,6750,01:43,7349,//i2.hdslb.com/bfs/archive/14c5657e40a8d26bca1ff08830ad9b1e9c9a7998.jpg,205490,1182,19:8:46,拒绝肥胖，30分钟准备一周减脂零食，完美代餐！,291
35127007,BV1vb411P77w,11470,1073,1541152267,2018/11/2,14532,03:54,18925,//i1.hdslb.com/bfs/archive/48bd3135c30d5e41cfa8ce1e59fccc20c323b3a6.jpg,731145,7606,17:51:7,【秃黄油】288一碗的蟹黄拌饭，舔就对了！,1309
35003174,BV1Tb411P7oy,11052,882,1540980326,2018/10/31,23362,02:31,21618,//i1.hdslb.com/bfs/archive/865db9bd1d2d6a4f2b6514a61f51094f6d0609cd.jpg,747137,5533,18:5:26,能拉100米长的【瀑布土豆泥】，这才是神仙美食！！！,967
34857178,BV1Rb411N71V,5407,564,1540805207,2018/10/29,4298,02:51,8524,//i2.hdslb.com/bfs/archive/a2f29f196cf7f1e72d58f8e5cc05ab00109bf29f.jpg,282251,564,17:26:47,直击美食up主煮饭发飚现场，史上最大甩锅案...,558
34648070,BV1cb411N7tJ,11808,776,1540553229,2018/10/26,20171,03:32,19684,//i0.hdslb.com/bfs/archive/223490113340b2e8f172723ece26999f21a5224b.jpg,601658,5832,19:27:9,【脆皮烧肉】好听吗，好听就是好吃！,1265
34451029,BV1Rt411R7tP,6759,513,1540289352,2018/10/23,13281,03:44,13279,//i0.hdslb.com/bfs/archive/821ad58173043d1e82826996e6acea77b5e4f866.jpg,466779,2792,18:9:12,【水煮牛肉】国民川菜到底有多好吃，下饭！,826
34148040,BV1At411o7gt,5902,445,1539945055,2018/10/19,5547,03:34,11702,//i2.hdslb.com/bfs/archive/51fb72390e2f44d05249604b9a6f4122784fc61b.jpg,495308,1293,18:30:55,这是一只来自印度的【烤羊腿】，万物皆可糊糊？,725
33982515,BV19t411Z7av,3694,763,1539691618,2018/10/16,4555,02:30,8057,//i0.hdslb.com/bfs/archive/a6b29c803727d7059f68a714502373663a763bab.jpg,323251,1755,20:6:58,【生醉大闸蟹】这个蟹黄比海胆还好吃！,607
33684231,BV1Xt411f7fm,3820,363,1539345151,2018/10/12,6908,02:23,7180,//i0.hdslb.com/bfs/archive/7916f4d49dcaa90b692d40383914b118a6e612db.jpg,214603,1375,19:52:31,【茄汁大虾】别跑虾子，酸酸甜甜就是你！,382
33603630,BV18t411f758,6354,434,1539259203,2018/10/11,14599,02:54,10753,//i0.hdslb.com/bfs/archive/09687fedaeedca9368221ca047352e208a43c392.jpg,331964,2770,20:0:3,丰满多汁の【鸡胸】奥秘，低脂减肥就这么简单！,412
33361197,BV1QW411y789,4281,489,1538915174,2018/10/7,8863,02:29,7856,//i0.hdslb.com/bfs/archive/c065d1ac0942e5b906169ab1f6667135a02fc2ea.jpg,254510,1696,20:26:14,只需要一个锅子就能做出超好吃的【咖喱牛腩】~,662
32985211,BV1gW411U7bs,3240,399,1538654430,2018/10/4,2960,03:27,6966,//i2.hdslb.com/bfs/archive/2bf6987be4417d12e700974c6d6ee91cedba1506.jpg,157934,516,20:0:30,【巧克力甜甜圈】今年过冬就靠它了，秋膘贴起来！,446
32761357,BV1kW411S7VS,4058,438,1538304442,2018/9/30,5921,01:40,10149,//i2.hdslb.com/bfs/archive/185050eb97f3a42d3e6cbfe0fc82285b8e001871.jpg,278001,1034,18:47:22,【水波蛋】让Brunch身价几倍的鸡蛋到底怎么做？,258
32284174,BV1nW411z7n8,5498,445,1537674015,2018/9/23,8456,02:32,8532,//i2.hdslb.com/bfs/archive/227c30bbbd5821741c84cdbc50440ae0d81d50fa.jpg,248646,2579,11:40:15,【红烧猪蹄饭】大猪蹄子，看你往哪里跑！,535
31983796,BV18W41167xk,4103,368,1537266585,2018/9/18,7780,01:42,8129,//i0.hdslb.com/bfs/archive/545e7861ae74a801ba9afe63eff19b7996d6e4cd.jpg,217459,1414,18:29:45,【肥牛泡菜豆腐锅】这个菜你竟然没点过吗？,390
31642554,BV1fW411C7gx,3609,353,1536839993,2018/9/13,2833,03:59,5742,//i0.hdslb.com/bfs/archive/6a743aea8c34cb2aafb1fd76a88ee560d9f828ce.jpg,116197,471,19:59:53,这是今年我见过颜值最高的月饼了，好看更好吃！,393
31311220,BV1kW411d7pL,11619,702,1536378583,2018/9/8,33791,02:46,20898,//i1.hdslb.com/bfs/archive/d1eb46243432d2a58a5d8e4511fb6ad841e2ceec.jpg,621222,4776,11:49:43,【鸡汁土豆泥】200%还原肯德基土豆泥！,635
31090485,BV1LW411Z7zK,6575,579,1536057348,2018/9/4,26884,01:52,17551,//i2.hdslb.com/bfs/archive/c3b9bff4852b7319bc4a6d26d509c0cda071895b.jpg,551161,2312,18:35:48,【抹茶小方】这个牛奶小方抹茶了,449
30719211,BV13W411f7YG,3076,363,1535626109,2018/8/30,8574,01:36,6870,//i0.hdslb.com/bfs/archive/c1877dd5bbd8bbed4306b9ad15190c8b02b1b980.jpg,268173,1154,18:48:29,【牛奶炒蛋】满满的奶香味，超湿润！,332
30208338,BV1PW411D7M7,3603,360,1535154421,2018/8/25,5833,03:07,7119,//i1.hdslb.com/bfs/archive/5e9a8c8b5838fc9dbd370ae3b3879ddf9f1661bb.jpg,165274,664,7:47:1,【纽约乳酪蛋糕】新手也能一次成功的乳酪蛋糕,313
29864049,BV1DW411975g,6507,507,1534764356,2018/8/20,14446,03:34,10924,//i1.hdslb.com/bfs/archive/59109fad96b1b94715848a0a44629469294b7afb.jpg,338328,3074,19:25:56,【番茄牛腩】这个做法只有西H柿首富才有吃！,572
29060971,BV1Js411u7R4,4539,504,1533954531,2018/8/11,4822,02:34,8612,//i1.hdslb.com/bfs/archive/1abac94694a9a9d3e8f40ca2416e1217733d77b1.jpg,234726,1014,10:28:51,不乖的芝士不要丢，裹上面包糠油里炸一炸,473
28622364,BV1os411u7ux,18303,1284,1533553216,2018/8/6,24223,04:44,23586,//i1.hdslb.com/bfs/archive/5b53389a0779501e65f37233d4c663709479822a.jpg,874635,8412,19:0:16,这个【煎牛排】教程能解决你日常99%牛肉问题,1400
28363921,BV1Ms41137HS,3855,506,1533215544,2018/8/2,5810,02:12,6860,//i0.hdslb.com/bfs/archive/e72180a4e8f6386458cec838065c6feb01841c3f.jpg,170304,660,21:12:24,这是要冰到心里去吗？ 超级解暑的抹茶丸子刨冰,403
27958329,BV1Ds411A7RP,7319,961,1532783237,2018/7/28,8779,03:11,12593,//i2.hdslb.com/bfs/archive/f1d97d9a743141c54eebb7c007199595ed71c0a7.jpg,567121,2235,21:7:17,这碗【牛骨髓牛排丼】，隔壁家的小孩都馋哭了！,770
27678684,BV1Zs411P7FT,1147,386,1532516406,2018/7/25,2594,03:07,2955,//i0.hdslb.com/bfs/archive/d3cabb0744a03fb8d589ab5eb8aa5eab02f222d4.jpg,168954,448,19:0:6,【藤椒鸡肉面】这个拉面有点麻辣辣辣啊！,557
27553927,BV1Js411P7ep,1506,278,1532348626,2018/7/23,1728,02:39,3484,//i2.hdslb.com/bfs/archive/fd4fd969a68e4c9e78847e57942ec5a4f20c9b0b.jpg,99649,193,20:23:46,"【苹果塔】超高颜值甜点只要一块苹果，一块饼干,一勺冰淇淋",240
27156366,BV1ps411E76W,3689,543,1531911979,2018/7/18,6576,02:23,6796,//i2.hdslb.com/bfs/archive/fd963fd3073c3349d3b492b9f6977baf2f44c0ac.jpg,160246,622,19:6:19,【抹茶红豆年糕汤】炎炎夏日，来一碗，透心凉~,391
26827528,BV1Ws411J7tc,4620,517,1531546198,2018/7/14,5575,05:21,5065,//i1.hdslb.com/bfs/archive/2e40eb7365e0152810d9bee49f13dc383c1bc166.jpg,198145,1205,13:29:58,【正经日式叉烧】我有个大胆的想法，绳の奥义-龟甲缚,954
26561042,BV1Cs411n7Na,3398,583,1531222198,2018/7/10,8789,02:12,5420,//i2.hdslb.com/bfs/archive/cb793db79290a749efe4dcef7a400a863895b683.jpg,197180,1248,19:29:58,【日式咖喱饭】一个锅子搞定，日系人妻必备,351
26197810,BV1Bs411V7a6,8423,734,1530793437,2018/7/5,23682,02:48,14022,//i0.hdslb.com/bfs/archive/0ad0780052aa18541ccd0d17c95396cc6a67b644.jpg,651218,4321,20:23:57,【温泉蛋牛肉饭】仿制吉野家牛丼，难度系数1.0,937
25932367,BV1Fs411L7jb,13905,1252,1530425015,2018/7/1,35787,05:07,17678,//i2.hdslb.com/bfs/archive/e73c23f30d74375fd26b1cc91af72fe923b9fb95.jpg,671197,6962,14:3:35,【减脂餐】不是生酮，不是节食，一个月减脂4kg,1959
25696222,BV12s411V7p2,4826,801,1530100123,2018/6/27,9559,03:01,8624,//i1.hdslb.com/bfs/archive/15f2640b726d2631a24196ddf3f232d3530ec194.jpg,382252,1419,19:48:43,【蒜泥白肉】这个夏天，最想吃的就是它了,713
25433948,BV1Ts411L7ny,2874,233,1529739292,2018/6/23,3795,02:37,3972,//i1.hdslb.com/bfs/archive/8fb7c795480f4d0fd1839df6a67ddf3838011f25.jpg,118111,430,15:34:52,"【芝士意面】0基础0失败,满满芝士,热量炸弹 还不学？",256
25325672,BV1Ns411779L,16423,1273,1529580505,2018/6/21,54021,03:10,33951,//i1.hdslb.com/bfs/archive/0d5af697a6218b901858306d95018435f7a97634.jpg,1410490,7305,19:28:25,【番茄炸蛋面】打个商量，我喝汤，你吃面？,1997
25211704,BV16s411j72R,1238,198,1529407421,2018/6/19,1898,03:22,1814,//i0.hdslb.com/bfs/archive/6b84d3d9140535354293317d0578dc8df300a7cc.jpg,76125,263,19:23:41,【泰式牛肉沙拉】夏天牛排还能这么做，辛辣清爽,229
24801225,BV18W411w7dw,1020,358,1528887671,2018/6/13,631,03:30,1572,//i2.hdslb.com/bfs/archive/563409116c839c20b5ca37fd1cc2c685e56d8626.jpg,65167,146,19:1:11,用薯条香肠来制作德国国旗，你想得到吗？,440
24634521,BV1HW411P7tY,2876,877,1528599704,2018/6/10,3485,02:56,4360,//i0.hdslb.com/bfs/archive/3702b165bbb5a3e50c1a8b75f8f74203d46e4a55.jpg,361919,1475,11:1:44,25块的菜刀用3000元的磨刀石研磨后 到底有多快,1419
24267129,BV1uW411N7aY,1264,226,1527913249,2018/6/2,2519,02:48,2066,//i0.hdslb.com/bfs/archive/ed520eaa3f0db5bfd540ee830a9b8ecf1d411fc8.jpg,124795,417,12:20:49,看了这个视频，你就知道全熟汉堡也好吃！,303
24197033,BV1fW411P7cq,385,127,1527771505,2018/5/31,215,02:26,1030,//i2.hdslb.com/bfs/archive/d12a211311b5a5dcf1b17421d124de5cf72d737b.jpg,65676,69,20:58:25,和牛金枪鱼开箱 六一儿童节的礼物,99
23962493,BV1Cp411R7p4,8342,784,1527326746,2018/5/26,30026,02:59,10560,//i1.hdslb.com/bfs/archive/7dada48d1532b60c4fa540366653e5c3d938f647.jpg,434555,4360,17:25:46,汁多肉嫩皮脆，这种炸鸡好吃炸了~好饿,699
23789679,BV1hp411o7QS,1405,305,1526995855,2018/5/22,2510,02:51,2176,//i0.hdslb.com/bfs/archive/b85b9a8eb6729bdc0423f5d50e759c263a93428a.jpg,102645,271,21:30:55,这是一个让人流泪的视频,278
23651822,BV1Bp411d7tJ,2008,460,1526732740,2018/5/19,7235,02:03,4538,//i2.hdslb.com/bfs/archive/5c7fe5ed310af7aa19432c6ddadf92201869b295.jpg,345266,769,20:25:40,蛋蛋的忧伤，欧姆蛋完全教学,407
23377056,BV1Np411Z7so,1970,330,1526187863,2018/5/13,6914,01:47,4795,//i2.hdslb.com/bfs/archive/60185f04ddcde86122d49373b0f70b82335d7571.jpg,294475,594,13:4:23,妈，这个UP主终于出了道我会做的菜了！,418
23247597,BV1KW411F7Mh,2887,518,1525948332,2018/5/10,12554,02:43,5010,//i1.hdslb.com/bfs/archive/e6ba01c4f6c3beabe8a79ee4b27e8ebef1c35008.jpg,275481,1512,18:32:12,如何做一份米其林餐厅的土豆泥？不要998只要18块！,514
23061723,BV1xW411G7F1,1754,1505,1525592852,2018/5/6,4149,03:30,3888,//i0.hdslb.com/bfs/archive/5ed96da7da2074746eba61c5862669345ba22dfb.jpg,347172,1110,15:47:32,没吃过生牛肉，那么就试试牛肉塔塔吧！,971
22937447,BV11W41137dr,3490,289,1525359997,2018/5/3,9437,03:01,7630,//i2.hdslb.com/bfs/archive/916bec96a43d8a6cf3d8f72ee5e4d4182d4fed9c.jpg,351360,891,23:6:37,人人会做的千层面，一口就满足~,529
22605586,BV11W411G7gN,1158,192,1524744067,2018/4/26,5222,02:47,2177,//i2.hdslb.com/bfs/archive/48582c189529a7d4504967f43387de8d5211e5ff.jpg,138104,671,20:1:7,意大利肉醬面，不比老北京炸醬面差！,203
22482301,BV1fW41157P4,450,216,1524479468,2018/4/23,1546,02:28,1093,//i1.hdslb.com/bfs/archive/f0ff581bd5c88fa4bb89446c1d2f9dc03ada4011.jpg,94850,190,18:31:8,如何做一碗有牛肉的藤椒牛肉面！,285
21957431,BV1RW411K7fm,647,105,1523446793,2018/4/11,1354,02:23,1165,//i0.hdslb.com/bfs/archive/704b29eb87a0b9de0598d973a651673559e73ea1.jpg,62937,161,19:39:53,见不到樱花，就做一朵吃吧~#樱花樱花想见你#,129
21552455,BV1HW411T7PZ,689,145,1522660074,2018/4/2,1916,02:55,1258,//i2.hdslb.com/bfs/archive/420d5e2a7417c65ae1334d815b34620e04137dc3.jpg,79201,305,17:7:54,大早上的就要吃的重口一些！香肠，鸡蛋，泡面,246
21265153,BV1vW411M7gh,1185,147,1522065738,2018/3/26,3475,02:55,1630,//i1.hdslb.com/bfs/archive/be5b391e59ddc066f5d09cfbcc4e8d05e795f3d1.jpg,104812,510,20:2:18,只需要一个电饭煲，就能做出超级棒的鸡腿饭,271
19902356,BV1XW41177Vx,661,139,1519294687,2018/2/22,1826,01:55,1138,//i2.hdslb.com/bfs/archive/996ef4da06bd24f7f82251b12035f6369936c43f.jpg,63160,264,18:18:7,芝士蒜蓉黄油面包，谁能不爱呢,110
19535532,BV1kW411E7LV,1402,147,1518499936,2018/2/13,7618,01:10,3265,//i0.hdslb.com/bfs/archive/6d2052fffcb52a1728b5ef0480d2ecf537251862.jpg,168386,702,13:32:16,"甜甜的年糕红豆沙,味道真是棒极了!#bilibili今天吃什么#",104
19358146,BV1JW411n7GB,1882,202,1518174959,2018/2/9,6452,01:47,2274,//i0.hdslb.com/bfs/archive/4e1f543688f6e854281ea119688bf3f2fdb89c46.jpg,100868,881,19:15:59,年夜饭的桌子上怎么少得了糖醋排骨！ #bilibili今天吃什么#,123
19094458,BV1BW411H7b8,2312,364,1517660726,2018/2/3,11701,03:14,3748,//i0.hdslb.com/bfs/archive/659ab18b6fa5ab3cd042aa0972ee3798edf0edff.jpg,381433,1529,20:25:26,终极日式鸡蛋牛肉饭，只需要一个锅子！,625
18886385,BV1CW411n7Cm,617,138,1517229803,2018/1/29,1917,04:02,1116,//i0.hdslb.com/bfs/archive/5b3bd7cb0c4680721146086babe055630a75972c.jpg,67311,223,20:43:23,芝士就是力量！超简单的芝士土豆鸡蛋饼,332
18734427,BV1VW411e7ug,1345,252,1516964159,2018/1/26,5078,03:43,1814,//i1.hdslb.com/bfs/archive/f7cb8e4812aba7d95b7d2072db098516b349f3c0.jpg,120337,1170,18:55:59,如何将一份5块钱的葱油面卖到100块！,275
18666744,BV19W411Y7ga,2988,425,1516789585,2018/1/24,10398,05:26,4374,//i1.hdslb.com/bfs/archive/c1b8ebfbb65ee2fd11d6a71027366bf1a581bbf7.jpg,224007,991,18:26:25,干货干货干货， 重要的事情说3遍！,586
18512480,BV12W411v7z3,1244,132,1516426452,2018/1/20,3212,02:43,1650,//i2.hdslb.com/bfs/archive/ad7367a944feb222486225bec9ed1576142fad54.jpg,60364,329,13:34:12,热巧克力+海盐奶盖，让你感到秋裤般的温暖！,194
18249710,BV1TW411q7R6,399,82,1515819644,2018/1/13,238,06:10,651,//i1.hdslb.com/bfs/archive/4d3003726867195a446a36e2a1515c6423e767ab.jpg,42262,141,13:0:44,闲逛泰国海鲜市场，知道海鲜都是怎么烹饪的吗？,293
18229923,BV13W411q7Gq,338,101,1515751434,2018/1/12,279,04:03,516,//i1.hdslb.com/bfs/archive/ccd7de5754e6d57b4751faf9d7226f28a63e062d.jpg,34332,158,18:3:54,泰国街头夜市，超级多小吃！最爱的就是练摊~,151
18194094,BV1fW411i7oJ,2856,439,1515657764,2018/1/11,5610,09:50,3138,//i2.hdslb.com/bfs/archive/632dc5aa8d4c6ed10a84c0caebf71422725fab31.jpg,133847,716,16:2:44,一个西餐厨师到底能有多少刀，教你如何正确选购厨刀！,917
17979266,BV1xW411B7s2,1943,532,1515122328,2018/1/5,8999,04:40,2734,//i0.hdslb.com/bfs/archive/f5e83860d0336978658356d5ec090ccac522f5af.jpg,242307,1870,11:18:48,如何选购牛排,544
17769632,BV1tW411b77N,919,264,1514618626,2017/12/30,1461,04:19,2104,//i0.hdslb.com/bfs/archive/1b3a4e971767955712aab19457b26582ea041772.jpg,176631,563,15:23:46,11斤的和牛牛排，知道怎么做吗？！,672
17570125,BV1xW411t7W9,1511,258,1514091703,2017/12/24,2607,05:19,2294,//i1.hdslb.com/bfs/archive/0b98cd579761f31b29547e65fe8c61789e7f33a2.jpg,130390,563,13:1:43,龙虾+牛排，100块钱搞定超豪华料理！硬菜力max,532
17508853,BV1mW41187Z5,904,159,1513941932,2017/12/22,755,04:21,868,//i1.hdslb.com/bfs/archive/b2cb8dbdea6c15f9439040acbcedfbb14fc1dbfb.jpg,43676,152,19:25:32,羊肉，除了羊汤，你还会怎么吃！,275
17419030,BV1gW41187B3,520,100,1513678087,2017/12/19,1376,04:08,866,//i0.hdslb.com/bfs/archive/c77ca45fc4bd5d9b18c0ebfca8796c707fa4c8ad.jpg,42675,225,18:8:7,这份龙猫便当，实在是太太太可爱了！,169
17125825,BV1pW411h7xZ,807,77,1512887613,2017/12/10,2641,02:47,1119,//i0.hdslb.com/bfs/archive/77bfd70a0542ca441d41735800f630e6fea072c9.jpg,49390,205,14:33:33,3种吐司大集合，半个小时制作完美早餐！,134
17033224,BV1eW411Y7zi,759,102,1512649479,2017/12/7,3321,02:08,1316,//i1.hdslb.com/bfs/archive/278e251e2195e00d5192351ca86aa13919bb4d8e.jpg,80408,305,20:24:39,日式炸肉饼，没有汁水的肉饼也敢叫肉饼？,125
16941985,BV17W411Y7sd,865,113,1512383680,2017/12/4,2546,01:50,1273,//i0.hdslb.com/bfs/archive/ae20cdd5599dcf25a850f0437267d7c2c8f136fe.jpg,71576,311,18:34:40,食戟之灵 麻婆豆腐，要的就是麻辣味！,126
16872665,BV11W411a7s4,468,96,1512210787,2017/12/2,1161,02:59,787,//i2.hdslb.com/bfs/archive/806845592b0cb6b43d04b3297728c00b33abb47d.jpg,45979,127,18:33:7,木鱼花厚蛋烧,136
16864360,BV1CW411a7wL,1097,177,1512198101,2017/12/2,4779,01:28,2981,//i2.hdslb.com/bfs/archive/d14970c34251d6c1893ef3264ba581c73c5c943a.jpg,209571,548,15:1:41,食戟之灵  软绵绵的水果舒芙蕾欧姆蛋，想吃吗？,210
16832839,BV1YW411a7Az,588,100,1512117631,2017/12/1,764,02:54,655,//i1.hdslb.com/bfs/archive/ca9f0b1022279fb043eda3be9c526b49221f722b.jpg,37103,134,16:40:31,食戟之灵 燃烧吧，勃艮第红酒炖牛肉，一发入魂！,118
16747590,BV1rx41157WT,426,192,1511859199,2017/11/28,323,02:18,651,//i0.hdslb.com/bfs/archive/6b9c97cf9b7092950807ed38826d20f5a125f26f.jpg,40353,90,16:53:19,失踪人口回归，来一发帝王蟹吧~,107
15589898,BV1qx411M7HU,944,206,1508574141,2017/10/21,3222,04:29,1475,//i0.hdslb.com/bfs/archive/dabbab64dce31480789024776b2c794d7f1122f7.jpg,121875,256,16:22:21,做份麦乐鸡，再来一份82年的四川辣酱！,364
15375370,BV1nx411g7Ha,319,79,1507953100,2017/10/14,795,03:59,429,//i2.hdslb.com/bfs/archive/b87b066d0776d5590855d058e0ca332da4de2d87.jpg,32277,73,11:51:40,炸猪排便当，猪排还是炸了好吃~,185
14934891,BV1Jx411V7gr,370,110,1506782884,2017/9/30,1369,02:05,925,//i2.hdslb.com/bfs/archive/340d80d666631710a236c41a01c82b75bcf22130.jpg,63549,115,22:48:4,这个上海粢米饭的油条一点都不软！！,147
14861576,BV1dx411G7UB,338,81,1506569983,2017/9/28,386,03:19,344,//i1.hdslb.com/bfs/archive/2605b4d86f9620fd22780957138b28a7a85b7c84.jpg,25662,64,11:39:43,大闸蟹吃过很多，你吃过这种吗,164
14506631,BV1ax411s7Xv,2286,618,1505541165,2017/9/16,11706,02:44,5213,//i1.hdslb.com/bfs/archive/e7188d6f094d085196cb570472681db659cfca29.jpg,667263,3108,13:52:45,这才是火鸡面的正确打开方式！,1588
14448487,BV1Lx411s75q,1847,300,1505361986,2017/9/14,11337,02:51,2857,//i0.hdslb.com/bfs/archive/43d4925d10b48e6d20a03a7eb39225300ba74425.jpg,191664,1145,12:6:26,用电饭锅做的重乳酪芝士蛋糕，谁能不爱！,470
14298330,BV1Ex4114797,296,105,1504927741,2017/9/9,639,02:49,347,//i0.hdslb.com/bfs/archive/502ac9789c156291165ed14746d72558643c9398.jpg,29013,83,11:29:1,玩Pokemon就去吃一碗Poke Bowl,148
14280152,BV1Px41147Zi,1372,196,1504869253,2017/9/8,5218,03:01,2544,//i0.hdslb.com/bfs/archive/65d39b188bf908a8405fdaf306b2a4ec84066c5a.jpg,249168,1071,19:14:13,西班牙海鲜饭，就是这么麻烦。。。,416
14090158,BV12x411t7gH,3149,282,1504330402,2017/9/2,15856,03:19,5214,//i2.hdslb.com/bfs/archive/3d9ca752107b00ce35a2ed55edfe0f4a2fa94df3.jpg,307676,2866,13:33:22,照烧鸡腿饭，2只鸡腿，一碗米饭，还能更好吗~,341
13786174,BV19x411b7Ce,2126,488,1503646355,2017/8/25,8262,02:48,3558,//i2.hdslb.com/bfs/archive/5e63a124d0928eab7adca530d59101a166997e0d.jpg,361270,1026,15:32:35,不是所有的叉烧饭都叫黯然销魂饭,848
13675886,BV18x411b7zH,486,205,1503404049,2017/8/22,1607,03:40,532,//i2.hdslb.com/bfs/archive/2e5ea6b003871735d188c41f474a654347d7fb5f.jpg,39641,221,20:14:9,做一份爱心便当，用美食约会七夕。,278
13508048,BV1vx411J7TB,842,418,1503040803,2017/8/18,2579,04:50,1301,//i0.hdslb.com/bfs/archive/94a9f758a633da65eae5fd1f268d783d7af53519.jpg,99349,578,15:20:3,这真的是上海最好吃的鲜肉月饼！,513
13304406,BV1Lx411H7n7,425,113,1502595012,2017/8/13,1246,02:41,560,//i0.hdslb.com/bfs/archive/1370cecab3c4cf258414305e46eba64201aeacdd.jpg,48018,191,11:30:12,这个夏天吃最后一口冰，3分钟学会3种棒冰！,145
13135048,BV13x411n7HH,561,159,1502243713,2017/8/9,2338,02:41,579,//i0.hdslb.com/bfs/archive/9eb421e19e1fe6d2613b6a3c25a5bf7145a9a6c2.jpg,48183,383,9:55:13,喷香猪肉排骨焖饭，饭比肉还好吃！,197
13031087,BV1Hx411p7eK,2007,335,1502014976,2017/8/6,2183,01:14,3502,//i1.hdslb.com/bfs/archive/3df23f9add46f47cb750f8a39c3962913124e9ff.jpg,215174,435,18:22:56,油泼面就要简单粗暴,360
12897623,BV1zx411H7kE,506,138,1501734037,2017/8/3,1847,02:19,1115,//i2.hdslb.com/bfs/archive/bcebe3b280088d507b939b97fad17dfdfb1bbf64.jpg,120642,314,12:20:37,夏日夜宵之王（羊肉串：呸），火辣辣的烤鱿鱼，好吃！,232
12695513,BV18x411W7HP,351,128,1501297105,2017/7/29,1818,02:31,477,//i2.hdslb.com/bfs/archive/492ef1d471eda7115e2d1f6f0b656c0be6129bdf.jpg,41682,174,10:58:25,这个夏天我要一口一口吃成小瘦子，藜麦鲜虾沙拉,151
12621924,BV1Kx411W7ZL,688,336,1501098805,2017/7/27,1694,04:38,820,//i2.hdslb.com/bfs/archive/1d841f19fa8e2d67e5a3bf9dac17fe8e7fb504e5.jpg,158197,553,3:53:25,禁止空腹观看，3.5kg的腹心牛排分割以及低温牛排,1420
12590136,BV1dx411p7dL,498,205,1501063042,2017/7/26,1004,04:43,547,//i2.hdslb.com/bfs/archive/8fc12adfae2b1839ec360bb1068414eeb9454231.jpg,50163,146,17:57:22,法国除了鹅肝黄油，还有油封鸭，做一次吃一年！,309
12419663,BV1ax411i7Eb,286,132,1500610265,2017/7/21,1182,04:43,429,//i2.hdslb.com/bfs/archive/f1632b7991dc0f27842ef033cc89a506ce617e3c.jpg,48466,172,12:11:5,这是一碗没有适量的川味鸡丝凉面，新手也能做的很好吃,292
12247320,BV1gx411B7V7,9337,2146,1500174628,2017/7/16,57938,02:22,12630,//i2.hdslb.com/bfs/archive/61d6d05e251a8daaca89ee09f1882003c78c900a.jpg,1128383,6389,11:10:28,太阳蛋，温泉蛋，溏心蛋，3分钟做完3款人气蛋料理,2426
12216807,BV1fx411q7Sr,482,164,1500092219,2017/7/15,1933,04:18,573,//i0.hdslb.com/bfs/archive/d7370582267b20fcda20b3999407b20651605823.jpg,52127,198,12:16:59,3种土豆做法，烤箱，炉子，微波炉你肯定有一样！,289
12121974,BV1hx411q7ED,873,290,1499830469,2017/7/12,4602,03:15,747,//i1.hdslb.com/bfs/archive/c56edee22323e9a4d896cf989fa68731c48bfdea.jpg,100225,502,11:34:29,和牛滑蛋盖饭，这碗饭我打9分，多一分怕它骄傲,453
12088919,BV1nx411q7b9,452,142,1499740423,2017/7/11,1626,03:50,793,//i2.hdslb.com/bfs/archive/32a4846bf5e60d9be3a00565c408a494c65e2b37.jpg,57726,146,10:33:43,"2种方式,只需要5分钟，做2款超棒披萨！（阿尔萨斯火焰薄饼+萨拉米芝士披萨）",222
11993814,BV1Cx411z7n8,745,290,1499475616,2017/7/8,4295,03:11,1263,//i1.hdslb.com/bfs/archive/669a7395c5a4370c6d198866e79ed33e3cdfdce6.jpg,125177,500,9:0:16,我想，这是我吃过最好吃的韩式辣鸡翅，就等你！,450
11907753,BV1jx411z7UG,396,156,1499242793,2017/7/5,443,04:23,352,//i1.hdslb.com/bfs/archive/8d9812a4e0dcc71953ba668da84b33b87e786574.jpg,18350,77,16:19:53,邂逅宫崎骏，我的邻居龙猫Totoro（龙猫小餐包）,148
11836719,BV1Xx411B7d9,711,264,1499056217,2017/7/3,2101,03:11,1485,//i2.hdslb.com/bfs/archive/f216b8041ba89ab6a46e1384c2e91029a8c65f93.jpg,125105,341,12:30:17,女神，我想融化你的心！,382
11776237,BV17x411r7hd,6576,1380,1498875422,2017/7/1,30112,04:50,9783,//i0.hdslb.com/bfs/archive/39c614295eedda9376802e4188e4b43e4139564d.jpg,631233,4592,10:17:2,正宗日式蛋包饭，会流心还好吃，这还学不会吗,3555
11704993,BV1Rx41167g4,1121,247,1498656620,2017/6/28,7344,03:21,2201,//i1.hdslb.com/bfs/archive/0d5a32720ccddf67f97dd79c49d56d8dbcc03fc7.jpg,169025,787,21:30:20,这个声音，你想吃吗，鸡米花就要辣辣辣辣辣！,554
11611552,BV1sx41167mT,258,148,1498373309,2017/6/25,859,02:45,347,//i0.hdslb.com/bfs/archive/a80da23a4bbdb33b45036f362e668eaacbfae65c.jpg,25301,88,14:48:29,泰国人民最爱火辣辣的泰式红咖喱鸡,95
11509457,BV1Sx411h7SC,546,167,1498047545,2017/6/21,1605,05:38,750,//i1.hdslb.com/bfs/archive/f0752a67bf7406fa56b5c4da14dff57f2986965a.jpg,57082,110,20:19:5,你可能没有吃过，但是你一定要试试！教你做越南猪肉丸子三明治，除了三明治还有丸子学,371
11376243,BV1gx411h7h9,1235,209,1497619323,2017/6/16,5359,03:51,1877,//i0.hdslb.com/bfs/archive/e0d4a0ecb0e4b82f725114627e788e0b274d6fea.jpg,109128,695,21:22:3,详细讲解一碗红烧肉如何诞生！还有更细的嘛？,247
11280349,BV1zx41187CE,1373,340,1497351608,2017/6/13,7915,04:17,2561,//i1.hdslb.com/bfs/archive/23b212194440f206d1f3f3113b7b4a521991104c.jpg,172403,946,19:0:8,配着这碗鱼香肉丝，我能吃三大碗饭,475
11235695,BV1fx411a7tC,683,275,1497142851,2017/6/11,3234,03:39,1603,//i1.hdslb.com/bfs/archive/f304682f6b7a1f33750e09c4220dffbed34d3d72.jpg,150761,365,9:0:51,为了这块汉堡，我吮了手指20遍，教你做完美的芝士汉堡,514
11163753,BV1vx411a7Qm,229,104,1496921107,2017/6/8,363,03:20,318,//i2.hdslb.com/bfs/archive/4eef865dcbc37f867407ddf13b709480f1e5d583.jpg,19887,38,19:25:7,还记得那年大明湖畔的意大利烩饭吗。。。意大利烩饭米饼，煎蛋，火腿，松露,113
11119425,BV1ax411a7x1,1331,431,1496751383,2017/6/6,4004,04:33,2402,//i0.hdslb.com/bfs/archive/bbb99fb4710d8bd8032f84fae7891dcf4536e710.jpg,272462,949,20:16:23,牛肉！大块牛肉！叫做战斧的牛肉！手把手教你做法式战斧牛排,1111
11007188,BV1bx411e7k8,831,163,1496364677,2017/6/2,3131,02:49,886,//i2.hdslb.com/bfs/archive/956c65e653b2b3ea2b057d171cb3c35518f93aeb.jpg,64534,225,8:51:17,从未吃过如此好吃的炒面，比肉还好吃的生姜，培根，香菇炒面！零失败！,186
10979738,BV18x411e7ky,1952,583,1496311301,2017/6/1,9911,04:46,2601,//i0.hdslb.com/bfs/archive/eff8813ac1c31b6eb3049075325f8a3f337b9ded.jpg,346538,2146,18:1:41,七斤大肉，这么脆，还想怎么样！意大利脆皮五花肉/意式烤猪porchetta,1373
10919866,BV13x411e7Eu,311,95,1496060929,2017/5/29,768,03:24,517,//i0.hdslb.com/bfs/archive/89bd6ec7ce2c365d816958b3d33595ca5479ea23.jpg,30618,93,20:28:49,黑松露蘑菇意大利烩饭，不会煮松露的人还不看过来,144
10742759,BV1Ux411v7nZ,534,138,1495421724,2017/5/22,1092,06:04,526,//i2.hdslb.com/bfs/archive/f7a9639fe2792fa76be4096f593c944f7f523291.jpg,51680,170,10:55:24,最好吃的龙虾长啥样~香煎龙虾，芝麻菜沙拉，黄油蘑菇填馅,309
10678962,BV18x411v7BJ,1195,115,1495215274,2017/5/20,4163,04:26,3062,//i2.hdslb.com/bfs/archive/32301cc0639a77ad392e571238f75906f984febd.jpg,150259,369,1:34:34,早餐吃什么，烟熏培根，菠菜，大葱班尼迪克蛋egg benedict,578
10618497,BV1nx411v7UP,191,54,1494990258,2017/5/17,382,05:44,419,//i1.hdslb.com/bfs/archive/e366ed68015e9705e8caa8aec52c3347a6caab0b.jpg,24178,31,11:4:18,夏天次什么，减肥进行时 couscous 烤虾沙拉~,187
10466577,BV1Fx411U7ZQ,1050,130,1494439495,2017/5/11,1925,07:03,1912,//i1.hdslb.com/bfs/archive/86a9d2639f1f5d4257b9de4fb428e50ddda366df.jpg,103284,207,2:4:55,宇宙最好吃的香肠，海鲜，猪五花盖浇饭 seafood gumbo soup,715
10219005,BV15x411S7un,602,385,1493600083,2017/5/1,462,09:35,1476,//i1.hdslb.com/bfs/archive/c99f66990624914490021c0e6f71a200ad0820e1.jpg,64153,56,8:54:43,这是千张包XD,767
