﻿aid,bvid,coin,comment,created,date,favorite,length,like,pic,play,share,time,title,video_review
583493814,BV1Rz4y197iy,12054,1587,1591783502,2020/6/10,7520,15:07,54413,//i0.hdslb.com/bfs/archive/16f979828bbe34e1b98466c41a11adbb47fbb316.jpg,855178,1323,18:5:2,恶魔在人间，康斯坦丁进监狱,2620
968392150,BV1Dp4y1S7GD,9568,2352,1591265132,2020/6/4,4842,14:25,38279,//i2.hdslb.com/bfs/archive/1b79e596b153a4b344370fbc748a8190ce802762.jpg,609018,2320,18:5:32,伊藤润二《墓碑镇》沉浸体验，镇上的墓碑都是尸体变的！,6018
795860941,BV1vC4y1p7Zm,2882,757,1590836904,2020/5/30,2923,06:14,33726,//i0.hdslb.com/bfs/archive/70d5034a6cd0b84f3fef7e9fbe54e426402cea11.jpg,531796,493,19:8:24,漫威电影十年，入门收藏必备的宝藏漫画《无限手套》,461
968322551,BV1gp4y1X7pj,8745,2100,1590746739,2020/5/29,5717,18:12,54386,//i0.hdslb.com/bfs/archive/d8abfa0caeacf81781a867656d10b0e60926147b.jpg,907381,1001,18:5:39,灭霸获得漫威史上最强外挂，强到官方都不承认！,5367
413255434,BV1GV411C7AJ,14139,1333,1590141953,2020/5/22,6816,12:20,57911,//i0.hdslb.com/bfs/archive/48960413e1d1c22a46f960072f54457971031127.jpg,876033,528,18:5:53,史上最惨的毒液宿主，双腿被炸断，银幕陪跑18年,3480
328217939,BV1AA411q7EZ,13649,1107,1589601930,2020/5/16,5942,13:15,53665,//i1.hdslb.com/bfs/archive/ccdddf4941c09b18f7b74934bb0c2291601c1155.jpg,769478,520,12:5:30,「战尊绿巨人」登场！率领浩克敢死队核爆全球《暮狼后传》第二章,3583
925696417,BV1qT4y1u72F,36040,1972,1589364306,2020/5/13,13074,09:26,66690,//i0.hdslb.com/bfs/archive/e0a588df8a15853902a93ef063bf6d67181c5678.jpg,883898,2598,18:5:6,克苏鲁神话入门，长满眼球的变种恶煞《敦威治恐怖事件》（密恐慎入）,7580
883015220,BV1XK4y1b787,41421,3036,1588932353,2020/5/8,19253,11:43,84406,//i2.hdslb.com/bfs/archive/e52c7b5f82140252a9b17587451fd999e2b8ea97.jpg,1202177,4928,18:5:53,克苏鲁神话入门，恶臭鬼镇的畸形怪胎《敦威治恐怖事件》,9418
753023372,BV1Lk4y1k7He,11601,2247,1588759543,2020/5/6,6905,18:02,51624,//i1.hdslb.com/bfs/archive/8c8f784e89c411147c033bdc7e426308178a1ff5.jpg,814872,1083,18:5:43,蝙蝠侠被打成瘫痪！阿卡姆疯人院全员越狱，DC超虐名篇《骑士陨落》,7309
455453093,BV1Z5411x7vv,18501,1381,1588305950,2020/5/1,7397,14:59,56842,//i2.hdslb.com/bfs/archive/9ed778a63384aa575343ac7f71f4a811cd52affb.jpg,645062,599,12:5:50,日本山贼夜闯青楼，强抢艺妓献祭妖怪《日本猎魔人》,4341
710406010,BV1HQ4y1T7i6,45335,1645,1587787541,2020/4/25,16950,12:56,98220,//i0.hdslb.com/bfs/archive/899a8ac960499a012c4caed483169805f4a15567.jpg,961437,1370,12:5:41,《暮狼寻乡》后传，九旬老狼猎杀韩国浩克，再续末世废土传奇,4419
667963972,BV16a4y1v7oV,6048,1800,1587636045,2020/4/23,4588,10:24,43514,//i0.hdslb.com/bfs/archive/c14d683052bb69f0d04a31e354870f9cf6431771.jpg,763252,1246,18:0:45,这只身价950亿的皮卡丘，竟然是史上最赚钱的超级IP！,5839
497839321,BV11K411V7gz,23571,2149,1587031517,2020/4/16,9853,16:10,70774,//i0.hdslb.com/bfs/archive/5bc201a16c8b7196b0655e155bb0f85451d8bc27.jpg,1044575,1214,18:5:17,《德意志超人》苏联超人一战封神！英军闪电侠、女浩克登场！（完结篇）,8160
582628140,BV1b64y1u7jU,134057,5143,1586580066,2020/4/11,57081,15:03,173274,//i1.hdslb.com/bfs/archive/c38270ae276d7373af17f773d95c0c796ae52091.jpg,2144458,17982,12:41:6,克苏鲁神话入门，祖传凶宅的地下魔窟《墙中之鼠》,16811
327737609,BV1AA411b7ys,8701,1717,1586340320,2020/4/8,5598,13:33,52541,//i2.hdslb.com/bfs/archive/f71838394c5d23536f8ab33c92f1fac330d789ef.jpg,914343,573,18:5:20,人兽混居的变种末世，遭遇最凶残的太空猛兽《异形VS特警判官》,4278
370159204,BV1PZ4y1x7K3,12460,2322,1586077638,2020/4/5,6924,12:12,64420,//i2.hdslb.com/bfs/archive/513c6eb8bfafd976fd69963ae943a186c9df1321.jpg,1198682,922,17:7:18,史上最强浩克，「绿殇大帝」王者归来！浩克将自己撕成碎片,6109
625071550,BV1St4y1m7Q7,57700,3037,1585821901,2020/4/2,24890,16:54,102067,//i0.hdslb.com/bfs/archive/72e9de4e5d54aa8ba373e58828fcaefa47b30f8a.jpg,1196604,3039,18:5:1,DC宝藏佳作，小丑活埋蝙蝠侠，至今未被影视化,10679
99774949,BV1j741197jm,15797,2396,1585454706,2020/3/29,8589,17:17,71591,//i0.hdslb.com/bfs/archive/e5d80eff964c1ad4fd201917c88e06059173f0c8.jpg,1335493,2263,12:5:6,《复联5》剧本预定？漫威元始天尊AAO终于登场！,13150
99518126,BV1A7411y7Yc,37570,4717,1585225003,2020/3/26,25114,19:01,95554,//i0.hdslb.com/bfs/archive/74bab2bf392cec86702a3b0179239300467c55a5.jpg,1758084,10003,20:16:43,克苏鲁神话入门，人鱼混种的鬼镇怪谈《印斯茅斯暗影》,15201
98078260,BV1DE411c7AH,7385,1540,1584767992,2020/3/21,5768,10:08,52542,//i2.hdslb.com/bfs/archive/3efc16fbed55026a4c9543d97010662ac1268ef5.jpg,992307,894,13:19:52,绿巨人、红巨人、蓝巨人、灰巨人…奇怪的浩克又多了23个！,2958
97289777,BV1M7411R7cZ,46529,4087,1584612346,2020/3/19,16181,13:47,86247,//i1.hdslb.com/bfs/archive/c6d8f650a8cc6ea5eb297eabf7bc6de1f1240479.jpg,1219854,1881,18:5:46,《德意志超人》苏联最强「超人神」登场！肉装浩克、霓虹国亮相！,9877
96007338,BV1eE411G7zD,14312,1840,1584098489,2020/3/13,8191,27:02,47180,//i0.hdslb.com/bfs/archive/bb8a8fc0fb00bfcb281c97e8ade5a2eee402de03.jpg,883607,1147,19:21:29,DC最具争议神剧《守望者》，剧情时间线完整解析！,2703
93929469,BV1eE411W7jC,28333,2048,1583408395,2020/3/5,12822,14:48,73623,//i1.hdslb.com/bfs/archive/67bea4bd0d897014cc31c619b363148367b5a1f7.jpg,1284948,2152,19:39:55,DC高分名篇《小丑》，跟着Joker混社会，下场有多惨？,5201
92456381,BV15E411H7is,17064,1761,1582949142,2020/2/29,8004,10:22,72316,//i0.hdslb.com/bfs/archive/51dce7d68e07b7f5b35cfd23ad50273ab6284823.jpg,1463898,852,12:5:42,史上最强浩克，「机械元祖浩克」登场！ 暂时完结,4301
92219733,BV1B7411N7sE,34140,7199,1582884305,2020/2/28,15382,13:05,80519,//i2.hdslb.com/bfs/archive/20a7177b3a85d255cfbc673cbeabeb1321cd4c72.jpg,1259662,2897,18:5:5,希特勒造出「纳粹赛亚人」打赢二战，100万盟军投降，邪恶帝国卷土重来,8725
91808952,BV1A7411K7fV,13706,1548,1582711507,2020/2/26,6325,07:03,56279,//i0.hdslb.com/bfs/archive/57b6b8c2ed552fd76eb27931769da2d14aad91db.jpg,1022180,756,18:5:7,史上最强浩克，向全人类宣战！《不朽浩克》第七章,4921
91086161,BV1zj411f7Nr,8719,731,1582443186,2020/2/23,3911,11:57,36704,//i0.hdslb.com/bfs/archive/14d68201137c0b80a94f7c823c6b6a7a0ac4b3d9.jpg,661124,323,15:33:6,《恐惧特工》祖安狂人漂泊宇宙十年，回到地球老婆却....,1497
90088353,BV1V7411j7Sd,29512,2121,1582106736,2020/2/19,12747,08:52,100630,//i1.hdslb.com/bfs/archive/23bd7103a84ef37280ca113d081722d9ab9a59df.jpg,2104051,1472,18:5:36,史上最强浩克，灭世神浩克诞生！主宰宇宙100亿年!,4346
89402973,BV1P7411E7Fp,19725,1543,1581839811,2020/2/16,8115,16:24,53058,//i0.hdslb.com/bfs/archive/088011b8045b3f36e4d89b4d11b04ee13b903ff4.jpg,725592,707,15:56:51,《恐惧特工》史上最骚「星河战将」，穿越2万年上演星际大逃杀！,2750
83540941,BV1UJ411J7DZ,18754,1309,1579255518,2020/1/17,7983,10:24,60820,//i2.hdslb.com/bfs/archive/12feddabf5760d9bd802690c206afb89a2d9576b.jpg,1481226,751,18:5:18,史上最强浩克，被强酸融掉整张脸，依旧生龙活虎,3707
83475241,BV1bJ411J7xS,7125,1239,1579082744,2020/1/15,5553,08:34,41240,//i2.hdslb.com/bfs/archive/2d60c2ce798c0822a0c7a1ec7164c3d4f01b8e39.jpg,1017927,767,18:5:44,「不开杀戒」的蝙蝠侠，到底失手杀了多少人？,3050
82937781,BV1KJ411p79m,162175,6087,1578717505,2020/1/11,75495,18:03,165598,//i2.hdslb.com/bfs/archive/ded403d6082492374315ed63d9b43901d47651f2.jpg,2098454,17270,12:38:25,《天堂屠夫》人猪混种的黑暗末世，孤胆奇侠杀出个黎明,13216
82548247,BV1yJ41157bM,32591,2021,1578477903,2020/1/8,10983,07:01,76285,//i2.hdslb.com/bfs/archive/052d92a8471490391c609a0732be50b0b26862f4.jpg,1450236,826,18:5:3,史上最强浩克，被啃成人棍，依旧能满血复活,2269
81657301,BV1mJ411b7aF,11824,1758,1577885028,2020/1/1,10942,11:48,41144,//i1.hdslb.com/bfs/archive/a90229c0ab8f8fc64a1cf72966a497ac46d1a0bb.jpg,1088593,1168,21:23:48,史上最好玩的漫威DC游戏，第一名只能是它！,5968
80956341,BV1jJ411e7Hn,117770,2095,1577510622,2019/12/28,52073,25:40,110463,//i0.hdslb.com/bfs/archive/56e020ecb5f56270e5efa4569cd9188234f4da18.jpg,1167363,5067,13:23:42,万字《黑暗骑士》纯干货影评，「漫改第一神作」是如何炼成的,6872
80462340,BV1WJ411x7KU,5052,741,1577181931,2019/12/24,4579,07:22,38030,//i0.hdslb.com/bfs/archive/68345c7070043331cf1ad9ea192cf5b1473ccb9b.jpg,1016896,746,18:5:31,史上最狠圣诞老人，戴过无限手套！还是最强变种人之一？,2501
79939496,BV1PJ411b7ku,28187,1072,1576836311,2019/12/20,11282,07:48,64180,//i0.hdslb.com/bfs/archive/711b11d66c8dfa01cb04b66451f72cba252aa7c7.jpg,1325553,802,18:5:11,生化危机爆发！钢铁侠变异，感染整个复联！ 第一章,3150
79740623,BV1GJ411t7Pn,57491,883,1576666941,2019/12/18,17533,10:15,91078,//i2.hdslb.com/bfs/archive/4f86b0bc8b0486de9f47a4509f0223858b88b86d.jpg,1527438,959,19:2:21,史上最强浩克，暴怒之下长出了六个头！,3645
78611132,BV1XJ411v7x7,3652,2900,1575862291,2019/12/9,7687,02:25,33033,//i1.hdslb.com/bfs/archive/b8f68f1954a4342591106f5a9e61d956d2bb6c73.jpg,1202138,13305,11:31:31,《神奇女侠2》首发预告！金鹰女战神惊艳归来,3370
78234696,BV1tJ411i7Po,53940,942,1575626713,2019/12/6,16891,15:09,84003,//i2.hdslb.com/bfs/archive/09ce2eff4c9e2856ae7f26034a7ca62a598d8932.jpg,1546517,1059,18:5:13,世上最强浩克！被大卸八十块满血复活，不死之身竟然是他给的《不朽浩克》第二章,1985
78035986,BV1jJ411B7se,11028,1379,1575456011,2019/12/4,5890,08:53,38949,//i2.hdslb.com/bfs/archive/2a2c9d84d67795e371020c697584c8851ce256c1.jpg,989533,5167,18:40:11,《黑寡妇》预告逐帧解析，五成假镜头，一帧不能信！？,4238
77934020,BV11J411q7Fa,7188,2432,1575368614,2019/12/3,17527,02:09,60522,//i1.hdslb.com/bfs/archive/b8d5b2b1bfbd3937b655c87e86b0545f2d63e331.jpg,1807396,26090,18:23:34,《黑寡妇》首发预告曝光！白衣寡姐美如画,2592
77468127,BV1hJ411Q7xv,13359,949,1575086746,2019/11/30,6403,09:24,40337,//i2.hdslb.com/bfs/archive/8071151519f5584b0c6e818387928dcb0ea82e21.jpg,888931,712,12:5:46,凶残的恶灵骑士竟被猛男一枪爆头？......,2177
76631524,BV1NJ411d7y2,18777,2429,1574481621,2019/11/23,12224,11:10,56257,//i2.hdslb.com/bfs/archive/bfac18eddca8b3ca03f909b170ec9dcb6be586f2.jpg,1330542,1918,12:0:21,最高监禁2445年！影史5大小丑，谁才是哥谭最狠带恶人？,6280
76358251,BV1SJ41117v1,59713,1352,1574247949,2019/11/20,22971,07:54,111052,//i1.hdslb.com/bfs/archive/c9e6b2275263436c40c1068b52d60a6e8123b999.jpg,2260529,1477,19:5:49,史上最强浩克！被大卸八十块装进罐子，依旧能满血复活 第一章《不朽浩克》,3201
75820495,BV15J411U7mr,351659,9752,1573876840,2019/11/16,171991,29:23,288224,//i1.hdslb.com/bfs/archive/0f1f67b736bcd8c77eac84c65180ef27d8c10db6.jpg,2919873,40008,12:0:40,万字《小丑》纯干货影评，「影史现象级」是怎样炼成的,18086
75531159,BV1zJ411S75s,23625,943,1573639550,2019/11/13,10600,08:20,38134,//i2.hdslb.com/bfs/archive/cc09dde21ceb2501f154cb1357d23f6275054bac.jpg,781697,627,18:5:50,蝙蝠侠：恶魔的小号,976
74948556,BV14E411q7Xe,19993,1238,1573211148,2019/11/8,22466,01:42,55454,//i0.hdslb.com/bfs/archive/3b7b8e8a70cc656c41bf4b43f04237f27250ffd4.jpg,1163592,10917,19:5:48,沙 雕 英 雄：赛 博 朋 克 2077,1409
74755509,BV1tE411i7aP,33152,5082,1573037740,2019/11/6,16113,08:43,61486,//i0.hdslb.com/bfs/archive/8ef9d588ee77fa3a7911fd8b1048ec8a9c09b4cd.jpg,1355234,4058,18:55:40,影史第一！DC《小丑》将破10亿票房！为什么观众喜欢看反派？,5421
74026235,BV1wE41187Dp,28891,1396,1572519935,2019/10/31,9185,11:30,44379,//i2.hdslb.com/bfs/archive/395405ed520c4511523d689370ff8a9fa020aa01.jpg,737594,1494,19:5:35,中国的超级英雄是谁？,3540
73382190,BV1eE41117NU,8138,614,1572062420,2019/10/26,4586,12:58,29794,//i2.hdslb.com/bfs/archive/c0c7ec67d68c105e3c3d745bed38bae44b2b8140.jpg,864922,560,12:0:20,毁灭并重塑两个宇宙！《灭霸：无限启示》,1177
73240765,BV1QE411y73M,12108,2105,1571914840,2019/10/24,8227,16:06,37305,//i1.hdslb.com/bfs/archive/d0b7c3f356f7f962b4399a4f2c75a7db637b6877.jpg,1157661,2233,19:0:40,跌落神坛？深度解析DC《守望者》新作，烧脑暗线细思恐极！,1858
71609426,BV1DE411r7gc,27588,5785,1571398587,2019/10/18,11623,14:21,44254,//i1.hdslb.com/bfs/archive/9f4be26a3b0261209754f02d5219cfc518ec34de.jpg,796573,2156,19:36:27,漫威电影不配叫“电影”吗？,9977
70893850,BV1DE411o7aa,163121,4738,1570852853,2019/10/12,77470,16:58,186936,//i0.hdslb.com/bfs/archive/509150cf812c920209a432f93c07006fae8fd9ce.jpg,3400920,17607,12:0:53,他演活了小丑，拒绝了漫威，还会唱跳RAP！,14590
70742520,BV11E411f777,7894,1129,1570705218,2019/10/10,5542,07:42,33966,//i1.hdslb.com/bfs/archive/3bc75b3365fb8450b21a7010f9c63300dcf53c80.jpg,1034298,1237,19:0:18,DC最强小丑：帝皇Joker毁灭世界的故事,2765
70333798,BV18J411F7QB,38346,4928,1570359632,2019/10/6,18100,09:09,64866,//i0.hdslb.com/bfs/archive/a9e3a7d244f201e13ebf6f042e3c313aa329baa9.jpg,1559546,9252,19:0:32,《小丑》影评：DC极度现实之作,5688
69243627,BV1dE41197Jg,7126,3498,1569646825,2019/9/28,4857,03:36,39355,//i1.hdslb.com/bfs/archive/4c328c791b495b4ce2e47c0252c9137d334825cf.jpg,1043301,9047,13:0:25,神反转！蜘蛛侠回归漫威！索尼迪士尼高调复合,2856
69048701,BV1nJ411T7bd,35331,1714,1569578459,2019/9/27,19434,37:47,43194,//i1.hdslb.com/bfs/archive/d12ada164d804e8bf8b284cf4ae996deacb23200.jpg,707011,2494,18:0:59,豆瓣9.4史上最强美剧《权力的游戏》新手速通完全讲解，经典情节欣赏 S1E1,7799
68928864,BV1LJ411u7ix,50376,2337,1569405621,2019/9/25,18329,16:36,61083,//i0.hdslb.com/bfs/archive/febd47800d04ee1fca160e3704c028347fa58bb1.jpg,1123652,1970,18:0:21,钢铁侠差点被美队打死！漫威从来不敢拍的《内战》原著,2911
68376768,BV1mJ411378k,6952,1083,1569038427,2019/9/21,4769,09:24,31879,//i0.hdslb.com/bfs/archive/c4bf2a439383544167d295041285890e94101a1d.jpg,1114869,1411,12:0:27,漫威《永恒族》电影，可能揭示灭霸祖先的历史，与潜藏在地球的更大危机！,2957
68241506,BV1KJ41137Ho,3691,2174,1568887250,2019/9/19,3277,06:27,27630,//i0.hdslb.com/bfs/archive/facab77398b43861879df7af8a371fe0976a84cc.jpg,911245,2760,18:0:50,全球最贵的钢铁侠周边，竟能开回家，太酷了！,5761
67589847,BV1NJ411N7JE,13136,2472,1568368954,2019/9/13,7344,11:05,36038,//i2.hdslb.com/bfs/archive/6ad36fb962f5c7359320265a8d8225e539d8cbbc.jpg,847528,2992,18:2:34,奥斯卡稳了？《小丑》问鼎威尼斯金狮奖，含金量究竟有多大？,3729
67353553,BV1CJ411K7P4,4334,861,1568199619,2019/9/11,3391,09:47,22259,//i1.hdslb.com/bfs/archive/abb32afc20a5d7db381761c3083b35b25f7a1052.jpg,590637,1118,19:0:19,2秒飙到百公里的车长啥样？《速激》史上最快战车排行榜,4212
66629598,BV1A4411y72L,14766,721,1567764031,2019/9/6,7150,08:58,42007,//i2.hdslb.com/bfs/archive/84be24b143985ecf34828af650839aa913d78885.jpg,991312,643,18:0:31,浑身冒蓝火的恶灵蜘蛛侠是谁？还和死侍有关系？,2621
66287020,BV1a4411m7gT,14597,4921,1567330534,2019/9/1,13947,06:26,57777,//i1.hdslb.com/bfs/archive/d2958feab61fe04f03d164e9549cb30cd464e517.jpg,2288303,11496,17:35:34,9.8分口碑炸裂！DC《小丑》可能一作封神,6561
66046083,BV1V4411B7pY,3701,901,1567224323,2019/8/31,2856,07:17,23605,//i0.hdslb.com/bfs/archive/9c7abb34bb3a61ab3cfd2dfcd1afa81a12854cb8.jpg,711002,436,12:5:23,中国历史上首部公映的漫画英雄电影，男一号拍完离奇身亡！,2510
65829592,BV1K4411q7fc,10365,5898,1567047191,2019/8/29,20701,02:25,58792,//i0.hdslb.com/bfs/archive/ce5f6cef95bb4799e9673fdcfbd88654e9dc81f2.jpg,2291274,30251,10:53:11,实名制吹爆《小丑》终极预告，DC黑马之作,3555
65714038,BV1p4411z7RA,4573,2141,1566986440,2019/8/28,3918,08:20,26770,//i2.hdslb.com/bfs/archive/b1d8b97f8b44a6716abf0714800a32d8e26c2605.jpg,833850,827,18:0:40,资产90万亿美金的首富英雄是谁？漫威DC史上最壕排行榜,5026
65456220,BV1e4411671X,6440,3640,1566813640,2019/8/26,4309,07:15,30097,//i1.hdslb.com/bfs/archive/639204be2e414ec8ec92c0a29fbabbb8607e511a.jpg,937978,3794,18:0:40,漫威第四阶段新作公布！白寡妇、丧尸美队、《权游》雪诺都安排上了,5795
64998400,BV1n4411R7VD,4217,1192,1566555655,2019/8/23,3215,34:06,26767,//i0.hdslb.com/bfs/archive/dd0dad161ce35d4d2e7ee460d8bcbbbfd8ad7d99.jpg,645361,606,18:20:55,43亿《哪吒》背后，鬼才导演的第一部独立动画《打，打个西瓜》,2439
64750120,BV1L441197f2,9228,15380,1566393017,2019/8/21,6596,06:42,44631,//i2.hdslb.com/bfs/archive/175b78ee05d671ea1d36f0866e0d06930a214e4f.jpg,1436994,10261,21:10:17,蜘蛛侠退出漫威电影宇宙，漫威索尼再次谈崩？！,8717
64038761,BV164411Z7x1,9697,2604,1566014448,2019/8/17,6153,15:35,33524,//i1.hdslb.com/bfs/archive/aead2f70e4bddf2521760021d88449f600053484.jpg,940418,2114,12:0:48,超级英雄搞偷窥、潜规则、草菅人命！讽刺人性巨制《黑袍纠察队》,2435
63725069,BV1U4411m7kY,25540,3240,1565793725,2019/8/14,12092,17:46,46517,//i1.hdslb.com/bfs/archive/947360dfd30b4aff430f5ea2872804e86c2f83d8.jpg,1174310,1477,22:42:5,超级英雄导致900人无辜伤亡，复联被美国社会逼上内战的绝路！,9155
62950305,BV1N4411X75w,6498,3170,1565409623,2019/8/10,3793,07:40,28037,//i1.hdslb.com/bfs/archive/9dd49a134733dae1f97ea22b7f8101018465281e.jpg,768439,798,12:0:23,27.9亿美金《复联4》登顶全球票房第一，超越《阿凡达》是否胜之不武？,4838
62904226,BV1Tt411K76T,25076,2406,1565344851,2019/8/9,16368,10:58,79489,//i1.hdslb.com/bfs/archive/bcf2a4cccb55efd65898a87c6764069c804a3724.jpg,2955176,1086,18:0:51,身高3亿9千万米的BOSS长啥样？漫威史上超巨型BOSS排行榜,10584
62587566,BV1Ht411T7CR,26502,5349,1565173559,2019/8/7,17633,13:56,59581,//i1.hdslb.com/bfs/archive/3ced82753ef1956fa27cbcbe67bed23cf617b3d2.jpg,1721806,6970,18:25:59,黑遍漫威DC，却被捧为大尺度神剧的《黑袍纠察队》，究竟有多好看？,10554
61996069,BV1ht411u7Ts,13310,1925,1564808295,2019/8/3,7890,15:45,36398,//i2.hdslb.com/bfs/archive/5ba95e29bca8d7f33e64d57607f1cc8058b1ca6c.jpg,1118706,1273,12:58:15,狂笑之蝠要自杀？蝙蝠侠彻底疯狂，成为堕落化身？,2432
61892118,BV1Ft411u7x3,7945,957,1564741079,2019/8/2,4542,09:14,28073,//i0.hdslb.com/bfs/archive/7add0ff9c7738bb51b9861e17771a157ac9c34aa.jpg,764048,560,18:17:59,钢铁侠修仙成为至尊法师，还和别人互换身体？！,2654
61600115,BV1Mt411w7bS,31810,2213,1564575596,2019/7/31,20356,16:23,44398,//i1.hdslb.com/bfs/archive/6e48a9b6ce3e0e9e372fd13ddde12031cd245c9b.jpg,822615,3278,20:19:56,假如人生有第二次选择，你会…,2661
61465933,BV14t411c7Fp,4555,1728,1564495811,2019/7/30,10991,03:17,33138,//i2.hdslb.com/bfs/archive/61dd0edfafe50a601254ec47f918c781a2e1db4a.jpg,1140683,5120,22:10:11,《复联4》5个全新片段流出，雷神不雅视频、美队遭到终极吐槽,2851
60871048,BV12t411A7x2,31770,3109,1564148085,2019/7/26,21463,11:11,46680,//i2.hdslb.com/bfs/archive/0edb20878ed7917d0f3471ec2376647b3c297330.jpg,903691,735,21:34:45,复联全员败北，3个字抹除百万超能力者！,4042
60588578,BV1dt411L7Yx,15783,2787,1563973013,2019/7/24,9950,11:30,44581,//i1.hdslb.com/bfs/archive/37bde0385cc6581c2663096d6eb20a0d2e820e67.jpg,1830118,1249,20:56:53,狂笑之蝠：蝙蝠侠人性泯灭、彻底堕落，想要毁灭全世界？,3588
60122012,BV1yt411E7Co,19646,15302,1563696507,2019/7/21,13086,04:01,44096,//i0.hdslb.com/bfs/archive/5451aad7e06e6360cd9d3da54a511b7ba8186aa4.jpg,1400468,16914,16:8:27,梁朝伟加入漫威第四阶段！16部新作曝光！女雷神、刀锋战士、X战警、神奇四侠都安排上了！,8123
59875316,BV1Et411n7MT,35056,1840,1563541847,2019/7/19,22048,09:05,61745,//i0.hdslb.com/bfs/archive/80bedfe235d94fda7ed39e1a1c9ff448aec0488c.jpg,1556197,898,21:10:47,钢铁侠亏损数十亿！复仇者联盟解散！原因竟然是她……,4981
59515175,BV1xt411g7t4,5002,1388,1563357651,2019/7/17,3353,06:22,23821,//i1.hdslb.com/bfs/archive/6af9f61ce6b17e31b1d5e7693056d9aca3953587.jpg,957515,609,18:0:51,《蜘蛛侠3》会有6个反派？邪恶六人组介绍，全都白给？,4183
58909882,BV1Gt411L7zV,109116,2683,1562990457,2019/7/13,75088,19:30,129575,//i1.hdslb.com/bfs/archive/1838e30204a307fab360ac231158fe32a295d836.jpg,2075047,8908,12:0:57,51套钢铁侠装甲全解析，终极进化史！完全制霸！,24732
58448325,BV1Z4411F7zw,7925,1655,1562666453,2019/7/9,4784,05:15,28162,//i2.hdslb.com/bfs/archive/531535c1c713f56d934da5622a272f874ee17df5.jpg,1063154,2609,18:0:53,官宣！漫威第四阶段新作即将公布！90分钟全程高能,4268
57971733,BV1W4411c7jC,8492,1507,1562385605,2019/7/6,4043,08:42,26561,//i1.hdslb.com/bfs/archive/f436309e6b67d7d55417bb46d0a94ef49d5f6d1d.jpg,852906,847,12:0:5,《蜘蛛侠2》彩蛋背后的故事竟然如此曲折！神盾局长居然是…,3913
57929593,BV164411A7iY,5822,2107,1562320825,2019/7/5,3891,09:43,24422,//i0.hdslb.com/bfs/archive/784ed7b078709bc5e0e37c0774cdc5ac36131226.jpg,997658,1348,18:0:25,《蜘蛛侠2》的9个致命BUG？一部视频完全解答！,4711
57804715,BV1V4411A7sn,9645,2089,1562234445,2019/7/4,5521,06:15,33451,//i0.hdslb.com/bfs/archive/b5ead4328a1da7a60db629cf33f9618022a1ebf9.jpg,1293646,1402,18:0:45,漫威最大恶人「神秘客」究竟有多变态？蜘蛛侠被虐惨！,3260
57661959,BV1Lx41197uK,19777,3600,1562148021,2019/7/3,11118,11:37,46993,//i1.hdslb.com/bfs/archive/d1a6da49ee0196871b3e8f0b66ce6feb14535df3.jpg,1632806,7116,18:0:21,《蜘蛛侠：英雄远征》全彩蛋解析，完美开启漫威下一个十年,13898
57473551,BV17x411X7Ms,8045,2366,1561975538,2019/7/1,11296,03:28,38995,//i2.hdslb.com/bfs/archive/50cbfc8b9bf15097ccf75a83eb10d132ce18dc0b.jpg,2336257,4346,18:5:38,《复联4》重映版全新片段曝光！多出来的7分钟到底讲了什么？,3653
57153454,BV1hx41197KD,11302,6931,1561780833,2019/6/29,4640,05:53,31100,//i0.hdslb.com/bfs/archive/aad02c2452d53fb5c6ea57f7c758625bb2539648.jpg,1148459,1922,12:0:33,《蜘蛛侠：英雄远征》影评，又一部漫威最佳诞生？无剧透,6421
56978745,BV1Tx411d7Mp,6518,4136,1561629637,2019/6/27,3159,06:09,21535,//i1.hdslb.com/bfs/archive/aa36259d81039ade2d931ae3d8c368ff98deda55.jpg,736631,4199,18:0:37,《蜘蛛侠2》观影指南，新装备、新反派、新对象全方位解析,5467
56801988,BV1Px411Z7rU,7821,2717,1561461826,2019/6/25,5454,09:10,28328,//i0.hdslb.com/bfs/archive/71fdff112e30346b9afa8fa8f53a05659101b6ac.jpg,1153800,1768,19:23:46,《复联4》重映！钢铁侠、黑寡妇都不用死了！中国观众脑补三大完美结局！！！,5530
55744605,BV1u441157LG,7394,1486,1560938447,2019/6/19,4357,09:18,27111,//i1.hdslb.com/bfs/archive/8d1cc99554c769c58fab535035ab40a6e38860d0.jpg,1265746,605,18:0:47,漫威最惨英雄，经历过10多次死亡，却总能复活！,3669
55590359,BV1n4411V7Cj,11637,1361,1560571204,2019/6/15,7129,08:34,32161,//i2.hdslb.com/bfs/archive/df2853936f17986cde1afa21f184532c15fc3f45.jpg,1084256,902,12:0:4,"小丑的不死之谜「酒神因子」,他对蝙蝠侠的情感竟然这样深…",3031
55531542,BV1S4411P7zD,7345,1288,1560506419,2019/6/14,4856,06:50,26305,//i0.hdslb.com/bfs/archive/7ddd50b8f5aa22af0abf2a6cfa0aff6ba4e45d91.jpg,960987,778,18:0:19,"大群:拥有1000重人格,患严重精神分裂,却被誉为变种人上帝！大群介绍",3060
55333907,BV1S4411A7hq,13241,1724,1560333614,2019/6/12,7108,17:35,30674,//i2.hdslb.com/bfs/archive/e0acf69f8aab3a890c0d5af0b304728df95aa1ee.jpg,1287396,1183,18:0:14,漫威最强英雄：Omega级变种人9位介绍！,6547
54867105,BV1f4411K7Mp,5057,1490,1559966453,2019/6/8,2813,08:25,18635,//i0.hdslb.com/bfs/archive/7431a348ec69ea0c7eef58bdeb3ceec5662f8d1f.jpg,739840,971,12:0:53,漫威最强能量之一：凤凰之力到底有多变态？,2490
54853807,BV1R4411K7mP,4924,2511,1559913155,2019/6/7,3111,05:52,18804,//i0.hdslb.com/bfs/archive/ef2d7610381c301df7299c195a0a91baa1736e8f.jpg,809544,2188,21:12:35,《X战警：黑凤凰》全彩蛋解析：下一站，复仇者联盟！,2558
54636007,BV1t4411M7wb,41364,5462,1559735327,2019/6/5,25355,17:08,55849,//i2.hdslb.com/bfs/archive/114e52508693bf25bf6f99263a1a840fefb076d9.jpg,1308082,19006,19:48:47,《黑凤凰》映前必看！X战警20年完整时间线解析,9095
52559335,BV1M4411J7ms,6611,1522,1558692004,2019/5/24,3575,09:13,21713,//i1.hdslb.com/bfs/archive/99e8662b0eec13d6fcaa08c852f6ae347eeb6d04.jpg,874405,720,18:0:4,谁会成为下一任钢铁侠？15岁萌妹或成最佳人选！,3052
52560731,BV1n4411J7SZ,12727,2264,1558152055,2019/5/18,5448,13:04,32339,//i2.hdslb.com/bfs/archive/61c5f0bec436e5c05f32ea120eefaefa12d1dcd7.jpg,1259835,893,12:0:55,《复联4》隐藏片段揭秘，少女钢铁侠敲定！美队一直能举起雷神锤！,6746
52555302,BV1T4411J7ka,7861,1496,1558087200,2019/5/17,4740,07:06,24464,//i1.hdslb.com/bfs/archive/6be2eedaaa5cadc96b6ee058e5858bc54ebd00f3.jpg,948973,934,18:0:0,变胖就会白给？雷神的15次逆天战绩,3580
52511954,BV1R4411E7Ri,16355,2065,1557914436,2019/5/15,9215,13:09,34593,//i2.hdslb.com/bfs/archive/378c20b4399c47fedd777aec28665a194ae3fc89.jpg,1492793,1796,18:0:36,狂笑之蝠：三个蝙蝠侠竟然大打出手，结果...,4124
52040737,BV1m4411Y7Sw,10012,1709,1557547242,2019/5/11,6093,10:30,29928,//i0.hdslb.com/bfs/archive/9f1bbe065f3b167a1e2c744136ce21c420a3ea78.jpg,1347889,1433,12:0:42,《复联4》百科：15个戴过无限手套的大佬，钢铁侠看完震惊了...,4271
51999360,BV1x4411Y7Ei,11573,2459,1557482438,2019/5/10,8634,07:00,29204,//i1.hdslb.com/bfs/archive/8138fb33aee228b75c6028bf09b87b00a109a695.jpg,1071875,4661,18:0:38,会有《复联5》吗？漫威未来19部新作大盘点！,8165
51928322,BV1w4411Y74V,25358,3621,1557401722,2019/5/9,9169,17:13,41411,//i2.hdslb.com/bfs/archive/cd5cdfef3fe43d5da88a98ffde1683a7e3c82bc2.jpg,1155950,1185,19:35:22,《复联4》全剧透解析：我要为肥宅雷神说句话,9929
51810964,BV1E4411v79L,9273,1859,1557309625,2019/5/8,5123,11:07,24966,//i1.hdslb.com/bfs/archive/9869fc4a598f854ac457425498c5e83de505abbd.jpg,839035,1673,18:0:25,《复联4》百科：洛基如何复活？,3987
51740253,BV114411e7nK,13828,3367,1557227201,2019/5/7,5865,07:50,31785,//i2.hdslb.com/bfs/archive/fc96470e5605db0992985d495d302f17429f71c1.jpg,1106844,4090,19:6:41,《蜘蛛侠2：英雄远征》最新预告逐帧解析，钢铁侠打开了多元宇宙？,5242
51678738,BV1i4411e7SR,5966,4690,1557158827,2019/5/7,6952,02:50,28638,//i0.hdslb.com/bfs/archive/8654aabe0b30b0ad2dc185afd678b79a6d0242b2.jpg,1035760,11759,0:7:7,最新《蜘蛛侠2》预告，紧接《复联4》剧情，平行宇宙理论坐实！【自填字幕】,2019
51399410,BV1k4411v7sN,10672,2913,1556964054,2019/5/4,5323,08:46,27803,//i1.hdslb.com/bfs/archive/d00aaae61397c75c98960e1be4d8a115d7b3ac4f.jpg,967796,1826,18:0:54,《复联4》之后，钢铁侠、美队永久退役？黑寡妇可能复活！,4709
51332503,BV1E441147iz,11339,2947,1556891659,2019/5/3,6472,13:54,33978,//i2.hdslb.com/bfs/archive/5217d21840cabc8eb9660acd14889924116657f0.jpg,1469296,1925,21:54:19,《复联4》百科：13个举起过雷神锤的狠人，美队看完惊呆了,7033
51194621,BV114411x7kq,116554,5550,1556799805,2019/5/2,60148,19:32,112137,//i2.hdslb.com/bfs/archive/e0700506c44b5b6500ee0c060035a09321123298.jpg,1660745,13198,20:23:25,漫威十年，I AM IRONMAN,14544
51018014,BV1p4411t7xy,13343,2227,1556704825,2019/5/1,5424,13:23,28937,//i1.hdslb.com/bfs/archive/9558e949c2c49dccd4b7c6199fa3f9c1185f0f29.jpg,924412,1163,18:0:25,《复联4》的时空破碎，可能会影响到一个大光头，他是...（含剧透）,5223
50946420,BV1w4411t7nT,9566,9509,1556619192,2019/4/30,5894,11:59,27921,//i0.hdslb.com/bfs/archive/53cb99c9611a9bab83f7f2f2e95f0e2d5105a3b7.jpg,1097632,4213,18:13:12,《复联4》有12个严重BUG？含剧透！,10211
50716274,BV184411b7oa,34999,5642,1556445620,2019/4/28,11776,13:56,51767,//i0.hdslb.com/bfs/archive/47049ca06b8aea53cb827a7e65f227810bcbbeaa.jpg,1361840,4388,18:0:20,震惊《复联4》上映前30天，中国观众就破解一半的关键情节！,10352
50660118,BV1s4411b7Qx,37502,13268,1556369857,2019/4/27,22787,10:52,54041,//i1.hdslb.com/bfs/archive/39d41beae6825ea1b4b388279e8a2abf7834fd50.jpg,1616476,29472,20:57:37,竟有两个美队？完全理清《复联4》时间线，搞懂这部电影！（含剧透）,15192
50536814,BV1b4411h7wc,31378,11241,1556282111,2019/4/26,18248,17:01,52579,//i1.hdslb.com/bfs/archive/fd602c68771b9bcd13e2ba5bfbe86643eca2be95.jpg,1892726,16313,20:35:11,《复联4》全彩蛋解析，拯救世界的竟然是TA！（有剧透！！！）,19447
50328098,BV1zb411G7Se,17059,14600,1556102417,2019/4/24,7238,05:28,35729,//i2.hdslb.com/bfs/archive/450497f0d75dfe874e7e11f8c4ed165417a43c6a.jpg,1294980,6366,18:40:17,无剧透《复联4》影评，满分十分我给9.9！,8502
50299366,BV16b411G7Ra,11287,10110,1556053690,2019/4/24,4016,01:39,32658,//i1.hdslb.com/bfs/archive/db155e63f32ff9bb7abb675cd70b5d47c8d17278.jpg,1159080,6717,5:8:10,无剧透！《复联4》第一时间观感，无比激动，十年终局，必须去看！,4005
50145560,BV1Xb41137Po,26367,4087,1556013639,2019/4/23,13653,08:04,39389,//i0.hdslb.com/bfs/archive/2bea4571bca2693abdc680622df9e89eb8464e81.jpg,1071640,33711,18:0:39,《复联4》观影指南，6分钟极简版，4大知识点刷完21部漫威电影,4406
49842011,BV1cb411V7Lm,581751,10463,1555732827,2019/4/20,438333,37:09,481410,//i2.hdslb.com/bfs/archive/e483bff0e827725908f4ad95185d23d4b8e6f4b4.jpg,6877849,336615,12:0:27,《复联4》前21部漫威电影，完整的时间线剧情大串联！,64277
49815079,BV1Qb411G7NQ,23911,1355,1555675863,2019/4/19,8176,09:23,36137,//i1.hdslb.com/bfs/archive/8080dd303f940941da00c2f394393c900857cf13.jpg,795793,1460,20:11:3,原来漫威骗了我们不止10年，深挖漫威预告中的17个假镜头！,3012
49587979,BV1Wb41157zM,10080,2229,1555495231,2019/4/17,5091,06:50,26793,//i1.hdslb.com/bfs/archive/fdc035b9137f8546037da3c9b0ca3c81e1e0ed79.jpg,1261774,1677,18:0:31,《复联4》击杀灭霸的30种方法！钢铁侠只用一招就能绝杀,3663
49095325,BV1hb411K7cq,12402,1742,1555128000,2019/4/13,6314,05:28,28963,//i1.hdslb.com/bfs/archive/76cd6a94dc7679787634d2b928f686a640f7a741.jpg,950049,2960,12:0:0,讽刺人性的黑暗荒诞《小丑》首支预告解析与预测！,992
49077886,BV1Vb411K7EV,8356,3424,1555064999,2019/4/12,5223,09:55,23418,//i1.hdslb.com/bfs/archive/195fc8f84efa16382eca31354fdbe3e54b513070.jpg,900529,2111,18:29:59,DC电影真的要凉了吗？,6869
48871442,BV1wb411M73A,14202,1298,1554890417,2019/4/10,6076,07:15,28068,//i0.hdslb.com/bfs/archive/c917f4d21543461dcffe0230e0614abef4b54483.jpg,1033692,737,18:0:17,DC超强反英雄「黑亚当」科普，《雷霆沙赞2》反派就是他了！,2128
48494476,BV1Eb41137qU,14102,2419,1554547504,2019/4/6,6189,08:11,28422,//i2.hdslb.com/bfs/archive/2e2dbdd9bd2d6db7493acea3537d5808a5485245.jpg,1222440,3727,18:45:4,《雷霆沙赞》全彩蛋解析，《沙赞2》剧本暗藏其中！,3562
48386113,BV12b411g7P5,15609,5268,1554465096,2019/4/5,5893,05:46,31071,//i2.hdslb.com/bfs/archive/a2de0de7e9a8747fd6063ba70a8fb95309779754.jpg,946869,1761,19:51:36,《雷霆沙赞》影评，DC以小博大的黑马之作？（轻微剧透）,3161
48226133,BV1nb411W7dC,9135,2575,1554372005,2019/4/4,4154,07:24,23687,//i1.hdslb.com/bfs/archive/7d94711215d64413be64172bd023e166ac1661c6.jpg,866823,4398,18:0:5,《雷霆沙赞》观影指南，沙雕少年拯救世界！,3337
48230124,BV1pb411W7Ax,11571,6600,1554348061,2019/4/4,20938,02:25,42899,//i0.hdslb.com/bfs/archive/8bbd6cb64178638f5d7d746a441da280b839d3f8.jpg,1753218,33595,11:21:1,DC《小丑》起源电影首发预告！提前预定年度神作！,3063
48179959,BV17b411W7bs,82987,4240,1554289796,2019/4/3,24568,09:19,89511,//i1.hdslb.com/bfs/archive/04a5a54f3b388a7e16dc29acc69f7720ed8d4b58.jpg,1333554,18296,19:9:56,《复联4》60秒预告解析，盾铁狂发喜糖，灭霸独孤求败,9056
48097195,BV1kb411p7mj,11871,5434,1554207740,2019/4/2,14418,01:01,39216,//i2.hdslb.com/bfs/archive/a7acd67825982c2ecb6b973e70a03212d7dde7d0.jpg,1931506,34195,20:22:20,《复联4》第三支终极预告，钢铁侠美队和好！复联全员出击！,2669
47660786,BV1Fb4114752,8262,1998,1553918402,2019/3/30,4429,09:59,23275,//i0.hdslb.com/bfs/archive/6d2b8641be96e4e0f2d65f21013c4e09960eb811.jpg,1119808,763,12:0:2,漫威地表最强英雄「哨兵」又复活了？,6033
47559559,BV1hb411x7wM,33443,2372,1553768279,2019/3/28,15678,10:24,51802,//i2.hdslb.com/bfs/archive/20d550e2843f3cb4bb1293c857357d570da87d87.jpg,1914913,2226,18:17:59,比《复联4》更虐！漫威不敢拍的复联10次团灭,4185
46978551,BV1fb411j7GS,8081,1334,1553248839,2019/3/22,4450,06:52,22764,//i2.hdslb.com/bfs/archive/f7ff569e99332a8c30dd4cd04add2ad6137acfa8.jpg,925996,797,18:0:39,死侍的自愈能力有多变态？不死之身竟然是灭霸给的！,1738
46807472,BV1ob411E7pi,24819,2125,1553076039,2019/3/20,8351,10:38,35094,//i0.hdslb.com/bfs/archive/10f228e969b75803cec3196365d00d1317dd96ea.jpg,935862,4383,18:0:39,《复联4》可能出现的10位新角色？灭霸的祖宗都来了！,5275
46433748,BV1Cb411J7kB,22404,2789,1552735857,2019/3/16,7887,09:35,33745,//i2.hdslb.com/bfs/archive/991d3613bc2674cd37e42a4038f0253358845f4d.jpg,979353,4770,19:30:57,大橘猫抓瞎尼克·弗瑞的原因找到了！他竟然是斯克鲁人变的？,3762
46352690,BV1Sb411H7VU,58733,3057,1552654312,2019/3/15,18550,10:14,63401,//i2.hdslb.com/bfs/archive/4c7b0908b8b5bd80e22a641e5cd097107d7a0157.jpg,1290872,12173,20:51:52,《复联4》终极预告解析！钢铁侠回归，美队要牺牲？！,6077
46270506,BV1eb411H7YN,21473,9816,1552568904,2019/3/14,26009,02:31,57911,//i0.hdslb.com/bfs/archive/1f39ea4f6655bf6b8f24cfbe67d975d844b96f8a.jpg,2447536,52575,21:8:24,《复联4》终极预告发布！量子战服登场，全员出击！,8134
46180019,BV1Tb411H7gY,16350,4263,1552478317,2019/3/13,7426,11:21,28376,//i2.hdslb.com/bfs/archive/ff1324dc12cf9858b409909226b110cc18661a42.jpg,978562,13176,19:58:37,竟有两个宇宙魔方?！中国观众破解《惊奇队长》疑点剧情，偷换真品的人竟然是…,7150
45979137,BV1hb411e7Un,39776,3200,1552299185,2019/3/11,14238,07:50,47501,//i1.hdslb.com/bfs/archive/12eacf4614a2304c130c8b266ae096bbce9d7f78.jpg,1432903,7168,18:13:5,《惊奇队长》全彩蛋解析，撸猫不规范，局长一行泪,3997
45796559,BV1Nb411i7En,10781,6764,1552132126,2019/3/9,4312,14:45,23584,//i0.hdslb.com/bfs/archive/429f5eaeec1d9ddff39e1202db6bb0412015f1a2.jpg,1173679,2864,19:48:46,《惊奇队长》影评，漫威承上启下之作（全程剧透解析）,9439
45481765,BV1ub411q7kj,9921,1520,1551868229,2019/3/6,4520,06:48,22865,//i2.hdslb.com/bfs/archive/56393566c11eaa535bee6102ffc0adbba0c873ac.jpg,1011477,2505,18:30:29,《复联4》击败灭霸的关键，漫威骗了观众整整两年！,2142
45310411,BV1Fb411z7JE,20765,2119,1551678903,2019/3/4,10198,11:10,31125,//i1.hdslb.com/bfs/archive/777235d2d398b5f7e1f24f0e9a079a26a3cfb194.jpg,545786,2876,13:55:3,漫威传奇的造梦师：斯坦·李,4119
44850836,BV1Yb411t7HH,10385,1086,1551262548,2019/2/27,4923,09:47,22418,//i2.hdslb.com/bfs/archive/2a7e55e5469a70ea43e25e6853265c5378a7a1fc.jpg,828574,480,18:15:48,反毒液血清VS惩罚者，画面太猛不敢看,2651
44360939,BV1xb411h7qn,26156,2072,1550831126,2019/2/22,9319,08:31,37071,//i2.hdslb.com/bfs/archive/490f4bf0ab23c6037e35d86eca77f06511f8fd4e.jpg,1203134,4072,18:25:26,看《复联4》泄露武器图，我又猜出了剧情...浩克竟然有了反灭霸装甲？,3863
44185881,BV1pb411Y76n,36455,2014,1550659685,2019/2/20,14525,11:59,44186,//i2.hdslb.com/bfs/archive/6b15b7c42749fa299bc0c4a7735ae61d0cb4bdcc.jpg,986361,1626,18:48:5,恶灵骑士：下地狱吗？每晚死一回的那种,3888
44082202,BV1Qb411a7tA,10787,10739,1550571011,2019/2/19,3966,05:50,25020,//i1.hdslb.com/bfs/archive/38702d1d3f4de6b6358517918d77f9dd32d2cfc4.jpg,767324,1100,18:10:11,为什么有人给《流浪地球》打1星？【Lorre说】,5648
43764758,BV1gb411m7LL,11178,1972,1550376003,2019/2/17,5186,07:24,25648,//i0.hdslb.com/bfs/archive/9c2915adc6f68d8cb9ef0b644993e65948a08dcf.jpg,987857,904,12:0:3,金刚狼爪Vs美队盾牌，漫威最硬的金属是什么？,3163
43623735,BV1Bb411277p,23721,2290,1550226237,2019/2/15,19065,08:56,36793,//i0.hdslb.com/bfs/archive/2bd65454192cbf536c66f877b5056d3cbbdfb3eb.jpg,1003850,957,18:23:57,死侍向漫威宣战，竟然消灭了全宇宙的死侍,3335
43436281,BV1gb411U7o1,45559,2774,1550057422,2019/2/13,13298,10:42,49973,//i0.hdslb.com/bfs/archive/fc8e4e1e995c1866054e3f619f7cf324eeb50eb0.jpg,1037860,5530,19:30:22,《复联4》30秒预告解析，钢铁侠自救飞回地球？,7102
41590808,BV1yt411b7T7,17893,3199,1549449037,2019/2/6,8917,08:02,32229,//i1.hdslb.com/bfs/archive/72825426bdc164520d78148ec9538623d7d16190.jpg,974047,1341,18:30:37,更骚、更浪、更话痨，三代蜘蛛侠的8个不同,8703
41587918,BV1kt411b7Yc,29658,1928,1548842439,2019/1/30,13221,08:21,43003,//i2.hdslb.com/bfs/archive/035e106c5b01d79b7ec73aed63e7739141c11931.jpg,1096787,1490,18:0:39,死侍为什么没加入「复仇者联盟」？到底什么是复联？,3920
41627631,BV19t411b7MP,18918,1843,1548417654,2019/1/25,7591,07:04,28658,//i1.hdslb.com/bfs/archive/49d7dd62e5178f9697950fe7a6a1550bd58b5da8.jpg,856601,2786,20:0:54,漫威最红(贱)英雄《死侍2》观影必备的10个知识,4005
41192738,BV1nt41187S7,8587,1666,1547957139,2019/1/20,4741,06:20,20799,//i2.hdslb.com/bfs/archive/59ccdac9ac978cd3d34916d98dcdd6dcc04c07dd.jpg,958867,1056,12:5:39,复仇者联盟Vs变形金刚，钢铁侠造出了「反霸天虎装甲」？！,2483
41025801,BV1Gt411a7XG,24582,1255,1547805600,2019/1/18,9493,09:58,34044,//i2.hdslb.com/bfs/archive/db7738ef0032f75f47035a8ac9a3faa17a4a7abd.jpg,1257238,3095,18:0:0,《复联4》后《钢铁侠4》的剧情泄露，托尼成为了战争之王！,3167
40888202,BV1Lt411p7fy,17068,2105,1547635629,2019/1/16,6964,07:37,24758,//i2.hdslb.com/bfs/archive/d443776952afc0f2cad673895dd9b045403ae254.jpg,760280,1247,18:47:9,蜘蛛侠一生的悲剧：格温之死,3164
40451251,BV1Qt411p7tv,47081,2912,1547201067,2019/1/11,19993,07:25,53482,//i0.hdslb.com/bfs/archive/d4aca79a503577b5fb9600ff7de9594e6212e181.jpg,1387751,2641,18:4:27,蝙蝠侠的身体与小丑的灵魂，史上最残忍、人性扭曲的狂笑蝙蝠，诞生了！,3614
40296286,BV1vt411s7YV,38177,2703,1547029651,2019/1/9,19468,07:08,44569,//i1.hdslb.com/bfs/archive/6ee35600d6a64887cd734f03b92ce28ebd09dddf.jpg,1463326,4175,18:27:31,日本美少女蜘蛛侠，驾驶EVA大战毒液使徒！,4883
39726431,BV1Zt411B7F1,44217,2211,1546423201,2019/1/2,19332,05:42,49717,//i0.hdslb.com/bfs/archive/e447e7f82eae00dbd6fd382686ea6a6f12a24c9d.jpg,1387229,2127,18:0:1,臂力10吨、玩摇滚、姐弟恋，她才是最朋克的蜘蛛侠,3086
39384093,BV1yt411z7i1,18810,1599,1546141605,2018/12/30,6264,08:46,24478,//i1.hdslb.com/bfs/archive/71dd236ff03742e126b71897cf1fe01059054197.jpg,749019,544,11:46:45,「海王」弱爆了？看看十大最强表现吧！武力值爆表,2879
39227450,BV1Ut411r75k,137016,4526,1545996017,2018/12/28,69253,18:22,109927,//i2.hdslb.com/bfs/archive/78e6673be5d0323e50a55de1fe67c327ba4745c3.jpg,1724049,18400,19:20:17,十年，无悔入漫威,22022
39050559,BV1pt411C7op,16394,2351,1545816698,2018/12/26,8852,07:09,25345,//i2.hdslb.com/bfs/archive/6eec73640cf0f4462e262da078e3c1ae219f71c1.jpg,1224791,3658,17:31:38,蜘蛛侠之死，《平行宇宙》源起之战,3151
38746279,BV1ot411Y7Vh,14311,1527,1545467137,2018/12/22,4548,16:36,19405,//i2.hdslb.com/bfs/archive/938c5fa78c0c0f48815f37eb1e20fb70b8647e56.jpg,600015,751,16:25:37,【Lorre说】洛基没死！他去演美剧了？,5882
38670692,BV1vt411Y7cV,16113,1965,1545387794,2018/12/21,7891,10:37,25480,//i0.hdslb.com/bfs/archive/393f9bc849f77f08fa815363ef8757056130ea37.jpg,1490395,1916,18:23:14,《钢铁侠之死》终章，美队托尼同归于尽，莫非暗示《复联4》....,6266
38461530,BV1ct411v7de,158147,3871,1545213606,2018/12/19,55672,21:59,107792,//i1.hdslb.com/bfs/archive/c01f06a21a7a0d6c009168a9c9c68ffc760fe5ec.jpg,2053186,11572,18:0:6,讽刺人性的黑暗荒诞，影射现实的《致命玩笑》为何是DC神作？,9217
38019564,BV1qt411v7NN,332247,6290,1544781605,2018/12/14,151252,41:18,202848,//i2.hdslb.com/bfs/archive/8e58184f1dca7e82cc801d3dc170b98ec7333a42.jpg,2737796,38214,18:0:5,小丑的神作《致命玩笑》，DC排名前五的作品,21031
37990870,BV1ut411B7Wt,81764,2012,1544611826,2018/12/12,22326,04:18,70368,//i2.hdslb.com/bfs/archive/717fa03c6c20b95ab2d63077d453e9bee9563fdc.jpg,886679,1708,18:50:26,DC海王的起源故事，因何与黑蝠鲼相爱相杀？,965
37734173,BV1Kt411D7TF,50609,3694,1544283513,2018/12/8,16522,14:28,46279,//i2.hdslb.com/bfs/archive/4ae0f31b8e938e70893b628f49719224a7163d3e.jpg,1180053,20726,23:38:33,中国观众破解《复联4》剧情，预告逐帧解析，钢铁侠会死吗？,9598
37637833,BV1vt411S7uj,19772,10444,1544191878,2018/12/7,28475,02:26,52841,//i1.hdslb.com/bfs/archive/dc58e4c6108c809748f68c9033347d103abb320b.jpg,3093991,58868,22:11:18,炸裂！《复仇者联盟4》预告终终于来了，钢铁侠终局已定吗？,8006
37456117,BV1ht411Q7Jr,22189,1540,1544004151,2018/12/5,6246,07:21,24414,//i1.hdslb.com/bfs/archive/e28f798469b89c03d30cf5a9cd21fa1ecbb3e7b4.jpg,862428,1554,18:2:31,毒液的儿子屠杀大战死侍！屠杀都有女朋友了，你呢？,3206
37389221,BV13t411Q7kr,31353,3751,1543898901,2018/12/4,10549,25:51,27703,//i1.hdslb.com/bfs/archive/366e8339c4ee10311daab9d2cc752583d6c1ac3c.jpg,1298996,14072,12:48:21,《惊奇队长》第二预告来袭，剧情早已被中国观众破解！,7803
37105084,BV1Wt411X7L8,17760,1528,1543636821,2018/12/1,7742,09:00,26227,//i2.hdslb.com/bfs/archive/30bc8ba801800bc239af74635dc272b2de0da0f2.jpg,1054893,2862,12:0:21,屠杀怀孕喜当爹，竟然生出比毒液强数10倍的“毒素”,2657
36995668,BV1Qt411Q7ix,34399,3651,1543485642,2018/11/29,11040,07:43,34541,//i1.hdslb.com/bfs/archive/dc9953a9d59dfa6930e04e64a92622d89c6268c5.jpg,1252158,1035,18:0:42,死侍/屠杀/灭霸大混战《毒液宇宙》大结局？,3063
36595911,BV1Lt411y7wq,14996,1738,1543032022,2018/11/24,10137,06:32,27677,//i0.hdslb.com/bfs/archive/15a67fef6ff15fad5ad6f04c5705d1db57eaac0e.jpg,1592212,2957,12:0:22,毒液的致命天敌，消毒液「血清」科普,3076
36565261,BV1Tt411y7LG,13931,1232,1542967239,2018/11/23,7555,07:30,25132,//i0.hdslb.com/bfs/archive/3c15420e7dfe6f7b636566ce2d1b223f5886863a.jpg,1306381,3070,18:0:39,毒液要叫他祖宗，共生体之神「纳尔渣渣」科普,2803
36432550,BV1Kt41127Hy,8979,1762,1542794416,2018/11/21,2847,12:52,15507,//i2.hdslb.com/bfs/archive/f89eb9f674fb36feae4ed4b1ca197508a72f1558.jpg,803630,1392,18:0:16,【Lorre说】4个能秒杀毒液的角色，你猜有谁？,4469
36084058,BV1gt411m7WA,14633,1627,1542427244,2018/11/17,7345,07:55,22393,//i2.hdslb.com/bfs/archive/8fcd3be5d871a31dca4b61d6534eb5d5d90d9241.jpg,1314909,3673,12:0:44,比毒液变态10倍的杀手，竟然是他儿子？最后还成英雄了！,2696
35997719,BV1et41127cd,72841,2885,1542276012,2018/11/15,29109,11:14,53025,//i2.hdslb.com/bfs/archive/67a5d81912c980247c77e52bc07fcb6b261587ff.jpg,797064,8525,18:0:12,斯坦李走了，他留给世人一个礼物：漫威英雄世界,23758
35672372,BV1it411m7p6,23808,2388,1541835470,2018/11/10,8493,04:58,25006,//i2.hdslb.com/bfs/archive/719979ae2b20c24b2e40853f04dac96facba8715.jpg,1050180,2972,15:37:50,恶灵骑士、死侍、金刚狼全成毒液了？毒液宇宙（一）,2364
35612973,BV1kb411c72s,36740,1596,1541759001,2018/11/9,12214,09:38,33563,//i2.hdslb.com/bfs/archive/4f7b22151cab7dc60f5a6addd0858bdd3890ecf6.jpg,979192,1742,18:23:21,钢铁侠之死（一）渣男托尼寻欢记,2939
35213689,BV1pb411w7Kh,36913,1343,1541244728,2018/11/3,10321,09:34,31663,//i1.hdslb.com/bfs/archive/c77ccde46f60b5b95bf71115e5542a13f73b1435.jpg,1071554,1295,19:32:8,四臂绿巨人Vs惩罚者，撕的真生猛！,5251
35114419,BV1hb411P7vb,15014,1156,1541152851,2018/11/2,5428,07:31,21274,//i2.hdslb.com/bfs/archive/1ff276dd5212aca9995c28c86217f5cb9c64835f.jpg,1015947,809,18:0:51,漫威最强小学生，单手创造小宇宙,2255
34585284,BV1it411d7R7,13476,1226,1540548037,2018/10/26,7134,07:09,24252,//i2.hdslb.com/bfs/archive/a8826c247f02cad9b08dded18f16f8e5b12ff337.jpg,1772625,1229,18:0:37,史上最变态的15个绿巨人，强到漫威都不敢拍,3181
34559294,BV1Jt411d7uL,29233,1327,1540461647,2018/10/25,12014,15:08,25609,//i2.hdslb.com/bfs/archive/4da8131fa4ed5d613f0f9c2f744caaeb428ed93e.jpg,780671,3898,18:0:47,你知道吗？其实绿巨人很脆弱...,4138
34095968,BV1Bt411d7QJ,11318,645,1539864431,2018/10/18,2586,06:11,12825,//i0.hdslb.com/bfs/archive/615d941668c9eeb53b1553284ca2f3d976e86dcb.jpg,602606,632,20:7:11,钢铁侠剧透之作，漫威13年前就把《复联3》安排上了,729
33667643,BV1Zt411f72d,6788,1052,1539339650,2018/10/12,3070,10:36,11862,//i2.hdslb.com/bfs/archive/50beb699ac402b93dfac42bddfeed06a66b113bd.jpg,640634,848,18:20:50,不想演钢铁侠的恶灵骑士，不是好超人，性感凯奇的肥宅快乐梦,2693
33606706,BV1bt411f7JJ,22344,4290,1539255055,2018/10/11,13010,09:47,24561,//i0.hdslb.com/bfs/archive/f9d8a4bec2be71f51420fe1562ea3f80f1b7449e.jpg,1317463,3133,18:50:55,漫威DC的10个区别，99%的人都不知道，一般人我不告诉他,8801
32645510,BV17W411S7Pe,3913,1782,1538388017,2018/10/1,2100,05:32,10017,//i2.hdslb.com/bfs/archive/b8dfd51c847c3380ec03809ec1d8c690842f09f5.jpg,610418,1063,18:0:17,退出DC保平安？电影史上最凶厄运，超人的17个诅咒！,2363
32620226,BV1TW411S7r8,9775,2366,1538128805,2018/9/28,5100,09:49,16217,//i1.hdslb.com/bfs/archive/4fde10040ede44cef0db4125fd562b54ccaf5923.jpg,1138833,1269,18:0:5,当蝙蝠侠成为最强之神，他…,4165
32169971,BV1jW411r7Ww,16823,1979,1537532659,2018/9/21,3873,12:49,14711,//i0.hdslb.com/bfs/archive/ef15373cc446fcb9cf9c21803f7c21bddf179fdc.jpg,755940,6297,20:24:19,震惊《惊奇队长》预告刚发，却以被中国观众预测破解！,4342
32026005,BV1kW41167pK,3558,2535,1537336841,2018/9/19,2505,01:57,8634,//i1.hdslb.com/bfs/archive/8f43cce92caa0b8b0428edcc076136153fa39dfd.jpg,572937,8082,14:0:41,漫威《惊奇队长》首支官方预告 中文版,1421
31709253,BV17W411y7SQ,10165,1113,1536926015,2018/9/14,7703,08:40,14755,//i1.hdslb.com/bfs/archive/38a9239e17dc3d27cdc2bd59b8b005d6f8c59574.jpg,932731,2259,19:53:35,PS4《蜘蛛侠》28套战服完全介绍+漫画起源故事,2761
31631030,BV1PW411y7X6,47812,4390,1536834055,2018/9/13,21936,09:16,36990,//i2.hdslb.com/bfs/archive/9ce81fd4ce1f7123d1892646a13974f30650d834.jpg,1466423,7858,18:20:55,漫威电影宇宙的开国元勋，钢铁侠-唐尼的奋斗成长史！,6735
31252295,BV1pW411d7zM,7406,1982,1536314441,2018/9/7,3619,09:47,13848,//i2.hdslb.com/bfs/archive/913be6de507279beb4f868864e85ba4f0a6a1995.jpg,1023419,667,18:0:41,和超越者55开，能手撕哨兵的人，狠角色分子人【漫威最强英雄】,2652
30821562,BV1YW411f7Li,98875,4289,1535728123,2018/8/31,24760,10:50,45755,//i2.hdslb.com/bfs/archive/98189bfaf9d14e9bbab2e525a99b542348a9c26c.jpg,898319,23460,23:8:43,独家剧透《惊奇队长》《复联4》，你敢看吗？,8850
30633175,BV1js411c7Nw,17596,1734,1535541773,2018/8/29,5227,08:21,17694,//i0.hdslb.com/bfs/archive/52f2830b7a880ad8805c5dadf75329419ddd26b1.jpg,939448,4080,19:22:53,《蚁人2》的21个彩蛋！全收集！,3271
30203902,BV1FW411D7R3,24281,2884,1535105447,2018/8/24,23982,09:35,27119,//i1.hdslb.com/bfs/archive/76ffa521429b4fc616348f15fba743581c975a1d.jpg,1180953,2801,18:10:47,【漫威最'强'神明】行星吞噬者死过多少次？,4254
29613727,BV1AW411d7Pj,11508,2329,1534505452,2018/8/17,3046,05:06,13080,//i0.hdslb.com/bfs/archive/972790200811819aa202f8111f534cf4538f82d7.jpg,896509,1482,19:30:52,惊奇队长能打过灭霸，拯救复联吗？【Lorre聊英雄】,2960
29022757,BV1us411u7G4,16786,3014,1533903344,2018/8/10,6532,09:06,20463,//i1.hdslb.com/bfs/archive/869c1b8aee0a4472be6112fc32e39d3aef0b4fcc.jpg,1376286,1353,20:15:44,漫威10强反派，第一竟然不是灭霸？！,5836
28931109,BV1rs411M7eq,22702,2257,1533814944,2018/8/9,6307,07:59,20724,//i1.hdslb.com/bfs/archive/f614c90a93f47192b912406dd4d98ad6fe018cbf.jpg,1181690,1226,19:42:24,【漫威最强神明】宇宙裁决者：生命法庭,3419
28439803,BV1Ys41137KG,49984,2292,1533296052,2018/8/3,26271,10:21,24828,//i0.hdslb.com/bfs/archive/eeef1f240e032c3cf82c1354374b272c18e9464e.jpg,749998,4061,19:34:12,旺达，我爱你。但我们...,5102
27930785,BV1ys411A7bh,10705,1584,1532759875,2018/7/28,2997,06:42,12360,//i2.hdslb.com/bfs/archive/126357697ee221e70edcc2efb96cece85ad5f82f.jpg,756897,313,14:37:55,【漫威最强神器】终极抹除者介绍,1933
27793769,BV1cs411A7eb,36691,3802,1532604945,2018/7/26,29708,06:55,32415,//i2.hdslb.com/bfs/archive/a162a63e6d94d2549069caef0949fea7f7bbf5a1.jpg,1496085,3048,19:35:45,漫威最强神明：OAA介绍【Lorre聊英雄】,5728
27431317,BV1Ys411K7kn,5332,6547,1532223734,2018/7/22,4035,05:19,11156,//i1.hdslb.com/bfs/archive/b93dc6fdeec795989e8052f2ea7676b18dfc350f.jpg,839223,15739,9:42:14,DC发大招！《海王|沙赞》双英雄预告齐发！,5551
27380670,BV1Ks411K7rV,16885,1795,1532162151,2018/7/21,4284,06:58,16154,//i2.hdslb.com/bfs/archive/317a6bff55d4fb531a3040a0ecc9293390cb004e.jpg,930414,943,16:35:51,拳打浩克脚踢雷神，还拿起了雷神锤！究竟是何方神圣？【Lorre聊英雄】,5754
27306781,BV19s411N7ar,18455,1471,1532080565,2018/7/20,4312,09:08,13587,//i2.hdslb.com/bfs/archive/1eabf31777b7faaa385e1d231bf4d0284356912d.jpg,789025,1670,17:56:5,《复联5》可能发生的剧情《秘密入侵》,3138
27231870,BV1Zs411E7Kx,32353,4981,1531997786,2018/7/19,6762,01:26,37145,//i2.hdslb.com/bfs/archive/3d0983a802ba8899f6bdf9b9106d3a4448243760.jpg,937068,2432,18:56:26,B站100万粉丝福利，Lorre女装Cos黑寡妇,5268
27082303,BV1gs411E7t5,12133,2829,1531825890,2018/7/17,3171,03:49,14024,//i2.hdslb.com/bfs/archive/2502770f92023b4664cb2c242aa584643ff2fb4f.jpg,1027621,894,19:11:30,雷神最强外挂——“符文王”究竟有多厉害？【Lorre聊英雄】,1995
26923469,BV1Rs411J7NM,14164,1978,1531651471,2018/7/15,4954,08:37,15165,//i1.hdslb.com/bfs/archive/dd7cf977e26215e3c02f6755d4c1c1035a5aad12.jpg,1039768,2439,18:44:31,《复联5》的剧情，可能在10年前就泄露了【Lorre讲故事】,3579
26754656,BV1gs411J79J,11581,2001,1531476031,2018/7/13,6056,06:42,17583,//i0.hdslb.com/bfs/archive/7a3598164779cb7292c3b4f103ab33eba10de42e.jpg,1682456,1958,18:0:31,毒液死侍Vs超越者，漫威最强之战！,4511
26276342,BV1Zs411H7sH,6745,1578,1530870412,2018/7/6,2206,06:56,8507,//i0.hdslb.com/bfs/archive/d8ab4c31ce68a43b97731454c9bd2939005175c6.jpg,685161,355,17:46:52,漫威诸神记，永恒之子：神符,2653
25505633,BV1ts411L74Q,5288,2441,1529826479,2018/6/24,2253,08:43,7701,//i1.hdslb.com/bfs/archive/972d615da49a7cc5d7f6dafdb0f1f1e75a6299e7.jpg,735044,3489,15:47:59,《复联4》剧情泄露，爆料者称系漫威内部人士,5107
25362021,BV15s41177Xj,20853,2653,1529663431,2018/6/22,9795,11:12,19200,//i1.hdslb.com/bfs/archive/66ef43ac8bf3e04110052de6fa659a24b16829d7.jpg,1623031,3158,18:30:31,恶灵骑士VS灭霸，结局竟然…【Lorre讲故事】,5432
24998502,BV1QW411F7q8,5109,1393,1529143237,2018/6/16,1835,07:43,7638,//i2.hdslb.com/bfs/archive/602df73cd5b48db38c521922c35728617dc3517f.jpg,617810,1190,18:0:37,【Lorre说】什么？竟有第七颗无限宝石？会在《复联4》中登场吗？,2426
24593003,BV1uW411P72C,5191,1980,1528540808,2018/6/9,2100,01:33,8816,//i1.hdslb.com/bfs/archive/3e44a846f728b31f3db73ca775797010487384a3.jpg,897596,658,18:40:8,灭霸算老几？看惩罚者打爆漫威英雄！,1777
24554878,BV1KW411P7nR,7725,5158,1528456469,2018/6/8,2614,18:40,8026,//i2.hdslb.com/bfs/archive/bb5aca33d69df5fc4a7c8229797807d148df495e.jpg,659314,7183,19:14:29,【Lorre说】惊爆内幕：洛基没有死！他伪装的绿巨人！第二季加强版,9527
24240049,BV1FW411N7Ds,23298,10371,1527855928,2018/6/1,10025,14:59,15523,//i2.hdslb.com/bfs/archive/fd3ca42a1ee846e2d6de3c1dfdfd3e20d6bcb49e.jpg,1119968,33478,20:25:28,【Lorre说】惊爆内幕：洛基没有死！他伪装的绿巨人！,16499
24053771,BV1gp411d7nj,6044,2637,1527507023,2018/5/28,1466,13:19,5939,//i0.hdslb.com/bfs/archive/b7b75a546bd11ad84473e1dc7ef7cd25b3afaf01.jpg,639577,616,19:30:23,【Lorre说】漫威最强，哨兵超越者会加入《复联4》吗？,5979
23968400,BV1Cp411R7X2,5476,2521,1527336702,2018/5/26,1782,12:31,6984,//i1.hdslb.com/bfs/archive/4bcf718ce20e4c4f55f9ce11f6cb70798e9233de.jpg,750421,640,20:11:42,【Lorre说】死侍加入《复联4》？金刚狼复活？,5105
23824171,BV1rp411o7Ys,6619,3712,1527079208,2018/5/23,1743,11:38,6974,//i2.hdslb.com/bfs/archive/fc37aa350ead6beee314b958a75af9b317ecc570.jpg,602958,849,20:40:8,【Lorre说】《复联3》团灭，是星爵猪队友，还是漫威失了志？,6654
23656194,BV1zp411d7Xi,19661,4531,1526735896,2018/5/19,9139,16:44,25130,//i0.hdslb.com/bfs/archive/0963805d9ce327e66751260d1848ca54c340092d.jpg,2093784,4032,21:18:16,【Lorre说】《复联4》埋的6个伏笔，细思极恐！,12681
23517415,BV1qp411Z71n,5845,5021,1526467657,2018/5/16,1997,09:48,6288,//i0.hdslb.com/bfs/archive/c24416dd48213dd023308ea6975f098390bb8274.jpg,543906,1535,18:47:37,【Lorre说】《复联3》阵亡英雄会复活吗？,8509
23435582,BV1pp411Z7jV,11012,3220,1526293735,2018/5/14,3486,11:20,9861,//i0.hdslb.com/bfs/archive/a825a8b40723e72de74811e7dc3f3084091aa9d2.jpg,1140311,4111,18:28:55,【Lorre说】惊奇队长能打过灭霸？原来…,9609
23329694,BV1nW411F7SB,13402,7155,1526121027,2018/5/12,2677,09:10,16293,//i2.hdslb.com/bfs/archive/2c4c38726cbfd97a0d655c490c94b3532165e209.jpg,560094,1628,18:30:27,【Lorre说】我给《复联3》打10分，不怕他骄傲！（无剧透影评）,7515
23291835,BV1gW411F73g,29453,3622,1526034913,2018/5/11,29924,17:59,16107,//i2.hdslb.com/bfs/archive/217734b86c0393d673fcb44982b26555fbe77ab3.jpg,1327322,17800,18:35:13,《复联3》必看漫画，灭霸封神作《无限手套》,7505
23245303,BV1KW411F765,11582,2135,1525945014,2018/5/10,8750,07:41,9753,//i0.hdslb.com/bfs/archive/01951603eca5be032d14d63d98005e7b1303a5f3.jpg,777885,25823,17:36:54,《复联3》观影前必看！7分钟看完漫威宇宙10年的所有电影！,4838
23025126,BV15W411G7MB,7430,2303,1525519509,2018/5/5,2236,07:48,9151,//i2.hdslb.com/bfs/archive/0510a8bd54f24c996f45d417741eb83e68478a92.jpg,611828,506,19:25:9,《复联3》竟然拍假镜头？骗观众+骗演员，保证防剧透！,3602
22961247,BV19W41137FG,17775,1744,1525429814,2018/5/4,20243,11:59,12277,//i0.hdslb.com/bfs/archive/b0220a56327ec6939a72eedd02136a324c0f8457.jpg,1018252,1428,18:30:14,漫威最强神力，凤凰之力竟被击败？【Lorre讲故事】,4009
22630179,BV1XW411G7bq,25357,1655,1524825014,2018/4/27,17356,12:02,11325,//i2.hdslb.com/bfs/archive/17084e0949e721425bd032a57374c73d3c2e2ea9.jpg,819983,2930,18:30:14,《复联3》剧情，灭霸集齐6颗无限宝石！第二章,4055
22081811,BV1bW411L7Fj,12642,4344,1523700840,2018/4/14,3859,11:18,18975,//i1.hdslb.com/bfs/archive/9f2ea6a0c7569e5ac0cd8b9fdbf109cf97b779f4.jpg,689602,2670,18:14:0,【Lorre说】《复联3》谁会牺牲？英雄死亡几率排行榜,11572
22027075,BV1nW411L7V5,20991,1564,1523615400,2018/4/13,20965,10:59,12875,//i2.hdslb.com/bfs/archive/f5b6c2c4ddf3cb424552847472cee513873943a6.jpg,988485,2182,18:30:0,《复联3》最强反派，灭霸被击败！【Lorre讲故事】,3915
21708647,BV1JW411M759,23035,2135,1523010609,2018/4/6,22730,10:42,13217,//i0.hdslb.com/bfs/archive/1088a0f1e38c1d71d76768f6196f9d5d964322ed.jpg,974297,6261,18:30:9,《复联3》大Boss，漫威最强反派，灭霸的起源【Lorre讲故事】,4966
21342392,BV1MW411u72f,9853,939,1522319425,2018/3/29,4528,07:39,9840,//i0.hdslb.com/bfs/archive/e07c37d222c83775036989dc538f7d85aeba33f1.jpg,878330,513,18:30:25,复仇者联盟的英雄都变异成食人魔？这就很酷了！,977
21107001,BV1BW411g7oZ,32666,1961,1521801030,2018/3/23,7121,13:19,23776,//i1.hdslb.com/bfs/archive/7aa7428cab04092677603d1d1b9070b0a6b35101.jpg,719096,7975,18:30:30,【Lorre说】《复联3》剧情完全泄露？最高机密，不要告诉朋友！,5585
20853376,BV12W411p71U,3409,4292,1521215443,2018/3/16,5988,02:18,5486,//i0.hdslb.com/bfs/archive/62d9441dce2955ba30e02f00f8f2cc8121f01e67.jpg,871542,12101,23:50:43,暴虐预警！《复联3》官方中文预告第三弹，绿巨人装甲正式登场！,3418
20739332,BV1cW411p7v6,52043,1703,1521196235,2018/3/16,26588,14:43,16308,//i0.hdslb.com/bfs/archive/6f8f34d8d310e28769209a82ecf1ccb0a49a5298.jpg,911448,4831,18:30:35,《复联3》剧情，灭霸争夺6枚无限宝石 第一章,6845
20489936,BV1vW411W7Rf,11795,2366,1520505006,2018/3/8,2271,12:21,13755,//i2.hdslb.com/bfs/archive/0abc4859e9acd8d78d787a731ec163f13aac1698.jpg,740029,1739,18:30:6,【Lorre说】比钢铁侠有钱！漫威最富有的英雄《黑豹》观影指南,3890
20436996,BV1SW411x7Ue,6871,3300,1520335800,2018/3/6,1571,18:27,8093,//i0.hdslb.com/bfs/archive/c9949f35f2a82ec3091a8d430315dfe8a4173176.jpg,468721,331,19:30:0,【Lorre说】中国的超级英雄是谁？蛟龙就是,2364
20384014,BV1CW411x7mk,37136,1601,1520222437,2018/3/5,22529,09:11,17719,//i1.hdslb.com/bfs/archive/d08a71efd9a8878339fb1497639ccd37181e65a9.jpg,843246,745,12:0:37,金刚狼血战丧尸《漫威食人魔》第三章,3614
19676581,BV1CW411j7Tj,45817,1969,1518788559,2018/2/16,27219,09:22,26814,//i0.hdslb.com/bfs/archive/93e38d4cb7f32bc0ea1fc8f678b580ae742ec231.jpg,795498,953,21:42:39,金刚狼打爆漫威宇宙！食人魔传 第二章,4446
19549918,BV1vW411E7hD,5684,2187,1518525997,2018/2/13,1989,18:14,7505,//i0.hdslb.com/bfs/archive/633436ab502fc18d9ce5bfc0d4162764f6fed6bd.jpg,582514,342,20:46:37,【Lorre说】神奇女侠背后不为人知的故事,3261
19370042,BV1YW411n7v8,37083,1759,1518180520,2018/2/9,30182,11:58,36673,//i0.hdslb.com/bfs/archive/3dd5c5a31745031d47b329ebae9cd04f9b4e20a2.jpg,953554,1792,20:48:40,蜘蛛侠艳遇史，6位女朋友介绍,5623
19302936,BV13W411n7so,1250,1086,1518070546,2018/2/8,1995,02:21,3464,//i1.hdslb.com/bfs/archive/6d2a08a5f2873d804786f7e60b7afe2a1c3b0ce7.jpg,743184,2556,14:15:46,惊！死侍加入《复联3》吊打灭霸(划掉)《死侍2》官方预告第二弹！,1058
19054339,BV1vW411H72z,43029,2417,1517576138,2018/2/2,31821,11:40,19435,//i0.hdslb.com/bfs/archive/b0506a715667f45561827b9ee064d4d56027b8dd.jpg,1054400,2025,20:55:38,金刚狼屠杀漫威宇宙！食人魔传 第一章,5620
18377672,BV1NW411v78V,1894,608,1516101875,2018/1/16,837,07:16,2538,//i1.hdslb.com/bfs/archive/678788de76186e7074a44e077679f70f7cbb758d.jpg,303034,277,19:24:35,教你制霸钢铁侠机甲：第二辑！,760
18231092,BV13W411q7cx,27327,1604,1515754125,2018/1/12,24377,13:55,12601,//i2.hdslb.com/bfs/archive/ab392a3e240f9d0d2a81ca9c1e5ad65db87fafe5.jpg,788637,3440,18:48:45,死侍的女朋友们，敢给灭霸戴绿帽子？,6355
17807388,BV1BW411b7ZJ,6489,1341,1514700301,2017/12/31,2395,17:57,4141,//i0.hdslb.com/bfs/archive/d69374077a7e70d671fe1eed9791bbd5c7f77937.jpg,403975,402,14:5:1,【Lorre说】漫威破产？DC被收购？！,4168
17713705,BV1FW411b7pz,34839,4278,1514468572,2017/12/28,26732,25:25,17735,//i1.hdslb.com/bfs/archive/0582f75cc5eacf6d9e1d4386b4c8ff2846031f15.jpg,1649522,6137,21:42:52,漫威最强英雄，超越者之死,9729
17323572,BV1rW411b7Qy,18941,1860,1513421441,2017/12/16,5270,04:05,8606,//i0.hdslb.com/bfs/archive/9c75819d86ac69385099f705998db4577c65e296.jpg,606227,1357,18:50:41,爱与希望《蜘蛛侠：生命之光》,6875
17197075,BV1CW411h78m,8747,2103,1513074963,2017/12/12,2508,21:01,3779,//i2.hdslb.com/bfs/archive/8a4381429c83a53bf0eed6b4e668b34925abe82a.jpg,611111,1390,18:36:3,【Lorre说】《复仇者联盟3》钢铁侠会死吗？他只是二线角色？！,8095
17073675,BV1jW411h7g1,48522,3102,1512749934,2017/12/9,35100,21:35,16265,//i2.hdslb.com/bfs/archive/13b9296aac374148303748058f9b20e0ae027053.jpg,1427104,6697,0:18:54,漫威最强英雄，超越者之《秘密战争》,10063
16784607,BV14W411a71b,8292,8258,1511963280,2017/11/29,17406,04:51,9875,//i2.hdslb.com/bfs/archive/92bdb55260700990489925a4401017c9d59a2bd6.jpg,1773034,36244,21:48:0,抢先看《复仇者联盟3：无限战争》漫威官方中文预告！,11005
16753308,BV1yx41157Q6,6544,1822,1511871085,2017/11/28,2180,16:35,3420,//i1.hdslb.com/bfs/archive/5cd448976fb055dc14741e250a2ab69bffe9b7c0.jpg,614083,1359,20:11:25,【Lorre说】《正义联盟》7个片段大揭秘！小闪和超人谁快？,5611
16628756,BV1Nx41157Nf,27636,1780,1511529903,2017/11/24,26445,08:47,14094,//i0.hdslb.com/bfs/archive/43c6007f8a4ea4f29cbb459855dfec89c7c4c227.jpg,1169002,4660,21:25:3,啊？钢铁侠和美队结婚了！平行宇宙的68名钢铁侠介绍,6583
16455584,BV19x411L7qt,31086,2049,1511014466,2017/11/18,28060,13:28,12001,//i2.hdslb.com/bfs/archive/d33b7f1b806af802b15ff52e1d50f54ecf01e56e.jpg,1319707,1579,22:14:26,灾！死侍打爆漫威宇宙（完结篇）,4504
16239033,BV17x41177yM,7198,2240,1510413300,2017/11/11,3336,13:45,5120,//i0.hdslb.com/bfs/archive/4c0b6d6ea9a6f50c1029574fea353c8ca5ca4e16.jpg,1157095,1778,23:15:0,【Lorre说】雷神手臂断了？眼睛瞎了？锤子碎了？ 《雷神3》18个细节解读,6210
16094500,BV1yx411j7Gy,3948,2200,1510052420,2017/11/7,1014,09:46,2615,//i1.hdslb.com/bfs/archive/a779f55aec8c5568a6a4c17496f785d52bfcc785.jpg,542282,308,19:0:20,【Lorre说】真的有丧尸蜘蛛侠？正联票房会超过雷神3吗？,3825
15987538,BV1Cx411E7Na,83448,4327,1509717688,2017/11/3,34878,28:48,24365,//i2.hdslb.com/bfs/archive/a45b80463b2e0bd9cb8869f51ac602f927ec6825.jpg,1414132,6581,22:1:28,死亡？蜘蛛侠：仅剩之日,24976
15582776,BV1ex411M7BV,117000,3828,1508581825,2017/10/21,51962,19:13,25540,//i1.hdslb.com/bfs/archive/8b1ba5dd81bb541c9fa8614c1b6970e4bb322010.jpg,1335259,7684,18:30:25,黑化！蜘蛛侠：重归黑暗,13584
15354816,BV1Nx411g7cV,23424,3756,1507892639,2017/10/13,25298,12:36,14835,//i1.hdslb.com/bfs/archive/e132d24e9a461505576358494b63653cef492030.jpg,1769755,4633,19:3:59,恶灵骑士有多强？实力技能解析！,7997
14903166,BV1ux411V7TX,31971,4261,1506690164,2017/9/29,34714,19:22,11614,//i1.hdslb.com/bfs/archive/3ea5b52a11a65a05e57c74d463dab42696e9f878.jpg,1808322,6417,21:2:44,漫威最强英雄，哨兵之死,9745
14672399,BV1sx411x74s,14083,1762,1506006188,2017/9/21,22630,11:42,5289,//i2.hdslb.com/bfs/archive/bf40f25fff4526a35e0310c3e4e6fcc8d60c870f.jpg,859771,1512,23:3:8,还有女恶灵骑士？漫威四代恶灵完全介绍！,3493
14313512,BV15x41147WB,33358,4037,1504955501,2017/9/9,43756,10:12,13867,//i2.hdslb.com/bfs/archive/8b610c5399fb0779eae31beecbf2239d1bd59c26.jpg,1491746,11332,19:11:41,啊？蜘蛛侠变猪了？平行宇宙中的56名蜘蛛侠介绍,12087
14140377,BV1Ax411b7Xs,1228,757,1504440887,2017/9/3,666,05:10,475,//i1.hdslb.com/bfs/archive/2ebb61c19d9c1ec8d368655db50cf407fa661837.jpg,278952,225,20:14:47,教你制霸钢铁侠的全体装甲！Lorre小店广告,613
14070226,BV1Qx411t72T,6119,1486,1504272789,2017/9/1,6424,10:31,1148,//i0.hdslb.com/bfs/archive/f98604c07375cc9e704c0ec6c41b86f89100416c.jpg,464632,3940,21:33:9,《蜘蛛侠》终极观影指南+预告分析（100%无剧透）,3762
13769143,BV1fx411b7ow,9141,1755,1503587313,2017/8/24,13405,11:16,4111,//i1.hdslb.com/bfs/archive/89a3a2a42050546008db193be6cb7c63a4c0f7c4.jpg,813439,975,23:8:33,漫威DC互相“抄袭”的50位超级英雄（中？）,6283
13547544,BV1mx411J7vL,7738,2107,1503116677,2017/8/19,16110,11:44,5182,//i2.hdslb.com/bfs/archive/853fc9fd1fa052ace817efdb0cb9e018f8d55d32.jpg,887760,1788,12:24:37,漫威DC互相“抄袭”的50位超级英雄（上）,9484
13207512,BV1yx411n7D2,30612,5254,1502375026,2017/8/10,22178,13:27,12546,//i2.hdslb.com/bfs/archive/174cf53b0a7e0684f92591ed3ae029c5c8b50a25.jpg,1049106,9145,22:23:46,DC最快的闪电侠，在你看标题时就已跑到银河尽头,15628
12919008,BV1Zx411H7eu,12257,3041,1501769558,2017/8/3,17377,14:07,3085,//i1.hdslb.com/bfs/archive/b6e786342966e104bf883780829ebbd9752e02c4.jpg,932005,1518,22:12:38,灾！死侍再次屠杀漫威宇宙！,5720
12442494,BV1tx411i7Mc,108962,3638,1500683444,2017/7/22,38853,16:33,24289,//i0.hdslb.com/bfs/archive/235e86356e69b938eb92a432e399ec10ba53dfc7.jpg,1198269,5517,8:30:44,罗根已死，金刚狼永生《暮狼寻乡》终章,13608
12170148,BV1dx411q7ZT,5242,1739,1499953070,2017/7/13,8399,13:30,1223,//i1.hdslb.com/bfs/archive/ac3875196232a2c54ff158ffd3d21dada4a39076.jpg,483086,378,21:37:50,漫威10年史诗，美国队长的诞生《惊世奇人》第一章,3676
11966585,BV1ex411z7Kv,824,1147,1499402356,2017/7/7,1828,02:30,432,//i0.hdslb.com/bfs/archive/f656c153888d8f0e4ede6604bb208f70a7a66041.jpg,256908,505,12:39:16,漫威英雄书灯，照亮你的夜,863
11948685,BV1Jx411z7VZ,16703,2767,1499350135,2017/7/6,35414,07:06,6499,//i1.hdslb.com/bfs/archive/50776750ce4e9c242762f9ab667e7dd5d7aa1661.jpg,1145069,1061,22:8:55,死侍变成女生了？她竟然还把...,5675
11761663,BV1wx411r7S1,2429,1039,1498826802,2017/6/30,1582,10:08,1887,//i2.hdslb.com/bfs/archive/ea894bff725e9af83dc87d8af293c0f3d0890102.jpg,621228,574,20:46:42,DC四代《闪电侠》科普【Lorre】,2606
11536993,BV1Ax41167jK,4070,1219,1498138184,2017/6/22,1550,07:31,1124,//i0.hdslb.com/bfs/archive/445b356f177a087cd79106a0529aeb0a369747bc.jpg,488986,478,21:29:44,漫威排名前10的作品《惊世奇人》,2404
11352163,BV1wx411h71Z,3253,1553,1497532699,2017/6/15,1651,07:48,2150,//i2.hdslb.com/bfs/archive/4f6322be4f5e90c39fa1966348e9867573ef5651.jpg,613252,665,21:18:19,DC最重要的闪电侠，他是...,3253
11169200,BV1ix411a7So,2579,3932,1496924886,2017/6/8,996,27:17,670,//i2.hdslb.com/bfs/archive/d0d1b74d1eacc30be9b1ca995a8e8e25070a5d98.jpg,438892,597,20:28:6,《神奇女侠》猛揍了漫威一拳,3872
10997534,BV1sx411e7Ck,2901,1253,1496322625,2017/6/1,1443,10:32,723,//i1.hdslb.com/bfs/archive/5155431d3dd7407b2df8a90f2714cbb5c6926c7b.jpg,327097,1602,21:10:25,《神奇女侠》60年漫画历史，观影前必备,3113
10920816,BV1Vx411e7tc,819,952,1496062172,2017/5/29,325,03:00,455,//i2.hdslb.com/bfs/archive/739bbb063fe37bae3cff49a484306dd0d803127c.jpg,264292,106,20:49:32,吃过这里的小龙虾，灵魂就得到了升华,984
10819814,BV1rx411Y7uA,4044,1484,1495713359,2017/5/25,3891,08:13,5358,//i2.hdslb.com/bfs/archive/a6fd713053fc2e07d80b0dac99ece66a4ebb97a8.jpg,940158,1760,19:55:59,钢铁侠睡过的女人，比我吃的盐都多,3883
10648347,BV1Jx411v7pZ,3571,1277,1495105551,2017/5/18,2093,08:39,1995,//i1.hdslb.com/bfs/archive/c7621e7596be52c10ab7a80dbed0622694f8022f.jpg,680858,778,19:5:51,超人举起雷神锤，扛起美队的盾牌，漫威大战DC！,3004
10476695,BV1Qx411m7o5,2905,791,1494502839,2017/5/11,1453,09:46,828,//i0.hdslb.com/bfs/archive/d23e6052e7181acab217c42940e5a5480920da27.jpg,460028,1008,19:40:39,《银河护卫队2》8个知识点+深度彩蛋解析（无剧透）,2696
10310321,BV1Ax411m7EC,3699,1132,1493897737,2017/5/4,2331,09:59,1727,//i0.hdslb.com/bfs/archive/ac118eeb1ee439be2c2c0fe749ac5ade11235c16.jpg,612286,694,19:35:37,啥？漫威DC的宇宙要融合了？,2555
10174694,BV1wx411S7SN,6909,2210,1493447681,2017/4/29,11170,06:26,5130,//i1.hdslb.com/bfs/archive/3bc02088d936b8e7849d233ed442704414c4a858.jpg,750183,2163,14:34:41,DC排名第一的漫画《守望者》导读,2883
10021352,BV15x411U7cx,5933,1490,1492863436,2017/4/22,7044,05:31,2193,//i2.hdslb.com/bfs/archive/d7a3451245c0ca80e3d8bb267201606111a9e221.jpg,754701,2904,20:17:16,5分钟看漫威神器「无限宝石」能力与起源,2204
9962240,BV1Tx411U7hy,3139,682,1492656039,2017/4/20,2079,10:42,1598,//i1.hdslb.com/bfs/archive/7213ca26261611f1bfb27f316415608f25de6657.jpg,611585,543,10:40:39,漫威的无限手套被DC大反派戴上了？怎么办？,2326
9866163,BV17x411D7hF,4428,1066,1492268654,2017/4/15,4838,07:35,874,//i2.hdslb.com/bfs/archive/c835e4b38c6bfcf1869ea1b2298fb0d0c16fc7e9.jpg,560619,896,23:4:14,雷神锤怎么碎的？《雷神3》预告片完全解析,2216
9800782,BV1ox411S78o,3306,930,1492053059,2017/4/13,5473,12:55,1376,//i0.hdslb.com/bfs/archive/0be09fd1a0d1ec2c54f412d898e9265ddbc0b3ca.jpg,548466,759,11:10:59,美国队长Vs蝙蝠侠，赢的人是...,2984
9640239,BV1Sx411Q7j9,5347,1060,1491448221,2017/4/6,6902,11:15,1807,//i1.hdslb.com/bfs/archive/a9974b5b7d90e1934be996bdfdfa598686d9c2bc.jpg,609552,1222,11:10:21,漫威DC对决，钢铁侠猛干超人！第一章,3077
9394773,BV1Jx411k7fF,2084,865,1490491823,2017/3/26,1210,26:42,508,//i2.hdslb.com/bfs/archive/5961fd7378272e4da886426d2aa327e0079f0326.jpg,484940,380,9:30:23,漫威被收购了，钢铁侠加入DC？,4035
9332353,BV1wx411k7F4,6399,1743,1490238619,2017/3/23,3264,10:54,2720,//i0.hdslb.com/bfs/archive/25dda7ceb1a5686064b94ec03a502bc4597f2fc1.jpg,842255,1230,11:10:19,钢铁侠险些丧命，地球最强登场《浩克世界大战》下,3447
9189656,BV14x411r72x,11926,2170,1489631443,2017/3/16,23175,07:53,13489,//i1.hdslb.com/bfs/archive/ac053b0bb5774d5cf3a7df91357ac06bba4797c0.jpg,2432519,15348,10:30:43,蜘蛛侠死敌：毒液、屠杀、极痛你能分清吗？,4297
9066229,BV1nx411C7rm,9756,1001,1489116619,2017/3/10,6463,13:20,7744,//i2.hdslb.com/bfs/archive/1333ff241038f9f747a4ee006babf0e431f34002.jpg,713845,4074,11:30:19,罗根已死，金刚狼永生《暮狼寻乡》上,1417
8914818,BV1yx411k7to,8013,1247,1488424201,2017/3/2,7167,10:01,4275,//i0.hdslb.com/bfs/archive/f27d3304681fb6352c6f28913cf6b3b1594b2aae.jpg,965663,1852,11:10:1,科普：蝙蝠侠的6套战甲,3569
8778777,BV1ex411y7Gh,3632,878,1487817102,2017/2/23,3133,08:00,2234,//i0.hdslb.com/bfs/archive/8cdaab032468afcad24e0f34172b26b5bf2e98bc.jpg,654132,1410,10:31:42,5分钟看完《金刚狼》所有电影,2085
8643222,BV1ex411277o,6418,1300,1487211734,2017/2/16,2660,09:51,2660,//i1.hdslb.com/bfs/archive/cf912cd6c1e5ee7738c5fcafe6e051e68a6ffa58.jpg,756868,1715,10:22:14,惊！手撕钢铁侠《浩克世界大战》上篇,3063
8496615,BV1Zx41117SG,7106,2325,1486605492,2017/2/9,7067,09:32,4980,//i0.hdslb.com/bfs/archive/4758706cf49ea83b27fc0cc61ad7e00310d3bcef.jpg,1012158,1054,9:58:12,漫威DC互相抄袭的6名角色,5580
8348135,BV18s41187a4,5255,1370,1486005097,2017/2/2,6851,10:28,3143,//i2.hdslb.com/bfs/archive/6c4bf83ab3612d72bb9f6238b95777c50e0a7cb0.jpg,975981,1740,11:11:37,漫威蜘蛛侠的20套战服，你知道几个？（下）,4034
8226979,BV1ws41187NK,10109,1061,1485399274,2017/1/26,10515,09:33,5393,//i0.hdslb.com/bfs/archive/e0f706cfc02364503bb3f0599261216d8167a1c8.jpg,1155930,2179,10:54:34,漫威蜘蛛侠的20套战服，你知道几个？（上）,5233
8123924,BV1ws411a75A,2126,966,1484923189,2017/1/20,2187,40:53,776,//i1.hdslb.com/bfs/archive/e73c1c4e681169d204cedd1c2d5b23a2421a695e.jpg,619094,906,22:39:49,我养了条假的拉布拉多，没有「可能」,2030
8091931,BV1Qs411h7K1,37304,2267,1484799479,2017/1/19,13369,08:36,6899,//i0.hdslb.com/bfs/archive/ba70e2e34bee036c232c81cb3ffc6ba7334fef6c.jpg,1372766,3543,12:17:59,漫威最强婚礼，死侍结婚了！,7788
7966772,BV1Ws411h7QU,5557,1133,1484190773,2017/1/12,4452,08:46,2667,//i2.hdslb.com/bfs/archive/5dc973f2ef0f85f01de6a65957212a594d9ce75f.jpg,728195,1517,11:12:53,漫威的死侍结婚了？和谁？（上篇）,4377
7859146,BV1ns411Y7zB,7795,1168,1483585749,2017/1/5,7932,10:46,4227,//i1.hdslb.com/bfs/archive/55439104cfb083492f5bcedc1e8b55374993db9d.jpg,1324910,2538,11:9:9,能打过万磁王？钢铁侠的10套经典战甲（下）,4498
7746083,BV1Zs411a7TC,6480,735,1482983064,2016/12/29,7417,07:57,3658,//i2.hdslb.com/bfs/archive/3db5ee639a512fa5f4ed7b15b20b39300f95c7d9.jpg,1148796,2918,11:44:24,【科普】钢铁侠的10个经典装甲（上篇）,2718
7671121,BV1as411a7Zz,16597,1127,1482559156,2016/12/24,8707,14:59,5125,//i1.hdslb.com/bfs/archive/dedbc1d35e215e6f01d1dfb22a16b45416dcef79.jpg,1107744,3478,13:59:16,金刚狼之死（下篇）,7323
7533679,BV1ps411e74j,4838,1197,1481772709,2016/12/15,3888,06:37,3283,//i1.hdslb.com/bfs/archive/5cfab2e502d1af44762ff3d531effda3dbcf4cb7.jpg,970081,1414,11:31:49,美国队长的盾牌碎过几次？你肯定猜不到,2728
7432286,BV1Ds411Y7r7,6404,3165,1481168671,2016/12/8,5413,09:26,7038,//i2.hdslb.com/bfs/archive/625c796cb2b0d6c647a10dae8f9457780a823ced.jpg,1642823,1298,11:44:31,钢铁侠变丧尸，漫威丧尸英雄传！ 最终章？,3262
7331023,BV1Ls411s7nS,5223,695,1480568301,2016/12/1,5786,06:56,4119,//i0.hdslb.com/bfs/archive/23de1a5edcf7131d2af12f89bf1908d5a2f195e5.jpg,1032533,3230,12:58:21,金刚狼之死（上篇）,1995
7231826,BV11s411W7Yc,4160,1626,1479964847,2016/11/24,3102,24:05,4152,//i2.hdslb.com/bfs/archive/1317226364c04f4e60a860175ed27bf2e1dc1ecc.jpg,1285051,1102,13:20:47,钢铁侠变丧尸？漫威丧尸英雄传！ 第9章【Lorre】,1995
7132895,BV1Ls411W7z9,4516,720,1479360980,2016/11/17,3873,06:39,5329,//i2.hdslb.com/bfs/archive/1f51871c254b02d10e435fc2d0f52809163216b7.jpg,1296900,1306,13:36:20,蜘蛛侠的最后反击，漫威丧尸英雄传！ 第8章【Lorre】,2726
7039521,BV1ts411x7jz,6505,581,1478773308,2016/11/10,3399,07:33,5042,//i0.hdslb.com/bfs/archive/1f074b8cfe7d6691826d58b56ec5109a4db1ce3e.jpg,1147232,1161,18:21:48,人尸之恋？漫威丧尸英雄传！ 第7章【Lorre】,2215
6943815,BV1fs411s7Wv,3764,550,1478177690,2016/11/3,3429,06:07,2079,//i0.hdslb.com/bfs/archive/4b0657a54a26401d893aeb4c0774a597686dc2f9.jpg,708703,1559,20:54:50,《奇异博士》10个干货知识，观影前必备【Lorre】,2062
6941862,BV1os411s7eT,5354,900,1478169251,2016/11/3,3292,08:28,4998,//i0.hdslb.com/bfs/archive/d11373b640777e26787504a52ed1e11371edd6cb.jpg,1100617,1244,18:34:11,钢铁侠变丧尸？漫威丧尸英雄传！ 第6章【Lorre】,2924
6846026,BV1bs411s7JJ,7513,912,1477561692,2016/10/27,4699,08:24,5432,//i0.hdslb.com/bfs/archive/442ffd5e388ac66b2f0e768a7cd18b50e2ad1408.jpg,1304116,1453,17:48:12,钢铁侠变丧尸？漫威丧尸英雄传！ 第五章【Lorre】,3336
6750675,BV1Qs41147Kn,6994,673,1476954286,2016/10/20,3468,08:20,5824,//i1.hdslb.com/bfs/archive/0890d5f2bcacffecf7acfc4eaca2b5569105affe.jpg,1176721,1381,17:4:46,钢铁侠变丧尸？漫威丧尸英雄传！ 第四章【Lorre】,2418
6658293,BV1Hs41147xF,6902,929,1476347388,2016/10/13,6031,12:24,5011,//i0.hdslb.com/bfs/archive/a4d6ad0c4c57e8144c71a5d0c0f4e30f65bd69a5.jpg,1399013,1848,16:29:48,宇宙之神被打败？漫威丧尸英雄传！ 第三章【Lorre】,3544
6565811,BV1Xs411x7HE,6639,757,1475742081,2016/10/6,4747,06:06,6784,//i2.hdslb.com/bfs/archive/a7ea4f525576e34e98c61fd04559089a2b5f2f41.jpg,1340978,1741,16:21:21,钢铁侠变丧尸？漫威丧尸英雄传！ 第二章【Lorre】,2584
6469732,BV1Ns411b7EW,8123,1021,1475224184,2016/9/30,7763,09:37,9287,//i1.hdslb.com/bfs/archive/ebbc61535e21ab3e0c986d6895273693e1645371.jpg,1489683,6553,16:29:44,钢铁侠变丧尸？漫威丧尸英雄传 第一章,4918
6384750,BV1ts411t7re,2889,169,1474623519,2016/9/23,2390,10:29,1771,//i0.hdslb.com/bfs/archive/4b32859a605e44e346c973e8b647f2ef060358b6.jpg,460437,290,17:38:39,哈莉奎因袭击DC公司总部？与毒藤女的闺蜜之夜~第7-10章【Lorre】小丑女？,998
6384201,BV1bs411t7M4,2654,486,1474620627,2016/9/23,1343,14:43,1257,//i0.hdslb.com/bfs/archive/15dc9a6460659a5339069f9092cd7ab71a2203e2.jpg,256428,250,16:50:27,威震天如何成为《变形金刚》最强反派？有声漫画第二章【Lorre】,1325
6282477,BV1ps411r7bK,3062,644,1473904102,2016/9/15,1941,12:12,1590,//i2.hdslb.com/bfs/archive/078fe48f4a13fc596cd5ca8dd128cc9aa4960c15.jpg,311692,572,9:48:22,威震天如何成为《变形金刚》最强反派？有声漫画第一章【Lorre】,1792
6080887,BV1Hs41167Vm,5033,474,1472530418,2016/8/30,4010,09:10,2395,//i0.hdslb.com/bfs/archive/339e4c515e683b034713f84df8b495fdd7287104.jpg,658439,532,12:13:38,死侍什么鬼？老娘也能打破第四面！哈莉奎因 第0-2章【Lorre】【小丑女？】,1359
5852275,BV1Qs411r7hn,4944,409,1471350059,2016/8/16,2869,19:50,1939,//i1.hdslb.com/bfs/archive/0c95a6c24076a3ae433b4a484c3de2eb2b725d28.jpg,446298,670,20:20:59,《自杀小队》有声漫画，哈莉奎因的情爱故事？【Lorre】,1761
5626476,BV1Ws411C7QW,23433,1375,1470202743,2016/8/3,9610,27:53,5769,//i2.hdslb.com/bfs/archive/647f477557c2a64bec6f954b7bfe14ec1b0403df.jpg,709185,5528,13:39:3,小丑最经典漫画《致命玩笑》,6216
5201532,BV1Ds411v7Vc,6729,804,1467636047,2016/7/4,8181,17:34,3206,//i1.hdslb.com/bfs/archive/070a7c2ca48b4459d452a30093d914079a14cd6a.jpg,649728,2025,20:40:47,哈莉奎因最经典起源漫画《疯狂的爱》【Lorre】,3969
5101594,BV1ns411v7uW,4420,777,1466928218,2016/6/26,4494,18:51,6542,//i0.hdslb.com/bfs/archive/0451b8b04cc9d62a02cff292bef0c785f448969b.jpg,1145814,1999,16:3:38,《死侍Vs灭霸》谁才是漫威最强？【Lorre】,2525
