﻿aid,bvid,coin,comment,created,date,favorite,length,like,pic,play,share,time,title,video_review
796019152,BV1bC4y1a7uf,1345,466,1592051436,2020/6/13,860,04:53,17767,//i0.hdslb.com/bfs/archive/06244a9abf0024af20705a01c7c89f03b0d7a8ea.jpg,160115,136,20:30:36,这个世界究竟对懒人有多好？,751
710896855,BV18Q4y1P7y4,1144,690,1591873249,2020/6/11,734,05:40,13584,//i1.hdslb.com/bfs/archive/56d333ece163c12a453a809603045f5e11290931.jpg,112727,143,19:0:49,为什么你们人类每天都这么焦虑？｜004,943
583489736,BV19z4y197He,4403,3025,1591786828,2020/6/10,2352,07:23,30261,//i2.hdslb.com/bfs/archive/b8dd9a4649569b11844f5d7149bad5de41738663.jpg,368400,503,19:0:28,现场探访唐人街，美国华裔当下的真实处境如何？,2595
455885805,BV1z5411p7os,1756,1337,1591700446,2020/6/9,1153,07:03,18580,//i2.hdslb.com/bfs/archive/27f91a839bfc04b3e5a3c484c807e687fc66b2d7.jpg,196052,193,19:0:46,美国的和平抗议者如何看待暴力示威打砸抢？,2194
625881434,BV1Kt4y1y7xo,6018,1479,1591527617,2020/6/7,1839,06:00,35666,//i1.hdslb.com/bfs/archive/05d215fd3fcd13a7edc5f1b780dff886362423fe.jpg,348971,218,19:0:17,外国人是怎么教外国人用筷子的？看完我都不会用筷子了,5000
540989070,BV1Gi4y1x7ui,20616,5495,1591185951,2020/6/3,7968,08:13,73040,//i1.hdslb.com/bfs/archive/ae5e3f09c0aa28a9de362b6e5b627594d9b52a80.jpg,1007522,2432,20:5:51,连线美国抗议的黑人朋友，为什么亚裔和白人也在现场？,10127
540881372,BV1Si4y1s74J,10168,5776,1591011223,2020/6/1,5153,06:10,65253,//i2.hdslb.com/bfs/archive/17e5abf368e6668bed7ce787c07594b74e9f4560.jpg,951013,1530,19:33:43,为什么美国黑人遭受的警察暴力越来越可怕？,6560
968274216,BV1Tp4y1X7rU,10525,1656,1590663625,2020/5/28,3204,07:34,54434,//i0.hdslb.com/bfs/archive/ba0ea0b54b39212b19d30a13f7b0652d421185ed.jpg,608363,377,19:0:25,海外点评上的中餐厅差评有多奇怪？我笑傻了！｜读评论,4352
968364998,BV19p4y1S7Cu,12999,1193,1590147131,2020/5/22,3151,06:21,41218,//i1.hdslb.com/bfs/archive/11fb447500813bc281ba6dec8204672d50c22155.jpg,262073,331,19:32:11,感谢！！中国朋友们在疫情期间是如何帮助全世界的？,1577
370716378,BV1aZ4y1p7dx,4103,3154,1589688003,2020/5/17,1823,10:26,30209,//i0.hdslb.com/bfs/archive/27377a6a86e4379fcd7032abbf46cc4ee267e0ea.jpg,481492,679,12:0:3,青春有你2在海外有多火？外国人最pick哪个小姐姐｜读评论,11436
668232285,BV1na4y1e7qp,9657,952,1589454024,2020/5/14,1949,07:04,31150,//i2.hdslb.com/bfs/archive/bd46a769521c825ee88f34333071d23a4eccc7f0.jpg,198697,178,19:0:24,一年没见到85岁的奶奶，决定做疫情志愿者给她惊喜,1433
795706056,BV1FC4y1p787,17466,1500,1589194845,2020/5/11,5318,04:36,59980,//i0.hdslb.com/bfs/archive/b4f0c3353927952d1250557d74faea2a40aed857.jpg,577978,1398,19:0:45,用川普的讲话串成一个故事，会是什么样？｜003,2235
413021568,BV1iV411d7t7,5153,874,1588676415,2020/5/5,1856,04:16,41725,//i2.hdslb.com/bfs/archive/d5c5374677491a403ffdb1efdc13670b3324a85c.jpg,409722,355,19:0:15,外国人在中国最沙雕的时候是什么？｜002,3067
540504500,BV1Ki4y1b7so,10237,1595,1588590054,2020/5/4,3159,09:53,51620,//i1.hdslb.com/bfs/archive/5a3df710eda8e8c8b49a5a61267ba853653cfe69.jpg,464971,1606,19:0:54,被星悦远程操控的一天，做女生到底有多难？,11910
882972133,BV16K4y1b7md,10248,1270,1588244455,2020/4/30,2781,09:01,49816,//i0.hdslb.com/bfs/archive/2af28526ec15da5ab602698c20b090188cd4a15e.jpg,503837,1005,19:0:55,太想北京了！我终于回来了！,6416
455476820,BV1K541147j6,2430,1757,1588158007,2020/4/29,1238,03:49,36854,//i1.hdslb.com/bfs/archive/012288a65204694f6159aee2b482858f14b07858.jpg,494076,390,19:0:7,中国小学生一米帽在海外火了，究竟是因为什么？,3041
710267800,BV1rQ4y1K7Ea,45556,1886,1587380432,2020/4/20,7455,09:26,60060,//i2.hdslb.com/bfs/archive/09a438ecf16806ce35f76090dde16915220a2951.jpg,357232,820,19:0:32,在海外做新冠核酸检测志愿者，这个工作真的很危险么？,3536
412814277,BV1VV411Z7AG,12105,2123,1587121222,2020/4/17,4098,08:33,39480,//i0.hdslb.com/bfs/archive/3ccd4543958be0dc056859af7d68c9c5452d8e31.jpg,325564,1024,19:0:22,世界静止的三十天,4058
840202456,BV1F54y197Ca,6751,3246,1586602837,2020/4/11,2509,13:23,46047,//i1.hdslb.com/bfs/archive/af3910817108abbbfe7a5d428500359693a008b0.jpg,468866,711,19:0:37,连续14小时挑战中国小学生网课，我不配做个小学生？,11218
497644487,BV1tK411L7ov,31370,11151,1586430030,2020/4/9,8268,11:36,86228,//i0.hdslb.com/bfs/archive/04b3af2ecd35531faadf74a7f0ec46952803d9e5.jpg,924086,2444,19:0:30,美国疫情全景实拍，街头流浪汉在过怎样的生活？|新冠肺炎,23089
99535219,BV1Z7411C7En,19201,5445,1585306836,2020/3/27,10049,11:30,82795,//i0.hdslb.com/bfs/archive/bffa50824dd44527b4a66a371e77b451e53cef29.jpg,972672,802,19:0:36,海外疫情新闻下都有什么网友评论？大开眼界！｜读评论,12399
99192978,BV1N741117n8,9565,1892,1585220438,2020/3/26,3681,09:51,52658,//i0.hdslb.com/bfs/archive/ddfd1758aa780c6b81c4d0116f3f335a5a54d73f.jpg,565318,1986,19:0:38,世界各国都有哪些关于新冠肺炎的谣言？我看呆了！｜TOP 5,15832
98061355,BV1vE411c77K,144850,3938,1584849654,2020/3/22,21556,08:20,146408,//i1.hdslb.com/bfs/archive/ac398140da3b603aa9635860d10fb06109c88820.jpg,980084,6210,12:0:54,把马云防疫手册送给以色列医生，然后我成了马云的朋友｜新冠肺炎,14525
97125695,BV1f7411d7KP,32645,12426,1584537604,2020/3/18,10524,04:56,162636,//i2.hdslb.com/bfs/archive/9a48f9dbbaa6e46574f6ff6149c759d5ae6fabb1.jpg,2419017,2161,21:20:4,意大利朋友告诉我，一定要把这个视频给中国朋友看！｜新冠肺炎,22912
95478871,BV15E411L7EM,31021,4277,1584010852,2020/3/12,8634,10:35,124263,//i0.hdslb.com/bfs/archive/f183726b06f8616a9003fbca485b39d01dc3ce6e.jpg,1674883,1765,19:0:52,海外最火的中国歌曲有哪些？我竟然一首都没听过｜读评论,33066
94004329,BV1UE411W7Kw,22319,14320,1583492437,2020/3/6,8977,07:32,70387,//i2.hdslb.com/bfs/archive/5751393b08a60ed908535569f297d514a36785be.jpg,653106,7661,19:0:37,世界上真的有一辈子都不用花钱的地方么？| 我朋友,11271
90222016,BV147411A74T,261086,8069,1582171229,2020/2/20,73609,08:10,267217,//i2.hdslb.com/bfs/archive/43512ea01c4ae9ff863b2ab52f3a7df1a5d00353.jpg,2109626,36685,12:0:29,疫情时期的海外华人到底经历了什么？｜新冠肺炎,39564
86799858,BV1r7411n7kL,425653,13326,1580875241,2020/2/5,70296,09:07,337628,//i2.hdslb.com/bfs/archive/53c3d08bae22605f69c7ba17f22baa3c5867a7c4.jpg,1714294,13531,12:0:41,10万口罩从海外送到中国有多难？1吨医疗物资送往黄冈全记录｜新冠肺炎,39573
85549192,BV1b7411z75o,992086,24673,1580292036,2020/1/29,178955,09:15,762450,//i1.hdslb.com/bfs/archive/d052590c31ac7f6134c5f40f078cfe75687cc0c4.jpg,3575025,30347,18:0:36,从以色列找到10万只口罩直接送到湖北，湖北加油！｜新冠肺炎,98582
84427254,BV1C7411Y7rB,8427,1241,1580209229,2020/1/28,2534,06:40,44702,//i2.hdslb.com/bfs/archive/2f31d6678781a0624224131ff5e7a32f95561bd4.jpg,635427,1101,19:0:29,为什么外国人一提到中国就想到中国功夫？,4915
85071106,BV1e7411k7AL,73392,3874,1580036413,2020/1/26,21134,07:52,192444,//i1.hdslb.com/bfs/archive/f33cb8a227d95350c83d0700635c36934e7ac176.jpg,2204115,6416,19:0:13,国外知乎上关于中国最火的问题是哪些？｜读评论,31774
84529655,BV1L7411e7MM,10539,1564,1579690830,2020/1/22,3389,06:33,58737,//i2.hdslb.com/bfs/archive/0987fd318c5decbba03f7f5290f187af6865387a.jpg,1054394,1334,19:0:30,自从这群歪果仁疯狂吐槽中国春节以后。。。,6084
84391892,BV1W7411i7gT,12364,1204,1579604414,2020/1/21,3507,05:26,48877,//i1.hdslb.com/bfs/archive/8caf49ab85b3d84443db12055424d8077d54602f.jpg,776011,2108,19:0:14,“妈，我找了个美国女朋友！可以带她回家过年么？”【第二季】,6756
84232992,BV1W7411v7kH,47029,2630,1579518050,2020/1/20,11272,08:33,64514,//i1.hdslb.com/bfs/archive/2a3f28af47d1be890d9aa498b4e6372845b154f5.jpg,671341,2027,19:0:50,外国人该用什么态度看中国？歪果仁研究协会2019年度总结,6360
84093733,BV1a7411q79C,12375,849,1579431630,2020/1/19,2757,10:04,29331,//i1.hdslb.com/bfs/archive/0ad8935fa24a1a9264b84459a737710325f127fe.jpg,341303,1186,19:0:30,参加十几万人中国工厂的年会，我怎么哭了？！,3003
83650071,BV1aJ41177sr,5683,634,1579172434,2020/1/16,1624,09:29,20835,//i0.hdslb.com/bfs/archive/0a2b26c158d4572b3363925e7f782083935fe931.jpg,259249,1120,19:0:34,在巨型工厂做工人，我发现了中国工厂的惊人秘密？！,2502
83514945,BV1aJ411J7Pm,12434,1538,1579088390,2020/1/15,3795,06:29,53653,//i2.hdslb.com/bfs/archive/71830b556d0e9c3f871de5345d06d918b0016b4a.jpg,763081,1508,19:39:50,外国人在中国什么时候最孤独？｜001,4637
83237209,BV1oJ411n7bh,4093,1192,1578913233,2020/1/13,1893,04:01,33602,//i0.hdslb.com/bfs/archive/3e22f21e65f2c2e172fef09f2472c985b97788f9.jpg,631141,1207,19:0:33,被爸爸绑架到全山东最大的中国工厂，谁来救救我？,2284
82681394,BV1kJ411G7fy,4393,958,1578567685,2020/1/9,1307,08:52,22929,//i1.hdslb.com/bfs/archive/1410f494b5a789bf4aacf8a6a1f7426e25107861.jpg,429343,960,19:1:25,太南了！外国人做一天中国艺人的助理会发生什么？,1794
81753561,BV1EJ41187HF,10966,1915,1577962857,2020/1/2,2353,08:55,32749,//i1.hdslb.com/bfs/archive/75820b9a306f68ef31d5bc64726c7aa7634b6911.jpg,472630,1185,19:0:57,自从这群歪果仁在中国立flag以后。。。,6279
80837943,BV1zJ411Y7Bw,43138,1534,1577444459,2019/12/27,9575,10:28,70037,//i1.hdslb.com/bfs/archive/8033e2be8d712d3b315f863c723f104605246f81.jpg,1187536,2057,19:0:59,走进非洲有钱人的豪宅，有钱人的生活有多枯燥？,7571
80751190,BV1WJ411Y7uW,3973,891,1577358066,2019/12/26,1512,08:16,21955,//i1.hdslb.com/bfs/archive/c95031de2d0d88283c0edd5ed2df4f1768a17c5c.jpg,406766,1243,19:1:6,澳门人的英语口语水平如何？假装不懂中文问路考验一下…,2946
80633304,BV1YJ411W7TB,4650,1300,1577273856,2019/12/25,1730,06:16,26327,//i2.hdslb.com/bfs/archive/1fc8f59c88ab85ea7da808fb622b881fb159d661.jpg,640279,1396,19:37:36,肯尼亚最便宜的手机80块，最受欢迎的品牌从没听过？,3345
80338897,BV1CJ411s7tn,24537,884,1577099907,2019/12/23,4116,10:18,31930,//i1.hdslb.com/bfs/archive/fb61192e442807200e9d65fedbe4700b9f020cbb.jpg,333377,1208,19:18:27,大草原上追踪狮子，和世界上仅存的最后两头白犀牛抢吃的？,2677
80066351,BV1GJ41147pM,8129,1044,1576926008,2019/12/21,2133,10:43,26338,//i2.hdslb.com/bfs/archive/5e237b2410c4250d779c8df6f65ddf2af8b137f8.jpg,435987,1385,19:0:8,探秘非洲穷人聚集的地方，真的那么危险么？,4684
79858451,BV1UJ411t7Uh,2819,657,1576755917,2019/12/19,1061,06:51,18648,//i2.hdslb.com/bfs/archive/72be03a48550ec3f608eba8a91218b809524d82b.jpg,404404,1048,19:45:17,非洲的夜店是全世界最土嗨的夜店！,2482
79596389,BV1RJ41167MQ,6011,1099,1576580111,2019/12/17,1641,09:11,25633,//i0.hdslb.com/bfs/archive/93205f0f15a22753dbfcef040c149548a8325553.jpg,458310,1463,18:55:11,非洲人的假发全靠中国进口？最火的中国产品竟是她…,10237
79476941,BV17J41167YC,33432,1633,1576493743,2019/12/16,4906,08:34,47959,//i2.hdslb.com/bfs/archive/6e4dabf8338dd4c951f25d567ccb45853e1570e9.jpg,459520,1265,18:55:43,将100双中国球鞋带到非洲贫民窟，帮助那里的孩子们,5100
79334021,BV15J411k7Zh,18504,2765,1576407317,2019/12/15,5402,09:20,60251,//i2.hdslb.com/bfs/archive/4a7fd2f1f729db8e00d65f75c63789a2ede4d6ca.jpg,1060808,2619,18:55:17,非洲警告！我被卖给了非洲原始部落…,8579
79206618,BV1iJ411r7wD,35537,2813,1576321232,2019/12/14,12041,01:45,143246,//i1.hdslb.com/bfs/archive/112c85c353682efa7e5f5237afc9f100525cb7e1.jpg,3204940,7168,19:0:32,【歪一旦】偶遇一位外国友人，帮他完成了一个心愿,5209
78995429,BV1cJ411C72r,3115,809,1576159430,2019/12/12,1064,08:44,19804,//i2.hdslb.com/bfs/archive/8479ba91d4b9f2e0481186348df3ca086b6286ae.jpg,315513,989,22:3:50,百大UP主打扮成沙雕混进BML，会被粉丝认出来吗？,2378
78880821,BV1JJ411175K,99095,7127,1576061974,2019/12/11,30793,09:11,123403,//i1.hdslb.com/bfs/archive/ec2330273dda0ce21eee712d719cdae46bb6545e.jpg,1696827,8020,18:59:34,为什么会有这么多外国人喜欢李子柒？,7647
78236751,BV14J411i7tz,2061,927,1575630036,2019/12/6,1367,09:45,14261,//i2.hdslb.com/bfs/archive/9c8b5346e6d9fc5824777a8850d333575a5d2578.jpg,293843,1245,19:0:36,成为星悦的高中同桌是种什么样的体验？,4449
77936417,BV1mJ411q7AP,3197,851,1575372597,2019/12/3,1504,06:55,21878,//i0.hdslb.com/bfs/archive/b52a12635c07e630b78a1bc3fc9ddaf415c094ce.jpg,372536,980,19:29:57,你最想进入到谁的身体里？巨石强森的答案竟然是…,1394
77412836,BV1GJ411Q7mi,3337,524,1575025258,2019/11/29,905,07:37,13716,//i2.hdslb.com/bfs/archive/4e952b2f84c1bf757ffa4e04f63ee23df84d1543.jpg,208412,906,19:0:58,做星悦的一只猫是种什么样的体验,1904
77082514,BV13J411X7XT,40652,3227,1574766335,2019/11/26,9621,08:46,69669,//i1.hdslb.com/bfs/archive/be60610b40b7482daaa147b472ca719a2c0e56ed.jpg,769767,2127,19:5:35,自从这群歪果仁被中国人误解以后。。。,7387
76574568,BV1mJ411R7XR,761,499,1574420439,2019/11/22,614,08:48,9655,//i0.hdslb.com/bfs/archive/11a4e91e8a9b62bc1efd34b7c6e422f2da7b59ba.jpg,155876,859,19:0:39,和星悦灵魂互换是种什么样的体验,1140
76473079,BV15J4112799,7396,1296,1574334307,2019/11/21,2168,08:11,31042,//i2.hdslb.com/bfs/archive/3cd71a063bf7cf0952add951fedb9335cf683d51.jpg,511165,1259,19:5:7,挑战北京出租车司机！扮演10国外国人看看他们反应？,5558
75739575,BV1CJ411D73m,2210,797,1573815621,2019/11/15,1088,10:03,15675,//i1.hdslb.com/bfs/archive/791a263d720e488c1dcd226791a518776ea75d8e.jpg,335851,1060,19:0:21,外国小姐姐中餐厅当主厨！想吃她做的菜么？,2822
75638254,BV13J411D7x6,15855,1004,1573729553,2019/11/14,3936,06:54,48125,//i0.hdslb.com/bfs/archive/72996d562e15ae7ce3c328a5462fc0ba1c55befd.jpg,712885,2443,19:5:53,造价800亿的大兴机场，厕所怎么样？,5711
75068877,BV15E411v7j5,16096,1256,1573298541,2019/11/9,4020,08:28,49657,//i0.hdslb.com/bfs/archive/4ed80ffffeb704489844ad15162dc995f5eb170c.jpg,850075,1663,19:22:21,评论笑岔气了！美国亚马逊上最火中国产品果然有它！（下）｜读评论,6730
74948198,BV14E411q7Qc,4211,624,1573210833,2019/11/8,1450,12:37,17211,//i0.hdslb.com/bfs/archive/0167904868137f6c55a6e11ba8aad62b4f79a6de.jpg,250026,1145,19:0:33,如果你是客服，遇到了这样的顾客你会……,2753
74864264,BV1XE411i7nT,28726,2119,1573124427,2019/11/7,7695,09:46,84722,//i1.hdslb.com/bfs/archive/8fa43ce67529d5ee9fd46a3a15f4a74a4d8c7454.jpg,1405728,3152,19:0:27,美国亚马逊上最火的中国产品竟然是这些？！评论笑岔气了！｜读评论,18820
74652035,BV1BE411B75j,10128,2611,1572952219,2019/11/5,2987,08:04,25710,//i0.hdslb.com/bfs/archive/a1aad036d328b52265ba2e84c70bd27c02c306f3.jpg,279967,1313,19:10:19,找到各国校园霸凌的受害者，听听他们的讲述,3768
74136395,BV1qE41187jZ,3050,1189,1572606023,2019/11/1,1434,11:39,16989,//i2.hdslb.com/bfs/archive/1afd2766ddb0735ffcf08fcc0c01102760b192c7.jpg,418243,1151,19:0:23,岁月套路深！这些东西20年前中国真的全都没有么？？,4938
73821983,BV1hE411h7n9,5103,1174,1572347136,2019/10/29,1826,07:20,23073,//i2.hdslb.com/bfs/archive/3a2933171a8ce6c068432678539deab798ad6a67.jpg,391351,924,19:5:36,自从这群歪果仁神预测5G时代的中国以后。。。,2283
73339859,BV1HE41117iz,3118,741,1572001258,2019/10/25,1643,09:06,15147,//i0.hdslb.com/bfs/archive/f5bdf6548ce06fbcd3e51f6048b53e8e625a3d4d.jpg,295969,1072,19:0:58,救命！我刚从2009年穿越过来！【互动】,3206
73262290,BV1mE411y7Gc,257811,3052,1571915208,2019/10/24,47284,11:09,192872,//i0.hdslb.com/bfs/archive/3342bd5ee85f89b7b7c0b2074695a1d22e443640.jpg,1092912,3871,19:6:48,请一位90岁的老兵第一次来北京看升旗｜别见外,15914
70882911,BV1oE411o7pn,74842,3915,1570796135,2019/10/11,16345,06:57,123079,//i1.hdslb.com/bfs/archive/d73083e0f9c89befae0a944460441923354bb070.jpg,1525843,2455,20:15:35,自从这群歪果仁误解了中国以后。。。,7954
70574665,BV19E411Z7bg,2795,551,1570534344,2019/10/8,1863,04:56,19570,//i1.hdslb.com/bfs/archive/68d795de746a92a8f2a6a047476b336adc5e340d.jpg,361460,1067,19:32:24,【番外】某伦回归带逛牛津，中英大学竟有这么多差别！,1748
70438552,BV1QJ411F7F3,3785,905,1570446335,2019/10/7,2128,05:20,21247,//i0.hdslb.com/bfs/archive/092c51808f5c12e7eca1d4ef091ed8cbf1864f10.jpg,372389,1189,19:5:35,一语道破天机！中国人学英语的问题都在这里！,1543
69830220,BV1YE411Q7tu,9878,1613,1570100458,2019/10/3,2876,07:40,42525,//i1.hdslb.com/bfs/archive/db940ef3617a2fca41c5c83efdd2682546c12cf1.jpg,779764,1285,19:0:58,自从这群歪果仁被中国速度吓到以后。。。,8151
69504334,BV1YE411X7V3,16510,1477,1570014325,2019/10/2,2777,08:47,31569,//i0.hdslb.com/bfs/archive/dbb43e49f3f16f952904756a5f30fa12dca323a4.jpg,381452,1203,19:5:25,十年前最穷的中国农村，现在什么样？（二）,4542
69057905,BV1pJ411T7qv,47236,3755,1569507845,2019/9/26,7122,07:46,58527,//i1.hdslb.com/bfs/archive/d3cff0bade8ea0488a74be4c9bd8053e11b8ab26.jpg,556556,1549,22:24:5,十年前中国最穷的农村，现在什么样？,8646
68102500,BV18J411w7Vf,7065,2623,1568729936,2019/9/17,2060,04:56,29792,//i2.hdslb.com/bfs/archive/985fbe35e858e4593ea7ec597ed2948c019b7354.jpg,631093,1573,22:18:56,自从这群歪果仁沉迷周杰伦的歌以后。。。,3909
67493503,BV1eJ411P7aC,9046,1096,1568296745,2019/9/12,2098,09:43,31252,//i2.hdslb.com/bfs/archive/5f732add437bcdc8d694acf9c2a11fffc57b15b3.jpg,521321,1281,21:59:5,外国人拜师广场舞大爷，北京vs上海广场舞谁更厉害？,5195
67402343,BV1TJ411P7PM,8857,2331,1568215943,2019/9/11,3539,03:58,46938,//i0.hdslb.com/bfs/archive/92306ebcfa2c39ad8574942a1909b2a964fa0c89.jpg,989236,1238,23:32:23,外国人看中国医生写字：这是汉字吗？,6196
67274873,BV1EJ411K71w,118601,6774,1568112956,2019/9/10,22444,15:06,123555,//i1.hdslb.com/bfs/archive/cb14a3435c13c74e56bc3ba86c2b3524b0d9d55e.jpg,1501300,3038,18:55:56,高佑思叔叔归来，有一些话想要和大家说。,31630
67172538,BV1qJ411N7Yx,34500,2035,1568026670,2019/9/9,7925,06:29,66320,//i1.hdslb.com/bfs/archive/2ffca661c59b6b338d69bd0c25eaf97842abf957.jpg,918287,2577,18:57:50,采访香港警嫂，竟有1000多名警察家人信息被泄露？,3721
67084752,BV1y4411C7Ae,30902,2609,1567948361,2019/9/8,7353,07:15,62073,//i2.hdslb.com/bfs/archive/aa4a3c79a4cbe204b210c86621666dbeffe6cefa.jpg,1220349,2689,21:12:41,采访香港6个不同职业的普通市民，他们如何应对混乱？,4985
66979495,BV134411C7GM,37203,2659,1567871644,2019/9/7,9881,06:15,78566,//i1.hdslb.com/bfs/archive/9836478985e5d0764803bae0c1a828fe466b2a64.jpg,1585389,4259,23:54:4,香港硬核出租车司机吐槽混乱，他会带我去哪里看？,6409
66825014,BV1P441117vk,73091,3599,1567770423,2019/9/6,16119,06:36,112199,//i2.hdslb.com/bfs/archive/877c89b49048da5ace5a0d2f295d4e552b76ca90.jpg,1462848,4688,19:47:3,破坏严重的香港地铁！为什么要影响其他人的生活？,7235
66724105,BV1e4411y7US,134921,5206,1567689593,2019/9/5,30894,07:54,190967,//i1.hdslb.com/bfs/archive/62480e7c37a3d6d371e87090cfd5de0361493457.jpg,2847738,7917,21:19:53,十年来最冷清的香港机场，有些害怕的旅客,20265
66592980,BV194411C7C3,168438,7224,1567594847,2019/9/4,39126,02:28,230307,//i2.hdslb.com/bfs/archive/d8181bc3bef5a4f46b5479bf6f05f8c087afbf3c.jpg,3276185,5168,19:0:47,“大家好，我要去中国香港了！”,14239
66213906,BV1M4411m797,18883,2213,1567310448,2019/9/1,5397,11:25,33446,//i1.hdslb.com/bfs/archive/7785adf6e4f986516c6bb399e1414acfdf82b931.jpg,418191,2344,12:0:48,给一座城市的北大新生送录取通知书｜别见外,6525
66031133,BV1E4411B7MK,6547,1056,1567165266,2019/8/30,1944,13:29,22689,//i0.hdslb.com/bfs/archive/84e1afd8eb365f44d100492c2fb6d41990f2a72f.jpg,348821,1696,19:41:6,广州塔出发让路人随意指路，可以再回到起点么？,7596
64889829,BV1f441197sg,12538,1939,1566473140,2019/8/22,3274,07:13,45584,//i1.hdslb.com/bfs/archive/f2664d19d7ac5de6e22e551a4950e710893be1f6.jpg,680121,1133,19:25:40,路遇粉丝就去她家里吃饭，中外家长的差别究竟有多大？,5742
64154075,BV1N4411f7jq,5896,3089,1566043746,2019/8/17,1800,07:43,28114,//i1.hdslb.com/bfs/archive/53c786a283644993043eb3da31fe446b542c852c.jpg,564139,1951,20:9:6,外国人和四川人PK普通话，究竟谁能赢？,6445
63851813,BV1t4411U7WP,19775,1570,1565868038,2019/8/15,4492,07:29,59551,//i2.hdslb.com/bfs/archive/d22eeac2c06c1d8ad9d4eac5a095a4b5138f9ae8.jpg,985331,1116,19:20:38,自从这群歪果仁在中国找工作以后。。。,6853
63554666,BV1z4411S7NW,9780,3561,1565694867,2019/8/13,3298,07:42,36765,//i1.hdslb.com/bfs/archive/21f453640088aa60944ffa13554571be2177ebb3.jpg,668768,2184,19:14:27,每一句话都既有中文又有英文，真的能把人逼疯吗？,5385
62677565,BV1Zt411P7ZK,56022,2821,1565185834,2019/8/7,17056,05:58,107002,//i1.hdslb.com/bfs/archive/d082db87f25a45461d41e64f8af508daf144a4fa.jpg,1084832,1908,21:50:34,面对抢注商标，这个UP主要刚到底了！,4900
62146459,BV1qt411T7KG,5774,1289,1564895356,2019/8/4,3590,07:28,33675,//i0.hdslb.com/bfs/archive/e3d198c5b5576f6074855bb8bb3edb7120936229.jpg,902502,1246,13:9:16,公开处刑！星悦和高佑思的英语口语谁更差？,4097
61924130,BV1gt411u7Yf,14644,1923,1564752610,2019/8/2,3669,09:40,32541,//i1.hdslb.com/bfs/archive/c26b46d950ecb85b0f13c0ba547645f38d65a94b.jpg,552912,1102,21:30:10,香港港真变化很大吗？外国父子十年后重游故地,5234
61761423,BV1Lt411F7oE,22209,5865,1564660619,2019/8/1,10262,06:10,77750,//i1.hdslb.com/bfs/archive/641cfef025d31cb0cba005a531199c3ee559e6e9.jpg,1626346,2230,19:56:59,自从这群歪果仁看了哪吒电影以后。。。,9441
58497220,BV1kx411Z7Pi,5607,984,1562674657,2019/7/9,1504,09:23,19156,//i1.hdslb.com/bfs/archive/7050556fe3116ecb6b35feedafe05498e3516018.jpg,369689,944,20:17:37,中英刺激转盘挑战，我竟然要做如此羞耻之事,5023
58234576,BV1A4411F74t,11276,1212,1562501929,2019/7/7,2367,08:32,26447,//i2.hdslb.com/bfs/archive/99ee378461422ae01dce46c66159a81f5c14e9e5.jpg,374711,890,20:18:49,去巴西贫民窟请孩子一起看球，贫民窟真的很危险吗？,4843
57600670,BV1dx411X7D3,126970,8250,1562067001,2019/7/2,28223,07:34,135338,//i2.hdslb.com/bfs/archive/c0e72405806c467b900f9158c5abcc067e7647d2.jpg,1322279,4424,19:30:1,中国是世界上最不诚信的国家？鬼才信！,13514
57528823,BV1vx411X76K,2663,644,1562011285,2019/7/2,735,13:03,11558,//i0.hdslb.com/bfs/archive/512e7d9e8e811032554a2a169433629a1243b569.jpg,173379,829,4:1:25,在巴西和200人一起完成的超级挑战，可以成功吗？,1461
57021473,BV1hx411d7Ub,5751,1637,1561633200,2019/6/27,2484,06:39,29724,//i0.hdslb.com/bfs/archive/7ad1f123555439ba1691eac49f7e6776a0c98356.jpg,887543,1335,19:0:0,自从这群歪果仁败给中国求生欲测试以后。。。,4080
56217121,BV1c441137k9,4292,1219,1561034377,2019/6/20,1425,06:01,21710,//i1.hdslb.com/bfs/archive/870d70cef7693e9c5d790818d1e7a2994bfe6669.jpg,553239,1296,20:39:37,在死海上推销中国痒痒挠，竟然发现了痒痒挠的新用途？,3529
55288086,BV1t4411K7KH,42240,2658,1560256972,2019/6/11,29558,09:23,86892,//i1.hdslb.com/bfs/archive/a5427e0d63862da13270e3d913aa88b535576b8a.jpg,1485900,8980,20:42:52,带荷兰弟看川剧变脸，为何他吓得一脸懵逼？,8055
54921558,BV154411T7ya,2960,892,1559991628,2019/6/8,1299,07:44,20132,//i0.hdslb.com/bfs/archive/cc974b037fe8d3b70a63115cfcde7b57e5bd89a0.jpg,721064,1029,19:0:28,把手工耿的眼镜卖给犹太人，能挣多少钱？,2745
54633387,BV1b4411M7Tg,4229,2245,1559731750,2019/6/5,1702,07:31,17312,//i0.hdslb.com/bfs/archive/d53660869764444ba151957444748410b57c8dbb.jpg,479166,929,18:49:10,售价25元的诸葛亮扇子可以在以色列沙漠卖出多少钱？,4067
54125050,BV1S4411H7Jy,4646,2929,1559277247,2019/5/31,1580,04:13,24445,//i2.hdslb.com/bfs/archive/8f2f2a83f104262eb4b6e4e99a723624963718d5.jpg,863207,1135,12:34:7,自从这群歪果仁来中国代购以后。。。,876
53362256,BV1H4411L7Ct,39618,2862,1558695610,2019/5/24,9351,09:51,51882,//i1.hdslb.com/bfs/archive/d14061f070a58ed762ef88f56f697661a9765279.jpg,851650,2198,19:0:10,同时流浪中国东南西北极，然后视频通话可还行？,8476
52793353,BV1Q4411773P,17150,4249,1558152055,2019/5/18,7970,12:37,32551,//i2.hdslb.com/bfs/archive/2f434da37a183986231719edd666832c0d8b55ff.jpg,626857,1875,12:0:55,穿上校服能否成功混入高中？在北大门口找学弟回高中看看,16911
52348318,BV1h4411a7et,57087,3026,1557745216,2019/5/13,20596,03:11,107895,//i2.hdslb.com/bfs/archive/8a4a273a41965eaab1a941943d8bf3f37592ac63.jpg,2085214,1962,19:0:16,自从这群歪果仁每天上B站以后。。。,9230
51939701,BV1j4411Y7TZ,12136,1408,1557404062,2019/5/9,5500,05:10,42697,//i1.hdslb.com/bfs/archive/ca44d5d9b29415ebe855ebef296ad0f3157874c0.jpg,1422857,2319,20:14:22,自从这群歪果仁察觉中国的惊人秘密以后。。。,3735
51763228,BV1X4411e7U2,39919,2275,1557239565,2019/5/7,7635,13:59,44029,//i2.hdslb.com/bfs/archive/6f9879cbaab70f5f2b1773a63422ec59a97026e1.jpg,460668,2151,22:32:45,在汶川的老地方餐馆端盘子｜别见外,6201
51059881,BV1y4411t7os,43957,3129,1556706085,2019/5/1,6946,04:01,70715,//i0.hdslb.com/bfs/archive/f32a50684e069e86c3bcb0e6be67d0b2620a59b6.jpg,1411077,1383,18:21:25,自从这群歪果仁又被中国广告洗脑以后。。。,6191
50371031,BV1i4411874n,5490,2614,1556116736,2019/4/24,3882,05:58,26709,//i2.hdslb.com/bfs/archive/4357ce2081981205d21365b3f32c8e11f4ac3983.jpg,1160931,1807,22:38:56,假装给国外的朋友剧透《复联4》，他们有什么反应？,4429
49718228,BV1Pb411L7QJ,24349,1271,1555585509,2019/4/18,3906,05:17,41340,//i1.hdslb.com/bfs/archive/238633ccc54d226295e3be3973efec56e2ba6896.jpg,1392169,1160,19:5:9,自从这群歪果仁在中国找到室友以后。。。,4378
49053164,BV1Nb411K793,38057,28458,1555128000,2019/4/13,6543,11:25,44572,//i2.hdslb.com/bfs/archive/8d9d5e6aabb3e62bcbf9dd99721dbb7a76e8ccf6.jpg,625734,995,12:0:0,搬空200万up主的家送给粉丝，爽翻了！,6903
48826360,BV1Ub411T7jL,18007,3172,1554819564,2019/4/9,4564,14:57,27134,//i1.hdslb.com/bfs/archive/7a35fbaa0c2dc0f810e58b009d77152b9cc12471.jpg,550378,3594,22:19:24,在石家庄的土豪网吧做一天网管？｜别见外,7031
48695051,BV1Sb411u7GS,8147,2238,1554721236,2019/4/8,2466,06:04,25010,//i0.hdslb.com/bfs/archive/e9ef07e5560bdfe8abd582fb3b1a3023e2bfa8b1.jpg,544750,1849,19:0:36,买光哈根达斯的全部冰激凌是怎样一种感觉？,4469
48067937,BV1eb411p7Mp,5700,1523,1554201019,2019/4/2,1477,02:32,15283,//i1.hdslb.com/bfs/archive/498698799003cc84408892369fc11731103c6322.jpg,250090,937,18:30:19,我在中国的下一个职业是什么？｜别见外,759
47469998,BV1Xb411s7At,63580,10575,1553660993,2019/3/27,18375,16:44,83337,//i2.hdslb.com/bfs/archive/4ca70988a5f616d0395f4e0222f3bd15546d9584.jpg,1497219,2503,12:29:53,外国人在中国随机敲门蹭饭，真的有人给他开门吗？,26950
47330083,BV1cb411t7yh,6203,1786,1553515235,2019/3/25,3014,06:16,23478,//i1.hdslb.com/bfs/archive/88bd5d3201f1e45f7bc098aec309bce1fafdb7f2.jpg,959681,2126,20:0:35,自从这群歪果仁看了《都挺好》以后。。。,3382
46751010,BV1bb411E7Jy,18192,2047,1552994239,2019/3/19,2827,05:16,29325,//i2.hdslb.com/bfs/archive/b51c0ceeb6accc714366995a06b6b0aa4ab532a0.jpg,533272,2282,19:17:19,在中国摊煎饼真的能月入5万吗？,2647
46263187,BV1Hb411H7YG,2579,1321,1552563509,2019/3/14,1000,04:16,13406,//i2.hdslb.com/bfs/archive/c6c8f2402e20f7ddca2a00372e7147bf7e8aadb9.jpg,463909,1044,19:38:29,自从这群歪果仁在中国参加了脸盲测试以后。。。,2499
45602980,BV1mb411q7jT,4752,2774,1551960377,2019/3/7,2240,06:37,17813,//i1.hdslb.com/bfs/archive/ef1d1b1155b705dfbde796277f1d1620edff6666.jpg,671081,1375,20:6:17,自从这群歪果仁大胆说出自己讨厌的国家以后（二）,3671
45514970,BV1ab411q7c3,93880,3433,1551869912,2019/3/6,14716,09:26,88329,//i0.hdslb.com/bfs/archive/31063cbf921b391d2b60cc1fa60c87c159688513.jpg,925364,3400,18:58:32,外国人挑战最疼中式按摩，每叫一声发200元！最后他破产了？,15301
45355775,BV1kb411i7rs,16254,1689,1551702064,2019/3/4,5138,03:26,32980,//i2.hdslb.com/bfs/archive/9c5886904a288be5a54dd8a378e403bf318a9570.jpg,573452,2291,20:21:4,我们找到了一个会背《道德经》的外国老头！,3554
44764489,BV1Zb41187Jb,5305,1378,1551175681,2019/2/26,1590,07:13,16932,//i2.hdslb.com/bfs/archive/a958f381d270684edcde56bc6b41c63c17ee3d88.jpg,494353,1343,18:8:1,自从这群歪果仁实现了中美合拍西游记以后。。。,4978
44085744,BV19b411a7cu,24818,5583,1550574213,2019/2/19,10738,05:39,44768,//i1.hdslb.com/bfs/archive/7a6d32a355bb72b940737ba652f4f7f2197c22f1.jpg,996495,3105,19:3:33,让地球逃离太阳系？以色列科学家真的把“流浪地球计划”实现了！,3044
43448442,BV15b411U7BU,19296,4715,1550065303,2019/2/13,10187,05:49,42962,//i0.hdslb.com/bfs/archive/11f8fdfa5575477a0e1689e3a530e55b8d356e96.jpg,1664426,5395,21:41:43,自从这群歪果仁看了《流浪地球》以后。。。,15612
42934430,BV1xb41167Pc,13166,1042,1549623615,2019/2/8,2028,14:42,18467,//i1.hdslb.com/bfs/archive/9014779ebb63152443ad57e7a4730ab71058f79b.jpg,247163,754,19:0:15,毛手毛脚的外国老哥在长城修铁路，他究竟能干点啥？,3176
42460328,BV13b411C78N,20221,4106,1549191629,2019/2/3,5822,06:03,36984,//i0.hdslb.com/bfs/archive/5c1814a0690822275832c86abd429595ca7d2055.jpg,1017131,3032,19:0:29,自从这群歪果仁对春节刁钻提问以后。。。,10504
42450577,BV17b411C7TF,18954,1396,1549109239,2019/2/2,3449,04:05,28313,//i2.hdslb.com/bfs/archive/a1d82e383bd7af53aa3626d42ed2419f2439f93e.jpg,408953,620,20:7:19,今年春节不回家，跑来长城修铁路,2363
42352069,BV12b411k7md,7745,1574,1549018495,2019/2/1,1373,07:23,18823,//i1.hdslb.com/bfs/archive/f1b70e8e1eb0dc85c313ae7b6e91f3a0ee2beca0.jpg,492663,577,18:54:55,外国人体验中国春运，蹲路边一天真的能拼上回家的车吗？,4817
42047877,BV1Rb411C7XG,15992,4481,1548757241,2019/1/29,9211,04:14,40180,//i0.hdslb.com/bfs/archive/090c164150c4f0702ed189a3f5ed200feba37713.jpg,1770840,5377,18:20:41,“妈，我可以把美国女友带回家过年吗？”父母的反应很真实了！,7002
41579674,BV18t411b7pe,24933,5509,1548326373,2019/1/24,10692,06:51,47531,//i1.hdslb.com/bfs/archive/a9eccb624e3ca6e71e2707c66e9e8e323925756d.jpg,2051580,2188,18:39:33,自从这群歪果仁大胆说出自己最讨厌的国家以后。。。,10235
40440749,BV1Dt411p7gm,2623,1278,1547179072,2019/1/11,1095,06:06,10316,//i2.hdslb.com/bfs/archive/8d74fb47c9d8f0017bc838ccd54f760947d44cc7.jpg,379548,455,11:57:52,突然告诉爸妈想当职业电竞选手，中韩父母如何反应？,2318
40246985,BV18t411s7en,11638,1304,1546947089,2019/1/8,1924,15:01,17110,//i1.hdslb.com/bfs/archive/9d231d7411672f52c46561158530d0445b58b2c0.jpg,332770,419,19:31:29,我在机场遇到一位爱尬聊的外国地勤｜别见外,4593
39902714,BV1Lt411x7Ja,23063,1315,1546601037,2019/1/4,2199,07:16,22727,//i1.hdslb.com/bfs/archive/6fb8007df44d3754a576a74fbefa56796054845c.jpg,207117,270,19:23:57,【歪果仁】突袭1200公里外的粉丝家，为了送个按摩椅,1667
39236580,BV1Dt411r7QW,24476,2086,1546000791,2018/12/28,3302,03:24,30647,//i0.hdslb.com/bfs/archive/4985a854f59610560e9b1802b8cd86ad307e3f6b.jpg,605580,1579,20:39:51,【歪果仁】在-2℃的室外挑战中国冬泳老大爷！,3348
39156450,BV1Lt411r7N3,3583,1670,1545910163,2018/12/27,938,03:17,12020,//i1.hdslb.com/bfs/archive/14e2cce9f20b2da24ff81635bfd4088d03f274c9.jpg,473815,277,19:29:23,外国人2018年最大的flag就是学中文了...,1398
38668507,BV1Yt411Y7Av,3962,831,1545397757,2018/12/21,980,03:53,11248,//i2.hdslb.com/bfs/archive/8505e3bec9db48183ad1ec999830b97c6c9c7f94.jpg,342064,215,21:9:17,外国人到底有多喜欢中国的瓷器？逛陶瓷厂差点花了8.3亿？,1867
38600473,BV1ct411Y7iF,5548,1325,1545309202,2018/12/20,1654,05:37,18941,//i2.hdslb.com/bfs/archive/65167d5d6eb4fc2ea4be62e995fb85457ecb1acf.jpg,1004132,501,20:33:22,自从这群歪果仁中了中国网红的毒以后。。。,4770
38136036,BV1ct411i7yR,12253,3667,1544789278,2018/12/14,3456,05:49,17610,//i0.hdslb.com/bfs/archive/7307f4f62afcec7219e4287e6286f432f031296c.jpg,456302,374,20:7:58,自从这群歪果仁学会画汉字以后。。。,3032
37558878,BV1Ht411S7KN,2621,1072,1544099410,2018/12/6,1223,08:16,5859,//i0.hdslb.com/bfs/archive/10c8797385682d0a198dc50a86f7fc2aaef68c1b.jpg,112226,410,20:30:10,【实验剧场】癌症会在2030年被攻克吗？为什么那时候很多人想自杀？,914
37417197,BV1gt411Q75v,25961,1609,1543925567,2018/12/4,4327,15:30,22375,//i0.hdslb.com/bfs/archive/c640f5c61917367181d716c5191b929200ba0a7f.jpg,351089,1377,20:12:47,我在学校小卖部遇到一位来打工的外国老哥｜别见外,5870
37030053,BV1ct411X7eZ,2678,1427,1543498908,2018/11/29,811,03:53,9318,//i1.hdslb.com/bfs/archive/ef1b9581feb4637b43b478debe197e53d24fd7d9.jpg,336813,462,21:41:48,泰国人真的能分清中日韩三国游客吗？,2494
36956040,BV1gt411R77x,4235,1498,1543406667,2018/11/28,1516,05:25,10839,//i1.hdslb.com/bfs/archive/e25bc1cd4e7c01d1e2b88f20ab31917a91f7b9f7.jpg,474075,1194,20:4:27,歪果仁用粤语在广州问路是什么体验？真的不会走丢吗？【城市计划·广州03】,5053
36590495,BV15t411y765,5147,1970,1542974859,2018/11/23,1181,02:18,11903,//i2.hdslb.com/bfs/archive/59a7e888793f58812b121491698d9fa2e00407e1.jpg,309035,231,20:7:39,【实验剧场】你们文化中所有引以为傲的事物都源自你们国家么？,612
36517173,BV1wt411y7Nb,3035,923,1542883607,2018/11/22,1214,04:37,11142,//i2.hdslb.com/bfs/archive/9b715c63392fb0853b486253200ba8956df9ef9e.jpg,566564,374,18:46:47,自从这群歪果仁在中国参加了五花八门的比赛后。。。,2253
36462731,BV1vt411C7rZ,56551,2241,1542806608,2018/11/21,13312,03:33,46523,//i1.hdslb.com/bfs/archive/a964fdf436df3845f57f5b9802a39c9a8514ef9c.jpg,537177,3074,21:23:28,歪果仁眼中的真实中国是这样的。我们想让更多人看到。,2724
36024204,BV1Dt41127Z3,5373,2136,1542286679,2018/11/15,1892,05:34,16263,//i1.hdslb.com/bfs/archive/dbb1fe75408e68afdda5c56886bf5bcb59c1ea2c.jpg,828838,664,20:57:59,自从这群歪果仁被中文神曲洗脑以后。。。,5042
35905487,BV11t411U7yh,5863,751,1542115107,2018/11/13,2019,03:21,12782,//i1.hdslb.com/bfs/archive/42227c8de31ea5e9f81db076715765b7f6fd9d22.jpg,176508,469,21:18:27,献给斯坦·李和他带给我们的宇宙,1294
35610517,BV1rb411c7HP,2675,834,1541847619,2018/11/10,1171,06:06,9115,//i1.hdslb.com/bfs/archive/de9e1ca304a3eebcd9398b27acc251f1ff152e4e.jpg,351722,364,19:0:19,各国人都是如何告白的？和中国比差别很大吗？,2059
35554919,BV1vb411c7S1,2893,1042,1541676819,2018/11/8,849,05:17,8466,//i1.hdslb.com/bfs/archive/2e4099ebb582f10bad7178afc0e45453fbbf7eb4.jpg,337444,423,19:33:39,挑战最野广州美食，外国人当场吓哭【城市计划·广州02】,2502
35492587,BV1jb411c7Sr,5587,1931,1541587683,2018/11/7,2947,05:38,20433,//i0.hdslb.com/bfs/archive/4e0648faba2bcab515eb5a0e7fd902ee190ec3f5.jpg,1370061,481,18:48:3,自从这群歪果仁见识了各种土豪后。。。,5549
35416518,BV1kb411F7LX,25732,1502,1541502052,2018/11/6,2453,13:41,19618,//i2.hdslb.com/bfs/archive/5bbda7021a7af4551e73b1d0acf74bf74945fc55.jpg,258455,666,19:0:52,您的快递正在由外国老哥配送，请注意查收｜别见外,4706
35070937,BV18b411P73j,4146,1848,1541075093,2018/11/1,1323,07:49,12341,//i2.hdslb.com/bfs/archive/d341e7a186a62baefa7a3f1fb69ab74f0578b09a.jpg,546139,642,20:24:53,自从这群歪果仁听说广州人什么都吃以后。。。【城市计划·广州01】,6103
34101968,BV1zt411d7n3,4822,2928,1539864774,2018/10/18,1582,05:34,13019,//i0.hdslb.com/bfs/archive/1b1a81c29ead746be1cf308363b2dd9985549863.jpg,620861,635,20:12:54,自从这群歪果仁沉迷中国偶像以后。。。,7774
33623351,BV1yt411f7c5,4677,1665,1539258225,2018/10/11,1918,05:22,15694,//i2.hdslb.com/bfs/archive/7b07fcd98b9df212a2cde6f4798c79d81de65c62.jpg,964198,535,19:43:45,自从这群歪果仁的中文名被疯狂吐槽以后。。。,5843
33425332,BV1GW41117kB,21917,2471,1539000347,2018/10/8,1909,13:03,16466,//i2.hdslb.com/bfs/archive/58e69bad59317bb73f789ef811da68cda7e71133.jpg,301073,681,20:5:47,在中国餐馆当服务员有多累？歪果仁哭了｜别见外,4598
32703715,BV1eW411S7CY,5063,1345,1538395238,2018/10/1,929,06:42,12017,//i2.hdslb.com/bfs/archive/0b94da440e68e2ed50d066b85d5a310a8b2109b7.jpg,495046,406,20:0:38,自从这群歪果仁在中国婚礼上随份子之后。。。,4151
32578959,BV1RW411U749,4218,1414,1538047116,2018/9/27,1227,05:45,10027,//i1.hdslb.com/bfs/archive/c1e49ecb68e34f2e7682abf3ba84174961429ace.jpg,370832,833,19:18:36,自从歪果仁知道成都生活节奏很慢之后。。。【城市计划·成都03】,2856
32468680,BV1TW41167nT,11576,3126,1537878169,2018/9/25,5107,05:53,23203,//i2.hdslb.com/bfs/archive/abf0b324649c5ae34efb9c453bbd1a09bf052348.jpg,949469,4476,20:22:49,自从歪果仁知道成都有很多漂亮小姐姐后。。。【城市计划·成都02】,6939
32104691,BV1ZW41167U4,11408,2566,1537442009,2018/9/20,2069,07:55,15077,//i0.hdslb.com/bfs/archive/2c84be16dccd75d5061e0faa7d83f44ce631ea73.jpg,478876,1297,19:13:29,自从歪果仁知道成都有很多好吃的之后。。。【城市计划·成都01】,6836
31696862,BV1sW411y7sV,10709,855,1537012813,2018/9/15,1943,09:41,14689,//i0.hdslb.com/bfs/archive/ee5ffcabb8fe97d6d837244d2d86caae2887da62.jpg,431944,227,20:0:13,【敬汉卿X高佑思】挑战B站作死第一人！这种视频我们再也不会拍了。。。,3856
31646147,BV1FW411y7GZ,2630,1163,1536837838,2018/9/13,1071,06:04,8792,//i2.hdslb.com/bfs/archive/7ca7961cd17ffc1d4c35c37bff527b9f9eff0f91.jpg,371673,362,19:23:58,自从这群“早恋”的歪果仁被家长发现以后。。。,2792
31270338,BV1zW411d79x,16650,1923,1536408001,2018/9/8,6043,10:52,19182,//i1.hdslb.com/bfs/archive/3b397d0f6ab649e47ed0e0356217ef1f9a2d71ec.jpg,375119,1571,20:0:1,【Lex&高佑思】蕾某人从未见过如此厚颜无耻之高佑思,5433
31210686,BV1JW411d7Zk,2858,940,1536232860,2018/9/6,1052,05:16,10268,//i2.hdslb.com/bfs/archive/25a59c5f04e5ac322c1640f32818f0c078de75cd.jpg,517429,222,19:21:0,自从这群外国熊孩子长大了以后。。。,1757
31084693,BV15W411Z7tM,9509,740,1536051530,2018/9/4,2025,02:45,11985,//i2.hdslb.com/bfs/archive/0646e606e08a00de0fff5594711b8e875d63451b.jpg,224882,425,16:58:50,【高佑思】我们一起穿女装,1239
30807127,BV1zW411f7Z1,5123,894,1535803225,2018/9/1,3813,10:15,14051,//i0.hdslb.com/bfs/archive/5bfe6b19803965dccd5463f2261035399d4247a6.jpg,548630,716,20:0:25,老番茄网骗学院  第一批歪国学员实训惨遭翻车？,2688
30723864,BV1AW411f77B,6301,3997,1535630533,2018/8/30,2905,05:26,18223,//i1.hdslb.com/bfs/archive/b89f0f9ee20428665b0f4093aba5d16f392add65.jpg,938110,1977,20:2:13,自从这群歪果仁沉迷中国宫廷剧以后。。。,4959
30128064,BV18W411X73e,4741,1439,1535198407,2018/8/25,3415,09:20,13547,//i1.hdslb.com/bfs/archive/af15326fcfb5ce5a77484bd8341116a8329785cd.jpg,490902,1029,20:0:7,【党妹x仙爷x波波】外国美少年亲测：如何打造一张男女通杀的脸？！,13930
30134248,BV1nW411X7PJ,2552,7012,1535031898,2018/8/23,575,12:00,7296,//i0.hdslb.com/bfs/archive/42f00636adb28805b0f8c6221d1f778f11b32d4a.jpg,212210,227,21:44:58,第一届世界各国运气大赛，冠军是。。。,3986
29489767,BV1sW411R7Xp,5395,1126,1534593652,2018/8/18,1364,11:00,10646,//i1.hdslb.com/bfs/archive/d9f809613e37bcfe9f42dc9438381070fa4f4af6.jpg,321751,276,20:0:52,B站歪果仁教父，竟靠传播绅士文化发家？,5671
29525682,BV12W411R7Qu,2745,2124,1534420293,2018/8/16,910,05:59,8393,//i1.hdslb.com/bfs/archive/06067964fd3140bd27269775ea61e57a37fea656.jpg,352854,252,19:51:33,当歪果仁说这些的时候，八成在装哔……,2747
29017315,BV1Ms411u7N5,5658,1492,1533988830,2018/8/11,2296,12:56,12056,//i0.hdslb.com/bfs/archive/52fa7ae7e7801e67ee4337cab2b2c6d01c7924e8.jpg,351976,582,20:0:30,【西四❤Re-M!X❤高佑思】舞蹈区惊现外国老哥，护眼小分队紧急招募中……,7881
28939602,BV19s411M7mV,7214,2468,1533819239,2018/8/9,2914,05:41,19376,//i0.hdslb.com/bfs/archive/3a2e5f93cb979a7b175dda0f52f02d5a9e2f59ab.jpg,1042417,872,20:53:59,自从这群歪果仁尝试了中国甜品以后。。。,8052
28424823,BV1qs41137Qj,27991,883,1533384043,2018/8/4,1585,11:12,13139,//i0.hdslb.com/bfs/archive/ca0b9593b3e96e6cb3105c5a555237430a983c54.jpg,232428,274,20:0:43,鬼畜大佬养成攻略，高佑思与狮子的甜宠游戏,2887
28356816,BV17s41137mA,3332,1520,1533210232,2018/8/2,968,08:22,9585,//i0.hdslb.com/bfs/archive/b59cd90467e2d97abc4ed9529416995290f2bf19.jpg,505482,309,19:43:52,为什么售货员阿姨要给我介绍对象？,4316
27707539,BV1Ks411N7Fr,17673,1151,1532779200,2018/7/28,2641,12:45,17446,//i0.hdslb.com/bfs/archive/3427098256caba393b9923200c03698b0a0aa6e9.jpg,449904,535,20:0:0,【歪了个UP】网红诈骗揭秘现场，中国BOY到底上不上厕所？,13534
27797096,BV1As411A7g3,4230,2956,1532606148,2018/7/26,1246,04:00,10015,//i1.hdslb.com/bfs/archive/c87a52e48f928bf8e63925f60e625131d8c12754.jpg,534129,343,19:55:48,这是我见过最会吹牛哔的一届歪果仁。。。,1772
27554035,BV1Js411P7Yb,7787,1946,1532352407,2018/7/23,3121,03:28,16124,//i1.hdslb.com/bfs/archive/23777e2dc1f555fa36b58ea466c4002b02396953.jpg,605008,839,21:26:47,自从这些歪果仁在BW现场当了一天蜡像后。。。,2289
27234732,BV1fs411E7a8,5073,2293,1532001962,2018/7/19,2081,08:43,14123,//i0.hdslb.com/bfs/archive/e727c5205e7a077396596b26b88231f62990e274.jpg,937834,812,20:6:2,自从这群歪果仁在中国刨根问底以后。。。,12449
26856349,BV1as411J7dd,5986,1083,1531571876,2018/7/14,1313,06:08,9989,//i1.hdslb.com/bfs/archive/4e51b9ce6f29eeaf6caad870dfd7364b5814df05.jpg,464470,527,20:37:56,我们是如何挑起世界各国球迷矛盾的。。。,2402
26707951,BV1zs411H7Fn,5625,1633,1531396612,2018/7/12,2180,06:29,14283,//i2.hdslb.com/bfs/archive/af390960eb4c32032dfab01f16228d58ed1c4fa5.jpg,1018237,874,19:56:52,自从这群歪果仁在中国走不动路以后。。。,5258
26216960,BV1Us411H7sT,70063,6652,1530795745,2018/7/5,9181,04:49,56473,//i2.hdslb.com/bfs/archive/898495c53c026f542f42e48abded3c5fe1646317.jpg,1316042,1716,21:2:25,自从这群歪果仁在中国被热哭以后。。。,11743
26058692,BV1ds411G7NN,11862,1521,1530596366,2018/7/3,1224,14:38,10764,//i2.hdslb.com/bfs/archive/f9bdecaf3de3662c9cced27088c1d7849753ea79.jpg,260720,472,13:39:26,瞧，茶园里有个外国老哥在采茶｜别见外,4251
26016814,BV1Ys411G7FH,2827,1524,1530529298,2018/7/2,1147,00:44,8220,//i0.hdslb.com/bfs/archive/ca3ad2bdae7dae87fef8acb7d8fd64d42b4f57ff.jpg,453084,904,19:1:38,救救这些在天台的歪果仁,1298
25820711,BV1Vs41157YZ,3081,1162,1530275814,2018/6/29,839,04:27,7164,//i0.hdslb.com/bfs/archive/e25882994be39b0d127caae39b6b97347500ab83.jpg,503324,240,20:36:54,歪果仁在中国看球也要入乡随俗，瓜子白酒配麻小了解一下,2112
25193055,BV1Ws411j75b,19545,1510,1529385996,2018/6/19,1353,14:30,10630,//i2.hdslb.com/bfs/archive/2e746926d80a84a58e9d87e3fa768611d2bc9403.jpg,340321,559,13:26:36,今天帮我搬出大学宿舍的是个外国老哥｜别见外,4537
24892309,BV1FW411A7QE,4077,2764,1528979387,2018/6/14,1451,05:52,6812,//i1.hdslb.com/bfs/archive/0ca3a611e1f269dd33d7865d973b04241d99d41e.jpg,478251,1113,20:29:47,自从这群歪果仁因为世界杯吵起来后。。。,5430
24509982,BV1kW411A7EN,3727,1664,1528375716,2018/6/7,1361,05:51,8434,//i0.hdslb.com/bfs/archive/eeb8fb9bb1d83e89f3f3b793515eba6b39536b3e.jpg,621541,565,20:48:36,自从这群歪果仁被中国人的提问整到绝望以后。。。,5174
24422058,BV14W411A7AX,2932,5639,1528201635,2018/6/5,1538,05:51,8151,//i1.hdslb.com/bfs/archive/6fd24976fb0bdd5f488634d4d6f0b86839550022.jpg,809485,325,20:27:15,歪果仁对于中国人戴眼镜有着自己的想法,4575
24199682,BV1SW411P717,2175,1612,1527774990,2018/5/31,1170,10:07,5009,//i1.hdslb.com/bfs/archive/e733d9ec07818dce43324b1ca4e3adabf9f5da7f.jpg,463914,403,21:56:30,【歪果仁派】和创造101的A班成员一起讨论中外选秀差异,2976
23878656,BV1Np411R7ou,8186,1370,1527168271,2018/5/24,3463,04:26,9167,//i1.hdslb.com/bfs/archive/80a1ff14892fe60f4a1748a6a415960c3e6ef804.jpg,321567,1821,21:24:31,电音教主AlanWalker来中国唱faded，歪研会伴唱团了解一下？,2567
23562102,BV1wp411f74f,10520,3423,1526560937,2018/5/17,8024,05:52,25068,//i2.hdslb.com/bfs/archive/0ae3464b3080a742c34d83d79db1141e77b621f5.jpg,1654580,5413,20:42:17,自从这群歪果仁遇到地狱级别的中文以后。。。,13789
22933922,BV12W4113766,8309,3063,1525352168,2018/5/3,4175,04:06,14751,//i1.hdslb.com/bfs/archive/072a93cbf2b01646bf214645b9757e18acc3b915.jpg,1487599,1613,20:56:8,自从这群歪果仁在中国体重失控以后。。。,5417
22609787,BV12W411G7pF,16105,3549,1524752299,2018/4/26,3660,07:44,19106,//i2.hdslb.com/bfs/archive/465b1ccec11535d5dcf550d646baeb277afc8616.jpg,1237339,1296,22:18:19,自从这群歪果仁在中国入了游戏的坑以后。。。。,12547
22302230,BV1XW411V7DL,2949,1079,1524139432,2018/4/19,1251,09:36,4725,//i1.hdslb.com/bfs/archive/582a60caf36f2c694e49a1031da4eb6ab894fd85.jpg,237842,897,20:3:52,为什么讲英语会有各种不同的口音呢？,4477
22184184,BV1gW411j7A8,6225,1840,1523881941,2018/4/16,2583,05:16,6584,//i2.hdslb.com/bfs/archive/e9249d5b1b60ac50f3a683484b803fff47860ff1.jpg,287561,878,20:32:21,中美贸易大战美国人怎么看？歪果仁小哥哥给你科普它究竟是什么！,1596
21999578,BV1TW411T7m7,6000,1433,1523538005,2018/4/12,1061,11:37,6230,//i2.hdslb.com/bfs/archive/e69771f9c8ac7e585c2395e4ad02c76bd2f52cbc.jpg,236988,390,21:0:5,【歪果仁】歪果仁们怎么看待在各国发生的校园性骚扰？,1994
21917718,BV1eW411K7z2,3041,1193,1523359794,2018/4/10,807,04:34,5501,//i2.hdslb.com/bfs/archive/6e99834dcd75a7f83fec645f1be1694054b1675e.jpg,300575,1147,19:29:54,【歪果仁】帕托竟沦落天津街头摊起了煎饼果子,1128
21691838,BV1PW411M7tT,46772,8228,1522931696,2018/4/5,3603,12:06,17742,//i1.hdslb.com/bfs/archive/91d54f0b996950563cd2f4c9e3b922a8976dc7e4.jpg,385942,1690,20:34:56,早点铺迎来了一位笨手笨脚的外国伙计｜别见外,5685
21640126,BV1FW411M7zx,28947,1961,1522842374,2018/4/4,15756,03:59,15231,//i2.hdslb.com/bfs/archive/c8bd228aeb8df52c8be08fdc98fe820d2b1c5db1.jpg,294167,5530,19:46:14,【Dylan钟逸伦】十六首歌的时间,3056
21469198,BV1mW411u7e3,2673,680,1522503501,2018/3/31,682,03:14,5104,//i0.hdslb.com/bfs/archive/31d399194e157f2b2064883d6e2b791425516dc1.jpg,338535,342,21:38:21,【歪研会】歪果仁愚人节脑洞大赏,1198
21386182,BV1VW411u7L3,2976,1086,1522334577,2018/3/29,1856,03:57,5931,//i1.hdslb.com/bfs/archive/6b764856e61c552558b7cb5013a34447e9aa3125.jpg,357596,633,22:42:57,哈佛大学的学生们可以说是非常皮了。。。,1067
21093259,BV1pW411g7Dh,24529,5080,1521729231,2018/3/22,4766,09:41,21770,//i1.hdslb.com/bfs/archive/be1da49c9cb3fbc96bc2b515900315be23f8a777.jpg,760657,1541,22:33:51,【歪果仁】谈谈那些漂洋过海来中国混日子的“洋垃圾”,8240
20689084,BV1qW411s71U,5005,1384,1521028824,2018/3/14,2317,06:41,8566,//i0.hdslb.com/bfs/archive/1a8ce33189fe87626655a0f372d22586eb7d28f7.jpg,691125,746,20:0:24,自从这群歪果仁赴汤蹈火去表白以后。。。,5047
20523575,BV11W411W7xg,5427,1859,1520512560,2018/3/8,2123,07:30,8143,//i0.hdslb.com/bfs/archive/82fefcfec640c9857ef1aa0e4e89cc108bbb0677.jpg,878669,826,20:36:0,自从这群歪果仁在中国修仙养生以后。。。,7783
20234199,BV1oW411s7a4,5195,1560,1519905176,2018/3/1,867,06:44,6394,//i2.hdslb.com/bfs/archive/68666ae883c0575cc55423d7af364adfc16c7603.jpg,492001,298,19:52:56,自从这群歪果仁得了节后综合症之后。。。,2681
19956973,BV15W41147GK,3462,1046,1519392833,2018/2/23,1268,04:56,5776,//i0.hdslb.com/bfs/archive/05f8f57621425ab31ca72661a33533272fed1ff3.jpg,341485,486,21:33:53,美国小姐姐星悦的秋叶原Cosplay之旅,3822
19630425,BV1gW411J7Xq,4383,1435,1518688729,2018/2/15,1044,03:06,7586,//i0.hdslb.com/bfs/archive/b110d1e9ffb9d4dcf08bd166c1cae3d605a1eb3a.jpg,418754,350,17:58:49,高佑思进了春晚后台，居然被“打”了,2219
19596830,BV1cW411J7aX,26420,1650,1518617789,2018/2/14,5907,03:25,10650,//i0.hdslb.com/bfs/archive/31ad82b9866e83b4f9f8782871ee25c887c992e5.jpg,203134,2406,22:16:29,外国小哥rap里对春节的疑问你能解答吗？,1921
19562823,BV1QW411E7c4,9872,1789,1518545858,2018/2/14,2102,05:22,10819,//i0.hdslb.com/bfs/archive/fa3a0319f065698d076a2ce76839f37a2fd41955.jpg,670043,413,2:17:38,自从这群跨国家庭在中国过春节以后。。。,4907
19509566,BV1vW411E7GB,53612,3351,1518443029,2018/2/12,3425,12:58,18724,//i2.hdslb.com/bfs/archive/be4a67fa3f9c9d9bbcece5e393c54d6f453876fa.jpg,413963,1620,21:43:49,春运回家的火车上，有个外国老哥在做乘务员｜别见外,8044
19328036,BV1MW411n7YL,4471,1613,1518098822,2018/2/8,3487,03:23,10804,//i2.hdslb.com/bfs/archive/0dee37820504ea1eaf4c480909cce8a56b24ba1b.jpg,1225190,1484,22:7:2,陪老婆逛内衣店真是一件美差啊,4597
18724242,BV1HW411e7AL,7691,5816,1516884115,2018/1/25,4416,05:47,14220,//i2.hdslb.com/bfs/archive/e2a10d55ca4acf9f90871c148417b6d1fdc31083.jpg,1615841,1952,20:41:55,自从这群歪果仁在中国冬天冻成狗以后。。。,10596
18455604,BV1BW411v79X,6270,1331,1516283101,2018/1/18,953,06:34,4942,//i1.hdslb.com/bfs/archive/5451364371470055c586c09bdfd7b754dc6fcd4c.jpg,459253,517,21:45:1,自从这群歪果仁在中国答题赢钱以后。。。,4101
18379588,BV1TW411v7He,48672,2938,1516104579,2018/1/16,4291,14:13,15805,//i1.hdslb.com/bfs/archive/9ee190e6a3327bfecdb80bf1606d950be50f8e09.jpg,453246,1814,20:9:39,地铁拥挤的人流中，有个外国老哥在做地铁站务员｜别见外,7205
18202168,BV1wW411q7st,6175,1575,1515673159,2018/1/11,1528,05:12,6702,//i0.hdslb.com/bfs/archive/03d41a5e572f2fcdb6124ca0ec8222b236bddfbf.jpg,1029792,566,20:19:19,自从这群歪果仁回国吃中餐以后。。。,4438
17744573,BV1gW411b7rh,8234,874,1514550735,2017/12/29,1842,05:26,5400,//i1.hdslb.com/bfs/archive/f8653455fcc3c48f1ada85c5b8eae59f1e94ee21.jpg,466737,724,20:32:15,歪果仁研究协会十大高能及翻车集锦,2748
17547870,BV1QW41187Kk,4062,1742,1514033012,2017/12/23,813,06:31,4664,//i0.hdslb.com/bfs/archive/2fbe9ee371b3200e92bdfb24cc7ce2dd18b4ec99.jpg,430564,355,20:43:32,为啥中国人把圣诞节过成了虐狗节啊。。。,3204
17480800,BV1zW41187KL,7951,2082,1513857865,2017/12/21,5239,03:58,6172,//i2.hdslb.com/bfs/archive/bf8591a73da3b73420bc30dbeac217c99a6c8489.jpg,608381,3915,20:4:25,【绝地求生】“兄弟你搞我呢？你这哪儿是外国人啊？”,2315
17259915,BV1wW411a78m,5257,1816,1513254283,2017/12/14,1607,04:41,5923,//i0.hdslb.com/bfs/archive/b791ac38c228c5d7685c34e13d3a6b12ea1842e5.jpg,756390,707,20:24:43,自从这群歪果仁在中国疯狂吃鸡以后。。。,3176
17200858,BV11W411h7Tt,5204,1895,1513083084,2017/12/12,788,14:55,4516,//i1.hdslb.com/bfs/archive/f018751e2f12e395843b0a4db490e28964c466ec.jpg,260350,422,20:51:24,这群在中国开网店的歪果仁，为什么最终选择了卖秋裤？｜别见外,3977
17038365,BV1vW411Y7en,4100,1713,1512659077,2017/12/7,1049,06:36,4448,//i2.hdslb.com/bfs/archive/57a75e16f7ce3846613d2f069eca5a4d823c94bf.jpg,482743,922,23:4:37,自从这群歪果仁被中文水平测试支配以后。。。,4811
16977089,BV14W411Y7Fw,164899,3930,1512481829,2017/12/5,54256,03:30,42775,//i0.hdslb.com/bfs/archive/4506a62abe0ea0a63c213718ca5b657707f3a13f.jpg,1039027,13607,21:50:29,这大概是第一首歪果仁专门写给中国的Rap《中国化》,5633
16812990,BV1iW411a7DW,3794,742,1512051155,2017/11/30,693,03:39,3240,//i2.hdslb.com/bfs/archive/20ce14dfc2d421acedcb9379fad20e78a5034b28.jpg,349098,408,22:12:35,和歪果仁玩你画我猜，你猜对了算我输。。。,1770
16639582,BV1fx411V7yy,29883,2334,1511560075,2017/11/25,3034,07:00,12868,//i0.hdslb.com/bfs/archive/f12d1cacd93991c08c97827501232129bb04247d.jpg,222366,2451,5:47:55,面对儿童遭受的伤害，全世界都在努力着。,1976
16602007,BV1Ux411V7u5,7515,2206,1511444123,2017/11/23,4450,06:59,8496,//i2.hdslb.com/bfs/archive/e0cf53a98c270b38988e16c67afeff12031e326b.jpg,1332397,1848,21:35:23,自从这些歪果仁相信了中式客套话以后。。。,7202
16389153,BV1Yx411L7ob,2182,785,1510844458,2017/11/16,604,05:07,2503,//i2.hdslb.com/bfs/archive/bf7632169af223be2b63da119248946d8d4b41fa.jpg,334206,273,23:0:58,以为只有我们在疯狂剁手？看歪果仁们是怎么抢东西的,1973
16358333,BV1Wx411L7NY,3297,1172,1510751212,2017/11/15,759,02:00,3070,//i0.hdslb.com/bfs/archive/a4d038fa5f1051e0c97443f5ee80e910585492f3.jpg,313182,327,21:6:52,当你有个朋友在国外旅游时，你的第一反应是。。。,1047
16201426,BV1jx41177XA,4138,1442,1510324166,2017/11/10,1957,03:11,5506,//i1.hdslb.com/bfs/archive/de942c5f872dfa0fe7c0fe291e293b6edc6fa377.jpg,991359,756,22:29:26,自从这群歪果仁开始备战11·11以后,2133
16174315,BV1ox411j7Qj,2181,1330,1510241117,2017/11/9,622,01:47,2962,//i2.hdslb.com/bfs/archive/f34f9e31117ff533644b936a5d508e187acb4611.jpg,360178,184,23:25:17,“亲，买一条我们的秋裤吧！”外国人开网店的真实记录,745
15955163,BV1ax411E72E,20567,1922,1509624522,2017/11/2,1708,08:52,7376,//i0.hdslb.com/bfs/archive/b4b5172e6681757e5a775195fb4a69f0931ea477.jpg,293131,671,20:8:42,歪果仁做乡村教师，你为什么背上小书包？｜别见外,5236
15849296,BV1Fx411E7pU,3669,1366,1509288783,2017/10/29,1226,05:42,2737,//i1.hdslb.com/bfs/archive/e3e381b64b3c0123a6e4e265412ee4dac75724e3.jpg,320599,556,22:53:3,【狗粮专场】他们谈恋爱的时候，国籍什么的都不是问题。。。,3986
15723235,BV1jx411u76C,3031,1077,1508941319,2017/10/25,409,06:05,2558,//i0.hdslb.com/bfs/archive/89c68750a3e411d81d16ecc0529f663ba86ea548.jpg,277281,269,22:21:59,记CC和高佑思的避冬热带游,3091
15537957,BV1hx411M7P5,6190,2011,1508414480,2017/10/19,1603,03:43,5645,//i1.hdslb.com/bfs/archive/5acefd8745b7b8616aa1c3526e02477f90e738c3.jpg,598148,1081,20:1:20,中国相亲角：外国爸爸也来了,3668
15393785,BV17x411g7mQ,6534,1922,1507983868,2017/10/14,1441,05:51,3467,//i1.hdslb.com/bfs/archive/1f48b5d83da653e9d43c8d6389ffe0f0797575cb.jpg,531423,789,20:24:28,自从这群歪果仁加入大学社团搞事情以后。。。,3209
15107854,BV16x41137RL,5329,3400,1507201522,2017/10/5,2124,04:05,5223,//i1.hdslb.com/bfs/archive/bb3828461b399a26250e8ab7335873af4765c2f3.jpg,713227,1194,19:5:22,外国人数学到底好不好？我们在街头突击了一场数学测验…,6274
14875925,BV1fx411G7QK,37789,4924,1506603402,2017/9/28,4356,09:27,7349,//i0.hdslb.com/bfs/archive/96869ca5ca3b46b59dcf6ca045d78cc43190ced6.jpg,800720,3211,20:56:42,连歪果仁都开始在中国送外卖了！｜别见外,11852
14666923,BV1nx411x7Rz,5202,5029,1505995639,2017/9/21,2067,05:59,2894,//i2.hdslb.com/bfs/archive/611e13b399785bf2c6aaa3e67f55fbac331aeade.jpg,525028,1442,20:7:19,自从这群歪果仁在中国被“欺负”以后。。。,6724
14459132,BV1bx411s767,5608,2426,1505389013,2017/9/14,3043,05:04,8268,//i2.hdslb.com/bfs/archive/fd04e7e20e141d9cc7266c249c3f69393f88ab12.jpg,1380017,811,19:36:53,自从这群歪果仁中国历史考满分以后。。。,9987
14436064,BV13x411s7bT,2298,1586,1505308577,2017/9/13,606,01:21,1005,//i2.hdslb.com/bfs/archive/6c83977f6b49582efdbf04587e1f886707d1a8df.jpg,401939,536,21:16:17,歪果仁吐槽新iPhone ：看来看去还是怀念诺基亚啊！,1443
14336595,BV1px41147xz,5498,2022,1505019196,2017/9/10,3030,05:16,8377,//i1.hdslb.com/bfs/archive/d894acafde4b51d7d09fce1c31be8e3492db2677.jpg,1286999,1393,12:53:16,自从这群歪果仁被中国老师征服以后。。。,7399
14001288,BV18x411t7k2,27615,23071,1504098585,2017/8/30,1938,02:41,3005,//i1.hdslb.com/bfs/archive/412c9eb09640a64094794d35ce490c4c584bf2f1.jpg,374595,2307,21:9:45,诺！你们要的一百万粉丝福利,15184
13762774,BV1fx411b7V6,33682,2583,1503579537,2017/8/24,885,06:15,1262,//i0.hdslb.com/bfs/archive/5515015596f92fa9ce0a70829a8ae5e7c46834bc.jpg,454333,946,20:58:57,自从这群歪果仁在中国异地恋以后。。。,4736
13551232,BV1zx411J7bi,42272,7215,1503123725,2017/8/19,4572,02:11,4410,//i1.hdslb.com/bfs/archive/0f8a7c1511124005527026cf96fc92c8f91c30f0.jpg,471063,2523,14:22:5,这是一部大家都应该来看的电影《二十二》,3496
13484123,BV1Jx411J7gM,3997,3707,1502973086,2017/8/17,820,05:33,1302,//i0.hdslb.com/bfs/archive/f20106db7be641f51b1976b96f0a4df974902516.jpg,505784,818,20:31:26,自从这群歪果仁靠星座生肖求姻缘以后。。。,13772
13403485,BV1Px411J7JY,1103,1909,1502798802,2017/8/15,349,00:36,494,//i1.hdslb.com/bfs/archive/99c5c2f4fdb0b3e18955423a05791f5f1df797b2.jpg,363144,250,20:6:42,八月水逆真可怕，天上水星快爆炸！,675
13201091,BV1ax411n7FG,8293,1799,1502363042,2017/8/10,1497,07:26,3536,//i1.hdslb.com/bfs/archive/0b26bd148b8bd1b44a491b0b7e185025604e12d4.jpg,799808,1151,19:4:2,自从这群歪果仁来中国砍价以后。。。,12986
12918446,BV1dx411H7iW,12948,2629,1501756486,2017/8/3,3002,06:45,6739,//i1.hdslb.com/bfs/archive/2d7c849b73ecf699fa7485537c7d71794213e3f8.jpg,1049749,1504,18:34:46,自从这群歪果仁被中国广告忽悠了以后。。。,10544
12881967,BV12x411H7z1,1817,2758,1501680956,2017/8/2,795,00:38,785,//i2.hdslb.com/bfs/archive/8677ce9ca74edfdb999ecf568237194103c6b3e3.jpg,529811,451,21:35:56,【开车】夏天路边发的免费扇子，以后可不能随便用哦,1252
12652295,BV1Lx411W7sr,6593,4846,1501158604,2017/7/27,4012,05:16,7753,//i1.hdslb.com/bfs/archive/c576f661e5e89b6dfd408345a2bb166d601d9c34.jpg,1035788,2117,20:30:4,自从这群歪果仁挑战中国古诗词以后。。。,15601
12428223,BV1ex411i7UE,2669,2222,1500624833,2017/7/21,780,01:35,1100,//i0.hdslb.com/bfs/archive/0d13bc054a2db07f1521dcd5856585f45efc7193.jpg,515128,282,16:13:53,官方引战最为致命！北方歪果仁来南方搞事情了！,4260
12402952,BV1jx411i7Bk,5514,2600,1500559327,2017/7/20,1441,06:06,1387,//i2.hdslb.com/bfs/archive/ec794619bbfcc7d6c6e6d76f9b3b342c6fa1a956.jpg,874803,792,22:2:7,自从这群歪果仁在中国麦当劳野起来以后。。。,7829
12330430,BV1Px411i7To,8080,4088,1500380252,2017/7/18,2218,06:03,6742,//i0.hdslb.com/bfs/archive/870c8ca5ceaffd4922d5641c78cfbfbc79c23a0f.jpg,1211448,811,20:17:32,【番外】这群歪果仁被中国黑暗料理逼疯了,11984
12298576,BV1ex411B7ox,5880,5032,1500298645,2017/7/17,7478,00:38,11751,//i1.hdslb.com/bfs/archive/e7965eabd4c4f2a9501459a48da9b6858b457819.jpg,3014446,6645,21:37:25,“我再说一次，我是在中国晒黑的！”,3973
12171547,BV1dx411q7VK,6463,3984,1499955769,2017/7/13,1616,07:58,1002,//i0.hdslb.com/bfs/archive/90099c583542bd4fe0916ebbd9fae160517625c9.jpg,816052,841,22:22:49,自从这群歪果仁在中国吸猫撸狗以后。。。,11210
12074477,BV1sx411q7zg,5038,4393,1499688612,2017/7/10,2009,06:08,2921,//i1.hdslb.com/bfs/archive/56832534327370724065f74d9b44028bf3db9407.jpg,843705,658,20:10:12,原来歪果仁最喜欢这些中国爱豆啊！,25899
11949507,BV1Ex411z7SS,6238,6224,1499349642,2017/7/6,3105,07:05,5102,//i0.hdslb.com/bfs/archive/0c46d0630e21ea824df61d4ae440b17d949d27ba.jpg,1123586,4070,22:0:42,自从这群歪果仁组团在王者荣耀开黑以后。。。,11829
11732922,BV1Px411r7Px,8407,2951,1498738788,2017/6/29,4684,05:11,2796,//i1.hdslb.com/bfs/archive/a16a9b7d4d6be44f851cd5db8444529e0fe9fb07.jpg,1741881,1337,20:19:48,自从这群歪果仁在中国深夜撸串以后。。。,9800
11534644,BV1Ax41167UR,21484,9846,1498130070,2017/6/22,14735,06:35,39031,//i0.hdslb.com/bfs/archive/363a9a7a9eade06844e3fccdc0d77f32e9b61ecb.jpg,3281348,6076,19:14:30,自从这群歪果仁被中国方言虐到怀疑人生以后。。。,47665
11351102,BV1Ax411h7NW,9625,1944,1497530089,2017/6/15,3456,06:21,7186,//i2.hdslb.com/bfs/archive/f2d2e8d678edb6e7d5975b106df4194e91aa2fb2.jpg,1517819,1410,20:34:49,自从这群歪果仁玩嗨中国黑科技以后。。。,14645
11169177,BV1ix411a7S5,4090,3524,1496923338,2017/6/8,1228,07:29,592,//i1.hdslb.com/bfs/archive/58d704d32294daf9abfecbbb85fe71ca6e1a73ba.jpg,565248,1467,20:2:18,【高考特辑】自从这群歪果仁也高三毕业以后。。。,12270
10976410,BV1Ex411e7pN,9933,2309,1496238168,2017/5/31,3310,06:17,5419,//i1.hdslb.com/bfs/archive/2383d612ebb3cd777b4b9ad4795eba7b80c1f011.jpg,1150946,1094,21:42:48,自从这群小歪果仁来中国过儿童节以后。。。,5847
10822468,BV1Cx411Y7VR,9857,2044,1495721039,2017/5/25,4056,06:31,7490,//i0.hdslb.com/bfs/archive/f4ed46e1860d2d582227026e8c0318bedf6ffdb0.jpg,1584294,1091,22:3:59,自从这群歪果仁被中国基友套路以后。。。,11400
10650247,BV1hx411v7DC,12668,3255,1495110180,2017/5/18,6053,05:49,16455,//i1.hdslb.com/bfs/archive/ac5903a2acaab061438878e17114943365731064.jpg,2217244,2655,20:23:0,自从这群歪果仁中了中国零食的毒以后。。。,16209
10485510,BV1Rx411m7zV,5082,2522,1494513757,2017/5/11,2614,06:58,2403,//i2.hdslb.com/bfs/archive/8e4469925dbaca5a8164a2824c9af874e17d48bc.jpg,1039024,736,22:42:37,自从这群歪果仁被中国综艺套路以后。。。,12491
10314621,BV1Px411m7qm,8476,2369,1493911279,2017/5/4,4005,05:11,6962,//i0.hdslb.com/bfs/archive/d579dd99ad975e99225c999380a44fd751cbd677.jpg,1440161,1727,23:21:19,自从这群歪果仁发表情包上瘾以后。。。,6506
10263719,BV1ox41127p1,3785,1396,1493729899,2017/5/2,597,13:18,418,//i2.hdslb.com/bfs/archive/77d8652a1b822dc92e0b4ba707f783928b426c69.jpg,423874,397,20:58:19,【泰国大挑战】歪果仁用现金，中国老大爷用手机，谁能过得更滋润？,6046
10136337,BV1Fx411S7AG,21138,3354,1493298688,2017/4/27,9476,04:54,12312,//i2.hdslb.com/bfs/archive/6aac4754dc67223c3353bbb7991bdf7a3ff3734d.jpg,1967722,3597,21:11:28,自从这群歪果仁沉迷中国电视剧以后。。。,15833
10096280,BV12x411U74i,8681,2980,1493130573,2017/4/25,6088,02:23,6027,//i1.hdslb.com/bfs/archive/c5877f54a9438139e97a682979dcc604dfca6ff7.jpg,1079992,1674,22:29:33,最假的歪果仁：中外男友到底哪里不一样,4407
9972459,BV1ux411U7VE,4969,1031,1492690217,2017/4/20,1405,04:05,1364,//i2.hdslb.com/bfs/archive/70a7d8a29e1c68d226935bf459bee9e554849d17.jpg,737328,366,20:10:17,自从这群中国人浪出国门以后。。。,3398
9815873,BV1Xx411S7bK,11416,2154,1492086402,2017/4/13,4282,06:01,14801,//i1.hdslb.com/bfs/archive/4066b6c08339efeeb903e07dcf1d03ad948a7f4e.jpg,1556161,1366,20:26:42,自从这群歪果仁爱上中国外卖以后。。。,9758
9653004,BV1Cx411Q7nT,5102,2726,1491477595,2017/4/6,1333,06:37,801,//i1.hdslb.com/bfs/archive/e1fbb6400dc068a53eb69f0c44c7966505f9ad39.jpg,590585,479,19:19:55,想知道这群歪果仁为什么也买不起房么？,5207
9491751,BV1Rx411D7cp,10979,3882,1490883229,2017/3/30,3628,05:26,4110,//i2.hdslb.com/bfs/archive/64bb59917fac0020c896c7b4ff7de39b6a0a4f49.jpg,1331690,1420,22:13:49,自从这群歪果仁在中国狂飙共享单车以后。。。,8949
9345244,BV15x411k7RH,10115,2555,1490275188,2017/3/23,2923,05:43,1852,//i1.hdslb.com/bfs/archive/537b3ab0ff2620f33dd628baa3f40731866c7106.jpg,1041957,677,21:19:48,自从这群歪果仁游遍中国以后。。。,12160
9222431,BV1qx411r7hs,8190,3172,1489757093,2017/3/17,2212,05:29,1246,//i1.hdslb.com/bfs/archive/c6386388731285d171ea02e7210afd6285b89243.jpg,581097,823,21:24:53,想知道这群歪果仁怎么看性教育吗？,5528
9165567,BV1Dx411C7iQ,12455,1995,1489493367,2017/3/14,3190,05:17,1428,//i0.hdslb.com/bfs/archive/8935e93a82a1a398741228ed3ea9a91fe86d3ea6.jpg,1069842,1325,20:9:27,自从这群歪果仁被中国国货征服以后。。。,8501
9060217,BV1tx411C78q,9500,4236,1489062084,2017/3/9,5702,04:54,5265,//i2.hdslb.com/bfs/archive/f599d4526e2987704d842a8b5386585d3459e551.jpg,1466667,1491,20:21:24,自从这群歪果仁在中国追星以后。。。,31618
8925766,BV1Ux411k7pV,13304,2370,1488458073,2017/3/2,5060,04:48,2361,//i0.hdslb.com/bfs/archive/52e4339615ee1938847d5b741cccdc69aa441461.jpg,1240613,1836,20:34:33,自从这群歪果仁被中文搞懵以后。。。,11293
8789141,BV11x411y7ys,45492,5988,1487856496,2017/2/23,48331,04:50,57718,//i2.hdslb.com/bfs/archive/744e44f43ea2d58c81b6a3d759ba667a4f832f10.jpg,5127291,11921,21:28:16,自从这群歪果仁被中式英语带跑偏以后。。。,30898
8651512,BV1Nx411y7if,10931,2309,1487243464,2017/2/16,5325,04:12,12171,//i1.hdslb.com/bfs/archive/7c874f512af5b31164b255d1715df2d0e922d3ec.jpg,2109528,1046,19:11:4,自从这群歪果仁沉迷于中式“休闲”以后。。。,9962
8594542,BV1bx41127F2,16122,2701,1486987746,2017/2/13,9634,04:17,15276,//i2.hdslb.com/bfs/archive/dc2a6e8beb82c48621389dc9d25ac10498ad4355.jpg,2191306,3802,20:9:6,自从这群歪果仁谈了中国对象以后。。。,12683
8463515,BV1Ux41117F9,25709,4145,1486466598,2017/2/7,14755,04:43,4668,//i0.hdslb.com/bfs/archive/4a8b81afd01ae82d217f7b5ecc0f940d8ab046c7.jpg,1926376,5252,19:23:18,自从这群歪果仁沉迷中国KTV以后。。。,21761
8237293,BV1Ks41187JM,21808,3383,1485432816,2017/1/26,7493,05:26,9157,//i2.hdslb.com/bfs/archive/0514c1b2e10ee5a1c30a2b1ebaecd7cd51896d2b.jpg,2040160,1610,20:13:36,自从这群歪果仁着魔于中国春节以后。。。,18859
8196245,BV19s411b7un,6106,1718,1485255384,2017/1/24,2990,04:23,1006,//i2.hdslb.com/bfs/archive/2a8ba54aa3af4029f62749ec60910351c51d13a1.jpg,955046,1609,18:56:24,自从这群歪果仁沉迷中国某撩妹(han)软件之后。。。,5984
8100299,BV1Ps411a7Vd,24658,5007,1484826371,2017/1/19,10581,04:45,9011,//i1.hdslb.com/bfs/archive/cf37c9057ae2789be0c52882c0fba25d850bc870.jpg,1975351,3252,19:46:11,自从这群歪果仁沉沦于中国美食以后。。。,20050
7975249,BV14s411h7nC,15969,3761,1484223259,2017/1/12,13561,04:08,7513,//i2.hdslb.com/bfs/archive/b1f0f72949ba63f72f44cee8d6cc2d8f0dd4d549.jpg,2036357,5443,20:14:19,自从这群歪果仁遭遇了中国考试以后。。。,12546
7865736,BV1Xs41187uH,15027,1630,1483614810,2017/1/5,7709,03:59,1784,//i1.hdslb.com/bfs/archive/d67bd95a5f88205152bc7b35d5965b5cd7d19143.jpg,1545826,1499,19:13:30,自从这群歪果仁看了国产片以后。。。,7521
7760464,BV1Ds411a7Wx,12585,870,1483071321,2016/12/30,9072,03:49,38295,//i1.hdslb.com/bfs/archive/2a48a92eb01c052ca5336a580417245e5c355dd7.jpg,2699151,4280,12:15:21,自从这群歪果仁开始逛淘宝以后。。。,9788
7632369,BV13s411a7D1,3984,658,1482323010,2016/12/21,1544,03:09,1113,//i0.hdslb.com/bfs/archive/126593218ebb27f8d37c2c7ec8362dab6851f672.jpg,849305,717,20:23:30,自从这群歪果仁入坑了美颜神器以后。。。,2775
7527008,BV1Js411e7QJ,4565,628,1481717915,2016/12/14,1860,03:11,1258,//i2.hdslb.com/bfs/archive/329504ed667f03a8e82858322970dc86072fa8fb.jpg,869366,819,20:18:35,自从这群歪果仁尝试了微信红包以后。。。,2545
7156916,BV1Ys411W7vi,1293,303,1479517076,2016/11/19,534,04:24,376,//i0.hdslb.com/bfs/archive/198ced1698a5cc9a8d70b308cbfb572c6369dc4a.jpg,175903,348,8:57:56,【歪果仁研究邪会】第五会：致前任的一句话,1841
7040481,BV14s411x7Dj,537,243,1478777598,2016/11/10,141,04:58,314,//i0.hdslb.com/bfs/archive/f8e77403cd25c47e6caf6ecdcc33c0993830f617.jpg,116898,51,19:33:18,《歪果仁研究邪会》第四会：赞美说说呗,623
6660756,BV1Ws41147sJ,892,240,1476360204,2016/10/13,225,04:47,906,//i0.hdslb.com/bfs/archive/d97ea045622ab70a528df3272b27a95644a755f8.jpg,188775,56,20:3:24,【歪果仁研究邪会】第三会：整蛊那些事儿,709
