﻿aid,bvid,coin,comment,created,date,favorite,length,like,pic,play,share,time,title,video_review
413484189,BV1rV411r7TF,13216,3445,1591959094,2020/6/12,5303,03:15,140360,//i0.hdslb.com/bfs/archive/60eb9383074625577cd5c69822a97cd4cb2b3ac3.jpg,2406880,2935,18:51:34,【朱一旦的破产生活】02 找了份新工作，没想到我也有今天,10941
455897147,BV1C5411p7sZ,14808,3856,1591699185,2020/6/9,6044,01:21,149934,//i0.hdslb.com/bfs/archive/0f0f1f7f409e713da89c74d0c58e0a6600cd0866.jpg,2442132,3930,18:39:45,【朱一旦】197 帮助一名员工实现了网红梦,2690
498487886,BV1bK411p7ve,15713,3935,1591611101,2020/6/8,6732,01:45,123556,//i0.hdslb.com/bfs/archive/3ca550b696a34bc7fc0055299ee41ad2bd361337.jpg,2011537,2649,18:11:41,【朱一旦】196 写信告诉我，今夜海是什么颜色,4168
795918674,BV1fC4y1h7ve,34700,3313,1591443090,2020/6/6,9209,03:07,186834,//i1.hdslb.com/bfs/archive/6eeacd63c74af2c8e699044bbafcfb81c5a08788.jpg,2441693,2990,19:31:30,【朱一旦】195 为了给堂弟找女朋友，特地举办了一场比赛,7761
540978668,BV17i4y1x7Yt,9350,2324,1591368329,2020/6/5,4392,01:18,135035,//i1.hdslb.com/bfs/archive/e5b53de0483a0edba78bc13ee6257ee0fee66931.jpg,2528662,1914,22:45:29,【朱一旦】194 请最抠门的员工吃饭，搭进去一块劳力士,1917
243421666,BV1Zv411z7ty,13143,3128,1591264385,2020/6/4,5172,01:36,137961,//i1.hdslb.com/bfs/archive/4a58c02c305c6bb8f599da61f1e43d30f02f0564.jpg,2261901,3434,17:53:5,【朱一旦】193 找了个大师学习绝世武功，顺便治下内八,3086
498460141,BV1JK411p7zh,11111,2311,1591187444,2020/6/3,5111,02:40,114363,//i2.hdslb.com/bfs/archive/69022f02aed79e6adaaa364feea174b89e339621.jpg,1676412,1562,20:30:44,【朱一旦】 我和屏幕里的自己聊了次人生,2474
498383279,BV1NK411p7fK,11887,3360,1591017309,2020/6/1,5225,00:40,148326,//i0.hdslb.com/bfs/archive/709f7890f929f7ee8caa24245628fcf2d878bca8.jpg,2634366,5029,21:15:9,【朱一旦】192 为了祝大家儿童节快乐 辞掉了几个员工,3066
968408725,BV1Np4y1D7RS,6923,3191,1591007285,2020/6/1,4037,01:47,117518,//i1.hdslb.com/bfs/archive/03ba673c07e62ba8bc1d765aa110c6d44583ea26.jpg,1926247,1579,18:28:5,【牛一旦】01 不小心撞到了一个二流子，他反手踢了我一脚,2784
795789730,BV15C4y1p742,33352,5935,1590841532,2020/5/30,9617,02:09,172765,//i0.hdslb.com/bfs/archive/672148d0efedc30397f08b175ce49b98fe7435d6.jpg,2766624,5572,20:25:32,【朱一旦】191 朋友指责我是黑心老板！挖走了我的员工！,6802
200870482,BV1Nz411i7iL,10869,4044,1590490272,2020/5/26,6296,01:42,139844,//i1.hdslb.com/bfs/archive/17c909f3d4ac43efa6b11dff1c72af1399b10d7b.jpg,2857621,4519,18:51:12,【朱一旦】190 碰到了一位不经意露出劳力士的保安,3469
200865319,BV19z411v7fE,40389,8493,1590409257,2020/5/25,12892,11:24,183174,//i2.hdslb.com/bfs/archive/ca91bdfb46436e4cafacb12e1ff5a5e567c321b6.jpg,3582697,26293,20:20:57,【朱一旦】189 打赢我，这块劳力士就是你的,18681
925758229,BV12T4y1u7tq,58966,5244,1590314421,2020/5/24,14105,02:25,283657,//i1.hdslb.com/bfs/archive/6d82dc9c8b5ff678b007269af258ee46a9c90e4d.jpg,3172736,4680,18:0:21,【朱一旦】188 今天来翻旧账！,13380
285856453,BV1Wf4y127Sg,15234,5750,1590231476,2020/5/23,7353,02:41,154699,//i1.hdslb.com/bfs/archive/d98b71c7d59adba8f376b3e5211530779319f01e.jpg,3021235,4609,18:57:56,【朱一旦】187 建议大家不要开法拉利去相亲,4951
668186830,BV1Za4y1i7B3,20853,8779,1589801803,2020/5/18,7843,01:56,161569,//i0.hdslb.com/bfs/archive/1ba9152371ef12822d805350e3a8c4fe26744a4b.jpg,2851029,6299,19:36:43,【朱一旦】186 全体起立！今天把我成功的秘诀告诉你们！,6596
668197945,BV1Qa4y1i7Rj,13690,5375,1589717164,2020/5/17,5976,03:29,160783,//i2.hdslb.com/bfs/archive/c40f77f783a4ea7a1359e63724e28316bdcd0d3f.jpg,3088182,3231,20:6:4,【朱一旦的破产生活】01  终于可以体验人情冷暖了,20277
200665782,BV1Yz411q7SV,52412,5877,1589374675,2020/5/13,15038,01:37,266005,//i1.hdslb.com/bfs/archive/4aebcdaecd0bfdd070fbbf43b89ca12e22eec426.jpg,4168076,4642,20:57:55,【朱一旦】184 从来没见过这么惨的网红！,5293
838043987,BV1Jg4y167yK,21900,4388,1589031788,2020/5/9,7825,01:44,196116,//i2.hdslb.com/bfs/archive/c5c26b51d256dc3d0d3c377ac44d303450c7621c.jpg,3517922,4368,21:43:8,【朱一旦】183 自行车跟法拉利有什么区别？,4805
498044499,BV1ZK41157fm,42112,8256,1588845603,2020/5/7,10117,05:22,192109,//i2.hdslb.com/bfs/archive/ba787dac26495962cdd38d2e736edcd6fa72b1d0.jpg,3043406,12472,18:0:3,【朱一旦】182 原来这就是传说中的猛男粉,35264
583100568,BV1vz4y1R7YX,177960,11853,1588682027,2020/5/5,27725,01:30,379094,//i2.hdslb.com/bfs/archive/e58598c1236ccd2233d1af7c1844a887e5801785.jpg,4581314,8178,20:33:47,【朱一旦】181 我的编剧跑路了,6005
285578289,BV1Sf4y1m7Vs,409864,39978,1588600081,2020/5/4,131679,02:48,508815,//i2.hdslb.com/bfs/archive/ffe0550467917924f31d86420fe81447bc0ee67b.jpg,5626483,136706,21:48:1,《非浪》| 朱一旦献给新员工的演讲,36474
498071077,BV1ZK41157sh,68642,6992,1588559455,2020/5/4,24857,03:29,223985,//i2.hdslb.com/bfs/archive/1799411bc6a5d72071cecff949c0db8b4b13be16.jpg,2401662,7079,10:30:55,【朱一旦单曲】我们走在非洲大道上！,9621
837965641,BV12g4y1z7JF,32331,5991,1588334139,2020/5/1,8955,05:27,179140,//i2.hdslb.com/bfs/archive/3ed0e267ada37bd7c72767bd183d9d38848d4ab4.jpg,3000927,8844,19:55:39,【朱一旦】180 你向我走一步，剩下的九十九步我来完成,47958
795460689,BV1LC4y1W7MK,14076,6060,1588303650,2020/5/1,7624,02:09,134567,//i0.hdslb.com/bfs/archive/d695a0c2f866eee4d999bac3663f614c10cbeb44.jpg,2217849,5140,11:27:30,【朱一旦】五一假期一周搭配｜朱一旦的枯燥穿搭,9201
667877647,BV1na4y1478E,25254,6279,1588068047,2020/4/28,9868,02:56,208233,//i1.hdslb.com/bfs/archive/9088baa407fd8fbbaa85c0816b324ce415053356.jpg,3541347,7916,18:0:47,【朱一旦】179 轻描淡写的订购了1000辆汽车,9488
752887306,BV1ek4y1r7iL,38726,4996,1587955990,2020/4/27,12271,01:44,253002,//i0.hdslb.com/bfs/archive/43b195648527bb302afc9f7c340f803c79b445c0.jpg,3931275,5177,10:53:10,【朱一旦】178 主角不够坏 小说没人爱？,5224
455467367,BV195411x7nb,48868,9769,1587895924,2020/4/26,18166,04:02,209684,//i1.hdslb.com/bfs/archive/14f99268071780dde1a97368ae4407d6d4b213ad.jpg,4096439,14860,18:12:4,【朱一旦】177 像我这样的人,23801
967864470,BV1ap4y1X7Ro,268595,21352,1587549980,2020/4/22,78584,05:46,434004,//i1.hdslb.com/bfs/archive/edb048dd4cd46cdd938372c1d90f9ffe2cd5eb3a.jpg,4554831,37498,18:6:20,【朱一旦】176 我们不再相爱了,38572
455329310,BV1Q5411t7ey,78242,7844,1587301003,2020/4/19,24549,02:04,331604,//i2.hdslb.com/bfs/archive/be340fdac27e219dd04822012f2959eabe2c88b2.jpg,4899983,21652,20:56:43,【朱一旦】175 专业团队 为你服务,23667
837806779,BV1Xg4y187Xh,11318,4859,1587124856,2020/4/17,6002,01:08,162865,//i0.hdslb.com/bfs/archive/d567ce16d6f9bd05eb93d97ae7c653250a3a026b.jpg,3175108,2606,20:0:56,【朱一旦】174 学会游戏第一天，就打败了最强的红富市一把刀！,3027
412840373,BV1GV411Z7E4,52528,4806,1587041344,2020/4/16,16335,02:07,231805,//i1.hdslb.com/bfs/archive/cf3d34fb793baeb23f289f1a6787c8f2251dd894.jpg,3452063,4755,20:49:4,【朱一旦】173 这种青涩又暧昧的感觉，让我沉醉,8447
752815142,BV1qk4y1R73o,9634,7558,1587001070,2020/4/16,6653,00:46,137802,//i0.hdslb.com/bfs/archive/4c2fad1914e583373c0fef1302456a53bfb48ba2.jpg,2207687,1216,9:37:50,【朱一旦】读书等身，致我们热爱的书籍！,5529
752853215,BV1Dk4y1R7GS,222615,15985,1586961578,2020/4/15,69354,02:12,483137,//i2.hdslb.com/bfs/archive/c69b159ba5d2fff2203b42d108e89c16b6baeb80.jpg,5293301,89152,22:39:38,【朱一旦】172 绿色且豪华的出行方式,31460
882705808,BV1yK4y1r7dA,15733,5091,1586782314,2020/4/13,7496,01:04,179969,//i0.hdslb.com/bfs/archive/e4a5b3dd97ecfc6f20edb23082d8d418ecd96fe2.jpg,3320539,4324,20:51:54,【朱一旦】171 在公司开了网吧宾馆一条龙服务,4521
882669211,BV1WK4y1r77C,148527,19184,1586602637,2020/4/11,39386,03:51,333289,//i0.hdslb.com/bfs/archive/f7b3134aba5eb5e08b7900cb7bed6034b7a27dd3.jpg,3291300,17990,18:57:17,【朱一旦】170 我是一只流浪猫,18313
455249098,BV1i5411t7uA,160447,7495,1586166298,2020/4/6,41307,05:41,430309,//i1.hdslb.com/bfs/archive/5d1259e181b050038b1e5c82a36c1a46afb1af62.jpg,3810898,9770,17:44:58,【朱一旦】168 好马配好鞍 好旦配好奶,22329
967620012,BV1pp4y1C7SU,12940,4907,1585909846,2020/4/3,6771,01:31,172878,//i1.hdslb.com/bfs/archive/845043d09a7e14560ddc45c9bc4e0be0a02b033c.jpg,3613662,4537,18:30:46,【朱一旦】167 与员工进行一场卡丁车比赛！,3569
327523390,BV12A41187UX,70472,6517,1585820695,2020/4/2,16977,01:46,266062,//i2.hdslb.com/bfs/archive/bf2804ed35e277389023682715a9d225b386d5fe.jpg,4290758,11381,17:44:55,【朱一旦】166 喜迎暴发户回归母亲怀抱！,6368
882578763,BV1mK4y1C7A4,23671,6617,1585737973,2020/4/1,9696,01:33,201253,//i2.hdslb.com/bfs/archive/eb56dd699f808f668d4543762682d38d23605012.jpg,3779104,3704,18:46:13,【朱一旦】165 我被律师函警告了,3750
582579620,BV1A64y1u7xD,23668,3634,1585737973,2020/4/1,12953,01:17,259106,//i0.hdslb.com/bfs/archive/c8137f27adbb421b55f6fe95394322e61945a314.jpg,4989831,6366,18:46:13,【朱一旦】164 我，破产了！！,8947
412578164,BV1YV411f7L7,35759,11452,1585480998,2020/3/29,13749,01:32,284031,//i0.hdslb.com/bfs/archive/0b5954e61366e0d74e3bbb58d60597aad3cbb3d7.jpg,4604463,6242,19:23:18,【朱一旦】163 有些话想对近期取关的粉丝说,13878
840059070,BV1o54y1R7fo,153518,11332,1585318635,2020/3/27,34216,02:48,378094,//i0.hdslb.com/bfs/archive/33d6edaa43eac8588c64110d5169397820bb785a.jpg,4613857,18317,22:17:15,【朱一旦】162 我还是曾经那个少年,52241
752537818,BV1yk4y1d7et,28649,8128,1585225097,2020/3/26,9365,03:47,162838,//i0.hdslb.com/bfs/archive/26ea0b1ed0c9f469170bc59d052c403895fa912d.jpg,2988556,14395,20:18:17,【朱一旦】161 全都是泡沫 只一刹的花火~~,48562
99142066,BV1B7411y7LT,102710,8119,1585132245,2020/3/25,27183,10:20,285795,//i1.hdslb.com/bfs/archive/dc5b523d2710fd90ab2c28a59dbb84e7916469b9.jpg,3310521,14374,18:30:45,【朱一旦】160 非 洲 之 光,54554
97810486,BV1FE411A7g7,11402,3326,1584702020,2020/3/20,5079,01:58,134593,//i0.hdslb.com/bfs/archive/c2522bdeb7b282413d3310135d24db258741ab1c.jpg,2875884,2846,19:0:20,【朱一旦】158 不着痕迹的笼络员工，就是这么简单,6007
97657087,BV1NE411N7Lv,21252,4423,1584621532,2020/3/19,7883,02:21,188955,//i0.hdslb.com/bfs/archive/fcde8d06e0bbb845305521d5d18d0bf4d9d561ec.jpg,2901845,4243,20:38:52,【朱一旦】157 雇人每天中午给我收垃圾，月薪三千,4632
96823864,BV1d7411o7XH,120283,6926,1584361772,2020/3/16,23734,04:47,319430,//i0.hdslb.com/bfs/archive/15e0a4ef3d7f8f6203d7a182c3ff2e29871a529c.jpg,3988689,13845,20:29:32,【朱一旦】156 纯情中年少女沦陷记,56798
96028637,BV16E411G7on,37241,7221,1584102577,2020/3/13,10427,05:53,177578,//i0.hdslb.com/bfs/archive/7a5009478c579f059b364741e926252f90e61382.jpg,3625283,12835,20:29:37,【朱一旦】155 没有如果,46111
95474997,BV1VE411L73q,12949,3298,1583926736,2020/3/11,5071,01:20,138467,//i2.hdslb.com/bfs/archive/d885df969f9fdb9964539651f0863850a4823566.jpg,3001180,2834,19:38:56,【朱一旦】154 学会这种驭人之术，你也能戴劳力士,2995
94959465,BV1GE411T7GE,65802,9805,1583753869,2020/3/9,15855,03:21,239681,//i2.hdslb.com/bfs/archive/4c431475864fef60f21640dfcc02b0ade7cfaf5b.jpg,3885994,23085,19:37:49,【朱一旦】153 恋爱跟被扇耳光是同一种感觉,49133
94461996,BV1wE411g76k,31107,7811,1583585649,2020/3/7,10798,02:11,201068,//i2.hdslb.com/bfs/archive/ec9b7a0f52b6db67da5db3d1a7d623745036bd09.jpg,3866951,9834,20:54:9,【朱一旦】152 每月一次的相亲，竟然忘记戴劳力士了！,13578
94200371,BV1ME411p7um,39950,7562,1583496275,2020/3/6,11591,02:43,210224,//i0.hdslb.com/bfs/archive/c019897ff0b78fabcaacb560f45bffc392f95638.jpg,3599153,19928,20:4:35,【朱一旦】151 糟糕！是心动的感觉！,25210
93738615,BV1TE411x7oQ,34479,5875,1583347319,2020/3/5,13004,02:47,235249,//i0.hdslb.com/bfs/archive/eb06adbaddbee7a80de3814c2e08d8fc6f6bd73e.jpg,4558045,21319,2:41:59,【朱一旦】150 旦炒饭和烤冷面,13963
93098819,BV1zE411j7sS,26340,6250,1583145013,2020/3/2,9067,02:00,175871,//i2.hdslb.com/bfs/archive/044d05393fbf20d97c59b2a2faf8705d29df1bd9.jpg,3457566,11102,18:30:13,【朱一旦】149 当老板的快乐就是这么朴实无华且枯燥,11792
92476445,BV1hE411H7pC,12181,3938,1582945243,2020/2/29,7154,01:35,125594,//i2.hdslb.com/bfs/archive/744151924da0b4bd0974d6fd14709e35520b713d.jpg,1903491,3158,11:0:43,【运动版朱一旦】居家健身运动，愣着干嘛，进来交作业！,7618
92157578,BV1J7411N7hc,28133,6607,1582799244,2020/2/27,9462,01:22,183060,//i0.hdslb.com/bfs/archive/69d9519adb157724a304e416a6e98b1cbccf2fc9.jpg,3506644,8412,18:27:24,【朱一旦】148 发现了一个全新的商机！,6214
91641493,BV197411T7Ar,18384,6444,1582626617,2020/2/25,8000,02:10,158207,//i0.hdslb.com/bfs/archive/cb2e8591dcaa3856183931b95dda1411d86f8ab9.jpg,3523698,5866,18:30:17,【朱一旦】147  今晚月光很美，适合……刺猹？,9936
91243304,BV1Y7411M7VD,22133,4002,1582511760,2020/2/24,16569,06:11,105035,//i0.hdslb.com/bfs/archive/2d706d4cd42338849b7d5f42027bef97f269cd5b.jpg,1797342,6572,10:36:0,奇怪的健身动作增加了！,24414
90908310,BV1q7411c7FN,28245,6860,1582371511,2020/2/22,9721,01:10,186373,//i1.hdslb.com/bfs/archive/75a3e3654fc02bbea0d6ca9ab6e5727f3dfb4458.jpg,3982824,8565,19:38:31,【朱一旦】146 你说，我这一辈子是不是完了？！,12583
90636031,BV1k7411w79Z,25403,3676,1582286442,2020/2/21,8896,01:43,163762,//i1.hdslb.com/bfs/archive/1ce450922eef48176ab8fe212bf40c3acb449b0b.jpg,3396010,8581,20:0:42,【朱一旦】145 线上办公的日常,4746
90142725,BV1J7411j7TG,25796,3982,1582106232,2020/2/19,9441,02:11,171809,//i1.hdslb.com/bfs/archive/8f0a8ae177fc46f6c89b853a1c40f71f3ec01349.jpg,3500917,6898,17:57:12,【朱一旦】144 今天打算做一天监工,5848
89692415,BV1Q7411j7CM,29267,5895,1581937740,2020/2/17,10029,01:22,185712,//i1.hdslb.com/bfs/archive/92670610b11eabcf3d307f0df792b0a461e331cc.jpg,4162692,5045,19:9:0,【朱一旦】143 听听钞票蒸发的声音,5419
88460964,BV1P7411V7Ga,2025001,46334,1581504968,2020/2/12,582172,03:12,1586799,//i0.hdslb.com/bfs/archive/ff6b51458223751d9d3efbe191fbf045bc1ea56f.jpg,9839346,411693,18:56:8,【朱一旦】142  一块劳力士的回家路,88370
88038773,BV1c7411t7Dr,456494,5589,1581339237,2020/2/10,59436,02:14,621053,//i2.hdslb.com/bfs/archive/6348926707a7292b5d285f529a4e281805405442.jpg,5358944,10572,20:53:57,【朱一旦】141 这次，我真的只想当个好人！,10714
84864707,BV1L7411Y7PP,6539,1173,1579879852,2020/1/24,2379,00:48,60566,//i2.hdslb.com/bfs/archive/44835fdf62406322bd6abdf3c9b90f4cc67e1a56.jpg,1398740,1302,23:30:52,【朱一旦】枯燥的拜年，旦总原声大碟！,2383
84685262,BV1a7411a7jD,118889,4055,1579780826,2020/1/23,25141,03:57,334618,//i0.hdslb.com/bfs/archive/b0243c774de38fae60f2045dd35f5696e58f3eea.jpg,4196082,5834,20:0:26,【朱一旦】140 收到拜年消息，我反手就发了10万红包出去！,31161
84603805,BV1B7411e7Gv,35396,16245,1579710604,2020/1/23,12317,01:09,219136,//i1.hdslb.com/bfs/archive/f5c9781b55bc73854e5a5de98c5ad7fcab901738.jpg,4824225,13565,0:30:4,【朱一旦】139 出门在外，口罩常戴！,4948
84442949,BV127411Y7qE,15911,2731,1579609387,2020/1/21,6217,01:50,128702,//i1.hdslb.com/bfs/archive/540c5616aae255422f4f69dd1c16e590d5117e04.jpg,3254319,2561,20:23:7,【朱一旦】138 如何把一块劳力士变成两块？,2319
83984913,BV1F7411q71v,199909,4014,1579343399,2020/1/18,48217,01:56,347454,//i1.hdslb.com/bfs/archive/26195c56544e30073b685dcd6faeef7a5c72b251.jpg,4975349,8069,18:29:59,【朱一旦】137 准备去故宫朝圣，有什么建议吗,7159
83804981,BV1nJ411E7Pd,9928,2003,1579263606,2020/1/17,5011,01:26,103635,//i2.hdslb.com/bfs/archive/c434436eb9f45460719a412f4121a90faea8f52e.jpg,2419530,4428,20:20:6,【枯燥宇宙】03 被食堂大妈“宠爱”是一种什么样的体验？,1243
83684083,BV1rJ41177Ug,20424,2575,1579167891,2020/1/16,8712,01:16,136306,//i1.hdslb.com/bfs/archive/6e6df1b19a9c19f9a2ced003abcb814ceafc666b.jpg,3606863,4964,17:44:51,【朱一旦】136 奖励第一个去我非洲公司报道的员工！,2181
83492181,BV1WJ411J7NM,129727,6817,1579062524,2020/1/15,34822,03:39,235423,//i2.hdslb.com/bfs/archive/8ae82758f7d785a89f7e721df966f42f1177634f.jpg,3517893,12245,12:28:44,【朱一旦】135 旦哩旦哩拜年祭，一旦女团出道！,12484
83255429,BV19J411n7nd,11116,1862,1578967215,2020/1/14,5432,01:27,115498,//i1.hdslb.com/bfs/archive/b9a8d11f64abd717bbceb1eb8292170a55d39706.jpg,3707630,2299,10:0:15,【朱一旦】134 为了看拜年祭，我一个电话辞退了一个精英员工,1645
83210971,BV1SJ411n7Sj,431854,3495,1578882913,2020/1/13,50022,01:33,474116,//i0.hdslb.com/bfs/archive/19adf1cf2587a40a5967d9a859f8d4053ca32241.jpg,4392654,3802,10:35:13,【朱一旦】133 把我身上最值钱的东西，放进了他的碗里！？,29250
82996504,BV1VJ411p7tD,10413,1831,1578740531,2020/1/11,4376,01:15,103607,//i2.hdslb.com/bfs/archive/430b5c53b02e1ec409c5a0025ab34a57114747f2.jpg,3065484,2153,19:2:11,【朱一旦】132 特意派记者去采访了公司的精英！,985
82710578,BV19J411G7bD,19366,2830,1578564947,2020/1/9,7268,01:31,147836,//i0.hdslb.com/bfs/archive/4cb5777caac4a46ac7d3647c3e4e87ddd93ea85c.jpg,3509468,4687,18:15:47,【朱一旦】131 一天一百集 谁也抵挡不了,2343
82534855,BV1hJ41157Lh,59860,6043,1578477640,2020/1/8,15455,07:09,232261,//i1.hdslb.com/bfs/archive/cfa03e4066c7cb0c46e06747c862f3626e23ca8b.jpg,3404621,9681,18:0:40,【朱一旦】130 一旦一旦大侠遇见那个给他劳力士的人,44531
82334439,BV1bJ411V7rP,13835,2618,1578308240,2020/1/6,5522,01:21,105996,//i0.hdslb.com/bfs/archive/e7de4753cce00d62698914102df716e0fa8b8bbf.jpg,3420200,3719,18:57:20,【朱一旦】129 随手给无关紧要的员工涨了工资,2464
81926179,BV1RJ411j7zZ,15165,2460,1578054972,2020/1/3,5820,01:48,119589,//i2.hdslb.com/bfs/archive/a3ebd9ed51e05a61f8eeffe307ee197ee341d335.jpg,3545688,3822,20:36:12,【朱一旦】128 为重振老朱家的辉煌而努力！,3095
81479255,BV1vJ411h7yz,12691,2317,1577796265,2019/12/31,4598,01:42,111058,//i0.hdslb.com/bfs/archive/6f2198c7e05e09341a700c6733197be4c352531c.jpg,3122993,3562,20:44:25,【朱一旦】127 跨年之夜想给自己找点乐子！,2274
81029518,BV1ZJ411h7LU,528772,19033,1577539389,2019/12/28,123544,02:31,616047,//i0.hdslb.com/bfs/archive/0be1aa30a9d82823504accb7960b99385b7058f7.jpg,6833355,55833,21:23:9,【朱一旦】126 虽然凝视深渊，但依旧心向光明,22733
80757170,BV1jJ411Y7Ho,18347,2493,1577359880,2019/12/26,7092,02:17,111017,//i2.hdslb.com/bfs/archive/da2ba335808701df79819bff7923e462fe9f260f.jpg,3172164,3570,19:31:20,【朱一旦】125 最喜欢每个月突然发奖金，让员工感受单纯的快乐,5274
80632812,BV1YJ411W7ic,19340,2108,1577273693,2019/12/25,8617,00:58,138670,//i1.hdslb.com/bfs/archive/b5a085713b2b736baa39dd37c802ef086a8877a1.jpg,4539887,7617,19:34:53,【朱一旦】124 为了量腿长特意买了棵圣诞树,2099
80098366,BV1HJ41147Xi,40013,5067,1577008829,2019/12/22,12365,04:43,131907,//i1.hdslb.com/bfs/archive/93ae1f536795ec6c79853c3068c17b2107dcffd2.jpg,2906376,6475,18:0:29,【朱一旦】123 寻“密”十八岁,16744
79964760,BV16J411x7hi,25867,2725,1576926008,2019/12/21,10259,03:45,126878,//i1.hdslb.com/bfs/archive/45a87fdc79961ebe828bb0c4eddb6e7e1cb1da8f.jpg,2521527,5229,19:0:8,【哔一旦】挑选一位人才，送出一张非洲船票,6167
79867861,BV1DJ411t7X9,19191,1694,1576760163,2019/12/19,6561,01:36,101854,//i1.hdslb.com/bfs/archive/d280cd1cb85ee4cf394bf7b24cb47b8b7023dc37.jpg,3474324,3025,20:56:3,【朱一旦】122 今天收藏了一幅世界名画——《蒙娜旦莎》,1508
79631894,BV1KJ411r7Jo,57326,4536,1576581959,2019/12/17,20267,03:32,151201,//i1.hdslb.com/bfs/archive/48fd9aadfb913a7de3b9c248b547e39802092b6c.jpg,2653575,19569,19:25:59,【朱一旦】121 给考研学子们的一封信！,8081
79511683,BV1JJ41167Wm,17169,2153,1576495690,2019/12/16,5285,01:54,104580,//i0.hdslb.com/bfs/archive/17e23d6daa0ca5f94be17a837843433399309aa7.jpg,2994810,4023,19:28:10,【朱一旦】120 带着侄子去做了一个惊艳的造型！,3603
79206618,BV1iJ411r7wD,35537,2813,1576321232,2019/12/14,12039,01:45,143250,//i1.hdslb.com/bfs/archive/112c85c353682efa7e5f5237afc9f100525cb7e1.jpg,3205131,7168,19:0:32,【歪一旦】偶遇一位外国友人，帮他完成了一个心愿,5210
78883216,BV1EJ41117zW,24717,2592,1576064127,2019/12/11,8921,02:08,121108,//i1.hdslb.com/bfs/archive/8b824cab5ba2b59c1ba8ab36a95b937ad6767649.jpg,3455761,8049,19:35:27,【朱一旦】119 又到了每个月的颁奖环节，这次特意找了个知名主持,3648
78778749,BV1mJ411y7D1,17351,2412,1575981693,2019/12/10,6960,01:44,106864,//i0.hdslb.com/bfs/archive/e54380c90f416f447f7b29c2408fa85a0ddca438.jpg,2975544,5965,20:41:33,【朱一旦】118 最近开车的时候总被人拦下,1264
78500192,BV1MJ411v71i,12202,3208,1575785391,2019/12/8,5304,03:50,91549,//i0.hdslb.com/bfs/archive/df23d677a8dcff6cb18fd0ce7d1e7e06b07a7323.jpg,2952904,3308,14:9:51,【朱一旦】117 年纪越大越害怕尝试新鲜,5823
78426590,BV1dJ411e7aL,17804,1746,1575728199,2019/12/7,5725,01:37,93948,//i2.hdslb.com/bfs/archive/95593d4ff6160d59b8048890d079568cb268fdf7.jpg,2513617,2030,22:16:39,【枯燥宇宙】02 我不做大哥好多年，就等着朱一旦快升天,1813
78265696,BV11J411i7SA,11673,1986,1575629112,2019/12/6,5273,01:09,96305,//i1.hdslb.com/bfs/archive/9bbed3684f93f8ac1268fe23ef116d4d4286e772.jpg,3284992,3884,18:45:12,【朱一旦】116 好才能贵 贵才能好,1456
78160466,BV1LJ411i7HA,39124,2523,1575547613,2019/12/5,12028,02:45,146829,//i2.hdslb.com/bfs/archive/f1e463adb05ea27b834ba875f22f4ec140d0ba71.jpg,3587996,8034,20:6:53,【朱一旦】115 她的烤冷面，让人天天都想念,5281
77934749,BV1mJ411q7Pp,12005,2387,1575370503,2019/12/3,6558,01:49,91632,//i1.hdslb.com/bfs/archive/c34673ea44ff5b136edc6fa3be964de259d5ef0c.jpg,3068430,5362,18:55:3,【枯燥宇宙】01 每天下午三点，在办公室寻找一个单身男孩,3246
77836327,BV1ZJ411z71P,28396,5794,1575290550,2019/12/2,8607,01:38,115083,//i2.hdslb.com/bfs/archive/247035d7d401b8a58cee55ddf9727076f88be816.jpg,3126548,4448,20:42:30,【朱一旦】114 不管影响是大是小，至少今天我真实存在,3104
77442854,BV1HJ411Q7VW,14279,3018,1575028907,2019/11/29,8279,01:31,117672,//i0.hdslb.com/bfs/archive/da1731f8dd2d24011328668dc2ee371621a9af83.jpg,5324212,8318,20:1:47,【朱一旦】113 给侄子找了一位家教，每小时2000元！,5161
77125809,BV1LJ411X7iZ,199623,8149,1574772452,2019/11/26,46669,02:56,305093,//i2.hdslb.com/bfs/archive/99822b6e4a4561e402183e0fe2c1633b85335752.jpg,4566701,19119,20:47:32,【朱一旦】112 沉默在尖叫,6790
77009888,BV1aJ411R7dy,10124,2042,1574683554,2019/11/25,4025,01:16,88444,//i1.hdslb.com/bfs/archive/789e296c83630e2104008e5ebd244898e2689d50.jpg,3088692,2623,20:5:54,【朱一旦】111 招了一名文学系博士，来给我写赞美诗,2182
76610796,BV1fJ411R7vT,18172,2672,1574421883,2019/11/22,6843,01:27,100088,//i0.hdslb.com/bfs/archive/558480e30f3917f000f2ecde87399b653a6e73b8.jpg,2870939,5337,19:24:43,【朱一旦】110 赞助了一个拆房大赛，竟然包揽了八项大奖！！,1867
76492278,BV1bJ41127hf,21206,1619,1574331542,2019/11/21,8565,01:38,103593,//i1.hdslb.com/bfs/archive/34afe2b60ad6150d359b67e696a85c05053796e5.jpg,3533296,2519,18:19:2,【朱一旦】109 他拿着一箱纸，抵了我20万的账,1887
76384370,BV1oJ41117MV,7331,1446,1574244843,2019/11/20,3452,01:16,65637,//i2.hdslb.com/bfs/archive/5b80ebd934ba4079a93b1376e8b6c3037e49bd60.jpg,2368568,3494,18:14:3,【朱一旦】108 不会画饼的老板不是好老板,946
76163870,BV18J411m7tX,21314,2940,1574077490,2019/11/18,6262,01:16,96907,//i0.hdslb.com/bfs/archive/93c07a9dd4746683511108f76d6b3bde147a841e.jpg,3407971,5428,19:44:50,【朱一旦】107 占了我的杂物间 口号喊得震翻天  我不由得想帮帮他们,1834
75762445,BV1MJ411U7Fm,10236,1806,1573812038,2019/11/15,4022,01:07,78800,//i2.hdslb.com/bfs/archive/ee8188309990693ad6cda23ce730f4860a00ce6f.jpg,2702986,2853,18:0:38,【朱一旦】106 找了个地方，掏出飞机，回忆童年,1682
75666068,BV1nJ411D7na,20029,2740,1573732205,2019/11/14,6513,02:40,114608,//i0.hdslb.com/bfs/archive/5d722d4d4c792f822cac99a481fe1b0bc21f18c1.jpg,3457321,4000,19:50:5,【朱一旦】105 找人陪我兜风，一小时500,4987
75557803,BV1iJ411S7Gb,10531,1974,1573640544,2019/11/13,4175,00:54,78729,//i1.hdslb.com/bfs/archive/99da1b01e394dbcac7dded14cddc3ef982bd3a87.jpg,2713179,3810,18:22:24,【朱一旦】104 为爱信仰充值 秒变摄影大师,1039
75454483,BV1hE411e7YM,21120,3862,1573553736,2019/11/12,8335,01:17,108650,//i0.hdslb.com/bfs/archive/d5c2e9e58d78d1352353a505810ddda38da4873d.jpg,3506165,8699,18:15:36,【朱一旦】103 又到了每个月我最喜欢的发工资环节,2802
75223340,BV1wE411i7RH,8047,1660,1573378037,2019/11/10,3830,01:08,71520,//i0.hdslb.com/bfs/archive/5682a98565d2f707ba05783ec00ead196d270661.jpg,2912443,1592,17:27:17,【朱一旦】102 看着一个导演从堕入深渊到迷途知返，十分欣慰,951
74878234,BV1KE411q7NT,61862,6414,1573131727,2019/11/7,15489,01:16,179914,//i2.hdslb.com/bfs/archive/5962b24d41c37ce0fba06d9af38d35696cffcb96.jpg,4585928,11267,21:2:7,【朱一旦】101 赚钱有道 羊毛少薅 一旦知道 非洲警告,2783
74753282,BV1bE411i7gV,19872,2462,1573036256,2019/11/6,6453,01:26,103004,//i2.hdslb.com/bfs/archive/f479553ebd5ea0909c90623153914c113131faaf.jpg,3239726,3562,18:30:56,【朱一旦】100《中年的你》——少了几分戾气，多了几分镇定,4468
74432260,BV1xE411b7UR,504624,6712,1572780618,2019/11/3,98851,03:42,484917,//i0.hdslb.com/bfs/archive/52d425393a9715a90ddc2cf9c168a5ab9d55fe44.jpg,5676727,22532,19:30:18,【朱一旦】99 劳力越戴，责任越大,13522
74290225,BV1CE411t7UP,19990,5242,1572692716,2019/11/2,7312,00:17,79588,//i2.hdslb.com/bfs/archive/15f2e647da9db8635ad3295caee77d6d47cd8294.jpg,3365511,15705,19:5:16,【朱一旦预告】你到底会不会玩？,3119
74150797,BV1YE41187Fm,16540,2160,1572603465,2019/11/1,7274,02:50,92955,//i0.hdslb.com/bfs/archive/1b8fdff7341bbf1cac731ddbb67c60da69f5644d.jpg,3526882,7276,18:17:45,【朱一旦】98 一夜暴富！在我奋斗的年纪，他已经开始退休养老,5867
73968210,BV11E411b7jf,27765,3852,1572446164,2019/10/30,7346,00:54,103835,//i0.hdslb.com/bfs/archive/15b5014cf4a19df3ff73d6fcbd75d8936fd0984c.jpg,3842769,20182,22:36:4,【朱一旦】97 旦愿人长久，非洲蜜月见,3113
73952733,BV18E411b7LG,45922,5253,1572438134,2019/10/30,13727,03:11,123836,//i0.hdslb.com/bfs/archive/b63a0689657b8f3f69357d16162b8a51722bbd1c.jpg,2551478,5565,20:22:14,【朱一旦】96 原声献唱！《K歌之旦》粤语版！,13298
73808938,BV1qE411h7Va,33086,3118,1572339641,2019/10/29,13923,01:40,173792,//i1.hdslb.com/bfs/archive/c1469cbeef1fd860f3fa179fd16374fe6c6bf561.jpg,5121061,4581,17:0:41,【朱一旦】95 我亲自来到了B站，找到了我的账号管理员！,3640
73492885,BV1hE411a7Rb,10257,1743,1572087887,2019/10/26,4639,01:27,84448,//i1.hdslb.com/bfs/archive/8c7af00e15ba5189e221d8ba0777773c956acd2b.jpg,4141587,2768,19:4:47,【朱一旦】94 从公司骨干，到路边开店 ，包教包会 ，不会不退,1330
73327887,BV1TE41117UQ,12427,2127,1571997316,2019/10/25,4506,01:45,76449,//i2.hdslb.com/bfs/archive/4156d3994a84f5ea4d48996c8d024283e27444c9.jpg,2983300,3719,17:55:16,【朱一旦】93 用爱情打败爱情！,1873
73219416,BV1CE411y7AH,8296,5728,1571911215,2019/10/24,4127,01:25,76701,//i0.hdslb.com/bfs/archive/2664cb7203f19e7c11915e9479de8da93c356c0a.jpg,3711535,3050,18:0:15,【朱一旦】92 灵机一动，把员工送去了非洲团建,2069
73157722,BV1VE411y7ZB,13797,2041,1571830439,2019/10/23,5205,00:59,83648,//i1.hdslb.com/bfs/archive/82574b2a4cb8c39c8b53a41a849d4db44d03026f.jpg,2856315,3646,19:33:59,【朱一旦】91 反转！领导变成下属了怎么办？,800
73036650,BV1JE411276T,8629,2234,1571745633,2019/10/22,3717,01:09,67864,//i0.hdslb.com/bfs/archive/13373973b3cb0837831764d606fe0d842d2ef1c9.jpg,2748349,2569,20:0:33,【朱一旦】90 开车不喝酒 喝酒不开车,1438
71706245,BV1HE411k7ME,10479,3545,1571479246,2019/10/19,5218,01:35,78135,//i1.hdslb.com/bfs/archive/5f40677d20c82e3adf4007b7926f974df324520a.jpg,3521789,3417,18:0:46,【朱一旦】89 有位成功人士，试图融入我的酒肉圈子,1908
71493693,BV12E411C7hp,27776,2755,1571306432,2019/10/17,9090,02:38,98028,//i0.hdslb.com/bfs/archive/2419ef2195841ce9c73c53ee8bcc0b079bad4c3a.jpg,3216267,3944,18:0:32,【朱一旦】88 才俊长安捉万妖，抬头看见一梵高,3966
71431473,BV1tE411C7BG,53247,3690,1571223895,2019/10/16,14823,01:22,130345,//i0.hdslb.com/bfs/archive/e2b8f117e474b1dd784e1bbc34bcca5ec3e64187.jpg,3224144,19279,19:4:55,【朱一旦】87  紧跟潮流，参加了一场别开生面的读书会,3694
71297620,BV1GE411o7tu,11844,2683,1571133617,2019/10/15,4345,01:46,79232,//i2.hdslb.com/bfs/archive/219dc0702fecd8f2dae0d75e790dbab2ac9ec9a6.jpg,3011948,3428,18:0:17,【朱一旦】86 最后，我到底有多少好机友,2041
71218927,BV1fE411d7ns,8785,2876,1571048425,2019/10/14,3541,01:03,63207,//i0.hdslb.com/bfs/archive/8162c25f1c84a4d37a6463e7adac3a971daf2c62.jpg,2913682,2593,18:20:25,【朱一旦】85 想谈一场不分手的恋爱,1445
70998206,BV1HE411Z7Ly,18224,2276,1570883851,2019/10/12,6984,01:27,93401,//i0.hdslb.com/bfs/archive/f07c7f7eab38256ca821068c1bc086409542851c.jpg,3907433,5293,20:37:31,【朱一旦】84 这！就是高级的教养,1689
70856624,BV1mE411o7E6,7763,1256,1570795217,2019/10/11,3214,00:56,65474,//i2.hdslb.com/bfs/archive/76da884fc0d6c5b2e088d6f0a45576f26af10bac.jpg,2738504,1387,20:0:17,【朱一旦】83 大电影计划有了新的进展,977
70778662,BV1RE411f7JX,130188,3613,1570707690,2019/10/10,44278,01:51,164000,//i0.hdslb.com/bfs/archive/a28931cd83cd9ce64488aea2026b0d8b1257f3d7.jpg,3536250,3970,19:41:30,【朱一旦】82 一定要记得说早安！,7342
70570211,BV1XE411Z7Ng,68268,5475,1570530855,2019/10/8,15333,01:33,160727,//i2.hdslb.com/bfs/archive/bb2c0b5fefce990efccfbd0e4d0a03fcb25ed4f9.jpg,6393298,14992,18:34:15,【朱一旦】81 吃饭就好好吃，你不能吃着饭就把锅砸了！,3090
70193663,BV1yE411D7gG,14479,2450,1570272475,2019/10/5,5532,01:27,85318,//i0.hdslb.com/bfs/archive/6f5e6e10766ebae0218ef7f3dd172efe7284cd01.jpg,3421450,3836,18:47:55,【朱一旦】80 二十天抓住短视频风口，半年实现财务自由！,1620
69914393,BV1mE411Q7Y4,17084,3270,1570096607,2019/10/3,6412,01:29,95320,//i0.hdslb.com/bfs/archive/06342eecd927d38929d3e14168768e63126d386f.jpg,3456970,4903,17:56:47,【朱一旦】79  在电影院包场，不是为了看电影，而是喜欢观察奇葩,2206
69648809,BV1uE41197Gd,10131,1785,1569926113,2019/10/1,4199,01:07,78028,//i0.hdslb.com/bfs/archive/d2c01e13c2f0b276557df563b8769e943e2a2908.jpg,3286785,2464,18:35:13,【朱一旦】78 终于有个老板能打败朱一旦了！,1077
69400725,BV1YE411R7Kg,13562,2223,1569757206,2019/9/29,5001,01:13,86204,//i0.hdslb.com/bfs/archive/29fd11b991dda715c229f8d40257fe1ffb9fd248.jpg,4365951,2727,19:40:6,【朱一旦】77 致富有道，别学小暴，破产之日，虽迟旦到,814
69289400,BV1fE41197iD,16440,3051,1569670543,2019/9/28,6728,01:17,98641,//i2.hdslb.com/bfs/archive/ef64c6b2e34c2738b1af97aaaca3802d9dc95752.jpg,4329035,5783,19:35:43,【朱一旦】76 在街边被记者们围住，问我月薪多少,1616
69167830,BV1mJ411T7Ny,9296,2258,1569583132,2019/9/27,4078,01:08,70264,//i0.hdslb.com/bfs/archive/b3f29d97689b175e4ecae2b66553bc52cdb6e0b9.jpg,3097847,2275,19:18:52,【朱一旦】75 我去参加了一场科技界的海天盛筵,1297
69054971,BV1WJ411T78g,16766,1703,1569496974,2019/9/26,5414,01:24,92765,//i1.hdslb.com/bfs/archive/e0b1deda7de9be84d495450bb4c24e866a132a5d.jpg,3183388,4204,19:22:54,【朱一旦】74 看着这个健身教练，我一度以为自己要完旦,1847
68911667,BV1nJ411u7Q1,11742,2219,1569405621,2019/9/25,4320,01:10,77935,//i2.hdslb.com/bfs/archive/36f645bfedcc111e61d3d95eb0388057aaedef10.jpg,2972689,3155,18:0:21,【朱一旦】73 我觉得，可以安排他去跑非洲马拉松了,1366
68762396,BV1eJ411M7jJ,23472,2731,1569239156,2019/9/23,8747,01:22,98895,//i2.hdslb.com/bfs/archive/34d6e1908d9387eee95eda4f97749d2a02fe223d.jpg,3769022,7466,19:45:56,【朱一旦】72 每月一次的面试，并不是为了求职,1757
68615520,BV1JJ411g7N2,109656,9682,1569148240,2019/9/22,44054,08:05,173650,//i0.hdslb.com/bfs/archive/79cc7fc91580b74c2da8427deaec6089fd74c2a5.jpg,4974868,26013,18:30:40,【朱一旦】71 每年的这一天，都会变身潮男，祭奠爱情,12500
68187773,BV1DJ411g7Fw,61537,3792,1568809250,2019/9/18,15441,01:30,131738,//i2.hdslb.com/bfs/archive/2e007039bfc8f26e2c06fe1d5014a89f8ca7cad8.jpg,4729005,8377,20:20:50,【朱一旦】70 怪我发展太快，长得太帅，处处给我使绊子,2760
68079639,BV1VJ411w7ow,99341,3289,1568716183,2019/9/17,20983,01:01,235977,//i2.hdslb.com/bfs/archive/b775e385687929da8e0d128365126ae6432c848d.jpg,5976365,8584,18:29:43,【朱一旦】69 做人不要太攀比 ！,2050
67976798,BV1DJ411c758,15033,2150,1568630329,2019/9/16,8131,01:09,100013,//i1.hdslb.com/bfs/archive/52fe8240f354eacdf64dbb23c2cd310d5a031cf6.jpg,4548322,2632,18:38:49,【朱一旦】68 以劳力绅士的身份，成为了最大的赞助商！,1799
67872012,BV1cJ411P7Gy,30120,1682,1568543571,2019/9/15,10443,01:03,104207,//i1.hdslb.com/bfs/archive/f42436f640e4f9329f4a79130632cb1e37eb06ce.jpg,3878793,4420,18:32:51,【朱一旦】67 百因必有果，你的闹钟就是我,1398
67620002,BV1VJ411N7TW,20234,2415,1568380459,2019/9/13,7871,01:27,109708,//i1.hdslb.com/bfs/archive/831d2a0791413c2609aa50bdc33b900b40763e0d.jpg,4684332,8328,21:14:19,【朱一旦】66 他说我占了他的座，我反手就给他升了商务舱,2110
67463281,BV1xJ411P7gE,11446,1973,1568293240,2019/9/12,4614,01:16,80698,//i0.hdslb.com/bfs/archive/55cb264457139ad5c94ebe87a3516c42a720b496.jpg,3471376,2205,21:0:40,【朱一旦】65 王布斯的阴谋与两个臭皮匠,1748
67369329,BV1BJ411K7N9,16475,2136,1568197626,2019/9/11,6020,01:37,87755,//i2.hdslb.com/bfs/archive/93ee0a4e70fb3c2a36ac7f835fb57bb3d3e847d1.jpg,3992686,5387,18:27:6,【朱一旦】64 反正酋长科长都是长，非洲新娘身体棒！,2243
67189144,BV1XJ411N7V2,8360,1956,1568034040,2019/9/9,3595,00:53,63313,//i1.hdslb.com/bfs/archive/86911b0270209f0c6eca0070292839ab6361faf1.jpg,3233353,2303,21:0:40,【朱一旦】63 今天挖了一名员工,1004
66934430,BV1m4411k7AW,10943,2082,1567850195,2019/9/7,5448,00:56,73376,//i0.hdslb.com/bfs/archive/280ad523446380519034f3ca87f8779685d0209b.jpg,3533140,6507,17:56:35,【朱一旦】62 你对甲方的财力一无所知！,1203
66816636,BV1w441117AD,78545,2930,1567765790,2019/9/6,26154,01:38,223736,//i2.hdslb.com/bfs/archive/caa66d839762b0e8b7e7cbd57417e91021122ec6.jpg,4371926,16833,18:29:50,【朱一旦】61  感谢“看见真相”栏目组，《非洲真相》综艺节目即将上映！,6049
66714658,BV1J4411y747,23115,1994,1567679643,2019/9/5,6863,01:08,87684,//i2.hdslb.com/bfs/archive/ee9c06f0ce5060d0601eb5ddcd9b67e96e7da0a9.jpg,3281938,1622,18:34:3,【朱一旦】60 致敬偶像！办了一场走秀，选出最美员工,1332
66592561,BV1Q4411C7Xq,66737,19355,1567582344,2019/9/4,19346,01:31,161284,//i1.hdslb.com/bfs/archive/2428736670ced88ccca39a4995702fcc8444bb00.jpg,5256069,10016,15:32:24,【朱一旦】59 发了几条有钱人的动态，B站粉丝就破了百万，枯燥！,34700
66528793,BV15441127fZ,16422,2350,1567517744,2019/9/3,5570,02:07,82923,//i2.hdslb.com/bfs/archive/21e196aa21c116f56026d89ce626fff25b3b40b2.jpg,3148588,4689,21:35:44,【朱一旦】58 35秒绝杀，对于球迷来说这是一个美妙的夜晚,2614
66176174,BV1Z441127GR,13392,2940,1567254622,2019/8/31,6682,01:43,81817,//i0.hdslb.com/bfs/archive/b0664e56831c37a455e57fcea4acbed06ba58796.jpg,4535846,3767,20:30:22,【朱一旦】57 摘下劳力士让他戴了一分钟，他立刻现出原形,4068
65997509,BV1M4411B7B9,6925,2411,1567170059,2019/8/30,2896,01:00,54061,//i2.hdslb.com/bfs/archive/f7f4272eef18aa8d65b347a8d80a149b7774a655.jpg,2733816,1319,21:0:59,【朱一旦】56 八月的最后，定了一个小目标——攻城掠地！,971
65892076,BV1s4411q7oe,12763,2898,1567078113,2019/8/29,4398,01:21,70243,//i0.hdslb.com/bfs/archive/b4ef4a7b117539dbc9ed614ed03b02b5ed74ae96.jpg,2584486,2348,19:28:33,【朱一旦】55 来到了西湖，不禁诗性大发，写了一首经典,3971
65630686,BV1m4411B7Ri,13781,2818,1566913418,2019/8/27,5814,01:08,80760,//i2.hdslb.com/bfs/archive/f6a3c9ff2338e64cdbe7114fcbf530de11b74b32.jpg,4549944,4329,21:43:38,【朱一旦】54 看他面对豪车不动声色的样子，我笑出了声,1787
65479805,BV1X441167T1,11283,2399,1566823935,2019/8/26,4102,01:08,66884,//i0.hdslb.com/bfs/archive/76ce5b675daa72173f1e1536abaf1c667063676c.jpg,3119955,3064,20:52:15,【朱一旦】53 他走进了高端车行，仿佛看到了为我努力卖命的样子,1545
65198239,BV1d4411r79P,14330,2481,1566651815,2019/8/24,4794,01:08,69632,//i0.hdslb.com/bfs/archive/16de4428700314d8e1890fb834b872154b346bcf.jpg,2837837,4765,21:3:35,【朱一旦】52 想去打一场精彩的篮球，却意外的发现了一个商机,1945
64866283,BV1r441197Av,13146,3221,1566476739,2019/8/22,4933,01:18,70734,//i2.hdslb.com/bfs/archive/79b0831d7555fd0a4655d70934bf4a7fb60e36df.jpg,3078989,2989,20:25:39,【朱一旦】51 我放置着咖啡店长，而店长放置咖啡店,1487
64780513,BV1V441197oS,69382,3509,1566406469,2019/8/22,16854,01:13,155992,//i2.hdslb.com/bfs/archive/5cb14ca3f048c1591ad27fe1365c8376ffd42efa.jpg,4569985,4891,0:54:29,【朱一旦】50 据说每个公司都有个小群,2255
64587220,BV1K4411d7rW,24269,3179,1566297032,2019/8/20,8860,01:18,96350,//i2.hdslb.com/bfs/archive/4bb8c0ed65373a6f5e454c62452bbcacca185723.jpg,4887507,7875,18:30:32,【朱一旦】49 偶尔也想当一把霸道总裁,3461
64452200,BV1d4411o7yB,72197,2673,1566219365,2019/8/19,18703,01:46,134733,//i2.hdslb.com/bfs/archive/2585830c7b17768908f364ad38612dace2163d63.jpg,3865561,2470,20:56:5,【朱一旦】48 暴发户的创意总是那么与众不同,2046
64153971,BV1N4411f7Jh,14946,2444,1566045477,2019/8/17,6018,01:16,73742,//i0.hdslb.com/bfs/archive/3456be20c30405ecd40258cd1be279960f552f4d.jpg,3910764,5176,20:37:57,【朱一旦】47 究竟是谁套路了我，而我，又套路了谁？,1464
64007219,BV1b4411Z7Xg,20214,2418,1565959583,2019/8/16,6183,01:11,74227,//i2.hdslb.com/bfs/archive/7904b9ffed87114178344de087d024464db5c801.jpg,3160801,3224,20:46:23,【朱一旦】46 暴发户来帮我打理公司，然后拐走了十佳员工，亏了,1863
63705719,BV1R4411m7bj,9560,1631,1565784582,2019/8/14,3480,01:09,54658,//i2.hdslb.com/bfs/archive/cd71c0ca336111c958cd4430b8b6df5ab3903fd9.jpg,2815600,1289,20:9:42,【朱一旦】45 旦我出差归来，不知公司还在不在，值得期待！,1089
63559058,BV164411S7nB,17008,2618,1565700963,2019/8/13,5226,01:20,73275,//i0.hdslb.com/bfs/archive/3a80f70fa5dd9b352df770d5612a3919be72eb83.jpg,3141598,3908,20:56:3,【朱一旦】44 旦我拍了部硬科幻！敬请期旦！,1764
63105661,BV1k4411X7kF,16888,2959,1565441792,2019/8/10,5692,01:17,71733,//i1.hdslb.com/bfs/archive/13b57d3d6d5682f8f283fc8e16b4c32447da00f4.jpg,3683523,4405,20:56:32,【朱一旦】43 例行开除可能会迟到，旦是永远不会缺席,1970
62808989,BV1Bt411N7oq,60837,2468,1565267581,2019/8/8,14914,01:26,126629,//i1.hdslb.com/bfs/archive/f677201eb55cc3739b6c420daf893f0c5bf0e4aa.jpg,4427957,2949,20:33:1,【朱一旦】42 拓展了非洲的版权业务，想起来还有点小骄傲,2955
62671559,BV1Rt411P7QP,32320,5206,1565187339,2019/8/7,11630,02:06,85322,//i2.hdslb.com/bfs/archive/8bf8265e5983b5c0b7dfca59d0a69c7e384e0be6.jpg,3146056,4119,22:15:39,【朱一旦】41 今天你牵挂的人在身边吗？,15503
62478407,BV1qt411K7HC,50902,2030,1565094604,2019/8/6,9296,01:10,80586,//i0.hdslb.com/bfs/archive/5c20903bb68e075c35d514ab038f7c2ddcd1b77d.jpg,2283638,2607,20:30:4,【朱一旦】40 这次我拿出了别墅加劳力士，只为枯燥的消灭单身病毒,1284
62352231,BV1zt411M7kC,44033,2945,1565005528,2019/8/5,7086,00:51,86444,//i0.hdslb.com/bfs/archive/7cc34b023eb2349ae8c298c766adc23baf36c4aa.jpg,3511521,1449,19:45:28,【朱一旦】39 旦梦空间,1369
62151672,BV1Bt411T7F6,33727,2066,1564914614,2019/8/4,8816,01:05,95467,//i2.hdslb.com/bfs/archive/d5d38f9b1f5446bbec4a827c5d536337b6a1da16.jpg,3659605,2933,18:30:14,【朱一旦】38 帮侄子拼了个对象，没想到竟如此枯燥！,1651
61898733,BV1ct411u7PE,45726,2403,1564743229,2019/8/2,12375,01:10,109908,//i2.hdslb.com/bfs/archive/cba59fa6ca3183acb8db7350f95c00aa42e7864a.jpg,4544769,4392,18:53:49,【朱一旦】37 暴发户要去英国避暑，他认真的样子，很酷,1900
61602400,BV1Tt411w7ZL,178755,7624,1564573825,2019/7/31,50465,01:02,208753,//i1.hdslb.com/bfs/archive/8f5d221845c4520dc2f05bde1d4eebd55ee77dab.jpg,6399108,33288,19:50:25,【朱一旦】36 惯的太久了，得治治！,5119
61523959,BV1yt411c7gP,47495,2693,1564535854,2019/7/31,11559,01:12,98827,//i2.hdslb.com/bfs/archive/499554e88ad4310535178793dc2645b26f82f4af.jpg,3420444,3812,9:17:34,【朱一旦】35 草莽义气，大得过钱？和酒肉朋友一起沉迷@逆水寒,1790
61307024,BV17t411A7ZL,33144,2372,1564402334,2019/7/29,9457,01:10,78768,//i0.hdslb.com/bfs/archive/72adb45bf0c9b5ea02b120ece9bbb8021fcbbf73.jpg,3198752,2143,20:12:14,【朱一旦】34 无聊的周一，做了一个有意思的决定,1239
61025509,BV1kt411P7VZ,108560,2735,1564231011,2019/7/27,26485,01:03,161844,//i0.hdslb.com/bfs/archive/5423daccecffc4f823e7b9b130e77784eea47acd.jpg,5724358,5034,20:36:51,【朱一旦】33 旦我，像爱惜羽毛一样爱惜人才,1759
60743682,BV1Yt411j7R6,15730,2729,1564061431,2019/7/25,5757,01:10,59319,//i2.hdslb.com/bfs/archive/222299c0329e3dfd4bf3b2e83442d8b9981feb0a.jpg,3871759,4094,21:30:31,【朱一旦】32 挚友来找我帮忙，我一个电话就打给了酒肉朋友,1720
60598490,BV1Zt411L7uL,16146,1675,1563975129,2019/7/24,4314,01:15,55441,//i0.hdslb.com/bfs/archive/17b3abb2a808a85532c62e9235223d7a69af32d3.jpg,2783316,1833,21:32:9,【朱一旦】31 奖励了一下销售三甲！,1275
60443256,BV1rt4117732,13368,2605,1563883348,2019/7/23,5544,01:01,57954,//i2.hdslb.com/bfs/archive/97fd2e54546e22a786d6396cfe4b9dc4c1115dc2.jpg,3651972,3006,20:2:28,【朱一旦】30 享受了一小时的音乐洗礼，有钱人的生活，往往离不开艺术,1323
60302361,BV1Mt41177kF,13665,1659,1563807449,2019/7/22,4239,00:58,60273,//i1.hdslb.com/bfs/archive/edc6527d8012b299cf5b637af270c6d92cd96d51.jpg,3381039,3003,22:57:29,【朱一旦】29 教会一群老年人打榜，就是这么容易且枯燥,1570
60030296,BV1dt411n7aH,17784,1757,1563641366,2019/7/21,6963,00:54,58102,//i0.hdslb.com/bfs/archive/643d799be6bdb017a397acb7f0fbb2dfcf5809bf.jpg,3148521,7544,0:49:26,【朱一旦】28 给努力工作的员工连续发了九个奖，有意思的事情发生了,1656
59736308,BV1et41137Nc,12713,2349,1563457951,2019/7/18,4182,01:06,54580,//i2.hdslb.com/bfs/archive/d00d1b98b1499a5e61c6b68f5b1af184f1f7d455.jpg,3455437,2088,21:52:31,【朱一旦】27 做的蛮好，为啥要辞职？我还给他带了劳力士…,1402
59588424,BV12t411g7pA,9795,1317,1563365870,2019/7/17,3418,00:58,50354,//i1.hdslb.com/bfs/archive/ecdc8f15876f50fda5d8c4ead9cdb918a6e0b1b9.jpg,3456709,1403,20:17:50,【朱一旦】26 今天有人来挖我…唉,1115
59294603,BV1Ut41137dj,9405,1470,1563189969,2019/7/15,3113,00:59,45701,//i0.hdslb.com/bfs/archive/e1c6c56f2bcff06c3f307b8906b3a4fe767e030d.jpg,2940933,1938,19:26:9,【朱一旦】25 例行开除的周一，很枯燥,746
59172563,BV1Qt411V7Dm,16103,1842,1563109801,2019/7/14,4192,01:00,54589,//i0.hdslb.com/bfs/archive/1c20997678309afa679a123fbd34da40a4833c42.jpg,3087935,2353,21:10:1,【朱一旦】24 随手拯救了一份纯真的友谊，我很欣慰,985
58777073,BV18t41157R9,24175,2047,1562849060,2019/7/11,4746,00:59,59388,//i0.hdslb.com/bfs/archive/30c48539784ea54b5ccea9b1d37e2fa18898c4ec.jpg,3258295,2844,20:44:20,【朱一旦】23 闲来无事，想参加个瓶盖挑战，没想到这么简单,1006
58645789,BV1jx411f7fq,11381,1883,1562766546,2019/7/10,3408,01:00,49506,//i2.hdslb.com/bfs/archive/32a20b8d1d72c4dbf02faf40a2234312b24db00d.jpg,2893290,1822,21:49:6,【朱一旦】22 找了个人专门夸赞我，不知道我的价格公不公道？,1017
58492680,BV1rx411Z7xf,24780,1863,1562671543,2019/7/9,5884,01:00,65707,//i2.hdslb.com/bfs/archive/acbe4c454dbb7ea3fa3f43eb76b7c44fdb0483cf.jpg,4379238,4766,19:25:43,【朱一旦】21 暴发户在我楼上开了一家公司，酒肉朋友也紧随其后,1342
58368677,BV1y4411F7Zv,21282,2096,1562590451,2019/7/8,6275,01:06,69813,//i1.hdslb.com/bfs/archive/65319b297f6762db8d4d0da32d1ef9b9d465ba8a.jpg,4990395,5135,20:54:11,【朱一旦】20 枯燥的周一，我决定从办公室挑一个人，送去非洲,1436
57972903,BV1p4411c7oz,25469,2549,1562329403,2019/7/5,9153,01:00,69717,//i2.hdslb.com/bfs/archive/509084133c4affec99e1b6a33dd783e84a734878.jpg,4045556,11761,20:23:23,【朱一旦】19 在咖啡厅遇到了两个姑娘，我伸出我的劳力士，然后一切都顺理成章,1622
57842025,BV1W4411A7dv,8147,1394,1562242094,2019/7/4,2947,01:00,40970,//i1.hdslb.com/bfs/archive/d1f45fa11d0ad7d5b5adafdc56b08f5e92718128.jpg,2834159,1437,20:8:14,【朱一旦】18 出差之前，把公司交给了外甥，回来后一切都不一样了,696
57667641,BV1Ex41197wd,16715,1652,1562126109,2019/7/3,4698,00:55,58466,//i2.hdslb.com/bfs/archive/88c2618fdd2063356338f1e7180991d3aeb773b9.jpg,2692074,4696,11:55:9,【朱一旦】17 为了体验垃圾分类，特意来到了上海，这一天注定充实而欣慰,1330
57487840,BV1Yx411X75T,29252,2462,1561993600,2019/7/1,6902,01:10,68541,//i1.hdslb.com/bfs/archive/dd73e542af117e577a282ae248ae15199c0e5fcd.jpg,3556951,8339,23:6:40,【朱一旦】16 做了一件好事，满满的都是正能量，虽然枯燥但是我很欣慰,1388
57130615,BV1Ax411o7fm,15406,1764,1561719009,2019/6/28,4623,01:00,51027,//i1.hdslb.com/bfs/archive/b6b5d1722a490a6e150b4da8c34e0823617dfa65.jpg,3084707,4434,18:50:9,【朱一旦】15 背井离乡的孩子，有前途,746
57027905,BV1ax411d7tY,11279,1336,1561636525,2019/6/27,3156,01:00,41873,//i2.hdslb.com/bfs/archive/b3e77afab35048879b401dd6062e1757448b824d.jpg,2658842,1688,19:55:25,【朱一旦】14 听说女神离婚了，让秘书买了去韩国的机票，差点去了韩国,484
56927400,BV1wx411d71X,8252,1159,1561554845,2019/6/26,3224,01:00,41335,//i1.hdslb.com/bfs/archive/3ebac4505283e668db8883a2fe1a754e75264185.jpg,2853008,1663,21:14:5,【朱一旦】13 出差也不让我省心,706
56860873,BV1Wx411Z7sp,10982,1104,1561513315,2019/6/26,4479,00:59,47329,//i1.hdslb.com/bfs/archive/cc05fda87c9fbf09394af93867ba27676fcf3747.jpg,3009057,3315,9:41:55,【朱一旦】12 找了个营养学博士给我定制了食谱，有钱人的快乐就是这么朴实无华且枯燥,1242
56821393,BV13x411Z7KE,9204,771,1561469079,2019/6/25,3619,00:59,44709,//i0.hdslb.com/bfs/archive/c34241ce32aee33a16cb63a3bbd7b38eb7168264.jpg,3194525,2951,21:24:39,【朱一旦】11 给员工投资开了一个理发店，看着他开心的像个孩子，我充实而又欣慰,792
56785993,BV1Ux411o7zQ,5369,545,1561449348,2019/6/25,2224,00:52,33844,//i1.hdslb.com/bfs/archive/c4c10cd112e9ee5c8e7e0174af3bcdb1b2a43306.jpg,1980483,970,15:55:48,【朱一旦】10 给远方亲戚的儿子，提供一份工作，看到他拼命工作的样子，我充实而又欣慰,243
56777975,BV12x411o73Q,9044,692,1561442650,2019/6/25,4177,00:53,46802,//i1.hdslb.com/bfs/archive/5163846e89e5a3b6be31904e9b77b45c055b446a.jpg,2730582,4018,14:4:10,【朱一旦】09 新买了一台笔记本，配上我的劳力士，无形中散发着金钱的气味,794
56766810,BV1Rx411o7hx,13002,962,1561435551,2019/6/25,4399,01:00,50374,//i2.hdslb.com/bfs/archive/08f6c2b2daa0cace67ad4e205c992a5904db23df.jpg,2942094,4649,12:5:51,【朱一旦】08 有钱人的相亲就是这么索然无味且枯燥,790
56752453,BV1zx411o7Eg,20683,881,1561424102,2019/6/25,11175,01:00,66754,//i1.hdslb.com/bfs/archive/69e86be4d64c8bc05092b1d0f8ee231520b9d3f3.jpg,3572640,18389,8:55:2,【朱一旦】07把酒肉朋友的妹妹安排的明明白白，有钱人的枯燥就是这么大差不差,1270
56752555,BV1zx411o77p,5994,596,1561424098,2019/6/25,3258,00:55,38688,//i1.hdslb.com/bfs/archive/6182a86601c4f3858cda1f3930083183da47f704.jpg,2309546,5371,8:54:58,【朱一旦】当着销售冠军的面，奖励销售亚军，这感觉朴实无华又枯燥,667
56711092,BV14x411o7eB,19605,1267,1561382631,2019/6/24,8898,01:00,62143,//i0.hdslb.com/bfs/archive/247480400c78c0b58d83d1548e9df5cd66324e33.jpg,4208484,11491,21:23:51,【朱一旦】有钱人的圈子，就是这么错综复杂，且枯燥！,1149
56688763,BV1hx411o7E1,7236,697,1561370196,2019/6/24,3185,00:57,43543,//i1.hdslb.com/bfs/archive/4a7c5141bdd17a0070b6187b2be7a0ac0cb5c50e.jpg,2521708,2598,17:56:36,【朱一旦】想给自己写一部传记，却发现原来我们有钱人的生活如此单调且枯燥！,654
56677923,BV1jx411o7mq,5650,480,1561361569,2019/6/24,3222,00:51,43501,//i1.hdslb.com/bfs/archive/d1c15c5dbba9f9f80ffe76f5f9c5f7c4da922f25.jpg,2826475,2172,15:32:49,【朱一旦】儿时的女神竟然变得如此枯燥！我狠狠心还是接受了她！,635
56668107,BV1px411o7jS,7226,671,1561359077,2019/6/24,3966,01:00,47157,//i2.hdslb.com/bfs/archive/10cddab8d9b8139771665079c0d8a99b498c3090.jpg,2903012,10169,14:51:17,【朱一旦】被一个二流子撞到，我反手给了他一笔钱，感化的过程充满了金钱的枯燥！,845
56655219,BV1Mx411o72m,7959,805,1561353439,2019/6/24,3960,00:49,52387,//i2.hdslb.com/bfs/archive/7f5f6c65880caff63ac9dacd3a483df8a8c2c066.jpg,3198740,5142,13:17:19,【朱一旦】吹着自然风，看着我的劳力士，有钱真是枯燥！,568
56645328,BV1Kx411o7fe,22614,1943,1561340238,2019/6/24,15616,00:49,108924,//i2.hdslb.com/bfs/archive/de621b7be44a9634a4da26f1c53c2ccb71050e52.jpg,4944570,35954,9:37:18,【朱一旦】有钱人的生活就是这么朴实无华又枯燥,2109
