﻿aid,bvid,coin,comment,created,date,favorite,length,like,pic,play,share,time,title,video_review
200918629,BV1gz411i7mE,5988,1208,1591873053,2020/6/11,38668,28:43,15659,//i0.hdslb.com/bfs/archive/5b324d1ad658358de716da0263974a35c7cc7377.jpg,317388,2310,18:57:33,改善肋骨外翻运动，靠呼吸快速减腰围、缩肚子、丰胸！提升核心改善体态！【周六野Zoey】,1176
625925680,BV1Mt4y1y7Pt,9667,2021,1591273746,2020/6/4,79062,13:14,27937,//i0.hdslb.com/bfs/archive/f69e7ace3fd89e75b2339ddf70e4a8885325763c.jpg,626602,6372,20:29:6,10分钟下腹部小肚子运动｜高效燃脂、无工具【周六野Zoey】,3175
710811611,BV15Q4y1P7Ms,15865,2382,1590660301,2020/5/28,123980,20:15,37584,//i0.hdslb.com/bfs/archive/b7c70bc366a8ec35e26de44b28aaae1b0b6aecc5.jpg,904500,10665,18:5:1,20分钟全程躺趴全身燃脂塑形运动｜无跳动、膝盖友好【周六野Zoey】,4640
328295628,BV1jA411q7ix,8210,2545,1590062691,2020/5/21,71447,10:47,22874,//i0.hdslb.com/bfs/archive/cfcb43f9a8e2ccdd7b7642a7acebc124e07b5b3e.jpg,750368,7744,20:4:51,10分钟进阶腹肌运动｜无工具瘦腰、超燃马甲线【周六野Zoey】,3661
540662459,BV1Gi4y1477d,844,808,1589894219,2020/5/19,495,07:25,12841,//i2.hdslb.com/bfs/archive/128c49d5eac64cbcf809c17ddc0a713b5f2b87c7.jpg,270426,188,21:16:59,520征婚现场【周六野Zoey】,1593
710649279,BV1KQ4y1K7fQ,1252,1312,1589456799,2020/5/14,3429,02:46,16940,//i2.hdslb.com/bfs/archive/9662c57916a08c2774c04925abb862bde497ac71.jpg,464903,1054,19:46:39,我一天都吃了什么？都多少卡路里？分享我的一日三餐健康食谱！【周六野Zoey】,622
668089407,BV1ta4y1i7gG,5832,1384,1588855844,2020/5/7,5872,05:13,29240,//i0.hdslb.com/bfs/archive/5a12ca01fb1e3883802db609e26aaf7b2d5162e4.jpg,503263,1438,20:50:44,曝光我的一天VLOG｜自律的小技巧【周六野Zoey】,1578
540496709,BV1Pi4y1b7un,8259,1742,1588251636,2020/4/30,75941,33:36,28186,//i0.hdslb.com/bfs/archive/7641f6f8a4a039f72e93dcb653024b23c5dfea29.jpg,857038,5609,21:0:36,10分钟高效增强臀腿柔韧性拉伸运动，改善腿型、增高，让腿肌又长又直，坐位体前屈马上成功！（素颜公开x碧欧泉）【周六野Zoey】,4798
455458438,BV1f5411x7eW,14013,3548,1587647078,2020/4/23,144326,20:09,41919,//i0.hdslb.com/bfs/archive/7ff154e370d228e8e4e7fde3607f87e0d0f759f5.jpg,1351160,10967,21:4:38,15分钟美背运动，超燃烧紧实背部线条，改善驼背圆肩，气场飙升【周六野Zoey】,10948
327764767,BV1gA411b7vs,14641,2400,1587045386,2020/4/16,6944,20:38,32457,//i0.hdslb.com/bfs/archive/d0d4e425f73d9832df2a3924006ab5d2993560e0.jpg,662200,2973,21:56:26,约吗？约了些会，这些男人我爱了！- 闺蜜没秘密 第19期【周六野Zoey】,5771
200055707,BV1Vz411b784,21402,4401,1585825679,2020/4/2,184509,12:19,62049,//i2.hdslb.com/bfs/archive/43d962bdacbb91f7abff72b9aa4f43bfd267b9a1.jpg,1780005,18298,19:7:59,10分钟床上运动，提臀瘦腿，超刺激【周六野Zoey】,13194
242536100,BV1Ve411x7T8,7360,1967,1585396384,2020/3/28,53796,06:08,25878,//i2.hdslb.com/bfs/archive/55bab972e30c0eb41b54b0d7e597bb8756e37db4.jpg,691917,9627,19:53:4,丰胸必看！！一个俯卧撑都不会？马上学会！乳沟升杯不是问题！【周六野Zoey】,817
97647233,BV1DE411P7xG,31867,7731,1584623270,2020/3/19,281922,07:42,81860,//i0.hdslb.com/bfs/archive/e7c768db64e33ebec2f2f6176c95427cd03d92e1.jpg,2885280,31860,21:7:50,五分钟马甲线运动！练出侧腰曲线，简单高效，适合入门！【周六野Zoey】,27679
95768845,BV1AE41157EK,47240,11524,1584023436,2020/3/12,329572,15:05,89974,//i1.hdslb.com/bfs/archive/f55f2f6815c8cd2a34d7eb9cd4eb12671aa4f4ff.jpg,3086367,79311,22:30:36,10分钟进阶丰胸运动！亲测超明显升杯提胸、练出乳沟！消副乳瘦手臂！【周六野Zoey】,32310
93951850,BV1kE411W75u,24030,11896,1583410188,2020/3/5,258128,15:07,68710,//i0.hdslb.com/bfs/archive/f0f6b7404d3fb209b944e9266c7f0ec4ced48f32.jpg,2509200,17802,20:9:48,10分钟美腿拉伸运动，变直变长，改善腿型！【周六野Zoey】,17606
91243304,BV1Y7411M7VD,22133,4002,1582511760,2020/2/24,16570,06:11,105036,//i0.hdslb.com/bfs/archive/2d706d4cd42338849b7d5f42027bef97f269cd5b.jpg,1797396,6574,10:36:0,奇怪的健身动作增加了！,24414
88957051,BV1L7411g7SP,8911,1523,1581678463,2020/2/14,4278,03:03,25463,//i2.hdslb.com/bfs/archive/fb6cc63b2d2ce40ade479a1c4c8b3427ab4c5d3b.jpg,446785,1289,19:7:43,我和我的情人|一封写在2020情人节的信【周六野Zoey】,721
84716952,BV1z7411a7Rc,39313,12278,1579774716,2020/1/23,375681,05:58,92817,//i0.hdslb.com/bfs/archive/9b38c79173015c8401684bece646fee11ddc8310.jpg,3608380,54932,18:18:36,7天矫正驼背圆肩，每天2分钟1个动作美背【周六野Zoey】,27069
83681216,BV16J41177HN,7246,7871,1579172509,2020/1/16,53556,03:17,23710,//i2.hdslb.com/bfs/archive/355835b3b7e4d05b1ca002bda9118bc97a4aba08.jpg,1065776,8083,19:1:49,7天2分钟平板支撑打卡挑战！21天的新年打卡计划来加入吧！【周六野Zoey】,27706
81932811,BV1ZJ411j7Dz,24313,4823,1578058168,2020/1/3,7470,13:22,47227,//i0.hdslb.com/bfs/archive/5d578bce0ebae45a52ffc20726bdeb9a82904aa4.jpg,940729,3010,21:29:28,2019年太糟糕！分手、焦虑、孤独的一年【周六野Zoey】,7657
79929935,BV1GJ411b75r,28880,4745,1576818521,2019/12/20,296743,44:14,50657,//i2.hdslb.com/bfs/archive/ff0fd19e99d2e2902ff9890b91d0e05cc00de02e.jpg,4280404,60788,13:8:41,20分钟全程站立燃脂有氧运动（P2加配音）｜进阶版【周六野Zoey】,23877
79075007,BV1qJ411C7sq,13659,1574,1576221932,2019/12/13,104097,11:55,29936,//i2.hdslb.com/bfs/archive/cc93c5c49fa29905d73730b850382c69a66a435e.jpg,1491063,16210,15:25:32,10分钟伸展燃烧有氧运动！适合冬季懒人舒展身体和取暖燃脂升温！【周六野】,7036
75740070,BV1CJ411D7nR,21182,1912,1574339980,2019/11/21,122344,11:22,39472,//i1.hdslb.com/bfs/archive/36fc55df69704780ff5281ae4b564e6dfa10cc5a.jpg,1174851,20156,20:39:40,5分钟女性盆底肌训练，让私处更紧致，掌控自己的快感、产后修复、解决漏尿【周六野】,4203
75468225,BV1yE411e7zC,511,353,1573564005,2019/11/12,404,05:49,5773,//i2.hdslb.com/bfs/archive/a99a8a66be656dd3b8cf85731dfa716f0b751156.jpg,219586,246,21:6:45,【周六野】吃火锅看花滑谈护肤 一起感受冰与火的重庆-吃货瘦子vlog,425
75244145,BV1qE411Y7oP,671,396,1573390850,2019/11/10,5604,07:15,4897,//i1.hdslb.com/bfs/archive/6de56c2b006221e2719717d098b111784234760c.jpg,322906,762,21:0:50,【周六野】缓解关节磨损，下巴变短？变矮？关节疼？,229
74655284,BV1zE411B7Xe,2089,590,1572955486,2019/11/5,16351,08:49,7829,//i0.hdslb.com/bfs/archive/f0ae670b2e057dc76603aa77ffc20ec9331be5b9.jpg,277664,4688,20:4:46,【周六野】膝关节康复运动，用泡沫轴解决膝盖疼痛问题！,418
74540084,BV19E411q79W,44782,3532,1572863948,2019/11/4,383101,17:03,89171,//i0.hdslb.com/bfs/archive/0e48a70d359354fadf823df78f40aa762d538edf.jpg,4271527,66612,18:39:8,【周六野】5分钟天鹅颈肩颈运动，缓解颈椎痛，双十一买买买也别忘了舒缓脖子酸痛,25448
73265234,BV1UE411y718,9776,1324,1571916126,2019/10/24,50027,11:33,18088,//i2.hdslb.com/bfs/archive/db970222955e42bc61326ad944801f0ea074b364.jpg,510556,27777,19:22:6,腰椎间盘突出康复运动，改善和预防腰酸背痛【周六野Zoey】,1194
73069782,BV1bE41127SH,7543,1126,1571750368,2019/10/22,2395,05:17,23872,//i2.hdslb.com/bfs/archive/2d7e580102d799f9d3493493b510aa6d62b95cf8.jpg,537947,706,21:19:28,曝光我在上海的单身独居生活/带你参观我的家/Apartment Tour【周六野Zoey】,1495
67102127,BV1B4411C7R5,761,325,1568019626,2019/9/9,702,08:13,6030,//i1.hdslb.com/bfs/archive/fa5cb019817cfa71f46ca53d6cd4d48940910539.jpg,238206,496,17:0:26,【周六野】在海景房深蹲蹦迪，闺蜜秀好身材，唱歌感动天地 | 青岛Vlog,562
66616772,BV1S4411C75A,968,333,1567596237,2019/9/4,565,03:57,6590,//i1.hdslb.com/bfs/archive/2c2daac09fe0ef9e8407b90327a3916ab5c27d0a.jpg,186147,326,19:23:57,【周六野】我在上海滑板、攀岩和潜水？周末这样活力难道会胖? | 上海Vlog,323
63865440,BV1C4411U7Zy,14229,1608,1565880097,2019/8/15,131236,07:58,39206,//i2.hdslb.com/bfs/archive/2fd13914356735a11f6cc17be459b87e5f2a6af4.jpg,1595666,7834,22:41:37,臀腿拉伸，改善腿型，让腿更美更直更长！【周六野Zoey】,1910
62696059,BV1Gt411N7ow,21051,2809,1565219110,2019/8/8,68612,11:12,56132,//i0.hdslb.com/bfs/archive/a454e160b77312b419e05b31bd04e8b7e4559b97.jpg,1698241,11390,7:5:10,【周六野】正确的睡姿，改善腰酸背痛、驼背圆肩！,5598
61767265,BV1jt411F78Z,5931,2251,1564669318,2019/8/1,4088,13:30,19076,//i1.hdslb.com/bfs/archive/2bdac254bd3115b878ba21143d2345cfe230f026.jpg,470656,1901,22:21:58,【周六野】我们遇到过的渣男和如何应对的-闺蜜没秘密#16,3361
57831399,BV1g4411A7n9,2505,903,1562235576,2019/7/4,9866,07:40,8794,//i0.hdslb.com/bfs/archive/ad4c407d52b03ee552cfc80aaa701f9a3f8621d3.jpg,389171,1374,18:19:36,【周六野】我去健身房都做什么运动？,936
56193932,BV1d4411g7eH,16481,3992,1561021978,2019/6/20,9896,10:33,36450,//i2.hdslb.com/bfs/archive/5eb826591c2446bfca3b8966a818511ebb408ae8.jpg,1129305,1143,17:12:58,【周六野】自卑丑小鸭十年蜕变心路历程和十年后的规划,9415
55465860,BV184411P76R,1972,4958,1560421306,2019/6/13,1512,01:36,6743,//i2.hdslb.com/bfs/archive/da08cdb7179f362a3097ac118c8cb123f826c5b0.jpg,263375,322,18:21:46,【周六野】我的运动不脱妆！,931
55179290,BV1k4411N7mk,11893,4827,1560164925,2019/6/10,84419,04:32,33465,//i0.hdslb.com/bfs/archive/6de90fadd5b760fc3f2a097bfe1f25a28dcad160.jpg,1992078,6446,19:8:45,【周六野】12分钟瘦腿运动详解！我的瘦腿秘籍！,845
54744334,BV1Q4411M7SV,10480,5609,1559828078,2019/6/6,34626,14:44,22766,//i1.hdslb.com/bfs/archive/a7785082d392e5b93b15a100f3aae5309e53102b.jpg,1060505,8263,21:34:38,【周六野】大基数体重减肥的常见问题与动作指导！顽固肚子？膝盖保护？平台期？,3737
54075603,BV1y4411H7ps,24057,3104,1559219209,2019/5/30,262098,07:11,54379,//i2.hdslb.com/bfs/archive/43e9193419001c9ac2d8b7456a5c4517a7e051ca.jpg,2951284,26945,20:26:49,【周六野】5分钟马甲线小蛮腰+瘦手臂运动，同时针对侧腰、腹部、手臂！,16358
53805560,BV1w4411W7o2,1445,390,1559008801,2019/5/28,408,01:06,9401,//i0.hdslb.com/bfs/archive/f731ba4ba52cfd2b3c0f750fd4d3829ccb121c97.jpg,126476,918,10:0:1,我是B站UP主，我为女足加油！,303
53154571,BV1c441177k4,2672,821,1558422723,2019/5/21,15353,03:22,15548,//i1.hdslb.com/bfs/archive/d7d188dfd23c5f7fdca1ab7267bb37b3f380d0d0.jpg,883300,2138,15:12:3,【周六野】我的一日三餐食谱公开！这样吃不健康瘦才怪！与世界卫生组织合作的公益宣传片,537
52105739,BV1M4411e7yC,1738,586,1557549849,2019/5/11,788,05:23,6774,//i2.hdslb.com/bfs/archive/ce5517b35ef918a9542caad8302c9a3a91b3ae9b.jpg,184927,186,12:44:9,"Zoey接受魔鬼问题采访,惨叫连连 | 怀疑人生、健身的意义【周六野】",586
50165295,BV1Ub41137SF,8243,15553,1555935517,2019/4/22,46102,03:15,24870,//i1.hdslb.com/bfs/archive/9ed6d6040d4de3191e648609f2005351691b3f38.jpg,1036797,6403,20:18:37,【周六野】平板支撑打卡挑战Day1！及正确做法！,21567
49726866,BV1ob41157TT,31848,5578,1555591526,2019/4/18,499368,12:16,78433,//i2.hdslb.com/bfs/archive/fee2a009afb29bcf36aa194ced9743a8aa530656.jpg,5352836,43298,20:45:26,【周六野】10分钟翘臀瘦腿运动！针对大腿外侧，改善臀凹陷，更显腿长,28114
47631191,BV1rb411x7W5,58752,13591,1553824639,2019/3/29,526341,11:45,102529,//i1.hdslb.com/bfs/archive/6cf961be2b8bb25ac7d668c0b3b9f8bcdcb5cd51.jpg,6875728,82890,9:57:19,10分钟全程站立马甲线瘦腰运动，适合春天，膝盖友好，无工具【周六野】,44079
46926440,BV1Qb411j7dU,7047,4159,1553174624,2019/3/21,84533,12:04,22824,//i0.hdslb.com/bfs/archive/f20c035e97264934ba6195f1b0b9b3c4e7401228.jpg,2184165,13008,21:23:44,30天每天100个臀桥挑战结果！腰细了？臀小了4厘米还翘了？【周六野】,2391
46207635,BV1jb411H7FF,15977,6731,1552536981,2019/3/14,124249,05:54,31828,//i0.hdslb.com/bfs/archive/dde1c4294d20755b966831fdc87439bc37729dd6.jpg,1652131,16286,12:16:21,【周六野】7天深蹲挑战，正确做法和好处！瘦腿提臀马甲线？腿变粗？矫正腿型？,11296
45578779,BV16b411q7Mn,8205,2043,1551960041,2019/3/7,13357,14:14,16869,//i0.hdslb.com/bfs/archive/0d9bbb9ae543622e828179351e39e0cc62797f83.jpg,357546,1362,20:0:41,【周六野】如何交到新朋友、约会聊天不尴尬？10个克服社交恐惧、恐男的小技巧！谈话技巧！-闺蜜没秘密#15,3635
44950866,BV1Nb411b7n2,1248,578,1551358976,2019/2/28,2637,10:19,5879,//i1.hdslb.com/bfs/archive/15a88f640948b28989b3828d5d8602ef14f49f16.jpg,320157,461,21:2:56,【周六野】我的晚餐吃什么 | 吃货瘦子Vlog#7,1078
44281041,BV1Qb411Y75p,28155,3651,1550744752,2019/2/21,258029,10:16,55155,//i2.hdslb.com/bfs/archive/2a41f9f9ccfd70d76de2ee30a749d4cf5a21abbc.jpg,3024093,33173,18:25:52,【周六野】床上瑜伽 | 基础拉伸加强柔韧性，改善驼背圆肩腰酸背痛,17265
44003168,BV1kb411175y,1919,5106,1550503283,2019/2/18,24299,01:09,10029,//i0.hdslb.com/bfs/archive/39ed3a599f7473bc85617a24fddaa200449f3d87.jpg,965621,5260,23:21:23,【周六野】30天每天100个臀桥挑战Day1,3286
43560658,BV17b41127GB,21243,1653,1550152308,2019/2/14,9914,13:59,27291,//i2.hdslb.com/bfs/archive/d6d1903ef1aa1f6e0472b61a1c39eeeded603e13.jpg,361767,4176,21:51:48,【周六野】单身如何快乐？好男人都在哪？我脱单前的修炼-闺蜜没秘密#14,3603
42453048,BV1Mb411C7mT,18700,2379,1549111129,2019/2/2,31226,12:48,39433,//i1.hdslb.com/bfs/archive/bb9fbee56b4457041e817f5519e00e41ce9d3702.jpg,1251743,9305,20:38:49,【周六野】3个“吃不胖”秘诀和3个减肥瘦身的“千万不要”,8340
41021743,BV1ct411a7dG,1197,415,1547789128,2019/1/18,2136,08:50,5024,//i2.hdslb.com/bfs/archive/aa51f2d8463fa6f19cf74957b2716ce9f3717fce.jpg,205883,408,13:25:28,【周六野】健身博主的上午-早餐午餐、晨练、工作计划 |吃货瘦子VLOG#6,619
39155175,BV1Lt411r7Eb,13437,3604,1545909136,2018/12/27,161709,07:06,27180,//i1.hdslb.com/bfs/archive/f82942e6862945d6ad7efdc7eec4377251b723c6.jpg,2270314,18388,19:12:16,【周六野】五分钟在家瘦腰运动！小升级挑战版！做过马甲线原版的来挑战！,9938
38601443,BV1Vt411Y7n1,84631,24727,1545311085,2018/12/20,654889,21:51,134249,//i0.hdslb.com/bfs/archive/674745adb945747f73c76a92e978b631764a5a77.jpg,9372133,177705,21:4:45,【周六野】20分钟低难度有氧运动 | 腰腿| 燃脂| 无工具高体脂大基数入门适合,98255
38071468,BV16t411v7f7,13118,1355,1544710241,2018/12/13,13426,08:22,25464,//i1.hdslb.com/bfs/archive/bfea39613cc4b7e3c4dbf033afe1431031c0c172.jpg,1202975,18490,22:10:41,【周六野】啪啪啪前后及过程中的清洁护理 | 尴尬如何开口？,3226
37555475,BV1Jt411S7hY,2872,609,1544098305,2018/12/6,1649,07:37,5858,//i0.hdslb.com/bfs/archive/7f6c8eeadfcff104a739848dc212df32b90f5727.jpg,169289,1013,20:11:45,【周六野】克服面对妇科男科疾病的心理障碍、看医生,408
37015837,BV1mt411Q79K,1850,451,1543487224,2018/11/29,25992,07:15,6016,//i1.hdslb.com/bfs/archive/058f66b44657c68921829f791fc4c402722af449.jpg,439843,1896,18:27:4,【周六野】5分钟臀腿加强运动| 膝盖友好| 提升核心力量| 瑜伽球|入门适用,663
36525345,BV19t411C72Z,2244,404,1542890460,2018/11/22,1765,12:50,6029,//i1.hdslb.com/bfs/archive/d87ae303b25dc68d27efc8c38beae80cd854b226.jpg,203912,284,20:41:0,【周六野】淘宝40斤开箱试穿和书分享 |海外如何快速购买淘宝京东？,1157
36018885,BV1St41127oS,1867,642,1542279981,2018/11/15,22292,07:32,5753,//i1.hdslb.com/bfs/archive/ea70f13a46eb5c528798c5785c6bbd5de9822b57.jpg,414335,2325,19:6:21,5分钟马甲线、腰背线条核心力量加强运动 | 瑜伽球【周六野Zoey】,1205
35585122,BV1Yb411c7Do,33606,2397,1541731523,2018/11/9,13012,11:49,42543,//i0.hdslb.com/bfs/archive/352939231f674b04c9e85c508d1e2c00df33b481.jpg,870066,13078,10:45:23,重新认识女生的“小妹妹”，闻起来像酒？经验分享和科普【周六野Zoey】,8310
34645886,BV1Fb411N7uJ,1177,2154,1540552086,2018/10/26,5013,09:31,4966,//i0.hdslb.com/bfs/archive/c1c152935a06511dc47fbe91b4130dbbc75e3468.jpg,373326,856,19:8:6,减肥速度慢？天生肌肉型？如何加快收效？|我的基因大曝光！混血|卖唱【周六野Zoey】,585
34107674,BV1kt411d7Ht,196082,37399,1539869097,2018/10/18,1766987,18:03,388153,//i1.hdslb.com/bfs/archive/746e3c53d9a7a15e2436b5c57431a2caf4eb328e.jpg,25551824,429198,21:24:57,10分钟改善斜方肌粗大、溜肩圆肩富贵包、背厚、肩颈背疼痛、高低肩！【周六野Zoey】,240513
33618273,BV1Yt411f7n4,5769,3524,1539258791,2018/10/11,62804,12:21,12505,//i0.hdslb.com/bfs/archive/bae7a9db19b705933620e3e16996709d5a97b2e8.jpg,686858,6257,19:53:11,【周六野Zoey】超低难度全身塑形有氧运动，假后恢复、懒人入门、坐着完成！,1941
28365789,BV1gs41137kb,5686,4660,1533217609,2018/8/2,11870,07:30,12217,//i2.hdslb.com/bfs/archive/1c30577c232dc47fecbae2c3cb2cd9f84345eea1.jpg,788278,2324,21:46:49,【周六野】运动多久能瘦？瘦多少斤？坚持不住怎么办？没时间怎么办？,1525
27159584,BV1Ws411E7kB,10882,2961,1531915120,2018/7/18,200297,09:35,23785,//i2.hdslb.com/bfs/archive/5a4bfb5cdf8ee9be4f6267745d3b23e2e4a3491b.jpg,2851213,15196,19:58:40,8分钟进阶美背运动！摆脱虎背熊腰和拜拜肉，成为背影杀手！【周六野Zoey】,4531
26556689,BV1Qs411n7ab,4590,1288,1531218788,2018/7/10,80280,14:03,9362,//i2.hdslb.com/bfs/archive/d71f3abf35357a87df4a5d9fad130cd27e47a4eb.jpg,918096,6679,18:33:8,10分钟瘦腿提臀阻力带塑形运动！塑造完美腰臀腿线条！,3010
25155000,BV1zW411c7bt,14367,4905,1529320923,2018/6/18,4400,14:44,18390,//i0.hdslb.com/bfs/archive/36f32a65f377367138408337d1c852f2827a946a.jpg,418923,1946,19:22:3,聊一聊我被性骚扰的事和安全感【周六野Zoey】,4307
24376193,BV1yW411N7uG,48790,16207,1528110792,2018/6/4,562607,09:58,97452,//i1.hdslb.com/bfs/archive/05672d6827fe1eb98932e703a103022afd4b2395.jpg,7306695,82601,19:13:12,5分钟瘦手臂运动，无工具坐着完成超酸爽！【周六野Zoey】,71381
24134944,BV1bW411P79X,24241,2979,1527657710,2018/5/30,231603,03:07,48500,//i0.hdslb.com/bfs/archive/b4dbcb2d07006d39c08a2419e45637706bb23511.jpg,2549309,29832,13:21:50,一个动作改善驼背圆肩、脖子前倾和“富贵包”！1分钟就见效！随时随地做！【周六野Zoey】,2958
24065538,BV15p411d742,38042,9092,1527507694,2018/5/28,519627,11:32,74158,//i0.hdslb.com/bfs/archive/509de6b207702de5bb5814cef1d87521e4e57e87.jpg,5364212,36267,19:41:34,10分钟改善腿型运动！假胯宽？X型腿XO型腿？梨形？臀凹陷？一网打尽【周六野Zoey】,24157
23870890,BV1Vp411R77t,13467,2014,1527160961,2018/5/24,158766,10:27,28395,//i1.hdslb.com/bfs/archive/c37ea65c855ca19b17ce8e7bc298d1e15823afab.jpg,1776158,9223,19:22:41,改善假胯宽、X型腿、臀凹陷，改善梨形身材和腿型臀形的方法【周六野Zoey】,3856
23560366,BV1wp411f7hx,8106,1146,1526558410,2018/5/17,122013,10:53,17265,//i0.hdslb.com/bfs/archive/f4ca5b21a2aa892f0cc48f3edc076dfde2d038b8.jpg,858630,13315,20:0:10,8分钟月经期和生病时的舒缓瑜伽运动，亲测减少痛感、更快恢复超有效！【周六野Zoey】,1480
22954933,BV1XW41137Rs,2530,1717,1525405294,2018/5/4,11044,10:02,7277,//i1.hdslb.com/bfs/archive/bd5289d501d9f157696f8c2180d47b663d817d6c.jpg,414754,1782,11:41:34,如何选择运动内衣？对胸部健康和运动效率很重要！,1174
22674497,BV1KW411V7qv,887,445,1524896106,2018/4/28,4687,09:16,2703,//i2.hdslb.com/bfs/archive/7a5ce08612c7a3708a40790ce293f2d70a75c073.jpg,257196,572,14:15:6,膝盖受伤？是选错了运动鞋！运动鞋选择及4款鞋测评,990
21876355,BV1JW411K7tm,29917,3594,1523275218,2018/4/9,13230,12:24,29282,//i2.hdslb.com/bfs/archive/f50d2f10caaa1dbdffd310fe5f64344ef26cdfca.jpg,972295,20633,20:0:18,我的第一次！分享交往恋爱身心准备！【周六野Zoey】,9068
20998978,BV19W411u7Q8,30444,10978,1521519683,2018/3/20,417541,11:17,53913,//i2.hdslb.com/bfs/archive/31b4beb0952fc702847c27f2bcee619fb6a219f4.jpg,5330858,60048,12:21:23,10分钟全身超燃脂有氧运动，突破平台期加速减脂HIIT，强度升级【周六野Zoey】,22639
20212321,BV16W411s7fq,12873,2531,1519880221,2018/3/1,99147,08:19,26159,//i2.hdslb.com/bfs/archive/a47b892810f0efef201ad8e7d8a425cba1c8352a.jpg,1887843,8250,12:57:1,如何瘦小腿，针对肌肉腿和脂肪腿的方法及要避免的动作【周六野Zoey】,5966
19855888,BV1bW41177Hc,24877,10813,1519201899,2018/2/21,294330,06:27,41896,//i1.hdslb.com/bfs/archive/b591c9007eb89f23cbd2062369d5ad81a829c1fa.jpg,3832476,35179,16:31:39,5分钟无跳动膝盖友好瘦腿提臀运动，全程躺着完成【周六野Zoey】,28157
19485579,BV17W411E7jG,19663,1875,1518417312,2018/2/12,13060,12:05,16391,//i2.hdslb.com/bfs/archive/cd9053168cf7b05be86f0e6b79750202f62584ad.jpg,625434,20480,14:35:12,我的避孕经验分享，情人节啪啪更放心！家长医生不告诉你的那些事【周六野Zoey】,4276
19206607,BV1kW411J79Y,959,1084,1517887642,2018/2/6,2872,07:56,2711,//i2.hdslb.com/bfs/archive/1fd012269c504324a978d394aed9972d0834a8d9.jpg,171481,1045,11:27:22,超后悔！千万别忽视智齿，害惨了我的牙！拔牙和牙齿护理经验分享【周六野Zoey】,788
18749938,BV1bW411e7w2,82551,22678,1516948017,2018/1/26,705958,21:13,126510,//i1.hdslb.com/bfs/archive/e99d0d3332bfa772b10755a3bb06a3f0b13c8a4c.jpg,9697384,161171,14:26:57,无跳动不伤膝盖超燃脂有氧运动，20分钟无工具低强度减肥操【周六野Zoey】,65796
18098230,BV1hW411i7To,2282,711,1515400546,2018/1/8,3042,12:00,2370,//i0.hdslb.com/bfs/archive/a873859ffcaa60784cf8d3a9d72b665e694de985.jpg,103747,447,16:35:46,2018如何坚持健身减肥、学习工作的目标和动力！我的新年计划！【周六野Zoey】,726
17260082,BV1wW411a7qD,1426,235,1513254793,2017/12/14,5025,11:21,2767,//i2.hdslb.com/bfs/archive/fd6b264276c1659231e9d9313415793e65a17e5b.jpg,131902,273,20:33:13,爱用品分享，美白牙齿敏感肌混油皮护肤美妆【周六野Zoey】,549
16818437,BV1zW411a72G,3736,1027,1512100808,2017/12/1,37921,12:31,10198,//i1.hdslb.com/bfs/archive/fddd9d11030610573d4797b13477167264855ebf.jpg,1080576,4698,12:0:8,肚子大很难消减？饭后马甲线不见了？你不是胖，是腹胀！【周六野Zoey】,2695
16413863,BV1hx411L7bP,4639,1603,1510919416,2017/11/17,65780,04:40,8008,//i1.hdslb.com/bfs/archive/ee23954efd46953fa88ed149bf10405c0df51f83.jpg,609304,7467,19:50:16,3分钟马甲线运动，椅子版本，适合工作学习看剧坐着休息时练,3452
16199500,BV1Lx41177uf,61662,18415,1510322033,2017/11/10,804659,07:55,121660,//i1.hdslb.com/bfs/archive/262c6a4126ff539e7e5765cafab1d2a4deea5c81.jpg,10828120,114551,21:53:53,5分钟瘦下腹运动，减顽固小肚子，塑造马甲线下腹肌小蛮腰【周六野Zoey】,65318
15766255,BV1yx41177fK,14294,2693,1509089436,2017/10/27,128003,14:32,35824,//i2.hdslb.com/bfs/archive/30fd966968c0a003d64676351e97b44b2bf9a9ef.jpg,2094281,12120,15:30:36,最有效的瘦脸方法，瘦脸运动！脂肪脸双下巴、水肿脸、大咬肌统统搞定！【周六野Zoey】,10880
15552680,BV1xx411M7V2,4954,326,1508474261,2017/10/20,49273,04:35,7234,//i1.hdslb.com/bfs/archive/0449497a45a80baf4ebb61cf9229a5407da8064f.jpg,411830,10348,12:37:41,2分钟教室办公室拉伸运动，在座位上舒缓全身，预防颈椎病及腰酸背痛【周六野Zoey】,658
15348225,BV15x411g7T1,43302,14894,1507878270,2017/10/13,527855,14:18,83450,//i2.hdslb.com/bfs/archive/f13718427e75e5296ebbc162d0baac1f443677b1.jpg,6277350,55486,15:4:30,10分钟快速瘦小腿运动，超有效燃脂塑形打造细长腿，摆脱萝卜腿【周六野Zoey】,43561
15093288,BV1sx41137qi,49978,10836,1507176345,2017/10/5,410243,07:38,85853,//i2.hdslb.com/bfs/archive/09110586bb8ac07ae7ab3b91761e1bddf45a8534.jpg,4363642,59178,12:5:45,5分钟床上运动之睡前拉伸！拉长肌肉线条，改善睡眠，舒缓身心，适合学生上班族和失眠宝宝【周六野Zoey】,36969
14865597,BV1ox411G7RZ,23888,6721,1506593415,2017/9/28,219738,08:53,35054,//i1.hdslb.com/bfs/archive/6ed975e940237418465155f00a6c91ac3de42c86.jpg,2401129,28686,18:10:15,床上运动第2弹！5分钟加速一天全身燃脂减肥瘦腰瘦腿！适合懒人或学生上班族！【周六野Zoey】,20491
14657124,BV18x411x7FX,18888,1036,1505977636,2017/9/21,8557,18:00,16622,//i0.hdslb.com/bfs/archive/05e00aabcf0a34870b6415c96f5597c6b8b8fce1.jpg,353539,3321,15:7:16,博主都是富二代？天生吃不胖？出国？口语？异国恋？关于我的50个问题+送福利【周六野Zoey】,5750
14452524,BV14x411s7VV,3583,444,1505373022,2017/9/14,20329,11:00,5869,//i0.hdslb.com/bfs/archive/b1eb1416f049672d98ab9dbe78dbb912fa00140f.jpg,284550,2788,15:10:22,运动脖子疼，腰酸背痛？错误健身减肥，后果很严重！入门必学保护颈椎腰椎技巧【周六野Zoey】,1069
14270543,BV1wx41147UK,10657,1052,1504850483,2017/9/8,15185,16:49,8716,//i0.hdslb.com/bfs/archive/5c450ae1e798ca5f607f73666e818845504004a5.jpg,406697,2618,14:1:23,聊聊异味，黑色素，毛发，月经杯，不懂这些护理，你可能是假女生！送福利【周六野Zoey】,3870
14128006,BV1gx411b7FN,4113,382,1504421917,2017/9/3,25855,09:41,5697,//i2.hdslb.com/bfs/archive/8429cce99c33250fa017277a828ff742d5055e20.jpg,331120,1919,14:58:37,6个常见错误瘦腿动作和误区！膝盖疼腰疼是因为你做错了！健身入门必学保护膝盖脊椎技巧【周六野Zoey】,749
12789599,BV1fx411W7Wv,2375,1085,1501484117,2017/7/31,12366,10:28,5775,//i0.hdslb.com/bfs/archive/094b62401318a21bc8bb45baec2400307e0d032f.jpg,575217,1487,14:55:17,有氧运动VS无氧运动，慢跑vsHIIT，减肥到底哪个更快速，更适合你？【周六野Zoey】,1153
12553624,BV13x411q7Le,748,295,1500940487,2017/7/25,6308,00:58,1439,//i1.hdslb.com/bfs/archive/67f88f348e0d258cb2ed602cdcc72b874241f589.jpg,358845,414,7:54:47,28天沙滩身材在家私教课❤快速减脂塑形赢大奖【周六野Zoey】,77
12000092,BV1yx411z7PJ,48175,14614,1499492775,2017/7/8,766194,12:26,108060,//i1.hdslb.com/bfs/archive/5633628fc855564fe5cb0dfdd8756c97b0b1ace8.jpg,9141635,77326,13:46:15,9分钟瘦大腿+HIIT超燃脂运动，针对大腿内侧！28天比基尼身材挑战Week5【周六野Zoey】,53857
11777418,BV17x411r7Eu,14696,9497,1498877698,2017/7/1,276534,13:16,26707,//i0.hdslb.com/bfs/archive/b1f40494a3e94b607bf80ef67c8340cba40516cc.jpg,4344317,41818,10:54:58,10分钟增强版腹肌马甲线人鱼线瘦腰运动！28天比基尼身材挑战Week4 【周六野Zoey】,22756
11574188,BV15x41167jo,4917,2280,1498269652,2017/6/24,97466,14:09,9491,//i1.hdslb.com/bfs/archive/5aad717fdaa934fd74a474163e4fd9bc08e0aff1.jpg,946513,9947,10:0:52,在家健胸运动，丰胸增杯，练出事业线！想瘦胸防下垂的女生也看进来+送运动手环（比基尼挑战3）【周六野Zoey】,3145
11497354,BV1ix411h7aa,1237,678,1498015025,2017/6/21,11404,05:48,2522,//i1.hdslb.com/bfs/archive/918b418c64170ccdb4cb9611ef8f66664b22a137.jpg,278579,724,11:17:5,关节响？害怕肌肉变太大，太粗壮？这些健身误区，后果很严重【周六野Zoey】,623
11365645,BV1dx41187tM,4448,1030,1497591812,2017/6/16,108707,12:20,8491,//i1.hdslb.com/bfs/archive/693a1722709e6ef536f58717b80f139c7a509bb2.jpg,966658,4899,13:43:32,性感美背训练，减副乳瘦后腰，穿露背，28天比基尼身材挑战第二周【周六野Zoey】,2036
11183060,BV1Xx411a7bi,13211,4391,1496978481,2017/6/9,240924,14:41,31241,//i1.hdslb.com/bfs/archive/9ba78e282554da44b553e491cffda0dea92e7e69.jpg,3296827,20918,11:21:21,10分钟瘦手臂显锁骨运动，28天比基尼身材挑战第一周【周六野】,14348
10983487,BV1hx411e791,5233,1435,1496289653,2017/6/1,88506,06:41,13108,//i0.hdslb.com/bfs/archive/879aa8b37ed5234f287f2b7bbd265f35b600be15.jpg,979509,6335,12:0:53,月经期科学健身运动，加速减肥，和经痛说拜拜【周六野Zoey】,2274
10833415,BV1ex411Y7oQ,3570,497,1495778269,2017/5/26,3711,15:19,4176,//i2.hdslb.com/bfs/archive/33c3244fa05e20eb5ee942690c672abe8ea471bf.jpg,166367,1358,13:57:49,如何勾搭17个国家的男神！暗恋？表白！我的搭讪故事【周六野Zoey】,2053
10659559,BV1Yx411v7Z1,118521,35624,1495160891,2017/5/19,1218140,13:04,217399,//i1.hdslb.com/bfs/archive/55d92cadf8f5e98c3a407647ad525d39d08c5054.jpg,18525700,247223,10:28:11,10分钟超燃脂HIIT有氧运动（不伤膝盖）比跑步郑多燕更有效减肥瘦身！【周六野Zoey】,107686
10585616,BV13x411v7KA,113214,29812,1494849513,2017/5/15,961234,12:35,191638,//i2.hdslb.com/bfs/archive/970f2c71445ea395f8236b63646c26c8d44c8b51.jpg,10712265,159794,19:58:33,床上全身燃脂运动！8分钟加速减肥瘦腰肚瘦腿！太忙？没地方？进来吧！为做HIIT准备！,131169
10466484,BV1Fx411U7QX,9703,929,1494440448,2017/5/11,4707,12:33,8278,//i1.hdslb.com/bfs/archive/f59392fc56eb10641e4ce9411deabb4e9e59a716.jpg,--,5378,2:20:48,现场试用卫生棉条？女性私处科普！下水？处女？那些你很可能不知道的事！【周六野Zoey】,3268
10307623,BV1cx411m7pb,44745,8183,1493892876,2017/5/4,438532,11:31,70804,//i1.hdslb.com/bfs/archive/860c73e5fd97ba1e65dda679695597aa88f47025.png,4220427,34945,18:14:36,一个月矫正O型腿，骨盆前倾，膝超伸，瘦胯，改善腿型变直变长还增高（一周就可以看见效果）！【周六野Zoey】,21891
10227223,BV11x41127ip,2028,790,1493636431,2017/5/1,9915,10:00,5509,//i1.hdslb.com/bfs/archive/7b077a850f4741174a151e95f1ac843157153d91.jpg,597768,1435,19:0:31,私处腋下4种脱体毛体验分享和演示过程（剃毛，拔毛，蜜蜡，激光脱毛）【周六野Zoey】,953
10122554,BV11x411U7Ui,586,187,1493251228,2017/4/27,5051,06:25,1338,//i1.hdslb.com/bfs/archive/4a233af17a798fc255f5219323ee53dd481247f9.jpg,174400,389,8:0:28,减肥健身午餐，懒人美味简易汤面！吃货瘦子第三集【周六野Zoey】,620
9985983,BV1wx411U7RQ,949,593,1492753811,2017/4/21,3198,08:01,1311,//i2.hdslb.com/bfs/archive/5ac7ed336d1b814d36dbde794ac982cd4e18c9a6.jpg,259259,651,13:50:11,比基尼脱毛和巴西脱毛？剃毛刀还是蜜蜡？【周六野Zoey】,912
9939342,BV16x411D7jc,2578,640,1492563639,2017/4/19,9929,13:58,4152,//i1.hdslb.com/bfs/archive/7255c8a2ac722a1fdb4b3ebda89ac881fb42774b.jpg,233549,600,9:0:39,减肥健身常见问题!肌肉酸痛?体重增加!?瘦脸显锁骨瘦肌肉腿?【周六野Zoey】,1252
9802618,BV1fx411S7Qf,1001,215,1492040351,2017/4/13,6347,03:28,3015,//i2.hdslb.com/bfs/archive/3a0ba0e0bfa92eaf04bb96870004314e08227ddc.jpg,256675,496,7:39:11,早餐吃什么？运动瘦身饮食！吃货瘦子第二集【周六野Zoey】,513
9740351,BV16x411S7Wv,926,384,1491787609,2017/4/10,8003,05:26,2393,//i1.hdslb.com/bfs/archive/e397fed0e3d364f9b6a42fedaf04bbef577b2547.jpg,322659,792,9:26:49,怎么吃出好身材？健身瘦身饮食！吃货瘦子第一集【周六野Zoey】,1229
9566990,BV1jx411Q72A,29782,12063,1491166747,2017/4/3,545369,11:39,79545,//i1.hdslb.com/bfs/archive/7da217367676be4ce5a004d86150821f6bfe374b.jpg,7508742,80382,4:59:7,一周见效马甲线瘦腰运动，在家练出小蛮腰（进阶版）【周六野Zoey】,46061
9466939,BV12x411D7q1,87399,15706,1490791658,2017/3/29,810150,10:33,159792,//i0.hdslb.com/bfs/archive/555d7daa3929a28afd290c3e698c234ab71ddc26.jpg,8684724,94469,20:47:38,快速矫正驼背圆肩，美背瘦背增高显瘦改善气质，一星期就见效~【周六野Zoey】,51077
9354941,BV17x411k7Vs,245,57,1490335004,2017/3/24,1605,03:38,684,//i1.hdslb.com/bfs/archive/44bfd04a269cdc2107daa7b94139c2a8766ab061.png,61647,177,13:56:44,不伤发卷发教程！不用卷发棒打造自然卷发【周六野Zoey】,165
9296477,BV1Sx411r7yZ,27074,5379,1490051113,2017/3/21,462780,06:15,51573,//i2.hdslb.com/bfs/archive/8017e634ae8e43d38a0e97ed99fb16afeaf00269.jpg,7992375,58613,7:5:13,5分钟运动前后全身热身拉伸运动，拉伸瑜伽初级入门【周六野Zoey】,16711
9091446,BV1Bx411C7Wi,19277,7927,1489371132,2017/3/13,370909,07:31,39619,//i0.hdslb.com/bfs/archive/9bcb70b86e3057e247dbe12bc883f1a1f377c6ca.jpg,4394533,32327,10:12:12,5分钟在家瘦腿运动，瘦大腿提臀，练出细长腿（进阶版）！【周六野Zoey】,23251
8879609,BV1Ax41117D1,149090,47112,1488346201,2017/3/1,1616597,09:31,379508,//i2.hdslb.com/bfs/archive/7dcd5d51e6f7b19d806f3dea1630f656b5134984.jpg,21650242,268075,13:30:1,快速瘦小腿运动！摆脱萝卜腿让小腿更细长，拉伸小腿【周六野Zoey】,174033
8862279,BV1ux41117Ms,24981,8145,1488321355,2017/3/1,290017,19:42,42401,//i2.hdslb.com/bfs/archive/43e7290e45b5896626fe888ba8b9d4021e0b628d.jpg,3547342,39570,6:35:55,在家低强度瘦身减肥操有氧运动，一星期就掉肉（来自评论）HIIT入门【周六野Zoey】,23649
8795021,BV1Sx411y7JF,415,81,1487991602,2017/2/25,688,03:11,885,//i0.hdslb.com/bfs/archive/31851069bfd259ac055bae969ae42566700ed998.jpg,64263,71,11:0:2,如何搭配运动鞋，春季这样穿出舒适时尚感【周六野Zoey】,184
8775849,BV1ax411y7zQ,154814,54541,1487787532,2017/2/23,1807842,07:51,306087,//i2.hdslb.com/bfs/archive/e161008a0355e91901a8cf518becfa47261c607b.jpg,26841632,395496,2:18:52,五分钟在家瘦腰运动！快速瘦肚子小蛮腰，马甲线一周现形！适合初学者【周六野Zoey】,241866
7950318,BV1Ts411h77U,14468,3782,1484095045,2017/1/11,247528,06:05,32029,//i1.hdslb.com/bfs/archive/4a2312deb365f9e8672068da316039881c8fe83d.jpg,2423345,16408,8:37:25,"5分钟在家瘦手臂运动，甩掉拜拜肉~超有效懒人运动, 适合入门初学者【周六野Zoey】",8727
7861339,BV1Hs411Y7fv,286,45,1483596543,2017/1/5,146,03:53,351,//i1.hdslb.com/bfs/archive/046c5ca27e829bf14010aacbe21bbf7440b57bbf.jpg,31633,38,14:9:3,我在美国怎么过圣诞和跨年-周六野Zoey,127
7343494,BV1Ys411Y7W6,335,43,1480651513,2016/12/2,1229,03:55,778,//i2.hdslb.com/bfs/archive/65756786eeb2b6d8267b678eb3d4f604e00be0e8.jpg,60670,95,12:5:13,4款Choker短项链DIY超简单手工制作，时尚百搭潮人必备【周六野Zoey】,151
7319873,BV1Ws411s7r5,872,126,1480494038,2016/11/30,6210,07:34,1756,//i0.hdslb.com/bfs/archive/134dc09fe27b1eb46d8558b4e017d43a3e75fff8.jpg,134905,387,16:20:38,7款简单的长发日常发型，上学约会让你每天美美的！【周六野Zoey】,588
7291684,BV1Ns411s7i8,977,89,1480310363,2016/11/28,21196,02:27,2393,//i0.hdslb.com/bfs/archive/dd33a73451a8758d118fe3b5b8f9d117898515e4.jpg,251834,1437,13:19:23,不深蹲无翘臀？两个方法做好标准自体深蹲~提臀瘦腿必学！【周六野Zoey】,113
7271055,BV1fs411W7Ww,8371,4288,1480180380,2016/11/27,160155,08:00,16106,//i0.hdslb.com/bfs/archive/f42367afa35dd4f097adb73a4489990b95ac5767.jpg,1962105,14891,1:13:0,5分钟在家提臀瘦腿运动，减肥塑形一个月见效，简单适合初学者~【周六野Zoey】,10463
