﻿aid,bvid,coin,comment,created,date,favorite,length,like,pic,play,share,time,title,video_review
968565327,BV1dp4y1D7nG,6614,1083,1592046016,2020/6/13,4083,11:17,36744,//i2.hdslb.com/bfs/archive/0b2d233038b7defb32c52b732bd7d4388d3e29db.jpg,365959,600,19:0:16,我 是 冠 军,2316
285896788,BV1if4y127X8,23830,1816,1591945231,2020/6/12,13629,09:42,57376,//i0.hdslb.com/bfs/archive/3d9e7544d9184edd0e38df68c8ad0db45e184877.jpg,546342,2978,15:0:31,【C菌】8分钟带你了解《最后生还者2》!,3826
925885091,BV1xT4y1g7KZ,46283,2744,1591439322,2020/6/6,36810,09:01,84366,//i2.hdslb.com/bfs/archive/af5079b72dd7832b96aa04bff3991cbf7cc3967a.jpg,631252,3674,18:28:42,干货! 成绩全A的UP主讲述留学生常走的五条弯路!,4066
753255284,BV1ik4y167Z3,31892,2342,1590816314,2020/5/30,19469,26:09,92897,//i0.hdslb.com/bfs/archive/ab50b6219ad6aa4cf1c733811bf180dd20768dca.jpg,1057753,1196,13:25:14,好 男 人 模 拟 器 (第一集),8459
583362530,BV1Lz4y197uX,47382,3050,1590211813,2020/5/23,51379,25:16,98683,//i0.hdslb.com/bfs/archive/1dc799498df363ec37b22ee1598d3fa0f40e8f89.jpg,1043612,1899,13:30:13,"【C菌】揭露孤儿院的恐怖真相, 他们竟然强迫孩子们做这事儿! (修复字幕)",11601
968130145,BV13p4y1Q7LZ,70219,5928,1589539029,2020/5/15,34453,21:51,130083,//i0.hdslb.com/bfs/archive/64ac36cc2a04622f7978d5e4650f1cfdd0fa8f17.jpg,844532,4181,18:37:9,"【C菌】人生第一次下厨, 为自己做了份生日蛋糕!!",49738
455550934,BV1b5411475c,35425,2440,1588919737,2020/5/8,37682,21:40,95320,//i1.hdslb.com/bfs/archive/510e00de87f3b44d91231503333365fbf198db8c.jpg,1105355,1657,14:35:37,"【C菌】玩了这个阴间餐厅游戏, 我再也不敢吃快餐了…!",15634
968070021,BV11p4y1972b,19207,5036,1588671437,2020/5/5,4512,00:18,84222,//i1.hdslb.com/bfs/archive/fb88dc56f206319e1ac7a5f89574d19b83e9c1df.jpg,1308973,2183,17:37:17,刚入坑，玩了3天，记录一下昨天的高光时刻,891
370512974,BV1GZ4y1s7q8,61582,2411,1588483784,2020/5/3,33980,18:47,108147,//i0.hdslb.com/bfs/archive/f3ebebd3a3db7abb0b8bebfde3098ed7100f9a87.jpg,1111775,5118,13:29:44,【C菌】专 业 搬 家 团 队 -- (超级沙雕双人游戏!),9749
582894915,BV1f64y1T7nq,54995,4688,1588226166,2020/4/30,20832,04:42,182449,//i2.hdslb.com/bfs/archive/0fdf73e8adb61329fc4211ea070d2fe0942c6b70.jpg,1599929,2257,13:56:6,"【C菌】“群体免疫”已经一个月了, 英国现在是什么样?",7072
882924470,BV1LK4y1b7E8,50032,1775,1587788604,2020/4/25,25345,19:52,94559,//i2.hdslb.com/bfs/archive/ef46a19d0648e005b9143082fbb69086a7ba4d3b.jpg,842784,1412,12:23:24,"【C菌】这个游戏难得令我窒息, 教程都卡关一整天!! 【试不过三】第一期",14369
285342115,BV1Tf4y1S74r,36225,3054,1587269034,2020/4/19,26013,05:40,103268,//i0.hdslb.com/bfs/archive/2f499cffb9242c4cc32fff37c08656e4657cac19.jpg,1006224,1102,12:3:54,【C菌】要素过多! 2020最抽象游戏!!,9464
752633034,BV1ak4y197sR,51508,4649,1586670021,2020/4/12,49759,37:51,134598,//i0.hdslb.com/bfs/archive/4e7920306bd35c0e5984b4b75304bd84ef0be807.jpg,2165398,6394,13:40:21,"【C菌】玩了这个阴间便利店游戏, 再也不敢逛超市了...",59388
242574257,BV14e411x7jC,139483,10138,1585909833,2020/4/3,82285,282:14,146816,//i0.hdslb.com/bfs/archive/1c62889c311c9ab8b91d3a9df47ed2e76f0b20ef.jpg,3773541,9961,18:30:33,"【C菌】B站三怂又双叒叕被吓飞!【生化危机3: 重制版】长篇实况, 已完结",135062
100104284,BV1L7411X7ga,36946,3304,1585394361,2020/3/28,24722,95:55,74268,//i1.hdslb.com/bfs/archive/d6fa867cc1613c5d5eb4a65128c701e9968de5ea.jpg,1292071,4258,19:19:21,【C菌】这款游戏的转折令我窒息!,40691
97927391,BV1qE411A7cv,16236,2774,1584707026,2020/3/20,7369,07:44,70166,//i2.hdslb.com/bfs/archive/ba8d1715ce00c09162bad42b628e3b6ddffcaebe.jpg,1112362,794,20:23:46,【C菌】这款游戏真是太懒了…但该死的好玩!,9900
97523403,BV1pE411P7Rd,45990,4034,1584593852,2020/3/19,28253,25:55,91903,//i0.hdslb.com/bfs/archive/b3d539caf095a35604e9cfd543a18961fa4986af.jpg,1295209,5719,12:57:32,【C菌】B站三怂的噩梦! 《生化危机3试玩版》实况+中文字幕,18127
94408009,BV19E411u78r,189098,10074,1583572557,2020/3/7,109288,186:57,212735,//i2.hdslb.com/bfs/archive/0ae7fe7e028a7a3fb07bf5df75684e5da87dd555.jpg,3404572,10961,17:15:57,"【C菌】这就是我投资了500欧元的游戏, 真的太值了! 《恶魔从不撒谎》实况 | 完结",158598
92911871,BV1HE411E7Wg,96167,4641,1583058294,2020/3/1,71856,04:58,207745,//i0.hdslb.com/bfs/archive/7a896971f41ed99b844f0ad95e949fa292b8b8b1.jpg,2206513,3332,18:24:54,【C菌】世界上最难受的游戏，你能坚持几秒？,9931
91410515,BV1W7411u79G,75354,6586,1582549714,2020/2/24,50147,160:47,107138,//i0.hdslb.com/bfs/archive/07a9d00904fd2aa8d18dc36f4bf25cc8cd760b7b.jpg,2301131,7077,21:8:34,【C菌】揭露39年前美国最恶劣悬案！《瑞秋的自杀惨案》实况全篇,76329
88891700,BV1d7411u7xR,207219,7617,1581672356,2020/2/14,117830,09:27,193276,//i2.hdslb.com/bfs/archive/35af44100553a6b67aab90b317aa4d1441f4c24b.jpg,1396060,30296,17:25:56,"【C菌】干货! 和父母分享这个视频吧, 希望他们会理解爱游戏的你!",9328
87524340,BV1Z741187Te,65028,3549,1581151773,2020/2/8,45467,136:38,97955,//i1.hdslb.com/bfs/archive/b4674d5305a019f67c45f96de9cbaa4df7b2fa9b.jpg,2724078,8065,16:49:33,"【C菌】耗时半年, 我终于打通了史上最难恐怖游戏《甜蜜之家》大结局！（实况完结）",89369
85438617,BV117411r7ZE,100540,2260,1580210345,2020/1/28,61313,06:30,178057,//i0.hdslb.com/bfs/archive/e5aec0930dbba4da42154147fee68c33b47ea954.jpg,2259490,6210,19:19:5,【C菌】要素过多！2020最猎奇游戏！,9098
84963761,BV1D7411r7R9,15417,1125,1579953607,2020/1/25,5606,12:20,45058,//i2.hdslb.com/bfs/archive/290b7eb79e6c0ca4d6c6bd234ee07eec003004a2.jpg,705823,1079,20:0:7,【C菌】除夕偶遇热情小姐姐和可爱小哥哥，携手共同跨年！！,7203
82969316,BV1jJ411p7Q3,100180,5955,1578731036,2020/1/11,70820,105:02,134085,//i1.hdslb.com/bfs/archive/aeb6736d2f8abea8ed371f6400d78714231e5d30.jpg,4223236,35124,16:23:56,【C菌】寒假必看!国产恐怖游戏大作《港诡实录》实况【完结】(粤语语音),234685
81874504,BV1tJ411j7RH,22830,1606,1578042032,2020/1/3,11757,25:45,65908,//i2.hdslb.com/bfs/archive/13dbfea86980712ce6d5bf7622954adb6d6d29bd.jpg,1268805,2021,17:0:32,【C菌】你情商是否及格? 做这5道题就知道了!,11640
80431856,BV1GJ411x7kx,33201,2801,1577188822,2019/12/24,11899,13:01,59189,//i2.hdslb.com/bfs/archive/a5e6e2f62109d14b7735b5a4006339d33c661599.jpg,1313399,5645,20:0:22,【C菌】这款游戏竟然火了六年？知道原因的我也入坑了！,10200
79952396,BV1MJ411b7F6,82191,2801,1576832387,2019/12/20,58002,300:17,90094,//i0.hdslb.com/bfs/archive/6184cb218d9a4685b060f9b3525f8afda13f0c22.jpg,3033152,9030,16:59:47,【C菌】2019年度最黑马恐怖游戏巨作《心魔》实况连载【完结】,114974
79064210,BV1pJ411C7L3,50338,1248,1576227636,2019/12/13,29414,08:47,82237,//i0.hdslb.com/bfs/archive/b8dcc9ff879f47b5c0d64d26db8b4e0a0d6f958f.jpg,1197181,2017,17:0:36,【C菌】奥利给! 今天我如何揍哭了三个男人！,6493
78248102,BV1hJ411i7s2,26368,1466,1575622712,2019/12/6,10911,10:21,51367,//i0.hdslb.com/bfs/archive/9c59bfe4d1622a85feb52160f56be92a04a05be2.jpg,922674,2512,16:58:32,"【C菌】父亲半夜外出鬼混, 女儿在家中竟然发生这种事..!【恐怖游戏Dark Veer】",10971
77392684,BV1oJ411D7ga,22362,1263,1575019805,2019/11/29,17862,11:29,73245,//i2.hdslb.com/bfs/archive/be7965a0e597e92455192f4ec0065598ffc9afad.jpg,1658962,2803,17:30:5,【C菌】我发现了B站的最毁三观的视频《超级沙雕恋爱游戏，你能坚持几秒！》,10328
76710584,BV1rJ411d7Du,22894,1710,1574492457,2019/11/23,9563,08:27,46426,//i1.hdslb.com/bfs/archive/d8a71094224d67aad86f2324213b9bb5feb7bf97.jpg,782860,4787,15:0:57,【C菌】开箱测评2019最黑科技产品，手机也能玩荒野大镖客2? 谷歌Stadia云游戏服务!,3219
75836685,BV18J411U7tb,41054,1116,1573872333,2019/11/16,20483,17:38,65159,//i0.hdslb.com/bfs/archive/b3d80330c3c0fe4bdab415feb06a1475f16bd2ac.jpg,919135,1877,10:45:33,【C菌】球还能这么打? 你从未见过的创新游戏玩法!【智障游戏合集2.0|59】,7697
74261718,BV1vE411t7GR,56077,5397,1572681525,2019/11/2,23351,12:05,90531,//i1.hdslb.com/bfs/archive/c64714d816567b9a730cfd9643f8b01ee420348b.jpg,1821666,11052,15:58:45,【C菌】只有6.8分的神作?《死亡搁浅》是否值得购买？全面测评！,12981
73316671,BV1VE41117iv,62053,1674,1571994043,2019/10/25,36328,09:49,92833,//i2.hdslb.com/bfs/archive/a9e24f294fa567a950a0113227526e0a52071336.jpg,1330358,3007,17:0:43,【C菌】史上最差评国产游戏! 玩了一下我开始质疑人生...【迷惑游戏大赏｜第一期】,9506
70984054,BV1bE411Z7AU,87038,3060,1570876519,2019/10/12,45200,112:22,96718,//i2.hdslb.com/bfs/archive/6ec22fbe963e9bc0411274fa1480c6e7e0b23f15.jpg,2349003,7104,18:35:19,"【C菌】比黑暗欺骗还难, 10个小时才通一关的泰国恐怖游戏《甜蜜之家》第二章实况, 中文字幕",67938
69511380,BV1vE411X7DH,144760,5403,1569842186,2019/9/30,101800,166:34,137553,//i2.hdslb.com/bfs/archive/41c5447be0ac82623f5f6deeaea0a996b04c123c.jpg,2914093,10637,19:16:26,【C菌】8岁少女如何度过生命最后一天？《不幸小姐/Little Misfortune》实况【完结】,76659
68344448,BV1qJ41137d6,25784,1257,1568980829,2019/9/20,12525,18:25,48934,//i1.hdslb.com/bfs/archive/544e01bb1ea4a7d67c2a12f3bedfd6aaa7cb30bf.jpg,1164520,3323,20:0:29,"【C菌】与史上最坑队友挑战2019最难游戏, 也就死了800次！",5835
67713703,BV13J411A7tC,69965,1687,1568449185,2019/9/14,35076,04:04,100598,//i2.hdslb.com/bfs/archive/5fd7b63c0690e921a9c2c9d13d7a4bd31d4ca333.jpg,1290890,2067,16:19:45,【C菌】干货！99%的玩家都拥有的心理问题，3分钟带你看透！,1675
66821481,BV1w4411179v,64793,2671,1567769421,2019/9/6,44293,204:08,70752,//i1.hdslb.com/bfs/archive/6df3add8d458cca02ce24f33c0cfdd3f7845b1d4.jpg,2119388,6176,19:30:21,【C菌】B站三怂又双叒叕被吓飞!《黑相集:棉兰号》双人实况|已完结|字幕放大版,52996
65274208,BV1S4411z7Bu,97985,2508,1566708511,2019/8/25,44957,14:43,126875,//i1.hdslb.com/bfs/archive/2856f425113a612b53e1f34a9da360e1b804bdfc.jpg,1884087,3540,12:48:31,【C菌】史上最难游戏，我花了七个小时才过了一关！【智障合集2.0|58期】,22127
63716273,BV1o4411m7Hb,274166,6758,1565787289,2019/8/14,178836,14:21,248489,//i0.hdslb.com/bfs/archive/6f0baa5b8d7c5080d8356576d4faedb4239fcf61.jpg,2111069,18988,20:54:49,【C菌】全是干货！GPA4.0研究生UP主教你学习诀窍！,33931
62891779,BV1Vt411K72Q,62032,3231,1565324191,2019/8/9,49940,98:06,79915,//i2.hdslb.com/bfs/archive/b4947248661621635c2a627495d97a529908e7eb.jpg,2213758,5775,12:16:31,【C菌】2019最恐怖游戏！寂静岭PT精神续作《VISAGE|面容》第二章实况,85304
61896530,BV1ct411u7kA,48348,1640,1564740880,2019/8/2,31513,15:10,86533,//i0.hdslb.com/bfs/archive/7831e1a2c72207206f101deb9b1c899a4df23706.jpg,1484248,2314,18:14:40,"【C菌】调戏世界最强人工智能, 被蠢哭了...【智障游戏合集2.0|第57期】",14307
60875985,BV1mt411A7LP,20131,1904,1564142423,2019/7/26,12213,11:11,52152,//i0.hdslb.com/bfs/archive/090f2a2455b0caf21830a2e4054bea65123959b1.jpg,1267877,1144,20:0:23,【C菌】史上最虐! 这个萌萌哒的国产独立游戏今天收割了千亿人头,6749
59530343,BV1Et411g7HQ,38358,2852,1563364829,2019/7/17,22542,06:19,65012,//i1.hdslb.com/bfs/archive/4d06b16eb4f7ddc178b81b78c7b62c60d004b5bd.jpg,1391698,3809,20:0:29,【C菌】暑假必玩！2019最被低估的PC游戏,7535
58908717,BV1Vt411L7F4,37178,5118,1562932527,2019/7/12,28104,13:52,66817,//i0.hdslb.com/bfs/archive/f142ef41d6c93fd94b464596b4d6ba53050036fc.jpg,1094255,4233,19:55:27,【C菌】99%的人都不知道的家暴黑暗真相：遇到这些情况，你会怎么做？,21827
57830165,BV1g4411A7kP,118139,2697,1562235159,2019/7/4,64943,16:15,127835,//i2.hdslb.com/bfs/archive/895fc49f339398e975686306d8d53bb0b7a84e4c.jpg,2492331,2525,18:12:39,"【C菌】这是游戏史上最虐最难的一关, 逼疯无数玩家《黑暗欺骗》第三章第五关（完整版）",31812
57072330,BV1ix411d7tT,96224,2371,1561712400,2019/6/28,56387,19:41,105671,//i1.hdslb.com/bfs/archive/c0792b6b8d753156dee72ef8d566c7955af1704d.jpg,1730843,3159,17:0:0,"【C菌】世上最难的恐怖游戏, 死八千次才过关! 《黑暗欺骗》第四关！",22042
56313399,BV1a441137aQ,30397,1935,1561112146,2019/6/21,20373,07:36,51758,//i1.hdslb.com/bfs/archive/35ba0fc10e0516d84fbc31adf2ab419403222052.jpg,1119700,1203,18:15:46,【C菌】曹贼！休得妨碍我匡扶汉室！,647
54939723,BV134411T7qq,54552,3253,1559978963,2019/6/8,35836,33:42,78942,//i1.hdslb.com/bfs/archive/549c3a38d8e64ee5c8dbbe279970c5257e560106.jpg,2251217,4182,15:29:23,【C菌】哭了! 史上最难做饭游戏教你炸飞厨房【智障游戏合集2.0|56期】,26199
54222971,BV1J4411p7hs,63988,6846,1559361283,2019/6/1,39474,32:59,81629,//i2.hdslb.com/bfs/archive/a60d4720d9153687780f29298cc4155f66a6c75a.jpg,1479669,2280,11:54:43,"【C菌】这是一个你从没听过的小众神作, 惊天转折的剧情！【恐怖游戏《103》】",17923
52914112,BV174411E7qa,83294,3285,1558236927,2019/5/19,53983,23:19,90227,//i1.hdslb.com/bfs/archive/d59527f684255a243d9c777eef04903f4870a85c.jpg,1282738,2483,11:35:27,"【C菌】在生命的最后一天, 她竟做了这样的选择!《Little Misfortune》实况/中文字幕",13539
51916210,BV1M4411Y78W,152660,6323,1557482702,2019/5/10,77781,13:43,159467,//i2.hdslb.com/bfs/archive/5dd9e5452889d8c4dd3e86953e4f522447458c6d.jpg,2041899,10946,18:5:2,【C菌】资深女玩家的高科技游戏公寓！,19622
51185633,BV1C4411x7zm,72224,2894,1556793459,2019/5/2,45808,12:12,90640,//i0.hdslb.com/bfs/archive/a37e8728d7a52bb2f0e1388720cf7487fd16a725.jpg,1658129,1762,18:37:39,【C菌】这是什么丧心病狂的扫雷游戏？！【智障游戏合集2.0|EP54】,14378
49824499,BV11b411G7QP,80666,5235,1555676833,2019/4/19,41265,29:13,100689,//i1.hdslb.com/bfs/archive/a8b401f892e1655ab2523d30b6c958486373c89e.jpg,2253397,8458,20:27:13,【C菌】国产虚幻引擎恐怖游戏大作《纸人》抢先试玩实况！,66074
49211321,BV1db411K7uj,65774,3189,1555160893,2019/4/13,35466,28:26,77577,//i2.hdslb.com/bfs/archive/4be5d7b5389ba3f1187a698b1a441bd7a7e7ebef.jpg,1475609,2361,21:8:13,"【C菌】世界唯一从不睡觉的人, 不仅活着竟然还能练瑜伽???【智障游戏合集第53期】",17776
48503532,BV1Sb411M7Yo,67914,20400,1554553129,2019/4/6,52229,50:48,81669,//i2.hdslb.com/bfs/archive/03a78eecb928b83418c5c40e684d8f213869e975.jpg,1867561,12482,20:18:49,【C菌】抑郁症为什么如此可怕? 一起走入患者内心世界,65214
47863847,BV13b411s7yQ,28562,3226,1554013824,2019/3/31,20578,04:47,53616,//i0.hdslb.com/bfs/archive/ecc5c8d313f947e9492ff3a929e560321aff18fc.jpg,1309092,951,14:30:24,"【C菌】用了8年B站, 竟然不知道弹幕可以这样玩！(99%用户不知道)",15129
47631172,BV1rb411x7We,48764,3623,1553862631,2019/3/29,36089,31:37,64959,//i2.hdslb.com/bfs/archive/31533f9eb47df9a5cdae9459e463fa83afc3f04b.jpg,1289679,5217,20:30:31,【C菌】只能用耳朵玩的国产推理游戏！,14638
46918210,BV1nb411J7ii,123686,4562,1553164137,2019/3/21,65376,12:57,119703,//i0.hdslb.com/bfs/archive/b8bf93b0f036af66d731b46d3ccad709dabce2c6.jpg,1491762,7424,18:28:57,"【C菌】第一次在伦敦跨年, 英国人竟然是这样过年的!《伦敦一日/London In A Day》",24714
46466164,BV19b411J7so,167932,4936,1552741680,2019/3/16,78576,16:55,149859,//i1.hdslb.com/bfs/archive/63c85f52c45edceb1e0abe8dcd44b4bab4906a74.jpg,2241182,7347,21:8:0,"【C菌】世界上最难的恐怖游戏, 耗时一个月终于打通《黑暗欺骗》第三关！",30972
45794602,BV1Kb411i7AX,205244,11310,1552129505,2019/3/9,118789,10:29,191249,//i2.hdslb.com/bfs/archive/99b3455acebd01752810a7febe99b98255d57a1d.jpg,2339299,37843,19:5:5,【C菌】资深女玩家耗时一个月打造出梦想游戏桌！,16038
45033827,BV16b411b7uE,81202,4665,1551440528,2019/3/1,33703,23:58,91841,//i2.hdslb.com/bfs/archive/a589806657ae1a0bb0c7df2c0b6a2df2bdd09046.jpg,1752045,8602,19:42:8,"【C菌】史上最硬核恐怖游戏, 一个月才通第一关《黑暗欺骗》实况！",23034
43438771,BV1Gb411U7oC,69093,4014,1550064316,2019/2/13,27717,08:34,93291,//i0.hdslb.com/bfs/archive/9359c1e6f3adcda030a144cb88c12ded0de2e9c5.jpg,1925370,3142,21:25:16,【C菌】史上最傻屌模拟器：健身房如何泡小姐姐【智障游戏合集:第52期】,15448
42121472,BV17b411y7Sa,40778,3495,1548849605,2019/1/30,13521,10:10,54264,//i0.hdslb.com/bfs/archive/58436e59ea4dfc8072d751eb6955c8a53a6e2c3b.jpg,1452883,1497,20:0:5,【C菌】风靡国外的国产游戏！,9839
41726339,BV1yt41147b9,315409,28012,1548475069,2019/1/26,178493,575:33,250417,//i1.hdslb.com/bfs/archive/e8f138e69a07be0ed56d212a97ab155c8c5fae98.jpg,10806162,27635,11:57:49,"【C菌】B站三怂再次被吓飞!【生化危机2: 重制版】长篇实况连载, 已完结! （健康护眼版）",356897
40473558,BV1Ft411W7Xo,28567,3010,1547205501,2019/1/11,9360,28:27,36062,//i1.hdslb.com/bfs/archive/1914be8e66e0a7a06c6c075a6156ad073ea032ce.jpg,1183911,3732,19:18:21,"【C菌】《生化危机2重制版》超难抢先试玩, 我竟然通关了?!【完整绿色版】",5901
39965448,BV1it411x7dJ,52791,3165,1546689606,2019/1/5,40294,10:03,58777,//i0.hdslb.com/bfs/archive/c44b732d809b5c77f85025096ed772f069f6a93e.jpg,1214505,4196,20:0:6,【C菌】最不能错过的5个独立游戏-手机版！,7732
39526538,BV1zt411675N,27146,3628,1546244104,2018/12/31,11484,11:56,34882,//i2.hdslb.com/bfs/archive/a04a40374309cd1bfa43dde22039cca4f4869992.jpg,727292,3667,16:15:4,【C菌】2018世界游戏销量排行TOP 10【修改版】,7120
38218721,BV1qt411i7P4,37601,2581,1544874743,2018/12/15,12113,52:06,35883,//i1.hdslb.com/bfs/archive/5d6774971769d9eb9588093034a9f49a5d2d8852.jpg,988763,1859,19:52:23,"【C菌】这是我玩过最吓人的恋爱游戏, 女主变女鬼了!!【恐怖游戏合集2.0|第十期】已修复",25429
37718041,BV1gt411D74h,51587,3133,1544275628,2018/12/8,17532,16:57,56862,//i2.hdslb.com/bfs/archive/ba028539d07d037a1b1e35a3388d7df8e9aa19da.jpg,1355985,7410,21:27:8,"【C菌】史上最傻屌恐怖游戏, 只能用嘴巴玩!【智障游戏合集 | 第51期】",16663
36671246,BV1mt411y76a,38966,2573,1543063110,2018/11/24,26468,124:29,42437,//i2.hdslb.com/bfs/archive/eee53e63a541783abe88e0f0ff58a4be20417e15.jpg,1336374,2997,20:38:30,"【C菌】2D恐怖游戏巅峰之作, 好评率98%之《Distraint2》",21875
36241846,BV1Et41117q2,28800,4158,1542533477,2018/11/18,19680,185:09,30179,//i1.hdslb.com/bfs/archive/0d8b2dedc45dbc2fb6ca51122b25d6b0629467be.jpg,961312,2576,17:31:17,"【C菌】史上最烧脑毁三观的悬疑游戏, 你绝对猜不到结局!【化身侦探】实况（完结）",17589
35679613,BV1it411m76P,47127,2234,1541841045,2018/11/10,15060,25:53,44916,//i2.hdslb.com/bfs/archive/72d24bd7d85d5d03f6c3ff8ce64a63bd8612020d.jpg,1441594,2071,17:10:45,【C菌】史上最骚格斗游戏，每一招都不堪入目！【智障游戏合集|第50期】,14229
35307853,BV1Qb411w7Kv,19012,1661,1541419218,2018/11/5,7282,22:17,24484,//i2.hdslb.com/bfs/archive/30560419e78e51cf81fec6da49a0a0889e51efa0.jpg,579465,1466,20:0:18,【C菌】波兰百人制作团队教做匠心游戏！,4933
34234423,BV1Ht411o7Aw,74781,8439,1540028624,2018/10/20,50664,90:53,90374,//i1.hdslb.com/bfs/archive/09d024675a13523e8c7e48504d1ffa8baf8c7290.jpg,3492022,16770,17:43:44,【C菌】2018最恐怖游戏！寂静岭PT精神续作《VISAGE》实况！,155879
33254956,BV1DW41127w6,40837,3250,1538812410,2018/10/6,10963,21:52,42342,//i1.hdslb.com/bfs/archive/69c0db5b4f73a1ae3dbb445af4dc00cb030fc562.jpg,1450348,2129,15:53:30,【C菌】超傻缺游戏: 黑洞模拟器!【智障游戏合集|49期】,19148
32799063,BV13W411m7dq,75463,10361,1538362822,2018/10/1,58893,967:39,61559,//i0.hdslb.com/bfs/archive/36f9fd264db0d61e21634b54b5e56d5d8fd9373b.jpg,2628642,5858,11:0:22,【C菌】年度最创新游戏出新作【奇异人生2】实况【完结】,95105
32212217,BV16W411r79m,17228,3193,1537617632,2018/9/22,5062,17:12,23711,//i1.hdslb.com/bfs/archive/4b11504537206c65e171563396b5eb2749acdb05.jpg,780749,1537,20:0:32,"【C菌】2017本土最佳独立游戏, 国产黑马再现",5931
31770808,BV1dW411r7Vk,24286,2604,1537004888,2018/9/15,8038,25:03,25621,//i1.hdslb.com/bfs/archive/f6b61056482127986f7cdf16fd5ed1b0d9c3268a.jpg,935204,2340,17:48:8,【C菌】最另类恐怖游戏：竟为剧情拍了个电影!【恐怖游戏合集2.0|第七期】,16048
31334359,BV1ZW411d7kw,32621,3599,1536400231,2018/9/8,13345,52:27,38258,//i0.hdslb.com/bfs/archive/f029d019d1f2abdd0f826c2d0a4e1a487e0c8ec2.jpg,1619057,2870,17:50:31,【C菌】国外对别人随意比中指会怎样？【智障游戏合集|第48期】,27928
30335311,BV1kW411D7XC,54301,5252,1535261402,2018/8/26,22286,50:11,47792,//i1.hdslb.com/bfs/archive/d36c459f12ba0b056efb32264cfbeaf2e1c3782b.jpg,1571914,4743,13:30:2,"【C菌】史上最难恐怖游戏, 通关竟需要死几百次【恐怖游戏合集2.0|第六期】",35686
29770199,BV13W41197hq,36021,4394,1534680015,2018/8/19,13376,15:46,39987,//i2.hdslb.com/bfs/archive/37b714ede929724eefdb82afa9c382115d5a1709.jpg,1409521,3191,20:0:15,【C菌】最奇葩吃鸡游戏! 【智障游戏合集 | 第47期】,24132
29041048,BV1xs411u7h3,14571,5335,1533918573,2018/8/11,8305,15:39,23918,//i0.hdslb.com/bfs/archive/eecf06755af87d48042e03675e3b56509efd5215.jpg,686783,1517,0:29:33,【C菌】桐人和炮姐谁更厉害？官方做了个游戏解答,11596
28582041,BV11s411u7Rr,47783,8192,1533456203,2018/8/5,26793,85:45,41242,//i1.hdslb.com/bfs/archive/443d299304b1b6dd05ede17319c71ad91bc3b719.jpg,1711504,4809,16:3:23,"【C菌】最黑暗的恐怖游戏, 竟会毁灭操作系统...【恐怖游戏合集2.0: 第五期】修复！",63228
27948041,BV1zs411A7J9,53400,5608,1532773960,2018/7/28,14210,42:58,38952,//i1.hdslb.com/bfs/archive/a4654de006636cac9f11bedc645573eda2c14152.jpg,1493893,5132,18:32:40,【C菌】99%的人都打不过的数学游戏!【智障游戏合集 | 第46期】,38898
26844721,BV1Bs411J7rm,42069,4906,1531560267,2018/7/14,23520,36:58,32219,//i1.hdslb.com/bfs/archive/53c7181520b97fa1eb8a4ffe8d7f1439115cc546.jpg,1326125,2430,17:24:27,【C菌】俄罗斯恐怖游戏竟暗藏世界终极秘密..【恐怖游戏合集2.0: 第四期】,33418
26342654,BV17s411p7hN,60995,4103,1530955052,2018/7/7,27070,15:09,46705,//i1.hdslb.com/bfs/archive/0d96661c4257817d594cb01c2e3388fc0a22fb83.jpg,1953984,7588,17:17:32,【C菌】爆笑! 最傻缺吃鸡模拟器【智障游戏合集 | 第45期】,19253
25926687,BV1ds41157mj,30281,4157,1530418023,2018/7/1,21450,121:29,24475,//i0.hdslb.com/bfs/archive/246d7c5c53909bdd35ae675ec313dc1b5ec12996.jpg,1013774,3212,12:7:3,【C菌】最无可争议的叙事神作!《奇异人生2》试玩【超能队长】实况,23764
25681702,BV1Gs411j7Ny,31098,4247,1530100808,2018/6/27,11043,23:01,25919,//i1.hdslb.com/bfs/archive/223fdfba9806f3a0b701db5442402a9575bc5710.jpg,1394843,1799,20:0:8,【C菌】这TM就是国产游戏的光啊！,11030
25386332,BV1ps41177NB,39572,4561,1529755253,2018/6/23,15747,10:16,32213,//i1.hdslb.com/bfs/archive/12e1f78bcc08961f9c4ea3028df3d424a21a35ba.jpg,931121,14548,20:0:53,"【C菌】B站上市后竟花血本办了个巨型漫展, 而且还送限定PS4?!",10903
24940257,BV1kW411F7Md,44930,7032,1529064049,2018/6/15,39882,09:47,43051,//i2.hdslb.com/bfs/archive/2c1a415bb47aa308d111a8d5d0845972170e3657.jpg,1995203,6494,20:0:49,【C菌】五个最不能错过的独立游戏：手机版！,18163
23947116,BV1tp411R7tB,339916,58980,1527307775,2018/5/26,261822,649:41,160096,//i1.hdslb.com/bfs/archive/fbcc67d4091a58bfac095a853dde74e55885125d.jpg,12416058,86885,12:9:35,"【C菌】法国顶级团队打造神作!【底特律: 变人】实况, 已完结 (多结局补充中 6/8/2018)",586248
23638749,BV1yp411d7Rr,42009,3871,1526713711,2018/5/19,22679,49:09,24400,//i0.hdslb.com/bfs/archive/eb5a14947767f761e4f1a0f76cce12522b624279.jpg,1196669,2285,15:8:31,"【C菌】2018年Steam满分神作, 好评率95%【玛丽的房间】双语字幕实况",18469
23015741,BV1HW411G7md,49026,7220,1525508066,2018/5/5,28347,36:41,41292,//i0.hdslb.com/bfs/archive/7105390fefc05357e6b7e5f68131f2f401a364cc.jpg,2403125,8919,16:14:26,【C菌】史上最恐怖游戏4K重置! 恐怖游戏合集2.0【第3期】,40410
22709005,BV1bW411V7bp,89723,4610,1524970808,2018/4/29,26785,27:17,37770,//i0.hdslb.com/bfs/archive/591639ea6b6177d261d45d5308cc54558580e071.jpg,1772446,6424,11:0:8,【C菌】这游戏绝了，第一关你都过不了...智障游戏合集【第44期】,21334
22372787,BV1jW41157e5,50280,3312,1524287442,2018/4/21,24246,22:21,29144,//i2.hdslb.com/bfs/archive/b6cce439a08e5a1c24764044b042a2c1198a709b.jpg,710218,2922,13:10:42,【C菌】B站上市独家幕后大放送!【纽约游记3】,14150
21998041,BV1TW411T7oM,28120,4386,1523620820,2018/4/13,17847,23:27,25013,//i0.hdslb.com/bfs/archive/267904b80396d415764abaafcbb701f2ae64c204.jpg,1351646,4276,20:0:20,【C菌】那些和朋友玩了就会撕逼的游戏!【第四期】,18668
21270082,BV11W411M7CR,11444,3371,1522756832,2018/4/3,4980,18:33,13348,//i1.hdslb.com/bfs/archive/296229db08372b338ea859ce9e39926dbf0b8f38.jpg,825277,1073,20:0:32,【C菌】9分好评? 亚洲第一动漫网游? 看看就知道了,8524
21155057,BV1rW411g7ej,48302,7260,1521875009,2018/3/24,30383,36:04,28286,//i2.hdslb.com/bfs/archive/5f769f5315c3b585ad18ed3eb366250ac25edeee.jpg,1644774,11381,15:3:29,【C菌】美国男厕所gay佬游戏! 智障游戏合集【第43期】,38881
20866818,BV16W411p7bB,43603,3935,1521256970,2018/3/17,16783,27:07,23449,//i0.hdslb.com/bfs/archive/e66a20bb1419f9a7c57931c6f834df23b6b62aac.jpg,1424474,2199,11:22:50,【C菌】二战期间的日本校园怪谈！恐怖游戏大合集2.0【第2期】,29528
20584992,BV1PW411s7ry,42073,4771,1520653631,2018/3/10,28415,48:41,25989,//i0.hdslb.com/bfs/archive/8480883441e33bf83a538772fe4451af5a1e5ed5.jpg,1277795,12027,11:47:11,【C菌】首款搓♂澡模拟器! 智障游戏合集【第42期】,29815
20328562,BV1tW411x7b2,39806,5836,1520080525,2018/3/3,24134,89:32,23407,//i2.hdslb.com/bfs/archive/786925bff94ff8f9ce4bcf48b768d0c8f84013bb.jpg,756596,5315,20:35:25,"【C菌】这款游戏向你讲述癌症!【癌症似龙】实况, 自制中文字幕",16204
19863303,BV1rW41177Rv,91903,6201,1519216767,2018/2/21,40429,27:50,42715,//i0.hdslb.com/bfs/archive/d9ac3573bf88122785a781f4588b9f86e7c11c32.jpg,1964585,10748,20:39:27,"【C菌】这游戏不难, 也就1小时死385次...智障游戏合集【第41期】",24963
19463714,BV1uW411E7wc,14378,3823,1518436837,2018/2/12,7095,22:45,15088,//i0.hdslb.com/bfs/archive/2fb1567e39661e38b66ab34938302f358c63bb46.jpg,1007231,1317,20:0:37,【C菌】一款玩了能减肥的良心游戏,12687
19323286,BV1TW411n7zB,53083,10952,1518094460,2018/2/8,42644,279:21,27783,//i1.hdslb.com/bfs/archive/182689bcf4886d33cbcf7039b125609bc7a27483.jpg,1509670,4161,20:54:20,"【C菌】PS2史诗级游戏被重置 【汪达与巨像(重制版)】实况, 已完结(02/19/18)",69837
18711299,BV17W411e79n,52245,8454,1516896038,2018/1/26,24788,16:27,30757,//i0.hdslb.com/bfs/archive/4952b2c6960d0579914b738bd96bebbd8f6bc74a.jpg,1690552,3363,0:0:38,【C菌】游戏中最经典的十句台词，你都听过吗？,32908
17795120,BV1vW411b7JN,52313,4809,1514685614,2017/12/31,23311,21:52,33728,//i0.hdslb.com/bfs/archive/ea5d910e8f5d83d3846cd9b993486c3eb6c802c6.jpg,1900792,6453,10:0:14,【C菌】挤奶模拟器--这什么鬼游戏?! 智障游戏合集【第39期】,40782
17254548,BV1cW411a7hW,11988,2478,1513267229,2017/12/15,6292,23:18,8312,//i2.hdslb.com/bfs/archive/b3480274d2005da786ea2f7a868ead77ece28a06.jpg,533348,610,0:0:29,【C菌】天啦噜! 这阵容突破天际了,8670
17126517,BV1pW411h7K4,80391,7908,1512886566,2017/12/10,40692,26:09,47207,//i1.hdslb.com/bfs/archive/2071ddf71bfd1ae7162e861490b9c7190bf10d11.jpg,1649486,9044,14:16:6,【C菌】这座梦幻般的城市，竟无人问津？,30441
16862565,BV1rW411a7jd,35357,3309,1512193772,2017/12/2,18942,38:36,16166,//i1.hdslb.com/bfs/archive/7b2311ecef1193173c601219f4db3ca4d9aa7ea7.jpg,1241037,2504,13:49:32,"【C菌】史上最""真实""骑车游戏 【智障游戏合集: 第38期】",21008
16652877,BV1Gx41157DG,29888,3828,1511597599,2017/11/25,23800,35:37,15614,//i2.hdslb.com/bfs/archive/bd0129f664edbead189153b67e8f5e16a3804910.jpg,1497590,2733,16:13:19,【C菌】最猎奇的独立游戏!【恐怖游戏合集2.0 - 第1期】,31976
16519928,BV1Yx411V746,41560,3607,1511265631,2017/11/21,22244,31:56,16517,//i2.hdslb.com/bfs/archive/e8d616d58257572b2a0b4efbc67ac77c2b97ca49.jpg,1343570,6331,20:0:31,【C菌】什么? 手机也能玩吃鸡?!【智障傻缺游戏合集】【第37期】,42631
16002547,BV15x411j7a4,37888,5043,1509767584,2017/11/4,36895,261:32,14793,//i2.hdslb.com/bfs/archive/999d483959ca28603d28216f14231dc07036ad3f.jpg,1265677,4006,11:53:4,【C菌】首款赛博朋克风恐怖游戏!【>Observer_ (观察者)】实况连载【完结】,38090
15793473,BV1rx41177v5,42968,3776,1509162538,2017/10/28,16917,44:42,15347,//i0.hdslb.com/bfs/archive/b77562b668bd7c2d5657036b8132a8e8b87f42be.jpg,1523311,4075,11:48:58,"【C菌】绝了, 全程真人尬演的游戏! 智障傻缺游戏合集【第36期】",38478
15375889,BV1nx411g7h5,32415,5008,1507954302,2017/10/14,15609,48:33,11378,//i2.hdslb.com/bfs/archive/b7f6f59acacc1e8d9d8c9bd024438b166067ce06.jpg,1268342,2379,12:11:42,【C菌】烂片竟改编出好游戏! 恐怖游戏【不要敲两次门】实况 完结,46639
15166877,BV1mx41137sp,75302,6690,1507354225,2017/10/7,17220,29:03,16412,//i0.hdslb.com/bfs/archive/30e03afd4e9b2cb4b15bc263abad0e1f08d252dc.jpg,1650452,5798,13:30:25,"【C菌】一款细思恐极, 只适合成年人玩的游戏! 超智障游戏合集【第35期】",66544
14918763,BV1Wx411V7hj,33346,5246,1506749562,2017/9/30,19624,41:46,20931,//i1.hdslb.com/bfs/archive/71a9cfa91c2075a54745561ab739713bf8faa37b.jpg,2596948,9369,13:32:42,"【C菌】惊了, 据说这是今年最恐怖的游戏!  最新恐怖游戏合集【第0期】",72063
14713739,BV1Hx411G7Mb,35728,4954,1506141836,2017/9/23,20062,24:44,12383,//i0.hdslb.com/bfs/archive/42983a88caeaf3d1785f2efba23c467cfda22388.jpg,1497014,3924,12:43:56,【C菌】这是我死最多的游戏! 最傻X智障的游戏合集【第34期】没时间解释了!,30728
14505008,BV1Yx411s7PX,24517,4620,1505534131,2017/9/16,11854,39:09,10374,//i2.hdslb.com/bfs/archive/05d1e3b54e5ad03c09f672f1edc2383b72d27fd2.jpg,1314066,3037,11:55:31,【C菌】友尽吧! 那些和朋友玩了就会撕逼的游戏!【第三期】,32300
14086463,BV12x411t7Zs,52150,12673,1504322263,2017/9/2,45027,732:27,14915,//i1.hdslb.com/bfs/archive/fdc0b0031ba77a9bd327eb359da794a71b61e35d.jpg,1953247,6084,11:17:43,【C菌】传说中的满分神作【奇异人生: 暴风前夕】更新彩蛋！ (3月8日),86472
13832052,BV1Ex41187P6,50484,10020,1503739698,2017/8/26,23159,71:43,5718,//i2.hdslb.com/bfs/archive/bcd5d92d626e445f3038996ca128d7e699d00b6d.jpg,1021395,3589,17:28:18,"【C菌】从未玩过如此扎心的游戏【Lydia】恐怖游戏实况, 已完结",54831
13544830,BV12x411J7TX,44687,6143,1503115371,2017/8/19,22007,40:08,13334,//i1.hdslb.com/bfs/archive/a60b71bec45726833acc745a8bfd00077d90f607.jpg,2076453,6385,12:2:51,【C菌】国人竟然做了这样的游戏?! 智障游戏合集【第33期】,47799
13234797,BV1Cx411n7Rb,37405,9392,1502467240,2017/8/12,7510,23:14,3811,//i0.hdslb.com/bfs/archive/a20ef02c8e6adeac01413f79f98747081d47748f.jpg,1344191,1481,0:0:40,【C菌】什么? B站竟然自主研发了一个游戏?!,35404
12978948,BV1Lx411p7ji,37257,7650,1501896920,2017/8/5,28135,114:26,6940,//i0.hdslb.com/bfs/archive/6ead545eb9e2a543b639841546a7940ef5fbfb0a.jpg,1147992,7480,9:35:20,"【C菌】这令人窒息的剧情!【Late Shift/晚班】实况, 已完结 (附真结局)",62536
12455374,BV1rx411i7cX,39704,7115,1500694878,2017/7/22,16603,36:33,6746,//i0.hdslb.com/bfs/archive/eaa21fea428d637c5e04031fdd4c5f23ab7189b7.jpg,1622680,3342,11:41:18,【C菌】天! 竟有如此不堪入目的游戏! 那些最奇葩智障的游戏集合!【第32期】,50060
12221852,BV1Fx411B7yD,40444,8517,1500102736,2017/7/15,25643,137:58,7181,//i1.hdslb.com/bfs/archive/3f5ff579889e5620d5f31c4418e11cc4b5e5c183.jpg,1515625,5437,15:12:16,"【C菌】盲人视角恐怖游戏! 一秒变怂!【Perception(感知)】实况, 已完结",94359
11998007,BV1yx411z7kp,42758,5722,1499486744,2017/7/8,12464,32:32,4051,//i0.hdslb.com/bfs/archive/0bb438ee7b15fa6615a65dc95ff32593ec7f6bf7.jpg,1007963,2756,12:5:44,【C菌】毕加索真迹再现人间! 那些最奇葩智障的游戏集合!【第31期】,150745
11777390,BV17x411r7JX,40969,5795,1498877881,2017/7/1,22594,74:09,8764,//i2.hdslb.com/bfs/archive/3c0a554cdf37007d61f89a38f7d8f4a9046582ea.jpg,1474382,3403,10:58:1,"【C菌】走进70号房内惊天阴谋! 【70号: 巴希尔之眼】实况, 已完结 (恐怖游戏)",88212
11583690,BV1Mx41167Yu,33968,3790,1498286707,2017/6/24,6694,18:23,2645,//i2.hdslb.com/bfs/archive/37d49c9ae44ca553b7a8f325b7c2d60fab7aea1b.jpg,535421,1839,14:45:7,【C菌】任天堂全球唯一旗舰店! 【旅游小电影: 纽约(第二集)】,19860
11391181,BV1Nx411h71C,20924,4395,1497673063,2017/6/17,5291,76:25,1359,//i1.hdslb.com/bfs/archive/645d35ec8b050ae53ec68eef3611331fcea41d95.jpg,924642,3290,12:17:43,【C菌】黑魂版刺客信条!《刺客信条：起源》超长试玩！和《马里奥疯狂兔子》超长试玩！,18755
11032697,BV1Rx411h79z,35303,4009,1496459408,2017/6/3,7499,26:38,5116,//i0.hdslb.com/bfs/archive/6b817380800fdbb715a306905669b2179e67c469.jpg,1330355,2508,11:10:8,【C菌】如何在一分钟内毁灭世界! 那些最奇葩智障的游戏集合!【第30期】,39322
10853395,BV1Dx411Y7q1,72485,7951,1495855905,2017/5/27,59200,120:31,17520,//i0.hdslb.com/bfs/archive/99ca6d71ed909d86b563b183d35a5dae78294044.jpg,1889220,24277,11:31:45,【C菌】什么样的游戏才算是神作?【伊迪芬奇的秘密】实况【完结】年度满分神作!,56167
10696112,BV1yx411v7Qy,36866,6433,1495275188,2017/5/20,11306,26:07,9061,//i0.hdslb.com/bfs/archive/75fa48ee68a7f78db5190b6281d4409b82d19ca5.jpg,1043526,2134,18:13:8,【C菌】世界最大同性恋城! 大开眼界... 【旅游电影: 旧金山】,65192
10520722,BV1Dx411e7TW,21775,5493,1494650041,2017/5/13,6828,26:56,4525,//i1.hdslb.com/bfs/archive/82626ba9034eac2a2e8b9882861a53447e1e05c0.jpg,1438012,2492,12:34:1,【C菌】分手! 那些和朋友玩了就会撕哔的游戏!【第二期】,32702
10153436,BV19x411U7zX,91995,16827,1493371415,2017/4/28,82563,348:31,36258,//i0.hdslb.com/bfs/archive/ab84854a36016a948d61254d0c4d65a0af2af4fa.jpg,5150564,22596,17:23:35,【C菌】窒息般恐惧!【逃生2】中英双语实况连载【完结】(5/10),235649
10007899,BV1nx411U7xh,30449,6942,1492833125,2017/4/22,5750,45:40,3446,//i0.hdslb.com/bfs/archive/5f8e7a876f73019d24903bb468183d4c61b871a8.jpg,1311739,2056,11:52:5,"【C菌】全军突鸡! 一万只鸡VS美国大兵, 谁会赢? 那些最奇葩智障的游戏集合!【第29期】",51550
9848497,BV1Ax411D7TS,34742,4835,1492226237,2017/4/15,6030,16:36,2172,//i0.hdslb.com/bfs/archive/45af46feb698c2f8d77f69828db3754294bb43d4.jpg,653473,1021,11:17:17,【C菌】我与比尔盖茨合影啦!! 【C菌旅游电影: 西雅图篇】,33762
9687474,BV1Rx411Q7C7,176352,32916,1491620508,2017/4/8,164210,372:46,97208,//i1.hdslb.com/bfs/archive/4cc12407548cb1e36c5e470b2979ed5876f364e4.jpg,5643829,28765,11:1:48,【C菌】黑暗系恐怖游戏!【Sally Face】实况【完结】,214403
9522322,BV1wx411Q7mR,44005,4955,1491019709,2017/4/1,11191,39:52,4209,//i1.hdslb.com/bfs/archive/759122a49afd8eebf733adbedebc03ac013c1250.jpg,1634105,3181,12:8:29,【C菌】国产游戏竟如此扎心! ...那些最奇葩智障的游戏集合!【第28期】,46863
9374889,BV1Wx411k7u9,19757,5187,1490409814,2017/3/25,7092,49:50,1780,//i0.hdslb.com/bfs/archive/29e8be64eece03a3a00ffd8be0d6df0480f17e48.jpg,999417,520,10:43:34,【C菌】救命!,28390
9231565,BV1bx411r72q,24458,3961,1489806662,2017/3/18,6979,33:47,3015,//i1.hdslb.com/bfs/archive/32295030803f62024dd136622453295102751fe5.jpg,1364669,2242,11:11:2,【C菌】活久见! 最具创意游戏! 那些最奇葩智障的游戏集合!【第27期】,29450
9089413,BV1Bx411C7fY,24009,4855,1489201649,2017/3/11,7407,50:13,3865,//i0.hdslb.com/bfs/archive/951fce08f0d5cae47cc131aebcc4a9cc0966b0e0.jpg,1493631,1600,11:7:29,【C菌】游戏脑洞惊天! 结局竟然... 那些最奇葩智障的游戏集合!【第26期】,50486
8953409,BV1Rx411k71d,43946,5308,1488595850,2017/3/4,20602,53:38,7546,//i1.hdslb.com/bfs/archive/72c0d7bac6810624cb8615df8167120d3e2b31b7.jpg,1688490,1408,10:50:50,【C菌】我竟被做成恐怖游戏主角! 而结局竟然是这样的？？！,61335
8817536,BV1Rx411y7mX,57405,4771,1487992218,2017/2/25,27401,38:20,11375,//i2.hdslb.com/bfs/archive/f63b8cd28a50b658ce71ce17b3467a35966b730c.jpg,1909315,24778,11:10:18,【C菌】日本超奇葩体育游戏! - 那些最奇葩智障的游戏集合!【第25期】,79138
8684037,BV1Lx411y7sg,77657,8657,1487398077,2017/2/18,22293,52:31,2989,//i2.hdslb.com/bfs/archive/b8eb543352f6e9d9e361f7cf58d0a0ad9a7a31f9.jpg,991667,3810,14:7:57,"【C菌】纽约街头偶遇""川普"" 【C菌的旅行电影: 纽约篇】",58950
8542833,BV1wx41127jC,44675,8399,1486781085,2017/2/11,16391,29:07,7892,//i2.hdslb.com/bfs/archive/c1b2b22b417f95c27ecd0ef4fb4a6dfaae9a1580.jpg,1985373,9737,10:44:45,【C菌】友尽! 那些和朋友玩了就会撕逼的游戏!【第一期】,67015
8208517,BV1ms411b7Ph,153257,19771,1485318211,2017/1/25,110759,529:42,53583,//i1.hdslb.com/bfs/archive/08e7bc241dc53a3733dc4acaa25b471d7cee1cd8.jpg,9155255,28137,12:23:31,【C菌】B站X怂被吓飞!【生化危机7】实况【完结+DLC】已更新DLC佐伊的结局 (12月20日),447501
8130137,BV1hs411b7kY,41221,4994,1484968716,2017/1/21,8550,29:16,2531,//i1.hdslb.com/bfs/archive/1ec749a787fe745d61ee7243a0be6052cd48947c.jpg,1470258,2204,11:18:36,【C菌】老司机为你刮♂毛! 那些最奇葩智障的游戏集合【第24期】,44857
7951058,BV1us411h7nV,106081,9971,1484101187,2017/1/11,23126,15:51,17355,//i2.hdslb.com/bfs/archive/e625e18b983e1eb7b95f52cea1a20332096bfeaf.jpg,1915207,4424,10:19:47,【C菌】辣眼睛! 游戏中的十大奇葩发型!,66861
7775794,BV1Ks411Y7nu,55640,7757,1483151326,2016/12/31,7960,27:52,2659,//i0.hdslb.com/bfs/archive/9a4d1867727f2e59b04738e2f95362f0b2974dc0.jpg,1386860,1742,10:28:46,【C菌】文明观球❤! 那些最奇葩智障的游戏集合!【第23期】新年快乐!,49742
7668493,BV1es411a7A1,18008,4430,1482548728,2016/12/24,4863,27:58,1839,//i1.hdslb.com/bfs/archive/d19be2389df9e2a8878e52962da784a56e2903b5.jpg,1163230,1219,11:5:28,【C菌】隐藏在圣诞老人背后的恐怖真相! 那些最恐怖游戏合集【第37期】标题骗你的科科,61593
7562400,BV1hs411e7oB,24858,3954,1481945908,2016/12/17,5529,26:01,2420,//i1.hdslb.com/bfs/archive/9e454de6565ce5f153a3dc315ce4531e38581e88.jpg,1195706,1206,11:38:28,【C菌】这才是正确的撩妹姿势! 那些最奇葩智障的游戏集合!【第22期】天国的片头...,28262
7461469,BV1Fs411e7Hb,63305,9673,1481344708,2016/12/10,45252,375:47,7980,//i0.hdslb.com/bfs/archive/34e222bc33462d47b3d7c54860668bc00544db1a.jpg,2209828,5893,12:38:28,"【C菌】跳票五年, 制作十年的巨作! 【最后的守护者】实况【完结】(12/19)",93369
7357496,BV1bs411Y7KW,37706,4487,1480732148,2016/12/3,6735,26:58,3059,//i2.hdslb.com/bfs/archive/561173642e8c3ec823cd9116b327e218bf32f5ad.jpg,1246253,2563,10:29:8,【C菌】老司机激情碰♂撞! 那些最奇葩智障的游戏集合!【第21期】,156
7256580,BV1As411s7ri,26000,4462,1480126406,2016/11/26,5634,24:39,1770,//i0.hdslb.com/bfs/archive/96ac34cc20a21353db5ebbd6a507a00ccb26097d.jpg,959640,919,10:13:26,【C菌】高手在民间! 国外年度恐怖游戏制作大赛! 【恐怖游戏集合第36期】修复版,39175
7157542,BV1Ys411W7Q7,38259,5037,1479521572,2016/11/19,11869,35:22,2113,//i0.hdslb.com/bfs/archive/8847c5ea77417de07239172cd2e25b2bffcaa4c2.jpg,1378998,3564,10:12:52,【C菌】老司机带你原地起飞! 那些最奇葩智障的游戏合集!【第20期】,52284
7061793,BV1is411x7Tj,26951,5219,1478922317,2016/11/12,6144,20:28,1816,//i1.hdslb.com/bfs/archive/8badedc1c398bdf8d2f37f9775172320373c2736.jpg,918384,962,11:45:17,【C菌】你完全猜不到的结局!【最恐怖游戏合集 第35期】,50335
6965288,BV1Ns411x7Ga,31856,4316,1478316130,2016/11/5,5058,23:48,2357,//i0.hdslb.com/bfs/archive/99bb082009398f569075fe7ff869291810c6d1da.jpg,1065172,867,11:22:10,【C菌】三观尽毁! 那些最奇葩傻缺的游戏集合!【第19期】,34203
6867407,BV1vs411s7FG,24124,4563,1477709363,2016/10/29,5975,32:58,4370,//i2.hdslb.com/bfs/archive/77a94fdad2708e18e66032c547daba4342cbb823.jpg,934067,1505,10:49:23,【C菌】万圣节挑战极限恐怖! 【那些最恐怖的游戏集合: 第34期】,36038
6775166,BV1Us41147kU,47925,5206,1477335600,2016/10/25,10926,51:11,917,//i2.hdslb.com/bfs/archive/f78711ed9c8067a84bffadd1d924ca70f436faf2.jpg,868331,2385,3:0:0,【C菌】采访育碧《看门狗2》制作团队! 附完整版游玩录像！,17738
6533265,BV1xs411b7Hq,23558,6849,1475573070,2016/10/4,8766,19:33,1358,//i1.hdslb.com/bfs/archive/7a1625547b4809e96e2cd9cd333487a4cec760b5.jpg,1169459,4144,17:24:30,【C菌】《逃生2》抢先试玩! 吓哭了!,46784
6495055,BV1Gs411b7Sq,59078,5625,1475374753,2016/10/2,15209,46:50,4623,//i1.hdslb.com/bfs/archive/7b621fe0e17a3d023d20e307cfbd3a65799de9a1.jpg,1608397,3037,10:19:13,【C菌】神TM智障! 那些最奇葩傻缺的游戏集合!【第17期】附赠【奇异人生】之圣地巡礼!,102061
6393106,BV16s411t7oa,24222,4877,1474685181,2016/9/24,6236,26:25,1943,//i1.hdslb.com/bfs/archive/bdb86de2f7758969aadb145dbee1928fffb6ec6a.jpg,877451,1354,10:46:21,【C菌】最辣鸡恐怖游戏!! 那些最恐怖的游戏集合【第33期】,52384
6298459,BV1Gs411t7pb,36967,5322,1473992541,2016/9/16,11845,24:20,8234,//i1.hdslb.com/bfs/archive/e62eee0cfba6b12f56a1a67c5102feebddf15255.jpg,1649319,4240,10:22:21,【C菌】妈的...智障! 那些最奇葩傻缺的游戏集合!【第16期】战争永不结束!,57995
6135634,BV1ms41167BW,53083,6602,1472870664,2016/9/3,8182,25:21,3303,//i1.hdslb.com/bfs/archive/05d554cde3c75ea01cf8ceb7c60e054168fa769f.jpg,1324151,1084,10:44:24,【C菌】妈的超智障! 最奇葩傻缺游戏集合!【第15期】神奇的功夫!,37347
6031594,BV1js4116752,43250,12926,1472266767,2016/8/27,19423,40:15,5503,//i1.hdslb.com/bfs/archive/b308552417ab6dcfe98f873bd4882f0a511ad838.jpg,1782096,9403,10:59:27,【C菌】这是我被吓最惨的一次! 那些最恐怖的游戏集合【第32期】Timore又来了!,178606
5913374,BV1Hs411k7Pc,36011,5466,1471663792,2016/8/20,8652,19:39,2693,//i1.hdslb.com/bfs/archive/6c482837b52bc57555e3f0d0dc808f680048d069.jpg,1337584,2624,11:29:52,【C菌】妈的特别智障! 那些最奇葩傻缺的游戏集合!【第14期】奥林匹克精神!!,50835
5792279,BV1vs411r7YP,43059,8105,1471055849,2016/8/13,36524,134:34,5041,//i2.hdslb.com/bfs/archive/59650ef70af20c30f43853f683baf76b5123a95f.jpg,1922946,2864,10:37:29,【C菌】美炸! 年度悬疑神作【看火人 / Firewatch】实况【完结】ft. 莫璃,88273
5674122,BV1Ss411C7JX,57189,6525,1470451094,2016/8/6,8685,24:42,2784,//i1.hdslb.com/bfs/archive/04fc30a62f9dfe8efa412460708eed01454de2ce.jpg,1334220,1650,10:38:14,【C菌】妈的惊天智障! 那些最奇葩傻缺的游戏集合!【第13期】切嗣爸爸原谅我!,50785
5560315,BV1Ps411C7kd,50148,9355,1469846306,2016/7/30,11057,33:53,3667,//i2.hdslb.com/bfs/archive/aa076f72b9f6c56ba1ae66c93d8903bf4b40b480.jpg,1229307,3332,10:38:26,【C菌】看看你能挺过几个游戏! 那些最恐怖的游戏集合【第31期】,133125
5468898,BV1Es41117cW,62315,6928,1469335192,2016/7/24,21357,62:40,6267,//i1.hdslb.com/bfs/archive/50f2f84f5032e03d6e38f65afe96a3ddbe42bcd2.jpg,2135312,6836,12:39:52,【C菌】妈的逆天智障! 那些最奇葩傻缺的游戏集合!【第12期】神奇物理引擎又来了!,107453
5353423,BV1Ds411y7ig,26014,6467,1468638266,2016/7/16,7843,26:07,1864,//i1.hdslb.com/bfs/archive/b2b904b689a4fd1085e0cc308489c496fe2aa502.jpg,1166979,3317,11:4:26,【C菌】惊! 中国老太竟是恐怖游戏BOSS! 那些传说中最恐怖的游戏集合【第30期】,79075
5259379,BV1Vs411y7mS,54469,5352,1468032810,2016/7/9,9836,18:53,4820,//i0.hdslb.com/bfs/archive/cb68e13c58fa2abd845ef3989c90a9035adf694a.jpg,1537955,1830,10:53:30,【C菌】妈的如此智障! 那些最奇葩傻缺的游戏集合!【第11期】C菌竟公然调戏女子??,42917
5168774,BV16s411v742,24755,5215,1467428326,2016/7/2,10229,26:12,7077,//i1.hdslb.com/bfs/archive/9ea4cc97e0f8f665c542e7c5cc9687159413232d.jpg,1491098,2984,10:58:46,【C菌】毁童年的恐怖游戏! 那些传说中最恐怖的游戏集合【第29期】,72544
5008782,BV1Ds411e79c,17112,4421,1466221432,2016/6/18,6707,29:22,1400,//i0.hdslb.com/bfs/archive/2cadce87fad11fd15b9ecf78a0ed7bdb2f49af33.jpg,1105575,1629,11:43:52,【C菌】听说生化危机7不恐怖? 那些传说中最恐怖的游戏集合【特别篇之Resident EVII】,38638
4936646,BV1Gs411q7Ny,32146,4424,1465615998,2016/6/11,10205,23:33,8943,//i2.hdslb.com/bfs/archive/4eea868f439cab457c3d4bb62c45766ca7f4f429.jpg,1768080,2437,11:33:18,【C菌】妈的绝顶智障! 那些最奇葩傻缺的游戏集合【第九期】最智障一期!VVVVVVVVVVVVV,49193
4857631,BV1ds411i7qG,25607,4221,1465007877,2016/6/4,6782,26:19,3052,//i1.hdslb.com/bfs/archive/083b352c31763b815d09b389d5419def352bc937.jpg,973649,2970,10:37:57,【C菌】这是我玩过坠恐怖的游戏! 那些听说是最恐怖的游戏集合【第28期】,73872
4716914,BV1ys411B7to,24171,5621,1463800020,2016/5/21,5453,30:20,1641,//i0.hdslb.com/bfs/archive/bd23dc52d012e4b3105843c00df14b44bc5025c2.jpg,853748,1404,11:7:0,【C菌】最后一次玩恐怖游戏!  那些最恐怖猎奇的游戏集合【第27期】或最终回,57528
4647151,BV1ps411B7zZ,25747,3401,1463198321,2016/5/14,7591,30:08,2688,//i0.hdslb.com/bfs/archive/de90c5b7df4aba5da6ce9175f7afcbbc4eb73ab0.jpg,1252512,1604,11:58:41,【C菌】妈的无限智障! 那些最奇葩傻缺的游戏集合!【第7期】这是爱情!,35999
4579189,BV1cs411B7dK,21895,4130,1462588271,2016/5/7,7407,40:10,1553,//i2.hdslb.com/bfs/archive/56fc8e2c2fb4072727a51c6dd6f562cd0b343df2.jpg,948236,1027,10:31:11,【C菌】这款游戏让你细思恐极! 那些最恐怖猎奇的游戏集合【第26期】,56866
4508655,BV16s411q78K,29524,3606,1461984717,2016/4/30,7169,24:57,3402,//i2.hdslb.com/bfs/archive/44a59ca2d9826234ed7549ab0fc4212aa5879420.jpg,1434993,1636,10:51:57,【C菌】妈的超级智障! 那些最奇葩傻缺的游戏集合!【第六期】,55394
4443174,BV1cs41167W3,19450,4289,1461380051,2016/4/23,15093,45:28,3268,//i2.hdslb.com/bfs/archive/90e4998536eb1233a58a9fb828d32b794758968d.jpg,982512,2769,10:54:11,【C菌】竟在恐怖游戏里搞百合! 狗粮有毒! 【光之镇】完结,72247
4378846,BV1ks411z7Ze,27293,3493,1460779045,2016/4/16,8484,26:02,3797,//i2.hdslb.com/bfs/archive/b790992f7f53bf597d7213cc87c6802a69b27990.jpg,1341409,3012,11:57:25,【C菌】妈的永远智障! 那些最奇葩傻缺的游戏集合【第五期】,40849
4306452,BV18s411z7kc,29274,10467,1460118423,2016/4/8,35878,65:08,6614,//i2.hdslb.com/bfs/archive/4df41c7cf2b1c7aa802d128921ed67afa36e0e3d.jpg,1983024,2787,20:27:3,"【C菌】爽到爆炸! 科幻巨作【量子破碎】【完结】 (08/09更新, 全部完结)",65136
4249095,BV1ws411z7Rv,17293,5051,1459566959,2016/4/2,10688,149:28,1758,//i0.hdslb.com/bfs/archive/c16d69d2d310559f839eebc6d448833fcb785ff0.jpg,969087,2307,11:15:59,【C菌】印尼神TM恐怖游戏【小镇惊魂】已完结! 4月5日更新 (恐怖游戏合集特别篇),95932
4189265,BV1us411X7TZ,20801,4202,1458959048,2016/3/26,7456,27:41,2793,//i1.hdslb.com/bfs/archive/ecd741cc92c8886af1d2bb97b79a82ca75ce3898.jpg,1413304,1632,10:24:8,【C菌】妈的依旧智障! 那些最奇葩傻缺的游戏集合【第四期】,41823
4131529,BV1ws411X75z,22630,3917,1458354876,2016/3/19,7814,43:12,2227,//i2.hdslb.com/bfs/archive/2b97d93ed6c6bd63984a443320cf18054b4d664d.jpg,1001972,2765,10:34:36,"【C菌】妈的吓人! 那些最恐怖惊魂的游戏集合【第24期】超现实主义的恐惧, 胆小别看",75390
4073771,BV1ys411Q73p,28481,4276,1457751870,2016/3/12,14872,27:10,5393,//i0.hdslb.com/bfs/archive/509f52302cc8aee8279d3d938de5f29e558e9dcc.jpg,1745861,6378,11:4:30,【C菌】妈的还智障! 那些最奇葩傻缺的游戏集合【第三期】3.14绿色版,36166
4017068,BV1js411Q7ht,10378,3219,1457145827,2016/3/5,4258,25:33,1169,//i2.hdslb.com/bfs/archive/bc3cdec2c0ff86f3fdc050f2255006d1ace378d7.jpg,797336,1078,10:43:47,【C菌】妈的害怕! 那些最恐怖惊魂的游戏集合【第23期】 害怕 - B站三怂限定版!,46809
3961983,BV1Fs411Q72v,23165,4244,1456541674,2016/2/27,9659,21:54,3686,//i1.hdslb.com/bfs/archive/e9643fdcdd0ff6ed2970713c9fa07446ff879e86.jpg,1591652,4028,10:54:34,【C菌】妈的又智障! 那些最奇葩傻缺的游戏集合【第二期】,42649
3896385,BV1Hs41197Md,44652,5274,1455936996,2016/2/20,21385,25:38,8159,//i2.hdslb.com/bfs/archive/cb7bd6a177244cf8bb93a8d358fbc764db440185.jpg,2331745,7384,10:56:36,【C菌】妈的智障! 那些最奇葩智障的游戏集合!【第一期】WTF?!,91431
3823273,BV1fs411X7H9,13435,3274,1455333632,2016/2/13,6754,38:41,1062,//i1.hdslb.com/bfs/archive/a5a850bdcc430f0cc74aae1d1e9707a77e7b4852.jpg,704733,2191,11:20:32,【C菌】分娩☆Time!! 【传说中最恐怖的游戏合集(特别篇)】CALENDULA(金盏花),43557
3768192,BV16s411X72R,8994,3221,1454730339,2016/2/6,3280,27:46,955,//i0.hdslb.com/bfs/archive/00a41fe8f164547a7d07306a5ab670c615a65ccf.jpg,662215,873,11:45:39,【C菌】带你下海找鸡! 传说中最恐怖游戏集合【第22期】,54883
3591195,BV1ts411R7Ng,22176,5351,1452912312,2016/1/16,26672,65:57,2910,//i0.hdslb.com/bfs/archive/40c564386d793bb4aee2e0029e3408fa07ab544c.jpg,1450135,2812,10:45:12,【C菌】带你走近科学! 2015科幻神作【万众狂欢】已完结 (01/24),58319
3544059,BV1ss411R7h1,8742,2382,1452309205,2016/1/9,2942,24:21,922,//i0.hdslb.com/bfs/archive/5e8f9cf841d2d6595d2a84aaf57bb0cfac5b32a6.jpg,528549,816,11:13:25,【C菌】辣些听说是最恐怖的游戏集合【第20期】据说这是PC版的PT !!!,29428
3498479,BV1cs411R75b,6862,3237,1451700228,2016/1/2,3574,47:57,817,//i2.hdslb.com/bfs/archive/a1f34c4917373f2d8134510cf080222727cc043b.jpg,703623,775,10:3:48,【C菌】那些传说中最恐怖的游戏集合【第19期】最佳Unity游戏! 大家新年快乐!,49207
3410638,BV1ks41197zH,5861,2551,1450497346,2015/12/19,2939,24:44,791,//i1.hdslb.com/bfs/archive/7d1c630ad30511009c996936c87421957b98d853.jpg,558117,1251,11:55:46,【C菌】本月最恐怖游戏! 那些听说是最恐怖的游戏集合【第17期】我已吓飞,34249
3370923,BV1cs411o7pZ,4812,1838,1449890987,2015/12/12,2521,24:47,795,//i1.hdslb.com/bfs/archive/51646d658a5e0ca9c9e72449c0c64eb2577d2fcc.jpg,494941,513,11:29:47,【C菌】那些听说是最恐怖的游戏集合【第16期】女鬼扇了我一巴掌! 马勒个巴子!!!,31889
3331208,BV1Ss411d7mo,11838,3631,1449284572,2015/12/5,14819,57:21,1817,//i1.hdslb.com/bfs/archive/132acf289445a75e4e44a80b2003b81f78ee12e1.jpg,1240354,3640,11:2:52,【C菌】茶理理来我家玩恐怖游戏!【恐怖游戏合集特别篇(P.T.)】b站三怂都有谁?,74141
3254447,BV1is411d7Tw,6409,2040,1448078028,2015/11/21,3227,22:19,1006,//i0.hdslb.com/bfs/archive/ad4cb452e182491f93389aa91b9642f94e84f8b9.jpg,630689,738,11:53:48,【C菌】那些听说是最恐怖的游戏集合【第15期】终极高清导演剪辑重传版V.3,34081
3187800,BV1Ls411d7oc,15083,3252,1446948127,2015/11/8,14996,59:15,7571,//i0.hdslb.com/bfs/archive/dcf4e5a8ef540489b3460715008428e946998fa9.jpg,1141229,3718,10:2:7,【C菌】年度最恐怖独立游戏【The Park/游乐园惊魂】PT算什么? 我彻底方了!,86040
3145396,BV1ms41127mA,34352,6095,1446270257,2015/10/31,24364,42:37,7521,//i2.hdslb.com/bfs/archive/24648b56ed719425a5237cd7974a6731730a87da.jpg,1132931,3231,13:44:17,"【C菌】教你学英语【奇异人生】双语字幕实况+解读, 第五章(终章)完结, 双结局!",56100
3107643,BV1qs411275b,5986,2096,1445660365,2015/10/24,2409,24:19,988,//i0.hdslb.com/bfs/archive/40defd2b44c1701e1c0fff88a51ec8c720a92f05.jpg,507175,467,12:19:25,"【C菌】那些听说是最恐怖的游戏集合【第14期】拾肆, 是死!",33166
3071054,BV1ss41127Ck,5499,1966,1445051615,2015/10/17,2723,22:06,1348,//i1.hdslb.com/bfs/archive/edaadad7746c42f4187f057047278856dfec1430.jpg,533366,537,11:13:35,【C菌】辣些听说是最恐怖的游戏集合【第13期】13是一朵非常不吉利的数字!,31471
2996158,BV1Vs41127pV,6052,1812,1443846264,2015/10/3,3095,25:06,638,//i0.hdslb.com/bfs/archive/ac8587c92c513b531377115822e6f9b7c85b258e.jpg,468453,352,12:24:24,【C菌】用心率监测仪玩恐怖游戏【NEVERMIND(无须在意)】试玩,22172
2963930,BV1As41127uA,4341,1858,1443332803,2015/9/27,2030,26:42,821,//i0.hdslb.com/bfs/archive/d4bd4ada4f9b5431c388bd7194a7dd3df72e6483.jpg,496837,240,13:46:43,【C菌】辣些听说是最恐怖的游戏集合【第12期】,28903
2921527,BV1Ds41117jM,10031,2431,1442548515,2015/9/18,11176,193:20,4340,//i2.hdslb.com/bfs/archive/ef1818329ad638b4f032b7b061f63453afd3c9ca.jpg,1234191,1819,11:55:15,【C菌】年度恐怖巨作【直到黎明/Until Dawn】实况【更新6-10章 已完结】附特典,57741
2896586,BV1Cs41117HT,7380,1345,1442030888,2015/9/12,8130,104:28,2709,//i1.hdslb.com/bfs/archive/a60c25e7e1917eaa919089f52fe427c624a881a3.jpg,800323,891,12:8:8,【C菌】年度恐怖巨作【直到黎明/Until Dawn】实况【更新第3-5章】,36363
2891410,BV16s41117cX,3530,1825,1441936923,2015/9/11,4832,25:42,896,//i2.hdslb.com/bfs/archive/e6f5172c2741ccfb2bc96db6f436c2a6f72a5328.jpg,570559,1042,10:2:3,"【C菌】与100个男人缠缠绵绵, 乙女恋爱史诗!（ ___, 括号内删除）",29663
2872310,BV1Ts411U752,10936,1766,1441517177,2015/9/6,3791,29:31,1710,//i2.hdslb.com/bfs/archive/30a8475f36b23da5fb6832d5d4c51e934a9b1376.jpg,694355,438,13:26:17,【C菌】辣些听说是最恐怖的游戏集合【第11期】恐惧永不完结!,34017
2862186,BV1Gs411U7Vo,8728,1980,1441360851,2015/9/4,13240,86:35,5168,//i0.hdslb.com/bfs/archive/d0d2a57f8dd4fa318f89c012a0bc113dcb35a6d1.jpg,960681,2358,18:0:51,"【C菌】年度恐怖巨作【直到黎明/Until Dawn】实况【连载, 更新第1-2章】",34296
2808928,BV11s411m76N,5604,2976,1440575304,2015/8/26,7266,44:56,1772,//i2.hdslb.com/bfs/archive/1eefffeb60aa3991dc0ac7a6b61fefc5e1e0aca6.jpg,1032848,1226,15:48:24,"【C菌】PS4恐怖巨作【直到黎明/Until Dawn】实况【第零期, 试玩, 双语字幕】",36940
2788168,BV1Ss411m7Du,6141,2148,1440300112,2015/8/23,2998,33:48,1709,//i1.hdslb.com/bfs/archive/b6543c682edaa68a2c03b7bfd93d835c73f85f37.jpg,614068,360,11:21:52,【C菌】辣些听说是最恐怖的游戏集合10【第十期】(大结局?),46830
2744337,BV1ts411m7JF,4173,1796,1439690109,2015/8/16,2155,27:21,1038,//i0.hdslb.com/bfs/archive/a207c4929401336000a49d526e2612df37d968b8.jpg,568909,230,9:55:9,【C菌】辣些听说是最恐怖的游戏集合9【第⑨期】,41280
2738908,BV1ss411m7HR,19285,4074,1439605517,2015/8/15,18594,29:27,5513,//i2.hdslb.com/bfs/archive/66249caabd68c1efe90fda1ef01fda7d9861810d.jpg,1071373,1807,10:25:17,【C菌】教你学英语【奇异人生】第四章 双语字幕实况【完结】,51069
2705970,BV15s411m7rD,3998,1711,1439087001,2015/8/9,2664,29:49,1653,//i1.hdslb.com/bfs/archive/8bff6ceb160b325bd2919afe30eb2063870be1e2.jpg,646005,350,10:23:21,【C菌】那些听说是最恐怖的游戏集合8【第八期】,50561
2667198,BV15s411m7AL,11541,2282,1438480782,2015/8/2,6872,22:24,4725,//i0.hdslb.com/bfs/archive/571d30ff34725b3593b6d50142e5c08d173f9910.jpg,932748,2668,9:59:42,【C菌】辣些听说是最恐怖的游戏集合7【第七期】,73934
2630127,BV1As411m7Fs,4257,1479,1437877501,2015/7/26,2662,22:28,1453,//i1.hdslb.com/bfs/archive/718553d9a71d3c6e3cf1c2ecb26611906e9e221e.jpg,671927,480,10:25:1,【C菌】辣些听说是最恐怖的游戏集合6【第六期】666666666666666666666666666666666666,43234
2589990,BV1hs411S7xt,3347,1518,1437193146,2015/7/18,3677,21:37,1213,//i0.hdslb.com/bfs/archive/26b42f606e01ed8161145e94c41559f3f8de8edd.jpg,805890,399,12:19:6,【C菌】辣些听说是最恐怖的游戏集合【第五期】,36571
2555948,BV1ns411S7RB,3509,1643,1436583675,2015/7/11,2767,22:18,1722,//i1.hdslb.com/bfs/archive/de78e18cb3de2ae7a7b426055e9cff8935adc990.jpg,630605,318,11:1:15,【C菌】那些听说是最恐怖的游戏集合【第四期】,40122
2523177,BV13s411S7gv,4978,1874,1435983544,2015/7/4,3688,31:54,2763,//i1.hdslb.com/bfs/archive/8c73fc185214fae2ff0587c1a3024f4523e46896.jpg,812948,590,12:19:4,【C菌】那些听说是最恐怖的游戏集合【第三期】,57755
2488896,BV1Ss411U7FA,4151,1786,1435377570,2015/6/27,3847,19:22,1603,//i0.hdslb.com/bfs/archive/f69d096f1acae78ad8c6fabfe98a437e2edbf955.jpg,763433,617,11:59:30,【C菌】那些听说是最恐怖的游戏集合【第二期】!,44075
2459832,BV1Ds411U7wX,10415,2936,1434769136,2015/6/20,14408,30:42,12879,//i1.hdslb.com/bfs/archive/0599b11752c6db31167eaad004834a6469d1c83f.jpg,1979672,3451,10:58:56,【C菌】那些听说是最恐怖的游戏集合!【第一期】,119853
2428439,BV16s411U7g9,18465,1716,1434078711,2015/6/12,18675,164:06,6115,//i0.hdslb.com/bfs/archive/a1f8b03fc86b069fc74bb6914d6978fcfcd9a489.jpg,889955,1925,11:11:51,"【C菌】大片教你学英语3【奇异人生】双语字幕实况+解读, 第三章(超恐怖)完结!",40653
2354246,BV1Us411D7Ge,27262,2183,1432351546,2015/5/23,22030,122:25,7777,//i2.hdslb.com/bfs/archive/f5ed59186e9607f9c0fda846dc142b060ca34952.jpg,1094953,2513,11:25:46,"【C菌】大片教你学英语【奇异人生】双语字幕实况+解读, 第二章完结, 量子力学!",54828
2330168,BV1Ds411D7UD,34928,3673,1431754559,2015/5/16,47416,116:09,15955,//i2.hdslb.com/bfs/archive/ad4b83b1bfda7402aa90cce11fc93d90ad19e06d.jpg,2175211,14606,13:35:59,"【C菌】大片教你学英语!【奇异人生】双语字幕实况+解读, 第一章完结 (12月23日修复)",65613
2279274,BV14s411D7M7,4697,995,1430536473,2015/5/2,3045,91:34,1608,//i2.hdslb.com/bfs/archive/d9d880d8b0ed9ce6c52e998970c0a276550abcda.jpg,374352,134,11:14:33,煽！情！肾！大片级实况【生化危机:启示录2】【完结】结局真的很酷!,18434
2251426,BV17s411D7GR,7101,1127,1429850065,2015/4/24,8989,69:54,1981,//i2.hdslb.com/bfs/archive/4231d34135157cf75fc7091b7cdd1b49ffd2983d.jpg,562323,479,12:34:25,"【C菌】浅谈40年游戏简史, 一同前往进化之地!【科普向实况】【完结】",17809
2207188,BV1Vs411D7uu,2548,1300,1428716671,2015/4/11,2102,78:48,851,//i0.hdslb.com/bfs/archive/31261290af9b505ce78588b66194b28ffa008cf2.jpg,315414,104,9:44:31,无！伤！肾！大片级实况【生化危机:启示录2】第三章【巴瑞篇完结】,20521
2152615,BV12s411S7D5,2855,1286,1427507948,2015/3/28,2349,129:20,1125,//i2.hdslb.com/bfs/archive/33631350a01ae3837dc9bc996d837b8121daecb6.jpg,346298,122,9:59:8,丧！尸！肾！大片级实况【生化危机:启示录2】第二章【完结】04/06更新,19143
2134194,BV1Xs411S7Ek,2389,838,1426986022,2015/3/22,2101,60:35,838,//i0.hdslb.com/bfs/archive/f9551e0465a6758742468a1b80e92e3cd0251c96.jpg,265824,109,9:0:22,生！化！肾！大片级实况【生化危机:启示录2】第一章【巴瑞篇】档案英/俄配音,11407
2105758,BV1Cs411S7Qu,4969,1396,1426299141,2015/3/14,5170,56:16,3495,//i0.hdslb.com/bfs/archive/7761bbb6e576b365dfbddc7beaedd421436e0502.jpg,629604,502,10:12:21,丧！湿！肾！大片级实况【生化危机:启示录2】第一章【更新P3】档案英配(修复),19906
2076653,BV1fx411A7qw,2194,748,1425522090,2015/3/5,2132,59:34,1170,//i0.hdslb.com/bfs/archive/66f90929817434224f74fd9402122cb7b839698b.jpg,333436,90,10:21:30,电！锯！肾！大片级实况【电锯惊魂2】第8章【完结】 (你作业写完了吗?),9990
2048024,BV1kx411A778,2758,1354,1424916853,2015/2/26,1809,61:38,732,//i0.hdslb.com/bfs/archive/880e05c50329b64ba66018c1886aeef4c1bbc40b.jpg,273799,103,10:14:13,电！锯！肾！大片级实况【电锯惊魂2】第7章 (听说你们开学了哈哈哈哈哈),13264
2019876,BV1Yx411A7oc,2367,900,1424328272,2015/2/19,1819,66:45,733,//i0.hdslb.com/bfs/archive/ebda2ef6ff5aca2cec8cae75d9f40066738604bb.jpg,248710,72,14:44:32,电！锯！肾！大片级实况【电锯惊魂2】 第5-6章★大年初一就当给您拜年啦!,12229
1989478,BV1px411A7zc,1970,928,1423706271,2015/2/12,1831,57:47,862,//i2.hdslb.com/bfs/archive/74ffe75befd00ba76ad51698cfaa67c07e788eb7.jpg,243335,79,9:57:51,电！锯！肾！大片级实况【电锯惊魂2】 第4-5章(中)  我爹知道大秘密!!,10738
1960567,BV15x411A7wZ,3249,1250,1423101568,2015/2/5,2966,58:33,1424,//i2.hdslb.com/bfs/archive/f614028fe71de2b3337c823a91d0d5871e46e619.jpg,527670,150,9:59:28,电！锯！肾！大片级实况【电锯惊魂2】 第3-4章(中)  你是被选中的人!,17282
1932433,BV1Nx411A7w4,8660,2094,1422415075,2015/1/28,7341,60:18,6797,//i1.hdslb.com/bfs/archive/fc0864e71dd2fdf796eb6160eeb326439c15f983.jpg,--,721,11:17:55,电！锯！肾！大片级实况【电锯惊魂2】 第1-3章(上)  我想玩一个游戏:,38964
1896323,BV19x411w7En,3680,669,1421462551,2015/1/17,2105,68:55,757,//i1.hdslb.com/bfs/archive/f2469508aefeccce6e837758203d716c593b3f3b.jpg,330143,90,10:42:31,肾！透！汁！大片级实况【寂静岭:暴雨】【完结】欢乐颂,14096
1848448,BV1Dx411w7wi,1920,730,1420078386,2015/1/1,1499,66:37,488,//i2.hdslb.com/bfs/archive/04d61ecf8f541fbd60efb95c65ae4622c81f0ee9.jpg,232119,45,10:13:6,肾！透！之！大片级实况【寂静岭:暴雨】【P16-P18】完结篇(上)新年亏哎乐!,11685
1830585,BV15x411N7iq,1939,482,1419559450,2014/12/26,1728,101:40,547,//i0.hdslb.com/bfs/archive/d2a4c1a2ba872eeb78786d822e71b1f2bc2ab501.jpg,241353,94,10:4:10,肾！透！纸！大片级实况【寂静岭:暴雨】【P13-15】,9838
1790756,BV1Px411N7rT,2458,742,1418269817,2014/12/11,1460,42:50,557,//i1.hdslb.com/bfs/archive/719ead08e3048269ee278b2ad52b807a9dff298e.jpg,198660,56,11:50:17,肾！透！纸！大片级实况【寂静岭:暴雨】【P10-12】留恋处、兰舟催发.,12507
1756572,BV1Qx411P7ie,2311,693,1417233362,2014/11/29,1462,60:21,568,//i1.hdslb.com/bfs/archive/9b3eb74ccd68aeca7cb4b5e2d8264e16d7f490d3.jpg,188486,57,11:56:2,肾！透！坑！大片级实况【寂静岭:暴雨】【P8-P9】拖延症的最高境界,10826
1709972,BV1Ux411P7kf,2896,647,1415934259,2014/11/14,1793,19:30,788,//i2.hdslb.com/bfs/archive/a7c42d3d056fa676f108d9d17b29157f873c99d9.jpg,285083,90,11:4:19,肾！透！蛋！大片级实况【寂静岭:暴雨】【P5-P7】,15855
1700553,BV1ix411P7yZ,3955,1532,1415606079,2014/11/10,10606,09:36,5883,//i2.hdslb.com/bfs/archive/a05288d0067cbea927ec87216d379ea2ca2aa437.jpg,1053371,1006,15:54:39,C菌讲鬼故事【表演系实况】校园七大不可思议【1-5】,19737
1687199,BV16x411P7Cn,3676,701,1415247739,2014/11/6,1740,28:30,868,//i2.hdslb.com/bfs/archive/295aafa9744ef7436016809eb487827e69baec71.jpg,254401,89,12:22:19,肾！透！吸！大片级实况【寂静岭:暴雨】【P3-P4】田园脆鸡堡简写是脆JB吗?,22754
1669709,BV1xx411P7xZ,7303,961,1414731392,2014/10/31,4091,41:32,2171,//i1.hdslb.com/bfs/archive/12cdb6a396a9c4badfe2dcae0d8d44a69f63a686.jpg,512595,382,12:56:32,肾！透！支！大片级实况【寂静岭:暴雨】哑巴山 情深深 雨蒙蒙【P1-P2】,26995
1643073,BV1bx411P7bv,12885,893,1413949062,2014/10/22,8599,560:00,2117,//i0.hdslb.com/bfs/archive/8b2527d3f2acb3c38ddc838607ad92e7192e4dca.jpg,554311,593,11:37:42,肾！透！支！大片级实况【寂静岭: 归乡】【完结+合集】一个男孩的故事.,317401
1582952,BV1gx411P7Ft,3081,989,1412301254,2014/10/3,1238,25:55,595,//i1.hdslb.com/bfs/archive/920d9d34247fa2d4e6b507fff17293c812f9568b.jpg,237853,64,9:54:14,肾！透！支！大片级实况【寂静岭: 归乡】这座哑巴山被窝承包了!【P17-P19】,21199
1560901,BV1vx411K7gE,2983,860,1411701403,2014/9/26,1169,26:34,582,//i1.hdslb.com/bfs/archive/8a94555b50f1df41d08c62d22bab8aee782640ee.jpg,202771,65,11:16:43,肾！透！支！大片级实况【寂静岭: 归乡】哑巴山的敌人不说话!【P15-P16】,14327
1539763,BV14x411K7cK,2713,890,1411011485,2014/9/18,1385,64:35,638,//i1.hdslb.com/bfs/archive/53b7f83678601b6a0f7add98c862765d1a264ec7.jpg,211112,66,11:38:5,肾！透！支！大片级实况【寂静岭: 归乡】我又变长了好开心啊!【P13-P14】,21961
1520429,BV1ax411K7Rs,2856,880,1410404446,2014/9/11,1474,18:03,588,//i2.hdslb.com/bfs/archive/a2142561445c037747ddb224f5fa3d375917c2a3.jpg,259122,77,11:0:46,肾！透！支！大片级实况【寂静岭: 归乡】这个BOSS我打了七周目【P11-12】,17225
1498029,BV15x411K7VG,3427,1218,1409813148,2014/9/4,1357,49:48,685,//i1.hdslb.com/bfs/archive/08be278d932b91324d218a37ca6312fb139d4267.jpg,275299,69,14:45:48,肾！透！支！大片级实况【寂静岭: 归乡】【P9-P10】,22243
1474010,BV1Kx411K7sf,3783,1472,1409201342,2014/8/28,1387,19:32,826,//i1.hdslb.com/bfs/archive/e8af1f3fb8a526a1726903e43ccd13d0edba301a.jpg,322098,86,12:49:2,肾！透！支！大片级实况【寂静岭: 归乡】老__和BOSS决一死战!【P7-P8】,27150
1448010,BV1ux411K7To,5896,1867,1408677565,2014/8/22,1996,42:57,1420,//i0.hdslb.com/bfs/archive/14eeafa82d93751ffa7344b6c43af127d8695405.jpg,426309,150,11:19:25,肾！透！支！大片级实况【寂静岭: 归乡】欢迎收看格斗游戏实况!【P5-P6】,44674
1418003,BV1cx411K7tK,7958,1492,1408077266,2014/8/15,2836,57:11,2099,//i1.hdslb.com/bfs/archive/49a80c1f6be0fbdd790519096da55badf8cbe787.jpg,635824,267,12:34:26,肾！透！支！大片级实况【寂静岭: 归乡】请严肃观看恐怖游戏实况!【P3-P4】,67569
1412613,BV1Zx411N7wQ,6109,1097,1407967693,2014/8/14,3265,28:56,2351,//i2.hdslb.com/bfs/archive/1a90b43f6301d570dffaa130430553ad81b7c7ee.jpg,624450,1298,6:8:13,肾！透！支！更新P2【寂静岭: P.T.】 逃生咒怨统统弱爆!【PS4试玩版】,34634
1380217,BV1mx411N7Hj,12485,1957,1407302276,2014/8/6,6610,38:24,5240,//i2.hdslb.com/bfs/archive/f66d1a0af22a906d64899aec41f7c5506266cc75.jpg,1113406,987,13:17:56,肾！透！支！大片级实况【寂静岭: 归乡】我胆子很大q_q【P1-P2】【周番】,56425
1332108,BV1sx411N7Tu,4340,1043,1406347370,2014/7/26,1351,124:10,756,//i2.hdslb.com/bfs/archive/45b9e50bc991a8bcae6ddc47536fa4ae27e9a4b1.jpg,267495,85,12:2:50,吓！没！肾！大片级实况【死魂曲: 新解】先做眼保健操再看!【完结篇+下期预告】,30891
1294259,BV1wx411M7qr,3722,1329,1405483786,2014/7/16,1317,63:37,693,//i2.hdslb.com/bfs/archive/8fbca403470679f7d29acc1830fdf92cb7715db1.jpg,300445,95,12:9:46,吓！瘫！肾！大片级实况【死魂曲: 新解】再、再也不会怕了真的!!【10-11章】,30025
1267215,BV11x411T7M1,3288,1024,1404794563,2014/7/8,1452,56:20,700,//i1.hdslb.com/bfs/archive/214786a6b6eb9cb2f40193d79991750569e4cc23.jpg,313067,125,12:42:43,吓！炸！肾！大片级实况【死魂曲: 新解】被吓到另一个世界线上了!【第8-9章】,28086
1245343,BV1Ux411T79Z,3252,700,1404191146,2014/7/1,1565,55:24,809,//i0.hdslb.com/bfs/archive/6a4124c1b9e71676684a20d65137bf22e53ee57d.jpg,313507,127,13:5:46,吓！裂！肾！大片级实况【死魂曲: 新解】P3补上神曲【第6-7章+Friend】,22119
1226076,BV1kx411T7i2,5265,612,1403590837,2014/6/24,1881,81:59,1232,//i0.hdslb.com/bfs/archive/5d7b389a0bf292757a49cb6424808746ec6dbd9f.jpg,389857,138,14:20:37,吓！尿！肾！大片级实况【死魂曲: 新解】胆子练练就...更小了【第4-5章】,28652
1208647,BV1tx411T7En,9570,1622,1403008284,2014/6/17,5715,91:53,3884,//i2.hdslb.com/bfs/archive/49819593d30135db4ce3edc9b89ad4e8fd086eb9.jpg,912589,924,20:31:24,吓！坏！肾！大片级实况【死魂曲: 新解】P3全程高...一点不吓人!【1-3章】,50131
1145463,BV1Tx411T77m,3236,1424,1400933166,2014/5/24,3684,23:06,2525,//i0.hdslb.com/bfs/archive/349b1a93b4c76b2d2c64a126c0c1ad70474031d1.jpg,770600,235,20:6:6,"大片既视感的实况: 【它动了】深度恐怖, 真的真的真的!!【已弃坑】",23307
1108646,BV1dx411K7JW,4754,3738,1399439451,2014/5/7,3889,44:16,5313,//i2.hdslb.com/bfs/archive/9cb1d2781b99973c814f748c4e185f92f146a31a.jpg,845488,295,13:10:51,【C菌实况】【恐怖婚礼/The Wedding】【完结合集 】,20063
