﻿aid,bvid,coin,comment,created,date,favorite,length,like,pic,play,share,time,title,video_review
795953178,BV1MC4y1a7z2,40342,1460,1592013614,2020/6/13,15022,04:42,62017,//i2.hdslb.com/bfs/archive/dc85da3f8fbcd62da63a3d394be10671a9a10b3a.jpg,619105,8439,10:0:14,史上最沙雕【真人CS:GO】 第4集,2086
625767119,BV1nt4y1C7zM,25240,1825,1590761430,2020/5/29,17980,32:07,49435,//i0.hdslb.com/bfs/archive/5f6407182c767638d64caca5207b14741ae5e8a7.jpg,429992,6102,22:10:30,【互动视频】结局高能！躲避追杀逃出庄园！ 第五人格真人短片...,10183
455442555,BV1d5411x7rS,3394,576,1588478423,2020/5/3,1634,07:40,20823,//i1.hdslb.com/bfs/archive/c8fdd4b14b6b897b0ff4e04ede144887a50d52fb.jpg,308836,608,12:0:23,200万粉丝up主居然开这车？宝马Z4 M40i体验！,1862
667939580,BV18a4y147AN,96203,1931,1587630472,2020/4/23,33350,03:31,133646,//i1.hdslb.com/bfs/archive/33595c98c8c4bdff0ac132e3b6f9d173a0ab65a8.jpg,1205320,15408,16:27:52,史上最沙雕【真人CS:GO】  第2集,3377
710317225,BV1KQ4y1T7MQ,4663,1610,1587210397,2020/4/18,3707,04:50,35131,//i0.hdslb.com/bfs/archive/a22e9ada3c0258afeb4a950a8a4517dd4ee1a15a.jpg,617300,2053,19:46:37,害~游戏就该这么玩！,2628
285257836,BV1Xf4y1U7WV,54649,3211,1587032956,2020/4/16,31872,02:54,124523,//i0.hdslb.com/bfs/archive/3741a9f595f04e9e3d9a215207ccba45b34b2952.jpg,1402775,15594,18:29:16,【真人崩坏3】面对最强女武神，你能坚持多久？,6769
497667049,BV1eK411L7x1,404702,3187,1586394011,2020/4/9,96276,04:44,325018,//i1.hdslb.com/bfs/archive/13ac308b5cdd343ed8846764c14ee2f0d032e40f.jpg,1724898,23305,9:0:11,【特效炉石】猛男间的激情对决！,5526
85701950,BV1s741167Qu,9896,487,1580371516,2020/1/30,3687,03:16,32465,//i2.hdslb.com/bfs/archive/7d993f5827da260763d8009d5544b5ed4fd005ee.jpg,517517,604,16:5:16,百大UP主开的工作室是怎样的？,620
85064527,BV1n7411k7kw,170297,1727,1580006351,2020/1/26,56791,04:03,236294,//i0.hdslb.com/bfs/archive/92c4939075d20ed319dd6eb65fc791ade6906024.jpg,2004110,13613,10:39:11,【真人gta】大 爷 猎 车 手,7207
84524974,BV1H7411e7rf,228902,2434,1579683909,2020/1/22,90658,03:54,298991,//i2.hdslb.com/bfs/archive/5f6755cbe4bd469da78fa0d22f4c42e80ae6e328.jpg,3191384,41457,17:5:9,史上最沙雕【真人CS:GO】,5243
83906533,BV1W7411i7m5,142567,3104,1579320026,2020/1/18,68825,03:28,188792,//i1.hdslb.com/bfs/archive/edbe6ddb054d804a58c70493f63b6f69d188e079.jpg,2149162,28672,12:0:26,【真人崩坏3】大妈vs符华 史诗级超燃对决！,7471
80593686,BV1pJ411W77J,54679,1661,1577268109,2019/12/25,15856,02:39,81379,//i2.hdslb.com/bfs/archive/8c0abdc74c480d8d48cbb11fb3d5b7bb46015476.jpg,1227193,12697,18:1:49,暗 影 大 妈,2533
78333668,BV1ZJ411i7xV,79621,2794,1575684396,2019/12/7,36105,02:45,140344,//i1.hdslb.com/bfs/archive/5cbed2d2d1cc3c279a71535f4695e7433e3b069b.jpg,1794296,18717,10:6:36,火 力 老 年 王,3930
76359284,BV1SJ411177N,75105,6030,1574262051,2019/11/20,59968,21:02,157387,//i1.hdslb.com/bfs/archive/d32037cef41acaf7db82fc833d081b72fb6fc19e.jpg,4771484,14895,23:0:51,攻略妹子?守护Lex?做出选择！,47747
75719683,BV14J411D7ch,19527,1289,1573812036,2019/11/15,9681,12:43,34770,//i2.hdslb.com/bfs/archive/723660d77f90557607c9eaf8b60661afb988bd8f.jpg,634241,3506,18:0:36,【互动视频】爆打公主拯救大魔王！,6982
69852968,BV1bE411Q77f,94661,2127,1570065912,2019/10/3,45727,01:42,138178,//i0.hdslb.com/bfs/archive/8376750cdfd18bf0dfa81f6454355993b874fcb0.jpg,1887388,18452,9:25:12,广场大妈特供版《赛博朋克2077》,2577
69230639,BV1rE41197S9,36162,1276,1569661247,2019/9/28,14611,02:18,50955,//i2.hdslb.com/bfs/archive/22a3e5fc33308d54d10d6358fe53faaf1f6f47b7.jpg,693677,4378,17:0:47,【定格动画】童年回忆大乱斗！,1856
68274622,BV1jJ41137uX,72944,3340,1568970046,2019/9/20,41642,03:10,103916,//i2.hdslb.com/bfs/archive/8c6de7f9efa0fb4745ae82d54979036cafad3c98.jpg,1482385,21179,17:0:46,【真人特效崩坏3】幸运玩家怒X大伟哥！,5446
63822124,BV1J4411U7gL,122729,4515,1565946303,2019/8/16,37151,02:38,144872,//i2.hdslb.com/bfs/archive/4dd926dc92b73c3c711d59cccca12d76f75a3fca.jpg,2806961,14910,17:5:3,在现实中还原四驱兄弟招牌技能！,5843
61978111,BV1it411u7iQ,46004,1159,1564819251,2019/8/3,12698,03:05,61261,//i0.hdslb.com/bfs/archive/5dd81ae7766d21641b208503f603cf116582ef45.jpg,1217697,972,16:0:51,小姐姐酷暑前往无人沙漠 ，只为拍视频？,1833
61264550,BV1Kt411A7eA,196520,5756,1564452012,2019/7/30,66790,10:02,151158,//i2.hdslb.com/bfs/archive/426340999a66bf7e7a2465bf39e6bdff1ab9b657.jpg,2454843,18985,10:0:12,【真人炉石】奥丹姆奇兵-英雄集结!,18507
59530318,BV1Et411g7H3,146132,13537,1563379213,2019/7/18,89510,04:18,270785,//i0.hdslb.com/bfs/archive/e54a8070e0912e697413b360a6806c0b696a1b7c.jpg,7520548,16266,0:0:13,百万UP主开机甲只为阻止蕾丝发电！？,50798
57939708,BV1V4411c7Bk,65186,9665,1562554812,2019/7/8,37964,15:50,87983,//i1.hdslb.com/bfs/archive/548ed98fe92105dcbc176897139c6396a7968c3f.jpg,1871358,19234,11:0:12,【互动视频】操控广场大妈拯救B站！,190033
56995945,BV1Wx411d7mg,25309,749,1561691105,2019/6/28,6871,03:56,31181,//i1.hdslb.com/bfs/archive/f3fb66dbc15cdec8cdcf835e00282b1b816d1582.jpg,420262,1887,11:5:5,特效卡丁车! 头文字Dvs马里奥赛车,1483
54698234,BV1U4411M7n8,46730,1370,1559876745,2019/6/7,16768,03:14,55387,//i1.hdslb.com/bfs/archive/50e87164a7fa072c8854ab68d766c0df2abdd0a0.jpg,922340,6327,11:5:45,"《火力乒乓王》—核爆级""杀人""乒乓球对战！",3037
50924294,BV1P4411t7J6,33661,1388,1556605712,2019/4/30,12396,04:21,52427,//i0.hdslb.com/bfs/archive/c57e5c720d0915999e93f17eaf6ca5dc4988947a.jpg,1098006,5682,14:28:32,最强公园大爷乱入鬼泣!,2820
48272871,BV1nb411g74Z,181848,2479,1554447910,2019/4/5,54550,02:58,183980,//i0.hdslb.com/bfs/archive/42552b171921b813d02087852e11f9eb3bc35a2a.jpg,2502663,27285,15:5:10,最快乐广场大妈乱入LOL！,4723
47916943,BV1Bb411s7m9,420656,12171,1554080432,2019/4/1,151718,04:46,280972,//i1.hdslb.com/bfs/archive/4c2fb16501f5d179172e49c7f0e7196d8df9a48b.jpg,3721368,65415,9:0:32,【真人炉石】暗影崛起-最秀新卡发布！,12596
47007522,BV1Tb41177oa,15323,1638,1553324426,2019/3/23,6862,03:52,26850,//i1.hdslb.com/bfs/archive/9065736297acdcee86360d986802430eaab098d9.jpg,658391,3173,15:0:26,UP主竟用5万设备做视频！无线动捕技术get！,2516
46227167,BV1gb411H73p,212809,3656,1552546840,2019/3/14,58691,02:14,184134,//i1.hdslb.com/bfs/archive/54e3b72c2fa2e94e8ee01cd24a4f29e1ca502ef2.jpg,2108704,28941,15:0:40,超燃无双！广场大妈七进七出！,5580
44919286,BV1Rb411t7je,88207,2013,1551333912,2019/2/28,29540,04:09,82981,//i0.hdslb.com/bfs/archive/807991ca1a6ba063737e368df314da961bac43f7.jpg,795993,5161,14:5:12,史上最残暴B站小电视！史诗级超燃对战！,4955
44379086,BV1rb411h7MR,21555,588,1550890847,2019/2/23,8344,02:39,29098,//i1.hdslb.com/bfs/archive/aa326efeff520333ae1c206d87e346a673c5a575.jpg,509136,3916,11:0:47,用漫威的方式打开动物圈！,853
42033430,BV1kb411C7Ti,248615,3203,1548817235,2019/1/30,76591,04:44,224380,//i1.hdslb.com/bfs/archive/7eff4c39e8e6c492d058725cd95be7e99e91f96b.jpg,2862904,44791,11:0:35,史上最社会广场大妈！街头真人GTA!,13902
41635107,BV11t411b7C9,12302,840,1548468055,2019/1/26,4455,02:29,19385,//i1.hdslb.com/bfs/archive/4fafa8dffdeeb9262a68fa14b59c1d2ccd29583a.jpg,468450,1327,10:0:55,【特效向】沙雕游戏bug竟乱入现实生活?,1708
41040578,BV1Lt411a7df,113438,5030,1547863202,2019/1/19,54777,04:26,127093,//i2.hdslb.com/bfs/archive/fb0573ff3936ac3e4b3b10e6a1f3b75108ea011c.jpg,2706017,31674,10:0:2,史诗级超燃对决！真人版特效JOJO！,11707
39313624,BV1Nt411k7Fo,19510,884,1546135253,2018/12/30,7431,01:44,27375,//i1.hdslb.com/bfs/archive/803c815426fbb4ed267f4ac59f4201554cd6f195.jpg,796529,3080,10:0:53,【真正全员恶人!】真人沙雕狂扁小朋友！,1072
38670247,BV1Yt411Y7cE,48554,960,1545387755,2018/12/21,16507,03:02,39682,//i2.hdslb.com/bfs/archive/56997777043600ca07a9d83f2c01c0a1756e3a2a.jpg,518527,3144,18:22:35,粉丝自制特效版华农兄弟！,1586
37085398,BV1ut411X7tA,79385,1534,1543572584,2018/11/30,28332,02:42,57211,//i1.hdslb.com/bfs/archive/47e046226f312e303cda507aee5b0951aced6bc1.jpg,950284,8188,18:9:44,【沙雕头文字D】外卖小哥的终极对决！,2968
37007215,BV19t411Q7G1,58851,1324,1543478266,2018/11/29,20201,03:52,38538,//i2.hdslb.com/bfs/archive/2c967c23caee3fae00bb02f03e5cc2001957f745.jpg,695487,7178,15:57:46,【神奇宝贝在哪里】鲤鱼王错误进化，结果竟....,2096
36831369,BV1kt41197vg,101500,5213,1543302002,2018/11/27,27657,09:57,67077,//i2.hdslb.com/bfs/archive/0210a133e6200e3584aaf733fb1c9c4d60e8a161.jpg,2047136,28584,15:0:2,【真人炉石】祖尔金-全球唯一英雄卡发布！,6988
34659256,BV1Xb411P7yx,88636,2345,1540605305,2018/10/27,35068,02:51,79810,//i2.hdslb.com/bfs/archive/51e1bef835608b850a2889a7d3b2e655d82d80d3.jpg,2086561,21488,9:55:5,超燃！广场大妈的史诗级对决！,5051
34207964,BV13t411o7Dx,55984,1496,1540009346,2018/10/20,23175,03:05,35363,//i0.hdslb.com/bfs/archive/a4f590a71969073077e467b2c66a46837d965fc5.jpg,898072,12968,12:22:26,【真人守望先锋】万圣节的被虐日常!,2011
33077653,BV1KW41127ij,12123,788,1538643652,2018/10/4,6859,01:55,15200,//i0.hdslb.com/bfs/archive/3612af521dc4bd9c12e139522b84d2b956fff981.jpg,596443,3863,17:0:52,用B站的方式打开JOJO！,1293
32756206,BV1rW411S736,3943,551,1538297496,2018/9/30,1605,01:57,8876,//i1.hdslb.com/bfs/archive/b3ebb81dbe5df6dcd571a7e358d1caa3050468fb.jpg,473264,442,16:51:36,蜘蛛侠的第一人称视角!这是个什么游戏？,689
32634610,BV1AW411S7xi,10869,842,1538193642,2018/9/29,1706,04:15,11466,//i2.hdslb.com/bfs/archive/56175707d42ad3a4734314d5d94eb0b9c31f37ac.jpg,398968,459,12:0:42,【性感妖怪在线杀仙】-你从未见过的真人降妖游戏,1120
32585454,BV1ZW411U7eJ,28577,825,1538099420,2018/9/28,7183,03:07,22497,//i1.hdslb.com/bfs/archive/69240d4ff1f6df0c3df01ca0388db2ddc5e3d6ec.jpg,723300,3429,9:50:20,【特效回忆向】真人版合金弹头!,1329
31648235,BV1fW411C7qP,17690,707,1536889508,2018/9/14,9197,02:16,18880,//i0.hdslb.com/bfs/archive/cc6b1ea1d1c12abf81a2488162e456fb1da01211.jpg,749135,5774,9:45:8,给运动会加上特效后....,1892
30552401,BV1As411c7k1,50292,1663,1535507152,2018/8/29,43381,02:01,43350,//i1.hdslb.com/bfs/archive/69672d7d3f176e71bf450540a54ff66f98662fc3.jpg,1912608,24401,9:45:52,用JOJO的方式打开动物圈！,4490
30092957,BV17W411X7eF,51303,2045,1535002046,2018/8/23,9556,03:24,31169,//i2.hdslb.com/bfs/archive/044d93df8560dd90fd63facb54cd007e48fd0716.jpg,533775,4169,13:27:26,【真人塞尔达传说】突破次元的冒险!,2209
29388646,BV19W41197GB,9782,1274,1534296271,2018/8/15,5344,01:46,13446,//i0.hdslb.com/bfs/archive/17135747f484d74a1093aa93dd8ce0965d480df5.jpg,573097,2290,9:24:31,每一个宅男的终极梦想！,1960
28149415,BV1gs411w7cg,161889,7458,1533016855,2018/7/31,58215,03:57,79034,//i2.hdslb.com/bfs/archive/887e6979b95f1691d0d01c8b68ed7319e55742c1.jpg,3597212,65814,14:0:55,【真人炉石】砰砰博士-最梦幻橙卡发布!,10636
27792030,BV1ws411A7VJ,22600,753,1532656832,2018/7/27,7753,03:35,17630,//i2.hdslb.com/bfs/archive/a6bd0f3b001a1ff5385eef336d8e54bd9c41c99a.jpg,438052,3818,10:0:32,【特效向】国服最骚死待(daì)！,1407
26214582,BV1Us411H7Sk,5685,681,1530842449,2018/7/6,1671,01:49,7428,//i0.hdslb.com/bfs/archive/b5cc7f5b0d90766c0c1f1740479115d3b0bf7e1f.jpg,297099,3971,10:0:49,【高能慎入!】奥特曼竟参加创造101?,654
25818402,BV15s41157NU,5205,497,1530324048,2018/6/30,1200,01:51,5389,//i2.hdslb.com/bfs/archive/6a50a775c5397c36d26be12bd5c4f3b1ba2a03b2.jpg,325731,372,10:0:48,【国人自制】当蜘蛛侠在中国跑酷！,445
24936737,BV1CW411F7wm,15778,1168,1529114427,2018/6/16,4288,01:57,11857,//i0.hdslb.com/bfs/archive/e9b956f2512a14f14b885b12c3b97500357a55e5.jpg,990972,9331,10:0:27,【真人版DNF】蓝拳vs卢克！,1214
23255234,BV1Zp411f76t,55766,1342,1526004039,2018/5/11,23157,02:56,35385,//i1.hdslb.com/bfs/archive/c1a26beb640d6e674586bc53a7f5d64f6b916ebf.jpg,1358651,12778,10:0:39,【特效向】广场大妈残暴吊打正义联盟！60fps,4028
21911925,BV1hW411K7rK,56355,2053,1523412027,2018/4/11,13776,03:03,22924,//i2.hdslb.com/bfs/archive/505d7c2806e2911df465d99ce02f402a95a773bc.jpg,1588772,9445,10:0:27,【真人炉石】吉安娜vs雷克萨 特效炉石对♂决!50fps,2613
20799805,BV1nW411p7u1,57924,1748,1521165641,2018/3/16,36464,01:37,40409,//i0.hdslb.com/bfs/archive/dc906788c62a91b7bb0686aeddfa704aa60274e2.jpg,2466869,25667,10:0:41,【特效向】给广场大妈加上特效!,4574
19321787,BV1MW411n7xK,16517,962,1518228007,2018/2/10,4226,04:41,8531,//i1.hdslb.com/bfs/archive/81cb2ea8308e5a28b024a37a8a88e70f54acecb9.jpg,462119,3098,10:0:7,【真人口袋♂妖怪】毁童年的中二特效大对♂决！,1942
17712840,BV1FW411b7qt,21702,977,1514516418,2017/12/29,7235,04:40,9927,//i0.hdslb.com/bfs/archive/e0ac1ac5ae886377e4655782663287bf2a931bb9.jpg,822152,10549,11:0:18,【真人炉石】当巫妖王遇上狗头人？蠢萌巫妖王开包记！,2060
16818700,BV1zW411a7D8,20137,964,1512097205,2017/12/1,4905,02:09,7848,//i1.hdslb.com/bfs/archive/fbcc8d575705be43cbebd8f8ca84dce8bd063b8d.jpg,707971,7963,11:0:5,【真人版DNF】勇闯DNF总部！！,1474
15952238,BV1hx411E7pe,137617,1988,1509678026,2017/11/3,30075,05:23,27092,//i0.hdslb.com/bfs/archive/0dfadd68910d8075ea6ce35100357c503cf405a9.jpg,1303904,23532,11:0:26,【真人炉石】牧狗VS巫妖王！3D炉石特效大对决！,3319
14948572,BV1Dx411g7Si,30429,1306,1506828505,2017/10/1,8336,02:39,8565,//i2.hdslb.com/bfs/archive/a1ba7d23a201d0aab578f9f52ae9ea1a97a43062.jpg,950028,17465,11:28:25,【真人版DNF】突破次元壁的冒险！,3611
14020558,BV1sx411t74u,8459,555,1504155821,2017/8/31,6190,02:00,4364,//i0.hdslb.com/bfs/archive/163fb3d8bc9b6bc6daea1fc90b9a7e5d66739f33.jpg,511039,8452,13:3:41,当喵星人加上火影特效！,1003
13420550,BV1fx411E7K8,3451,506,1502848960,2017/8/16,607,03:31,1411,//i0.hdslb.com/bfs/archive/00a332eaaef40995b0a2250b404534f8aabf4195.jpg,392354,375,10:2:40,【防不胜防】当游戏人物来到中国街头!,2385
12629996,BV1ux411W79A,6737,786,1501126860,2017/7/27,1717,03:13,2084,//i2.hdslb.com/bfs/archive/fe4bfb02ab0feb5137bc4ebe2a38c45d6df26a32.jpg,458529,1798,11:41:0,【真人H1Z1】你从未见过的游戏直播！,1199
12149486,BV16x411q7wH,41403,1553,1499907398,2017/7/13,14376,03:31,7888,//i0.hdslb.com/bfs/archive/8dde3fda2e03caf70a94e9cdf8de142aabc63a33.jpg,1345797,18907,8:56:38,【真人炉石】中二少年的真人炉石大对决！,2926
10574131,BV1ox411e7Jz,3829,535,1494813185,2017/5/15,975,02:43,1103,//i1.hdslb.com/bfs/archive/9dedeb1a2f7b886cacc5820ea19b752d3adbd2c2.jpg,240046,629,9:53:5,民间特效！洛克人突破次元大战马里奥！,648
10212803,BV1Vx411S7am,8788,984,1493556937,2017/4/30,4086,01:37,2470,//i1.hdslb.com/bfs/archive/23d98e56b80b697f6a45cf1e741e2fe23452addd.jpg,520688,2649,20:55:37,宅男竟用双手操控高达！高达看了想打人系列！民间特效,2579
9352718,BV17x411k7QB,20183,1583,1490321866,2017/3/24,7417,04:57,4077,//i0.hdslb.com/bfs/archive/812ad9494492bcf826a735e1babe501ca1749a52.jpg,494105,7245,10:17:46,辣眼睛！奥特曼当街狂跳广场舞！民间特效,4329
9052848,BV1tx411C7Ki,15301,769,1489036337,2017/3/9,2592,04:11,2820,//i1.hdslb.com/bfs/archive/1a919045ce2fe615b9573db97746a84d3b48ff22.jpg,367447,1301,13:12:17,真人对战？我的世界vs星球大战！,1354
8883809,BV15x41117dp,46605,2217,1488257817,2017/2/28,20810,04:09,9250,//i0.hdslb.com/bfs/archive/bdaf831a9f989dadb4582690424fea9e1e0fb412.jpg,986397,4614,12:56:57,飞檐走壁？民间真人版《刺客信条》！,4137
8507899,BV1Xx41117wj,35109,1027,1486699200,2017/2/10,13023,03:58,7577,//i1.hdslb.com/bfs/archive/3ebb9e3fbc8f3cd97c3f1f0b1bc1d5c3fb34d2f9.jpg,869176,4897,12:0:0,【2017拜年祭单品】真人版魂斗罗,2305
8282853,BV1gs41187TZ,9595,1098,1485676223,2017/1/29,9809,02:24,5801,//i0.hdslb.com/bfs/archive/0342753aac432aec3c5ed0cff3ad8a9ffde8dbb3.jpg,714690,3002,15:50:23,快跑啊！！初音手办打人啦！！蜜汁特效,2273
7965392,BV1ps411h7T2,15562,741,1484180827,2017/1/12,6041,03:10,3526,//i0.hdslb.com/bfs/archive/9ccb1f76f8dbb835127ef5883215ef28f36d1987.jpg,451043,1952,8:27:7,​现实版《我的世界》,2314
7046762,BV16s411x7yL,9090,967,1478832849,2016/11/11,2760,02:48,1618,//i2.hdslb.com/bfs/archive/6025b90924d15807ac2d1061cdba1ad97c408f8c.jpg,394806,1498,10:54:9,【燃向】真人版侍魂！,1838
4227238,BV1Ks411z7rB,3891,494,1459331645,2016/3/30,1091,01:58,998,//i2.hdslb.com/bfs/archive/6649582a227828fcf3ed3af997984b9cd3a874e4.jpg,231481,485,17:54:5,真人版 FC打鸭子游戏,3527
3758450,BV1Bs411X7hD,3803,745,1454640975,2016/2/5,2403,02:46,1198,//i1.hdslb.com/bfs/archive/21d2cdc3dfc4ec38e4dd2cc6519d5957c2f4b8cc.jpg,369034,2154,10:56:15,孙悟空街头狂飙筋斗云【结尾高能】,3299
3742768,BV1Cs411X7wW,3781,672,1454489698,2016/2/3,3103,02:43,1350,//i0.hdslb.com/bfs/archive/ab40cb64ca3414b2181d380d67b96810280feaa6.jpg,531565,1002,16:54:58,【自带特效】精壮男子开挂猛追红衣少女,2889
3635361,BV1rs411R714,3365,437,1453435120,2016/1/22,2939,04:37,5074,//i2.hdslb.com/bfs/archive/80b6ad82329a23a2e92ecbfed0b9a30a05afc04e.jpg,591071,1634,11:58:40,真人版射击游戏？CF大神惨遭凌辱！,2726
3171720,BV1cs411d7Wu,3697,488,1446699279,2015/11/5,1616,03:00,1470,//i2.hdslb.com/bfs/archive/e348d8419c8a9af4fbfdb01956634c4c4cffd3af.jpg,324397,833,12:54:39,【老皮】耗资5块的民间速度与激情,1444
2853136,BV1gs411U73V,4340,604,1441235776,2015/9/3,5021,02:01,2511,//i0.hdslb.com/bfs/archive/7ca1dd1ee22c2f93ca7beb702e26282f957e6849.jpg,927577,1596,7:16:16,我学他这样走，一晚上被打了32次（自带特效）,3955
2366559,BV1ns411U7yh,2050,420,1432630497,2015/5/26,1385,03:30,1076,//i0.hdslb.com/bfs/archive/43300ba2f68e1658fa58f2242c3ae6e0b04cc43e.jpg,363843,698,16:54:57,神经小伙开挂乱入游戏,2233
2149589,BV11s411S77P,15258,1080,1427432937,2015/3/27,4626,03:16,3859,//i2.hdslb.com/bfs/archive/dc723c0399af723bf346dca255588dd770b9085d.jpg,849182,1370,13:8:57,【老皮】特效宅男勇闯二次元？真人版合金弹头！,6620
1872108,BV1Zx411w7BH,13591,890,1420773495,2015/1/9,12859,02:11,9562,//i1.hdslb.com/bfs/archive/92245c0e8f7ef4c77282b82af72a862d3903624c.jpg,1377369,4254,11:18:15,【特效向】广场大妈吊打七龙珠,6297
1768782,BV1dx411P7j2,31400,713,1417578706,2014/12/3,13113,06:22,11516,//i1.hdslb.com/bfs/archive/fa1757bcb11fa81345a800bebfb7200705c70916.jpg,1505656,2512,11:51:46,特效宅男吊打拳皇,6245
1667643,BV14x411P7PY,1774,164,1414659857,2014/10/30,1705,04:17,879,//i0.hdslb.com/bfs/archive/ed5640813f5dffbc94e802408b1472e80624e94e.jpg,363044,489,17:4:17,玩具枪玩出神经病了，酸爽的玩具枪大战！,2451
1572236,BV1ix411K76H,3071,199,1412050573,2014/9/30,2282,03:19,2804,//i2.hdslb.com/bfs/archive/03aff4e09389f65fd5d2ee4ad8245eff4c0d4618.jpg,718392,486,12:16:13,国人自制！人民币玩家暴虐街霸（真人特效版）,2970
1357208,BV1rx411N7kc,906,136,1406871141,2014/8/1,1056,06:54,811,//i2.hdslb.com/bfs/archive/2709427415cb43ff4605df2aa0a9156696b11c98.jpg,311126,441,13:32:21,脑洞全开：大力小苹果超能力街头搏击,6137
1236485,BV1ex411T7mz,3393,438,1403927926,2014/6/28,2850,04:03,5425,//i1.hdslb.com/bfs/archive/8d9212e92258a843eedb51a2ff25c175995a93b3.jpg,775450,610,11:58:46,宅男会特效，神也挡不住,1808
1234499,BV1vx411T7p1,1082,241,1403861537,2014/6/27,1436,04:22,1496,//i2.hdslb.com/bfs/archive/e0f742a67f752431739c162c3ccbfba0eb0451d9.jpg,373293,369,17:32:17,用玩具拍片?玩具版极品飞车!,2061
