﻿aid,bvid,coin,comment,created,date,favorite,length,like,pic,play,share,time,title,video_review
710451695,BV1KQ4y1N7S9,5680,2190,1588223117,2020/4/30,5995,06:48,43232,//i0.hdslb.com/bfs/archive/590530860c1db56a3bfba5288af5ae7471b4942e.jpg,666747,1725,13:5:17,光影炸裂！7分钟告诉你光追和DLSS2.0同时启动有多香,2241
752959805,BV1mk4y1r7cP,21868,1691,1587584988,2020/4/23,10856,07:13,84533,//i2.hdslb.com/bfs/archive/dd9b21a3e72a27f982b865b4ba4c7669c33f26e0.jpg,975376,975,3:49:48,游戏史上压迫感最强的那些BOSS 传说中的盗版限定怪！,3383
795150100,BV1hC4y1s7x2,2730,1167,1586340045,2020/4/8,2056,06:24,25144,//i0.hdslb.com/bfs/archive/d24e4767e64aacf7b1c221d21e2caca7d8989a19.jpg,328827,334,18:0:45,LOL暗星反派盘点 把星球当甜食的家伙们,1223
925076735,BV1bT4y1575M,86924,5477,1585349982,2020/3/28,49065,09:21,144814,//i0.hdslb.com/bfs/archive/e89151f8520da21f934046d85275559d4d4cfa28.jpg,1741147,45997,6:59:42,猛男森友会！9分钟告诉你动森为何如此迷人？,8459
95637580,BV1PE411j7K3,13001,3117,1584021616,2020/3/12,14941,10:36,63460,//i1.hdslb.com/bfs/archive/a850aa8a699d69e1fb7ddb5d79d724a309f5bb96.jpg,1101920,2673,22:0:16,打造一台能玩世界80%游戏的万能游戏手机！,4636
88931401,BV1K7411g7ph,14172,1705,1581681649,2020/2/14,9346,12:36,49806,//i0.hdslb.com/bfs/archive/8aad8f797f75fb24cceb4386b1f621a8edbb5a42.jpg,951555,3613,20:0:49,《如龙7》真香！极道勇者的人生RPG,2794
85995418,BV127411s7rV,8451,1344,1580482487,2020/1/31,3962,04:42,35455,//i0.hdslb.com/bfs/archive/61a95d512abe5586fa0d55d598bedcd765d5b846.jpg,551525,667,22:54:47,5分钟回顾 童年GBA神作《龙珠大冒险》,1516
85859818,BV1h7411B7iX,54942,3737,1580434133,2020/1/31,40450,10:18,209498,//i2.hdslb.com/bfs/archive/579065cfad576c8623aeb58cb50bf880b8ff9ceb.jpg,3262332,7264,9:28:53,游戏史上最洗脑的4个广告 精神污染1000万玩家,25849
85364799,BV1W7411r7Nd,49350,1902,1580178218,2020/1/28,29289,06:10,78071,//i1.hdslb.com/bfs/archive/e67d228ca9d958d3ecb0a684eb1c83db267ed67d.jpg,936237,4046,10:23:38,《晚安，科比》——谨以此片缅怀我永远热爱的,4380
84870161,BV1t7411Y7yS,11208,1579,1579868832,2020/1/24,6137,06:39,50574,//i0.hdslb.com/bfs/archive/023cb256c0c120ce440d29ba78728ddc80310435.jpg,933372,396,20:27:12,童年最变态游戏关 10年前劝退无数玩家的噩梦！,4456
83520212,BV1aJ411J7oH,25662,2019,1579399239,2020/1/19,27273,12:26,89378,//i0.hdslb.com/bfs/archive/a629fc987b106caa5f42cce6920626ef16d0bc29.jpg,1840891,1418,10:0:39,游戏史上10大惊艳的中国风美少女【拜年祭情报】,9301
81897925,BV12J411j7uj,13088,2394,1578054317,2020/1/3,13310,07:12,46798,//i2.hdslb.com/bfs/archive/c33abb3567bba1fbf36b7b25e5386ba971d8aba9.jpg,1037601,1351,20:25:17,2019年我心中最棒的3款手游,3521
80756333,BV1sJ411Y7NP,10460,1649,1577361989,2019/12/26,8028,06:12,37892,//i2.hdslb.com/bfs/archive/8fdc21a3a8a2be8c4c5529d8fa71c71d8a78d2ab.jpg,974211,2637,20:6:29,画面炸裂！照片画质mod下的《荒野大镖客2》多震撼？,1576
80093296,BV1nJ41147oB,2575,689,1576927632,2019/12/21,1610,05:53,21488,//i0.hdslb.com/bfs/archive/548597309f1810ac673e1a66ad1e80925d5c03cb.jpg,586509,208,19:27:12,几月不玩 这游戏居然多了这么多黑科技？,714
79682766,BV1gJ411r7WT,26537,2047,1576641892,2019/12/18,12098,09:03,76924,//i0.hdslb.com/bfs/archive/839bd73436944c517d20afe54660fd366eef4ae9.jpg,1811620,829,12:4:52,游戏史上最难对付的5只小怪 劝退100万玩家！,4589
78135967,BV1ZJ411v77g,25282,3155,1575541099,2019/12/5,21644,04:36,128645,//i0.hdslb.com/bfs/archive/f15085c19f9ff3a1a6f7a31e2004b4a25cef67fe.jpg,2668474,4517,18:18:19,百万粉UP主2019年竟然经历了这些……【2019年年终总结】,17438
77602825,BV12J411B7JZ,9201,1412,1575127114,2019/11/30,5176,08:54,41759,//i2.hdslb.com/bfs/archive/39015f1dcdeeaade86d789cf039fd5f23db0e7d0.jpg,965967,470,23:18:34,游戏史上最变态迷宫！99%的玩家无法走出,2232
75668891,BV1JJ411D7n9,10500,1408,1573738374,2019/11/14,7608,10:22,36330,//i0.hdslb.com/bfs/archive/3ffc56dc1d81914781c7a1aa77ad500fd32d4da7.jpg,838497,643,21:32:54,【TOP9】电子游戏史上战斗力爆表的9个刺客,5784
74435890,BV17E411b7MR,11360,2154,1572783993,2019/11/3,5260,09:21,37434,//i0.hdslb.com/bfs/archive/feb537a7cb0b08a9570533a9bdd3b6a394a2abbb.jpg,842629,1091,20:26:33,这款末日生存手游 时隔6个月居然整容了？,3040
73454740,BV1nE411a73u,24628,1175,1572070766,2019/10/26,15168,09:16,51506,//i1.hdslb.com/bfs/archive/9524330d4a49648e0939f8170ea281b5d3ee0272.jpg,837062,893,14:19:26,游戏史上最像真人的NPC！拥有人类智商,2693
73252539,BV1XE411y7QM,4952,576,1571918458,2019/10/24,2668,07:31,23294,//i1.hdslb.com/bfs/archive/54a3c80e5f5f00c31b8091ffd3e326c3ab167783.jpg,555839,200,20:0:58,史上最戏精的游戏玩家 把我骗到自闭,1260
69546619,BV1mE411X7iv,5191,893,1569856461,2019/9/30,2937,03:59,24867,//i2.hdslb.com/bfs/archive/92ad4f819ba210839a2fed3088adeb41e9a7a9c5.jpg,555500,219,23:14:21,世界上第一款塔防游戏是什么样的？,982
69467834,BV1XE411R7xi,13199,936,1569819223,2019/9/30,5127,05:18,32311,//i0.hdslb.com/bfs/archive/72c4a5e520f2de5a7f7411c31dfec298072fed47.jpg,607121,278,12:53:43,13年前火遍中国的神级“游戏掌机”电子词典能玩什么游戏？,1472
69238512,BV1kE41197VR,26226,3272,1569643957,2019/9/28,16399,07:59,88261,//i2.hdslb.com/bfs/archive/1c102d362e7bd80736719f26530eda5701ed2df7.jpg,2779025,1721,12:12:37,游戏史上最肉BOSS！18小时才打得死的怪什么样？,4111
68571761,BV1TJ411g79z,21109,1386,1569124850,2019/9/22,16401,09:14,44611,//i1.hdslb.com/bfs/archive/c5a201fd034b410eba4af7ab1a7e714b9d3cd438.jpg,975729,5091,12:0:50,史上画质最好的SCP恐怖游戏！灵异怪诞神作《控制》,2840
67455423,BV1pJ411P7mj,10360,2372,1568287802,2019/9/12,6061,08:34,36126,//i0.hdslb.com/bfs/archive/60deebcbfb2535b0f0b034551e39602de6d37391.jpg,1268907,2150,19:30:2,怪物猎人史上最恐怖的5个新人杀手 劝退100万玩家！,6017
66185781,BV1F4411m7as,3515,1047,1567258785,2019/8/31,2212,16:39,17493,//i0.hdslb.com/bfs/archive/623401fc9519da6e56d70bb5b3fe454708adf168.jpg,538965,212,21:39:45,第一次和女孩一起玩恐怖游戏的我 为何全程冷漠脸？,2756
66100801,BV1C441127p5,9466,1712,1567214366,2019/8/31,8534,09:00,33687,//i2.hdslb.com/bfs/archive/ded6b26bac6ec9bd6ffddb5968bac265de978ecb.jpg,916668,1252,9:19:26,【都市传说】游戏史上最恐怖的一首歌 听起来多可怕？,7604
65868809,BV184411q7Kv,31207,1432,1567069230,2019/8/29,17193,07:53,65222,//i2.hdslb.com/bfs/archive/16b06a57602bf5321c7dcde66df3345c6c7f1eaa.jpg,1193750,1365,17:0:30,游戏史上藏在BGM里的神级彩蛋！把歌倒放会发生什么？,3729
65224235,BV1V4411k7S9,82482,3685,1566665276,2019/8/25,29938,09:05,110436,//i2.hdslb.com/bfs/archive/e4e096ab2a25def388959ee94862d92f0931a69f.jpg,1802442,3167,0:47:56,游戏史上最恐怖预言 预言了911和日本地震！,11593
61617519,BV1r4411f7op,15208,1336,1564581166,2019/7/31,6917,06:18,39492,//i1.hdslb.com/bfs/archive/d8dd0a10242df4a1652e4899b3ae41aede1872f6.jpg,898459,355,21:52:46,游戏史上最冗长的结局名单！10分钟通关 60分钟看职员表？,2581
61347273,BV1Ft411c7WP,17468,1122,1564420336,2019/7/30,6972,06:23,38653,//i1.hdslb.com/bfs/archive/c1ee00e1e1827b362214631f1c4c960d9b84b894.jpg,690587,310,1:12:16,游戏史上最早的一首BGM 听起来有多奇怪？,2530
60833776,BV1Ct411A7Vk,14086,1300,1564131358,2019/7/26,7016,07:39,37414,//i1.hdslb.com/bfs/archive/c1ad90d202ee270330bf942e703abb41bd540d9a.jpg,810477,410,16:55:58,10年前震撼玩家的“民间神级游戏“【第一期】,3838
59913667,BV1ht411n71s,13186,1962,1563568632,2019/7/20,9489,07:19,48878,//i1.hdslb.com/bfs/archive/1669e9561f2b77866b0922b67080e25c47c10c55.jpg,1209262,1299,4:37:12,史上最精神污染的游戏 95%的人难以忍受！,10414
57390688,BV1Cx411R76B,5205,1119,1561906598,2019/6/30,3182,03:57,19728,//i0.hdslb.com/bfs/archive/86983585a3e9f40d79f07cae9b308edb253da788.jpg,621304,224,22:56:38,15年前国产自由度超高游戏 可以模拟大学生活,1213
57311841,BV1Jx411R7Db,14081,1716,1561864485,2019/6/30,5381,07:43,31491,//i2.hdslb.com/bfs/archive/dc65ef5c84e76623de152feed68a99e3c026e505.jpg,749466,237,11:14:45,游戏史上读盘最久的游戏 30分钟载入的游戏有多夸张？,3344
56183987,BV1D4411g72v,8229,1194,1561114856,2019/6/21,6278,07:46,23075,//i1.hdslb.com/bfs/archive/bdf3f8c3e998b7dde84f694cf44283457e89ed2b.jpg,627568,598,19:0:56,史上最不硬核的音游 蒙上眼都能825连击？？,2361
55771556,BV1E441157tu,10005,1600,1560686433,2019/6/16,7096,08:40,34904,//i1.hdslb.com/bfs/archive/1747cfb5bbf8db01353b192c4d5f41a3dddd9bea.jpg,797034,1302,20:0:33,你即将玩到的核弹级游戏大盘点！【Xbox篇】,4498
55215210,BV1P4411K7mB,69731,2064,1560184679,2019/6/11,28517,09:43,79287,//i2.hdslb.com/bfs/archive/9a0e43f16e9da24c360ec93dd49e2e0e298a5b61.jpg,1815351,1925,0:37:59,游戏史上最核能的关卡 值得重玩100遍的名场面们！,6076
54177967,BV1L4411p7Dm,19389,3038,1559312406,2019/5/31,12006,06:21,47748,//i0.hdslb.com/bfs/archive/97fd41e524446a3e31ac2c81b61162fddcee08a8.jpg,1581185,5953,22:20:6,6分钟让你搞懂《死亡搁浅》到底是一款什么游戏?,2074
54088845,BV1B4411H7cF,8632,1168,1559227483,2019/5/30,4521,05:52,22344,//i1.hdslb.com/bfs/archive/1433c7372069a3b02f66417acec63e308da13591.jpg,714305,274,22:44:43,游戏史上最阴险的合法外挂 台球游戏95%进洞秘诀！,393
53829383,BV1Z4411p7vZ,13696,1730,1559016605,2019/5/28,11189,05:43,34958,//i2.hdslb.com/bfs/archive/71cf70008767d68687445db96fe0e47358f62afe.jpg,1213762,1056,12:10:5,游戏史上最变态合法外挂 教你100%胜率找茬方法！,2936
53207142,BV1T441177Yf,57837,2578,1558458128,2019/5/22,30824,10:57,80814,//i2.hdslb.com/bfs/archive/5b2a65cfa7c7a9f79a9f82d77f28d48b9ec54cf7.jpg,2257889,2021,1:2:8,游戏史上最高的大楼！从2000米高楼跳下来会怎样？,6323
50964724,BV1j4411t7VB,3187,971,1556634937,2019/4/30,1618,11:10,12167,//i1.hdslb.com/bfs/archive/8149da08abcccbef781951d57f9aba0e2a358c66.jpg,422122,289,22:35:37,国产恐怖游戏《纸人》划水试玩,3407
50817766,BV1w441187zD,8385,966,1556512929,2019/4/29,4787,06:10,22246,//i0.hdslb.com/bfs/archive/6da3dd7caaf636ac7f50c874e006c13545e0c5ad.jpg,712698,279,12:42:9,史上最早的钢铁侠游戏长什么样？4位漫威英雄在游戏中的第一次亮相,1715
50483977,BV1w4411h7qE,9855,967,1556251550,2019/4/26,4271,06:24,22514,//i2.hdslb.com/bfs/archive/6df6c7e6962a8d4639e5e0bf3a83954cd5e380fd.jpg,416854,236,12:5:50,20年前少有人知的电脑自带“3D游戏”,1803
49759489,BV1Kb411L79v,43356,5955,1555671939,2019/4/19,16268,08:22,63430,//i2.hdslb.com/bfs/archive/c8eb0c49ae2fc196973620ccf26a73d85b5aa802.jpg,1946750,1420,19:5:39,童年最变态游戏关 12年前劝退无数玩家的噩梦！,13353
47895556,BV1Hb411s72f,32614,2179,1554034177,2019/3/31,14507,08:07,51907,//i0.hdslb.com/bfs/archive/18095f45bca244f98c241e0b399fe3a1fa9776ec.jpg,1524251,762,20:9:37,游戏史上最被低估的游戏 评分29的年度最佳游戏,3610
47662231,BV1Qb411x73h,28056,1374,1553850896,2019/3/29,5186,05:06,30340,//i0.hdslb.com/bfs/archive/008a89ca7cfd22ab7e9ca39c8392f13ff3b156cd.jpg,783184,289,17:14:56,这款15年前火遍中国网吧的联机游戏 现在怎么样了？,1588
47336855,BV1Qb41147Ks,15343,1236,1553521751,2019/3/25,5578,06:55,27352,//i1.hdslb.com/bfs/archive/ef5fc354d0bc805b38489bf60de2b699d0a88530.jpg,668038,291,21:49:11,史上最经久不衰的游戏 时隔47年还在出新作,1494
47077167,BV1bb41177zF,5646,1784,1553339117,2019/3/23,3749,06:19,19583,//i0.hdslb.com/bfs/archive/731f25b329548f07f516698c53d7a125a0688abe.jpg,661439,663,19:5:17,史上画面最好的国产网游里 我是全程狗头的大恶人,1961
46115148,BV1Gb411v7vi,45071,1349,1552403668,2019/3/12,39376,04:04,56342,//i2.hdslb.com/bfs/archive/40807e4de72fb300d1ac89803063a4ab08fb66cc.jpg,948581,3082,23:14:28,【燃向混剪】我想活下去！,1919
44895159,BV1ob411t7XC,35369,3667,1551296811,2019/2/28,12789,05:32,46674,//i0.hdslb.com/bfs/archive/9ae831b32638307b1cfe93c08d90ca45d3b43ba6.jpg,1224884,1364,3:46:51,这款16年前的神级网游 现在过得怎么样了？,3949
44647793,BV1Vb41187KQ,17563,1632,1551068112,2019/2/25,8892,08:17,33264,//i2.hdslb.com/bfs/archive/859c884ab9d0a51b57ccbfd2c1e968d22ede4ac3.jpg,1142283,539,12:15:12,游戏史上最失败的掌机 能玩5帧的破产《生化2》,2843
43678141,BV1yb41127wh,73132,3234,1550239388,2019/2/15,28753,08:09,91397,//i0.hdslb.com/bfs/archive/9af6793ed97d93a8d36978533c889e766c63f37c.jpg,1922812,2191,22:3:8,史上画面进化最夸张的游戏 超时代3年！,5828
42947955,BV1Eb411672p,4715,1331,1549713646,2019/2/9,1687,04:59,13383,//i0.hdslb.com/bfs/archive/3552dfca372c3e57befea824764d9eee6bee45a3.jpg,418927,137,20:0:46,EVA没电了如何自救？店长A带你种田生存！,1611
42181523,BV1qb411y7U4,26002,2460,1548861107,2019/1/30,10338,05:58,35744,//i2.hdslb.com/bfs/archive/11c8350782ecca9e9d3ad01ddb1eaf0d87884725.jpg,900623,2002,23:11:47,真正的模拟现实级游戏 你还需要这4个黑科技,3713
41944191,BV1Wb411C7rM,32502,1570,1548666406,2019/1/28,15188,04:52,42416,//i0.hdslb.com/bfs/archive/6c6d653d9b2e4474da32d2a23dd42d4abd9ca547.jpg,793134,3670,17:6:46,【店长A】假如游戏人物上了春晚会发生什么？,3471
41325046,BV1At411h7QV,77537,3424,1548074802,2019/1/21,40086,07:02,84860,//i2.hdslb.com/bfs/archive/cb7b103acaec5cd3ceb75123dff8c247d97e078c.jpg,2335964,5438,20:46:42,游戏史上最震撼的城市 20公里宇宙大城长什么样？,5116
40812617,BV19t411H7gK,51559,3211,1547552416,2019/1/15,29090,05:30,63518,//i1.hdslb.com/bfs/archive/9a0ff8d25ee544765d7e21fe9cb68effbf08084f.jpg,2107276,3200,19:40:16,游戏史上最硬核的游戏 99％的玩家被劝退！,6236
39228933,BV1Ut411r7NS,39697,4020,1545998215,2018/12/28,13598,07:36,42515,//i2.hdslb.com/bfs/archive/83a689dcabc07182eeb945c657924285a94e241b.jpg,1042811,1090,19:56:55,【店长A】10年前惊艳过你的手机游戏,17633
38381999,BV11t411e7mF,129761,4099,1545043187,2018/12/17,60208,06:54,123713,//i0.hdslb.com/bfs/archive/b2b0d8bdd4199ceb452146dfb145b8f512e35271.jpg,3653676,4176,18:39:47,游戏史上最震撼的BOSS战 1万公里巨型生物！,11532
37710209,BV1Zt411S7Ed,46317,2223,1544270940,2018/12/8,36178,03:34,49068,//i0.hdslb.com/bfs/archive/d1207127c59160127b213869fbcc5a01acdedb8a.jpg,1447702,2915,20:9:0,【神秘店长A】游戏中痛彻心扉的死亡瞬间,3629
37147438,BV1bt411X7ci,18295,2167,1543649421,2018/12/1,12614,05:24,31753,//i0.hdslb.com/bfs/archive/8cfd23294c1ec4dee709294c8f7d2f5e3b599df7.jpg,1453015,1809,15:30:21,游戏史上最灵异BUG！8月32日真的存在？,4536
36805696,BV1Yt41197gT,8656,1328,1543291249,2018/11/27,2897,05:02,14746,//i0.hdslb.com/bfs/archive/8a0003070efbf7da3d05aee123ffa6530b036360.jpg,620906,361,12:0:49,最适合联机的高画质国产手游之一【店长A推荐】,1576
36106426,BV1Mt411m7bu,74546,2256,1542383661,2018/11/16,24527,05:18,76774,//i1.hdslb.com/bfs/archive/b7f5aed51f764f9e7c25abd0a7cb09d1f794331e.jpg,2858811,2834,23:54:21,游戏史上最严重BUG 导致100万玩家角色死亡！,4249
35071478,BV1bb411P7ya,18355,5561,1541073475,2018/11/1,14545,04:47,27522,//i2.hdslb.com/bfs/archive/025ee40cc0406a1898e7f00f95e8c8b5609825da.jpg,1317794,7130,19:57:55,这款恐怖网页游戏 6年前因为吓死人而被关闭,3419
34658462,BV1Xb411P786,61575,2617,1540561492,2018/10/26,12830,05:50,42866,//i2.hdslb.com/bfs/archive/b4d24c4a9b02a0e9a09e3c3351c89d49fe2b8c96.jpg,875692,2213,21:44:52,【神秘店长A】10年前电脑课上你爱的游戏,5076
33694257,BV1Tb411F7R1,127242,3028,1539354508,2018/10/12,25680,05:53,78030,//i2.hdslb.com/bfs/archive/f8a9a1f0620019907416f305a1f30efb3afc4a4b.jpg,3665560,2102,22:28:28,史上同屏人数最多的游戏 100万人打群架什么样？,6776
32874566,BV12W411m7ne,110409,2692,1538445657,2018/10/2,33684,07:08,64471,//i0.hdslb.com/bfs/archive/5d847026746dbbf224dc44d0b55ef343948d0e1b.jpg,2061245,5262,10:0:57,游戏史上最震撼的场景 6万米巨型天空都市！,7588
32131569,BV1NW411r7vE,27021,1189,1537529112,2018/9/21,10935,05:24,27645,//i2.hdslb.com/bfs/archive/7bef9f52e1d996ff9d8de31298f5bc562701875b.jpg,1043063,977,19:25:12,【神秘店长A】游戏史上脑洞最大的关卡 通关竟要拔插头？,2247
32067659,BV12W41167Xz,39355,915,1537443001,2018/9/20,17060,02:17,31602,//i0.hdslb.com/bfs/archive/4f7a1b225e761a2eb69529440bf83e4521626e65.jpg,967850,4653,19:30:1,当游戏人物上了央视广告会怎样？【全程高能】,1928
31282411,BV1YW411d7yE,27287,2790,1536329403,2018/9/7,8066,05:23,26244,//i2.hdslb.com/bfs/archive/db96b2439f28d96b22d305efaf4586ddc0407406.jpg,779644,2177,22:10:3,【神秘店长A】史上最赚钱的游戏 总收入是英雄联盟3倍！,4382
30814594,BV1kW411f723,40864,3322,1535722683,2018/8/31,22429,06:12,41779,//i0.hdslb.com/bfs/archive/19be8cfbc28921be09350a343cdf8badc7be1f63.jpg,1558304,1414,21:38:3,史上最短的游戏 6秒就通关的游戏长什么样？,5718
30123487,BV1tW411X7UC,42412,2277,1535023598,2018/8/23,18815,03:09,33098,//i2.hdslb.com/bfs/archive/025d058380dd07e6a21027603b9fb083dc2f785f.jpg,813618,4836,19:26:38,用抖音的方式打开游戏大作会发生什么？,3697
29621263,BV1NW411d7Wg,52332,5358,1534511838,2018/8/17,31885,06:02,56343,//i1.hdslb.com/bfs/archive/6731a8d4fd1f28f59538965eb3d8c1ec5d9a1419.jpg,3877340,4104,21:17:18,史上配置要求最高的游戏 10万元的机子才带得动！,6998
29092307,BV18s411u71n,20217,2073,1533981161,2018/8/11,11098,06:35,20907,//i0.hdslb.com/bfs/archive/6c6b469fff46689b4eb97a72dc89504e557e274e.jpg,789309,651,17:52:41,【神秘店长A】游戏史上惊人的撞脸 长得就和亲姐妹一样！,3299
28441667,BV1as41137hZ,31247,2395,1533297828,2018/8/3,17342,04:52,33968,//i1.hdslb.com/bfs/archive/a0951d156f2cdb055b93294a94c15f3eec146a3d.jpg,1392041,1176,20:3:48,世界上最小的游戏 0.4KB的游戏长什么样？,4178
27881178,BV17s411A7TL,42029,6256,1532704957,2018/7/27,23561,06:14,34704,//i1.hdslb.com/bfs/archive/920741ab9b041f9b5e5ace8befd758133f0d18d7.jpg,1121867,3036,23:22:37,【神秘店长A】游戏中最触动人心的几个瞬间,6214
27315158,BV12s411N7g2,85013,9057,1532087188,2018/7/20,93759,05:36,126857,//i1.hdslb.com/bfs/archive/b583a63856b90b1a1138e6cc2155f3559c57fa19.jpg,9288751,9427,19:46:28,史上容量最大的游戏 300GB的游戏长什么样？,13214
26819895,BV1hs411J7Er,22867,1738,1531537802,2018/7/14,10958,05:36,25421,//i1.hdslb.com/bfs/archive/9845c12749056e2a7383f4cd03282c3c5d7c8bf3.jpg,1311346,1245,11:10:2,【神秘店长A】史上最难拿到的游戏成就 目前全球0人拥有！,2379
26283407,BV1Ms411p7tz,52411,4183,1530876809,2018/7/6,32003,06:03,49657,//i2.hdslb.com/bfs/archive/38acb150dde816e4b12d9a75b4610b4a0e0335d7.jpg,4069000,4905,19:33:29,游戏史上最难对付的BOSS 目前全球0人通关！,8463
25821630,BV1xs41157E8,18780,4452,1530274147,2018/6/29,22424,05:12,23183,//i0.hdslb.com/bfs/archive/a44387aa7c13bd3f35bff8c16d3b1c1cf4c70105.jpg,1652931,2102,20:9:7,史上画面最接近PC的手游,4009
25292763,BV19s411j73Q,38546,3367,1529668248,2018/6/22,41298,05:38,40118,//i0.hdslb.com/bfs/archive/390e934f6dc8745a4dace81dec03a7b21c31dd91.jpg,3410192,10141,19:50:48,史上画面最接近现实的游戏 玩一把显卡96度！,7955
24952507,BV11W411F7U4,15077,817,1529062010,2018/6/15,4853,05:16,19166,//i0.hdslb.com/bfs/archive/7ce4d86fd747e988af1adc6c26a55eaf3d59d160.png,618170,496,19:26:50,【神秘店长A】游戏史上最弱的角色居然是他？,2154
24557024,BV1MW411P7uc,28935,1116,1528458881,2018/6/8,7022,05:43,24398,//i0.hdslb.com/bfs/archive/652da4e712338a9a7c3977bd3a763c71bce08466.png,808792,1538,19:54:41,游戏史上价格最贵的游戏 一盒要6500万！,2216
24237900,BV1cW411N7t8,40676,6320,1527853209,2018/6/1,32046,05:17,46923,//i2.hdslb.com/bfs/archive/a798b2b3ed4070e55f27b9854007f283e7e1164c.png,3170024,4371,19:40:9,游戏史上地图最大的游戏 跑一圈要585亿年！,10350
