﻿aid,bvid,coin,comment,created,date,favorite,length,like,pic,play,share,time,title,video_review
201117180,BV1bz411e7zJ,6430,851,1592215494,2020/6/15,3284,06:32,14359,//i1.hdslb.com/bfs/archive/20ad37004d079eb912a1a9bbd15f1af0e5eb8a31.jpg,142530,1188,18:4:54,看见声音，你的耳朵几岁了,1717
498516633,BV1BK411p7Nb,11211,665,1592118026,2020/6/14,4616,12:32,27299,//i2.hdslb.com/bfs/archive/db3e2436f911b7e23ed987807f24b8f6845d653d.jpg,251358,1125,15:0:26,相机大战的幕后故事,1636
371067145,BV16Z4y1H7NG,203986,4164,1592031651,2020/6/13,79308,05:34,225110,//i0.hdslb.com/bfs/archive/67c3bbae0eec01a1783f35851649724cb4c408bd.jpg,1638598,24647,15:0:51,相 机 大 战,9738
328397859,BV1UA411q7KS,5314,413,1591927209,2020/6/12,3169,16:06,11998,//i1.hdslb.com/bfs/archive/97e114076f289cd6d93d246153a59883d6b67475.jpg,178649,2313,10:0:9,【影视飓风】一英寸的徕卡模块化运动相机？！Insta360 ONE R评测,1599
968416962,BV1Zp4y1S7i3,57216,2656,1591435800,2020/6/6,22809,25:22,71644,//i0.hdslb.com/bfs/archive/8bfdecb678dd04d43bff291923f6bc527f625da3.jpg,667326,12096,17:30:0,10分钟拍大片挑战！[LKs+影视飓风+十音+林海音],29873
540773074,BV1di4y1479u,16176,1865,1590930031,2020/5/31,10766,03:48,41672,//i2.hdslb.com/bfs/archive/a91ccf1d9462754064ebc40a6c86781281cdb469.jpg,647094,6687,21:0:31,《伙伴》——致我们尚未远去的童年！,2845
883362563,BV1fK4y1t7hj,11691,4272,1590663567,2020/5/28,20158,04:56,26360,//i1.hdslb.com/bfs/archive/7a6ed973e7bc8551091b149399e9d99aa736e9da.jpg,936304,7507,18:59:27,【4K 120FPS】你的设备顶得住吗？4K120帧技术演示片,8507
413273169,BV1xV411C7UF,8151,880,1590658223,2020/5/28,4530,11:09,15259,//i2.hdslb.com/bfs/archive/8e1c004d4b73e2bafc748492964e057ba8174acf.jpg,209343,1139,17:30:23,【4K 50FPS重制版】B站的帧率提升了！4K 120FPS！,1107
625789756,BV14t4y1C7Lf,21716,533,1590544831,2020/5/27,9060,09:56,36129,//i1.hdslb.com/bfs/archive/d802239e43c16af4539119cca2308e6ae0f7df06.jpg,339255,1035,10:0:31,【硬核科普】全“绿”的游戏 - 为什么用绿幕？,2672
413172939,BV1oV411k7uE,14427,679,1589940046,2020/5/20,4046,14:52,21480,//i2.hdslb.com/bfs/archive/9baf528c82433e34d85e9ccf86167ea2b1fd3211.jpg,232248,1135,10:0:46,【影视飓风】NETFLIX认证的首台微单？松下S1H评测,2129
840517636,BV1d54y1Q7r6,56552,1380,1588939785,2020/5/8,20200,06:56,91035,//i1.hdslb.com/bfs/archive/7ddb91bece7cfdaf54e1187c64925d780d98068b.jpg,814030,3154,20:9:45,【硬核科普】猫咪奔跑的秘密 - 时域采样,2933
497921476,BV1nK41157no,19029,632,1588230158,2020/4/30,10443,06:44,29965,//i0.hdslb.com/bfs/archive/abdae512223ac8cd886b278ce2dc940c6a00a331.jpg,311493,2158,15:2:38,【硬核科普】焦段是什么？,1791
370384611,BV1VZ4y147wF,4302,1007,1588127856,2020/4/29,1934,07:17,13298,//i1.hdslb.com/bfs/archive/3e8ad3521e301e818f316d93532df0f0de782286.jpg,277701,1743,10:37:36,【影视飓风】精准刀法下的优秀无人机？Mavic Air2上手体验,1977
840405669,BV1554y1R7Mm,15823,1059,1587866431,2020/4/26,5957,07:52,27030,//i0.hdslb.com/bfs/archive/852994bd65e5c9265fbb2b8e72ebe9d3bcb303f1.jpg,337012,2140,10:0:31,【影视飓风】4K之下的显微摄影,2078
412878419,BV1QV411R7d1,29249,5127,1587622978,2020/4/23,24895,11:09,62290,//i1.hdslb.com/bfs/archive/64e357e0db6cf8915d1ba9a40367ce55c6c9da59.jpg,1196850,10303,14:22:58,【影视飓风】4K演示片——B站的画质提升了！,11485
412892602,BV1RV411R79V,8738,1455,1587621619,2020/4/23,5917,03:40,14920,//i0.hdslb.com/bfs/archive/b7b057f21c6bad5e768de690ff7db2a0c5819e79.jpg,325140,2994,14:0:19,【影视飓风】B站也能看全景视频啦！,1399
625333645,BV1bt4y127dE,5236,875,1587471623,2020/4/21,5669,09:55,31616,//i2.hdslb.com/bfs/archive/0bb3874a3e73268e84209c1de08f2d8e55af977b.jpg,399264,726,20:20:23,400w粉情侣up主给你推荐奇怪的书籍【4·23世界读书日特辑】,2999
795276392,BV1FC4y1x7GJ,7912,554,1586859846,2020/4/14,7067,08:48,10152,//i1.hdslb.com/bfs/archive/7d0ab9aed7870af844e147d217f2baf276d7c9ff.jpg,118510,368,18:24:6,【干货】一小时上手达芬奇剪辑！第八集 秘传技,650
200221458,BV1Kz41187Pe,34325,1370,1586126403,2020/4/6,17731,15:08,44775,//i2.hdslb.com/bfs/archive/7e30633db9348d7659414700ee763096709a56b3.jpg,478622,4856,6:40:3,【影视飓风】B站画质第四的UP主是怎样做视频的?,10669
837577902,BV1kg4y1b75B,3535,1123,1585721128,2020/4/1,1323,02:59,14122,//i2.hdslb.com/bfs/archive/67f3a9d5113d0fe0577a557b67b015f650516d4d.jpg,222105,1184,14:5:28,我抛弃了RED，选择了它,1846
967500636,BV1Ep4y117KA,6774,429,1585713871,2020/4/1,6906,07:46,9346,//i2.hdslb.com/bfs/archive/59f1e543239f50b2e1c98b0b0b64240ca86f0fd1.jpg,90691,231,12:4:31,【干货】一小时上手达芬奇剪辑！第七集：快捷键,460
98054105,BV1kE411c7yZ,78001,1861,1584756429,2020/3/21,42649,10:15,94240,//i0.hdslb.com/bfs/archive/72166a2db094f0784a40ba5b925b260ee31f39cf.jpg,716595,7568,10:7:9,【硬核科普】奇妙的帧率增加了！,3571
96810120,BV1A7411Z7PU,8453,507,1584365952,2020/3/16,7849,07:26,11363,//i1.hdslb.com/bfs/archive/80844d50522c3ca84f2eb1d59040269fc815664f.jpg,119991,457,21:39:12,【干货】一小时上手达芬奇剪辑！第六集：软件交互与工程打包,685
95747416,BV1RE411V7Af,43540,1998,1584019717,2020/3/12,17814,13:31,46435,//i0.hdslb.com/bfs/archive/a803af529a034feec5128dd002b731e75f939af6.jpg,592648,9580,21:28:37,【4K 120FPS HDR】拍摄一部高帧率短片是什么体验？,15152
95477732,BV1GE411L7rT,9014,377,1583925246,2020/3/11,7726,08:20,10744,//i2.hdslb.com/bfs/archive/c170d64ad0afae0d3bd528c451d6f835f5b45762.jpg,102555,306,19:14:6,【干货】一小时上手达芬奇剪辑！第五集 关于变速的一切,500
94398039,BV1kE411u7cK,11099,469,1583578224,2020/3/7,8902,07:41,12789,//i0.hdslb.com/bfs/archive/600940345ff67f4e3278882280d0a78f68016090.jpg,126335,445,18:50:24,【干货】一小时上手达芬奇剪辑！第四集 快编界面,801
94188974,BV1VE411p7SD,5156,996,1583498580,2020/3/6,3765,04:56,11933,//i1.hdslb.com/bfs/archive/bdcb5481043e3da91d09962da7aa6c436f097e91.jpg,280230,2070,20:43:0,【4K 120FPS HDR】OPPO FINDX2屏幕技术演示片——The Origin,1305
93376351,BV1dE411x79b,11649,484,1583233249,2020/3/3,9269,06:35,13001,//i0.hdslb.com/bfs/archive/e805e167bc378ac3a1eed4b8505191981f3cb46e.jpg,133766,494,19:0:49,【干货】一小时上手达芬奇剪辑！第3.8集 智能媒体夹与双时间线剪辑,614
92202468,BV1W7411N7Nu,10907,545,1582855250,2020/2/28,9479,04:15,12366,//i2.hdslb.com/bfs/archive/8aa9ec891110e0d7f88c727a5ac788184aa84944.jpg,128544,506,10:0:50,【干货】一小时上手达芬奇剪辑！第3.5集：代理文件的生成,395
91919897,BV1m7411K72s,10920,1193,1582725642,2020/2/26,4290,09:37,20108,//i1.hdslb.com/bfs/archive/1203ecbaef2f10f9d540d603259b8c789fdf9951.jpg,392713,3523,22:0:42,【影视飓风】性价比最高的万元视频机？富士X-T4上手体验,2491
91200016,BV1s7411F7JV,23772,996,1582509654,2020/2/24,17574,09:21,22847,//i2.hdslb.com/bfs/archive/c9fa7971ad95ef638734a4ab3e5fe4f7dd0543d9.jpg,233809,1003,10:0:54,【干货】一小时上手达芬奇剪辑！第三集：添加效果与关键帧,1658
90223727,BV1b7411A75j,38869,1052,1582164355,2020/2/20,26190,09:03,33969,//i0.hdslb.com/bfs/archive/69361decf29091cb64656e804a2f4b8b5b9f7658.jpg,319826,1676,10:5:55,【干货】一小时上手达芬奇剪辑！第二集：剪辑面板,1494
90251619,BV1B7411A7M1,84252,1960,1582164016,2020/2/20,73389,08:14,73061,//i0.hdslb.com/bfs/archive/2098616e20a0b2a5687a87ab59dbfbb4d4adf986.jpg,772899,9468,10:0:16,【干货】一小时上手达芬奇剪辑！第一集：入门简介,2744
90173725,BV187411j7ab,86418,2795,1582115284,2020/2/19,31244,03:06,65180,//i2.hdslb.com/bfs/archive/7c6385b97c59631944baac3947697c867fff152e.jpg,367856,6611,20:28:4,【预告】一小时上手达芬奇！,5145
84897430,BV1s7411Y7Uo,4962,338,1579917600,2020/1/25,14,11:38,2511,//i2.hdslb.com/bfs/archive/45a229450286eeb53c2c78eb06f246a2ba55c6de.jpg,185898,221,10:0:0,【上升】把相机送出地球背后的故事,1000
84178790,BV1M7411v7uX,138076,5340,1579485599,2020/1/20,232,14:28,12640,//i2.hdslb.com/bfs/archive/766f1804cfce9fa47904f04ffe646d505becff7f.jpg,1792610,1554,9:59:59,升空30000米，我们把相机送出了地球,49305
83836061,BV1BJ411E7uM,5059,980,1579399200,2020/1/19,8,01:32,4640,//i1.hdslb.com/bfs/archive/f0bf6487aab51bb0a895fb77a813b9d9c4c43e17.jpg,242370,252,10:0:0,【影视飓风】预告：上升，带着所有人的梦想,711
82417169,BV1PJ41157h5,8009,890,1578373053,2020/1/7,6088,12:27,18457,//i0.hdslb.com/bfs/archive/79b2bcf3930276dd91819ea606ef3903879e6cdf.jpg,495455,6064,12:57:33,【RoomTour】在杭州4000元租到130平的房子，居然还有猫卧室？,2965
79617676,BV1DJ41167Nu,13084,1273,1576843215,2019/12/20,5419,29:57,19451,//i2.hdslb.com/bfs/archive/f84fa4a590d336b727232fb3f2ee249a2b6c2eb5.jpg,422834,1872,20:0:15,【WhiteTalk第一季】No.1“视频一定是5G的第一个爆点” 与影视飓风聊聊5G爆发前夜的未来影像,8323
79844733,BV1vJ411t7Yd,13855,971,1576749535,2019/12/19,7320,09:09,19126,//i1.hdslb.com/bfs/archive/6b4748dae733ad3d081886bf7e5261409f3c35e9.jpg,406549,3483,17:58:55,【影视飓风】2019年的最佳Vlog相机？佳能M6 II评测,2548
78946356,BV1ZJ411k7Qi,7663,303,1576120056,2019/12/12,2431,11:24,10849,//i2.hdslb.com/bfs/archive/7efd1eec75bbb1fbae3bb58812a7ba93a3358496.jpg,198427,1166,11:7:36,【影视飓风】GoProMax评测：全景相机的救赎,1220
78120578,BV1wJ411i7QH,12316,746,1575524852,2019/12/5,7523,26:05,27812,//i1.hdslb.com/bfs/archive/5bb0acd2ae1ccb3c5568bf01431a715d080b63ad.jpg,733232,1692,13:47:32,【Vlog】和UP主巨石强森线下面基,3823
77314169,BV1WJ41197p4,21917,818,1574929042,2019/11/28,7364,13:00,28384,//i1.hdslb.com/bfs/archive/3d8369fe5353fbec9268e8d031d4fa667b747141.jpg,492429,3696,16:17:22,【Vlog】S9总决赛之后的我们,3328
76820864,BV1eJ411972R,7470,642,1574563662,2019/11/24,3796,10:28,15499,//i2.hdslb.com/bfs/archive/0e5e0e62a25214fef461add0bcb1aa9f2c501fa2.jpg,360221,3057,10:47:42,【Vlog】在阿里巴巴达摩院工作是什么样的体验？,2455
76324932,BV1zJ41117r6,6703,308,1574215217,2019/11/20,10090,05:39,10069,//i0.hdslb.com/bfs/archive/f47eb696519f78a8e83bd1fc269753e495c4fab5.jpg,231865,2139,10:0:17,【影视飓风】#认识分镜#如何拍出脑海里的画面！,475
76040113,BV1kJ41127bp,5139,351,1574042421,2019/11/18,3521,11:07,7066,//i0.hdslb.com/bfs/archive/b1a24cbd5136131f981f6799101a9cdeb6e64808.jpg,142095,1163,10:0:21,【影视飓风】干货！成为广告导演，你将面对什么？,638
74851782,BV1fE411i7JX,8191,484,1573119567,2019/11/7,3141,21:25,11883,//i1.hdslb.com/bfs/archive/0f7d113062c85741091a24a7a59761f627a23894.jpg,243221,2026,17:39:27,影视飓风迄今为止最大规模制作——短片广告《高达工厂》幕后揭秘,1400
74178146,BV1zE41187nD,14517,682,1572617387,2019/11/1,5967,18:49,17172,//i0.hdslb.com/bfs/archive/3ba4f02e34651e83d127fe6b3fa2aefb65dab57d.jpg,223747,3458,22:9:47,【合作短片】认同感体系+幕后,1317
73908827,BV1fE411h7od,17099,915,1572440406,2019/10/30,5138,12:09,20651,//i1.hdslb.com/bfs/archive/f768d1420a22e02b5c7fc1e82e35fb4e2298c8a6.jpg,331396,5747,21:0:6,【影视飓风】Mavic Mini评测:会飞的手机?!,3184
73088431,BV1CE41127dr,61464,1302,1571796049,2019/10/23,35264,03:39,68707,//i0.hdslb.com/bfs/archive/dbb487c6e78ba6178fb0e5c2053dd0b056b0ba70.jpg,698048,6649,10:0:49,【物理特效】看见声音,1635
71419169,BV1WE411C7fq,8200,581,1571217922,2019/10/16,3079,15:35,11471,//i0.hdslb.com/bfs/archive/76ce1f2eb7da4ef855634f47f616ddb00ee99419.jpg,225334,2054,17:25:22,【Vlog】在费城的48小时┆守望先锋联赛总决赛┆iPhone11Pro视频功能测试,2769
69750500,BV1oE411D7Co,15172,2135,1569998514,2019/10/2,4948,11:31,20353,//i0.hdslb.com/bfs/archive/387613c3d83df1928a9e3671cd3b23d8fcbaafd8.jpg,451240,3999,14:41:54,【影视飓风】GoPro HERO8 Black评测：挑战在前方！,6643
69005136,BV1oJ411K73D,13647,820,1569460643,2019/9/26,5629,10:44,24011,//i1.hdslb.com/bfs/archive/09428bd311706c30e1ab029ca6ae474db9130587.jpg,472785,1719,9:17:23,【影视飓风】8600块的键盘，值得吗？,4354
68698001,BV1VJ411M74v,6089,933,1569200424,2019/9/23,3004,11:38,14807,//i0.hdslb.com/bfs/archive/7e819cf86dcad9096fd0ad5eaaa5d39db5a1a897.jpg,472660,1013,9:0:24,【影视飓风】我浪费了4万元买了这个破玩意-Edelkrone电控滑轨,2384
67479048,BV1rJ411P75o,11656,814,1568291083,2019/9/12,5342,10:47,16188,//i1.hdslb.com/bfs/archive/3853eb5eceff9f94d8a52a76f8e9b2f7bb0d3850.jpg,305188,1333,20:24:43,【影视飓风】2019年我的包里有什么？,2699
66703342,BV1L4411y7Z7,6501,587,1567675850,2019/9/5,2304,15:44,10635,//i2.hdslb.com/bfs/archive/e882ab5c878ba1e93d56e9db458c3dea114abe08.jpg,251348,1164,17:30:50,【影视飓风】8700元的卡片机，值得吗？,1674
65600106,BV1q4411B7rk,7363,721,1566901804,2019/8/27,2853,17:05,11265,//i2.hdslb.com/bfs/archive/e307f88c18cbee3d5adf4a33c3d9b5c0f6512b6d.jpg,334353,1788,18:30:4,【影视飓风】用六千元的手机和六千元的微单拍视频画质有什么区别？,3689
64145803,BV1w4411f7Q1,8235,722,1566042331,2019/8/17,3155,17:33,10558,//i2.hdslb.com/bfs/archive/2c0976debdb269fc748bce9c7d31257d428486da.jpg,312083,2488,19:45:31,【影视飓风】BMPCC6K评测：性能怪兽，问题仍在,2145
63634581,BV1w4411D7vg,7801,1040,1565750825,2019/8/14,5188,03:57,11573,//i0.hdslb.com/bfs/archive/61f4643317104fbe3e7f7e1d249d48ce16da48e3.jpg,311080,3337,10:47:5,【影视飓风】6K50FPS! BMPCC 6K实拍样片,1522
62681840,BV1Ft411N7T8,15731,840,1565213616,2019/8/8,5640,04:45,18964,//i1.hdslb.com/bfs/archive/5b0fc9939f3868a327b1f5dca42fe293f39834f8.jpg,304248,1589,5:33:36,【教程】20天，我们在工作室创造了微缩宇宙,1500
61425622,BV1Vt411c7dB,8239,1020,1564478818,2019/7/30,4786,16:58,14089,//i0.hdslb.com/bfs/archive/3660a4f3d6934dcbfc0c7bd796dbaf01d20dc2ce.jpg,478476,2623,17:26:58,【影视飓风】Tim在杭州2800元租到的公寓什么样？,6096
60750310,BV1et411j7Yk,5535,549,1564106420,2019/7/26,3919,02:18,14224,//i2.hdslb.com/bfs/archive/6d776a4b6c5c132bddbbe34d40f82275de7ff810.jpg,361901,729,10:0:20,【教程】我们在工作室创造了“毒液”,736
60005360,BV1ft411n7We,48492,1760,1563619601,2019/7/20,16014,16:07,47971,//i1.hdslb.com/bfs/archive/235b8f3e430cc144346fe517f9eb4d74bc0404d8.jpg,730576,5665,18:46:41,【影视飓风】我们伪造了一次登月,509
59669825,BV1ct41137Sm,5534,1654,1563426924,2019/7/18,2124,13:35,7589,//i0.hdslb.com/bfs/archive/086a2e577e80b9ab51915bbfab681bb2ee646937.jpg,211594,1354,13:15:24,【影视飓风】如影SC：正确方向的一小步,3717
57825534,BV1u4411A7G7,7828,618,1562232272,2019/7/4,3234,14:09,8928,//i1.hdslb.com/bfs/archive/8574d9f85332ed4f581971eca129748d363502a4.jpg,180987,1548,17:24:32,【影视飓风】用如影S一年之后，我们把它魔改成了这样,1481
57508725,BV1zx411X7hw,5968,734,1561997172,2019/7/2,3550,15:02,8418,//i2.hdslb.com/bfs/archive/a3a6133cd501492f2fb85e52593af3286ccdfb71.jpg,182453,1017,0:6:12,【影视飓风】想做UP上大学有意义吗？用这些钱买设备开频道会怎样？Feat.Kai W,1579
56828886,BV1Vx411Z79e,6788,902,1561473088,2019/6/25,3748,08:55,12794,//i0.hdslb.com/bfs/archive/8b83188da60235e4eb58989c50038fefc5deab4e.jpg,415575,833,22:31:28,【影视飓风】用10年前价值40万的电影机拍视频是什么体验？,1754
56392411,BV154411u74b,19482,807,1561167769,2019/6/22,13093,02:49,23070,//i2.hdslb.com/bfs/archive/d2d717b766a704702c1159e7d67e76324123eb59.jpg,317617,2398,9:42:49,【教程】用干冰做彗星？三个能用干冰实现的特殊效果,604
55569685,BV1c4411N7WG,41514,2401,1560512389,2019/6/14,64218,10:23,42517,//i0.hdslb.com/bfs/archive/5462825fef7d423ac36c8b60eed5c3dc9926f914.jpg,734853,2905,19:39:49,【教程】别只用网易云了！影视飓风音乐资源大公开,1331
54846733,BV1k4411K7sE,1961,422,1559911223,2019/6/7,1070,20:04,5499,//i2.hdslb.com/bfs/archive/82afbaf279744ec480cfe43b647e73b6a3e15db6.jpg,183856,417,20:40:23,小白测评新工作室大解密！feat.影视飓风 对谈“我的自媒体”,1509
54312929,BV154411n7Lb,4508,924,1559440813,2019/6/2,2110,10:01,8345,//i1.hdslb.com/bfs/archive/2e11051d515a13d299c78005859b3977055b9054.jpg,317355,1065,10:0:13,【影视飓风】使用一亿像素的中画幅相机拍视频是什么体验？,727
53769324,BV164411p7Rk,11616,1009,1558950491,2019/5/27,5785,72:37,12359,//i1.hdslb.com/bfs/archive/ecac8246b02f3d956f0af4a6997e68aa41f85b67.jpg,340798,1455,17:48:11,片长警告！十万粉丝特别节目【B站摄影UP主图鉴】彩蜂摄影中国行VLOG,5161
53467369,BV1y4411L71d,3527,940,1558705086,2019/5/24,907,05:26,8195,//i0.hdslb.com/bfs/archive/6762530c2155bf7229a8dbc5ac0666a530afbde9.jpg,272968,439,21:38:6,阿盛将离开影视飓风(不开玩笑),1533
53324796,BV134411L7TV,2003,397,1558584591,2019/5/23,752,09:52,4607,//i0.hdslb.com/bfs/archive/70d6a4692ec273de09aab10367a056c4153bc69f.jpg,143955,473,12:9:51,【Vlog】和粉丝挑战一天内学会Ollie |一加&VANS潮流快闪,1260
52579266,BV1L4411J7JW,32860,4074,1557934785,2019/5/15,16941,14:15,28063,//i0.hdslb.com/bfs/archive/6c35cf067a51537b812b656b6d0de8f102529199.jpg,527511,8883,23:39:45,【未来科技】Osmo Action灵眸运动相机：运动相机的一大步,7694
52342558,BV1B4411a74R,1473,308,1557726735,2019/5/13,1502,05:54,3136,//i2.hdslb.com/bfs/archive/30a52d308be326cc2233a9c819d73f89071828f8.jpg,152017,711,13:52:15,【影视飓风】这个无线麦克风改变了一切 | RØDE Wireless Go,779
52026056,BV1a4411Y7f2,1118,1016,1557484011,2019/5/10,554,09:17,2689,//i1.hdslb.com/bfs/archive/011277f2fe6edf0f5af1885a9e4d96791b0f35e2.jpg,169150,655,18:26:51,【未来科技】蔚来ES6体验：特斯拉Model3与奥迪S3车主的感想,981
51302429,BV1g441147nz,6459,6705,1556876418,2019/5/3,6328,06:20,8518,//i2.hdslb.com/bfs/archive/601621794101532de29ef85c3795654e0ce0cc46.jpg,303450,2663,17:40:18,【影视飓风】最值得入手的500元Vlog相机 | 要啥自行车系列—索尼NEX5R,937
50571086,BV1B4411h7ii,9942,499,1556290959,2019/4/26,4217,04:53,13454,//i2.hdslb.com/bfs/archive/eb928e7b674185ccd87bf8a74a4c79d452b92316.jpg,271477,746,23:2:39,【拯救废片计划】我们在工作室里做出了龙卷风！,885
50427188,BV1y441187TB,13348,565,1556193635,2019/4/25,28664,06:46,20536,//i1.hdslb.com/bfs/archive/27c12adf8f93f3729edc7049b5f1377c5e2e4725.jpg,480118,4108,20:0:35,Vlog拍摄技巧大揭秘：拍好你的第一个Vlog,1493
50275691,BV1Yb411G7nM,11036,687,1556031342,2019/4/23,10349,04:56,12220,//i2.hdslb.com/bfs/archive/3437b355e92fe68eeed545ec3830f1c5e283d955.jpg,191325,1273,22:55:42,【影视飓风】七个可以用身边物品实现的超级摄影技巧,797
49782346,BV1pb411L7g8,11418,829,1555651012,2019/4/19,5344,18:37,13140,//i2.hdslb.com/bfs/archive/50ef41d6845c67c92297cd2974b0432d7d660948.jpg,276028,2783,13:16:52,【Vlog】人生第一次坐直升飞机是一种什么体验？,3372
49016024,BV1vb411M7ry,977,3892,1554999150,2019/4/12,409,11:03,1902,//i0.hdslb.com/bfs/archive/cb342c9beb2427ce62e92c4b72240e0297332a58.jpg,80878,390,0:12:30,【影视飓风】2019NAB特辑 | 爱图仕、Libec、PGY、致迅、铁头、罗德、国造TERRA……第三日新品上手体验！,680
48845427,BV1yb411T7Xd,1057,217,1554833270,2019/4/10,343,10:47,1965,//i2.hdslb.com/bfs/archive/c47c92a9b00273569a39a322be2e5dca3c27018b.jpg,66910,308,2:7:50,【影视飓风】2019NAB特辑 | 第一日：夏普、Zcam、BMD、印迹、Atomos……在NAB展会上有趣的产品！,566
48388537,BV11b411g7hp,5183,1141,1554467874,2019/4/5,2928,11:56,9726,//i1.hdslb.com/bfs/archive/432cbe01daae62213932d8bfa6b4cbe4c5454a74.jpg,637722,3618,20:37:54,【未来科技】特斯拉Model3评测：性能，科技与遗憾,2855
47933942,BV1Yb411s7tL,2394,815,1554052716,2019/4/1,1306,02:49,5461,//i2.hdslb.com/bfs/archive/15b7ad2c60b6efd699b26e3d779bfb938e955cc8.jpg,232670,646,1:18:36,这一次我们将震惊B站——影视飓风全自动剪辑机发布,960
47818165,BV1Mb411s7xq,49007,3949,1553997642,2019/3/31,17647,04:45,34566,//i2.hdslb.com/bfs/archive/c12db847dbfd7bfe682f5b39dc1869d63ecdc686.jpg,552859,1889,10:0:42,【影视飓风】华为P30Pro VS 价值60万的电影机 RED MONSTRO 8K VV,2813
47062944,BV1Yb41177XN,8353,1268,1553307037,2019/3/23,7055,10:38,13692,//i0.hdslb.com/bfs/archive/8781bbb8fe0a3584c824b4ef890956e6dd7e34bb.jpg,598555,1514,10:10:37,【影视飓风】B站画质第二的UP主用什么摄影机拍视频？,1984
46281560,BV1zb411H7Fi,2303,341,1552617004,2019/3/15,799,05:13,3945,//i2.hdslb.com/bfs/archive/3613eb2aa763977a393c78c2050ed15488726319.jpg,176070,781,10:30:4,【未来科技】BOSE的音乐眼镜真的值1600元吗？BOSE FRAMES深度体验,737
45874982,BV1bb411i7yW,7294,1680,1552197221,2019/3/10,3327,11:00,9808,//i1.hdslb.com/bfs/archive/f276b0214a5a746dfc06e610c549d755d0c96b48.jpg,313893,600,13:53:41,【影视飓风】种草警告！看了就想买的六大科技产品,2818
45270902,BV1mb411B7wf,15486,226,1551664824,2019/3/4,9331,05:26,14197,//i1.hdslb.com/bfs/archive/024f1b756a47590a4475710de94ebce8bbba6aa5.jpg,163680,933,10:0:24,【影视飓风】快速提升你vlog的背景质感,505
44989900,BV1Lb411b76N,3812,361,1551407435,2019/3/1,1156,14:22,4993,//i2.hdslb.com/bfs/archive/57282cbb92090d5c2e109050ee6c41bd7552ea78.jpg,116484,548,10:30:35,【影视飓风】用爱发电就真的亏吗？在洛杉矶的第二个24小时 ¦ Vlog,1066
44438146,BV1Fb411a7Z7,4492,479,1550889644,2019/2/23,1265,15:28,6358,//i2.hdslb.com/bfs/archive/4cdd18a104bcab95d323453ac83bf0122c18d6ec.jpg,129487,528,10:40:44,#Vlog#在洛杉矶的24小时,1834
43072399,BV1gb411S7xw,2925,928,1549767104,2019/2/10,2817,07:07,5163,//i2.hdslb.com/bfs/archive/a8c745a98c9e19b3052fa0c7a20f89fc6a74c522.jpg,254134,1650,10:51:44,2000预算电脑极限挑战20万电影机素材 Feat.极客湾,1428
42372204,BV1Xb411k7QL,10530,380,1549072839,2019/2/2,8013,08:25,10935,//i0.hdslb.com/bfs/archive/962c8f2ed7ce42525327b68686eb69b17e4a9ada.jpg,162929,805,10:0:39,给想做UP主的你三个建议,1137
41812312,BV13t411t7P6,128846,5411,1548551558,2019/1/27,49285,21:33,106567,//i2.hdslb.com/bfs/archive/250aaaf8052e7283a19f22437c2e294c52e3e9e2.jpg,1274845,12584,9:12:38,二十万粉丝的频道收入有多少？自媒体商业模式大揭秘,20579
40845170,BV13t411p71N,4511,867,1547596935,2019/1/16,1127,06:33,4452,//i1.hdslb.com/bfs/archive/7084384ddc74639846a8bfeca55717d33690d482.jpg,173509,895,8:2:15,过了十年佳能居然毫无进步？5D2 VS EOSR,1290
40579235,BV1Yt411W7nr,2212,244,1547300206,2019/1/12,1913,04:06,2789,//i0.hdslb.com/bfs/archive/57e98f104f0c8726079c729da6aa1e5c13dbbe2e.jpg,97637,463,21:36:46,获得最佳俯拍视角的三个技巧,404
39936127,BV1tt411x7ud,6748,357,1546655445,2019/1/5,8009,05:51,6584,//i0.hdslb.com/bfs/archive/b535eeb43561b9c1d5c0834a9e59f82780889a4e.jpg,184459,1263,10:30:45,能让你变好看的5个低成本布光技巧,644
39270605,BV1Ft411k71K,3451,727,1546042053,2018/12/29,1815,11:11,5059,//i1.hdslb.com/bfs/archive/374bc394a14212a0a52d41fb2cd54e2625e70d60.jpg,267019,1075,8:7:33,【未来科技】未来的视频创作利器？iPad Pro评测,1350
39016044,BV1Vt411C7XH,1447,230,1545749189,2018/12/25,886,21:12,1774,//i0.hdslb.com/bfs/archive/9034efdece9a7680780dab42277ceedc1abe88a3.jpg,89021,1066,22:46:29,全杭州最有钱的器材租赁公司|佳能EOSR Vlog初体验,879
38728745,BV1rt411Y7o1,1912,436,1545454934,2018/12/22,1201,10:32,2483,//i1.hdslb.com/bfs/archive/a80482f0f2c4fc53ef4bb0584fb9a0c7dc934916.jpg,130696,1689,13:2:14,谁是口袋VLOG最强机——OSMO POCKET VS GoPro7,946
38122238,BV1Mt411i7vk,3160,310,1544774698,2018/12/14,3029,10:33,3512,//i2.hdslb.com/bfs/archive/3076bfcd510f6e321f24127426303e87cc97fc5e.jpg,170254,726,16:4:58,【影视飓风的镜头库】我们是用什么镜头拍视频的？,745
37680394,BV1St411S7M7,776,309,1544251706,2018/12/8,444,09:08,1629,//i2.hdslb.com/bfs/archive/689da8f34bff9aa411593bf94185bdf52de557a3.jpg,170011,386,14:48:26,14000元的失败手机——RED HYDROGEN ONE,757
36732665,BV1Ft41197qC,1467,543,1543131902,2018/11/25,1371,07:51,2119,//i2.hdslb.com/bfs/archive/41e999bb3877f044ccc8c44829d4b7a9acca5071.jpg,221845,1631,15:45:2,万元内最值得购买的APSC视频微单|富士XT3 fujifilm XT3,768
36093457,BV1Gt411m7qE,2752,1049,1542373328,2018/11/16,4771,10:43,5181,//i0.hdslb.com/bfs/archive/e506ff7f82fc387158fb754fd7bb15b52057e3ab.jpg,293897,1650,21:2:8,达芬奇还是PR，剪辑软件哪家香,1712
35635492,BV1Db411c7ri,1212,325,1541777342,2018/11/9,1576,06:05,1824,//i1.hdslb.com/bfs/archive/bdaaa465c86d611be65fb56850dedb2de625a028.jpg,147830,1287,23:29:2,Z CAM E2一台能带你赚钱的业务机,613
35065451,BV1xb411P7Uz,5101,436,1541068233,2018/11/1,2283,14:09,4398,//i1.hdslb.com/bfs/archive/353dc4e90f6e1c69c12e8d52b9dfac9278d51b23.jpg,111499,1861,18:30:33,#Vlog#用照片讲述香港夜晚的故事,1359
34900920,BV1ib411A7te,2187,410,1540832637,2018/10/30,1475,08:55,2387,//i0.hdslb.com/bfs/archive/5d08256f192ff14288d561801fc049a924de0d76.jpg,149693,1598,1:3:57,使用BMPCC4K一个月之后,546
34121803,BV1dt411d7AC,2209,350,1539914404,2018/10/19,1118,07:30,2246,//i0.hdslb.com/bfs/archive/cf44ad39886a7a77cdbaf759edb9f253cbc01752.jpg,143431,1017,10:0:4,找不出缺点的Mavic 2 Pro,593
33641557,BV16t411f7Qz,4851,417,1539274878,2018/10/12,2000,10:20,4110,//i2.hdslb.com/bfs/archive/890345c9222b24b2498a297a7030e9005dc0ca46.jpg,142234,2125,0:21:18,我们为B站拍了宣传片——BLG主题曲《新战场》幕后,679
32115821,BV1gW411r7TM,865,325,1537460259,2018/9/21,838,05:09,1179,//i1.hdslb.com/bfs/archive/5256078236a4cd3a7d47053e92e801d4e80099bd.jpg,133257,798,0:17:39,买得起的电影机——BMPCC4K上手,544
31670601,BV1TW411y7Ym,1140,294,1536868988,2018/9/14,812,08:00,1434,//i2.hdslb.com/bfs/archive/dbf7e9dfdec36febbfd3d204aad6558b86482616.jpg,153210,897,4:3:8,能放进口袋的性能怪兽——索尼RX100VI 黑卡6,913
31298445,BV1UW411d79E,964,284,1536368419,2018/9/8,477,05:00,1159,//i2.hdslb.com/bfs/archive/4f2d5f6d5eafb888aec87a73f8fbd2d94a83a111.jpg,118680,664,9:0:19,腹肌南波湾？富士X-T3上手,356
30681855,BV1cW411f7w9,3254,532,1535598872,2018/8/30,1126,13:39,2782,//i0.hdslb.com/bfs/archive/9e3e3460854473e4250219a2431952f6a18e0ef0.jpg,114965,987,11:14:32,进来进来~看看我们的全新工作室,1341
29270929,BV1ds411T7F4,11195,618,1534169368,2018/8/13,9679,06:40,9229,//i0.hdslb.com/bfs/archive/08606ba1860d5363a86fffd34cc16d5eaea5af31.jpg,201580,2547,22:9:28,422，420，10bit，8bit？这些究竟是什么,758
28459265,BV1zs41137qv,869,217,1533311612,2018/8/3,1433,05:30,1436,//i0.hdslb.com/bfs/archive/d1542ea8f06cc851ae7220f641a3a1bd6449dfe3.jpg,109929,462,23:53:32,收音？我为什么选择用录机,443
27920173,BV16s411A7mp,7304,604,1532750779,2018/7/28,3684,14:43,6806,//i2.hdslb.com/bfs/archive/165cc01b3fe0903ca58001c8f01b83b683670f48.jpg,169874,2259,12:6:19,#VLOG#永远是学生,1622
27328231,BV1Ss411N7tp,1346,328,1532096349,2018/7/20,3073,04:25,2564,//i1.hdslb.com/bfs/archive/2ab0efb235d790c30ca45107daf0a2335ec2c572.jpg,164389,981,22:19:9,三分钟学会挑选麦克风,448
26560753,BV1ks411n7XZ,3297,624,1531224248,2018/7/10,1231,08:43,2720,//i1.hdslb.com/bfs/archive/3137ae46c577de9a91deb6c909440103f8505330.jpg,115309,1958,20:4:8,#VLOG#3000公里的惊喜,1351
25783076,BV1ws41157f8,10262,838,1530223334,2018/6/29,15918,06:32,9493,//i0.hdslb.com/bfs/archive/7bf6c39ce1d5a39223cb4227e59d1637490171ba.jpg,269336,2853,6:2:14,高画质的背后——视频的封装与编码,1094
25394186,BV1ss41177ty,2639,452,1529673565,2018/6/22,6414,10:24,4412,//i2.hdslb.com/bfs/archive/3a08403c40bbeaa0bbca3b13259baabd83b458d2.jpg,208426,1243,21:19:25,零成本提高你的人声收音质量,903
25217984,BV1hs411j7vU,1458,464,1529412264,2018/6/19,706,17:32,1154,//i1.hdslb.com/bfs/archive/479d47a83bded163dbcd341793d3d1d4a55155d6.jpg,101380,963,20:44:24,是数码也是胶片， 是创新亦是经典——富士XH1评测,1047
24614345,BV1xW411P73F,1633,643,1528555164,2018/6/9,2595,05:52,2505,//i1.hdslb.com/bfs/archive/3d4f67cf62f488bf6ec8c5b385129965999625f3.jpg,251381,1342,22:39:24,用垃圾桶里捡来的400元相机拍出了电影感,910
24380819,BV1VW411A7mY,2409,321,1528119384,2018/6/4,358,05:36,805,//i0.hdslb.com/bfs/archive/b539dd088b254524922d56fb6ba9bd11d8641459.jpg,79289,610,21:36:24,拿到DJI RONIN-S 的第一天,305
24147800,BV1YW411P768,2729,884,1527677407,2018/5/30,1414,08:07,1905,//i0.hdslb.com/bfs/archive/bc755882eeb3931673743d4f929a54b8aa5d7f17.jpg,164166,1436,18:50:7,iPhone X VS 200000RMB+的电影机RED GEMINI 5K,1536
23665597,BV1Qp411d7Cg,1807,422,1526753224,2018/5/20,506,12:12,1741,//i0.hdslb.com/bfs/archive/4e8dd0b04aeb4dcca04751cd787fe2a8cd1abb0c.jpg,118244,644,2:7:4,爷爷！你关注的频道带着RED回归啦！,1206
22853655,BV1hW41137Wd,414,226,1525194053,2018/5/2,224,05:52,433,//i1.hdslb.com/bfs/archive/6f2dd58230bf7a80bfa5510370a514fa148486a0.jpg,59245,390,1:0:53,#外卖伴侣#佳能M50和奔驰C63,341
22547215,BV1BW411G7gG,3255,506,1524629387,2018/4/25,579,10:28,1536,//i1.hdslb.com/bfs/archive/d16cba0e933433f42397ad6e99df1ea9496ee672.jpg,69947,459,12:9:47,全新的开始,754
22097033,BV1rW411L7Hr,150,103,1523720193,2018/4/14,91,04:11,157,//i1.hdslb.com/bfs/archive/bc31fb8c6b29ae4294547b6e4b0bc3230ed3d70b.jpg,25339,178,23:36:33,#2018NAB特辑#Kinefinity新款6K摄影机——MAVO,151
22017590,BV1PW411T7yW,192,130,1523581789,2018/4/13,95,02:53,161,//i1.hdslb.com/bfs/archive/4adfeb0f6cf4014feecdbea55f70ea2754c55ee2.jpg,37852,198,9:9:49,#2018NAB特辑#智云快别秀了，我买，我买还不行吗,175
22017360,BV1PW411T7B7,82,40,1523580955,2018/4/13,37,02:55,80,//i2.hdslb.com/bfs/archive/191405faccc20cdc1c1f2d437814b52aaaff7c4a.jpg,14552,105,8:55:55,#2018NAB特辑#印迹的诸多更新——易用性全面提升,38
22017197,BV1PW411T7Yh,76,30,1523580285,2018/4/13,52,03:32,81,//i0.hdslb.com/bfs/archive/f01a914fa8a26f3d6266c3b1c691b7ca32a5ef8a.jpg,13288,93,8:44:45,#2018NAB特辑#音频设备的新生力量——Deity,51
21997571,BV1TW411T7ds,129,36,1523532689,2018/4/12,33,06:40,101,//i2.hdslb.com/bfs/archive/1c7b44afd814af7b1bd14ace8ca0b571265caf41.jpg,12797,105,19:31:29,#2018NAB特辑#什么！采集光线还能重新映射！爱图仕的新科技,107
21997328,BV1MW411T7tN,83,57,1523531925,2018/4/12,41,02:51,99,//i1.hdslb.com/bfs/archive/71ed2ecf3bbaf5eeb32b0fed2d620437c10750be.jpg,17451,82,19:18:45,#2018NAB特辑#用体感控制如影2——大疆的新配件,91
21994903,BV1KW411T74M,48,47,1523527160,2018/4/12,68,01:33,108,//i0.hdslb.com/bfs/archive/26e99031c74d98e830280038b104caa65463d69b.jpg,17277,68,17:59:20,#2018NAB特辑#可以光速架设的三脚架——Sachtler flowtech75,72
21994638,BV1KW411T7HX,76,64,1523526851,2018/4/12,149,03:59,128,//i0.hdslb.com/bfs/archive/c4fdb02b8cd77068ac21eff340e2fafb4cc60192.jpg,24547,73,17:54:11,#2018NAB特辑#价格亲民的优质监视器——富威德众产品亮相,98
21993769,BV1KW411T7mz,108,72,1523525588,2018/4/12,79,03:22,175,//i1.hdslb.com/bfs/archive/f830d7fdfb60eedf7e9887f0e85793fcdd292706.jpg,28344,108,17:33:8,#2018NAB特辑#垂涎已久的RED GEMINI 5K！,133
21973251,BV1SW411K7ZM,89,70,1523473150,2018/4/12,104,01:50,140,//i1.hdslb.com/bfs/archive/da9c9c8d9da6d9b14ec558e011e2b9ce7eba8c56.jpg,21186,95,2:59:10,Preston Systems的超级跟焦系统,96
21972598,BV1DW411K7Jt,79,45,1523471528,2018/4/12,78,03:09,116,//i1.hdslb.com/bfs/archive/46db6ebf897ede450bb5685e948161c841a554e2.jpg,21611,48,2:32:8,Spiritlab的超强解析力电影镜头,83
21952381,BV1yW411K7Ez,110,54,1523439126,2018/4/11,65,03:28,118,//i2.hdslb.com/bfs/archive/6073fb4287f35bd03ab88aa979d54febdb696f5c.jpg,13797,57,17:32:6,#2018NAB特辑#铁头的模块化套件和跟焦系统,76
21942667,BV1kW411K7F1,132,104,1523421962,2018/4/11,92,03:27,120,//i1.hdslb.com/bfs/archive/a32072c5281c2b0abcc031fdb3abe15a0d6f1a72.jpg,17192,85,12:46:2,#2018NAB特辑#支持ProRes Raw录制的精巧监视记录仪——Atomos Ninja V,115
21941729,BV1zW411K7Qm,97,71,1523418861,2018/4/11,66,02:58,109,//i2.hdslb.com/bfs/archive/5b3e10131a71345d539de21c2cccc7515748d392.jpg,16536,62,11:54:21,#2018NAB特辑#Syrp魔法地毯滑轨——难以用语言形容的顺滑,112
21916695,BV1aW411K7ag,125,71,1523357751,2018/4/10,52,02:50,136,//i1.hdslb.com/bfs/archive/b5b5d479bdc6a80af9e2d5fb0af7331316f9273f.jpg,13975,64,18:55:51,#2018NAB特辑#颠覆传统电控系统——Edelkrone的两款新产品,89
21913444,BV1hW411K7ae,135,65,1523352766,2018/4/10,67,02:34,145,//i2.hdslb.com/bfs/archive/808842ae7174cdfb2150358bff8a0d396a8d71e2.jpg,16236,54,17:32:46,#2018NAB特辑#全新SmallHD FOCUS——改变行业的三款小监视器,85
21912666,BV1hW411K77L,298,202,1523351703,2018/4/10,189,03:39,244,//i1.hdslb.com/bfs/archive/024ceb486d6d15061b38f1ef5932ff06c571eaf6.jpg,49975,296,17:15:3,#2018NAB特辑#新一代神机——BMPCC 4K上手体验,199
21739488,BV18W411M7Yo,740,278,1523010374,2018/4/6,66,02:43,511,//i0.hdslb.com/bfs/archive/d02749931b6dcc7d183cc14e9cde5fb9ac635e30.jpg,36482,53,18:26:14,一个更新,249
21413367,BV18W411u75n,826,227,1522402511,2018/3/30,658,10:55,837,//i0.hdslb.com/bfs/archive/9dc7367ba4fdd18e9049a5e0ef55d209cbea3adf.jpg,98466,402,17:35:11,#VLOG#原来女生坐性能车真的会尖叫,779
21199840,BV1dW411g787,412,129,1521944102,2018/3/25,138,05:26,247,//i1.hdslb.com/bfs/archive/4266d027283d1b9b2506380bccdb601e65c73a42.jpg,29038,72,10:15:2,多用的HDR录机——Atomos Sumo19,176
21014948,BV1uW411g7E6,277,140,1521545954,2018/3/20,173,03:39,274,//i0.hdslb.com/bfs/archive/1cb7ec41ac890356f8a055bd0f74d6f85233dda3.jpg,40166,111,19:39:14,小身材，大能“亮”,165
20559729,BV1oW411W7yr,2195,216,1520595725,2018/3/9,6857,05:45,3360,//i2.hdslb.com/bfs/archive/0643b209fdc746ff2c6e4f4f9f621c4b1e38e65d.jpg,199580,1339,19:42:5,一学就会的曝光基础,693
20450727,BV1pW411W7KF,8528,351,1520343011,2018/3/6,19155,05:41,5350,//i1.hdslb.com/bfs/archive/15368b95d00418307ee8f6b91cf605edd10377a0.jpg,178474,1867,21:30:11,超级转场的核心——变速,493
20076106,BV16W41147oa,1056,500,1519621216,2018/2/26,1107,04:36,2030,//i1.hdslb.com/bfs/archive/03f53f6d6217346e55105c8935da3879285553da.jpg,241147,1312,13:0:16,令你失望的最佳Vlog相机——佳能M50,641
20053103,BV1aW411479j,523,218,1519570384,2018/2/25,345,07:15,456,//i0.hdslb.com/bfs/archive/88f6aebcb1f36da70891293fd911f2fbd10c8d9a.jpg,66834,307,22:53:4,最好的消费级无人机——Mavic Air,331
19969679,BV1EW41147cE,1226,264,1519406492,2018/2/24,429,10:50,749,//i1.hdslb.com/bfs/archive/58ec40ee83b387aaf586583c3bb7200b203b009c.jpg,47474,304,1:21:32,新年,627
19398232,BV18W411n7H8,287,178,1518240811,2018/2/10,110,05:53,203,//i2.hdslb.com/bfs/archive/bfd5818cc9fba4b20c73ec0b8c79b8049aac580b.jpg,32022,102,13:33:31,听说冬奥会开幕了 feat.RX0,283
19371497,BV1YW411n7E5,1484,303,1518185185,2018/2/9,861,05:32,710,//i2.hdslb.com/bfs/archive/dc95f2c765551f24a918a2345836f2a398d9e615.jpg,39752,252,22:6:25,不只是延时利器——Syrp Genie Mini,462
19092065,BV1zW411H7wd,318,127,1517657011,2018/2/3,138,10:36,349,//i2.hdslb.com/bfs/archive/6ef6f9f8dde00d3a6ea753df0bd1e1f2b60c24be.jpg,60821,75,19:23:31,#VLOG#阿盛逐梦演艺圈,689
19036741,BV1nW411H7p4,1795,917,1517551424,2018/2/2,2440,04:32,983,//i1.hdslb.com/bfs/archive/88d7dc6c9af43fda04628d70fca85be68a0741b1.jpg,133750,1355,14:3:44,B站高码率&HFR画质测试(使用B站大会员可观看1080P 60FPS 6Mbps）,949
18801773,BV1vW411e7WY,941,214,1517051659,2018/1/27,390,07:11,603,//i0.hdslb.com/bfs/archive/fcc464266f340be09e5c1a25498ec2b6b6379fa4.jpg,70063,279,19:14:19,天空之眼——Inspire2 ＆ X7,363
18747023,BV14W411e7iz,3875,512,1516944536,2018/1/26,21980,04:59,4552,//i2.hdslb.com/bfs/archive/867b9302e359e7a3d252faf7357062cfd6eb884f.jpg,247754,764,13:28:56,PR和AE的无缝衔接大法,678
18487056,BV1SW411v7t2,4684,301,1516360331,2018/1/19,2480,12:58,3913,//i0.hdslb.com/bfs/archive/0bd2cc3eac4d0a90f09159eeb7163a8c41048654.jpg,196650,1561,19:12:11,我们是这样拍出LPL宣传片的,938
18369681,BV1wW411v7Yw,1493,391,1516088097,2018/1/16,1088,02:33,1233,//i0.hdslb.com/bfs/archive/d113a83959d685b04cfed2a39e583f632af58953.jpg,119709,1664,15:34:57,你从未见过的英雄联盟,413
17564492,BV1sW411t7ox,689,203,1514079155,2017/12/24,191,14:42,414,//i0.hdslb.com/bfs/archive/a6bb5e83c5b037dc3962224a24177450a4134db6.jpg,48199,131,9:32:35,#VLOG#你有一份来自Tim的圣诞礼物，点击拆开,552
17052545,BV1gW411h7xr,746,196,1512713961,2017/12/8,438,14:25,312,//i1.hdslb.com/bfs/archive/2a275c82d87db9c52fb9aa20e6a8a551ba5f015b.jpg,44362,442,14:19:21,#VLOG#Tim的48小时,659
16759170,BV11x41157WX,1776,204,1511881958,2017/11/28,5702,04:14,2125,//i0.hdslb.com/bfs/archive/7382a69d3b1bbbd10fea31ef8a65b930bb5bf990.jpg,158789,929,23:12:38,完美曝光的秘诀,390
16698360,BV1jx41157a8,1290,301,1511705137,2017/11/26,1202,07:58,733,//i0.hdslb.com/bfs/archive/a11ab69981f62a014a1ad3a2d13a6e0ef33f96dc.jpg,71183,1165,22:5:37,GoPro——超乎你想象的“6”,327
16442425,BV16x411L7wg,384,156,1510995988,2017/11/18,387,03:37,283,//i2.hdslb.com/bfs/archive/ba83d11e3c93a2bf884b6c663474e20143414add.jpg,54453,295,17:6:28,半画幅镜头脱了裤子看着一边的全幅机,169
16301364,BV1Nx411L7qy,456,119,1510578731,2017/11/13,201,03:58,197,//i0.hdslb.com/bfs/archive/75149bc046bcefebf5b66b3af365d765724f5c15.jpg,50198,100,21:12:11,身高两米看世界是什么感受,181
15983589,BV1rx411E7Dq,500,124,1509710961,2017/11/3,147,04:51,222,//i0.hdslb.com/bfs/archive/a762aa7d8bd6ae2c33b4ca022c3e230a4186183c.jpg,37374,102,20:9:21,她微微一笑，飞上了天,267
15961411,BV1Cx411E75q,235,102,1509641785,2017/11/3,69,03:53,119,//i2.hdslb.com/bfs/archive/bb040204e0e5ede626b9782766ef37126497ead6.jpg,28172,67,0:56:25,如果有来生，我想安静的做一只星云稳定器，45°仰望星空,122
15909085,BV1Ex411E7r5,394,203,1509470207,2017/11/1,624,12:37,1709,//i1.hdslb.com/bfs/archive/54dab465e5fb38d803f8ddd3045f2999c1284d29.jpg,182658,232,1:16:47,让Tim脸红的她是......,791
15853745,BV1cx411E7AZ,443,186,1509300615,2017/10/30,311,05:50,305,//i2.hdslb.com/bfs/archive/b38633d310626f6d67eb516f425ce7cb993740a7.jpg,73363,253,2:10:15,关于A7R3你不知道的事儿,215
15505588,BV1Jx411M7yR,1172,871,1508312789,2017/10/18,1406,08:54,713,//i1.hdslb.com/bfs/archive/cb86111d593bb94206a28f7a62ab6547e812e2fc.jpg,97736,1896,15:46:29,放入口袋的4k摄影机——IPhone 8 Plus评测,550
15249431,BV1Cx411u7ym,842,292,1507553672,2017/10/9,359,06:20,749,//i1.hdslb.com/bfs/archive/d05be9c47d16e8780c142ab96e6ba570f565b912.jpg,78098,288,20:54:32,还是电动的舒服啊,686
15147874,BV19x41137pB,452,127,1507310301,2017/10/7,190,08:28,170,//i0.hdslb.com/bfs/archive/ccc308c2671621aca0653bea0883488957868ade.jpg,33167,208,1:18:21,朋友圈的装B利器,246
15112410,BV1rx41137aJ,434,165,1507216497,2017/10/5,115,06:07,179,//i0.hdslb.com/bfs/archive/137ca0e4b8f5831d1833f36331d31a12f9924026.jpg,28898,94,23:14:57,它让你的Gopro能上天,312
14932130,BV17x411V7Ke,412,172,1506776176,2017/9/30,57,03:06,144,//i1.hdslb.com/bfs/archive/4072fddad1aa7c3b7eab9bdca542d1521611e00f.jpg,29049,55,20:56:16,#飓风简评#手拿六千八，国庆怎么花,222
14781739,BV16x411G7ip,616,162,1506311353,2017/9/25,371,02:53,273,//i2.hdslb.com/bfs/archive/ed9267f4cecdaaefa693153ab7e9f680f4edabe7.jpg,40120,210,11:49:13,三分钟短评RODE Video Mic Pro+,174
14533840,BV1rx411s7aH,373,258,1505595251,2017/9/17,43,05:26,107,//i2.hdslb.com/bfs/archive/3376c9acee387b1eae36e82c57a6a5be1c3e8abb.jpg,19802,43,4:54:11,听听大家的意见,353
14402950,BV1kx41147h2,698,320,1505221210,2017/9/12,624,07:44,433,//i1.hdslb.com/bfs/archive/e310840a46bcd6b6a6de5745ef86e0e434984143.jpg,106747,688,21:0:10,小身材 大能量 索尼RX100V AKA黑卡5,622
14376256,BV1Yx41147s3,2331,341,1505135726,2017/9/11,1349,13:40,582,//i0.hdslb.com/bfs/archive/e96fa58cfc31a2abb4c5cf2a7432b8d5f8bd48f2.jpg,69745,1477,21:15:26,用画质触动你——大概是“我”存在的意义,563
14087090,BV1mx411t7NT,255,172,1504323260,2017/9/2,102,11:57,87,//i2.hdslb.com/bfs/archive/c1c759d634388466248a0ca9787ea5e20e39800f.jpg,33329,89,11:34:20,#Vlog#BIRTV之行，都是GH5的锅,528
13366250,BV1Wx411H7Rt,227,161,1502729573,2017/8/15,109,01:29,107,//i1.hdslb.com/bfs/archive/20fd617ed8e2538d2a59a00588c929757fa05735.jpg,38078,215,0:52:53,飓风灯1号,216
13224873,BV1zx411n7kY,390,259,1502454610,2017/8/11,429,06:02,178,//i1.hdslb.com/bfs/archive/4c9a041690a48947a53849c7626501d385fb158e.jpg,66078,308,20:30:10,三千不到，魔爪Air值得入手吗,288
12881516,BV1yx411H7zo,1031,286,1501686731,2017/8/2,513,13:09,795,//i1.hdslb.com/bfs/archive/10c22d05770ab2bc58c31fbc0a02d83e42ec3848.png,98745,249,23:12:11,重庆与TESTV,1070
12712537,BV1sx411W7MC,909,447,1501309949,2017/7/29,2155,08:55,1171,//i2.hdslb.com/bfs/archive/0ee3a1833772c6e53270ae55b49691f0264d53b6.jpg,188008,1171,14:32:29,还要啥自行车？最适合初学者的视频相机！,784
12589812,BV1ox411p7JB,538,172,1501025748,2017/7/26,642,06:53,443,//i1.hdslb.com/bfs/archive/31502aa7a3acd0a3ac3e4b3cc681abc4d5e3cf86.png,94505,205,7:35:48,电影镜头真的好吗？,444
12378577,BV1ux411i7jh,344,149,1500506994,2017/7/20,216,15:23,169,//i0.hdslb.com/bfs/archive/cfd4895cb6118cb7cd425bac4527413e08916e1b.png,42792,237,7:29:54,8K RED与秘密产品,722
12147892,BV1qx411q71o,215,126,1499894663,2017/7/13,53,12:03,49,//i0.hdslb.com/bfs/archive/4398e49952593241a489da3f00d66d725f2c3356.jpg,14716,45,5:24:23,迷你见面会与三七幕后,225
12098182,BV1Yx411q7nB,329,87,1499760207,2017/7/11,980,06:04,390,//i2.hdslb.com/bfs/archive/ea9c37ff519a1b00314a4ef915737ab823a37454.jpg,75969,179,16:3:27,最佳的Vlog麦克风？,190
11902493,BV1Vx411z7b4,329,89,1499228230,2017/7/5,97,03:47,107,//i0.hdslb.com/bfs/archive/d47c22bfb38641efa4cacac79b9387881501077e.jpg,27604,114,12:17:10,第10届三七短片汇3710-446号作品《袭》,173
11714634,BV1Ux41167YV,299,141,1498685316,2017/6/29,67,14:48,102,//i1.hdslb.com/bfs/archive/901c50ad9cc539bea66a683501626d6c2cbbef57.jpg,24666,51,5:28:36,短片大赛与桃子,483
11518717,BV1yx411h76P,258,71,1498072302,2017/6/22,73,07:11,77,//i2.hdslb.com/bfs/archive/74f811829effc1109bc27f4a983b246670e35a6b.jpg,18391,61,3:11:42,也许你会想要这盏不可破坏的灯,79
11285907,BV1kx41187Bg,277,253,1497303900,2017/6/13,54,12:01,119,//i1.hdslb.com/bfs/archive/924e02e2f0bf00046983343025c82c1f5df2f700.jpg,22554,60,5:45:0,问你一个问题,510
11109063,BV18x411a785,320,98,1496720639,2017/6/6,162,09:36,111,//i0.hdslb.com/bfs/archive/f0b7b5644278f4f1e35afb284e07e2a48b84eb7d.jpg,31230,184,11:43:59,飓风评测：Ursa Mini Pro,173
10970700,BV17x411e7oN,294,81,1496224808,2017/5/31,197,06:10,148,//i0.hdslb.com/bfs/archive/f464733224dec14840aab46acea6e9b540058fd8.jpg,47559,138,18:0:8,C200首测，佳能C系的新成员,190
10868779,BV12x411Y7Pq,304,100,1495898897,2017/5/27,90,04:49,93,//i0.hdslb.com/bfs/archive/c07a1712c1f674034f37ba4db0987778d07df013.jpg,29922,155,23:28:17,大疆Spark（晓）实机体验,130
10751882,BV1Jx411Y7px,378,153,1495450802,2017/5/22,302,10:16,67,//i1.hdslb.com/bfs/archive/d44b09cb4bd919dbd8b92a13d430e540ca8b76c8.jpg,24680,284,19:0:2,GoPro与它的小伙伴们(KarmaGrip&Seeker),227
10604336,BV1Nx411v7kV,392,624,1494930182,2017/5/16,54,12:15,92,//i1.hdslb.com/bfs/archive/4fe46021ec9faa83606450fcec1162b241dca4ce.jpg,14288,38,18:23:2,生日与福利,717
10588506,BV1Gx411v7hB,438,139,1494857457,2017/5/15,268,11:48,102,//i0.hdslb.com/bfs/archive/ce01fe6a5688450f3ccd8b82251e5e752db7282e.jpg,26147,190,22:10:57,GoPro与工作室,383
10490778,BV1kx411e7xt,338,146,1494539963,2017/5/12,428,01:58,173,//i2.hdslb.com/bfs/archive/c231cb3a1d9c6a99e74aee949093ea9c7546bd97.jpg,67229,382,5:59:23,4K 100fps的魅力——FS5+Shogun Inferno测试样片,115
10457663,BV1Zx411m7dM,406,173,1494413105,2017/5/10,279,09:35,263,//i0.hdslb.com/bfs/archive/4092576a54248f9208c91ca6c36ffe0acda63a1b.jpg,57326,117,18:45:5,飓风评测：FS7,244
10258027,BV1dx41127og,265,72,1493708710,2017/5/2,35,08:34,54,//i1.hdslb.com/bfs/archive/9b761fbec99ff774bf74fba798f20336d2c2343b.jpg,11891,28,15:5:10,NAB结束之后,158
10164999,BV1Mx411S7eQ,64,29,1493400939,2017/4/29,42,02:22,44,//i2.hdslb.com/bfs/archive/7301eaa81019b79b8442cc95f9890055f3749e61.jpg,18012,36,1:35:39,【NAB2017】：曼富图的氮气云台,72
10154467,BV1dx411U7UE,118,49,1493379318,2017/4/28,152,02:33,58,//i0.hdslb.com/bfs/archive/1cff7eaa735d29e49acbfdea7b07e5f031671452.jpg,17074,93,19:35:18,【NAB2017】：和传统绿幕说拜拜,68
10137959,BV1cx411S7CP,87,83,1493300921,2017/4/27,38,02:58,41,//i0.hdslb.com/bfs/archive/e750f3095c1eb79b43a2c678ea354946a23aa529.jpg,16548,31,21:48:41,【NAB2017】：也许你不知道A9的这些问题,91
10136616,BV1fx411U7ac,77,31,1493297176,2017/4/27,49,04:10,21,//i2.hdslb.com/bfs/archive/5d7444fa290334f37ac3cce4f0482b7619509191.jpg,9393,36,20:46:16,【NAB2017】：铁头G1稳定器与原力跟焦器,94
10132001,BV1Zx411U72F,93,30,1493286042,2017/4/27,181,03:11,75,//i0.hdslb.com/bfs/archive/ee64e64f812c641b79869bb1b41a53d9da952dae.jpg,29999,38,17:40:42,【NAB2017】：这个监视器会改变Vlog,50
10129666,BV1fx411U77J,66,21,1493277889,2017/4/27,24,02:56,23,//i0.hdslb.com/bfs/archive/c420cf8d9889ae3f1383beea37c4bcab3ddf93ee.jpg,6551,22,15:24:49,【NAB2017】：电影镜头中的新人——Bokkelux,28
10114090,BV1Cx411U7EV,92,43,1493209584,2017/4/26,29,03:47,23,//i1.hdslb.com/bfs/archive/181ac38785ff9cb137acdf99b16b90a75e6b5a90.jpg,9504,35,20:26:24,【NAB2017】：进步了的智云云鹤,72
10112884,BV1rx411U7rW,90,24,1493204547,2017/4/26,51,05:29,27,//i1.hdslb.com/bfs/archive/8182e41012777353517a42c2278f9ddeb3e0c7cf.jpg,7042,30,19:2:27,【NAB2017】：爱图仕的5员大将,55
10109619,BV1kx411U78C,102,55,1493195004,2017/4/26,89,04:07,28,//i1.hdslb.com/bfs/archive/9b46db83feb2700ce253c8db8e9167646f57974d.jpg,16529,28,16:23:24,【NAB2017】：国造5K Terra终于来了,84
10092895,BV1mx411U7Ej,81,43,1493119973,2017/4/25,24,05:04,22,//i0.hdslb.com/bfs/archive/1071556d9929aed5a6c6ed350217137d4a69aa03.jpg,10395,24,19:32:53,【NAB2017】：大疆家族的新伙伴,102
10090391,BV1ix411U7g9,90,28,1493115535,2017/4/25,57,04:14,25,//i0.hdslb.com/bfs/archive/60555ad8a2b5a981c1b0c524b600cf63383aa597.jpg,9937,25,18:18:55,【NAB2017】：印迹的超级滑轨Shark Mini,60
10084413,BV1vx411U7Nn,99,38,1493096578,2017/4/25,55,03:50,20,//i2.hdslb.com/bfs/archive/3c82fbef92bc76b9334142b9bde7618d635c5ff4.jpg,10883,18,13:2:58,【NAB2017】：达芬奇Resolve14与Ursa Mini Pro,60
10067173,BV1qx411U72n,108,43,1493024247,2017/4/24,21,04:05,14,//i1.hdslb.com/bfs/archive/80654010902fa12f5d9fea739dc164b11e612937.jpg,6415,15,16:57:27,【NAB2017】：Atomos的重型选手——Sumo19,57
9964134,BV1Kx411U7S8,414,92,1492661968,2017/4/20,401,14:00,104,//i2.hdslb.com/bfs/archive/898963d2a601779fd2135af6fdcce17c6cbbab1b.png,14878,79,12:19:28,产品特写秘传技与NAB,280
9807423,BV1Fx411D7Cr,717,274,1492062290,2017/4/13,1084,11:25,1413,//i2.hdslb.com/bfs/archive/2ed33c2b20f26ef08b0fe8fb8cf2bc13ebb85360.jpg,196957,388,13:44:50,一亿像素的相机,1054
9742497,BV1zx411S714,303,90,1491796414,2017/4/10,412,07:41,170,//i2.hdslb.com/bfs/archive/e8827aa2d50eaed077772e72ed615fedaab8856d.jpg,29229,176,11:53:34,最好的独脚架——印迹Cobra&Cobra Strike,201
9476548,BV1fx411D7hW,243,68,1490815337,2017/3/30,83,12:55,124,//i1.hdslb.com/bfs/archive/88e9960ef7e3603719db220f1617b6a2930e561c.jpg,25264,37,3:22:17,和C300MarkII说再见,282
9424688,BV1bx411k77k,417,123,1490588499,2017/3/27,86,12:08,127,//i2.hdslb.com/bfs/archive/ae946053192312be0fd38fdd274552cd181edbb3.jpg,19651,70,12:21:39,旅途,395
9333595,BV1cx411k72Q,262,69,1490226463,2017/3/23,170,05:41,79,//i2.hdslb.com/bfs/archive/a1cb0ca1b5e5d1e089573cfc93177c8d3ee2ff8a.jpg,16618,48,7:47:43,它能让你的微单拥有电子ND,66
9277583,BV1dx411r7PP,527,161,1489965193,2017/3/20,46,04:09,103,//i2.hdslb.com/bfs/archive/6bb0de10fc6b9ccc5bef7c33ee7fa608fcfe402a.jpg,13855,18,7:13:13,最后的Vlog(For Now),174
9229535,BV18x411r7pq,546,140,1489795516,2017/3/18,45,04:01,132,//i0.hdslb.com/bfs/archive/1586cedae051d3d4e7bb77bf39666dddbc9af03f.jpg,11157,18,8:5:16,不是Vlog,250
9227539,BV1tx411r7rb,153,42,1489781668,2017/3/18,62,12:11,55,//i1.hdslb.com/bfs/archive/569f3b08f9f86472c2c541971367c9c11f615cea.jpg,16926,32,4:14:28,URSA MINI PRO,183
9198307,BV1Jx411r78C,282,127,1489656831,2017/3/16,110,21:22,60,//i0.hdslb.com/bfs/archive/cbb972ed58796f0313340beb326fce939c7c7636.jpg,16522,80,17:33:51,50帧又何妨（25FPS已重传）,316
9176342,BV1Wx411r7xW,438,142,1489559840,2017/3/15,620,11:09,399,//i2.hdslb.com/bfs/archive/cca254a0cd82f9e88936e7966882c0f319ec6e72.jpg,61480,117,14:37:20,最棒的滑轨,541
9156620,BV1Zx411C7UD,401,92,1489463577,2017/3/14,244,11:13,169,//i2.hdslb.com/bfs/archive/af531a1d4fbf5b323887c8d94c395b2ae9815732.jpg,25988,157,11:52:57,两分钟的安静,372
9140810,BV1Cx411C7nc,244,60,1489386779,2017/3/13,79,13:46,123,//i1.hdslb.com/bfs/archive/d55ab34a9507038e6a66908b5273682b93569303.jpg,24163,39,14:32:59,Switch与徕卡,431
9113637,BV12x411C7Lq,378,112,1489294055,2017/3/12,795,09:20,504,//i0.hdslb.com/bfs/archive/50dfc8d7a8a7c9efb7dc0dc5696e595fcb956106.jpg,98882,134,12:47:35,最实用的Vlog相机？,310
9085011,BV1qx411C7k5,263,53,1489169522,2017/3/11,84,12:19,93,//i1.hdslb.com/bfs/archive/103cd88c88e66772aa116840663be0d48f458eef.jpg,20726,38,2:12:2,Kai与富士,312
9000577,BV1cx411C7Vq,798,157,1488773749,2017/3/6,563,11:29,1268,//i0.hdslb.com/bfs/archive/c049220475b06cec336562b73ea7b6b793931065.jpg,156130,154,12:15:49,80000元的终极Vlog相机,668
8945587,BV1kx411k7zj,265,84,1488552019,2017/3/3,353,07:43,280,//i2.hdslb.com/bfs/archive/215fb52f411039dbe4d4c631eb818854617aee54.jpg,81874,167,22:40:19,GH5真的有这么好吗？样机体验感想,190
8732658,BV1tx411y7RJ,127,66,1487591633,2017/2/20,247,06:41,98,//i2.hdslb.com/bfs/archive/6bdbd9d91c7d62dd273b43c1000b11c6f11e557d.jpg,17667,65,19:53:53,它能解决你的所有相机供电问题,75
8639424,BV1Yx41127MX,227,73,1487175114,2017/2/16,304,07:17,105,//i0.hdslb.com/bfs/archive/601ba8555dbf22edbff26cccb603be67237c634b.jpg,30085,92,0:11:54,你的GoPro可能需要这个稳定器,100
8407630,BV1nx41117NX,167,74,1486243395,2017/2/5,112,06:44,67,//i1.hdslb.com/bfs/archive/55911f698d0aa1a0997754756012fba5a5cf88b8.jpg,20652,54,5:23:15,首发！GH5上手初体验,137
8189391,BV16s411b7C9,3915,150,1485235132,2017/1/24,3365,07:01,2072,//i1.hdslb.com/bfs/archive/69a35f943410d33c344e435acff1b22310bf346c.jpg,57625,261,13:18:52,我是怎么做评测的？工作流大揭秘,365
7918466,BV1fs41187kA,229,37,1483890234,2017/1/8,474,09:33,159,//i0.hdslb.com/bfs/archive/9fb7d71f489edb643d76742ba667ac1fb84b8752.jpg,20338,227,23:43:54,最爱的影视灯——COB 120D,101
7855737,BV1Js411Y7K4,1227,81,1483543661,2017/1/4,4086,04:47,1040,//i2.hdslb.com/bfs/archive/4f37f1b4afb83614734f3ee0cab220edf827e508.jpg,60275,325,23:27:41,小技巧:LUTS,155
7677020,BV1vs411a7dy,1333,195,1482579139,2016/12/24,943,10:12,731,//i1.hdslb.com/bfs/archive/eb726cd5f5cfe97db8c49812c9783e9b577ef581.jpg,55466,519,19:32:19,飓风评测：BMPCC,297
7443799,BV1Ns411e7tE,93,35,1481239159,2016/12/9,105,05:39,57,//i0.hdslb.com/bfs/archive/085efb5982782551cce8276df4c1fcab9c4c1024.jpg,16698,62,7:19:19,飓风评测：OSMO M VS 智云Smooth 2,70
7301488,BV1Ts411s7Lu,2512,134,1480362790,2016/11/29,11929,04:55,2338,//i1.hdslb.com/bfs/archive/82e7e3277c8d6ab20a19211640b21785dc244c02.jpg,84020,468,3:53:10,小技巧：PR被低估的10个快捷键,235
7173043,BV1bs411W759,173,23,1479579948,2016/11/20,59,10:41,75,//i2.hdslb.com/bfs/archive/44be7752af24e7a97e3c0880316f58a5500e6341.jpg,13399,32,2:25:48,飓风评测：PSVR,91
7045442,BV16s411x7ZN,3403,118,1478816766,2016/11/11,8569,09:16,2096,//i0.hdslb.com/bfs/archive/1627bb765d1d3a166e617243e3a060a666b4e276.jpg,83036,467,6:26:6,Premiere小技巧：秘传技,596
6936344,BV1os411s7GL,1283,83,1478138582,2016/11/3,7815,11:53,1128,//i0.hdslb.com/bfs/archive/8bb72f7a244689bc5963a94a74853002a12a897d.jpg,90012,615,10:3:2,小技巧：无缝转场与轨道蒙版,290
6746166,BV16s41147M7,1993,109,1476926852,2016/10/20,7506,10:06,1568,//i0.hdslb.com/bfs/archive/3fdd5654005a36a8e88d112f33f8e5e924011bd5.jpg,116753,607,9:27:32,小技巧：超级转场的制作,780
6655496,BV1ns41147KW,332,80,1476330324,2016/10/13,525,09:49,305,//i2.hdslb.com/bfs/archive/1fcead273c3f851f098d2ab3634b8bccaa0f6126.jpg,53305,406,11:45:24,飓风评测：GoPro5深度评测,231
6545666,BV1Js411b7WW,93,24,1475642506,2016/10/5,65,07:40,56,//i1.hdslb.com/bfs/archive/057cb5340203ac098b8bbac0b6c5debe752174b9.jpg,11994,40,12:41:46,飓风评测：GoPro 5 Black 开箱！,112
6454142,BV1Ss411t7Ry,76,17,1475094082,2016/9/29,94,09:20,53,//i2.hdslb.com/bfs/archive/0a71b78c161fd4f8a5b137cd79cae5b4cc981324.jpg,8002,24,4:21:22,飓风评测：Lens Regain增光跟焦转接环,19
6099497,BV1Bs411671m,111,27,1472627950,2016/8/31,190,07:38,113,//i1.hdslb.com/bfs/archive/fb322f04ee1225b306313fa4fcce1edbf29c9a87.jpg,30613,96,15:19:10,飓风评测：智云云鹤稳定器,106
5854856,BV19s411r7tB,104,21,1471358655,2016/8/16,350,06:54,119,//i1.hdslb.com/bfs/archive/af5143b4350cbd3d5a06989b16d3c922d3708b70.jpg,23393,136,22:44:15,飓风评测：爱图仕M9卡片灯,67
5712902,BV1Fs411y7Ce,120,41,1470649509,2016/8/8,112,06:11,76,//i0.hdslb.com/bfs/archive/18ff72b32a76718513bb5debd42fc4b33a5935ca.jpg,22852,52,17:45:9,飓风评测：雷蛇灵刃2016版,155
5624440,BV1ss411C7tH,197,27,1470194479,2016/8/3,1009,10:20,142,//i1.hdslb.com/bfs/archive/6f4e886cae61de740ea675e71d0b452e976f7946.jpg,14256,51,11:21:19,小技巧：用AE制作抛物效果,69
5133156,BV1hs411v7CX,60,11,1467172589,2016/6/29,281,07:18,35,//i2.hdslb.com/bfs/archive/09d708ca7fb761cbe5f8676159d79720158c1a2b.jpg,5399,17,11:56:29,【影视飓风】晶格化效果的制作,24
5054496,BV17s411v7TD,66,10,1466574552,2016/6/22,383,18:35,55,//i1.hdslb.com/bfs/archive/9a5727c0a8a993ebf84ebdb233b893cfea2dcb30.jpg,9486,59,13:49:12,Pr/Ae CC2015.3 新功能详解（中文）,32
5018002,BV1Ks411v73i,261,43,1466268670,2016/6/19,1302,20:16,205,//i0.hdslb.com/bfs/archive/01533540b3ceee73cdd7451d532ec531ebcba65a.jpg,26988,85,0:51:10,AE技巧：风阻火焰的制作,146
4922814,BV1Ls411q7R6,39,15,1465517402,2016/6/10,18,08:38,42,//i2.hdslb.com/bfs/archive/d5b70aa995bc7f8b3e1766966e264dc4b5fffaec.jpg,3296,11,8:10:2,影视飓风：抽奖结果公布&问答,24
4887054,BV1Ts411q7Gc,83,12,1465222930,2016/6/6,395,09:47,86,//i1.hdslb.com/bfs/archive/b7899d8abd30e55c14288c286d684bec899853d8.jpg,7808,19,22:22:10,AE小技巧：勾股定理,41
4809128,BV1Ys411i7Vu,102,20,1464543826,2016/5/30,115,10:08,57,//i0.hdslb.com/bfs/archive/ac2c7ebe3450ac2cf32156e3aa259ca0f2fc8617.jpg,14009,66,1:43:46,飓风评测：OSMO与它的小伙伴们,91
4738723,BV1us411i7th,283,25,1463931422,2016/5/22,889,10:42,253,//i1.hdslb.com/bfs/archive/2b823a7abd594b3601da7fd6dae8885f3a3a3c2a.jpg,12907,103,23:37:2,完全解析：录屏101,65
4669727,BV1hs411B7r9,64,9,1463334887,2016/5/16,377,15:57,56,//i1.hdslb.com/bfs/archive/b07005721347f8f615ff91d5a98e05ecf683de0c.jpg,5943,17,1:54:47,小技巧：速度计与瞄准器的制作,32
4608778,BV1Gs411B7vB,55,21,1462814686,2016/5/10,74,06:07,83,//i1.hdslb.com/bfs/archive/4448fc1351f1ec63e9a60c96bac8a62c13c7c446.jpg,14252,62,1:24:46,飓风评测：罗技MX MASTER鼠标,87
4531596,BV1Zs411q7kV,268,18,1462135058,2016/5/2,1480,10:11,213,//i0.hdslb.com/bfs/archive/cd69617540ad05845afaf54e11c2bf3f817b660f.jpg,15061,53,4:37:38,小技巧：MG动画元素的制作,82
4488969,BV1es411q7uP,141,16,1461798242,2016/4/28,95,81:02,78,//i1.hdslb.com/bfs/archive/52d947aca3ae18faf4ab102fce53d675d8ff2883.jpg,8642,26,7:4:2,【影视飓风】NAB特辑:会面AK&Corridor Digital！世界最大影视展会,196
4486659,BV1es411q7rP,30,7,1461762422,2016/4/27,18,05:49,34,//i1.hdslb.com/bfs/archive/d5e47d597f73c846fc9095f5fa475758bdcf26c9.jpg,6060,12,21:7:2,【影视飓风】NAB特辑vol3:环球影城,30
4367924,BV1Us411z7ZX,35,7,1460682497,2016/4/15,11,07:46,36,//i2.hdslb.com/bfs/archive/d552c0a73a6febfe541a471d404dbcbf035868b8.jpg,4985,5,9:8:17,【影视飓风】NAB特辑vol2:大麻烦,44
4324659,BV1ss411z7u5,46,15,1460241970,2016/4/10,17,02:09,51,//i0.hdslb.com/bfs/archive/31201547213e950313fb85163541d059164a15ea.jpg,4720,21,6:46:10,【影视飓风】NAB特辑vol1:系列简介,16
4314210,BV1ps411z75N,98,8,1460167020,2016/4/9,313,09:25,51,//i2.hdslb.com/bfs/archive/c5e3c8c21865948ff7d3197b068b8f966cd6a507.jpg,6721,24,9:57:0,【影视飓风】长阴影与轴心运动,13
4258141,BV1Ps411z7oj,204,19,1459626621,2016/4/3,580,13:36,128,//i0.hdslb.com/bfs/archive/906e84a885c2a54e5a84d094114c1d428a62c31b.jpg,9476,26,3:50:21,【影视飓风】万能的CC Composite,75
4196697,BV1ds411B7sQ,126,15,1459003418,2016/3/26,614,16:08,95,//i0.hdslb.com/bfs/archive/e706a804263071a94617f70e452cc498001bf9db.jpg,7966,30,22:43:38,AE小技巧：扁平化爆炸,48
4101573,BV1Xs411Q7o1,3235,170,1458003188,2016/3/15,7814,13:50,3452,//i0.hdslb.com/bfs/archive/33f590517f559d7b3a04c71ef479c031d1066f44.jpg,78867,960,8:53:8,完全解析：编码与封装,343
4000604,BV1Hs411Q7WV,172,34,1456933700,2016/3/2,1099,19:28,199,//i1.hdslb.com/bfs/archive/d42848f5e4d89bcb6035091b3afbc6a46473fc88.jpg,20087,53,23:48:20,AE小技巧：创造银河,65
3748455,BV12s411X7hq,34,13,1454549864,2016/2/4,38,05:03,42,//i2.hdslb.com/bfs/archive/10e4f86c075734b4bfd918439274e7ff8d59c7e5.jpg,10503,20,9:37:44,BSC影视设备大展(2)：Red乌鸦/小武器/大武器体验,29
3739102,BV1rs411X7SV,34,10,1454462283,2016/2/3,29,13:42,51,//i1.hdslb.com/bfs/archive/530482e02eaafbf7f4457faba3eb9360e393fe24.jpg,4944,16,9:18:3,BSC影视设备大展（1）：Alexa mini/旋翼飞机?!,47
3700079,BV1ns411X7mF,50,12,1454082924,2016/1/29,88,12:31,71,//i1.hdslb.com/bfs/archive/d222294c829e560ac57d639fea3b52636d177854.jpg,6063,13,23:55:24,影视飓风：虚拟现实视频的创作与传播,31
3642446,BV1Rs411R752,38,10,1453506978,2016/1/23,47,09:55,58,//i0.hdslb.com/bfs/archive/a8ea7392f326713504e3f0bb521ba9705982f7d2.jpg,8287,7,7:56:18,爱图仕VS2 FineHD监视器评测,37
3567744,BV1Hs411R7X7,116,49,1452592450,2016/1/12,80,08:21,115,//i0.hdslb.com/bfs/archive/e161ec1d9d68c3975378b1e5fd299666304215bc.jpg,24169,34,17:54:10,适马24-35 F2开箱,290
3493224,BV1os41197dt,56,22,1451637974,2016/1/1,56,12:32,74,//i1.hdslb.com/bfs/archive/d8976f5443609bc1c69f308c3166944ccbdc5f91.jpg,15807,18,16:46:14,渲染大战： 外星人VS微星VS3AXIS,209
3450289,BV1ds41197Nj,357,31,1451052450,2015/12/25,405,17:52,240,//i1.hdslb.com/bfs/archive/0237f52596140d6c3e9973faa8d9b1fbec8c3904.jpg,17019,270,22:7:30,【纪录片】BANGKOK HOUSE 曼谷之屋 2015年 【国产自制】,115
3215866,BV1ss411d7Uy,60,26,1447421830,2015/11/13,80,07:39,73,//i2.hdslb.com/bfs/archive/ab1e5d9946eb9e9d3658fbd07737738d7e6eaf85.jpg,17472,28,21:37:10,新工作站！Scan NVIDIA BATTLEBOX开箱,122
3170900,BV1cs411d7mL,95,12,1446679596,2015/11/5,341,11:11,136,//i2.hdslb.com/bfs/archive/fc19e56931339243bb7c1b86684a7a8af75f4891.jpg,20622,14,7:26:36,E3D系列教程（1）特效素材拍摄,59
3000761,BV1Ps41127Wn,364,188,1443888536,2015/10/4,425,06:47,715,//i1.hdslb.com/bfs/archive/202d5144619c3fb8a4eeb1a99d0ddcacda19a0d5.jpg,88698,150,0:8:56,【影视飓风】索尼A7R MarkII简评,329
2386540,BV17s411U7ec,492,82,1433087556,2015/5/31,1206,15:08,460,//i1.hdslb.com/bfs/archive/7d90e18a1a65daec624ebccbb179358951d5318a.jpg,31487,131,23:52:36,影视理论(5)：航拍/无序视频的剪辑,375
1991847,BV1Wx411A7Rd,221,28,1423740665,2015/2/12,1139,04:51,284,//i0.hdslb.com/bfs/archive/919f6aa636534187c6cb75f2933023dc886292f8.jpg,24521,126,19:31:5,五分速递(3)：Premiere工具讲解,100
1952500,BV13x411A7ee,409,92,1422887740,2015/2/2,778,14:02,635,//i2.hdslb.com/bfs/archive/960580f542932989eb158eb03ec29b6b071a7bc8.jpg,30048,116,22:35:40,影视理论(3)：数码相机的工作原理与设置,403
1952496,BV13x411A7e8,325,55,1422887643,2015/2/2,1262,18:42,460,//i2.hdslb.com/bfs/archive/1d763f17fc34ffbe168d2e5fe92d2b03f223e354.jpg,28781,137,22:34:3,影视理论(4)：绿幕的拍摄与处理,158
1894867,BV19x411w7xm,90,18,1421412835,2015/1/16,339,18:00,120,//i2.hdslb.com/bfs/archive/5ae248e0325e190fa254f92bf9892bba43dcd7ea.jpg,10450,15,20:53:55,After Effects新手教程(3)Motion Graphics动态图形,33
1894861,BV19x411w74w,388,63,1421412735,2015/1/16,1138,23:42,357,//i2.hdslb.com/bfs/archive/c41a87b88de8fc020d35060e38e04e7dcf8a7e01.jpg,36867,142,20:52:15,《影视飓风》After Effects教程（6）：TypeMonkey输入魅力,309
1894851,BV19x411w74P,738,560,1421412619,2015/1/16,1108,03:07,1430,//i1.hdslb.com/bfs/archive/8f0047c49fddcd48ea0b07a65add5d383f7b554b.jpg,61608,125,20:50:19,《影视飓风》5分速递(1)： 跳切，贴合切与离切,576
