﻿aid,bvid,coin,comment,created,date,favorite,length,like,pic,play,share,time,title,video_review
626104100,BV17t4y197Bu,23677,1834,1592109648,2020/6/14,16465,03:28,32136,//i0.hdslb.com/bfs/archive/c805a0faf4873687c44121f8799d1da5742dd0bc.jpg,172349,2387,12:40:48,【三无】好字唯之【忘川风华录】,1656
413462544,BV1vV411r7HD,30057,2011,1591508121,2020/6/7,26483,03:51,47762,//i2.hdslb.com/bfs/archive/892a6e5f0e936799bb7e470a47e339f5ae71cc93.jpg,314513,2340,13:35:21,【三无】蒸汽金鱼【原创曲】,1621
883192334,BV1ZK4y147pk,9738,986,1589540823,2020/5/15,8110,02:19,22992,//i2.hdslb.com/bfs/archive/bc324799693775d3dd9a55fbaecedea74fef33da.jpg,154605,750,19:7:3,【三无】白夜协奏曲,1039
625196747,BV1qt4y1U7eh,27405,1943,1586680922,2020/4/12,21603,04:01,46373,//i2.hdslb.com/bfs/archive/9c9928b048ebf650d0b5d048f3cfdc9c95fdfa36.jpg,369859,4097,16:42:2,【三无】社畜烧酒【翻唱】,1526
242552218,BV1te411x7Bt,63460,4012,1585914251,2020/4/3,54014,03:30,84652,//i1.hdslb.com/bfs/archive/22ff969d77564e8b255724636f719bc51ae48749.jpg,901791,9393,19:44:11,【三无】木兰行【忘川风华录】,6477
99321696,BV1y741117A7,103221,4271,1585145435,2020/3/25,85564,04:13,134590,//i0.hdslb.com/bfs/archive/ff0e9cefc46d16873c6fab0f813f132b707c3e2b.jpg,1218511,18486,22:10:35,【达拉崩吧三周年】史诗版·人声Ver(管弦REMIX)【三无/肥皂菌/西瓜Kune/池年/雪霏岚岚/Natsu团长】,6216
91062089,BV1hj411f7dd,18028,2252,1582435668,2020/2/23,10819,03:51,29763,//i2.hdslb.com/bfs/archive/5092e0924f95fb0f1001b883abfc076021208608.jpg,221740,1290,13:27:48,【三无】GALLOWS BELL ver. Piano,1515
89013546,BV1r7411g7eo,89303,3331,1581739248,2020/2/15,39548,07:01,158351,//i2.hdslb.com/bfs/archive/635105ec7aa212f0cea1ee3ee3715e32e03220ef.jpg,1073962,7747,12:0:48,声援疫线，Sing4U！B站各区知名Up主邀请运动员/艺人/CV等一起为武汉加油（原创音乐/人物录屏/应援念白/手写字条等）,23339
86033291,BV1D7411s7wr,94166,4942,1580529316,2020/2/1,62218,04:54,101402,//i0.hdslb.com/bfs/archive/5806a6903513bfe4b076b501f5908ba67b4cc8fd.jpg,1194063,9466,11:55:16,【三无】万古生香,8915
83834232,BV1BJ411E7Qt,16019,1249,1579259059,2020/1/17,10734,03:56,24931,//i2.hdslb.com/bfs/archive/0f9e9063134f3be13eaf4345646e42244a8e67de.png,241412,1294,19:4:19,【三无】拾梦纪,1390
81423028,BV17J411h7pU,25817,1363,1577844057,2020/1/1,20311,04:09,43093,//i0.hdslb.com/bfs/archive/6edcfc9a3e9f2e56561371753707854327d598a0.jpg,409314,2632,10:0:57,【风华引丨小缘/三无/祖娅纳惜/白止】2020新年献曲『人声本家』,3375
80485252,BV1ZJ411p7hJ,40846,1376,1577183447,2019/12/24,41958,03:59,51820,//i1.hdslb.com/bfs/archive/ff9956e392af841e1890c92a2a6c8fb0fe95bb13.jpg,699237,4372,18:30:47,【三无×祖娅纳惜】白日妄想,1831
79741449,BV1PJ411t7h5,7859,1014,1576670406,2019/12/18,5692,04:12,17312,//i1.hdslb.com/bfs/archive/58a38a58e42f87183e8d0653878912938617b8b3.jpg,249312,747,20:0:6,【三无】我可以,740
79372874,BV1tJ411k71R,55630,2250,1576402968,2019/12/15,46008,03:18,64570,//i1.hdslb.com/bfs/archive/9a0906126026579b401a5823c0fc4b835935938b.jpg,874059,7032,17:42:48,【三无xHanser】青鸟衔风【忘川风华录】,3078
78276055,BV16J411i775,16037,1563,1575633687,2019/12/6,16306,01:57,37166,//i0.hdslb.com/bfs/archive/f199492360cd71748ddab298fec5464978804e34.jpg,500637,3104,20:1:27,【三无】Another Nikki,1950
76450224,BV1jJ4112768,44260,2181,1574503254,2019/11/23,42368,03:56,63107,//i1.hdslb.com/bfs/archive/51e56228129184acb637d77b5f7ab760ec766fbc.jpg,705044,5445,18:0:54,【杜甫 | 剑器行  三无Marblue、祖娅纳惜、玄觞、以冬、竹桑、云泣】一舞剑器动四方！大道逢侠project,3610
74903257,BV1AE411q76F,50890,2236,1573203616,2019/11/8,42226,04:13,63017,//i0.hdslb.com/bfs/archive/5b5341c15d7c7fbc5904bc6e833900dc3eb50737.jpg,702699,5262,17:0:16,三无XHanser) summertime 翻唱,2821
73261961,BV1mE411y71g,28549,1124,1571913687,2019/10/24,19558,01:06,32737,//i2.hdslb.com/bfs/archive/3625638cae46c99c5998e6f7e1d9825651aafbf2.jpg,430905,2484,18:41:27,【三无】Flamingo（short ver.）,1057
69707530,BV1iE41197XW,15351,734,1569989430,2019/10/2,18169,08:04,24252,//i1.hdslb.com/bfs/archive/2bdb1bea081e5494201eba1ee0956bf1c6eb5270.jpg,246847,1871,12:10:30,要洗脑！还要超好听！当古法制扇碰撞国风电子——《扇影录》【国风原创/五嘟柚匀三西/三星堆工作室出品】,1057
68960996,BV1yJ411K7SX,11418,801,1569492023,2019/9/26,11254,03:15,24056,//i0.hdslb.com/bfs/archive/a39b901c7f809a686b5e6c710e3ed9dc71b82f1c.jpg,290805,1506,18:0:23,【仙/KB/三/漏/囧/娅】辰星九歌【魔性洗脑歌~】,1990
68626007,BV1eJ411g7uh,11580,1035,1569153606,2019/9/22,13608,03:56,23512,//i0.hdslb.com/bfs/archive/6e5c2c6e0bd0e725f00f88a3b233c62037485056.jpg,255093,1748,20:0:6,【三无Marblue】食物语,2693
68167308,BV19J411g7qa,9994,2747,1568822438,2019/9/19,8175,03:27,19034,//i1.hdslb.com/bfs/archive/09368e1dc686219637921552dab0988c97253004.jpg,241832,1753,0:0:38,【三无】星空之下【九年情怀回归曲】,1176
67685245,BV1XJ411w77Y,10807,1020,1568438094,2019/9/14,7735,03:43,19254,//i1.hdslb.com/bfs/archive/452f05bf46642301284fca2a7d59a93d13495e78.jpg,255350,723,13:14:54,【三无】Sea of Fire,835
66920995,BV194411k785,38292,2629,1567843598,2019/9/7,27905,04:13,41919,//i0.hdslb.com/bfs/archive/b25206ada677a3cbed4c32cfd0cbc75e7f537db3.jpg,593309,4238,16:6:38,【三无】天下局【忘川风华录】,3951
63984638,BV154411Z7To,17170,1165,1565959589,2019/8/16,13138,03:27,23329,//i2.hdslb.com/bfs/archive/c029bc8a6b17a9019c5d80f4eaec36b8a1193144.jpg,209825,1339,20:46:29,【三无】改变 If U Want...（feat.T2o）,884
62798958,BV1Ct411N7dx,23003,1970,1565703366,2019/8/13,19715,04:04,31792,//i0.hdslb.com/bfs/archive/d6c31d13a0e8c6d528d5dca2f3b7a1d7d79e302a.jpg,362510,4166,21:36:6,【三无x裂天】骁浪吾归,2926
61562427,BV1Rt411c78w,19968,1654,1564574401,2019/7/31,17718,02:57,32747,//i0.hdslb.com/bfs/archive/174f76193ca0b824105315698f9a9ccbbeb6c972.jpg,462861,1312,20:0:1,【三无】Cyberangel（人声过电版）,1849
61117121,BV1ht411w7xZ,45440,4162,1564293788,2019/7/28,30465,04:27,58949,//i1.hdslb.com/bfs/archive/748a32309039b3ea65273bf50b70810ab03ae464.jpg,685100,3724,14:3:8,【三无】我管你,8530
59039160,BV1gt411V7cu,28228,1737,1563018875,2019/7/13,21958,03:25,32386,//i0.hdslb.com/bfs/archive/bce6b6f3a48f1ed0c9873640cc76dfb26b870fd9.jpg,341990,2212,19:54:35,【三无】竹林间【忘川风华录】,2415
58622335,BV1Hx411f7aQ,13683,1219,1562760024,2019/7/10,8417,04:46,17670,//i1.hdslb.com/bfs/archive/0e6b2d0dbfde362fdb42ae908e0482ee78ecd4f7.jpg,165183,823,20:0:24,【三无】星之所在丨星の在り処,839
57535633,BV1vx411X79Q,12548,1325,1562068843,2019/7/2,9877,03:46,20262,//i2.hdslb.com/bfs/archive/3b74160668ba9e5f0f63479411e39ba7f292203a.jpg,246772,795,20:0:43,【三无】清醒梦,968
57389227,BV1Cx411R7Ug,14923,1197,1561905773,2019/6/30,9943,03:58,20760,//i1.hdslb.com/bfs/archive/bbc03353fa9cae845e1525135ef2166dd6ddd22f.jpg,208162,987,22:42:53,【三无】Whiteout【不吉波普不笑 ED】,1306
55738877,BV1M441157rz,33960,1895,1560661221,2019/6/16,34889,04:38,42620,//i2.hdslb.com/bfs/archive/cd161e05e42f0a1c6ec4c356f67e097a1ef84463.jpg,592572,2608,13:0:21,【三无】群居动物,2256
54690393,BV124411M7N1,8303,1034,1559794594,2019/6/6,5618,04:27,14114,//i0.hdslb.com/bfs/archive/020ccfb3b5790a66da1204e863dc958c93ae1290.jpg,163667,775,12:16:34,【三无】Re：birth day【Bang Dream】,1244
52554795,BV1T4411J7Yb,114106,13164,1557936008,2019/5/16,89497,03:59,128703,//i2.hdslb.com/bfs/archive/6d1057d9516ae6c2922f7ddf0d7d25f000e88eed.jpg,1457290,17028,0:0:8,【B站全明星给你加高考高分buff】Wish you（KB/三无/茶理理/哦漏/萧忆情/西瓜/hanser/小缘/双笙/少恭/YUKIri/菠萝）,29973
51316882,BV1W441147Kc,64008,4833,1556882187,2019/5/3,42444,03:24,60177,//i2.hdslb.com/bfs/archive/4c6289e831fc7df44b62c4def3e4153f003959cf.jpg,821946,5020,19:16:27,【三无】大氿歌,5650
49596271,BV1jb41157Jd,22155,1593,1555495231,2019/4/17,20586,03:27,26527,//i1.hdslb.com/bfs/archive/7b1ed95d131f31033da87ab528b1eceff48e6c47.jpg,331820,2074,18:0:31,【三无】锦中客【国风堂·城市风光诗系列】,1588
49067889,BV1Hb411K771,112376,9167,1555071340,2019/4/12,114090,04:29,133691,//i2.hdslb.com/bfs/archive/8836c2dfab7568ac6cc46973193bde5480d1e86d.jpg,1338413,17852,20:15:40,【城市拟人】《江山行歌》排骨教主/银临/winky诗/不才/三无MarBlue/KBShinya,25917
48426261,BV1ob411g7Gg,36035,3278,1554523227,2019/4/6,34778,03:26,43078,//i0.hdslb.com/bfs/archive/581743f5aa4d1d5a0766e37a1690378f949a9712.jpg,651585,5285,12:0:27,【三无xKBShinya】如见青山【忘川风华录】,2681
47148472,BV1Sb41177aR,52327,5547,1553403617,2019/3/24,36428,03:15,54962,//i2.hdslb.com/bfs/archive/c6d8c0a561a8ecad7d088fd248cd680a6169d2f6.jpg,932429,7146,13:0:17,【三无×ilem】得过且过的勇者（人声本家/专辑《2:3》收录曲）,2958
46572559,BV14b411n7NC,15784,1780,1552819027,2019/3/17,11012,04:35,19543,//i2.hdslb.com/bfs/archive/9a1ad2496b8b15289ea3863a2514c4dc7a60bfd8.jpg,205920,1390,18:37:7,【三无】八足的末日物语,1902
44346024,BV1hb411h7Hu,16454,1611,1550836846,2019/2/22,20280,04:36,25798,//i0.hdslb.com/bfs/archive/ead0fcbb69b2908a6781c1fb54a931f8cc995a59.jpg,453765,1319,20:0:46,【三无】被伪造的偶像【人声本家】永劫同归Project,2108
43435896,BV13b411U7hX,30726,3278,1550054565,2019/2/13,26185,04:09,34754,//i1.hdslb.com/bfs/archive/3648cbbf5590f3925f8483d9bcf944d99d68c291.jpg,534351,3265,18:42:45,【三无】祖龙吟【忘川风华录】,3480
42153737,BV1bb411y7cS,157144,11277,1549470084,2019/2/7,119757,04:55,142630,//i0.hdslb.com/bfs/archive/faf3e0e2766bed9e52bcca5099b2bfb4213640fb.jpg,2756375,22304,0:21:24,【三无】冠世一战,15584
40948553,BV1zt411h7Mg,29437,2705,1547812834,2019/1/18,21368,07:49,31400,//i2.hdslb.com/bfs/archive/9429d084d5552b5e20ef393a532ccb2a62d1d1dd.jpg,371264,2153,20:0:34,【三无】キセキ（奇迹）,2344
40394565,BV1Wt411p7dK,43036,4756,1547117528,2019/1/10,32232,03:21,50419,//i0.hdslb.com/bfs/archive/82bdf538da2e1d63cf6b33eedd84b5d4adc957b2.png,951886,12919,18:52:8,【三无】鸽子,3827
39890012,BV1Ht411x7Hf,16384,1656,1546603203,2019/1/4,11252,05:10,20670,//i1.hdslb.com/bfs/archive/fe202ffa7e8f2667be899d016062553884d91c22.jpg,232692,1696,20:0:3,【三无】妙笔浮生,1493
39161818,BV1xt411r7me,34494,2654,1545912946,2018/12/27,31735,04:50,33904,//i1.hdslb.com/bfs/archive/2e75d2e0a086a48d2e576f25f9ddfb8323ffc797.jpg,453890,4035,20:15:46,【三无xYUKIri】二次死亡【镜音双子11周年】（人声本家）,1966
38744900,BV1Zt411Y7P6,41978,2358,1545480019,2018/12/22,26399,03:05,38649,//i2.hdslb.com/bfs/archive/e84cdc4c997ad905f06ffed80c8aa3e856f5d12e.jpg,567551,2417,20:0:19,【三无】Nightglow,1543
38268426,BV1rt411i7it,72633,13547,1544922630,2018/12/16,41068,03:31,78699,//i0.hdslb.com/bfs/archive/215b07315ccc4c244219af8853598ef9f70c9838.jpg,1393427,18075,9:10:30,【三无】好运来,37642
37084002,BV1Tt411X7RJ,24314,2037,1543572813,2018/11/30,20041,03:31,24105,//i0.hdslb.com/bfs/archive/639890e2170f1742ebc45663eac453c0b4ca961f.jpg,388209,3068,18:13:33,【三无】心上秋【忘川风华录】,1539
36479470,BV1Dt411C7pH,14888,1280,1542888009,2018/11/22,9173,05:47,15452,//i2.hdslb.com/bfs/archive/83567aaebae0625ba8ea5ab9424594e1f399ce1d.jpg,191781,1158,20:0:9,【三无】破晓将至【时之歌Project】,1057
34994701,BV1Rb411A7r4,36503,3358,1540985115,2018/10/31,31980,03:37,32800,//i0.hdslb.com/bfs/archive/637e60baa7c1d6633b8feb198e5c920d15ddb934.jpg,685259,5203,19:25:15,【三无】栖凰【忘川风华录】,2326
34679476,BV1ub411N787,16919,1884,1540610719,2018/10/27,11415,03:33,16487,//i0.hdslb.com/bfs/archive/avsas_i181027ws2ti64pf0ldk4429494kf7t7_0015.jpg,248892,1687,11:25:19,【三无】world.execute(me);,1267
34230859,BV1Jt411o7oz,15803,1569,1540036822,2018/10/20,13434,02:03,18561,//i0.hdslb.com/bfs/archive/38359b8f921c11ecb84660246d8bda1cd121a176.jpg,355045,1110,20:0:22,【三无】英雄出征,1259
32655227,BV1uW411S7Bg,14920,1765,1538222432,2018/9/29,12352,04:08,16970,//i2.hdslb.com/bfs/archive/82bcae96b90d1be8782f01028a55ca77ace0179f.jpg,299875,1905,20:0:32,【排骨x三无】梦回神都,2328
32500657,BV17W41167bz,15432,1944,1537934442,2018/9/26,16235,03:46,17759,//i1.hdslb.com/bfs/archive/658f8d627225faada8877ba220813b54b8ffaa35.jpg,302696,2446,12:0:42,【三无】少羽之志（小天狗冲鸭！）,1724
32365818,BV1vW411z71c,27625,2894,1537759244,2018/9/24,22866,04:30,25537,//i2.hdslb.com/bfs/archive/e36bff162dc259696c47a88228bff5dac41b8135.jpg,468568,4634,11:20:44,【三无xhanser】簪花人间【忘川风华录】,3923
30717652,BV1GW411f772,17548,2189,1535716803,2018/8/31,15200,04:20,17960,//i1.hdslb.com/bfs/archive/3ec593ed975912c4b41f8792b50121c854324b2c.jpg,338949,2848,20:0:3,【三无×不才】野火【逆水寒《一生一世一双人》同人歌】,1925
29418479,BV1PW411R7SG,32987,3146,1534320671,2018/8/15,29187,04:42,29125,//i0.hdslb.com/bfs/archive/ae7a113e12d776c2b7df397a7a1cbda1c7f69ad3.jpg,602667,4925,16:11:11,【三无】易水诀【忘川风华录】,3494
27972850,BV12s411A7vk,11434,2278,1533556823,2018/8/6,8612,04:31,13164,//i1.hdslb.com/bfs/archive/753bf86e00a9220ff42515d5cb62ca1f6a10c22e.jpg,186859,1717,20:0:23,【三无】忘忧曲,2337
28519366,BV1Ks411G798,35804,5184,1533380272,2018/8/4,26123,03:15,29519,//i2.hdslb.com/bfs/archive/040c0932b8091ceb248944a5f0fedf172d163a46.jpg,640935,4459,18:57:52,【三无】〇,9868
28377746,BV1ss41137AA,15189,3089,1533297610,2018/8/3,12487,04:42,17482,//i2.hdslb.com/bfs/archive/03bc705537d22d80770f3d37b89fa9b636ad2062.jpg,417086,1647,20:0:10,【三无】Befall,2390
28287773,BV1Xs411w7Uq,21079,2616,1533139224,2018/8/2,15676,04:06,18831,//i2.hdslb.com/bfs/archive/091c6bb18de5465a5c936ef11ef1d4fc49c3903c.jpg,319486,1807,0:0:24,【三无】夜樱,2325
27829260,BV1Gs411A71o,20067,2608,1532666821,2018/7/27,10462,03:49,18200,//i1.hdslb.com/bfs/archive/feb2a6f88a993a90e620ac5b8156b3d595e7b5a4.jpg,289193,1715,12:47:1,【三无】风月,2229
27495112,BV1Qs411K7sy,53952,5080,1532276101,2018/7/23,34658,03:09,38195,//i0.hdslb.com/bfs/archive/771c21baf615ad7d98e6c24d5273eb6aeec0d959.jpg,900840,23604,0:15:1,【三无】Chicken Attack,5922
26980341,BV1Js411n794,25137,2651,1531720484,2018/7/16,24327,03:35,22461,//i2.hdslb.com/bfs/archive/e3597084d6866299ec48a1c9b1676b83514236c2.jpg,490049,3997,13:54:44,【三无】洛阳怀【忘川风华录】,2930
25409335,BV16s41177dG,40423,3322,1529722835,2018/6/23,34087,04:54,28649,//i1.hdslb.com/bfs/archive/a8f97e0038db76129e12e4c221389750ae3a0310.jpg,691774,7358,11:0:35,【三无】多情岸【忘川风华录】,3449
23777768,BV17p411o7h3,81383,5646,1526990446,2018/5/22,103464,03:35,65041,//i1.hdslb.com/bfs/archive/52758a6760e482ff65c2a2eac112ca4170bcb0bb.jpg,2050354,17073,20:0:46,【三无】心生七面 善恶难辨,9200
23621182,BV1tp411d758,21262,2479,1526725801,2018/5/19,13884,05:16,11046,//i2.hdslb.com/bfs/archive/81c059069bc1e248af4acf990076a7ab5a79f3c0.jpg,307437,2359,18:30:1,【三无x子弥】二人セゾン,2937
22683223,BV1EW411V7op,8501,1179,1524909450,2018/4/28,5808,09:34,7511,//i1.hdslb.com/bfs/archive/cef04d36068a37a448d232c4361ea46e163acd15.jpg,121385,724,17:57:30,【三无】片羽吉光+吉光片羽【子弥】,1312
22319761,BV1gW41157Yw,28961,3044,1524221434,2018/4/20,22758,04:08,18256,//i1.hdslb.com/bfs/archive/9a94f04b5590b8e358eb495c7a96e2950287ea01.jpg,486476,3070,18:50:34,【三无】十二号诛杀者,2881
21973836,BV1DW411K7ND,20526,2058,1523529931,2018/4/12,13994,04:18,11569,//i1.hdslb.com/bfs/archive/c010a6b34da156d1d1fbd6d5b754d526e56b6b8f.jpg,321643,2190,18:45:31,【三无】何日重到苏澜桥,2000
20797768,BV1EW411p7EW,43497,3358,1521103306,2018/3/15,37194,04:08,24009,//i1.hdslb.com/bfs/archive/b81f24b0d87cb23c22de0f9fe64b96f5f9cd5d49.jpg,797397,4375,16:41:46,【三无】逆浪千秋,4485
19883635,BV1BW41177gs,38887,3270,1519274708,2018/2/22,33969,02:44,22190,//i1.hdslb.com/bfs/archive/82dd0aced3fb388b0ccbf622ae604417a392f183.jpg,703774,4652,12:45:8,【三无】Lemon（钢琴改编.Luna Pv.冰镇甜豆浆）,2672
19610992,BV1PW411J78e,17814,2741,1518664524,2018/2/15,15496,04:57,18452,//i1.hdslb.com/bfs/archive/f8cef579d051d1d1e9ebfa24a3d90113d0b58ca4.jpg,321024,1767,11:15:24,【三无】千年之羽【中文填词】,1891
19265955,BV1SW411J7qr,42643,5057,1517993470,2018/2/7,47584,04:34,28692,//i1.hdslb.com/bfs/archive/30502152fec79dda34ae8e10c8fd6b7e65efc0b9.jpg,952358,5207,16:51:10,【双笙x三无】小丑的品格,4512
18968553,BV1fW411n7sm,12814,2113,1517486442,2018/2/1,9038,03:49,9968,//i1.hdslb.com/bfs/archive/3185ddb0c4b4f934b8833515c248a0a33ad849dc.jpg,327715,1283,20:0:42,【三无】不染（感冒ver.),1984
18606240,BV1LW411i7ba,8085,2164,1516636854,2018/1/23,4033,03:15,5054,//i1.hdslb.com/bfs/archive/61390ce728ad92f94a4d2a89c18b1e27b9b8e7a6.jpg,327089,620,0:0:54,【三无】Rush out【纯白p】,2086
18366292,BV13W411v7EU,41226,4502,1516082111,2018/1/16,19958,05:20,15729,//i0.hdslb.com/bfs/archive/a66aefa0f5dbf61f06ec042214ff1e706878534d.jpg,600338,3936,13:55:11,【三无】追梦赤子心,4682
17762905,BV1sW411b7kM,16850,2012,1514635544,2017/12/30,9870,05:08,8848,//i0.hdslb.com/bfs/archive/45a77074d824568f38635bd684893d6bfb127b6e.jpg,199862,1028,20:5:44,【三无】惟我自在【异世谣】,1717
16934600,BV1PW411Y7SX,12856,1814,1512382846,2017/12/4,6928,06:27,6724,//i2.hdslb.com/bfs/archive/c712c3871213cbcbb8fbf70a8ad59c02e0d8407b.jpg,217217,1090,18:20:46,【三无】你好+Halloween夢,2532
16618922,BV1Ax41157ED,31858,2524,1511605858,2017/11/25,33609,03:15,15549,//i1.hdslb.com/bfs/archive/8be537a49f70139ca8be331f4c8b20a126dde475.jpg,827004,5041,18:30:58,【三无】十二镇魂歌,4834
14909587,BV1Hx411V7n9,222140,15698,1506704033,2017/9/30,287175,03:52,145018,//i2.hdslb.com/bfs/archive/a0a834ac9dc58b6272cc67cc2f4b1397f460cc81.jpg,5940289,52131,0:53:53,【三无】病名为爱,141111
14752225,BV1ax411G7JY,16407,2116,1506232622,2017/9/24,13023,04:00,4063,//i0.hdslb.com/bfs/archive/2b6548c00baf2ed15016c76e8ad1d84f70159612.jpg,249649,2672,13:57:2,【三无xMidaho】皎然记【异世谣】,2102
13525825,BV1ax411J7vw,14515,2576,1503058137,2017/8/18,13973,04:35,2510,//i1.hdslb.com/bfs/archive/8b19f8b23c07bffeb67991684b8a63b01f689c95.jpg,312568,1774,20:8:57,【三无x易言】燃尽人间色【异世谣】,2548
12630679,BV1ux411W7hn,14510,3152,1501126332,2017/7/27,12054,03:40,4094,//i2.hdslb.com/bfs/archive/f217bc9641801278b0dd1ed78c11ffea355c343f.jpg,596654,2021,11:32:12,【三无】九张机,2915
12301042,BV1ix411B7SN,32360,4975,1500336013,2017/7/18,42512,04:10,6819,//i0.hdslb.com/bfs/archive/b257f7be7f9b6999718d0924783217bcf182120e.jpg,643080,6369,8:0:13,【双笙X三无】岁月旧曾谙 ——《魔道祖师》同人曲,10247
11666683,BV1Cx41167nM,14710,2174,1498546209,2017/6/27,7932,04:10,1484,//i2.hdslb.com/bfs/archive/1355770bc181041403d7cc52df5cec4ac54d2543.jpg,175869,1503,14:50:9,【三无】幻境,2241
11446454,BV1hx411h7yo,18208,2523,1497841901,2017/6/19,11596,03:09,1686,//i2.hdslb.com/bfs/archive/6ee287dd7e7d4d8368196d17769f7cf0ded2c577.jpg,282241,1762,11:11:41,【三无】黒猫とピアニストのタンゴ,2308
10814352,BV16x411Y72V,6613,1667,1495697597,2017/5/25,4156,03:09,1365,//i1.hdslb.com/bfs/archive/24648ff633502ab44a3647fc27f2e4104620659d.jpg,364787,1142,15:33:17,【三无】雪糕歌,1430
10431432,BV1Ux411m7U7,16437,1594,1494312286,2017/5/9,11239,05:20,1107,//i0.hdslb.com/bfs/archive/7c01ad6ca7dba1cd740ec87531f5505a4b086168.jpg,310782,2323,14:44:46,【三无】一样一样,1624
10259571,BV1dx41127g9,86080,9489,1493713692,2017/5/2,88207,03:28,29162,//i1.hdslb.com/bfs/archive/6a8ddad076eb958a1286dfc7af23a942aad5d9ee.jpg,2747472,49862,16:28:12,【三无】达拉崩吧,38867
9153721,BV1ox411C7LY,19308,1930,1489474801,2017/3/14,14641,04:25,2628,//i0.hdslb.com/bfs/archive/8aeff06201c208f57ac969be11f41941b3096269.jpg,335935,1678,15:0:1,【三无】Oblivious,2194
8807514,BV1kx411y7ky,34965,2981,1487938908,2017/2/24,35023,04:33,6739,//i1.hdslb.com/bfs/archive/a32bad5df84dd4838b479c7b039013bd5c7400b8.jpg,647247,7218,20:21:48,【三无】醉,3920
8606321,BV1px41127HZ,46690,3679,1487044848,2017/2/14,56713,05:10,14305,//i0.hdslb.com/bfs/archive/c17e7b1d8acfa0783d71f981b6aeaaa5d95da838.jpg,1280025,8981,12:0:48,【三无x双笙x易言x樊棋】万神纪,11783
8208558,BV1ms411b7PR,16583,2312,1485318375,2017/1/25,14939,03:44,1352,//i0.hdslb.com/bfs/archive/dc077f17c477a809a607971875bf7f23e273f662.jpg,295726,1781,12:26:15,【三无】いかないでacoustic arrange,2199
7717142,BV1Bs411a72L,60701,4679,1482796926,2016/12/27,55044,04:11,14772,//i2.hdslb.com/bfs/archive/4ba306f6b24b4dd7fa34dc8bb256d143bdc722fe.jpg,1617608,6399,8:2:6,【三无】童话镇,6979
7543874,BV1vs411e7Fk,68123,6013,1481818282,2016/12/16,78033,03:15,22125,//i2.hdslb.com/bfs/archive/c4e259e1c6bced7e4cb47b766fd3c182da37784b.jpg,1928877,16681,0:11:22,三无《深夜诗人》,9947
7425435,BV1Us411Y7Fq,19620,1591,1481111795,2016/12/7,18395,04:08,1073,//i1.hdslb.com/bfs/archive/a0230756871b3ad0ef431fc0658581b92d2b89d7.jpg,425246,2778,19:56:35,【三无】当我在这里,1954
7347111,BV1vs411Y7NE,15567,1535,1480669528,2016/12/2,14873,03:14,3442,//i0.hdslb.com/bfs/archive/4312577927c511586f96f727a30485e09c7d0ba5.jpg,379099,1307,17:5:28,【三无】战争世界,2114
7263679,BV1ds411W7vF,8301,1334,1480154289,2016/11/26,11071,03:40,1146,//i0.hdslb.com/bfs/archive/7b255e5519b99f293728bcd2b1b8d6bf670ad529.jpg,293998,1403,17:58:9,《天下第几》主题曲《哼唧！身为天下第一的我竟然被普通的咖啡店老板打败了！》,1315
7261278,BV19s411W7rV,11034,1300,1480146008,2016/11/26,14588,03:12,2036,//i0.hdslb.com/bfs/archive/182e589d597a5cfc9752a60f5e7c78dfea360be6.jpg,278210,1379,15:40:8,【三无】生【原创曲·人声本家】,1143
6814289,BV1Fs411t7Mw,9062,1186,1477317558,2016/10/24,6941,03:42,796,//i1.hdslb.com/bfs/archive/13588d7fbee7418cc4fa659e397e354d253ea918.jpg,172274,799,21:59:18,【三无】暗夜苏醒,1175
6675246,BV1js41147D3,49172,8435,1476456146,2016/10/14,72559,04:23,23813,//i0.hdslb.com/bfs/archive/eed4ded7b1304388c9f8e708f82f67507759058d.jpg,1267819,25969,22:42:26,【三无】我爱学习,30970
6570125,BV11s411x7yF,13292,2520,1475756675,2016/10/6,14427,07:26,2922,//i0.hdslb.com/bfs/archive/7745f756a2eb99511438e952336da9f4b3ce9f3c.jpg,371395,2623,20:24:35,【三无】圈圈点点+牛奶香槟,2676
5993359,BV1qs411k75S,20834,3099,1472050569,2016/8/24,14530,05:38,2187,//i0.hdslb.com/bfs/archive/1c4932159d4bfda886582107933e43992fb818cd.jpg,270593,1820,22:56:9,【三无】六等星之夜,3886
5565918,BV1Ns411C7uo,10013,1754,1469870256,2016/7/30,7532,05:17,817,//i1.hdslb.com/bfs/archive/8c6077b98aac4bfeb77b8742b47d2f147c96164d.jpg,183876,1029,17:17:36,【三无】君のとなりに,2237
5348632,BV1Ss411y7jy,22890,2823,1468591351,2016/7/15,14450,05:08,4227,//i0.hdslb.com/bfs/archive/cdf111a3ec4e289d89b3f94e0dcc6961c9554da2.jpg,593527,3357,22:2:31,【三无】你还要我怎样,5232
5264424,BV15s411y7yN,10817,1818,1468057700,2016/7/9,9876,04:17,1046,//i1.hdslb.com/bfs/archive/c6925a3006168574ce769b289e38c0baaf89633c.jpg,208130,1551,17:48:20,【三无】转生 升天抄【原创pv】,2447
4939458,BV13s411q7K7,18212,2245,1465631179,2016/6/11,13476,04:00,3725,//i2.hdslb.com/bfs/archive/50291c7f02ffddf9057b3961384246768cf92550.jpg,378042,2196,15:46:19,【三无】月光的指引【黑之契约者2 op】,2670
4762880,BV14s411i7t8,41970,3910,1464177856,2016/5/25,38048,04:53,4733,//i2.hdslb.com/bfs/archive/0d1eff020feba7ef8405a87aae2441182ab5b639.jpg,944565,3728,20:4:16,【三无】STYX HELIX【Re：从零开始的异世界生活 ED】,12732
4599663,BV17s411B71j,5112,1486,1462720652,2016/5/8,3811,09:10,460,//i0.hdslb.com/bfs/archive/b62a53fc1bca693c91ab852fcf10f088f8149d8f.jpg,94626,339,23:17:32,【三无】光的飞行,1157
4246555,BV1Fs411z7dn,14360,2977,1459527110,2016/4/2,11133,06:00,1511,//i0.hdslb.com/bfs/archive/664b98a6bb3adca902d35133eb8b4277523a9dc8.jpg,285246,1631,0:11:50,【三无】燕子,2491
4196143,BV1ds411B7RE,13060,2401,1459000778,2016/3/26,13900,05:08,932,//i1.hdslb.com/bfs/archive/968787e8f0bc850514175e084762100beaceb3b4.jpg,301277,1677,21:59:38,【三无】Solitude,3453
3971753,BV1Gs411Q7mK,13783,2320,1456621470,2016/2/28,14230,04:18,1273,//i1.hdslb.com/bfs/archive/42d288fa1349e5b94125a112b21e83051ed1ddf6.jpg,326815,1932,9:4:30,【三无】虚拟神明【时之歌Project】,3943
3771665,BV1Qs411X7qv,31506,3878,1454754664,2016/2/6,41356,04:12,9668,//i1.hdslb.com/bfs/archive/00ff9fd83f87e8a603aac1de61fd8ec126044024.jpg,1193710,5846,18:31:4,【三无】权御天下,9832
3748477,BV12s411X7h5,17034,2181,1454550245,2016/2/4,14273,04:50,2690,//i1.hdslb.com/bfs/archive/f898aaf16e182e449aa01d047658f753e5bac22b.jpg,315343,2706,9:44:5,【三无】复杂人生【无头骑士异闻录AMV】,5159
3714439,BV1es411X7YF,16279,2490,1454229278,2016/1/31,23240,04:32,1949,//i1.hdslb.com/bfs/archive/301ae792b684a775f1f9edc4bb13ec44f5a388ae.jpg,501297,4469,16:34:38,【吾恩x三无】悬空【时之歌Project】,6341
3485593,BV1Ns411R7HP,16564,3005,1451555076,2015/12/31,16828,03:56,3228,//i1.hdslb.com/bfs/archive/1a8ee6dda1a4103543998cb318b81f1e056c4fc2.jpg,509507,3090,17:44:36,【三无】花儿纳吉,4682
3186002,BV15s411d73i,7308,2467,1446907979,2015/11/7,9610,03:19,1608,//i2.hdslb.com/bfs/archive/b9a135018277505f6812abeac776662a79aee7ed.jpg,420652,1334,22:52:59,【三无】大时代,3157
3131345,BV1ys41127mg,4378,1411,1446026480,2015/10/28,7011,04:50,646,//i0.hdslb.com/bfs/archive/f72ea7f4969919bd88da5c753ec932e38eb55867.jpg,217696,602,18:1:20,【三无】silent wind bell,1961
3005474,BV1Ns41127j8,10544,2356,1443959713,2015/10/4,18325,06:02,1251,//i2.hdslb.com/bfs/archive/d12c3c043c415df428815148a4cc6a620d2fc7b2.jpg,422100,1432,19:55:13,【三无】last smile,8019
2632673,BV1ws411m7Yw,10181,1575,1437909411,2015/7/26,12618,04:22,2636,//i1.hdslb.com/bfs/archive/1281cd02319e782d713704715f5b1cef226b3a14.jpg,368091,1134,19:16:51,【翻唱】中华粘土娘,3916
2609929,BV1ts411S7Vn,11894,3779,1437537733,2015/7/22,29951,03:48,4810,//i0.hdslb.com/bfs/archive/7d240991b4b82fceedbf2bdf8118b4364672bba1.jpg,1112969,3050,12:2:13,【翻唱】葬歌,38282
2304227,BV1Cs411D7qF,7973,1990,1431111775,2015/5/9,14947,03:07,2115,//i1.hdslb.com/bfs/archive/765893ed732a2c052b4c21ebaa9723237a6b826b.jpg,448736,1061,3:2:55,三无《星星和雨的夜》,4312
2303086,BV1Cs411D7oU,791,566,1431090373,2015/5/8,1387,03:56,398,//i2.hdslb.com/bfs/archive/7a719db3c663c03ceb360a92b1314838bf02fc0c.jpg,92616,75,21:6:13,【三无】朱色的砂浜,902
2193890,BV1Fs411D7Pk,7642,4406,1428368254,2015/4/7,22567,03:20,7047,//i0.hdslb.com/bfs/archive/fe535895f3cf6769e3a94e4f504474367830ce94.jpg,1137615,2823,8:57:34,【翻唱】今天没吃药【三无x不愿意透露姓名的ilem】,18394
2130097,BV1Qs411S7KK,33008,5799,1426913465,2015/3/21,71271,03:26,20507,//i0.hdslb.com/bfs/archive/e5ef6913875f8800b7f5885805109298e45da9dc.jpg,2649876,4974,12:51:5,三无《普通DISCO》,22818
2055492,BV1kx411A7zo,2050,567,1425038912,2015/2/27,4625,03:26,1370,//i2.hdslb.com/bfs/archive/e9771e5ab44fdfcec6cd3721e2133089d9a8d5fd.jpg,261181,251,20:8:32,【三无】一騎当千,963
1983098,BV1Hx411A7oU,13015,3081,1423566621,2015/2/10,35865,03:28,8277,//i2.hdslb.com/bfs/archive/4c1ce47f8ee665dfd03e7b52d6bbddb41078ceba.jpg,1448946,3806,19:10:21,【翻唱】阴阳先生,20656
1930401,BV1Nx411A7zv,4578,1084,1422352348,2015/1/27,15157,03:23,2542,//i0.hdslb.com/bfs/archive/7319820e73e1771047eb2ebfb6e47668cc5d8b16.jpg,699095,1673,17:52:28,【翻唱】怪物大暴走,9441
1916865,BV1gx411A7Tn,8194,646,1422010683,2015/1/23,12626,04:14,6176,//i1.hdslb.com/bfs/archive/e199f28f18a0c271e05ca95a3fc3b1a67e1161f4.jpg,356549,941,18:58:3,【三无xMidaho】神的随波逐流,1950
1909999,BV1ux411A775,3087,686,1421821988,2015/1/21,11918,03:03,2659,//i0.hdslb.com/bfs/archive/cdd55dfd958de715f4d6bb7676855471ebe3d6f2.jpg,601179,1929,14:33:8,【翻唱】僵尸舞（洛天依）,4688
1535421,BV1sx411K7Cw,8663,1106,1410841732,2014/9/16,13743,04:29,5107,//i1.hdslb.com/bfs/archive/5b0416c3cdcda56aad5c770b7d05b8a4804482d8.jpg,513050,661,12:28:52,【三无】aLIEz,4286
1527251,BV1px411K7Lg,1182,213,1410606697,2014/9/13,2016,04:09,474,//i2.hdslb.com/bfs/archive/8456210aebff01b228b664853f3a94657d06bdf7.jpg,50361,168,19:11:37,【三黄云猕菠饼爽】有你相伴【原创PV付】,892
1149841,BV1Ex411T7EK,2203,325,1401097622,2014/5/26,4096,03:36,1317,//i2.hdslb.com/bfs/archive/3434f4d2159af46277337427c31a21b8b27f3821.jpg,117302,389,17:47:2,【三无xMidaho】麻烦鬼,697
1049104,BV1Ux411K7zJ,1928,172,1396827354,2014/4/7,1825,01:31,687,//i2.hdslb.com/bfs/archive/c73d53846582955adbf3392bd31ef84a0b9f0daf.jpg,68624,204,7:35:54,【三无】在午夜等候 TV size【翻唱】,612
963934,BV1Es411Z7T6,3736,394,1392354282,2014/2/14,5270,08:48,2108,//i0.hdslb.com/bfs/archive/0e5fdbd146d0f043d3304ca100f7ba3b4df9956f.jpg,117360,413,13:4:42,【布雷X三月月】孩子气的战争【翻唱】,1279
927499,BV1Ts411Z7nG,2313,271,1390616724,2014/1/25,2846,04:42,882,//i0.hdslb.com/bfs/archive/566c6020fc8906511b505029e6e8b7f47aaed5cd.jpg,82065,196,10:25:24,【三无】深海地下都市【翻唱】,1095
870182,BV1zs411o7eJ,1526,310,1386861633,2013/12/12,4142,03:42,1054,//i0.hdslb.com/bfs/archive/5a2bdfe2ea80f62f935404f0d1f4a871aea31050.jpg,83650,358,23:20:33,【三无X凤冴】番凩【翻唱】,781
848114,BV1Ys411o7bf,1840,331,1385274554,2013/11/24,3763,13:03,680,//i2.hdslb.com/bfs/archive/143fe7b90baf57fb403cf4b2320f190237c28244.jpg,93316,143,14:29:14,【冥月XMOKONAX三无】SPLASH FREE【原创PV付】,1192
796013,BV14s411o7VP,968,212,1381727221,2013/10/14,1576,03:11,669,//i1.hdslb.com/bfs/archive/e963e67cf11554faa815a2442a005071bf2413e4.jpg,51479,123,13:7:1,【三无】紫【翻唱】,454
641219,BV1us411f7Bg,1485,244,1373383534,2013/7/9,1305,03:50,635,//i0.hdslb.com/bfs/archive/ec6af1ea0a86da1dd9fdc44646709d92c8493af9.jpg,38887,132,23:25:34,【小五&三无】月光交响曲【翻唱】,401
472820,BV1ux411c72c,1710,262,1360863034,2013/2/15,2832,06:26,914,//i1.hdslb.com/bfs/archive/c8dc55227366659e7a954be2490b6202091953a9.jpg,99719,468,1:30:34,【和尚组】般若心経Ｒ＆Ｂ【三无|cless翻唱】,1006
411314,BV16x411F72y,5663,1225,1354988307,2012/12/9,5163,03:22,3320,//i0.hdslb.com/bfs/archive/d190d687254970a6feb6f04faabdd03abe78abfe.jpg,163361,296,1:38:27,【三无】WAVE【翻唱】,1589
