﻿aid,bvid,coin,comment,created,date,favorite,length,like,pic,play,share,time,title,video_review
925921242,BV1BT4y1E7a6,6411,1189,1591013710,2020/6/1,3799,12:13,17071,//i2.hdslb.com/bfs/archive/7d4df8e89e064a210c4edacbbe41d3add605f892.jpg,160590,493,20:15:10,【潇洒】真正该被教育的，是我们的家长,935
370388536,BV15Z4y1477e,7119,1053,1587734032,2020/4/24,3933,12:09,22946,//i0.hdslb.com/bfs/archive/021e054a9f57e489a0207745475818e24ec62477.jpg,297146,340,21:13:52,【潇洒】饕餮：上古凶兽的奇怪打开方式【潇洒观山海番外01】,2423
327802333,BV1HA411b7w5,497350,72593,1587125139,2020/4/17,161412,14:31,475079,//i0.hdslb.com/bfs/archive/873410ba061be8338692032f2060dd4366a49eaa.jpg,3411366,61766,20:5:39,【潇洒】禁食狗肉立法就离谱，我 反 对！【潇洒一辣】,105165
242631431,BV1ye411x7Hp,54266,4077,1586692309,2020/4/12,24324,33:00,48826,//i0.hdslb.com/bfs/archive/0d191df439ca9c4329082794c126017410fe1dd2.jpg,288898,8679,19:51:49,【潇洒】一省包一城！32张海报复习武汉战疫，进来找找你的省份？,6509
93763716,BV1sE411x7hy,13197,1851,1583409918,2020/3/5,8250,13:36,35925,//i2.hdslb.com/bfs/archive/4744640c0f7c6522236222edc32000920e834281.jpg,618084,1358,20:5:18,2019最猛逆袭动画！科技霸权VS人类命运共同体，越看越上头！【国动万象】,2372
87303886,BV1U7411b7fa,7471,1150,1581077758,2020/2/7,4043,08:59,21853,//i2.hdslb.com/bfs/archive/274daa43b64f5495749ec8aa7ac2c8f12c802e12.jpg,261684,339,20:15:58,惊艳全球的中国水墨动画，为何断了传承？【国动万象】,2075
81292770,BV1qJ41187co,6981,1094,1580040600,2020/1/26,4464,12:37,20301,//i2.hdslb.com/bfs/archive/cf9e81672787e63fb08537184bd826bcb677f346.jpg,258781,350,20:10:0,你渴望唤醒第二人格吗？【肾入解读】,2278
83911287,BV1t7411i7Nd,85300,5462,1579320300,2020/1/18,35602,11:08,84133,//i2.hdslb.com/bfs/archive/bcf300dbed2b1c857ca9072691ea9e95b4d70c5f.jpg,649353,6160,12:5:0,医生之子万字肺腑之言，请把信任还给中国医患（一）【潇洒一辣】,5171
81301667,BV1QJ41187js,4456,1981,1578053410,2020/1/3,2822,08:24,17803,//i2.hdslb.com/bfs/archive/1857a55f7d9dbfcb01fefa0f24f0bdc6d27510bb.jpg,327754,219,20:10:10,大IP改编为何烂作频出？浅谈网络小说、轻小说、漫画的改编优势,2724
79861247,BV1DJ411t7MM,27868,4978,1576757940,2019/12/19,10724,15:04,37614,//i1.hdslb.com/bfs/archive/352637f5d3923b7fcd7aef0c27485fbecf1659a3.jpg,373091,858,20:19:0,天官赐福和三体会掉链子吗？2020国创霸权拉胯大预测！【国动万象＆国动荟萃】,7582
78228985,BV1eJ411i7US,127910,4358,1575633928,2019/12/6,54505,23:01,100503,//i2.hdslb.com/bfs/archive/8bb24ff55ade196531458031d7b6d64faca3c761.jpg,825761,6922,20:5:28,全网最全！1个视频看完龙的23种起源！重新认知“龙的传人”！【潇洒观山海•龙02】,10528
74841626,BV1yE411i74f,53839,8604,1573128021,2019/11/7,24193,15:37,82525,//i2.hdslb.com/bfs/archive/b09c966d2eb181d19f14bb6c2ce21147a3de9e15.jpg,1565871,4724,20:0:21,为啥90后童年百花齐放，00后童年只有喜羊羊？【国动万象】,20186
74062716,BV15E41187p3,53544,3494,1572527265,2019/10/31,20137,05:13,71341,//i2.hdslb.com/bfs/archive/595a9ff6363b4a3c172eead0cf77c97a8c488160.jpg,760149,1709,21:7:45,十二生肖为啥只有龙是假的？【潇洒观山海•龙01】,4978
70839404,BV1aE411o787,47477,1756,1570795530,2019/10/11,18918,15:24,45117,//i2.hdslb.com/bfs/archive/ebe46a1f5f4f239b5412f06bf6d0d2125b5dc9a4.jpg,413817,3450,20:5:30,提前剧透《灵笼》第七集！前半季剧情总结+伏笔挖掘【国动万象】,4262
69397858,BV1hE411R7ru,10844,807,1569902416,2019/10/1,7819,04:19,27630,//i2.hdslb.com/bfs/archive/b704097dacd3495ad93ec7947a85005cd25fea0d.jpg,285417,1323,12:0:16,自来水头子联合献唱，今天我们都是骄傲的少年,1466
67241919,BV1uJ411K7h9,42076,2232,1568116842,2019/9/10,17441,10:18,47640,//i2.hdslb.com/bfs/archive/9cbac01ec54ccf15639a0a6458265e3c9947e400.jpg,370624,3569,20:0:42,你以为罗小黑是低龄动画？它只是把你变成了孩子【国动万象】,5456
66403969,BV1v441117iq,66741,1566,1567512006,2019/9/3,25626,13:21,59798,//i1.hdslb.com/bfs/archive/b39b768a45d19b55ba26bf5f678e45f2d98be371.jpg,447934,2623,20:0:6,这些山海经异兽竟是古代巫师的cosplay？【潇洒观山海03】,5256
62232809,BV1Gt411M7XP,119130,7019,1564930860,2019/8/4,44209,11:09,135261,//i0.hdslb.com/bfs/archive/bd15efe18e2a7928b0dce4e09d11d3081484b570.jpg,1427127,6483,23:1:0,剑指40亿！《哪吒》凭什么？凭它是中国影史上第一部真正的合家欢！【国动万象】,16264
59846281,BV1ut411n7aZ,14134,3292,1563624038,2019/7/20,6025,06:22,26664,//i2.hdslb.com/bfs/archive/4da5e03c3376f0f08ed54905547f677ba0a2cf28.jpg,374818,427,20:0:38,2D就是良心3D就是省钱？你可能对动画有点误解【国动万象】,2245
58283285,BV1M4411F779,92139,2607,1562558432,2019/7/8,37590,15:40,81016,//i1.hdslb.com/bfs/archive/178235fb557fa96475db32c065e2bf3b2d5c5282.jpg,753677,1883,12:0:32,awsl！在山海经里养宠物是什么体验？【潇洒观山海02】,15945
57489846,BV1ax411X7B6,64237,2063,1561986786,2019/7/1,27921,07:25,69443,//i0.hdslb.com/bfs/archive/07c9cb0ab48eb61ba2dda6241ee945ba4d7e92bd.jpg,747807,4642,21:13:6,沙雕网友用山海体来写现代事物，肚子都笑痛了【潇洒读评论01】,4302
56617044,BV1W4411g7EL,139923,9142,1561303653,2019/6/23,61755,15:32,129066,//i2.hdslb.com/bfs/archive/c735bb6d5fe7e5c72c6578897e2ff2dacc245df1.jpg,1593243,5501,23:27:33,全屏秒杀！那些出场自带地图buff的山海经异兽【潇洒观山海01】,14750
55103421,BV1E4411N7Yd,257391,4510,1560089920,2019/6/9,113340,14:56,208374,//i2.hdslb.com/bfs/archive/8d6406c72f266ebc8c49d2e2b7a7b3d834df9371.jpg,1463619,9534,22:18:40,久仰大名却半字未读？一个视频带你周游《山海经》【潇洒观山海00】,14309
48721112,BV11b411u7X8,5255,1641,1554725518,2019/4/8,3340,07:11,11410,//i2.hdslb.com/bfs/archive/c342acb96191cf734d972d3ffdd3e9dc1fcc1bc7.jpg,238973,634,20:11:58,这部国产偶像番被国人轻视，却反向输出日本？【国动万象】,1402
48171998,BV1Lb411W7KR,3551,1275,1554379247,2019/4/4,1497,06:06,8272,//i2.hdslb.com/bfs/archive/d88f39ef031d7ee11e2f550660cfac7e62690c78.jpg,188977,117,20:0:47,你喜欢镇魂街的魔改吗？【国动万象】,1406
46947457,BV1mb411j7md,119551,9104,1553256025,2019/3/22,45258,07:49,112452,//i2.hdslb.com/bfs/archive/0a1ed5bd03d4510bbaed8e4f654c8527b3c549ce.jpg,1670722,6826,20:0:25,“多大的人了还看动画？”,14506
46459256,BV1rb411J7c7,43041,7603,1552737767,2019/3/16,16903,16:35,37044,//i2.hdslb.com/bfs/archive/83bc93b1cd75d705273089cf95d5a989149a40be.jpg,377191,1857,20:2:47,国产动画为何不如美日？因为不会赚钱【潇洒一辣】,4842
40750096,BV1at411H7m3,67364,17000,1547474753,2019/1/14,20228,11:43,58699,//i1.hdslb.com/bfs/archive/ffcbf1d0c61c8115576e66bc36617ab7faf40ba6.jpg,858741,17474,22:5:53,《白蛇：缘起》如果都赔了，谁还愿意做国产动画？只有子供向、卖情怀才有出路吗？【国动万象】,9250
40239319,BV18t411s7K1,1837,678,1547092852,2019/1/10,859,06:04,4736,//i2.hdslb.com/bfs/archive/154badbffdaa812bfefd959b061ccfff25a4c0ad.jpg,125162,183,12:0:52,【国动万象】鼻屎元气弹、嘘嘘环游世界……盘点那些骚断腿的屎尿屁桥段,1091
39083989,BV1Qt41167dw,47423,3956,1545827503,2018/12/26,25182,14:46,36187,//i0.hdslb.com/bfs/archive/906f84c7baa62fc9ddb156bfba8cfba3e127359a.jpg,514713,5685,20:31:43,【国动万象】莫欺少年穷！ 2019国创新番导视,9718
37283823,BV1tt411D7fz,14178,1273,1543759478,2018/12/2,5466,06:23,14846,//i1.hdslb.com/bfs/archive/0b70d5829735b3bea9f0daf29aacc3b76298c6dc.jpg,214845,447,22:4:38,【国动万象】媲美《工作细胞》的国产科普动画！一边吸猫一边学历史——简评《如果历史是一群喵》,1216
36473117,BV1mt411C7pE,3220,1415,1542974400,2018/11/23,2435,10:53,7304,//i0.hdslb.com/bfs/archive/16d47e30e0229552be6ec4bdcb04948c76529c77.jpg,405750,231,20:0:0,【错误进化】丧尸暴龙兽！破灭魔龙兽！盘点数码宝贝中那些黑暗刺激的错误进化,2839
36025309,BV19t41127Pp,24792,3991,1542369628,2018/11/16,10112,13:06,20716,//i2.hdslb.com/bfs/archive/60918d7227366e75a5fd5d63c7d82fe7819634d5.jpg,323594,2504,20:0:28,【国动万象】不管玩不玩剑三，这部反武侠动画都会是你每周的快乐瀑布——简评《侠肝义胆沈剑心》,3537
33690942,BV1Kb411F7Ef,21602,1403,1539347311,2018/10/12,5116,08:40,17845,//i1.hdslb.com/bfs/archive/07d9c700585dd7adc2687b009d7b11963bbcb0fb.jpg,238123,1400,20:28:31,【国动万象】看番送儿子，大型相亲现场！隔壁小孩馋哭了——简评《请吃红小豆吧》,1987
32754868,BV1zW411S7F6,115466,13185,1538395238,2018/10/1,39785,16:00,62986,//i2.hdslb.com/bfs/archive/73f14e126d1d06b862e9b9148712bc23ce724e13.jpg,473931,30877,20:0:38,【潇洒一辣】当校园成为地狱，所有人都无法逃脱——论校园霸凌,13740
30799301,BV14W411f7DP,20355,2471,1535716803,2018/8/31,3813,11:56,13187,//i0.hdslb.com/bfs/archive/803aeb78616d50ddb58a7f9a50b2cfda30d4ff43.jpg,203717,390,20:0:3,【国动万象】我今天就是要狠狠地吐槽梦塔！,2083
29350584,BV1Ms411M7kf,19605,3280,1534262416,2018/8/15,9718,01:09,22642,//i1.hdslb.com/bfs/archive/081dda769b9a8317c0121e0e659f354f2d52c65d.jpg,980673,2454,0:0:16,【肾日快乐】阿珍爱上了阿强（没用原唱骗你！）,3591
29249512,BV1qs411T7wW,15811,2674,1534161649,2018/8/13,19742,08:05,16071,//i2.hdslb.com/bfs/archive/d7874c3561d3cef53a0342c484ecd0f5c8e17038.jpg,313901,5090,20:0:49,【拯救咸鱼】8分钟帮你改掉拖延症,6976
28448053,BV11s41137sp,80955,5170,1533300796,2018/8/3,28154,11:40,42139,//i2.hdslb.com/bfs/archive/09818e12632d6b7c362b0ded8c4b96aa7d31290d.jpg,667405,6285,20:53:16,【国动万象】我竟然在一部国产动画里讨论三观？——简评《刺客伍六七》,7350
27258740,BV1Rs411E7Mt,21492,4659,1532088023,2018/7/20,6763,11:39,12538,//i2.hdslb.com/bfs/archive/e3bbdc6247318c778ffebfa135716b3ee4c027bf.jpg,259493,5338,20:0:23,【国动万象】我今天就是要狠狠地吐槽凸变2！,3681
22903379,BV1iW41137sP,2035,951,1525348837,2018/5/3,529,11:26,2407,//i0.hdslb.com/bfs/archive/4b982884ffd389aa55aef3010adfadb818105b7b.jpg,120715,235,20:0:37,【补肾】日天肾穿越《一人》手游化身猛男，大战宝儿姐,1143
22522080,BV13W411L74A,5698,765,1524916811,2018/4/28,1679,12:11,3889,//i0.hdslb.com/bfs/archive/aaf35c58996eaa141873f799d30faaf3c705585a.jpg,114931,178,20:0:11,【国动万象】口水直下三千尺！超下饭的国产美食番——食神魂,1329
22014410,BV1AW411T7PR,11862,1617,1523707242,2018/4/14,3922,10:13,7175,//i2.hdslb.com/bfs/archive/5b1ea5597aa97db0274234f97820bb6650ff82ef.jpg,248817,952,20:0:42,【国动万象】笑中带泪！好看不火的国产神番——凸变英雄BABA,1918
21083262,BV1hW411g7LT,30538,3072,1521806445,2018/3/23,12014,13:27,12232,//i0.hdslb.com/bfs/archive/66dfa7ac1b12dcdb3477e969d3030480ce2c02df.jpg,334244,2330,20:0:45,【肾入解读02】诸君，我喜欢恶人——简评《蝙蝠侠黑暗骑士》小丑,2451
20495514,BV1iW411W7WW,73996,5660,1520568013,2018/3/9,27110,15:24,29826,//i0.hdslb.com/bfs/archive/1f52aa3bd4ab9f60df660e4af691fd6e0e3dbd04.jpg,281139,6776,12:0:13,【肾入解读01】富饶又贫瘠的中国文化——简评《国家宝藏》,5821
19663380,BV1zW411j7QX,17672,1072,1518782437,2018/2/16,6187,04:38,8339,//i2.hdslb.com/bfs/archive/11a083f76bb7b8cda2154148d72ec6edd2b578dd.jpg,127882,2532,20:0:37,【潇洒一辣】春节战法！教你应对亲戚们的扎心问题！,1280
19428938,BV1fW41177Qe,24335,3176,1518283044,2018/2/11,8511,10:24,21124,//i1.hdslb.com/bfs/archive/bc4f66978be45445e25a09517ad5816b1bd13466.jpg,836918,4809,1:17:24,【国动万象】你真的看懂了灵笼吗？灵笼PV全面解析吐槽大猜想！,4426
18460853,BV1kW411v7GQ,12149,2285,1516364825,2018/1/19,2785,07:01,5117,//i2.hdslb.com/bfs/archive/d8f423381fae14c2792f568d0ec1a2d09d9369bc.jpg,211242,723,20:27:5,【补肾】震惊！日天肾的飙车史！,2912
18487799,BV1UW411v7ZY,19004,851,1516362249,2018/1/19,4111,07:48,6062,//i2.hdslb.com/bfs/archive/a702e152da0af925f748deab3929045323b71805.jpg,95621,452,19:44:9,日天肾和粉丝们的人生相谈,1988
18220925,BV1uW411q7g5,7497,1319,1515762008,2018/1/12,1995,07:47,4159,//i1.hdslb.com/bfs/archive/7b2ea22d4cf7e9efcf12e07e61efb4c549191f74.jpg,144952,470,21:0:8,【国动万象】没有了热血搞笑软色情，国产动画依然可以打动人心——我是江小白,1349
17592476,BV1WW411t7b3,34850,4328,1514127290,2017/12/24,8369,12:36,12337,//i0.hdslb.com/bfs/archive/f3e9cd4260c514ff38d7d45a3ea1a8c1987f4013.jpg,271533,2675,22:54:50,【国动万象】大俗大雅，一人之下,4355
16830296,BV1hW411a762,8341,1043,1512129652,2017/12/1,2353,11:28,4403,//i2.hdslb.com/bfs/archive/060c908bf142d30a97aa66c55526be700a3ef7b1.jpg,151706,442,20:0:52,【国动万象】牛头人也有春天——狐妖小红娘P4,1275
16325269,BV1Vx411L7L1,5819,1580,1510668038,2017/11/14,2852,02:05,4189,//i2.hdslb.com/bfs/archive/0f650e1fa7d5513347c41b66765dfb4b35327715.jpg,148054,884,22:0:38,【潇洒翻唱】晚安喵,1289
16201876,BV1jx41177x2,27116,2821,1510322225,2017/11/10,9444,18:01,6870,//i0.hdslb.com/bfs/archive/928aa72f76bda1bebb92fbacd2b0e8c2c9647fff.jpg,284253,3325,21:57:5,【国动万象】不只中国风，更具中国骨——中国唱诗班,5487
15394001,BV17x411g7LY,23239,9105,1507991503,2017/10/14,4148,08:51,5147,//i2.hdslb.com/bfs/archive/3847ea76c13e8e4de00cdd0365a9d630420cc81d.jpg,251243,5427,22:31:43,【潇洒一辣】鹿晗你不能欺负我妹妹,4794
14971803,BV1Sx411g759,40063,4154,1506878324,2017/10/2,9551,12:36,8044,//i0.hdslb.com/bfs/archive/40166adf0690820b7a44a947c184521c73aad33f.jpg,210173,5706,1:18:44,【潇洒一辣】我们的性教育正在被家长扼杀,4729
13812937,BV1Ax41187mv,16474,3109,1503679377,2017/8/26,7132,10:57,3270,//i0.hdslb.com/bfs/archive/928228a385602dad84f48a727c5591e24f1cfccf.jpg,354728,3636,0:42:57,【国动万象】你可能错过了今年最好笑的国产电影——十万个冷笑话2,4350
13453315,BV1Mx411J7Dp,27265,3562,1502902298,2017/8/17,8525,12:46,4149,//i1.hdslb.com/bfs/archive/bd78cb2734c1c35dc141a1be0ad775c15bb9edc4.jpg,242499,1624,0:51:38,【国动万象】形式大于内容？政治A片？另一种思路解析大护法,3250
11203644,BV1Ux411a7He,15786,5156,1497026577,2017/6/10,8432,17:53,2941,//i2.hdslb.com/bfs/archive/028dad8e897dd3d4fe8fb5d27c3647831378a37a.jpg,295948,3283,0:42:57,【国动万象】天才VS普通人，比高考更残酷的赛场——凹凸世界,13352
7503161,BV1Gs411e73G,37234,8715,1481553405,2016/12/12,13704,14:38,5778,//i2.hdslb.com/bfs/archive/ca0f7a608fac7dcfe1edb80e624b17cf3a0bb48e.jpg,667980,2022,22:36:45,【国动万象】你可见过一集五十分钟的国产动画？,9753
6574804,BV1ms411x7NV,15780,3181,1475772695,2016/10/7,4486,13:08,1205,//i2.hdslb.com/bfs/archive/73b19d9a333dd2c4719e0052703b8acf0f5fff7b.jpg,352770,1484,0:51:35,【国动万象】傲娇又伟大的异地恋——狐妖小红娘P3,6174
6344541,BV1Ls411t7Cm,9599,3499,1474286658,2016/9/19,3453,04:51,956,//i1.hdslb.com/bfs/archive/02937b0474f69e82fca64cd6dd89a88f1a4747d5.jpg,311019,1336,20:4:18,【潇洒翻唱】有点甜,8100
5727953,BV1ds411C7Yv,61319,13715,1470725502,2016/8/9,9027,20:49,3595,//i2.hdslb.com/bfs/archive/31a2abc3e28a22b4d87416e5b4900b65b984fbc5.jpg,450727,2002,14:51:42,【潇洒一辣】如何评价UP主齐天大肾余潇洒？,26131
5300935,BV14s411y7N4,87652,60699,1468300880,2016/7/12,23577,14:57,3436,//i1.hdslb.com/bfs/archive/69f8b20ea5405aabb66590d6780c709905d47a0b.jpg,958344,27686,13:21:20,【国动万象】千夫所指的璞玉——大鱼海棠,49106
5098406,BV1Js411v7MD,22708,3306,1466912850,2016/6/26,5853,11:57,1271,//i0.hdslb.com/bfs/archive/86aa75788d84cb0651cd5ceb8ca82776645a2b1e.jpg,530366,1889,11:47:30,【国动万象】这条飚车街，我说了算！——镇魂街,9841
4921472,BV1js411q7My,49380,7443,1465490831,2016/6/10,34340,15:11,5620,//i2.hdslb.com/bfs/archive/c85623e07d13c917bba39c134adda8bb03719af2.jpg,689341,19987,0:47:11,【潇洒一辣】你知道什么是高考吗？,18267
4864548,BV1fs411i77k,6349,1832,1465048130,2016/6/4,3807,04:06,767,//i0.hdslb.com/bfs/archive/a3fa9fb63017f73e862d513e611d0cad6b81085d.jpg,471645,1686,21:48:50,【潇洒翻唱】我是全英雄联盟最骚的骚猪,3483
4684279,BV1es411B7rS,265356,32651,1463488131,2016/5/17,99066,12:51,46774,//i2.hdslb.com/bfs/archive/43edc69b506fccfece2715da13bf477306f93043.jpg,2029440,78346,20:28:51,【潇洒一辣】请把尊严还给中国医生,43924
4450899,BV1Ps4116759,80212,17771,1461422629,2016/4/23,18154,19:26,2657,//i2.hdslb.com/bfs/archive/68ab36f27f43ae9a40258ccc4cd4fd42b227c6e8.jpg,577813,16880,22:43:49,【国动万象】跟风黑的狂欢——“神坑”《大鱼海棠》,20253
4185814,BV1Ms411X7wc,7768,1505,1458912975,2016/3/25,2014,10:31,745,//i2.hdslb.com/bfs/archive/907a82a5357164af66b1f0814e0082fafb6703c2.jpg,221187,531,21:36:15,【国动万象】莫慌喷！待我来分析一波灵剑山！——从前有座灵剑山,3542
4005226,BV1ps411Q7gN,20325,3263,1457003407,2016/3/3,4915,16:27,1473,//i0.hdslb.com/bfs/archive/23c03573432fdd720182f8f5f5d2da686204af12.jpg,361479,1117,19:10:7,【国动万象】看个动画还要钱？——由灵域到更多,8201
3885094,BV17s41197VT,11044,2763,1455846227,2016/2/19,5802,15:04,847,//i0.hdslb.com/bfs/archive/051ab0d19d44b569f298cc636d33861a69197553.jpg,495367,1481,9:43:47,【国动万象】男人，就应该干男人！——疯味英雄,8687
3708890,BV1es411X7Ao,52758,7428,1454165908,2016/1/30,15162,15:48,3211,//i2.hdslb.com/bfs/archive/7c9ebbe9e2ee663e1b6167843405caf7ea364b3d.jpg,481808,7284,22:58:28,【国动万象】国漫将成遗珠？——由黑白无双到更多（补档）,955
3631915,BV16s411R7UK,6330,794,1453381430,2016/1/21,2831,08:30,810,//i0.hdslb.com/bfs/archive/480d08daa2a3c300369a5dcd2adc2823256baf81.jpg,385741,393,21:3:50,【国动万象】后宫之王的养成方法——爱神巧克力,5812
3406391,BV1Gs411o7id,15119,1151,1450431791,2015/12/18,8001,16:45,2581,//i0.hdslb.com/bfs/archive/b35abc1655616c56a8dc555ad70168f725b8a139.jpg,367135,3159,17:43:11,【国动万象】细节成就癫疯——罗小黑战记,7993
2893708,BV1rs41117dt,5112,1121,1441972858,2015/9/11,5694,09:27,2457,//i1.hdslb.com/bfs/archive/a94234e8772151d32f7a06b451bc6bab9168f129.jpg,523826,794,20:0:58,【国动万象】一个邪恶组织的巅峰之作——纳米核心,6397
2749730,BV1bs411m7J3,62922,7568,1439769996,2015/8/17,24257,06:00,4033,//i1.hdslb.com/bfs/archive/4f8f3d05205852c54009c04d5367f5ab8d3e322a.jpg,873809,4832,8:6:36,【潇洒一辣】国产动画何时王者归来？,37629
2717352,BV1Es411m7qJ,4825,1057,1439264942,2015/8/11,5183,13:25,2749,//i0.hdslb.com/bfs/archive/6122c07600ffb64046d14e3d91944f7e6ddcea2e.jpg,317567,1252,11:49:2,【这个动画不一般】赫尔墨斯之鸟乃吾之名，噬己翼以驭吾心——Hellsing,6581
