﻿aid,bvid,coin,comment,created,date,favorite,length,like,pic,play,share,time,title,video_review
838403206,BV1Ug4y1i7WJ,14353,1800,1591779602,2020/6/10,11958,01:48,75904,//i2.hdslb.com/bfs/archive/db35004b9a90a4de38361fa4ba0f637bc6a13b72.jpg,647926,1702,17:0:2,贝多芬听了都会摇,2143
455912394,BV1o5411p7pu,3432,932,1591020377,2020/6/1,3114,05:56,34167,//i0.hdslb.com/bfs/archive/8edca182f86e8eee8b40e02d31f478ac35b01648.jpg,263743,389,22:6:17,艺 术 童 年,6535
370767514,BV1zZ4y1p7Bo,23574,2133,1590315744,2020/5/24,29260,01:31,171919,//i1.hdslb.com/bfs/archive/b8ca54dedd688ee0380866a9c50e78f83b59f010.jpg,1783854,3190,18:22:24,当 当当 当当 当当当当,4647
710727237,BV1zQ4y1A7qz,224906,5504,1589536814,2020/5/15,221841,01:22,677855,//i1.hdslb.com/bfs/archive/49f714eb27937bbca5b14d8033eeb4f7838fb1b5.jpg,7380313,65914,18:0:14,【特朗普】没有人比我更懂模仿！,13311
243049857,BV16e411p7Kw,11349,2040,1588640435,2020/5/5,8787,01:33,47098,//i0.hdslb.com/bfs/archive/c257d2b34df8fee754efba9d5ca9486d7048c798.jpg,318071,5787,9:0:35,卢本伟献给新一代的演讲《赌浪》,2942
497971752,BV1tK411578N,4348,1085,1588305642,2020/5/1,4022,10:31,36228,//i1.hdslb.com/bfs/archive/df16fc2a06cc05b52c75930aac15bd33702db88e.jpg,347623,373,12:0:42,教你在妹子面前秀魔术，扑克牌运动带师！,6133
540253935,BV1Bi4y1876E,39272,8280,1587380466,2020/4/20,50324,02:03,186999,//i0.hdslb.com/bfs/archive/0b05381743cfe791da4ef851b8b12d80eb57965a.jpg,3271176,28609,19:1:6,伏拉夫最新单曲《财富密码》,19816
840221223,BV1T54y197zP,71634,3806,1586836550,2020/4/14,55901,02:24,198780,//i1.hdslb.com/bfs/archive/b1cf46c61545b8b34aedd0ad84c33ea950a20b1c.jpg,2096414,18958,11:55:50,老八挑战RAP语速极限《美食家》,18115
837714915,BV1ig4y1878Q,19359,2148,1586594294,2020/4/11,14285,01:34,114953,//i1.hdslb.com/bfs/archive/611badd16235edf3136952a5d157efd6c52210d4.jpg,1186169,2961,16:38:14,黑人抬棺最骚版本（Beatbox）,6406
582655838,BV1v64y1u7Bi,3797,1751,1586490476,2020/4/10,5545,01:16,57438,//i1.hdslb.com/bfs/archive/ee5b50d0d236e0eb19481125bda7c95c7e11d32d.jpg,587721,954,11:47:56,不要再网络暴力了！,2780
540097546,BV1Di4y1b77i,4948,2108,1585889461,2020/4/3,6367,05:50,81168,//i0.hdslb.com/bfs/archive/858f7e08ded529c0fb5022822711eea1d9435e4d.jpg,616343,1491,12:51:1,建议改成：魔 术 带 师,27770
99534969,BV1Z7411C7VS,23033,9456,1585215317,2020/3/26,27092,03:36,106231,//i2.hdslb.com/bfs/archive/aa4b1df01d713417e554c60a48013fde0546f4bb.jpg,2703468,39250,17:35:17,我 输 了,15182
96345972,BV12E41137wL,9002,2181,1584201600,2020/3/15,11029,01:14,63129,//i0.hdslb.com/bfs/archive/f50489ecdf9fc777995e95d27d4c23b6767e0020.jpg,779363,12638,0:0:0,人家是小姐姐啊~,6807
92190775,BV1b7411N7Dg,13276,2488,1582813387,2020/2/27,9464,01:56,75985,//i0.hdslb.com/bfs/archive/b5e71ab7d5bc8c94f810e3c16848e665bf82fad4.jpg,777842,2413,22:23:7,一切都是因为在家太无聊,10998
89013546,BV1r7411g7eo,89303,3331,1581739248,2020/2/15,39549,07:01,158347,//i2.hdslb.com/bfs/archive/635105ec7aa212f0cea1ee3ee3715e32e03220ef.jpg,1073930,7747,12:0:48,声援疫线，Sing4U！B站各区知名Up主邀请运动员/艺人/CV等一起为武汉加油（原创音乐/人物录屏/应援念白/手写字条等）,23339
87646992,BV1y7411t7Kt,149711,22113,1581213658,2020/2/9,199809,01:08,502449,//i2.hdslb.com/bfs/archive/bf93074b04128bb84ff8617abf21aad70ed9ee5c.jpg,11365530,364949,10:0:58,老公你快说句话呀,29464
86951721,BV1t7411H7Zh,4179,1367,1580910629,2020/2/5,3534,28:01,33262,//i0.hdslb.com/bfs/archive/8c225012c4b64b7b0c52eaf2ae766c771d9558dc.jpg,499846,791,21:50:29,爷有第二次勾这个木桶吗？！,17783
85625945,BV1c741167Fd,33493,3908,1580356814,2020/1/30,11830,05:39,93099,//i0.hdslb.com/bfs/archive/0cf3bc492e851a9c25c301bba0d2f0a479e2633a.jpg,840609,910,12:0:14,七年了，我变成这样了,12465
85430388,BV1C7411r7Yo,19241,1367,1580208318,2020/1/28,22352,00:54,86894,//i0.hdslb.com/bfs/archive/689334504d5c6d2af19cbbf511bca55a4cd5345b.jpg,1257764,13378,18:45:18,硬 核 广 播,2071
85150819,BV127411k7ym,4686,593,1580097627,2020/1/27,2859,02:07,22882,//i0.hdslb.com/bfs/archive/efa58318e609fc220da607485b676af0e57f1fd4.jpg,290277,385,12:0:27,失传已久的纯人声串烧版《恭 喜 发 财》,492
83466664,BV1xJ411J7Ue,98878,2183,1579060855,2020/1/15,93554,03:31,213924,//i2.hdslb.com/bfs/archive/2e1b99776554cfa9f952b08a829d7bd8f5769730.jpg,3855545,73927,12:0:55,食 神,18727
82899838,BV11J411H7hD,6759,791,1578711651,2020/1/11,4362,03:55,50531,//i0.hdslb.com/bfs/archive/d7015167befc8fd26a91c9ef6b1a145b182c4a65.jpg,577728,666,11:0:51,他点的赞，凭什么我来承担！,2950
81890004,BV1CJ411j7m3,87837,1614,1578132034,2020/1/4,34268,03:45,110594,//i1.hdslb.com/bfs/archive/2c63ffd5613231a2c9d20391eb48c63533b8bd34.jpg,801323,3986,18:0:34,真一口气打完2019年度热门曲！,5565
80785351,BV1YJ411Y7Bg,5741,592,1577415638,2019/12/27,6152,00:52,34465,//i2.hdslb.com/bfs/archive/246c4dcd856a7270269bdf133564cb7fdfcfbd5b.jpg,579376,1186,11:0:38,电音穷哈,691
79980754,BV1vJ411x7t3,10516,2057,1576844396,2019/12/20,7103,02:33,72928,//i2.hdslb.com/bfs/archive/66a193c0b87e9b8d276f7349e4967e411272ab53.jpg,645384,663,20:19:56,B站UP主现状（极度真实）,2799
79079341,BV1BJ411C7kZ,20070,983,1576220882,2019/12/13,11322,06:48,67566,//i2.hdslb.com/bfs/archive/97763dc3e0133d0ba5c5bc05e863380b91e241fb.jpg,891879,2075,15:8:2,最牛逼的倒放挑战！,13589
78698782,BV1GJ411y7ui,393644,5424,1575950419,2019/12/10,442118,01:36,755830,//i0.hdslb.com/bfs/archive/50601f9a07cd1b7bd341d39564adb4d1d297b2cd.jpg,17217577,331968,12:0:19,奥利给妙妙屋,41284
78429604,BV1RJ411e7zW,5369,521,1575795616,2019/12/8,4809,01:54,23680,//i0.hdslb.com/bfs/archive/cba73f13bc061cf60bb6c36a5290730c2e8ff505.jpg,278213,751,17:0:16,【郭杰瑞】外国人开蓝翔挖掘机这么强？,606
77720885,BV1gJ411z7QE,40751,1982,1575202350,2019/12/1,49561,01:15,131558,//i0.hdslb.com/bfs/archive/743569a224a4936d2977e7aa5c6fe218f740a8c2.jpg,2475889,13676,20:12:30,给我爬！,4897
76662181,BV1jJ411d7TM,34049,1478,1574472613,2019/11/23,36377,01:18,84872,//i2.hdslb.com/bfs/archive/09bc414a946322fae1566ef624d8d2df9af9e12d.jpg,2032658,15771,9:30:13,霓 虹 迪 斯 科 之 主,3494
76017474,BV1LJ411S7xi,38644,1522,1574071210,2019/11/18,46579,00:45,92559,//i1.hdslb.com/bfs/archive/090a5c74445c675be6f7ab79d0fa1ecdecf92266.jpg,2330094,20556,18:0:10,银 河 之 主,5290
75957805,BV1MJ411S7rp,125449,3228,1573954200,2019/11/17,91626,02:59,314639,//i0.hdslb.com/bfs/archive/39a0c6987e70925b8e8dabf07384fd68206ace8a.jpg,5589570,49853,9:30:0,当你看了300遍的影流之主,18734
74758033,BV18E411i78G,314961,6549,1573099222,2019/11/7,178465,03:25,367383,//i0.hdslb.com/bfs/archive/cc464170e1e8ba12ec25ac3a3bf7519ca1433107.jpg,3507785,81469,12:0:22,奥利给大战豫章书院【除恶扬善】,35717
73934400,BV1vE411b7Df,12616,594,1572494442,2019/10/31,19314,01:33,45192,//i0.hdslb.com/bfs/archive/8d4fc780367b2bfb6c81f1beadf80671b9e3fd05.jpg,875996,5889,12:0:42,如果你朋友正在生气，让他看看这个视频！,723
71621651,BV1yE411r7KF,23099,796,1571402135,2019/10/18,15040,02:48,38610,//i1.hdslb.com/bfs/archive/0c21a2f45f69419e8f3d9b6f999b86aaa5c6b467.jpg,352358,3317,20:35:35,全明星Say Goodbye！,2967
70198176,BV11E411D7eu,8052,1794,1570274884,2019/10/5,5558,06:55,32443,//i2.hdslb.com/bfs/archive/d05bea5f91e7a0745d2a7eb0efaade70e8d2ea76.jpg,375730,2821,19:28:4,女装直播，舞动青春！,7089
69609887,BV1KE41197uv,44313,3857,1569911502,2019/10/1,22491,05:21,154221,//i0.hdslb.com/bfs/archive/3487e2f10bb18a047e0ef24c0b5f4f05f1b209ac.jpg,1427333,7349,14:31:42,全B站最狠女装！粉丝送什么穿什么,14382
69045071,BV1JJ411T7sS,122242,2303,1569556826,2019/9/27,130912,01:41,253281,//i2.hdslb.com/bfs/archive/871b9f8ee1060da32b3f9e8a868512d8affebda6.jpg,5051464,69032,12:0:26,我是你爹,6661
67253348,BV1GJ411K7fN,9602,667,1568113221,2019/9/10,6529,05:47,24311,//i2.hdslb.com/bfs/archive/23334e2cd05f2e65a3af2f876177d0b3e3e24938.jpg,423329,1792,19:0:21,教你如何鬼畜BGM,2745
66736052,BV1x4411y7CL,2738,322,1567760402,2019/9/6,1963,07:00,12934,//i2.hdslb.com/bfs/archive/49abdda209c9712050f479d728f74d58a356ddcb.jpg,238800,584,17:0:2,沙雕鬼畜UP挑战最难跳跃游戏，崩溃了,2749
66537165,BV1T441127Bj,3370,1176,1567587659,2019/9/4,2638,04:36,15930,//i1.hdslb.com/bfs/archive/e197544e7a20bad3f926606ee7f914672ae044ea.jpg,293480,1087,17:0:59,每天一遍，舞动新宝岛！,3530
66326886,BV1V441117Yk,1195,385,1567393232,2019/9/2,1286,05:37,9821,//i0.hdslb.com/bfs/archive/720ae02e81b370b2c25ce55364bfafe0f7612b77.jpg,238653,643,11:0:32,千万别玩斗地主！！,2292
66096384,BV1k441127KJ,18587,3107,1567205253,2019/8/31,16717,01:01,71272,//i0.hdslb.com/bfs/archive/d7d11a0037f05a71f092974c7a7bcfbbbf4bcc5c.jpg,1975085,16389,6:47:33,在线鬼畜吴亦凡新女友！循环就完事了,3538
65814164,BV134411q7eu,3614,848,1567040409,2019/8/29,4954,01:04,30223,//i0.hdslb.com/bfs/archive/4360d8b9de04e300ab0c583c8d6ae4d4f03a4dfc.jpg,515879,2112,9:0:9,看一次笑一次，黑人学我打Beatbox,1184
64658142,BV1t4411d7ua,24631,1212,1566360031,2019/8/21,11122,06:55,50200,//i0.hdslb.com/bfs/archive/34e7a759838d2ab5b883dc75af0393c0f4af5e38.jpg,786307,3501,12:0:31,鬼畜up让粉丝跟黄晓明同台演出！,9437
63880686,BV124411U7vR,7670,1960,1565879992,2019/8/15,4936,09:01,23811,//i0.hdslb.com/bfs/archive/0ea789aca00096ce6fe990c25f4f773752ee0a18.jpg,319114,1411,22:39:52,每天一遍，舞动青春（直播精华合集）,7889
63551006,BV1m4411S71R,9142,1571,1565703288,2019/8/13,10125,00:51,50726,//i1.hdslb.com/bfs/archive/e33486157ff3bfd4e33aedda00bf74c970514194.jpg,813409,2945,21:34:48,大陆吃不起榨菜，专家开心的唱起来,2258
62518791,BV1Dt411K7ch,5830,1112,1565099314,2019/8/6,3389,28:31,20420,//i1.hdslb.com/bfs/archive/d2e09069917ed5ed7a7a64b9d91013aa05416a22.jpg,281590,697,21:48:34,十年前的宅男恋爱互动视频什么样的,11937
61221259,BV1wt411A7Gr,18791,3617,1564362024,2019/7/29,25006,01:10,83474,//i0.hdslb.com/bfs/archive/fe03ed44e458052ff375cd68ee711efa5ffba2e5.jpg,3281410,32333,9:0:24,乔碧萝殿下翻车现场Freestyle,5295
60929142,BV1Vt411P7QR,42086,2512,1564189244,2019/7/27,20577,12:52,71023,//i1.hdslb.com/bfs/archive/fe9dd4995279e116a02452de09c8c4ab8ef7bd52.jpg,816170,3795,9:0:44,鬼畜UP看鬼畜自己的视频，并用鬼畜回应！,27512
60020089,BV19t411n7kZ,48031,1842,1563632553,2019/7/20,22251,08:48,81411,//i2.hdslb.com/bfs/archive/62434476d3e7df92f26bc8e22a138f61821cfd26.jpg,1109746,5244,22:22:33,为粉丝做鬼畜，收到奇怪素材,19433
59163900,BV1St411V7jL,15992,2559,1563101835,2019/7/14,19117,23:57,45048,//i1.hdslb.com/bfs/archive/568dcb08c44ee5f062e72245e265fce8be8e00e2.jpg,625361,3746,18:57:15,这游戏居然让我变成坤坤？！,36621
57945908,BV154411c7pX,157101,2255,1562318222,2019/7/5,44989,07:22,194535,//i2.hdslb.com/bfs/archive/b5cfe191ba43bdf63553662b56520195ed98f80f.jpg,2300711,9976,17:17:2,全B站第一个为粉丝做鬼畜的UP！,19728
56241475,BV1E441137zb,180809,3049,1561089642,2019/6/21,113862,06:59,203958,//i2.hdslb.com/bfs/archive/34493725b321f3a93f9a5e07be10432a3a703e44.jpg,2786049,62756,12:0:42,【全明星】中国新说唱惊现鲲鲲！,20203
55545415,BV1A4411N79F,17815,1320,1560494689,2019/6/14,5618,08:22,48150,//i2.hdslb.com/bfs/archive/0df1cf080b16a3b3829e3152c4523086308bbe1f.jpg,379511,654,14:44:49,点赞过2万给粉丝做鬼畜！（读评论）,7705
54081423,BV114411H7ad,26832,2079,1559275207,2019/5/31,17173,04:21,43175,//i1.hdslb.com/bfs/archive/f0db539e71df736f89f4cdba7bcd8ee14b23f9a0.jpg,754109,9159,12:0:7,新坤凡故事2019,3545
53347911,BV1E4411L7rG,223477,27344,1558605927,2019/5/23,79374,09:57,361082,//i0.hdslb.com/bfs/archive/bbb2e89d01830e7bbcbce85ab6e606f925d847e0.jpg,4303417,18746,18:5:27,鬼畜区UP被ikun骂到自闭（读私信）,129032
52530904,BV1g4411J7Pt,249524,8217,1557914752,2019/5/15,181299,04:01,363639,//i0.hdslb.com/bfs/archive/9c2dcfdf6dcc05a76f88f1bcb8d86eb85b938bb3.jpg,8092659,186041,18:5:52,午 夜 鲲 铃,63439
51442604,BV1o4411v78f,432201,11182,1556969687,2019/5/4,287561,02:48,547002,//i0.hdslb.com/bfs/archive/a59058af93552806de57180e7680f8f88d708d33.jpg,8052832,320388,19:34:47,你这鲲鲲已经会勾引人？,51192
51172582,BV184411x7w2,1981,281,1556786424,2019/5/2,2361,01:47,8532,//i2.hdslb.com/bfs/archive/345cf1cd2b5b5b620cfd8aec5b030b4cb7551b11.jpg,312580,428,16:40:24,吴亦凡：这首歌我能听几千遍,396
49759297,BV1Kb411L7UP,25938,4233,1555646401,2019/4/19,18747,02:57,48653,//i1.hdslb.com/bfs/archive/71f6847d9858029d8bef23776ef1ef76d5870452.jpg,1636387,7973,12:0:1,吴亦凡，对不起,9135
48828477,BV1Sb411T7qz,317518,25233,1554818432,2019/4/9,227868,01:52,441457,//i0.hdslb.com/bfs/archive/de9009afc4ae6def99d723e50284a300ca5bc8f2.jpg,11439346,229327,22:0:32,【蔡徐坤】放荡不羁电音之舞,79908
47615170,BV11b411x7rD,29124,1138,1553832027,2019/3/29,17217,05:57,33705,//i0.hdslb.com/bfs/archive/afaf302e83a73399434707505867829d9a755e08.jpg,754500,18349,12:0:27,【海王】寒王 VS 吴亦凡/蔡徐坤【第二期】,4536
46938158,BV1db411j74f,56211,1658,1553178032,2019/3/21,39527,05:46,58493,//i0.hdslb.com/bfs/archive/0621fa1658ad2785c2ff437b998563f11fb33daf.jpg,1476553,45848,22:20:32,【海王】灵寒子 VS 孙笑川&药水哥《寒王》,5167
46692052,BV13b411E79y,374,110,1552925569,2019/3/19,333,01:41,1640,//i1.hdslb.com/bfs/archive/386ed6710657100dffca143c9cdcd23011229a7b.jpg,82696,125,0:12:49,【中暑哥】我怎么这么热,111
45935942,BV1Kb411e7Z2,23552,2560,1552229359,2019/3/10,15589,04:43,30580,//i1.hdslb.com/bfs/archive/6f801b03a4bc933bfe261fad7f2294481a3ad3c3.jpg,526888,17026,22:49:19,吴亦凡 Love 蔡徐坤【第三期】,4731
45204114,BV14b411B71e,25061,1738,1551580384,2019/3/3,26606,01:30,47679,//i1.hdslb.com/bfs/archive/e47581aa626bae6ac51c7d0e05d79b67ddf91397.jpg,1492425,13117,10:33:4,欠我的用什么还！,3803
45007405,BV1pb411b7Us,22153,1996,1551435029,2019/3/1,22093,02:07,35760,//i0.hdslb.com/bfs/archive/2f8a86d3108f379089ab6c27d362803d47815fd5.jpg,1103258,23933,18:10:29,吴亦凡 VS 蔡徐坤【续集】,2279
44872525,BV1Qb411t7sz,38291,2494,1551275189,2019/2/27,33985,01:31,58419,//i1.hdslb.com/bfs/archive/9214f7c8fc97b7e6d769a0da5e32d02c91878c87.jpg,1731759,47431,21:46:29,吴亦凡 VS 蔡徐坤,3390
44524220,BV1jb411a7mi,757,223,1550970042,2019/2/24,1318,01:32,2988,//i2.hdslb.com/bfs/archive/f7ccda98ecd6681376a25336c34c2b102e211122.jpg,112321,491,9:0:42,【爱保】卖萌二次元女友，我想吃鱼喵呜~,211
44191339,BV1Vb411Y7R4,859,84,1550662382,2019/2/20,642,01:11,1602,//i1.hdslb.com/bfs/archive/d40ea13bf26a3a3a76cb094d687620b26e36e2cc.jpg,44738,144,19:33:2,【堡垒音乐家】嗨皮岛里做千本樱,64
43601495,BV1Jb41127rM,16057,2198,1550192449,2019/2/15,16328,00:51,25035,//i2.hdslb.com/bfs/archive/3614066a32e538b2401762bab5724af6c7894824.jpg,596206,16257,9:0:49,你们这是什么群啊,2377
43233176,BV1fb411S7i7,3446,196,1549881008,2019/2/11,3068,01:10,5061,//i1.hdslb.com/bfs/archive/a6db7eaf4bcd57ca9e104f2f84bb070a84a2a5ec.jpg,121122,534,18:30:8,【堡垒音乐家】嗨皮岛制作小马丁的电音,266
42959480,BV1Yb41167Y3,1025,130,1549618363,2019/2/8,946,01:33,2369,//i2.hdslb.com/bfs/archive/2a8fb223cf77d31bbc1d3556510196232d055a74.jpg,74912,322,17:32:43,【土味全明星】爱在心间，嗨到飞天,123
42446821,BV1Lb411C7Zv,4392,543,1549102743,2019/2/2,4931,01:19,7535,//i1.hdslb.com/bfs/archive/2444300a52c1b10b8a4b19e5d84dbf81cced877e.jpg,131531,1841,18:19:3,【蒸汽波】刘醒非凡,386
42033950,BV1kb411C7j7,860,178,1548777609,2019/1/30,839,04:01,1992,//i1.hdslb.com/bfs/archive/1db473e245a971661104afbbc18069bf1d402517.jpg,77162,555,0:0:9,【2019春晚】中国顶级山歌battle《山歌王》,260
40964397,BV19t411h7qh,1596,184,1547718265,2019/1/17,2664,01:56,4374,//i2.hdslb.com/bfs/archive/fe9eb323f187b161dc5bf7ff944f59c9f0e722cb.jpg,103007,637,17:44:25,小熊软糖即刻电音,185
40347232,BV1wt411x76N,1011,168,1547092852,2019/1/10,635,01:38,1679,//i2.hdslb.com/bfs/archive/b1dac8205821dd58fd84a913ffa8e466f5cb817a.jpg,41986,237,12:0:52,【赵本山】阳光彩虹赵大宝,96
40112768,BV1Dt411W7ak,418,111,1546826426,2019/1/7,257,04:12,930,//i0.hdslb.com/bfs/archive/9e29fe083bc9a6627cb9815cfe5fa3aa3c3a177d.jpg,21103,95,10:0:26,2018鬼畜弃坑音频合集,110
39235775,BV1Dt411r7Bm,2047,328,1545998007,2018/12/28,1267,02:20,3554,//i0.hdslb.com/bfs/archive/8d94f7d9a142ffb9f73f3de733fcd7191850b01e.jpg,73640,482,19:53:27,【章金莱】文体穷开花,181
38087414,BV1ot411v7co,10407,598,1544710848,2018/12/13,11092,02:08,14190,//i0.hdslb.com/bfs/archive/90310b9478e1b6b7e723153e7cef099a9210dbc2.jpg,448391,5262,22:20:48,【Rap鼻祖】大爷十年前说唱单曲《啥是酷呀》,755
37624629,BV1rt411S7r5,3432,454,1544183753,2018/12/7,4178,01:29,8380,//i1.hdslb.com/bfs/archive/746ff05c60ea81d0aebe38f956267f04c2b3adc8.jpg,346633,1892,19:55:53,好嗨哟,462
35547805,BV1pb411c7EQ,14253,808,1541668133,2018/11/8,16068,02:02,33472,//i0.hdslb.com/bfs/archive/a6a8cfb704fc79ca32cc88e1327fd234ba783ee1.jpg,558172,8235,17:8:53,寒王最新rap曲《没有实力别赛脸》,2094
30401768,BV1wW411Q7oR,10274,1660,1535300845,2018/8/27,11871,01:42,15548,//i2.hdslb.com/bfs/archive/1463789e19f4e2f6e5d8f96a63885318ab715026.jpg,491084,6878,0:27:25,【重庆娃rap】娃儿都要尊严,1633
29048605,BV14s411u7Fd,313,72,1533926616,2018/8/11,403,02:55,895,//i1.hdslb.com/bfs/archive/4cbdb19a42cb56ac721cd176053b4788e964d3b3.jpg,36963,97,2:43:36,【Van】Fa Fly (枪弹remix),66
28301941,BV12s411w7wp,88923,13960,1533155716,2018/8/2,86239,02:23,95441,//i0.hdslb.com/bfs/archive/686b140970d594316f2e66ab0db90ad628288772.jpg,5611681,99504,4:35:16,吴亦凡最新trap曲《大碗宽面》,20585
25640499,BV1us411j7eC,807,110,1530015279,2018/6/26,892,03:21,1501,//i1.hdslb.com/bfs/archive/fda504dbe5e705b9eb6fa4c342379b628c15dd5f.jpg,47104,175,20:14:39,一个大学生逃军训在寝室做混音！,143
25097804,BV1HW411c7aN,666,187,1529246003,2018/6/17,520,02:15,1977,//i2.hdslb.com/bfs/archive/33a55bbf1df9b068a553d3eb11b1096d41c48b9d.jpg,51355,186,22:33:23,【BEATBOX】离谱肉Freestyle,183
24703404,BV1wW411w7kB,3271,586,1528716522,2018/6/11,2368,04:30,3493,//i1.hdslb.com/bfs/archive/352ec6280857c641114323f544ef669dbfd7f626.jpg,144185,5595,19:28:42,网恋吗小姐姐，我肥宅音~,1274
23287604,BV1uW411F7cc,3895,630,1526028390,2018/5/11,4731,02:05,3291,//i0.hdslb.com/bfs/archive/297aaec9783b390939da8d8ec7857da80c8df2c9.jpg,233194,4715,16:46:30,【GIAO哥】单纯到底，no smkoing【正能量rap】,867
21556804,BV1pW411T7pA,3560,517,1522673010,2018/4/2,2221,02:12,1894,//i2.hdslb.com/bfs/archive/84657c0a9ab6a97c1fe0e097dc4f6df05fa8d3af.jpg,138095,674,20:43:30,【面筋哥】美人鱼妹妹,441
20858103,BV1qW411p72g,9436,1283,1521239182,2018/3/17,11234,02:07,8222,//i0.hdslb.com/bfs/archive/f756450fe2bf7b60d30ddfbee2bfcb7b2ac8942f.jpg,671845,7420,6:26:22,【面筋哥】烤面筋,1814
20376780,BV1hW411x73u,4468,691,1520182916,2018/3/5,4334,03:25,4215,//i1.hdslb.com/bfs/archive/f98c733d4e1d954d5cd6909ccb7e74650469b67e.jpg,411818,1408,1:1:56,【五五开】挂人,1508
18901250,BV1zW411n7Me,396,108,1517259105,2018/1/30,208,03:08,801,//i1.hdslb.com/bfs/archive/c181a684616889259a95974b55ef34577eb4bb76.jpg,17364,97,4:51:45,【翻唱】《奴隶》-Jony J【生日作】,82
18654173,BV1FW411e7mw,2846,297,1516731118,2018/1/24,6858,02:00,6976,//i0.hdslb.com/bfs/archive/54e1843492fc24f30d4f22b88b6ce97c8630f30a.jpg,155717,2140,2:11:58,小熊软糖电音萌曲,264
16511039,BV1wx411j7ws,72264,4158,1511165937,2017/11/20,69957,03:29,45605,//i2.hdslb.com/bfs/archive/ee388512a17e41011ee1c0edaea4c19b803fe158.jpg,1354273,50661,16:18:57,【老年有嘻哈】山东大妈狂秀Freestyle【RAP】,8272
10949307,BV1Hx411e7Xz,866,559,1496144984,2017/5/30,1072,01:34,445,//i2.hdslb.com/bfs/archive/c44b475a85ee13c81413e24f948fbdd0ca723d68.jpg,65659,1351,19:49:44,好好找个女朋友，做一个正常的人！,481
10774247,BV17x411Y7tC,551,179,1495550163,2017/5/23,441,02:31,311,//i0.hdslb.com/bfs/archive/0cb84fc423a1d8f5be53038fa101b1c803a9cebd.jpg,21472,148,22:36:3,守望先锋一周年电音【rap】,146
10677220,BV1tx411v7XN,8247,716,1495209335,2017/5/19,13603,01:35,6599,//i0.hdslb.com/bfs/archive/e8456fad786ed3a932bcdc39e437ab408a46c831.jpg,427870,6467,23:55:35,我的青春像鸟一样不回来,1755
8513300,BV19x41117uN,3656,753,1486651873,2017/2/9,4239,02:14,1642,//i0.hdslb.com/bfs/archive/75f435c1b0f4de5ff34fb9b66f56d07d315bda71.jpg,314598,1373,22:51:13,【马云】我没碰过钱，我天生讨女生喜欢~,1071
8184239,BV1zs411b7Dv,24398,7415,1485194674,2017/1/24,25150,02:09,5490,//i2.hdslb.com/bfs/archive/bdc3ceb35f96f05be3d531dfe225195dbd9921d7.jpg,992219,24376,2:4:34,【rap】小哥痛斥网瘾少年,10355
6748379,BV1zs4114749,764,192,1476941178,2016/10/20,723,01:04,496,//i0.hdslb.com/bfs/archive/4747679a6046e2c0f29e206d8df22e98de322fde.jpg,63353,503,13:26:18,告白香菇,269
5339910,BV1qs411y7et,3874,908,1468553915,2016/7/15,4783,02:50,748,//i1.hdslb.com/bfs/archive/804ade1ad064df65f225fd6ad9f9d2eaffea6274.jpg,252362,805,11:38:35,【厂长鬼畜】品味30种岛国饮料,1552
2195988,BV13s411D71i,42,117,1428414294,2015/4/7,84,55:41,192,//i1.hdslb.com/bfs/archive/a304c735684fed0b412c1236e046e1a1bfeafee9.jpg,37779,84,21:44:54,【CODOL】枪弹教你打枪,271
936696,BV1fs411o7ix,90,131,1391064760,2014/1/30,211,02:13,143,//i1.hdslb.com/bfs/archive/18b2b348be579ead2d12f096a262bf19c35bd021.jpg,32493,87,14:52:40,【厂长】AiR-TruePiaoskg,388
891200,BV1Rs411o7RV,72,51,1388323004,2013/12/29,124,00:53,86,//i2.hdslb.com/bfs/archive/74f848f6fac8e01c635f873da7631e76455201b4.png,20477,89,21:16:44,【混合系】地底探险,115
860481,BV1ms411o7Fg,133,157,1386160599,2013/12/4,465,04:08,197,//i2.hdslb.com/bfs/archive/b655ebfc396f0cd975929d996d460fbd23ca7543.png,43840,92,20:36:39,厂长 so Happy -EX mix-【又爽又长】,1245
839810,BV1hs411o7Pe,52,92,1384687791,2013/11/17,134,01:45,90,//i2.hdslb.com/bfs/archive/571025b241f3b9d1ac4d00de6b4c1e0929c0324b.png,33111,79,19:29:51,厂长BLITZ,276
829290,BV1qs411o7K2,2609,900,1384015141,2013/11/10,4732,03:30,758,//i1.hdslb.com/bfs/archive/0ed2f58a67d152296467809e17e01ecc8779ab61.jpg,297693,295,0:39:1,敖厂长鬼畜组曲,6124
785912,BV19s411f7cD,244,205,1381027110,2013/10/6,663,02:14,276,//i0.hdslb.com/bfs/archive/38eef764703db4d9cf47c8716b15b70e8ccb0d84.jpg,111107,102,10:38:30,【厂长】我在这里呆了四年,1886
774158,BV1Qs411f7bV,1113,744,1380295938,2013/9/27,4818,01:36,4875,//i1.hdslb.com/bfs/archive/1f77fa399177c475c0b49528173ff93342a10261.jpg,592152,214,23:32:18,敖厂长真是太可爱了,3707
760499,BV1ds411f7Qn,143,114,1379235809,2013/9/15,285,01:41,354,//i2.hdslb.com/bfs/archive/39ea8bf0180a6c43a3358a46e24e5a44dfb7e3e5.jpg,19205,138,17:3:29,杰哥 2 杰哥,78
743491,BV1rs411f7K9,969,363,1378029281,2013/9/1,2210,02:06,547,//i2.hdslb.com/bfs/archive/aa703ceb11a6a97fb8ae10e04c7821318cf40b10.jpg,152206,312,17:54:41,元首热唱芭比娃娃,2546
718582,BV1es411f7VU,690,290,1376894864,2013/8/19,1594,01:30,186,//i1.hdslb.com/bfs/archive/9e9854a7e78a93a3ee82e2e4c7fa7188b8fc848c.jpg,240595,75,14:47:44,当吃货吧！敖厂长W,2720
705177,BV18s411f7XZ,6384,2228,1376322952,2013/8/12,13598,02:00,2482,//i2.hdslb.com/bfs/archive/fe1db26543672c79ba49b2f6e2002ab3dc5e3ba7.jpg,1097471,1003,23:55:52,敖厂长和美人鱼妹妹,11582
695131,BV1is411f7t5,28,42,1375917759,2013/8/8,76,01:42,78,//i0.hdslb.com/bfs/archive/72544499f24f21f85c7aeee92ea217fd96e07125.jpg,26645,16,7:22:39,厂长KUK,270
648152,BV1Gs411f79i,119,63,1373730360,2013/7/13,147,01:56,301,//i1.hdslb.com/bfs/archive/a421d7e4587dda0150e4efbdffb731c4511fb2a7.jpg,17761,28,23:46:0,【刘醒非凡】Ylip Ylap~,195
611346,BV1cs411f7ta,46,41,1371792273,2013/6/21,90,01:12,65,//i1.hdslb.com/bfs/archive/b2e9a7023df4975fc96a2b27d2a87a810d67b8dc.jpg,23594,18,13:24:33,厂长Shine,131
608740,BV1fs411Z7f7,52,48,1371617551,2013/6/19,138,02:18,96,//i0.hdslb.com/bfs/archive/ea3b2ab2595a0ccc36c08c4352ffd69acc2d556d.jpg,40509,13,12:52:31,厂长鬼畜三连弹,481
600871,BV1Ts411f78K,1330,625,1371053252,2013/6/13,2637,02:15,395,//i1.hdslb.com/bfs/archive/01b3eabd0d082a1d8745189a09c9beeb5148450d.jpg,522142,86,0:7:32,敖厂长热唱自挂东南枝,7169
586398,BV19s411Z7vc,43,50,1370070804,2013/6/1,96,01:40,88,//i2.hdslb.com/bfs/archive/208f6e369918e31f14b0deee14e30b989235b1ec.jpg,30282,15,15:13:24,【厂长】Hawkao 2 Hawkao,212
552092,BV1rs411Z7Y6,174,167,1367337015,2013/4/30,463,01:31,207,//i1.hdslb.com/bfs/archive/2b9b817b9465160b72e18a1b7fa155ba9ae76e53.jpg,206636,22,23:50:15,【五一】进击的厂长,2080
527585,BV1Cs411Z7fr,26,41,1365241219,2013/4/6,72,00:30,115,//i1.hdslb.com/bfs/archive/6fc940848fadc8314e1d121c0bc80d596a9935cb.jpg,10532,16,17:40:19,EvanZONEReflectionWERsig2bassso厂长高速ver,116
525357,BV1ys411Z7z5,476,406,1365095160,2013/4/5,1627,02:18,838,//i1.hdslb.com/bfs/archive/78d2c3d4714ac2f5325ad494252fbe45434f91af.jpg,--,58,1:6:0,【厂长】威风堂堂,3633
491888,BV1jx411c7T8,48,71,1362243665,2013/3/3,184,01:42,129,//i0.hdslb.com/bfs/archive/d7a5ffe4eec8520bf1ca9dfa38f3219e9978adb5.jpg,35002,12,1:1:5,【厂长反射】Changzhang Reflection,636
470321,BV1Tx411c7R9,454,312,1360677092,2013/2/12,2117,01:31,384,//i1.hdslb.com/bfs/archive/eb289753f03fec72e5735f76605e33a944902588.jpg,218233,78,21:51:32,【福利】潜行吧 敖厂长！！,1848
462656,BV1Nx411c7qT,154,162,1360067531,2013/2/5,551,01:37,574,//i1.hdslb.com/bfs/archive/c2fca6a282bc99b587705c94653ee823d689f95d.jpg,106998,29,20:32:11,厂长so happy~,1671
428389,BV1dx411F7wv,179,362,1356937838,2012/12/31,467,02:09,1864,//i2.hdslb.com/bfs/archive/246d68de68e96401b7dcec371f725c4807c79c11.jpg,176745,27,15:10:38,【元旦福利】敖厂长元旦激情鬼畜,1459
