﻿aid,bvid,coin,comment,created,date,favorite,length,like,pic,play,share,time,title,video_review
711032224,BV11D4y1D72c,127,112,1592020805,2020/6/13,190,02:40,3434,//i2.hdslb.com/bfs/archive/4ca10e4dac497d3a1faf86a55bb377cd96ead56b.jpg,54454,37,12:0:5,【一人之下】宝儿姐一发入魂之爱的教育,114
753222092,BV14k4y167c2,2217,453,1589367645,2020/5/13,2443,05:35,17008,//i0.hdslb.com/bfs/archive/65f1dcba2dadd37c76962c05777ddc4dd12cf572.jpg,209432,502,19:0:45,鲲山行（Chapter 9：牺牲[下]）和谐版,2194
753186667,BV1sk4y167rZ,4837,914,1589191928,2020/5/11,3426,05:35,20526,//i0.hdslb.com/bfs/archive/91ed3c2c84343654f90f7d2f0ede2e6c9ee1a0d7.jpg,186518,943,18:12:8,鲲山行（Chapter 9：牺牲[下]）卢本伟&孙笑川&茄子领衔主演,3132
242580879,BV14e411x7xg,945,542,1585389725,2020/3/28,2626,02:46,13268,//i0.hdslb.com/bfs/archive/a561591955e431967a3c82921ed42fcea30b38fa.jpg,240041,352,18:2:5,【全明星】处处玩 一玩我就不自闭,498
98881764,BV1F741127RB,657,425,1585019441,2020/3/24,1122,01:30,10874,//i1.hdslb.com/bfs/archive/b04e095d3439e1e0cc635919dcad974965c33eea.jpg,132494,178,11:10:41,在下学渣，有何贵干？,279
98591491,BV1G7411m7v9,8036,1742,1584929764,2020/3/23,4749,01:44,27783,//i1.hdslb.com/bfs/archive/e95310616da57f3e3fef83f7e8e64b981da674c9.jpg,270965,1233,10:16:4,我 要 跑 步 【pop醒和pipi凡的吔常-13】,1973
97904884,BV1bE411A7T7,392,276,1584705875,2020/3/20,810,02:21,7953,//i0.hdslb.com/bfs/archive/99246b953a12c97cc622c41c37b98d500f1cfb83.jpg,95333,77,20:4:35,鬼畜潮品评测,194
97212628,BV157411o7bW,10862,1645,1584494075,2020/3/18,9465,05:35,44189,//i1.hdslb.com/bfs/archive/0df42baf9d375f93af00d70e4dcaf5df1eceb1db.jpg,621779,3165,9:14:35,鲲山行（Chapter 8：牺牲[上]）卢本伟&孙笑川&茄子领衔主演,8589
95597286,BV1cE411j7mV,4011,576,1584064841,2020/3/13,3417,01:49,18234,//i0.hdslb.com/bfs/archive/39cbc8b052d4c79128a3610753adedb68bdba541.jpg,133369,845,10:0:41,【刘醒&梁非凡】非凡同学吔屎啦！,676
94859711,BV1pE411u7Zn,2089,719,1583730416,2020/3/9,5083,00:22,29034,//i1.hdslb.com/bfs/archive/72fea435041251ad0c23067a483cbbc7b6bdd983.jpg,387683,1017,13:6:56,G U N,848
94315229,BV1XE411p7d5,6746,895,1583552129,2020/3/7,16054,00:22,50111,//i1.hdslb.com/bfs/archive/86cda85afcf850181921a1e4f091a59540411cd3.jpg,727855,4044,11:35:29,口也,1523
93380482,BV1ZE411x7KH,10347,1909,1583221435,2020/3/3,6619,04:03,30445,//i0.hdslb.com/bfs/archive/8fe1a88b3920d83033f9ac4a541294f7980a49e9.jpg,286461,1673,15:43:55,饭 圈【pop醒和pipi凡的吔常-12】,1687
91894951,BV167411K77z,7078,937,1582710853,2020/2/26,10466,01:06,34960,//i1.hdslb.com/bfs/archive/53e9dec49e33029110078e3fdf22553988828416.jpg,453356,6954,17:54:13,猜 猜 我 吃 的 啥,953
91399770,BV187411u7SH,9216,863,1582596045,2020/2/25,6499,03:01,28175,//i1.hdslb.com/bfs/archive/f578768a3e2f60e0338eef8062d8cfed0dda73d5.jpg,330577,2202,10:0:45,【人类神经】pop醒和pipi凡的吔常-11,1701
88835466,BV1b7411G7BL,15576,1034,1581645628,2020/2/14,12338,05:12,50529,//i0.hdslb.com/bfs/archive/bd4720612a5f54d0f71b793aa17da815007b2e49.jpg,834795,5153,10:0:28,鲲 山 行（ C h a p t e r 7 ：救 援 [ 下 ] ）,6475
86262984,BV1E7411W7SA,32568,1065,1580625948,2020/2/2,17588,06:08,65812,//i0.hdslb.com/bfs/archive/06c9c99c033469b16c18a81188fd64fdfde481d0.jpg,908774,7628,14:45:48,鲲 山 行（ C h a p t e r 6 ：救 援 [ 上 ] ）,12496
85495567,BV1n7411z77C,666,431,1580263240,2020/1/29,809,05:26,7781,//i2.hdslb.com/bfs/archive/11cd2836ca50028aabe2955b72c440b133b0c3a4.jpg,120730,117,10:0:40,全B站第一位尝试男扮女装戏装反串的鬼畜区UP~,442
84713609,BV167411a7yS,282,218,1579773908,2020/1/23,441,02:23,6939,//i1.hdslb.com/bfs/archive/7cdaaf14f03896727a720f19f2bb1e02f4e45139.jpg,128285,69,18:5:8,建 议 改 成 ：八 木 兰,81
82841727,BV1qJ411H7fQ,290,123,1578731957,2020/1/11,119,05:08,2832,//i2.hdslb.com/bfs/archive/a7cf85412dd0633f60d108ec4928e7b3b0d653d8.jpg,102543,43,16:39:17,【穿越吧】【互动视频游戏】穿越吧，骚年！第二章 （又名：穿越吧，洪世贤！）,306
82899838,BV11J411H7hD,6759,791,1578711651,2020/1/11,4361,03:55,50531,//i0.hdslb.com/bfs/archive/d7015167befc8fd26a91c9ef6b1a145b182c4a65.jpg,577715,666,11:0:51,他点的赞，凭什么我来承担！,2950
81608076,BV1kJ411b762,9940,727,1577860762,2020/1/1,6177,07:57,21135,//i1.hdslb.com/bfs/archive/e55887810df8550ca5270138508fb1954b6fe633.jpg,295208,3094,14:39:22,【中外合拍】《六龙珠》下集（孙笑川 & 六小龄童 & 卢本伟 领衔主演）,2093
81341537,BV1wJ411h7ng,251,265,1577720529,2019/12/30,207,02:47,3645,//i0.hdslb.com/bfs/archive/e093ecadc32b4fac207a8ff9853d4d8fd675d285.jpg,100420,209,23:42:9,【DNF】魔界人南京历险记，结局可真是让人意想不到啊！,111
79736786,BV1gJ411t7Ro,928,621,1576671042,2019/12/18,744,07:09,12067,//i2.hdslb.com/bfs/archive/f76b268eca79b57a5a55796a7512fca031fbb710.jpg,223096,1278,20:10:42,点击获取最强新人养成套餐！,937
79165435,BV1RJ411C7hY,20617,1318,1576375219,2019/12/15,16741,05:15,52680,//i0.hdslb.com/bfs/archive/01a8067581e1ccb0174bcdede4a7e7184ff2eec5.jpg,1157994,7899,10:0:19,【搞笑丧尸片】鲲山行（Chapter 5：新津惊魂[下]）卢本伟&孙笑川&茄子领衔主演,4381
78383853,BV1rJ411e7qp,26889,1135,1575711828,2019/12/7,18723,05:56,61529,//i2.hdslb.com/bfs/archive/058cf12fa1bc82cb1a4eba1b2029c359fedd7c85.jpg,1114995,8116,17:43:48,【搞笑丧尸片】鲲山行（Chapter 4：新津惊魂[上]）卢本伟&孙笑川&茄子领衔主演,7705
77766084,BV1eJ411z7da,943,264,1575259629,2019/12/2,36,05:10,2564,//i1.hdslb.com/bfs/archive/d14d90fe59066a7de50637a9fe56bf906cc98c9a.jpg,256935,29,12:7:9,【穿越吧】【互动视频游戏】穿越吧，骚年！第一章 （又名：穿越吧，洪世贤！）,835
77499892,BV1zJ411Q7Ak,110,101,1575087349,2019/11/30,182,04:01,3324,//i2.hdslb.com/bfs/archive/5e8bd9d49fc1a43c9b32a7913d15c2088732284a.jpg,53491,45,12:15:49,【明日方舟】喧闹法则CB-EX8突袭模式非正经解说教学（摆4个箱子应该不是特别麻烦8）,69
75710839,BV1WJ411D7ov,26830,679,1573808405,2019/11/15,23378,06:11,67935,//i1.hdslb.com/bfs/archive/c3dcd76ab5644e0e335cb3a10d75cd27e93c2eec.jpg,1304884,12457,17:0:5,【搞笑丧尸片】鲲山行（Chapter 3：爆发）卢本伟&孙笑川&茄子领衔主演,8651
74429660,BV14E411b7ML,6428,493,1572778012,2019/11/3,5069,07:26,19939,//i0.hdslb.com/bfs/archive/d49ca4710b7fb34df03fc9b23ea6a4b8951c7be5.jpg,375760,1785,18:46:52,【恐怖搞笑片】闪鲲（中集）卢本伟&孙笑川领衔主演,4059
73434310,BV1WE411a7Su,49832,1189,1572062208,2019/10/26,38176,06:47,100695,//i2.hdslb.com/bfs/archive/0b6cf836cb41c03a832ab3b6dc31943bf3f1bc21.jpg,1851767,22049,11:56:48,【搞笑丧尸片】鲲山行（Chapter 2：感染）卢本伟&孙笑川领衔主演,13962
70983209,BV14E411Z7cS,313,343,1570877747,2019/10/12,402,12:45,4671,//i1.hdslb.com/bfs/archive/76be5dd21e243da227c153e5e91cf1eb47ca4f91.jpg,103360,108,18:55:47,阿米驴（月）的2019上海BW之旅一一Day.2,416
69992729,BV1kE411S7Yh,64679,2181,1570154648,2019/10/4,66504,06:04,143171,//i2.hdslb.com/bfs/archive/eac712ba41ee08574cfe2204f1b6fa23af431b91.jpg,3121142,48674,10:4:8,【搞笑丧尸片】鲲山行（Chapter 1：启程）卢本伟&孙笑川领衔主演,24090
67973761,BV1QJ411c7MC,279,137,1568628257,2019/9/16,496,01:24,4538,//i0.hdslb.com/bfs/archive/cc0a900ebcf7261d1a59313ae2151142e029ac5f.jpg,110931,64,18:4:17,【逮虾户】车技不差无奈手机太卡，赶紧过来我带你们打,89
67173048,BV1qJ411N7k7,189,283,1568024209,2019/9/9,623,00:29,9750,//i0.hdslb.com/bfs/archive/6833329f3c0b83aa4a0ed0fdbf43f5de4b70145b.jpg,243437,166,18:16:49,魔性！PPAP大叔新舞蹈给你们洗脑啦！,146
66145428,BV12441127Df,15005,858,1567237319,2019/8/31,13675,05:57,37521,//i1.hdslb.com/bfs/archive/fc159f802c3255201b41b672053ce2688c61907b.jpg,789793,5591,15:41:59,【恐怖搞笑片】闪鲲（上集）,4837
61430909,BV15t411c7Hn,60135,1716,1564545301,2019/7/31,33410,19:58,75137,//i1.hdslb.com/bfs/archive/42b90b44bed0c0ab72caef25910383381d82b081.jpg,962770,4548,11:55:1,【鬼畜剧】加勒比海贼2：坷垃棺（上集） 局座领衔主演上舰大片,12141
58609094,BV1Nx411f7fT,103,168,1562747273,2019/7/10,203,07:33,2597,//i1.hdslb.com/bfs/archive/f53be27b2b36afd6e1a99f16d5defef1773b164a.jpg,67332,47,16:27:53,明日方舟5-10普通模式通关（不算是低配）,107
58549800,BV1Ux411Z76D,107,195,1562722251,2019/7/10,145,03:43,2875,//i2.hdslb.com/bfs/archive/56d97ea5c95021aa822ca8518acab4f51247924f.jpg,53917,69,9:30:51,【明日方舟】5-10突袭模式通关（非逃课向）,143
58283425,BV1M4411F7j4,6250,1063,1562554965,2019/7/8,5400,06:05,13490,//i0.hdslb.com/bfs/archive/4fa6c1a00b805c6f9e5116baf962aa3b8bc60481.jpg,296080,2663,11:2:45,【B站新功能】可以在线玩的互动搞笑游戏，非主流李狗蛋的故事--序章,4264
56712336,BV1xx411o7Ct,601,267,1561385082,2019/6/24,604,03:14,5603,//i1.hdslb.com/bfs/archive/f4d3539dd8ac21571fcd4edb8d598c135b2b47cb.jpg,149245,178,22:4:42,沙雕剧场：意大利炮不好使了？,233
56467189,BV124411u7U1,3938,784,1561207743,2019/6/22,4621,02:25,15963,//i2.hdslb.com/bfs/archive/b27a96d1e43a2510e9ce3132693699c57f2ae5de.jpg,386069,1464,20:49:3,采访第一个出考场的孙悟空,1081
56148980,BV1k4411g7uD,56599,3674,1561001423,2019/6/20,33954,16:54,76436,//i1.hdslb.com/bfs/archive/c0614d62e9263f2246f1427531e4425773abd174.jpg,1966775,21147,11:30:23,【恐怖搞笑片】鲲怨（下集）,33106
55061971,BV1L4411N7o5,5085,603,1560066935,2019/6/9,4441,01:41,12564,//i2.hdslb.com/bfs/archive/d832f07c3c068f4aaa596db97e9bbd8626bccf4d.jpg,183644,841,15:55:35,【五五开】高考好运来,1457
53887654,BV174411W763,27171,2360,1559047191,2019/5/28,20459,03:08,34724,//i1.hdslb.com/bfs/archive/970670bdc5259ac1219d7c8b54a4aec2f5e17df0.jpg,926306,4529,20:39:51,【孙笑川】抽象话,1450
53502044,BV1F4411s7RB,74113,4039,1558750408,2019/5/25,48783,15:44,100404,//i2.hdslb.com/bfs/archive/11d47eaed3f62e1337af442f522ba42839cb0727.jpg,2616253,38925,10:13:28,【恐怖搞笑片】鲲怨（中集）,37993
52548890,BV1T4411J7F2,557,436,1557932403,2019/5/15,714,02:51,4231,//i0.hdslb.com/bfs/archive/dae67d9f72bb789d39814eb7560b721cc950dbed.jpg,166022,74,23:0:3,用游戏的方式打开“打怪兽”视频,3409
52038436,BV124411Y7aN,177873,7561,1557493199,2019/5/10,127771,08:56,223458,//i2.hdslb.com/bfs/archive/2cc4c198f1f4bc5b8e5b93c437d075e11cad6bd9.jpg,4940523,108472,20:59:59,【恐怖搞笑片】鲲怨（上集）,53168
51011093,BV1J4411t72s,78192,2007,1556677677,2019/5/1,76776,02:48,112348,//i1.hdslb.com/bfs/archive/51885c422b588ea69770f2bbc2091f34cfa2ac9b.jpg,2446489,52549,10:27:57,鲲鲲打黑洞穿越复仇者联盟，灭霸惨被篮球打败,8592
50540762,BV184411h7TT,48553,2373,1556330447,2019/4/27,26795,02:38,46362,//i0.hdslb.com/bfs/archive/ff9d7b2fab32a4c8ff3c8e77e4142126b7c1778e.jpg,1051840,8763,10:0:47,【孙笑川】带碗宽面,2486
49628273,BV1xb41157Db,130706,3856,1555502988,2019/4/17,90032,03:00,145459,//i1.hdslb.com/bfs/archive/1f3617f683a83bf0bee46758cf19c540b95cd32b.jpg,2802738,78519,20:9:48,鲲鲲打黑洞穿越惨遭视觉中国版权警告,14789
49138426,BV1ab411K7SR,26137,2146,1555119025,2019/4/13,9068,01:46,28901,//i2.hdslb.com/bfs/archive/3d2a2935f11a9e2879699fa16394acce64e9898f.jpg,422545,2321,9:30:25,【书记舞/AWSL】你从没有看过的鬼畜区UP女装版❤书记舞,1772
48035279,BV1Wb411p7nY,11363,923,1554174010,2019/4/2,6004,07:51,16426,//i0.hdslb.com/bfs/archive/ab30c2a25a16d2009943a74f22be2f5755b075fe.jpg,336122,4152,11:0:10,【浅澄月制作】《西游伏川篇》中集（孙笑川&吴亦凡 领衔主演）,2075
46504301,BV1Nb411n7us,20392,1554,1552788053,2019/3/17,11179,06:27,23976,//i2.hdslb.com/bfs/archive/f17f087a128b9f74b1d1690aa8751478593308e7.jpg,534777,6958,10:0:53,【浅澄月制作】《六龙珠》中集（孙笑川 & 六小龄童 领衔主演）,2515
45732579,BV1mb411v7T4,16111,1122,1552096856,2019/3/9,10569,03:50,24313,//i1.hdslb.com/bfs/archive/44d45d02f0d1544209f1781cc612cb7e71347cf2.jpg,562192,6111,10:0:56,【浅澄月制作】《西游伏川篇》上集（孙笑川&吴亦凡 领衔主演）,1911
45490846,BV1Wb411q7Xt,75056,3143,1551864014,2019/3/6,49234,01:37,82115,//i1.hdslb.com/bfs/archive/b19cb3641527cc29a6688a28cc41200e2fd81c9d.jpg,1018425,24360,17:20:14,【全明星】五五分的花嫁,5347
44501630,BV1Eb411a7Bi,3001,1027,1550973658,2019/2/24,3233,07:22,13394,//i1.hdslb.com/bfs/archive/b1b68b17771cd33c24eb15908f210a574d5c93f5.jpg,513845,533,10:0:58,【月月的vlog】震惊！鬼畜区up主见邓紫棋险挨揍！,2157
44369373,BV1Bb411h7Q5,11865,1384,1550887229,2019/2/23,5589,07:33,16806,//i2.hdslb.com/bfs/archive/43629f73c56fa226f4e9ba197c6a4bbc53bf6ef8.jpg,350137,1404,10:0:29,【浅澄月制作】《底特律：吔人》第四话（60帧丝滑享受）,2093
44091394,BV1Cb411a7QN,1784,382,1550576115,2019/2/19,1387,01:40,5268,//i1.hdslb.com/bfs/archive/bcb3304aaf01f17900c62e202c8c6c8c95d7294c.jpg,126760,660,19:35:15,【藤原书记】用凤凰传奇的歌曲打开书记跳舞,270
43341161,BV1kb411m7pw,2890,462,1550048431,2019/2/13,2430,02:56,5457,//i0.hdslb.com/bfs/archive/362d1c79267f15f56e9c6b439b25f8e1b7fd605a.jpg,99365,372,17:0:31,【初音未来&葛平】爱的魔法「浅澄月作品」,378
42376246,BV1Rb411k7NU,44594,3284,1549245614,2019/2/4,21688,03:05,42693,//i1.hdslb.com/bfs/archive/92de1d2160e32c9ad51ef1137cc56b3e8827fcc0.jpg,705147,19273,10:0:14,【黄旭东】恭喜破财「浅澄月作品」,18345
42378262,BV1db411k7R3,2411,321,1549072839,2019/2/2,2786,04:59,5883,//i1.hdslb.com/bfs/archive/5ca75857508e658b37f26a5afaf475efbbf51b64.jpg,232589,238,10:0:39,【全明星】2018年金曲回顾拜年「浅澄月作品」,504
41950515,BV1sb411C7Ww,12043,1048,1548669393,2019/1/28,9124,03:25,20297,//i1.hdslb.com/bfs/archive/e9a4fcec662040d32343d1d19cc966dba23574d2.jpg,442523,2460,17:56:33,【中国式家长女儿版】御坂美琴养成记,3690
41460350,BV1Pt411b77y,3141,517,1548234004,2019/1/23,3401,02:03,8750,//i0.hdslb.com/bfs/archive/ee9f3067541e408009524a77b72a166afd83d9b6.jpg,173994,971,17:0:4,【浅澄月制作】病名为盘（他!）——孟鹤堂,959
40809352,BV1wt411p79i,9545,594,1547548579,2019/1/15,9529,01:24,15809,//i2.hdslb.com/bfs/archive/ae1ceab8daf20e2d24feac47cad6927896799c8e.jpg,584172,2859,18:36:19,【浅澄月制作】米津拳师——如何“打”出电音的精髓,660
40503255,BV1ut411W7Kq,71346,3159,1547258434,2019/1/12,41073,03:19,64997,//i1.hdslb.com/bfs/archive/69cf8071740335452a1ef5e86a64e3f2b336d1e6.jpg,1865929,38897,10:0:34,【浅澄月制作】《六龙珠》上集（孙笑川 & 六小龄童 领衔主演）,4057
39873926,BV1Kt411x7SV,17276,651,1546596034,2019/1/4,11775,01:57,19518,//i2.hdslb.com/bfs/archive/dafdaee088f700831bf42c7e917ccb2ad4f610f7.jpg,337303,1672,18:0:34,【诸葛丞相】生僻字（出师未捷身先死，长使英雄泪满襟）,1284
39218637,BV1Yt411r7oS,1033,227,1545987321,2018/12/28,830,05:26,3365,//i2.hdslb.com/bfs/archive/62c277c2c798c39a2d1d5ea1ae4ae4661e4937fb.jpg,90326,236,16:55:21,【平头哥X源治】挑战鬼畜明星，制霸热血高校,619
39188752,BV1st411r7mL,57567,3673,1545966010,2018/12/28,33730,01:58,54674,//i2.hdslb.com/bfs/archive/4fcef9f033d521c37122b713711b5b8a10e4c43a.jpg,1715070,24851,11:0:10,【六小龄童】六龙珠（中日合拍西游记大片主题曲）,4254
38940169,BV1ft411k7Xr,6107,984,1545661531,2018/12/24,4435,03:39,11567,//i0.hdslb.com/bfs/archive/79f0d60f68d2c195e7096f22dcc429ebb5d46db4.jpg,242229,2233,22:25:31,【全明星】圣诞节单身狗之歌,1893
38708856,BV11t411Y7yN,10851,565,1545548440,2018/12/23,7028,03:54,13277,//i0.hdslb.com/bfs/archive/6f1d2c21fb31591164baa22a2a339de9000dd04d.jpg,181431,819,15:0:40,【全明星】倒数,1442
38706474,BV1Ct411Y7QN,17354,1163,1545449405,2018/12/22,6883,06:32,18517,//i1.hdslb.com/bfs/archive/9dfedc6af11fb6d35098abe86032d8ca8448edcc.jpg,424155,1453,11:30:5,【浅澄月制作】《底特律：吔人》第三话（60帧丝滑享受）,2091
38153361,BV1jt411i7A9,54215,1055,1544839205,2018/12/15,33640,03:19,47601,//i1.hdslb.com/bfs/archive/abeb310f81efb716d205051520ab9163981b74bd.jpg,626091,12917,10:0:5,【全明星】POP/STARS - 鬼畜天团最新MV助力鬼畜区全明星赛,2846
38056173,BV1mt411v7Z5,20862,2264,1544684192,2018/12/13,14766,03:52,23406,//i1.hdslb.com/bfs/archive/ba0d4f14f32bb918f8b16ad1788e9c65c77fef27.jpg,539117,4634,14:56:32,【五五开】挂年之外（芦苇开挂一周年）,4400
37922025,BV1mt411q7Jb,6418,600,1544522410,2018/12/11,2746,01:37,7160,//i2.hdslb.com/bfs/archive/202ce74e4a42ff884172004904d14afc7674d8bf.jpg,276428,1290,18:0:10,【孙一峰】我是你老婆,278
37659252,BV19t411S7uB,28549,1057,1544234404,2018/12/8,12383,02:47,27453,//i0.hdslb.com/bfs/archive/68b5b711de73ade921ac13c194b7330a3f326c9d.jpg,601178,3551,10:0:4,【刘醒&梁非凡】pop醒和pipi凡的吔常-10,2798
37106731,BV1xt411X7Ap,5239,459,1543635018,2018/12/1,3134,01:19,7947,//i1.hdslb.com/bfs/archive/bd82e3c93855e5b88953850efdc56d0276eb78d8.jpg,212279,423,11:30:18,【局座&逮虾户】逮虾舰（头文舰D主题曲）,319
36589162,BV1Gt411y78T,27678,1437,1543024805,2018/11/24,12792,09:21,24632,//i1.hdslb.com/bfs/archive/9489cceb84b322e53db2ba9ea92dd2bcc2a38bf0.jpg,717555,3851,10:0:5,【浅澄月制作】《底特律：吔人》第二话（60帧丝滑享受）,3066
36085163,BV1gt411m7NK,14295,535,1542367839,2018/11/16,7004,04:03,15060,//i0.hdslb.com/bfs/archive/6c039052763b5a19cb2cd9703c9a7821fc2ac2cf.jpg,362017,2477,19:30:39,【刘醒&梁非凡】吔人之昆特牌：非凡的陨落,770
34638554,BV1ob411P773,26271,1255,1540547173,2018/10/26,20259,02:31,33881,//i0.hdslb.com/bfs/archive/c422d592f95bb000a8c5ef5230fee14c09e5e3aa.jpg,1033928,4282,17:46:13,【jojo&工作细胞】jojo的工作细胞-02,1969
34583137,BV1qt411d7ej,3654,476,1540469081,2018/10/25,2807,00:34,7733,//i2.hdslb.com/bfs/archive/82d04e5961227901c0ebcced083548babcefd824.jpg,186527,1230,20:4:41,【刘醒&梁非凡】用吔屎的方式打开fate,287
33420072,BV1wW41117Nf,1806,632,1538992816,2018/10/8,885,02:07,4124,//i1.hdslb.com/bfs/archive/739133a171201bbeac4bcb076e0cb09a7b5189b6.jpg,116643,129,18:0:16,【底特律：吔人】简单“贴图”的展示,176
33264247,BV1NW411m7Jg,50776,2397,1538825940,2018/10/6,25408,05:29,38929,//i2.hdslb.com/bfs/archive/e6a9b70f69d387a7d04b390a1fc9deac6886f6a3.jpg,1053941,12122,19:39:0,【浅澄月制作】《底特律：吔人》第一话,3821
32267670,BV1NW411z7q7,55838,1509,1537671650,2018/9/23,40602,03:43,48448,//i0.hdslb.com/bfs/archive/5232757e5a42a7b3c9312849af6ab75044d5c42b.jpg,1781993,16733,11:0:50,【jojo&工作细胞】jojo的工作细胞-01,4993
31851035,BV1aW411k7KS,20990,1198,1537087740,2018/9/16,17300,01:01,25607,//i1.hdslb.com/bfs/archive/9b137c2e18f732c3d0231be15f83fd295b3d29b9.jpg,1027990,7409,16:49:0,【华农兄弟】pop鼠和pipi农的日常,1198
31232452,BV1bW411d75i,22402,914,1536285647,2018/9/7,12881,03:18,21379,//i2.hdslb.com/bfs/archive/eea61fa13a05a3f4aeddb677710b4ca1676c40b4.jpg,891717,4856,10:0:47,【刘醒&梁非凡】pop醒和pipi凡的吔常-09,2744
30701424,BV1oW411Z7Ux,4325,616,1535613970,2018/8/30,3397,01:57,5561,//i1.hdslb.com/bfs/archive/ae14de7b399dacb10fa742250830aec88aef22e8.jpg,92254,1340,15:26:10,【多明星】That 纸片人——每隔三月新老婆又多一堆,562
29652239,BV1eW411X7Zs,15275,1187,1534562744,2018/8/18,8229,03:19,13629,//i0.hdslb.com/bfs/archive/3db39d8aceef22c7f6f95afe1edd3258b9a62be4.jpg,414679,3434,11:25:44,【梦想三巨头】后街女孩-01,1825
28143467,BV1os411c7EZ,43638,1622,1533002424,2018/7/31,19862,03:24,27982,//i0.hdslb.com/bfs/archive/d9dd46037fd2f29fbcf1a08a57573ef7fc1fb018.jpg,1092647,10594,10:0:24,【刘醒&梁非凡】pop醒和pipi凡的吔常-08,5532
27805114,BV1Rs411w71B,2162,651,1532687435,2018/7/27,2190,02:24,5221,//i2.hdslb.com/bfs/archive/ffa4dd80a3e576af7af3c608f236d22d74017ab4.jpg,239995,528,18:30:35,就是这个车，一起刚,752
26957825,BV1Ps411n731,35701,1484,1531710016,2018/7/16,17313,05:25,23322,//i1.hdslb.com/bfs/archive/fea5fa2ab27bd87a3b723853857b1b5dbf7ea237.jpg,1016919,7189,11:0:16,【刘醒&梁非凡】pop醒和pipi凡的吔常-07,5926
25479468,BV1gs411L7vA,13253,1105,1529823605,2018/6/24,12085,01:57,9895,//i0.hdslb.com/bfs/archive/24a57a5db997a4f27632ce3d6143470979608e7b.jpg,402577,4670,15:0:5,肥宅快乐游戏歌,987
24974697,BV19W411F76b,34560,1446,1529118042,2018/6/16,18822,02:52,22269,//i0.hdslb.com/bfs/archive/22e694a6f4cd7860cb4ebe4ad89c5f9ce137e296.jpg,1118439,7349,11:0:42,【刘醒&梁非凡】pop醒和pipi凡的吔常-06,4115
24455559,BV1iW411A7ss,164,184,1528273963,2018/6/6,190,01:04,1322,//i2.hdslb.com/bfs/archive/5d2a893ea8f9fd4ddb0519ce0ea4cb597b0dc474.jpg,58282,118,16:32:43,【李易峰&王菊&延参法师】炸裂rap揭露高考的真相！,181
24393325,BV17W411A7YC,27835,1482,1528182027,2018/6/5,21217,01:59,13477,//i1.hdslb.com/bfs/archive/a4a686957397a1ae89884bec038d828bcf35bbb4.jpg,552636,10921,15:0:27,肥宅快乐穷开心,1768
24304690,BV1nW411N7M7,43910,1398,1527996619,2018/6/3,20185,04:07,21525,//i1.hdslb.com/bfs/archive/fb6e2444eaa62e2d37f404655479207bb7b19d19.jpg,1070707,8690,11:30:19,【刘醒&梁非凡】pop醒和pipi凡的吔常-05,5954
23889294,BV1Jp411R7fW,11750,770,1527305426,2018/5/26,6009,01:33,8702,//i2.hdslb.com/bfs/archive/fb278a4c56d0c37794014b2865acfc08207420ce.jpg,223565,2076,11:30:26,【刘醒&梁非凡】恋爱吧❤pop醒和pipi凡,709
23340063,BV19p411o7bq,12644,787,1526522451,2018/5/17,4534,04:29,6919,//i2.hdslb.com/bfs/archive/9d8f2165180afe86524253898997422830a0514a.jpg,179439,2216,10:0:51,【鬼畜番】劳资是舞法天女-01,1509
22361798,BV1pW41157WU,1496,379,1524312016,2018/4/21,1118,02:14,2453,//i0.hdslb.com/bfs/archive/e5b7471ecb25ca8635161665bd16efbee3dd9db2.jpg,239752,238,20:0:16,没事的时候，就想看看开心的游戏鬼畜,253
21942348,BV1rW411K7oe,27331,1245,1523439008,2018/4/11,20170,02:47,12913,//i0.hdslb.com/bfs/archive/42513ed88004d5ec6bcd0da6d4328032184b10fe.jpg,623884,6829,17:30:8,"【洗脑向】烤面筋,威力永恒滴",2920
21398639,BV14W411u7uC,11521,761,1522386420,2018/3/30,6757,02:40,5634,//i2.hdslb.com/bfs/archive/e61f8ee50bf230612092ccb0482ca0644ee0229a.jpg,263022,2026,13:7:0,【局座】吃鸡香,1309
21104445,BV1qW411g7vv,37081,1431,1521774042,2018/3/23,21772,05:44,18853,//i2.hdslb.com/bfs/archive/0f03030051eda3fe6b9af38dbffe9d253f39c5a3.jpg,1230765,9356,11:0:42,【刘醒&梁非凡】pop醒和pipi凡的吔常-04,3535
20755714,BV1jW411p7Gc,6213,603,1521011669,2018/3/14,3650,09:40,3931,//i2.hdslb.com/bfs/archive/696cf90d265012c48ae448f35149a3c8f538434a.jpg,172267,1605,15:14:29,【鬼畜剧】拯救大兵之局座吃鸡往事,1804
20581739,BV1AW411s7P1,65013,2383,1520648533,2018/3/10,31699,09:50,29899,//i2.hdslb.com/bfs/archive/27824fed61e8956e4bde35a1ba261c65f759949e.jpg,1387390,14929,10:22:13,【刘醒&梁非凡】pop醒和pipi凡的吔常-03,11484
19865184,BV1rW41177V7,45139,4465,1519216943,2018/2/21,19612,00:42,25889,//i1.hdslb.com/bfs/archive/de1c6bf1659171906917c7880a901bff4cd9be4c.jpg,916469,7757,20:42:23,【快视频】pop醒和copy周的吔常,4278
19758307,BV1ZW411j7BK,23552,1316,1519005648,2018/2/19,4968,11:30,6772,//i2.hdslb.com/bfs/archive/ee0c05a97665668ea51471392cf1f7f5745edb4c.jpg,248947,1420,10:0:48,【局座&雷军主演】米环王：护米使者（3）,2610
19339456,BV1pW411n7gU,129218,3706,1518145211,2018/2/9,61320,03:18,46524,//i0.hdslb.com/bfs/archive/fa20fbf44b4f773b697e8e824feadcf715ee5450.jpg,2048628,32262,11:0:11,【刘醒&梁非凡】pop醒和pipi凡的吔常-02,10046
18761006,BV1pW411e7ED,153228,3535,1516963194,2018/1/26,105369,02:40,59315,//i0.hdslb.com/bfs/archive/79544927ac9048011d48a7ea0e742ef4201c35ad.jpg,3030755,64961,18:39:54,【刘醒&梁非凡】pop醒和pipi凡的吔常-01,10892
18310836,BV14W411q7Te,19294,1263,1515934221,2018/1/14,15586,01:14,9058,//i0.hdslb.com/bfs/archive/a29dfed7bfb10cac21cb8d8837dd0e26edccd8cc.jpg,682381,8949,20:50:21,【渣渣辉】Baby,2077
17495926,BV1vW41187PN,37633,1972,1513914645,2017/12/22,26887,03:28,13765,//i0.hdslb.com/bfs/archive/a00d98dcdac3dfda824545921caaa28b06908b55.jpg,695246,12418,11:50:45,【哲学】打上Fa火,5832
17275407,BV17W411a7av,205,138,1513309830,2017/12/15,77,01:13,469,//i2.hdslb.com/bfs/archive/e10334fca6b8f3eb27aacdb4735778bbe33a7708.jpg,49937,51,11:50:30,一句话撑起全场的明星鬼畜，略略略略略略~,78
17019752,BV1rW411Y7ek,24485,933,1512637223,2017/12/7,11486,07:58,6613,//i0.hdslb.com/bfs/archive/e5fd8ec1d4ef0242f6c5b24e9132809b8ce2e890.jpg,500547,4203,17:0:23,【鬼畜剧】功守道（下）,3601
16597117,BV12x411V7Cd,38445,1283,1511433085,2017/11/23,19755,05:20,7936,//i0.hdslb.com/bfs/archive/53711060f25b9e7870dbe67216b95a97f6e32bd2.png,660192,10111,18:31:25,【鬼畜剧】功守道（上）,3614
16163288,BV1Kx41177Mi,27835,1116,1510218477,2017/11/9,12443,01:30,7268,//i0.hdslb.com/bfs/archive/7d9a5a1db9423657eec28255dcbe5bc25527d24f.png,300320,4448,17:7:57,【局座领衔x小埋R】上舰体操,1558
15825701,BV1Qx41177Us,9722,1016,1509254431,2017/10/29,5887,02:02,2872,//i2.hdslb.com/bfs/archive/4a65c232a8bb74ce65d6bcd7aca60d9a18a9041e.jpg,250348,1268,13:20:31,【局座】病名为舰,2511
15550712,BV1Wx411M7pt,42190,1611,1508467996,2017/10/20,21741,01:42,7687,//i2.hdslb.com/bfs/archive/869c5359155bda66872c9d3e4728b79741b4a33d.png,608267,9020,10:53:16,【局座x小埋R】干物局！召忠R,3309
15085684,BV1ex41137XR,10750,862,1507194068,2017/10/5,6425,02:11,2209,//i0.hdslb.com/bfs/archive/88f95d1fe81cd9532d1700699bb55aa0f8fbbfa0.png,251149,1411,17:1:8,【波澜哥】Beat it,1622
14660408,BV1hx411x7q3,5176,439,1505982152,2017/9/21,2788,03:28,828,//i2.hdslb.com/bfs/archive/51931b5b26964e021a0efc822f4043413df6969f.png,164604,1596,16:22:32,【经费燃烧系列】猪猪化身美少女战士击败朗朗,1332
14231330,BV1Fx41147J3,870,425,1504758667,2017/9/7,295,02:18,139,//i2.hdslb.com/bfs/archive/e37b2662a61d68cf1b17bedef002561aee84209f.png,123496,106,12:31:7,多数派选择,248
12956059,BV1ux411p7i5,40163,1981,1501841249,2017/8/4,14197,14:02,6354,//i0.hdslb.com/bfs/archive/e0aa75fdd009d9b983bca13b2b845b57910a68f3.png,517237,3477,18:7:29,【局座领衔主演】《加勒比海贼1：黑珍珠舰与Doge》全明星上舰大片（下集）,7298
12164281,BV1Xx411q7pg,5170,747,1500091205,2017/7/15,3001,05:14,879,//i1.hdslb.com/bfs/archive/7b1293c17b59885287d38be73ab0f656d61cfb46.png,185599,922,12:0:5,加勒比海贼：特别篇,1328
11925224,BV13x411z7if,17552,1236,1499331641,2017/7/6,9891,02:17,1128,//i1.hdslb.com/bfs/archive/0fdd706a36625b87c0e8df1b57e8d4b9d9357077.png,276709,3299,17:0:41,【局座】埃罗芒阿poi,2305
10217332,BV15x411S7oD,346,409,1493563796,2017/4/30,94,01:26,43,//i0.hdslb.com/bfs/archive/eacf3f5c75b72109c9ad59a7540154bb0da26920.jpg,32296,74,22:49:56,【抖腿向】诸葛王朗挖出了个大未（We）来 ！,143
10151686,BV1Rx411U7bk,19804,1253,1493366690,2017/4/28,7745,14:10,1089,//i1.hdslb.com/bfs/archive/9576cbd0ed789a2fc29e30d31c2ca32d1956a77e.jpg,260853,1799,16:4:50,【局座&雷军主演】米环王：护米使者（2）,4834
8474185,BV16x41117jK,59384,3245,1486517795,2017/2/8,45337,05:34,4179,//i0.hdslb.com/bfs/archive/b3a8179232f3001b1e7d36e8e3686b99178a7f78.jpg,1335963,25064,9:36:35,真无双哲学7：Van云传,8989
8315614,BV1Js41187Do,20882,1048,1485849681,2017/1/31,9429,03:37,1362,//i0.hdslb.com/bfs/archive/671d659bc798f9544f4555a969656197f1eff2c3.jpg,282811,1153,16:1:21,【张召忠】六兆年的局座物語,3587
7202708,BV1qs411W7tu,5666,666,1479746635,2016/11/22,4931,01:30,332,//i1.hdslb.com/bfs/archive/f50e4be80cb1548174bde25fd2a92aa1204f02ee.jpg,212313,514,0:43:55,【局座】吹雪--循环TV版,777
7178240,BV1zs411W7WR,50613,2364,1479619646,2016/11/20,24886,12:27,4739,//i0.hdslb.com/bfs/archive/96463383d2bb959caf261abf7decaf375844f389.jpg,849877,5673,13:27:26,【局座领衔主演】《加勒比海贼1：黑珍珠舰与Doge》全明星上舰大片（中集）,11246
6897510,BV19s411s7ui,85,82,1477844128,2016/10/31,41,72:37,15,//i2.hdslb.com/bfs/archive/6ba5a93cdf7132e9af9c800e5f49279b2febcd26.jpg,12938,54,0:15:28,双枪老黑月与小伙伴们的求生之路 Part2 - Death Mountain,119
6840724,BV1ts411s7EU,120,145,1477526629,2016/10/27,103,61:13,29,//i2.hdslb.com/bfs/archive/27aff5d51863cfef6ff1c3bc8c3f2783eff0bbd0.jpg,27390,52,8:3:49,【不务正业系列】双枪老黑月与不知名UP主们的求生之旅 Part1,397
6518217,BV1gs411b78Z,52791,3013,1475491809,2016/10/3,27999,13:15,2006,//i0.hdslb.com/bfs/archive/e199186d579be9dd7badd7eb810fe8d16e557f35.jpg,815272,7995,18:50:9,【局座&雷军主演】米环王：护米使者（1）,19593
6281258,BV1ps411r7Sf,8162,1168,1473887549,2016/9/15,8012,04:08,759,//i1.hdslb.com/bfs/archive/e67add0a79842ed1ec63da7e87bc0fee45b9c542.jpg,384483,1454,5:12:29,【局座&极乐净土】极乐忽悠局,4065
6057408,BV1Vs41167eR,1850,477,1472390821,2016/8/28,1451,04:29,158,//i0.hdslb.com/bfs/archive/e252872e4a34aed64c91869ed6d005d33b9fcd1a.jpg,88088,155,21:27:1,【局座】ninelie 完整版（加勒比海贼ED1）,566
5819032,BV1ks411r7GT,3439,752,1471182298,2016/8/14,3232,04:29,306,//i2.hdslb.com/bfs/archive/b7623f9361ba30405139375f19ae23bbf6dd9aa9.jpg,117322,321,21:44:58,【洛天依】ninelie 完整版（加勒比海贼1 ED）,951
5389686,BV1ws411174e,3549,768,1468847555,2016/7/18,2966,01:33,216,//i2.hdslb.com/bfs/archive/740fdeea96ce375011de5fed787f90440f1e98f0.jpg,130347,431,21:12:35,【葛平&洛天依】ninelie（加勒比海贼1：ED1）,828
5352355,BV1Ds411y7dY,111649,5041,1468631925,2016/7/16,62942,13:00,12495,//i2.hdslb.com/bfs/archive/b0f6305b673dcbb2303f964b97546cd710f9e5cf.jpg,1718210,20126,9:18:45,【局座领衔主演】《加勒比海贼1：黑珍珠舰与Doge》全明星上舰大片（上集）,36443
4785304,BV1vs411i7L8,151127,8917,1464386161,2016/5/28,187757,04:35,68785,//i1.hdslb.com/bfs/archive/e743222d8db607fc538a51e5dba791449b8746bd.jpg,4458004,42774,5:56:1,【全明星&超时空要塞Δ】禁忌的边境线,48444
4507477,BV16s411q7SE,58364,1997,1461973718,2016/4/30,38585,24:23,2055,//i1.hdslb.com/bfs/archive/87b774d3b106b11b7900f581d27928d63357db2d.jpg,1407008,10178,7:48:38,《头文字X》鬼畜明星出演飙车漂移大片（下集）,44333
4242959,BV1us411z7iQ,3611,459,1459506113,2016/4/1,4265,06:51,2092,//i1.hdslb.com/bfs/archive/d964d163da52f33a7e2206f477613e1046cbb946.jpg,125673,401,18:21:53,最终鬼畜乐器【15种乐器】,1615
4090644,BV1zs411Q7tu,1168,355,1457871142,2016/3/13,1396,02:05,220,//i2.hdslb.com/bfs/archive/c8d3436cb80d674f5b16f4afd68292786e617853.jpg,312872,374,20:12:22,【PAPI酱】鲜虐之龙,2214
4065570,BV1rs411Q717,11078,578,1457667944,2016/3/11,10874,04:46,780,//i0.hdslb.com/bfs/archive/dacc642bfc51effaa4b90109b60f2d050412112d.jpg,233233,1734,11:45:44,【葛平&洛天依】Rage Kichiku Dream（燃烧鬼畜的梦）《头文字X》ED,4301
3976820,BV1Vs411Q7CT,31532,1024,1456653986,2016/2/28,20114,12:44,1449,//i0.hdslb.com/bfs/archive/bcb50e9635d4bf50edc684cc3abd607fcb0c3452.jpg,728050,6376,18:6:26,《头文字X》鬼畜明星出演飙车漂移大片（上集）,10866
3711933,BV1vs411X7iZ,4952,466,1454212075,2016/1/31,3997,09:14,415,//i2.hdslb.com/bfs/archive/11579c81abf221ad5793f3a0c2615e1bce4d1df3.jpg,115694,929,11:47:55,【剧情】朗朗在两军阵前激唱Bad Apple,4546
3593146,BV18s411R7sH,702,63,1452930476,2016/1/16,725,04:46,114,//i0.hdslb.com/bfs/archive/a94df8d01df33e7fdd57fd99fcd58863a7a83a65.jpg,48055,207,15:47:56,【琴魔】猪猪在城上弹唱βίος,544
3585272,BV1qs411R7gT,271,50,1452837099,2016/1/15,189,05:30,89,//i1.hdslb.com/bfs/archive/c014a0707d3a35343aa24a30aaaf0f5b1b17d205.jpg,18346,73,13:51:39,【新人】【琴魔】城之上猪猪弹唱一首拔剑神曲，吓退了懿大军。,291
3463155,BV1Ss41197TQ,857,234,1451211065,2015/12/27,1160,05:10,360,//i2.hdslb.com/bfs/archive/baa7b3505480ba4f8f5c90fa56be235475c8d84b.jpg,77001,358,18:11:5,【新人】【猪猪&朗朗】千本嘤,1244
