﻿aid,bvid,coin,comment,created,date,favorite,length,like,pic,play,share,time,title,video_review
838397172,BV1vg4y1i7ic,5793,790,1591953300,2020/6/12,3418,06:29,14802,//i0.hdslb.com/bfs/archive/84dd68bc6bc06f48412f89507e81d8e1bf8bc1bd.jpg,116300,424,17:15:0,400元买块布？！为啥电竞鼠标垫能卖这么贵,616
625898429,BV1ct4y1y7kS,3061,438,1591778835,2020/6/10,1419,16:38,9999,//i1.hdslb.com/bfs/archive/9333c603c701cb9649b3d60da0147319f7ab44ae.jpg,86357,237,16:47:15,警长的认可,1540
838467897,BV1ug4y1q77q,3934,454,1591525502,2020/6/7,1864,38:04,11897,//i0.hdslb.com/bfs/archive/4c325ccb4c388db460aee6875c7bd27006c38b4e.jpg,103746,357,18:25:2,螺旋倒钩白狼王,2464
968491613,BV1Yp4y1D7sm,5266,474,1591255705,2020/6/4,3411,10:37,17812,//i1.hdslb.com/bfs/archive/166bcd69eb0886ee3443cbaaa4921f10d67c6f10.jpg,194804,384,15:28:25,甲  方  乙  方,1379
583253593,BV1az4y1d7VP,18959,2177,1590908782,2020/5/31,8247,18:03,31124,//i2.hdslb.com/bfs/archive/c842ffa1a7a9e815700d5a2c88c5dbee8af62d03.jpg,334886,2386,15:6:22,听说我电脑坏了 华硕ROG给我寄了台4W的电脑,2670
625836406,BV1Xt4y1C7AX,10412,411,1590400808,2020/5/25,5519,11:17,27409,//i2.hdslb.com/bfs/archive/afc9cf9f9519cb8e2933e7510b00eb5a262e28ca.jpg,270193,426,18:0:8,亡 羊 补 牢,1837
753312190,BV1Pk4y1r7ey,7046,408,1590133518,2020/5/22,2721,11:56,19872,//i2.hdslb.com/bfs/archive/4225072c9215f9a3f09e4b4179aaf1793da17888.jpg,217196,423,15:45:18,上 流 吃 鸡,2413
583133779,BV11z4y1R7tQ,8726,513,1589872013,2020/5/19,6677,12:24,31469,//i2.hdslb.com/bfs/archive/b55cc40aaa39afa14bd802555f03cc2f57f88723.jpg,266392,422,15:6:53,爱 狗 人 士,1345
370673739,BV1JZ4y1p7oh,11499,1696,1589600217,2020/5/16,5819,01:34,33336,//i2.hdslb.com/bfs/archive/7a4ae39111476a19ac7c24dd4e62541751835219.jpg,241988,745,11:36:57,【全明星】我要变好看,654
413144090,BV1mV411k7rc,15505,2312,1589349824,2020/5/13,8950,06:07,29907,//i1.hdslb.com/bfs/archive/86cde07d1ad3816dc71c10e462b6fa57d256bcf8.jpg,344008,1808,14:3:44,也许我找到了今年最好用的鼠标,1581
668051213,BV17a4y1i7wd,11789,857,1588824013,2020/5/7,10310,13:58,33621,//i2.hdslb.com/bfs/archive/b2705496e1cb96f200d50be260176b189e244baa.jpg,287496,844,12:0:13,专 业 养 鸡,3073
412923819,BV1KV411d7Wv,15545,1394,1588148425,2020/4/29,4987,13:52,36250,//i0.hdslb.com/bfs/archive/b1aee770fe148839cea5ce523b6f8080a3df9294.jpg,413262,2521,16:20:25,外挂队友：我哪里受过这种气！,5996
837974603,BV1Ug4y1z7pM,17367,1009,1587790854,2020/4/25,4835,09:45,38887,//i1.hdslb.com/bfs/archive/efcc3cb4808ab124e0046859a4499638a32ecbe6.jpg,296483,910,13:0:54,专 业 洗 猫,2243
370355535,BV1PZ4y1474S,25451,1502,1587109408,2020/4/17,6579,10:26,37633,//i2.hdslb.com/bfs/archive/053a757f997957e8c20655f70220b0a4ab8bf388.jpg,304922,3894,15:43:28,【我的外挂队友】一个挂壁的自我修养（第一期）,3775
840150349,BV1v54y1d7Eg,13446,381,1586509807,2020/4/10,2158,12:33,19703,//i1.hdslb.com/bfs/archive/cf1bfaec2d97b6a489b2b8126fc7e3fe4208faff.jpg,176123,439,17:10:7,栓狙加强！M4+M24强势单排吃鸡,2096
327733167,BV1FA411b7hs,18079,1264,1586326139,2020/4/8,5993,01:27,41333,//i0.hdslb.com/bfs/archive/51b36ccae311f858027a70bee023b1a0a413584e.jpg,335314,1897,14:8:59,调音师来拯救JONY J了！淡黄的长裙，蓬松的头发,1202
925209489,BV18T4y1G7Cw,14323,718,1586147797,2020/4/6,2895,13:43,23994,//i1.hdslb.com/bfs/archive/131f4e8c2d80bb97491a7adacd66572a7a73b5a1.jpg,241557,1191,12:36:37,蓝洞这次用心了！RPG魔法吃鸡！这不是简单的骑砍,2671
200033025,BV1Zz411t7Jn,22577,1076,1585903812,2020/4/3,5924,10:23,38801,//i0.hdslb.com/bfs/archive/6cc5c03dbb5a2ba21c2585ad7437038f2ab3237e.jpg,293249,738,16:50:12,2000元买的塔科夫周边 黄金保险箱竟然这么大？,3266
99773041,BV15741197eM,24735,1899,1585376118,2020/3/28,11585,02:17,49542,//i2.hdslb.com/bfs/archive/be5bcc683b4b465755bf47690b43fc1db1749700.jpg,430079,1810,14:15:18,【全明星】牛逼就完事啦,9488
99798672,BV1H741197ae,12306,473,1585298652,2020/3/27,2376,07:06,19357,//i2.hdslb.com/bfs/archive/9d4d6f812f1374e18674d4f37e588e75443d0d29.jpg,214036,453,16:44:12,串味了！当吃鸡玩家中毒塔科夫太深,1442
98666039,BV1y7411m7XE,14796,765,1584947760,2020/3/23,3272,17:23,25170,//i2.hdslb.com/bfs/archive/9f4b03af8c020e6e2bfe2eedaf52096028fa9e28.jpg,410369,1716,15:16:0,吃鸡里假的大哥和大哥和真正的大哥,4122
97841358,BV1gE411A74D,10286,429,1584687685,2020/3/20,4195,95:14,14109,//i1.hdslb.com/bfs/archive/d56d18800a329d4ce1a82762326cff6df453ffdc.jpg,138868,415,15:1:25,高分国产电影交互式游戏！烧脑悬疑《记忆重现》【完结】,2617
96484805,BV1w7411f7Zm,15896,966,1584262649,2020/3/15,3854,14:21,28382,//i1.hdslb.com/bfs/archive/97f79e85750c76653c5d1bcc3c917d5f04a9a0fb.jpg,443942,1218,16:57:29,外挂队友说自己只开了透视，然而决赛圈竟然...,3798
93355597,BV1SE411x7yj,12028,1858,1583217837,2020/3/3,2703,18:46,23482,//i0.hdslb.com/bfs/archive/3f9c06fdb1fc87153efa551cc80ddbe188cc5d86.jpg,303938,1771,14:43:57,打不过就开？！吃鸡亚服决赛圈究竟有多少外挂？,2554
92191718,BV187411N7cW,8359,477,1582882227,2020/2/28,1621,09:15,15033,//i1.hdslb.com/bfs/archive/47c2de13bc960333655c95ad361f0b93bd671afd.jpg,193497,507,17:30:27,吃鸡新图外服都开始这么打了 一把冲锋枪近战无敌,1144
91335314,BV1g7411u7cU,22566,1858,1582623033,2020/2/25,15404,01:32,86028,//i2.hdslb.com/bfs/archive/bffb6ed4be8085685ff8c16aff9cfe157eecfbed.jpg,869312,4550,17:30:33,好  学  生  卢  本  伟,4196
90650342,BV1f7411w7Mu,8457,324,1582286326,2020/2/21,1691,08:18,16055,//i1.hdslb.com/bfs/archive/f9118b6f86628ef889a9b50b9ffa4b80f984e35e.jpg,184814,795,19:58:46,吃鸡新图卡拉金怎么打？mini14杀就完事了,1228
89655677,BV167411j7XG,18786,3180,1582018239,2020/2/18,10280,02:09,43752,//i2.hdslb.com/bfs/archive/3d4d1ab6dff86a0029a4ac46afcbcab519038c04.jpg,360873,3023,17:30:39,【全明星】Ddu-du Ddu-du,2959
88944895,BV1H7411g7Xw,8654,742,1581674533,2020/2/14,1884,13:19,17066,//i1.hdslb.com/bfs/archive/51465c6528b7bcdb3ad6ff8ad1a4af8201380be0.jpg,197238,1645,18:2:13,裂 开 大 行 动！这是个价值2000元的视频,1924
88223750,BV1y7411573J,8641,352,1581415173,2020/2/11,1960,11:13,17417,//i0.hdslb.com/bfs/archive/fcc8a6dad69463658491c91f20b0727cb029117d.jpg,267635,1047,17:59:33,【局】在毛子服吃鸡就算遇到外挂也是乱杀,1845
84274072,BV1i7411v7SW,18965,639,1579752338,2020/1/23,8542,01:35,32589,//i1.hdslb.com/bfs/archive/3504e63cbeb0d7365234b8954acff223229ccf8e.jpg,238044,1852,12:5:38,【全明星】2019鬼畜金曲串烧，你能听出几首呢？,651
83508134,BV1zJ411J7M2,7463,261,1579083046,2020/1/15,1563,08:41,13474,//i2.hdslb.com/bfs/archive/eb4e69795e8f3b98b94b5159f31cc66eb56fda58.jpg,184779,811,18:10:46,当阴险的伏地魔LYB来到职业训练赛能否carry吃鸡？,807
82390691,BV1RJ411V7Hg,11881,1021,1578339531,2020/1/7,5579,123:05,16649,//i1.hdslb.com/bfs/archive/145b9e3141244a1b199d6a4d4f3e4a41cbebace4.jpg,383266,2832,3:38:51,【完结】【阿局】《港诡实录》被骚女鬼追吐了！国产恐怖新游！,17034
81596426,BV1rJ411b7T3,49577,3551,1578040225,2020/1/3,48046,01:45,91788,//i1.hdslb.com/bfs/archive/985d9909a363310877ae981bc446b6c1b77a8653.jpg,1248022,6876,16:30:25,【禁止套娃】怀旧向，你还记得这些全明星吗？,2223
81303058,BV1QJ41187Mf,5924,264,1577784609,2019/12/31,1418,09:23,11335,//i1.hdslb.com/bfs/archive/4d1f3c52cf1a6ec4f1c373e871092f5ba7f0bb3f.jpg,167639,828,17:30:9,猛男模拟器之蛇之呼吸,819
80471640,BV1xJ411x7GU,6180,583,1577352655,2019/12/26,1343,12:27,12989,//i1.hdslb.com/bfs/archive/6f0fd5b8f6009f743c3afc2cb49cfcd79897be0c.jpg,202322,938,17:30:55,蓝洞一万个外挂不管，普通玩家15杀却当场被踢,1368
80204689,BV11J411477F,14434,1221,1576995829,2019/12/22,7041,01:46,31119,//i1.hdslb.com/bfs/archive/b7d5f161632146d5cb13df436db8b5483a797e24.jpg,361708,1842,14:23:49,【五五开】我没有开挂我开天王炸,725
78978871,BV1KJ411C7kg,14840,2183,1576142512,2019/12/12,7175,11:37,25314,//i0.hdslb.com/bfs/archive/d52f05b3e0d829fcf5cad290ba53262faa198888.jpg,461345,2695,17:21:52,为什么我不推荐买游戏耳机玩游戏,2558
78256824,BV1CJ411i7yH,7965,600,1575628736,2019/12/6,2162,10:36,14844,//i2.hdslb.com/bfs/archive/d93f5138616ab2cc072fe282a3d884bf2391a090.jpg,211014,1394,18:38:56,这把awm杀得太猛直接被蓝洞当挂踹出游戏,2252
77819747,BV1rJ411z7VK,3516,253,1575288018,2019/12/2,1069,09:10,8356,//i0.hdslb.com/bfs/archive/494b22fd6583bf6ca21573264cf97aa82105ee43.jpg,104476,829,20:0:18,b站发行独立游戏？国产AVG里不只有美少女？,238
77330254,BV1JJ41197wB,20150,1552,1574939800,2019/11/28,9640,02:14,31647,//i1.hdslb.com/bfs/archive/67e09363598014e8a36bdb6173ca7091302a28eb.jpg,337098,4240,19:16:40,【全明星】MAMAMOO最新单曲《你嘟一下！我就回了老家！》,1829
77108403,BV1nJ411X7mP,6078,216,1574763868,2019/11/26,1455,03:57,12894,//i0.hdslb.com/bfs/archive/02f63fd6fce99f9f8094b9181a10d2568f77ff7a.jpg,204231,953,18:24:28,本以为暴毙我却被外挂哥打工仔们保送吃鸡,368
75741678,BV1kJ411D7ea,11542,578,1574425477,2019/11/22,4991,01:57,26134,//i1.hdslb.com/bfs/archive/59f65b8061fda5a3814b4efc717a1ee770cade3b.jpg,213273,1263,20:24:37,【全明星】别开我玩笑,457
75737026,BV1rJ411D7mR,7175,757,1573812360,2019/11/15,2698,11:56,13347,//i2.hdslb.com/bfs/archive/8eb8de7033eb949ea6883afbd7167634d4d1066a.jpg,228162,1271,18:6:0,世界上最滑的鼠标垫配上最强的无线鼠标是一种什么体验？！,899
75556435,BV1iJ411S74M,6716,340,1573640615,2019/11/13,2179,03:29,16501,//i2.hdslb.com/bfs/archive/08d770c7fcd114c2ae620d2bff3f2eb2ecb52c3c.jpg,264971,1604,18:23:35,主播决赛圈被蓝洞制裁破口大骂，看到结局后上演川剧变脸,888
74013871,BV1UE411b7bF,18498,1069,1572516313,2019/10/31,18501,01:32,54265,//i2.hdslb.com/bfs/archive/dab85f8b13f7aba47b2f5235eddaa28ac7a8b3d9.jpg,1184490,4780,18:5:13,【全明星】爱河,1562
73835238,BV12E411h71e,3137,208,1572350447,2019/10/29,835,05:24,7679,//i0.hdslb.com/bfs/archive/0df7ce87d817d00d04df2975310c87a2846f52c1.jpg,96577,805,20:0:47,本想划水养生却被卷入神秘小团体？简直不要太刺激,169
73407607,BV15E411a7CZ,7128,467,1572062420,2019/10/26,2006,06:46,15756,//i1.hdslb.com/bfs/archive/ba50f72452facde0d6e9e12e279c7081fa2978ed.jpg,200046,992,12:0:20,1300元的猫绝育套餐是什么体验？！做完后生无可恋倒着走路！,1359
70852611,BV1UE411o7wj,101071,27125,1571567415,2019/10/20,35125,15:34,73066,//i1.hdslb.com/bfs/archive/9f82c965fbe36429909fc2e0220c4d33bcf1f725.jpg,549243,20591,18:30:15,疯了！一万五的电脑免费送，百万粉丝UP主倾家荡产。ITX小钢炮装机实录,33725
71315640,BV1AE411C7tk,17638,825,1571141919,2019/10/15,9964,02:23,32167,//i1.hdslb.com/bfs/archive/020b070d833d82c8289e572188ca8b2aad9dc0ce.jpg,518930,10401,20:18:39,史上最憋屈死法！玩家看回放一定气到砸电脑,942
69483777,BV14E411X7uj,221181,8474,1570010446,2019/10/2,132894,01:28,282324,//i0.hdslb.com/bfs/archive/1f954cde18aec043dce07130d19fd95acc345632.jpg,4683599,50927,18:0:46,【猛男up主版】新 宝 岛【痒局长 A路人 陆夫人 螺主任 小暗  KB】,13650
69389450,BV1bE411R7Mk,7709,412,1569752961,2019/9/29,2253,11:20,15924,//i2.hdslb.com/bfs/archive/47bcca0ad4943f7b4cf64be251bf67f2a9ce71fb.jpg,230112,1142,18:29:21,同窝猫咪第一次团聚是什么反应？终于接到神仙德文了！亲兄弟住进了豪华家成了富养猫？！,1100
68366635,BV1dJ41137YS,24058,605,1568968637,2019/9/20,8745,19:06,26384,//i1.hdslb.com/bfs/archive/694c93f5817bccfed6bed19696518f8f254cbb42.jpg,273494,2406,16:37:17,史上最全吃鸡单排打法盘点！5000小时主播全部心得！！看完马上6000分！,1432
67437580,BV1tJ411P7Rf,50954,1373,1568280053,2019/9/12,40771,01:44,93324,//i1.hdslb.com/bfs/archive/7dd76b1241cec9fd1d5589a435d6c67eed1e38c8.jpg,1308975,7117,17:20:53,【全明星】野狼disco,1888
67388514,BV1AJ411P7eA,8991,721,1568208335,2019/9/11,3237,16:26,22296,//i2.hdslb.com/bfs/archive/f4c8abed6b7fa1dcb3612d164be2c099fe27da18.jpg,521015,1185,21:25:35,笑了就输！对手居然使出这种招式？！雨中军训绿地真人吃鸡实在太刺激！,2546
66712579,BV1n4411y7Aw,11854,1379,1567679838,2019/9/5,9909,01:45,32858,//i2.hdslb.com/bfs/archive/dd674fd232d7f75daea507cfbe6e43e9a62d04b0.jpg,740017,3404,18:37:18,【乔碧萝】世界第一公主殿下！！,1931
66048057,BV1L4411B75Q,10642,659,1567310448,2019/9/1,3046,06:03,18199,//i0.hdslb.com/bfs/archive/7361a63d74f3c1affb3a9e4c0f5541a66fe5c622.jpg,192521,1118,12:0:48,两万块买回家的德文居然秃头！猫版伊奇是真实存在的吗？我终于有猫了之打造五星级的家！,1462
65451021,BV1C441167q5,18352,1344,1566984331,2019/8/28,13872,01:28,51127,//i2.hdslb.com/bfs/archive/fc8aff0288e4456d007d46f9164bc2631fd020da.jpg,861990,6308,17:25:31,【黄晓明】恋爱循环,1422
65042490,BV1M4411r763,26509,3209,1566568126,2019/8/23,20980,01:47,71926,//i0.hdslb.com/bfs/archive/e4361237549245cc825006041505a2d613cb3d7a.jpg,1204564,8520,21:48:46,脑力窝窝头 一块钱4个O-oooooooooo AAAAE-A-A-I-A-U- JO-oooooo,4042
64872536,BV1C441197v6,6591,425,1566474366,2019/8/22,1679,12:27,12705,//i1.hdslb.com/bfs/archive/37aa51609464cc8ee2145b2d08dc9b3738354710.jpg,189036,1011,19:46:6,MK14！吃鸡单排大杀器！有了它单排简直是屠杀,1477
63571450,BV194411S7C2,19080,1168,1565861442,2019/8/15,10919,29:55,28228,//i0.hdslb.com/bfs/archive/becbc12afeed49be0a927401ccae0b11059f988f.jpg,465782,2436,17:30:42,四万块！！小白从零开始玩水冷，从入门到理赔详细实录！三十分钟干货满满,5693
63569745,BV1k4411S7nh,3858,378,1565703704,2019/8/13,1001,12:49,8851,//i2.hdslb.com/bfs/archive/6a9a8472e91ee7de7118af4f6f2becbc96b88dd1.jpg,83467,854,21:41:44,和江户时代的武士小哥哥邂逅,689
62640411,BV1tt411T719,10240,706,1565256036,2019/8/8,2888,10:32,21410,//i0.hdslb.com/bfs/archive/177e1fa07765f75193762cbca65042a82f494211.jpg,385470,1066,17:20:36,高分段一盘鸡有多难？三个三级头都不够！,3378
61596422,BV1Tt411w7xo,20683,1011,1564652729,2019/8/1,24566,01:04,46593,//i0.hdslb.com/bfs/archive/0672aecc0f6dbb5c5917d68151283adb87cbffc3.jpg,812819,2811,17:45:29,轮到刀客塔给你洗脑了,1143
61362276,BV1Rt411F7mU,6132,725,1564545920,2019/7/31,4394,136:58,10857,//i2.hdslb.com/bfs/archive/47d2dfa4b479362813c5c11e76a615b305f5999b.jpg,219612,870,12:5:20,【局】天朝相亲图鉴！这里面的小哥哥也太多了吧,7492
60537840,BV1Jt411E7fH,11670,1096,1563969632,2019/7/24,3995,16:29,21308,//i2.hdslb.com/bfs/archive/d12b586a7f49ee30ca93ebd542a39873443751fa.jpg,324491,1168,20:0:32,宅男大变身！男人认真起来到底能帅成什么样！,6967
59881711,BV1nt411n7BQ,21715,566,1563615057,2019/7/20,6063,05:40,28220,//i2.hdslb.com/bfs/archive/0f5fb17275e6ca360a9a8fa6cbd6b2a6c7a54120.jpg,246007,1085,17:30:57,吃鸡史上最骚套路！艾伦格防空洞钓鱼执法！教你休闲轻松坐收人头做鸡王,1921
59388612,BV1tt411G7vL,3952,587,1563278413,2019/7/16,934,27:02,8481,//i1.hdslb.com/bfs/archive/2958967ac83fe88e830387489c616d87c5d99433.jpg,152157,776,20:0:13,3D！即时海战！舰队！美少女！死宅的快乐是如此简单,1131
59067630,BV1Et411V747,12927,978,1563080457,2019/7/14,4277,07:14,20849,//i0.hdslb.com/bfs/archive/9c10d6709a7359b0f7b32e06aa758bc0eb5424da.jpg,335180,965,13:0:57,9.9元！淘宝隔音棉贴全墙真的能吸音吗？手把手教你自制自宅隔音改造计划！,2042
57831485,BV1G4411A7Eg,7777,382,1562319016,2019/7/5,2043,10:12,11934,//i2.hdslb.com/bfs/archive/be9c0b2119e94058b331c15f63dec094a9b6c067.jpg,189082,1012,17:30:16,史上最强单排载具蟑螂车！有了它决赛圈为所欲为！,2046
57834412,BV134411A793,23331,1127,1562236933,2019/7/4,17766,01:36,43825,//i1.hdslb.com/bfs/archive/e685cfd8344830a96a31ac20644f4cdcf3ba873e.jpg,783956,2537,18:42:13,【多明星】分类吧！垃圾君！,1111
57020682,BV1ax411d7gD,10786,907,1561637483,2019/6/27,3125,28:54,18007,//i2.hdslb.com/bfs/archive/b38bed9ea0e98812f45dbbcbd64d4633c78d216e.jpg,295851,1235,20:11:23,主播开起来了？！四倍压枪瞬镜空爆雷，16+18杀直接打到检测,5122
56297193,BV1q441137HM,19138,723,1561176316,2019/6/22,5758,07:58,23841,//i2.hdslb.com/bfs/archive/64fe1bb137f527f936453dc60655724a498489df.jpg,301617,1253,12:5:16,一万块！给猫买淘宝最贵的日常用品！它居然只钟情九块九的……？！,1683
55984344,BV1Y4411G7Pt,5922,438,1561107611,2019/6/21,1844,10:37,10261,//i0.hdslb.com/bfs/archive/1e1702c79a5b9a7945cf35ca3fd0a1c4438d68bf.jpg,151498,763,17:0:11,五星好评！不愧是新东方最顶级主播的手艺！快乐做饭模拟器变身扬州小当家！！,728
54063764,BV1h4411H7uB,16118,1093,1560503102,2019/6/14,9914,01:50,33206,//i1.hdslb.com/bfs/archive/714e5c7b8152b9037659a5e94aa002d4ce59991d.jpg,487194,2710,17:5:2,一天一遍，防止开挂！我真的很牛逼！,1581
54709333,BV164411M7ur,7069,329,1559883623,2019/6/7,1728,12:04,10854,//i1.hdslb.com/bfs/archive/331737e0fb94dc7c0556f358fe86ad3672f57787.jpg,163899,814,13:0:23,【痒局长】前期uzi 后期ak 轻松拿下自闭城！,1300
54714289,BV1r4411M7vd,19904,644,1559810461,2019/6/6,5104,06:36,24999,//i2.hdslb.com/bfs/archive/fdf42f0bee30d8670bde2fc130bd446a3d651a0b.jpg,240599,946,16:41:1,绝了！拼多多68元棉花糖机混入变态辣酱出来这样的棉花糖？！好孩子不要学！,2127
53730980,BV1u4411x7T8,14214,950,1558927839,2019/5/27,8995,350:45,17157,//i2.hdslb.com/bfs/archive/401d2a22b99b3b45a8bfcc18df065d6f6f1c5271.jpg,505634,1477,11:30:39,【痒局长】宅男的人间冒险【三线完结】,13305
53322900,BV134411L7GJ,8119,468,1558603336,2019/5/23,2197,10:16,11498,//i0.hdslb.com/bfs/archive/7c9d07ea6f281ade39d7db4f8c443238e5f3ee21.jpg,168712,916,17:22:16,【痒局长】18杀！论4000小时职业玩家如何处理天谴圈,1333
51807059,BV174411v72w,29281,1522,1557998433,2019/5/16,25189,02:05,49229,//i0.hdslb.com/bfs/archive/2a6824cc757c0716d86d0210479484e2b7d29a74.jpg,885139,3846,17:20:33,【全明星】play with fire,2353
52478648,BV114411E7z6,13766,885,1557892822,2019/5/15,3894,15:17,18039,//i0.hdslb.com/bfs/archive/b429eb27b67849188298579bdcb6bf33fe311f0f.jpg,219106,958,12:0:22,成都vlog|辣辣辣！连剃须膏都是辣的！！|人生第一次做漫展签售,4045
51922616,BV1c4411Y7X7,18204,722,1557396347,2019/5/9,5808,09:04,20893,//i2.hdslb.com/bfs/archive/180f987d2b8d6e3b175e7791c4a88c5fea1edb43.jpg,237497,1118,18:5:47,真实！肥宅主播涂口红立马变美少女！虚拟偶像在摄像头面前居然是这样的？！,2029
51598097,BV1y4411i7UF,30015,3533,1557115512,2019/5/6,16504,03:04,38878,//i0.hdslb.com/bfs/archive/e8fafc6ad6ecd968bde07175c8c2c8f8856c0a0a.jpg,492769,2787,12:5:12,【痒局长】勾指起誓,5024
50985587,BV1G4411t71r,37956,1029,1556681400,2019/5/1,10671,06:02,44611,//i0.hdslb.com/bfs/archive/52c0ab114d02a178c796e6f29ec3d225bf5debd5.jpg,576584,1247,11:30:0,一秒变菜！用拼多多买的索尼4K电视玩吃鸡玩吐了！认真一看品牌名字居然是？！,2055
50513901,BV1g4411h7mE,17101,1246,1556335820,2019/4/27,4823,05:40,25119,//i1.hdslb.com/bfs/archive/3ff3d20d8b0906bc0b48c989824519ed8f82d175.jpg,311272,1172,11:30:20,只要10块？！拼多多的大碗宽面真的能吃吗？！连猫也震惊的香辣口味！,2715
50521401,BV1V4411h7Tr,32217,1447,1556276738,2019/4/26,19335,02:27,45667,//i0.hdslb.com/bfs/archive/28e1ad50e56344a4d435bec89291938eb6417128.jpg,674175,3794,19:5:38,【全明星】大碗宽面,2235
50486901,BV1c4411h7qE,24950,1745,1556250037,2019/4/26,9289,21:42,29274,//i1.hdslb.com/bfs/archive/c6439406ac25666fac06834eef3dafb06634d1a7.jpg,384150,3353,11:40:37,【痒局长】单人四排29杀吃鸡！SKS再现经典！是辣个男人吗？我痒本伟没有开挂,7463
50399154,BV1144118742,20872,1298,1556164820,2019/4/25,8350,16:58,29028,//i2.hdslb.com/bfs/archive/fe2983ca8b611b51feb7cc78a1181a2fe3305710.jpg,422778,2195,12:0:20,潜入190平方米豪宅只为偷猫？！神仙党妹连养四只也太幸福了吧！大型连续剧之我痒局长肯定会有猫的ep001|走访猫学大师党妹！,5684
49989120,BV1ib411V7EJ,7877,733,1555817429,2019/4/21,3834,102:44,10932,//i0.hdslb.com/bfs/archive/3b92aea7b05657649b914ac50e6513b7d904f8bc.jpg,171763,1174,11:30:29,【局】《纸人》国产恐怖游戏大作！全收集剧情分析【第一章完结】,6516
49813911,BV1Qb411G7jP,38065,1895,1555674241,2019/4/19,11153,10:04,41671,//i1.hdslb.com/bfs/archive/787be4109c7c7259b4d7fc45a3b62b8cef6a9d7a.jpg,488511,1782,19:44:1,把市面上最难喝的饮料全部混在一起！一口下去哭着喊妈妈,5003
49168903,BV1Cb411K75s,8359,665,1555139562,2019/4/13,2592,09:36,13084,//i2.hdslb.com/bfs/archive/33536c40d93d9d934b5054341e68abc0970d2714.jpg,178152,828,15:12:42,吃鸡偶遇小姐姐，男队友竟然做出这种事！！,2709
47287926,BV12b41147nc,38209,1949,1554369957,2019/4/4,17370,03:12,39307,//i0.hdslb.com/bfs/archive/2b75bf8c0c705f22288ef9f9bf8850732a71a937.jpg,480316,2847,17:25:57,【岳云鹏x郭德纲】阳光宅男,1579
48183165,BV1Jb411W7TG,32357,1338,1554294264,2019/4/3,13666,13:30,29851,//i1.hdslb.com/bfs/archive/3bc9cd13f608dcbe9fa7629bf095b43dea34477e.jpg,314515,1813,20:24:24,直播三年！穷屌宅男终于攒出顶配游戏桌！,3035
48081029,BV1mb411p7TY,5140,906,1554202470,2019/4/2,3049,121:37,8454,//i0.hdslb.com/bfs/archive/ca9a30c8800f96dc9eae907ab275d27ae40be1b9.jpg,144980,788,18:54:30,【局】皇帝的枕边人！史上最惨皇帝连妈妈都嫌弃,3081
47341101,BV1Xb411474p,6913,617,1553528863,2019/3/25,2354,10:13,10408,//i1.hdslb.com/bfs/archive/36d418aeb2dbf794fb3e15e40e2b9c88c949de24.jpg,184833,1352,23:47:43,又一个up主被只狼逼疯了！通关之后居然做出这种事？！！,1073
46729197,BV1Yb411E7rp,18146,1079,1552989934,2019/3/19,10429,08:10,19052,//i0.hdslb.com/bfs/archive/55e6cd2e8b21b8c20e54538a90dd1faad6b183af.jpg,208618,1272,18:5:34,天天练枪却越来越菜？十年FPS玩家传你功力,1145
46237687,BV1sb411H7jq,15342,1061,1552555856,2019/3/14,8817,47:42,17211,//i0.hdslb.com/bfs/archive/dd1c19ce4b9b1f35c57bf8a30acdb74bcf7df7ac.jpg,300850,1469,17:30:56,又一款高分国产良心电影交互式游戏！烧脑悬疑《记忆重构》第一章祸水实况,3417
46181789,BV1Kb411H7b5,7405,559,1552480007,2019/3/13,3046,34:41,11237,//i0.hdslb.com/bfs/archive/e6b1914433050fe58a0aacd25f7e8f52aa24a270.jpg,169770,856,20:26:47,200万粉up主竟在线培养女主播？！这个游戏怎么可以这么真实！,2440
46070268,BV1Ub411e7sX,5401,416,1552386614,2019/3/12,1597,10:18,8700,//i2.hdslb.com/bfs/archive/5d1106236293d7ed157459245d6a2708eef2aeb7.jpg,156781,717,18:30:14,吃鸡四倍镜暗改 M416压枪居然可以如此惊人,897
45289548,BV1Ab411z7oN,36503,1856,1551951009,2019/3/7,17420,01:41,38009,//i0.hdslb.com/bfs/archive/dee0be0657f0074c26979a6bba3866a38840f37a.jpg,402209,3261,17:30:9,【全明星】嘴巴嘟嘟,1656
44982392,BV1Lb411b7Jx,14689,2065,1551413134,2019/3/1,9330,603:45,16301,//i2.hdslb.com/bfs/archive/9a194ad071d32d71d0836400e8e9d2693001a32e.jpg,609308,3118,12:5:34,【痒局长】隐形守护者！橙光高手带你互动电影【全线完结】,36587
44670650,BV1bb41187p2,9804,1366,1551089228,2019/2/25,8683,127:49,16337,//i2.hdslb.com/bfs/archive/ee7aa2b2ef44b8142d38102e412ff33a0dfd4b4b.jpg,483152,2624,18:7:8,【痒局长】层层恐惧！一款真正的恐怖游戏良作【完结】,15327
44179245,BV1nb411Y7Kg,4416,388,1550657648,2019/2/20,1410,08:05,7508,//i1.hdslb.com/bfs/archive/7e90b31ad7e959638993d7bb08209237086d3fc8.jpg,109353,817,18:14:8,【痒局长】麦克雷玩家转战apex是什么体验,424
44050800,BV1rb411a7bt,3685,473,1550553422,2019/2/19,973,37:55,7086,//i2.hdslb.com/bfs/archive/778c6702a6e03b70f107516b8a015a1e73571704.jpg,92967,788,13:17:2,【刀塔自走棋】史上最强术士巨魔战 极限一血逆风翻盘,1053
43539735,BV1cb41127Hh,3722,529,1550139589,2019/2/14,1250,20:10,8116,//i2.hdslb.com/bfs/archive/c4938e7ede72f9af62c7aaa9ea08f284bc98ee4b.jpg,119495,822,18:19:49,APEX三个主播两个肥肥杀了整局一半人,749
43505189,BV1Yb411U7gv,73069,2090,1550118665,2019/2/14,40608,02:56,79293,//i0.hdslb.com/bfs/archive/7949db5f03d3423e05284335bf15a56161edeee2.jpg,732727,8972,12:31:5,【全明星】两分钟听完2018鬼畜金曲,3386
42242071,BV1Lb411k7wn,10365,884,1549688750,2019/2/9,2926,13:01,13822,//i2.hdslb.com/bfs/archive/4f0550c20131291c9a4f54eb7b35559395b4e60f.jpg,128483,801,13:5:50,鸡同鸭讲⑦：感动俄罗斯十佳人物！ 无限法则究极梆硬主播上线,2596
42789657,BV18b411z7Mm,29103,2532,1549439767,2019/2/6,18314,01:35,41231,//i0.hdslb.com/bfs/archive/d79d13333f18cd3d8e94eb503b8d3d7d24d9cf2f.jpg,502268,5102,15:56:7,【全明星】书记舞❤辉夜大小姐想让我鬼畜,1484
42322757,BV1bb411k7wE,16761,851,1549083644,2019/2/2,6303,12:48,19455,//i1.hdslb.com/bfs/archive/d52f1bf82f33b6e31fff4000f2e5ae49a4ebcb4f.jpg,231666,1134,13:0:44,鸡同鸭讲⑥：直播翻车了！陪玩小姐姐发出灵魂质问，主播你听起来有点肾虚哦？,2187
42323819,BV1tb411k7CZ,15854,1478,1548999617,2019/2/1,7915,01:29,22895,//i0.hdslb.com/bfs/archive/d55dd437de2dbd8655549c7afa110e087d905f96.jpg,238958,1714,13:40:17,【孟鹤堂x五五开】干物妹！盘他,718
42140568,BV1sb411y7Bu,10111,806,1548837241,2019/1/30,6820,124:03,16140,//i2.hdslb.com/bfs/archive/6b12a64d9e45d4b3215b6773dcbbeb5004f7be92.jpg,561251,970,16:34:1,【局】中国式家长隐藏剧情！女儿竟然被闺蜜给？？？,8206
42045088,BV19b411C7xD,5651,1201,1548757934,2019/1/29,4248,126:11,13356,//i1.hdslb.com/bfs/archive/e3457be7086111cfc611545b025fe75e01032b31.jpg,366231,1158,18:32:14,【痒局长】中国式家长!女主播养成记,8933
40711407,BV1at411H7Mj,14047,683,1547717405,2019/1/17,4741,07:24,15707,//i2.hdslb.com/bfs/archive/a9189dca53e87338c252dfd486910bef969d04e2.jpg,149122,1027,17:30:5,笑到头掉！2018年最具沙雕气质游戏盘点,1083
40864835,BV17t411p7iz,8425,694,1547631023,2019/1/16,2565,09:15,11706,//i1.hdslb.com/bfs/archive/d5439a5980a598a9cd7ca41ab4dc2d7273819c4e.jpg,322132,876,17:30:23,M762版本暗改 满配后成为新一轮吃鸡神器,1818
40419269,BV1rt411p7dv,37175,2591,1547195412,2019/1/11,22520,02:03,44847,//i2.hdslb.com/bfs/archive/cf54a6dd049138e33f5eb3d685698b8bd801990a.jpg,700092,7738,16:30:12,【六小龄童X卢本伟】电音之王,3064
39742352,BV1Xt411B7e2,12314,607,1546594230,2019/1/4,3704,12:33,14955,//i2.hdslb.com/bfs/archive/322c3fee6c5bcc3201f2ff754a197e406890861c.jpg,227815,897,17:30:30,左手686右手AWM 一枪一个韩国小苟苟,2655
39732828,BV1Dt411B7pU,17078,6437,1546414089,2019/1/2,14056,927:39,19363,//i0.hdslb.com/bfs/archive/99f05df69bf19c1f1de57711514aa6595876301a.jpg,958826,2322,15:28:9,【局】谁让我当红！娱乐圈的黑红女王【完结】,72850
38900647,BV1Ut411k79F,26342,9410,1546317054,2019/1/1,13156,01:32,29635,//i1.hdslb.com/bfs/archive/1c22ce8fb31af1dc1d3d5cb89274ac7d652fa8ff.jpg,327530,2285,12:30:54,【全明星】全部都是你,1565
39145769,BV1Vt411r75w,21009,1937,1545998434,2018/12/28,7341,10:57,19803,//i1.hdslb.com/bfs/archive/fa1ec0c71ccb8a4f10e8ba7911f0c8533e8bfa6c.jpg,287266,2205,20:0:34,吃鸡雪地地图居然还能这样玩？！土味情话攻击实在太骚,1870
38628248,BV1gt411Y7pU,10286,657,1545381006,2018/12/21,3195,08:28,12936,//i1.hdslb.com/bfs/archive/a1f47816d420bb7ceab7c439deab17104d725f2c.jpg,188288,1019,16:30:6,史上最惨送鸡 看到这一幕的人都哭了,1612
38180676,BV1xt411i74L,12039,3022,1544847039,2018/12/15,8618,705:51,14894,//i1.hdslb.com/bfs/archive/efba0a69838a3901747b0c52894b2b1ac571d305.jpg,548564,1463,12:10:39,【局】蜜糖担当!这回是21人女团现代宫斗【全线完结】,25415
38060737,BV1zt411v7v5,14927,784,1544690288,2018/12/13,5370,10:41,16639,//i0.hdslb.com/bfs/archive/17940be6b801a6b527a1ef649c29eb7615a2b68b.jpg,297857,1602,16:38:8,队友的嘴骗人的鬼！主播网骗竟遇敌台对手 激情在线Rap掰头,2017
37699804,BV1dt411S7Wu,26334,4308,1544260743,2018/12/8,11892,02:24,25182,//i1.hdslb.com/bfs/archive/a8fda7599a6d16d6a35352762979de7f5a7c4500.jpg,266817,2909,17:19:3,【全明星】要爱爱,1641
37477926,BV14t411Q7ve,19066,4304,1544090736,2018/12/6,6496,12:04,19055,//i0.hdslb.com/bfs/archive/27353fcba31d470bd9c4a97e7c75a82998fae424.jpg,272375,1608,18:5:36,主播竟花钱当陪玩？！骚话小哥哥反手老板撩翻路人,2660
36992297,BV16t411Q77b,11719,689,1543642234,2018/12/1,3495,08:54,12242,//i2.hdslb.com/bfs/archive/5a20b2938e485bb39bd76569a4cebebdae2624ae.jpg,132682,618,13:30:34,【局】抗韩LYB教你用摩托诱杀韩国主播,1701
36509635,BV1ft411C7yp,9160,3911,1542876848,2018/11/22,3880,07:10,11496,//i2.hdslb.com/bfs/archive/850f2e90429f5a44a3e9913246dd33a92fac1fd7.jpg,158068,653,16:54:8,吃鸡队友自称是韦神？！舔狗脱粉竟是这样的原因！,887
36008832,BV1Bt41127bW,38898,6060,1542271978,2018/11/15,27629,01:26,41928,//i0.hdslb.com/bfs/archive/215beedf6a6ad56faf2223aaa142e21278390fca.jpg,1036417,3877,16:52:58,【全明星】deja vu,2022
35683684,BV1qt411m79T,16010,6368,1541842856,2018/11/10,5699,11:13,13095,//i2.hdslb.com/bfs/archive/b05f13eb68e5120d1832f5d91c77a4aefa6856ed.jpg,118771,1148,17:40:56,【痒局长】我的女友在被人追赶【手机竖屏】,2714
35367130,BV1Eb411A7uo,14045,8466,1541505659,2018/11/6,4391,06:59,12301,//i2.hdslb.com/bfs/archive/974586df95b761487839d61d33af1bdbd9c747b4.jpg,128720,773,20:0:59,当一辈子都得不到的男人爱上触手怪 僵尸末日求生录,1282
35123966,BV1ib411P7Ge,22926,4343,1541154552,2018/11/2,6829,06:50,19609,//i0.hdslb.com/bfs/archive/3f575aba708361b58783964f24b8fc2868316791.jpg,270875,866,18:29:12,3000小时告诉你在亚服的宗师局吃一盘鸡需要什么？雷雷雷！,2124
35005580,BV1ub411P73R,46622,14515,1541001637,2018/11/1,19157,01:26,35402,//i0.hdslb.com/bfs/archive/85c8e3ac2332e39902d3ef16f46c33fdb58b01a9.jpg,516394,1783,0:0:37,【全明星】快和我一起秒杀吧！,1636
34704033,BV1jb411N7UG,26746,3884,1540626788,2018/10/27,8086,09:05,22199,//i2.hdslb.com/bfs/archive/c762f382ca66c8496db1724e1d0363b02427b127.jpg,256303,551,15:53:8,【局】当吃鸡玩家转战使命召唤15！这并不难嘛,1483
34565900,BV1Jt411d7Ru,20057,1100,1540451940,2018/10/25,13408,02:08,22902,//i1.hdslb.com/bfs/archive/9df545fe52bf6536ead1386a212831fe2ee774f4.jpg,665690,2126,15:19:0,【天才哥】一口气全念对,1173
34088673,BV11t411d7y1,8694,733,1539857809,2018/10/18,3732,25:50,8954,//i2.hdslb.com/bfs/archive/150043d1c08317eb1879533e786065afe59aa75f.jpg,131412,1624,18:16:49,钢铁直男教你谈恋爱,4194
33673947,BV1Qt411f7cz,29567,1642,1539334520,2018/10/12,17106,02:19,28064,//i2.hdslb.com/bfs/archive/d890cf2ca08ad92f5a11a04a23769a8ce85b86a4.jpg,561051,2502,16:55:20,【全明星】Oh！,1769
33497141,BV1vW41117ys,3506,459,1539172806,2018/10/10,962,13:28,4988,//i2.hdslb.com/bfs/archive/1df39f2b929b0d3dcccc0fde608833945ac72d31.jpg,112392,199,20:0:6,【痒局长】这是款都是妹子的萌二塔防,726
33145670,BV1EW41127nH,53350,3635,1538710412,2018/10/5,24880,02:35,52909,//i2.hdslb.com/bfs/archive/b1d91a92ca26b38595b9fb53af45f8e708abb9f7.jpg,1113429,6107,11:33:32,【华农兄弟】我的竹鼠分你一半,2885
32974520,BV1jW411U7WB,7172,807,1538535648,2018/10/3,4761,97:45,10194,//i0.hdslb.com/bfs/archive/7ae1e56e36fffe79189db1b5a28d70860184e130.jpg,467232,1089,11:0:48,【痒局长】北大忍者养成记,5887
32891712,BV1rW411m7k7,14453,828,1538451364,2018/10/2,6204,09:06,14727,//i1.hdslb.com/bfs/archive/c0812755e43c142bcfdae6284049259c67c7edef.jpg,255014,873,11:36:4,当中国伏地魔遭遇韩国苟苟怪,3561
32722951,BV1hW411S7xg,10082,1003,1538274635,2018/9/30,7064,33:14,13131,//i0.hdslb.com/bfs/archive/7d0dbe4e2e55673c64feb206753a8ba38cb80ada.jpg,391150,962,10:30:35,【痒局长】中国式家长！究极真实之别人家孩子模拟器,3778
32241563,BV1zW411r7Rd,8844,994,1537934442,2018/9/26,3367,01:34,11284,//i0.hdslb.com/bfs/archive/ec4bd394ae46c3bfb12ac7d446ed5ba9ba987e13.jpg,261057,473,12:0:42,【武林外传】李大嘴教你做黑暗料理,686
32242025,BV1zW411r78s,14223,824,1537678808,2018/9/23,6284,14:13,14128,//i1.hdslb.com/bfs/archive/9b2f5e79f2481c837059da6659762d8a8132958e.jpg,181471,642,13:0:8,3000小时LYB教你单人四排堵桥18杀,2935
31695443,BV1sW411y76C,44093,6131,1536913381,2018/9/14,29691,753:53,34027,//i1.hdslb.com/bfs/archive/0d5e21ce48e1e756f85647833e0593bafe3b2b4f.jpg,1386823,9082,16:23:1,【局】女寝皆是修罗场 6人寝5个微信群竟然是真的！【全结局·完结】,106198
31135028,BV1zW411Z7BN,50583,1919,1536311134,2018/9/7,32469,02:06,39971,//i1.hdslb.com/bfs/archive/75f18cd62de27cb9785b69f3975847afbd950e72.jpg,635261,4999,17:5:34,【全明星】HandClap：妨碍咱都渣渣,2989
31199614,BV1EW411d7ao,11840,692,1536221274,2018/9/6,7242,09:18,12096,//i0.hdslb.com/bfs/archive/bc04febdcd28b94b1df0b7938876dbfcdad6977e.jpg,225517,432,16:7:54,学会了这套QE摇摆压枪 一百米红点压一个点上,1796
30440124,BV17s411F7JR,36237,7853,1535707230,2018/8/31,15604,03:58,28777,//i0.hdslb.com/bfs/archive/0f027f02cdd0e270ed2a93aae1650f96721d03ab.jpg,363915,3790,17:20:30,【痒局长】棉花糖,9489
30616781,BV1ns411c7or,14664,1150,1535531282,2018/8/29,7605,07:38,14527,//i1.hdslb.com/bfs/archive/b94faf047a3060712ff5e41413a0742313f4ff7c.jpg,245276,860,16:28:2,僵尸王又遇洗澡男粉？！广播体操队伍反攻吃鸡！,2110
29950053,BV1vW411Q7ZK,13207,1379,1534932348,2018/8/22,6463,08:06,15483,//i0.hdslb.com/bfs/archive/1d3fec51653ffe302a0840e3d1d99c90eda3fc7a.jpg,270999,525,18:5:48,一秒化身卢姥爷！拥有一把满配sks就这么为所欲为,2353
29641610,BV1hW411X7Tt,18072,1503,1534568701,2018/8/18,8931,11:08,15818,//i1.hdslb.com/bfs/archive/49859bc82de2c5fbb6d6e4d9b3e0ae0de6a3fb25.jpg,285982,696,13:5:1,当2500小时的吃鸡玩家打单人四排,3404
29494409,BV1iW411R7nz,23456,2525,1534497626,2018/8/17,10700,03:53,20673,//i0.hdslb.com/bfs/archive/50c08f3999fb39966a8a2c2def4e53490404e69c.jpg,460384,2566,17:20:26,【周立波】病名为爱,5469
29014995,BV1js411u7hn,22280,1833,1533897960,2018/8/10,14986,07:04,21349,//i0.hdslb.com/bfs/archive/7b5368b0ecbc2f04e2ca7bc2f1d3ca1352b86709.jpg,399704,2292,18:46:0,男粉Gay爆要我帮忙洗澡澡！僵尸模式在线基情虐粉,5350
28901942,BV1Cs411M75x,9316,2009,1533816006,2018/8/9,4892,02:02,13032,//i2.hdslb.com/bfs/archive/06006ddafe872ec7f1e9922540aeb6071149015f.jpg,238600,1156,20:0:6,轮到萌妹子们来给你洗脑了！,1534
28355117,BV1js411373F,14859,1833,1533210062,2018/8/2,5192,12:40,15178,//i1.hdslb.com/bfs/archive/642857940abae854f581c57f7230254c3afd915b.jpg,483895,5167,19:41:2,当中二病患者遇上武侠吃鸡,5038
28094911,BV19s411c7Wd,33552,2971,1533204325,2018/8/2,16993,02:24,27902,//i1.hdslb.com/bfs/archive/c3039e7fe018f2b2b83300f5bd56eb91a29f5797.jpg,674371,3276,18:5:25,【全明星】BAAM,3992
28096357,BV19s411c7jz,9144,1475,1532939996,2018/7/30,2659,08:20,10742,//i0.hdslb.com/bfs/archive/a655dfc9f16167072e2eacaf238985f442531d30.jpg,498324,646,16:39:56,【痒局长】垃圾枪？NO！消音M16三连发 被遗忘的吃鸡神器,5056
27701517,BV1Ls411N7LG,10488,916,1532599515,2018/7/26,2890,10:11,9646,//i1.hdslb.com/bfs/archive/bbea5f0f3e0b1477d5665575e9a60365d0d2039d.jpg,185451,520,18:5:15,【痒局长】海岛图最强步枪竟是补偿AK！压枪后似官方外挂,3024
26933784,BV1os411J7wt,6593,1383,1531915259,2018/7/18,2207,34:35,8505,//i1.hdslb.com/bfs/archive/830f691eaa66c48917a9e39df9d7e96fbf24a95c.jpg,196270,850,20:0:59,【痒局长】从今天开始学习撩汉子！！,10476
26637680,BV1Ts411H74A,15267,958,1531386912,2018/7/12,5301,08:26,14582,//i0.hdslb.com/bfs/archive/7924832842da026f916490f6d15b21cb27599390.jpg,435016,1558,17:15:12,【痒局长】当你在山头摆满急救包勾引挂哥哥,2874
26185579,BV1es411V7QS,10590,1025,1530781827,2018/7/5,2474,15:00,8225,//i1.hdslb.com/bfs/archive/65c78f701efab5bc87c3b2989d7edf4680264dd5.jpg,174053,666,17:10:27,【痒局长】18杀！海岛图里没有416屁股,3659
25308588,BV1Ms41177ra,132495,5758,1530178224,2018/6/28,105274,02:33,88621,//i1.hdslb.com/bfs/archive/161f00d3f54fd8d602e8d34ef2e19a6f8ee6014c.jpg,2731178,33018,17:30:24,【全明星】bboom bboom,25423
25433446,BV1Ts411L7GD,13571,1510,1529736578,2018/6/23,4589,08:30,10621,//i0.hdslb.com/bfs/archive/b1ef90a16e08ff679546a203ffec00100966252c.jpg,252342,7430,14:49:38,【痒局长】如果你的台湾队友因为太丑而失恋,4891
25199182,BV1qs411j7w7,17922,1147,1529488842,2018/6/20,4689,06:22,10528,//i0.hdslb.com/bfs/archive/d1a12d4b72dad98e5f81fa274ea735e68aec90cc.jpg,306721,1019,18:0:42,【痒局长】六分钟让你精通斗地主,2178
25111414,BV1vW411c7kA,6761,901,1529289221,2018/6/18,2884,174:44,6835,//i2.hdslb.com/bfs/archive/089393456fc78a38c8d54bf323ca43ed36cb6463.jpg,183607,585,10:33:41,【痒局长】操！Misao【日式恐怖RPG】（完结）,11799
24883213,BV1TW411A7fM,11225,862,1528969916,2018/6/14,2866,13:35,8076,//i2.hdslb.com/bfs/archive/86464860f6047805f0650672d93e9987bcb8e576.jpg,224319,1466,17:51:56,【痒局长】如果你的男嘉宾是啵嘴怪,4792
24569265,BV1wW411P7PC,8389,1125,1528521030,2018/6/9,3554,21:38,8523,//i1.hdslb.com/bfs/archive/8a6fc5bec9432615d0abb3ab8fc5a83bcf72f893.jpg,224866,500,13:10:30,【你画我猜】谁才是你的好爸爸？！【狮局可逗玟】,4692
24372437,BV1kW411N7pp,44799,2737,1528365611,2018/6/7,33223,01:40,29638,//i0.hdslb.com/bfs/archive/039b3b98076012c1ede8e6b02a96587708fe9eff.jpg,1410846,12625,18:0:11,【王境泽】醉拳,4330
24144581,BV1aW411P7AP,8181,727,1527676123,2018/5/30,2492,08:40,7109,//i1.hdslb.com/bfs/archive/a7ff73d3aae20f2929882821d0bea41df227f433.jpg,329434,1087,18:28:43,【痒局长】和三个表面兄弟一起吃鸡是什么体验？,2573
23989731,BV1Sp411R7vb,8372,1464,1527393058,2018/5/27,6796,869:03,5883,//i0.hdslb.com/bfs/archive/fd9556b3e32450f9f7263519aed126fee9738e53.jpg,428617,1334,11:50:58,【痒局长】《底特律：变人》二周目（HE）+三周目（爽到路线）【完结】,25205
23808938,BV1xp411o7iT,10455,755,1527156011,2018/5/24,4463,08:14,9117,//i1.hdslb.com/bfs/archive/8fa0bedf4f6bd1548ccf6c621b7badc04bfb667f.jpg,374430,834,18:0:11,【痒局长】当你逃课吃鸡偶遇教导主任,2619
23598587,BV1ap411d7HQ,4624,588,1526898614,2018/5/21,1012,04:42,4608,//i1.hdslb.com/bfs/archive/42d388353d34e99da4896a420ea9a155a3fe9296.jpg,125754,411,18:30:14,吃鸡终极大杀器！这四分半钟都是大菠萝,596
23597648,BV1ap411d722,17505,1866,1526706018,2018/5/19,11504,01:40,13793,//i0.hdslb.com/bfs/archive/e6825169b2a23ccbd027a49564b23293b83c1fe7.jpg,629785,3404,13:0:18,【王境泽】北斗神拳,1511
23487984,BV1bp411Z7i2,13841,674,1526464814,2018/5/16,4159,13:02,8717,//i0.hdslb.com/bfs/archive/b9aa6c35cc628e69011a1b4acc5cbb726c295af3.jpg,207058,1148,18:0:14,【痒局长】鸡同鸭讲⑤：我山鸡哥今天便是要喷遍江湖！,2833
23313830,BV1xW411F7Li,6310,992,1526097941,2018/5/12,1442,03:31,5408,//i0.hdslb.com/bfs/archive/8efbf60162c4f50e2e13fa2c1103ddd57b540545.jpg,196635,772,12:5:41,蓝洞官方无后座！这三分半钟全是DP28,719
23114184,BV1xp411f7ro,31601,2236,1525679624,2018/5/7,18196,04:58,17939,//i2.hdslb.com/bfs/archive/2abdbe0b9fe1b367b5dbaffd38d58c68bb4f59e9.jpg,540007,3488,15:53:44,【面筋哥】老男孩（赠吟游诗人）,3496
22876499,BV1zW41137pG,42215,1928,1525341613,2018/5/3,31183,01:55,27401,//i0.hdslb.com/bfs/archive/49f01600060a32c1f3f31fc74acf04b7111965a7.jpg,711836,10944,18:0:13,【梦想四巨头】Nobody,2986
22763266,BV1vW411V7LX,21958,2048,1525066241,2018/4/30,7834,05:26,13305,//i1.hdslb.com/bfs/archive/53cbfda3619d3f8428c249ba910cf6327a347df2.jpg,288897,1571,13:30:41,【痒局长】用爱发电？！No！做一个游戏主播居然需要花这么多钱！,4335
22662768,BV1AW411V7TD,3460,480,1524888346,2018/4/28,947,09:56,4164,//i1.hdslb.com/bfs/archive/cab69928bef8afda1cf3863a21b6843b30ef90e9.jpg,89562,244,12:5:46,社会加特林！在堡垒之夜里没有什么是用机关枪解决不了的事,552
22301500,BV19W411V7V2,25805,2037,1524216609,2018/4/20,14679,01:50,17468,//i2.hdslb.com/bfs/archive/d373022a3155a79b1b6db65e794fa3bca9031bf9.jpg,430621,4274,17:30:9,【义结筋澜】好汉歌,2010
22245141,BV1jW411j7C4,14988,908,1524130214,2018/4/19,10445,11:51,15601,//i1.hdslb.com/bfs/archive/852467d0b0426490298609e5aaa06a533972dad2.jpg,277087,1688,17:30:14,【痒局长】鸡同鸭讲第④期：震惊！博尔特居然也玩吃鸡！！,3370
21981776,BV1XW411K74t,112924,3755,1523527218,2018/4/12,78888,02:24,64186,//i1.hdslb.com/bfs/archive/8016fdd971baa96636603b7c0a05dbe82696ae5d.jpg,1663080,24578,18:0:18,【新·全明星】你家的电瓶车是白拿的吗,19184
21786788,BV19W411N76e,23806,1812,1523091281,2018/4/7,21552,13:00,21018,//i0.hdslb.com/bfs/archive/0c02bc9bb13c203f6f3420f550b78bf7a863dd21.jpg,344832,3411,16:54:41,【痒花恒阳】丧病八排！四主播争当姐夫 13岁正太初识基味,4441
21596832,BV11W411T7vL,8357,960,1522761011,2018/4/3,8459,24:36,13289,//i0.hdslb.com/bfs/archive/41e21166e05ff31a68a506b93366022f60f7878c.jpg,214356,959,21:10:11,【痒局长】4X4新地图Savage七杀吃鸡速报 一百万个主播好难打！,3700
21472916,BV1SW411u73f,10537,1286,1522555243,2018/4/1,9370,06:32,14372,//i1.hdslb.com/bfs/archive/4972934541f362f63858290c4515b367727b8115.jpg,219048,455,12:0:43,【痒局长】喜当妈！！,1883
21301515,BV1dW411M7CP,59874,4168,1522231227,2018/3/28,51327,01:50,43840,//i0.hdslb.com/bfs/archive/9ec5195dc8c1995de6f0fc0afe4e74b7c8dece48.jpg,1582986,19402,18:0:27,【面筋哥】烤上假面筋！,6434
21254232,BV1YW411M7ND,8202,968,1522059021,2018/3/26,9133,14:58,12169,//i1.hdslb.com/bfs/archive/c0c23b37ea834e6b53c7eeebc96a92e3a922fd86.jpg,131449,385,18:10:21,【痒局长】日本九州旅行vlog：第一次出国是什么体验？,3402
21148799,BV1DW411g7yw,9984,1319,1521867627,2018/3/24,12047,11:58,13940,//i2.hdslb.com/bfs/archive/2a8c117a3bfc48b3efd33560df04a0a810b0e6f1.jpg,159059,267,13:0:27,【痒局长X狮子】老年up童年系列②：是男人就应该打飞机和开坦克！,1725
20751550,BV15W411p7Qf,64151,5577,1521109847,2018/3/15,49933,03:02,39919,//i1.hdslb.com/bfs/archive/6aeb75ac44b140bfdcc995361131585b08b54e71.jpg,1911547,14363,18:30:47,【五五开】听飞飞的话,7962
19499811,BV1hW411E7Kq,21345,1610,1518753656,2018/2/16,4710,12:30,10296,//i2.hdslb.com/bfs/archive/19473dea185785904c1a381479160e07d422cac2.jpg,227204,1474,12:0:56,【痒局长】鸡同鸭讲（三）：人最重要的是有信痒！,5367
19448077,BV1KW411E7GK,10312,2288,1518436837,2018/2/12,3139,02:51,7927,//i2.hdslb.com/bfs/archive/eb96c7e83b80cf7e50d2ba593ea0fb175b8c1b9b.jpg,196679,807,20:0:37,【全明星】咔咔就是fa,1486
18926787,BV12W411n7F9,3179,852,1517587210,2018/2/3,834,10:43,3486,//i2.hdslb.com/bfs/archive/03edef56bb497068de2363d6aa7115ac66128355.jpg,128017,476,0:0:10,【痒局长X两仪滚】比利贞德十人乱斗！这是一场哲学的灵魂对决,1080
18733208,BV1VW411e7HH,8185,1197,1516957248,2018/1/26,4303,23:52,5913,//i0.hdslb.com/bfs/archive/491364b77295b08fd75a70fd11d106c59a81dcb8.jpg,227810,2564,17:0:48,【痒局长】女孩裙下究竟有什么？！八人一败涂地,3877
18714450,BV1jW411e7Zc,6951,872,1516871633,2018/1/25,1664,33:03,4420,//i1.hdslb.com/bfs/archive/398f3b090b150a22b5c3fb34e20550345b1cc559.jpg,136809,697,17:13:53,【痒局长】单人双排20杀 轰炸机1杀队友,6863
18568249,BV1PW411i7Qp,2618,640,1516708835,2018/1/23,753,11:32,3030,//i0.hdslb.com/bfs/archive/5ec836258beba662814aab2eebb03a09d3315693.jpg,98474,290,20:0:35,【痒局长】我金木研作为东京吃鸡鬼再也不洗海带了,1318
18403186,BV1GW411v7aX,20027,1528,1516269618,2018/1/18,6152,12:49,8665,//i0.hdslb.com/bfs/archive/8d1e6ffb8d3b2c6b3b78a569b7a9db0121a469ab.jpg,297385,1980,18:0:18,【痒局长】鸡同鸭讲（二）：兄弟为何反目成仇？！,5033
18290952,BV18W411q7xN,4790,2057,1515899543,2018/1/14,1755,58:21,4498,//i2.hdslb.com/bfs/archive/cdd4f541bbfc36c08fcb4407d9cc6149cfd2b399.jpg,176333,384,11:12:23,【痒局长】真实养猪！我与我爱抖露女友的温馨日常,6934
18227405,BV13W411q7Bs,12415,1889,1515746510,2018/1/12,8359,01:54,7190,//i2.hdslb.com/bfs/archive/ab3f8967efe74c0f2403b48a7f0f7a9f0ed2c028.jpg,397793,3649,16:41:50,灌篮高手：兄想大声说爱你,1619
17978102,BV1xW411B7BL,4905,1265,1515211203,2018/1/6,1777,12:48,4228,//i2.hdslb.com/bfs/archive/79997f1033c07796565f69b4e5954dfa3bca408a.jpg,181657,294,12:0:3,【痒局长】众up主沉迷喜爱服背后的原因是......,1408
17739938,BV1JW411b7PH,9984,1033,1514542936,2017/12/29,3181,09:30,5742,//i1.hdslb.com/bfs/archive/f45d61df5acd688a37fad31b5384b4aba31cf97e.jpg,249129,1243,18:22:16,【痒局长】我的女朋友他不听我的使唤了！！！,2378
17447968,BV1bW41187pW,32568,1432,1513850406,2017/12/21,7348,09:02,9517,//i2.hdslb.com/bfs/archive/b8ab403ac2a90de3265917d40e7aabda25c1c215.jpg,304776,1611,18:0:6,【痒局长】鸡同鸭讲（一）：一年的记忆是怎么失去的,4614
17028574,BV1YW411Y718,11765,1981,1512907210,2017/12/10,6395,49:09,7218,//i0.hdslb.com/bfs/archive/d1cc5d19dab9d2f770edece87ea3a8f1c7e209d3.jpg,401948,1879,20:0:10,【痒局长】跟四个男人同时谈恋爱是什么体验,12217
17067163,BV1AW411h73d,10989,1380,1512738501,2017/12/8,1912,32:29,5519,//i0.hdslb.com/bfs/archive/7f7505538ccdb0789e1f2f8080d0cf0bc3ec0bcc.jpg,228350,1162,21:8:21,【痒局长】新地图第一盘的第一只鸡！轻松11杀,4437
16948129,BV1EW411Y7w5,11879,1977,1512561654,2017/12/6,7360,02:01,6653,//i0.hdslb.com/bfs/archive/0cf17eadbf51b0b1d610603a8fd2db15f73428d8.jpg,345078,1527,20:0:54,【全明星】诸葛大侠,1821
16654844,BV15x41157YU,12412,4039,1511600933,2017/11/25,10203,290:43,9107,//i1.hdslb.com/bfs/archive/f07acdf891ed33c51ffd044ff01056342f52b48b.jpg,591999,1503,17:8:53,【痒局长】《我和她的世界末日》,42725
16481921,BV1Dx411L7bd,8907,2096,1511082515,2017/11/19,4140,18:56,6109,//i2.hdslb.com/bfs/archive/657e46ab8d2acdee4849b424c112914ec4f059dd.jpg,557291,4371,17:8:35,【痒局长】掘地求生：从入门到放弃,10251
16398951,BV1ix411L7GS,2387,868,1510914642,2017/11/17,685,10:15,2341,//i2.hdslb.com/bfs/archive/0148c6dbfb20fe1e066e1b028543a71f6d92da55.jpg,128006,205,18:30:42,【局长KB】火影忍者仙人鸣人！这是蛤的力量,1353
16329406,BV15x411L7b2,10363,1964,1510747217,2017/11/15,4853,02:10,5425,//i0.hdslb.com/bfs/archive/b49436d7208b4339a65b43427b6e3bf52febf239.jpg,297612,1236,20:0:17,【全明星】嘟嘟寂寞时应该干什么,1523
16159422,BV1Nx41177wN,5172,794,1510211222,2017/11/9,1884,30:51,3386,//i0.hdslb.com/bfs/archive/32c53f2cf68b02b6753ab68c51f8850d0a5c7578.jpg,159993,657,15:7:2,【局长KB】双排17杀。认真起来杀人像割草,2973
15763466,BV1Cx41177AA,9380,1093,1509082573,2017/10/27,1389,02:21,3522,//i1.hdslb.com/bfs/archive/b2c9e5e4bd5962a6bcfab98f26c37d53cb1dd500.jpg,169490,932,13:36:13,【痒局长】吃鸡时如何利用手雷制裁外挂,1910
15382183,BV1Wx411g7a4,6006,1311,1507978259,2017/10/14,1402,30:14,2733,//i2.hdslb.com/bfs/archive/29511e024f465947cf388f1019dc45c8dfd71e1c.jpg,181143,831,18:50:59,【乌局K菊】没有人能在水城杀死城主,4277
15341089,BV13x411g7Ws,11267,3081,1507885503,2017/10/13,6971,362:35,3938,//i1.hdslb.com/bfs/archive/7d9497d452a9feaaf33a02aef9483a84bc61ee99.jpg,396862,1551,17:5:3,【痒局长】白色情人节：恐怖学校【完结】,43678
15258872,BV1ix411u7N8,12766,1744,1507608337,2017/10/10,3288,32:43,4891,//i0.hdslb.com/bfs/archive/a5410613bea9afedf46db71b86dc1e7e3bd2ebdc.jpg,499767,3342,12:5:37,【痒局长】吃鸡单人四排捡到15倍镜AWM真的可以为所欲为,7506
14898540,BV1Tx411V71y,16823,2485,1506679137,2017/9/29,12657,02:11,4728,//i0.hdslb.com/bfs/archive/a72d68c81b7a175bd260fd5eb59fb155f299a564.jpg,555357,5684,17:58:57,【兄贵】千年♂Dark一回,2979
14864935,BV1Zx411G7xw,3036,1086,1506600020,2017/9/28,827,23:44,1970,//i0.hdslb.com/bfs/archive/560304edc252b1ea31c7966d2fecb179ddf096b4.jpg,176169,335,20:0:20,【痒局长】萌二和社会人是聊不来的！,2123
14681774,BV13x411G7wN,5140,804,1506067559,2017/9/22,1811,32:37,2079,//i0.hdslb.com/bfs/archive/76ae83d840c11e67789bcad6e8700d355c22c5aa.jpg,153601,754,16:5:59,【E局K菊】TK恒恒后独挑大梁，单人灭两队吃鸡,4132
14453292,BV1xx411s7Du,4098,1357,1505404842,2017/9/15,1374,30:23,1312,//i2.hdslb.com/bfs/archive/f5b0f9c2fe3dc55c60d066dbe29ce4416cb90570.jpg,215565,1915,0:0:42,【痒局长】我以为我很帅，结果被小学生嘲讽,9173
14219061,BV11x411x7dg,5798,2728,1504699233,2017/9/6,3793,24:44,2005,//i2.hdslb.com/bfs/archive/01f6ba30e2174a36e3a87a78102deb42be7d265c.jpg,259785,713,20:0:33,【四大欠王】今夜暴打皇室战争,3637
13658752,BV1Lx411b7Wx,4748,1996,1503389149,2017/8/22,1522,32:47,727,//i0.hdslb.com/bfs/archive/4b1a8c5d8a7f87ab00acdaab7c061c39601d9bfd.jpg,175878,862,16:5:49,【局长KB】妹控14，双人27杀吃鸡，莽爆,5351
13458598,BV1ux411J7C2,6648,1904,1502942744,2017/8/17,1444,03:16,846,//i0.hdslb.com/bfs/archive/f2c78c3651fcbf68a27aefbe7c9c4cc03c0059a7.jpg,171561,1144,12:5:44,【痒局长】队友死光怎么吃鸡？当然是我要打十个！,2535
13101863,BV1Cx411p7P1,1985,1194,1502294416,2017/8/10,597,48:59,251,//i0.hdslb.com/bfs/archive/b5ce0c3f844f11d789e64b5da3706f57bf5820b2.jpg,179114,359,0:0:16,【痒局长】神代梦华谭试玩,3681
12849155,BV1ix411H7RE,4916,1823,1501848059,2017/8/4,1382,02:45,426,//i1.hdslb.com/bfs/archive/37ac0e8bb390e6b86e59bbfb6d9df2022d340a3e.jpg,148613,626,20:0:59,张一山和全明星的魔性世界,1481
12520411,BV1cx411q7od,2567,1036,1500859641,2017/7/24,932,40:05,408,//i2.hdslb.com/bfs/archive/7dd9e6a3c47616aa89e7abf72e14f70ca341cc6a.jpg,69538,214,9:27:21,【痒局长】小小梦魇DLC—游泳教练,3805
11211667,BV1wx411Y7cd,3706,1575,1497071540,2017/6/10,4745,82:51,966,//i0.hdslb.com/bfs/archive/41b33c633c1841e526c6d52d1d62ae9b65391ddd.jpg,206834,741,13:12:20,【痒局长】纪念碑谷2【完结】,8218
11094536,BV15x411a7JB,3734,1487,1496678412,2017/6/6,2263,01:57,202,//i2.hdslb.com/bfs/archive/6b4c71b73eed8a4feaac6d528ed65767f54958c8.jpg,310503,691,0:0:12,炎炎夏日大家都在啪啪啪的原因是因为没有……,1715
10996329,BV1sx411e7oq,18672,1966,1496318938,2017/6/1,20293,01:14,2439,//i2.hdslb.com/bfs/archive/39f8193ab0b995980818247534a0415f042f3e8f.jpg,683569,8971,20:8:58,【兄贵】盯♂裆♂猫 BOY A梦,2630
10838786,BV1Bx411Y7px,2576,1389,1495814457,2017/5/27,1516,70:02,174,//i2.hdslb.com/bfs/archive/a2f18f2aeac522443cdeb040eee94160779cf1f9.jpg,184001,861,0:0:57,【痒局长】在碧蓝航线上石乐志！648？氪！建！买！等一个光辉！,10589
10669309,BV1sx411v79h,21245,5109,1495189858,2017/5/19,10694,03:24,4010,//i1.hdslb.com/bfs/archive/7a5430fe73fa9ba06e7c9f032af1b6e850d43af8.jpg,431978,1825,18:30:58,【痒局长】刚好遇见你,5592
10501703,BV1Cx411e799,6399,1683,1494582251,2017/5/12,4806,01:30,686,//i0.hdslb.com/bfs/archive/191b3be9a3da634635c3238277a80f270d95e01d.jpg,313202,1479,17:44:11,扭♂尻♂歌,1445
10285478,BV1Rx41127dR,1069,818,1493828695,2017/5/4,443,26:42,88,//i0.hdslb.com/bfs/archive/003712e1513327868589a50af9dd414fc6cb75e6.jpg,103771,146,0:24:55,【鸽聚社】风暴英雄2.0守望阵容！等一个阿贡！,1443
10264710,BV1fx411278U,2989,1221,1493725688,2017/5/2,2959,187:44,688,//i1.hdslb.com/bfs/archive/6c6a29467ab22d5fb7f129c85aceafe16e9a6900.jpg,170620,772,19:48:8,【痒局长】妙脆角传火记《小小梦魇》【完结】,14627
10090856,BV1vx411U713,3491,1757,1493115058,2017/4/25,3626,329:54,370,//i2.hdslb.com/bfs/archive/faa330aa86456458d76db9b900ae7410be84690b.jpg,217503,556,18:10:58,【痒局长】《逃生2正式版》【完结】,15959
10010287,BV1Jx411U79s,2660,985,1492841068,2017/4/22,887,18:47,282,//i0.hdslb.com/bfs/archive/d9412a3f1d70176627fd08fe25ede5d7879073e9.jpg,118365,438,14:4:28,【痒局长】硬刚12杀，大鸡大利晚上吃辣鸡！《绝地求生大逃杀》,2666
9972880,BV1Mx411U727,1429,1077,1492689252,2017/4/20,664,07:05,119,//i2.hdslb.com/bfs/archive/bd1c104e92d24f7898dd4ca4743c979d0aae5d19.jpg,110823,240,19:54:12,震惊！某国产手游竟对妙蛙种子痛下如此杀手？,1573
9941688,BV1kx411D7gi,2003,1174,1492570143,2017/4/19,1970,14:31,223,//i0.hdslb.com/bfs/archive/c9c726268ddac0586e57a6a3d8786782002eeee2.jpg,157049,369,10:49:3,【痒局长】深海处男竟被鬼畜初音吓到开腔唱歌,3862
9687997,BV1Rx411Q7XP,11980,4476,1491621981,2017/4/8,10046,18:50,1862,//i0.hdslb.com/bfs/archive/2c523603e7d36fbf89d924d1b50696ca646f3d08.jpg,623935,2053,11:26:21,【四大欠王】震惊！妻子被捉奸在床，丈夫竟然为了狗大打出手！,10473
9507168,BV1ux411Q7RH,19909,2127,1490951032,2017/3/31,14595,03:11,2704,//i1.hdslb.com/bfs/archive/b629aff031f230e85489f169fa3937d6f7e87fc7.jpg,503515,2772,17:3:52,【全明星】不变的鬼畜【土嗨N部曲】,4536
9461131,BV1Cx411D7qM,1881,476,1490752255,2017/3/29,2318,190:43,538,//i2.hdslb.com/bfs/archive/55f83cc4298795c9f9530c005587a2b5beaaac0d.jpg,186322,202,9:50:55,痒局长【黑暗之魂3环印城DLC】全流程+全收集实况攻略【完结】,4348
9299408,BV1Qx411r7uk,1793,889,1490071670,2017/3/21,1414,23:39,392,//i2.hdslb.com/bfs/archive/4ed17f350e2aa0b42de82c1faf22349f92d62004.jpg,142807,1319,12:47:50,【Deceit欺诈】人生如戏全靠演技,1409
9075023,BV1px411C72C,5907,1231,1489141320,2017/3/10,5730,03:59,634,//i2.hdslb.com/bfs/archive/8d94cc60388c0c949b2135e70f18da76764ff392.jpg,265289,1400,18:22:0,【兄贵】加勒比海盗6预告：无尽的黑♂暗,1409
8817761,BV1Rx411y77q,1830,782,1487996633,2017/2/25,1389,92:21,296,//i1.hdslb.com/bfs/archive/ef4c4c485babf365c298f14e66f7c720c66a98e2.jpg,116746,164,12:23:53,【生化危机7DLC】伊森必须死攻略+卧室+女儿们,3823
8743091,BV1Hx411y7RC,2922,1338,1487649420,2017/2/21,2281,09:25,252,//i0.hdslb.com/bfs/archive/6378cc961a13a29682a4acfd3254ee90ea2b1788.jpg,222429,537,11:57:0,鬼畜老up还能怕这游戏？,4360
8409780,BV1Hx41117Ru,1669,1614,1486263289,2017/2/5,2122,18:11,151,//i1.hdslb.com/bfs/archive/572da572a6246c5c71d9b46fa5d8eebdc6d6012a.png,217110,530,10:54:49,在游戏中变成胖次是一种什么样的体验,3542
8338968,BV1vs41187SJ,3779,1595,1485952025,2017/2/1,3566,295:55,805,//i2.hdslb.com/bfs/archive/5b6f87fb3cfbf2d8429f47f1a41366f57f753d9b.png,221862,488,20:27:5,【痒局长】生化危机7-剧情流程实况-全收集攻略【完结】,14898
8230288,BV1As411876c,10899,2103,1485411087,2017/1/26,15425,03:03,1373,//i0.hdslb.com/bfs/archive/ad5bdaa8d254886aa10befe19bebb422238b762d.jpg,654004,5863,14:11:27,【哲学】名侦探柯南剧场版预告：工藤新一的消失,2567
8026162,BV1hs411h7eT,2031,929,1484478464,2017/1/15,1090,21:57,97,//i2.hdslb.com/bfs/archive/04945b32436a2430807702785a1bc145e593a690.jpg,108595,231,19:7:44,【痒局长】教你成为守望先锋sala大魔王,1545
7943819,BV1js411h7Hh,5955,1585,1484047490,2017/1/10,5878,03:10,424,//i1.hdslb.com/bfs/archive/1c3011a9de6ed3b9a8525f12c08cc84866ce1238.jpg,356514,1270,19:24:50,【哲学】神探VAN洛克,1450
7905271,BV1As411h7Bm,2576,1721,1483842368,2017/1/8,2437,25:37,289,//i2.hdslb.com/bfs/archive/08d84293ac1498c829b86747b4f062e757411024.jpg,316154,262,10:26:8,你画我瞎其实是个心机婊游戏,6902
7669527,BV1Ys411a7yd,3768,1690,1482553455,2016/12/24,3382,193:02,824,//i2.hdslb.com/bfs/archive/d01bd75a7fa9041109de8997c320594b59d138b6.jpg,230152,880,12:24:15,【局长/可儿】泰国高分恐怖游戏【Araya】【完结】,14701
7630348,BV1gs411a7uV,8554,1596,1482314855,2016/12/21,4000,03:58,511,//i0.hdslb.com/bfs/archive/e544cdc9c8ef0eee81c6c431bf3f5554a1450585.jpg,250173,946,18:7:35,【王朗/诸葛】你那么爱他,1977
7437263,BV1Xs411Y7KG,1548,1186,1481192863,2016/12/8,1077,24:29,167,//i2.hdslb.com/bfs/archive/fb04a41e0c8bf9dddebccb91fcd32cbb4073e027.jpg,166880,325,18:27:43,【可儿/局长】马蓉出轨怎么想都是王宝强的错！,5099
7248993,BV1Fs411s7m5,24016,2644,1480072283,2016/11/25,16644,04:40,1793,//i2.hdslb.com/bfs/archive/c8964426e49554daed3bcdda9cb8106786bd0050.jpg,556679,4979,19:11:23,【王朗/孔明】不得不爱,7129
7003935,BV1js411x7P9,3231,1600,1478520978,2016/11/7,5529,69:12,239,//i1.hdslb.com/bfs/archive/75a380f4f561f4c6f21b20d39899ddc4595baba2.jpg,169127,494,20:16:18,【痒局长】PRICE！恐怖解谜游戏,8899
6647743,BV1Ts41147Zr,21926,3388,1476266340,2016/10/12,14322,01:29,522,//i0.hdslb.com/bfs/archive/f8d661d5e08500b0a05b372826580a04c2f243b0.jpg,977414,11517,17:59:0,【香菇哥】情深深蓝瘦瘦,7046
6551347,BV1ns411b7t4,16241,4084,1475664194,2016/10/5,14996,04:07,1252,//i1.hdslb.com/bfs/archive/7bf69334552913a2fcc32ebcdbd01d5fde2d5497.jpg,534981,3690,18:43:14,【王朗/孔明】菊花爆满山,10279
6473278,BV1os411t7L3,1292,1492,1475239969,2016/9/30,1131,29:50,116,//i2.hdslb.com/bfs/archive/e619d839bd7ad043fb08681743adf0cb8bd601c1.jpg,134455,95,20:52:49,真男人打架就得用拳头！,2101
6289459,BV1xs411r7jP,5681,3286,1473933694,2016/9/15,6216,19:41,1528,//i2.hdslb.com/bfs/archive/57842a056d548159e7b4cb921db7b24f66f3c201.jpg,399731,1438,18:1:34,【四大欠王】超级鸡马,6525
6213818,BV1As411r7RX,19047,2888,1473418674,2016/9/9,14802,04:29,1426,//i1.hdslb.com/bfs/archive/634b067866d27b275877493ddfdcf08fec832030.jpg,514617,5198,18:57:54,【司徒x孔明】今天你要嫁给我,9930
6080524,BV1Hs41167gT,1592,1949,1472528805,2016/8/30,2982,46:45,609,//i2.hdslb.com/bfs/archive/542ae33339d03a06a8140fbfd7e2d82efd448ef5.jpg,132281,180,11:46:45,【痒局长】纪念碑谷-被遗忘的海岸,4494
6003199,BV1Us411k7zP,2438,2064,1472113133,2016/8/25,1395,01:40,111,//i2.hdslb.com/bfs/archive/46bbd5320c4a43d9262e49b9dbf8726ea53dd470.jpg,142046,219,16:18:53,【罗家英】士力架运动吐槽装鬼畜单曲,7369
5930462,BV1Ls411k76y,1638,2363,1471751822,2016/8/21,3126,19:04,405,//i1.hdslb.com/bfs/archive/b8307093d7e5a26a905ed83e2923146b759b62d5.jpg,146238,141,11:57:2,【痒局长】纪念碑谷-艾达的梦,2973
5867248,BV1Ts411k7D2,3261,3087,1471427464,2016/8/17,6919,68:25,1438,//i2.hdslb.com/bfs/archive/16456c4d6e9f698d71e9e89d855beae85059571a.jpg,350266,677,17:51:4,【局长】纪念碑谷-智商下限【正篇完结】,16728
5594056,BV15s411C7uc,22362,4778,1470030775,2016/8/1,20236,03:44,4036,//i1.hdslb.com/bfs/archive/2ff936e565679b8daf00f8f8373c257af6591cc4.jpg,703432,7286,13:52:55,【全明星】伤不起,14924
5251969,BV1Hs411y7E4,3428,2624,1467974526,2016/7/8,3721,12:38,144,//i2.hdslb.com/bfs/archive/cdca820a6cb7ee58babf9b7b670e77a30cf03aa2.jpg,411620,485,18:42:6,【局长/可儿】榴莲披萨有点甜。。。,8068
5087503,BV14s411v7dY,39440,4633,1466836158,2016/6/25,42478,04:52,6300,//i2.hdslb.com/bfs/archive/ed03a14dbe365965258fe886e466ece70f09b54f.jpg,1135528,13195,14:29:18,【金坷垃】Re：从零开始的肥世界生活 OVA,22150
5011581,BV1Xs411e7Hj,1509,1536,1466237396,2016/6/18,2037,08:58,94,//i0.hdslb.com/bfs/archive/9c2aa239ae5ef6dbdb6009d617840ca779dd0645.jpg,261591,424,16:9:56,【痒局长】五个源氏弟弟和他们的好哥哥在一起要要,2692
4980282,BV1Ws411q7Jo,1291,1338,1465977280,2016/6/15,1149,22:21,93,//i0.hdslb.com/bfs/archive/ba3ad787a1c4ea8574bc94f706d587f154dad02d.jpg,190408,190,15:54:40,【痒局长】偷完对面菊花就跑真刺激,2534
4905477,BV1cs411q7Cp,2488,1799,1465383717,2016/6/8,2897,20:00,146,//i0.hdslb.com/bfs/archive/40ba1e4543203d4098a9176d2e727d65a19ab1f9.jpg,466048,717,19:1:57,鬼畜区内战：12个DJ在这停顿,5040
4833113,BV1Us411i77n,3413,1666,1464776912,2016/6/1,3110,06:00,146,//i2.hdslb.com/bfs/archive/ab74ed9e9e7b72610aa6952d10908f4ba6948fbe.jpg,357202,505,18:28:32,【痒局长】惊了！这个恐怖游戏居然没有退出键！,4643
4688367,BV11s411B7zY,9389,3153,1463712940,2016/5/20,7071,03:08,1850,//i1.hdslb.com/bfs/archive/d4ff6fba244cf7050f5eb2de0225c6a2b6d62fa4.jpg,280244,1428,10:55:40,【黄绿合战-黄队】世界第一坷垃恋,5447
4639048,BV1ns411B7J2,50907,4356,1463130914,2016/5/13,60226,03:26,8230,//i2.hdslb.com/bfs/archive/83872dc7a09dc55f900ffc775103eb566261bdf2.jpg,1745263,12145,17:15:14,【全明星】就这个调调,32471
4521218,BV1Cs411q7yJ,8998,2946,1462074167,2016/5/1,6473,02:55,487,//i2.hdslb.com/bfs/archive/7911009cbad63237821c6a0887eb2a4eb22c6551.jpg,315236,1611,11:42:47,【痒局长】三分钟教你P图黑网红,5866
4435821,BV1Ms411679d,20354,3180,1461314096,2016/4/22,22875,03:33,508,//i0.hdslb.com/bfs/archive/9320bbe7956a382aaf900bfac52bef6f37bab246.jpg,821276,5489,16:34:56,【全明星】PY买卖【合作】,11088
4410615,BV1Ds411z7vq,1528,1475,1461047475,2016/4/19,1720,16:57,128,//i0.hdslb.com/bfs/archive/42451a9356e9ab9cf3a68f87c71c906fc7b90504.jpg,182230,226,14:31:15,【柚痒路石】陆家嘴第一届鸭王争霸赛,3070
4368802,BV1Us411z7Y2,2103,1789,1460691591,2016/4/15,1888,22:57,106,//i1.hdslb.com/bfs/archive/9783a7620025b43e839a9998237a6570ac443fd4.jpg,122249,697,11:39:51,【局长/粽子】吴克儿子和智障爸比,6065
4250520,BV1ws411z7Bk,4166,3372,1459575996,2016/4/2,4449,32:38,411,//i2.hdslb.com/bfs/archive/0e0fd4061a2b163cb9ff212beb9c7bd29bfeff4a.jpg,325955,1057,13:46:36,【痒局长】冠希哥勇闯巨山精神病院 【正传完结】,49515
4168562,BV1Vs411X7JL,13869,2392,1458720508,2016/3/23,13339,03:00,398,//i2.hdslb.com/bfs/archive/b29286cf6ea9cf46c741a6510e17bb68efc90ad3.jpg,518936,2808,16:8:28,【全明星】吴克丽丽,5580
4125368,BV1Ds411Q7R2,14348,4864,1458291719,2016/3/18,15406,03:39,1791,//i0.hdslb.com/bfs/archive/af8a6a66df19d55b0326ec9d04ac65d801d89d86.jpg,650472,2816,17:1:59,【哦A碧池】如果我是DJ你会爱我吗,19644
4068450,BV1Cs411Q73A,13009,3174,1457693393,2016/3/11,14921,03:13,863,//i2.hdslb.com/bfs/archive/e064022ce22103f50a69af21256c6db382e131b5.jpg,721036,2972,18:49:53,【全明星】真的停不下来,10173
4023916,BV1Js411Q7GA,3289,2578,1457186144,2016/3/5,2686,01:39,119,//i0.hdslb.com/bfs/archive/39bf3f67d125dbaf040bdf434fa19861534ccbee.jpg,172270,350,21:55:44,【FA乐器】比利比利预♂报,3323
3987560,BV1Ts411Q72R,10636,5739,1456764676,2016/3/1,25081,29:00,5849,//i1.hdslb.com/bfs/archive/5130f7afa61570909c4bb7090287a9147556f9f5.jpg,988222,3151,0:51:16,【痒局长】恐怖美术馆Ib【新增Mary结局】,88389
3929728,BV1as41197cB,37977,5542,1456212735,2016/2/23,31582,03:29,1202,//i1.hdslb.com/bfs/archive/8b9359ac1092287ee4e3d6dc9a5e4a17e511c331.jpg,1732712,17506,15:32:15,【全明星】出道！甜蜜具现式,43112
3919500,BV14s411971W,4013,3142,1456123006,2016/2/22,5811,19:01,1041,//i0.hdslb.com/bfs/archive/a6514724b62ef1fef288d742cedb30dcc908aa8f.jpg,433296,2263,14:36:46,【a碧池】三个特别无聊的男人给巴拉拉小魔仙换装,32068
3866848,BV1ps41197Be,24915,6790,1455697500,2016/2/17,25178,04:16,2277,//i0.hdslb.com/bfs/archive/07aae82f19dad6b5a8d8c67dc35ec24a245ed1e7.jpg,529571,4110,16:25:0,【哦A碧池QAQ】千里之外【PV付】,25125
3816897,BV1Ns41197Zp,68448,10573,1455265701,2016/2/12,95341,04:07,35002,//i1.hdslb.com/bfs/archive/e5bbe78b46dd8192524e8194e5856463f7925757.jpg,3438907,22222,16:28:21,【全明星】上帝是个比利,66336
3772329,BV1Qs411X7y9,2504,2377,1454758858,2016/2/6,2301,32:56,92,//i2.hdslb.com/bfs/archive/35dadd4ac4bf2e9e491c724de1425e96abd527fe.jpg,185310,580,19:40:58,中二爆发！痒利波特教你成为马猴少女【新增2P】,19942
3761190,BV16s411X7Fu,7262,2698,1454660519,2016/2/5,10503,03:55,1846,//i1.hdslb.com/bfs/archive/905567ce94174b2a3fba5142b24064094ba04e2e.jpg,514438,4926,16:21:59,【金坷垃】火影OP6-Sign,11036
3718771,BV1vs411X7Qn,7548,4067,1454256178,2016/2/1,12269,32:26,5640,//i1.hdslb.com/bfs/archive/35b3ebd5edf597d214ef16e1e6fe8d375b90c539.jpg,1253402,1213,0:2:58,【四大欠王】让我们来讨论一下伦理问题,23667
3586822,BV1qs411R7MR,4297,1888,1452852009,2016/1/15,4677,03:29,128,//i0.hdslb.com/bfs/archive/43bf5c540d933ea4d19e38c6286822e2154e4409.jpg,271516,1281,18:0:9,【全明星】咻一咻,4926
3539266,BV1Ws411R73W,8601,2606,1452244002,2016/1/8,12477,02:28,1616,//i2.hdslb.com/bfs/archive/b970bd1f47370f36c134afecfc1eab5bad8f8500.jpg,1077761,4115,17:6:42,【马云X马化腾】买买买【Ma2偶像组合出道曲】,4991
3519431,BV17s411R7GZ,11671,3694,1451964871,2016/1/5,10048,03:54,1684,//i0.hdslb.com/bfs/archive/cdb2e21968187881ec1ac4ad3a408d1653b2059a.jpg,679124,2775,11:34:31,【局长/路人】一起吃鸡！！！,10700
3491081,BV1Zs41197YE,1846,1701,1451620511,2016/1/1,3316,32:10,172,//i1.hdslb.com/bfs/archive/1bebf66c34ff1cb993339cec6512cd6d9b042f94.jpg,206880,173,11:55:11,【痒局长】谜画之塔第一部【完结】,14936
3456539,BV1ds41197mb,1496,2581,1451132729,2015/12/26,3470,45:35,356,//i1.hdslb.com/bfs/archive/32b1fcf632ae209f09041e6a6c98d5559c0d070f.jpg,389071,1061,20:25:29,【痒局长】痒奕迅逃出精神病院【完结】,24945
3442185,BV1Xs4119715,4117,2262,1450949857,2015/12/24,8104,01:13,841,//i1.hdslb.com/bfs/archive/adfde029ff5321d550aaa0ab69e71fe71dada7c1.jpg,404970,3909,17:37:37,【全明星】吔屎响叮当,4838
3437237,BV1ks41197Pv,2607,2030,1450869992,2015/12/23,2620,07:45,151,//i0.hdslb.com/bfs/archive/9879f17caeaeabec252dc1fb4c56152061894b04.jpg,216874,805,19:26:32,【痒局长】痒哥哥教你关爱狗血男二号[feat.AK柚],10433
3406181,BV1Gs411o7hC,14910,3939,1450429823,2015/12/18,17424,04:10,883,//i0.hdslb.com/bfs/archive/18d2a79be1f08cf5b90c312de39de3f787241907.jpg,579456,5576,17:10:23,【金坷垃】锦鲤抄【已授权】,12891
3361340,BV1fs411d7Vc,24745,3159,1449739820,2015/12/10,38238,03:29,3006,//i1.hdslb.com/bfs/archive/9ced08e8cb4b8f0963f5e2b66dad44fbeaeed7b7.jpg,1172342,9153,17:30:20,【全明星】鬼畜哥【RAP助阵】,16658
3351350,BV1Ts411o7Ge,4655,1864,1449566719,2015/12/8,11613,01:10,390,//i1.hdslb.com/bfs/archive/078c0ce79e3dd8dc5b0159db2edbaec67cc0a384.jpg,754825,6246,17:25:19,【还珠箫剑】吹箫大师教你装逼带你飞,10111
3313645,BV19s411d7P5,15011,3218,1448974841,2015/12/1,11990,153:13,1356,//i2.hdslb.com/bfs/archive/ab7660ff04a788108f939b17e062a457fb803976.jpg,775813,1021,21:0:41,【局长/路人】能屈♂能伸的大丈夫【完结】,38942
3283734,BV1ys411d79u,4402,1797,1448524693,2015/11/26,14148,01:49,2605,//i0.hdslb.com/bfs/archive/97c6feb5ba609a4301caab779004446852d657b4.jpg,546733,3738,15:58:13,【哈利波特】当魔法世界遭遇鬼畜入侵,7281
3249271,BV1vs411d7Vw,2761,1915,1447999622,2015/11/20,7253,25:10,2362,//i1.hdslb.com/bfs/archive/224c7d06859c758a19c0f44d655ce9d34dee9c9a.jpg,478089,1442,14:7:2,【痒局长】黑魔法大师教你用PS攻陷魔仙堡——激突！开战！！！,19637
3245285,BV1Ys411d7Zh,2739,1416,1447921092,2015/11/19,2772,08:19,608,//i2.hdslb.com/bfs/archive/ac8aaff8b03a314c0f067a586179b64fd3e585bd.jpg,234636,521,16:18:12,【剧情流解说】辐射4:辣鸡王传奇,5812
3213609,BV1Ws411d7As,4837,2600,1447398617,2015/11/13,6881,04:04,1090,//i2.hdslb.com/bfs/archive/1bf86350db810326d0aea5bf7713108deac00e50.jpg,341792,1328,15:10:17,【痒局长】芊芊【念白付】,12646
3203598,BV13s411d7Yx,8956,3858,1447211472,2015/11/11,24115,02:25,3750,//i0.hdslb.com/bfs/archive/fcd62de312360e6edca0b16d8a7c36673ecb319f.jpg,908620,7338,11:11:12,【FFF鬼畜团】Right Now（烧烧烧）,35623
3172998,BV1cs411d7gN,9916,3130,1446717618,2015/11/5,22819,02:31,1107,//i2.hdslb.com/bfs/archive/2e00776bb4d1d5b62ac18f291e5e49324bd97bd1.jpg,833954,5708,18:0:18,【鬼畜全明星】嘻唰唰,9742
3103318,BV1vs41127dc,1674,2710,1445593905,2015/10/23,6716,03:02,1196,//i1.hdslb.com/bfs/archive/f711379697b995b3c655ccea12b112a2e666a6ce.jpg,756131,1902,17:51:45,哲学♂联盟,3881
3077707,BV1ts41127dF,1508,2674,1445137375,2015/10/18,3932,55:06,408,//i0.hdslb.com/bfs/archive/5f2ca071e833d2b7f4238e720a74a32e2c4ec10d.jpg,267223,678,11:2:55,拉斐尔痒教你怎么画吴彦祖：层层恐惧【完结】,33734
3067407,BV1Ws41127rF,6030,3279,1444989997,2015/10/16,8589,04:06,278,//i1.hdslb.com/bfs/archive/b5e7d07cae4994dbf33e4de0e8731896c7012e0f.jpg,467931,2252,18:6:37,【司徒丞相】龙卷风【局日feat.三欠】,16269
3016270,BV1Js41127Wy,7607,5803,1444106079,2015/10/6,9962,03:48,1819,//i2.hdslb.com/bfs/archive/3c15e195fec12f9b7b440e1b50e0ed1aecaefcc7.jpg,566416,1332,12:34:39,【痒局长】干物女(WeiWei)【feat.KB】,13921
2949461,BV1Fs41127Md,4024,5425,1443079007,2015/9/24,14185,591:27,1748,//i1.hdslb.com/bfs/archive/ef921212ee8a66a14c134790ed36116af52e5b18.jpg,888923,817,15:16:47,【局长路人】花间事：污污的肖逸HE完结,124691
2839102,BV1os411m7be,624,1682,1440996551,2015/8/31,1885,22:02,236,//i2.hdslb.com/bfs/archive/d37106901a04fcadc5f07fa7787e5e4703bd10d5.jpg,313315,187,12:49:11,【痒局长】拍照惊魂：什么？局长竟然变身日本JK拍照捉鬼,18963
2833409,BV1As411U7CE,1742,2484,1440915697,2015/8/30,4780,16:47,1354,//i1.hdslb.com/bfs/archive/9709d6fb4c749f56cc70c21c05270c60f965f68d.jpg,624848,442,14:21:37,【欠王忆童年】暴力摩托,19634
2756563,BV1zs411m71M,1701,2153,1439865775,2015/8/18,5665,25:01,929,//i1.hdslb.com/bfs/archive/1e17fbe86f062e2daded90db50456bf3cc4a0e80.jpg,595008,411,10:42:55,【四大欠王】我们视频很长的,18719
2746024,BV1ts411m7M6,5306,3156,1439710694,2015/8/16,8909,03:59,1303,//i0.hdslb.com/bfs/archive/241d213ad8c5c342b07f047b65e6bd55baaf258b.jpg,374992,802,15:38:14,【痒局长】上弦之月【罗马翻】,10097
2722245,BV18s411m7gp,512,911,1439343603,2015/8/12,981,31:41,162,//i2.hdslb.com/bfs/archive/dbcdaeadd854cbc423e53d0ecae6ea41d3410e94.jpg,166108,110,9:40:3,【局长】这不是恐怖游戏02：黄焖鸡村,11822
2697121,BV1ps411m7nC,1410,1521,1438935023,2015/8/7,1967,24:32,246,//i2.hdslb.com/bfs/archive/51cfe23d0aeb18f3d11519bccd0f5f2df136b321.jpg,402787,377,16:10:23,局长带你走进黄焖鸡后厨房,20107
2672864,BV1Ps411m71A,2187,3223,1438570626,2015/8/3,3652,30:10,437,//i2.hdslb.com/bfs/archive/e913b6bbc384e0b165ded5dd96df9d3ce6167ea1.jpg,351731,641,10:57:6,【痒局长】黑魔法大师教你如何制作少女风格照片,38538
2576875,BV17s411S7j1,10924,4745,1436948857,2015/7/15,16860,03:37,6305,//i0.hdslb.com/bfs/archive/37dc8afbe156a8a6c6a6e1897e810185b244fc1a.jpg,856125,1740,16:27:37,【痒局长】深海处男,21378
2544465,BV1Ts411S7Cg,6596,2364,1436357766,2015/7/8,16679,02:44,629,//i2.hdslb.com/bfs/archive/1a08e96abe8ea49ecfc39639c5e22f6cc8015c99.jpg,815385,2346,20:16:6,【RAP】再强调一遍【新大连老师】,18992
2445994,BV1qs411U7sx,13074,4629,1434447359,2015/6/16,25374,04:18,8600,//i0.hdslb.com/bfs/archive/d798f56fe13fba5922e4b3a64fb8958c5a07043b.jpg,2045635,9245,17:35:59,【痒局长】我在东北玩泥巴,33701
2441858,BV1is411U73W,3105,994,1434350607,2015/6/15,8774,02:07,2990,//i2.hdslb.com/bfs/archive/0ecac1e1073377d10fdb62a62208d099a740a826.jpg,476311,763,14:43:27,【鼓点音乐鉴赏】卡农（节选）,4899
2428630,BV16s411U7Ti,394,1081,1434082529,2015/6/12,2663,27:56,269,//i0.hdslb.com/bfs/archive/a0edb755e08d32921cdbd33819b59046ec55900f.jpg,374709,81,12:15:29,【三大欠王】油腻的师姐在哪里,8102
2388699,BV1Js411U7Jm,2797,1575,1433155313,2015/6/1,9446,05:41,1007,//i2.hdslb.com/bfs/archive/f4f6ca94cf025c532ad411ff3477217b7e833248.jpg,500861,794,18:41:53,第五次圣肥战争-无限垃制,11733
2303236,BV1ys411D7wo,3454,2038,1431092604,2015/5/8,8774,02:12,2968,//i0.hdslb.com/bfs/archive/86d9462b2d680017d7e729f46e4bbf4ede8609c1.jpg,918513,1700,21:43:24,【痒局长】跟着雷总摇起来！Are you OK！,5682
2269155,BV1as411D7vF,1105,1204,1430302017,2015/4/29,5409,40:39,756,//i0.hdslb.com/bfs/archive/78eb3ec41a9792fd8eaf16b7e4978a61bdd9ce27.jpg,556015,312,18:6:57,【四大欠王】拯救北京,20686
2265030,BV1hs411D7nR,240,600,1430183862,2015/4/28,677,07:17,134,//i2.hdslb.com/bfs/archive/201109236959a437b64c74a6927b37f257247ecc.jpg,240456,27,9:17:42,教练，我想穿女装！！,2866
2249286,BV17s411D7SD,4553,1888,1429780344,2015/4/23,8884,04:02,481,//i2.hdslb.com/bfs/archive/6b815d415f05d47b987991f1440706053425f586.jpg,355291,514,17:12:24,圣地亚戈战记：青金石,12392
2172899,BV1Ps411D73w,1286,1055,1428045787,2015/4/3,8004,23:02,1237,//i1.hdslb.com/bfs/archive/0f054a3ddba054203af805240c23ea3489999092.jpg,868739,483,15:23:7,【四大欠王】在女装山脉中打僵尸,11759
2153476,BV12s411S7e7,3489,3254,1427522332,2015/3/28,8583,04:39,1924,//i1.hdslb.com/bfs/archive/3c4231e9aed800b9d37ca1bf34bea9a6955267ec.jpg,607466,2091,13:58:52,【痒局长】我的心好痛,18498
2084442,BV1Qx411A7L3,2073,1122,1425703451,2015/3/7,10716,04:21,238,//i1.hdslb.com/bfs/archive/82734ea8c59e5b47cfe15d773c7bf845262ff6a5.jpg,635220,519,12:44:11,【合作】孔明王朗的禁断之恋【特技rap】,10891
2080629,BV1Fx411P7QC,925,843,1425618078,2015/3/6,5675,16:13,1413,//i0.hdslb.com/bfs/archive/deed2b0ae93447ce6a411d69124140af8c901d01.jpg,584703,341,13:1:18,【四大欠王】被僵尸爸爸给草哭,7683
2030964,BV1vx411A7H8,1494,1460,1424592858,2015/2/22,7259,02:52,655,//i2.hdslb.com/bfs/archive/2ff6988c9b0700928f7a2001762145f49e7461a6.jpg,638790,358,16:14:18,【路人局】成龙的洗发液,10620
2026286,BV1ex411A7qe,7719,1169,1424493873,2015/2/21,69084,16:02,6165,//i2.hdslb.com/bfs/archive/9e07a82ff30a2f126695b8e054a825604d5a41ed.jpg,730638,1871,12:44:33,我知道你想当UP主【常用软件介绍】,7285
1939924,BV17x411A7ek,1929,1160,1422602444,2015/1/30,1857,12:49,136,//i2.hdslb.com/bfs/archive/52d23eb8b1cde6ab4b12694086aca70b43782341.jpg,239220,254,15:20:44,【剧情流解说】罗马碧池的辣条传奇,6380
1936699,BV1jx411A7Tw,1055,586,1422519828,2015/1/29,3403,01:54,234,//i0.hdslb.com/bfs/archive/29e0b388b6932a0e1ae32ece344d758ccfe0aa4e.jpg,335951,482,16:23:48,【局座】我是要成为海贼王的男人,2451
1923160,BV1wx411A7RD,1267,614,1422168172,2015/1/25,4123,02:09,128,//i1.hdslb.com/bfs/archive/6d29f187e4b9ce7c5a5f1c450bff521187108ff2.jpg,357108,126,14:42:52,【孔明演唱会】千百年以后又是一只猴,4256
1872806,BV1Zx411w7XU,4357,1636,1420791172,2015/1/9,14433,01:42,1990,//i1.hdslb.com/bfs/archive/aacc6420efed78607f7eb98b34380d0ee0d82caf.jpg,595081,1322,16:12:52,【四大欠王】贴膜大仙【恶搞中翻银仙OP】,5975
1822023,BV1Gx411N7KZ,800,440,1419258067,2014/12/22,2842,01:31,904,//i0.hdslb.com/bfs/archive/f23f5b5034305f99188a6f2292c8920f2bc69618.jpg,184377,187,22:21:7,【Fa楽器】寄生兽试听-Next♂To♂Door,1136
1751083,BV1cx411N7sP,1576,349,1417072876,2014/11/27,3832,02:44,703,//i0.hdslb.com/bfs/archive/c9abf1c6597ef6be354d2aef8639bf745b138b1f.jpg,131954,208,15:21:16,【新世纪坷垃战士】人类撒肥计划,1833
1671814,BV1qx411P7fX,1208,597,1414772483,2014/11/1,3097,07:13,148,//i1.hdslb.com/bfs/archive/4f3727e42e8c78d649754180be5d48c8b3159d07.jpg,206080,295,0:21:23,【大妈时代】有了金坷垃还看啥南京演唱会,5724
1528480,BV1sx411K78u,9816,1898,1410625647,2014/9/14,26204,04:31,3466,//i2.hdslb.com/bfs/archive/6ef086abcff301fd1cd97fbd34cd282405268459.jpg,822234,3106,0:27:27,【金坷垃】aLIEz【完整版】,28771
1444462,BV1Mx411K7P2,929,367,1408602877,2014/8/21,3564,01:34,583,//i1.hdslb.com/bfs/archive/a2b426d8070e2ba3bc031b715fbeebc1d62a2283.jpg,209712,589,14:34:37,【金坷垃】刀剑神域第二季IGNITE,2989
1397410,BV1yx411N7aL,1317,384,1407653353,2014/8/10,2140,02:49,531,//i0.hdslb.com/bfs/archive/0cd64eccc7e0b20aea3baf9e0efcef8f2391d086.jpg,114456,226,14:49:13,【金坷垃】83坷垃英雄传-坷垃丹心,2490
1328043,BV1px411N79Z,24552,3830,1406257285,2014/7/25,57536,04:03,12668,//i2.hdslb.com/bfs/archive/6e99315d0601d29a8f40e18557dc68657177c988.jpg,2271222,14145,11:1:25,【金坷垃】东京食尸鬼【完整版】,54753
1301468,BV1Rx411T7vo,1070,462,1405654014,2014/7/18,8240,14:37,797,//i0.hdslb.com/bfs/archive/6d94801cd34b4b40def2ab3d5d8ff2d16a4f76f5.jpg,209413,237,11:26:54,【痒局长教室】扒谱篇（1）【鬼畜教程X】,2711
1236692,BV1ex411T7yN,527,475,1403932006,2014/6/28,3039,02:00,249,//i2.hdslb.com/bfs/archive/be0229855d3521cd739ae65e02dbc83508cbcbdb.jpg,544321,759,13:6:46,【陈光标】调音师你过来！,4557
1233589,BV1vx411T76r,1391,1393,1403841927,2014/6/27,2775,04:37,167,//i2.hdslb.com/bfs/archive/a77b76ff0b7cdbf670690404f301e8a8c4480d77.jpg,206551,84,12:5:27,【金坷垃】我只在乎金坷垃,7366
1147988,BV1Ex411T7Wk,4483,1057,1401012999,2014/5/25,13201,03:13,707,//i0.hdslb.com/bfs/archive/89c95b8f4f70bee9dc2c2fd808fd82a51ff09a5f.jpg,591569,604,18:16:39,【逸峰治愈曲】未闻诗名-secret base,16292
1117871,BV1Mx411T73m,1440,364,1399792982,2014/5/11,4617,01:49,140,//i0.hdslb.com/bfs/archive/0e8ffd5eec22759ce368b703a049f468286474bf.jpg,298262,296,15:23:2,【金坷垃】教练我想吔坷垃,4044
1083957,BV1Zx411K7mv,34052,3764,1398431373,2014/4/25,61881,04:00,13400,//i0.hdslb.com/bfs/archive/a07dae00f2e5e15d38a200434353ff5e7897bdf3.jpg,2423404,14593,21:9:33,【金坷垃】坷垃时代-Gee,47051
1041181,BV1Ys411Z7FK,899,591,1396501845,2014/4/3,4394,02:12,270,//i0.hdslb.com/bfs/archive/837dfcf8c9a30e11e4c287ae2e89c7c0a70e180e.jpg,633994,406,13:10:45,【若风鬼畜】请叫我中二杀神【爆炸你的心】,4308
1032844,BV18s411Z74a,4835,865,1396073652,2014/3/29,13604,02:07,2029,//i2.hdslb.com/bfs/archive/01bcf7b701fb50b3c549c1e5bd4aa23bede48377.jpg,723623,2440,14:14:12,【梁逸峰】上海滩【怀旧金曲】,9556
1023236,BV1vs411Z7vi,619,535,1395514548,2014/3/23,4240,01:30,685,//i1.hdslb.com/bfs/archive/1ab8b8a652c79360ca48cca6554a7dd53bdedf41.jpg,347976,116,2:55:48,奥巴马和检察官的爱情故事,2027
1019598,BV1es411Z7pR,1002,405,1395366876,2014/3/21,1650,04:52,192,//i0.hdslb.com/bfs/archive/eb6d871838abd3921b416ea74ff8f930dc6dc4ef.jpg,73320,134,9:54:36,【金坷垃】四季折之羽,2522
989963,BV1xs411Z77Q,1881,1102,1393673240,2014/3/1,4484,02:10,213,//i0.hdslb.com/bfs/archive/0c7a78ddf0058d38eaee6d4e382145c1d5aac706.png,638021,299,19:27:20,【金坷垃】来自星星的你,12088
977418,BV13s411Z7SB,1533,824,1393003808,2014/2/22,3687,01:38,162,//i1.hdslb.com/bfs/archive/41dbd0047de648bb9fb0ed41747c1d8f282f16b6.jpg,228538,32,1:30:8,【B物语】白金不和谐,3623
965990,BV17s411Z7aJ,6868,1258,1392433242,2014/2/15,26317,05:39,4847,//i0.hdslb.com/bfs/archive/5b0f575b3bb7896317051d90c09a8c42b6fade24.jpg,1779142,4186,11:0:42,【金坷垃】Let it go【精分女王】,26419
957703,BV1Ls411Z7Kq,1207,432,1392094524,2014/2/11,2676,04:35,178,//i2.hdslb.com/bfs/archive/b0f6177d356a528fe5cdc0aefb54f24f4ae4c018.jpg,126669,85,12:55:24,【金坷垃】离去之原【PV付】,4614
935184,BV1fs411o7Xe,712,424,1390989192,2014/1/29,3156,01:37,176,//i1.hdslb.com/bfs/archive/dd875301f2e915f20952a3e8dd53306a875e6662.png,311301,229,17:53:12,【元首葛炮】贾斯汀·比利,4496
926327,BV1Ts411Z7YS,2560,1062,1390551116,2014/1/24,8949,01:31,1475,//i1.hdslb.com/bfs/archive/fca081374722542bff379ee14ccb2c473dd787ca.jpg,665345,617,16:11:56,【某科学的超朗诵】DSSQ'S NOISE,14990
893668,BV1os411o72f,1545,449,1388496897,2013/12/31,3101,03:14,453,//i2.hdslb.com/bfs/archive/dccf57d1eb2f858a37e38f67e0101f3a7f902bef.jpg,112125,218,21:34:57,【金坷垃】命运石之门,2227
862544,BV12s411o7pi,795,269,1386323160,2013/12/6,2036,01:40,297,//i0.hdslb.com/bfs/archive/ac1c10776e757964059a5ff957c758f22c9a4c5c.jpg,126225,140,17:46:0,【元首】阿姨压一压.Remix,1312
836489,BV18s411o7NP,3416,697,1384509875,2013/11/15,7629,03:18,790,//i2.hdslb.com/bfs/archive/247b4a025b6c0fa36110076ddb8e8825d742dc54.jpg,383926,551,18:4:35,【金坷垃】钢之炼金术师Again,5709
827294,BV1vs411o75f,2289,698,1383912238,2013/11/8,5283,04:54,387,//i0.hdslb.com/bfs/archive/232115a2853380fb33bf5de56314e65e88a3b070.jpg,223068,314,20:3:58,【金坷垃】孑然妒火【PV付】,6572
818028,BV1ps411o7sW,791,330,1383292123,2013/11/1,2104,02:37,206,//i2.hdslb.com/bfs/archive/8af05ba96bb7ce11dc2e22601e630a6299758f33.jpg,145688,141,15:48:43,【金坷垃】境界的彼方,3266
802081,BV14s411o7DY,1244,338,1382168271,2013/10/19,4437,02:44,243,//i0.hdslb.com/bfs/archive/436501c915d088ce11015c21e526183e18b1633e.jpg,228834,148,15:37:51,【元首葛炮】Lady Zhazha,4529
766628,BV1fs411f7R7,1090,504,1379681546,2013/9/20,3350,04:00,252,//i1.hdslb.com/bfs/archive/a392463e7118a7ac286f95572f2752b096bedc6c.jpg,354306,241,20:52:26,【葛炮】杀马特遇见洗剪吹,8723
726726,BV12s411f7Wy,1593,403,1377239409,2013/8/23,3432,04:09,954,//i2.hdslb.com/bfs/archive/bce2803a8da4e70513b81cdf3282ec5d08950084.jpg,113590,460,14:30:9,【坷垃神域】crossing field（完整版）,2956
695689,BV1vs411f7fZ,646,346,1375940122,2013/8/8,1321,02:25,194,//i1.hdslb.com/bfs/archive/afbc1d92495679cf5288d4fbc7f3641704973283.jpg,75632,102,13:35:22,【金坷垃】基泳部ED,2397
598840,BV1Ms411f7Nf,899,336,1370940870,2013/6/11,3283,01:29,250,//i0.hdslb.com/bfs/archive/04bd6cf5384982cd1d65e66713ad904c0c01badb.jpg,319591,368,16:54:30,【元首】渣渣渣德玛西亚,2915
562380,BV1ds411Z7af,1420,638,1368170317,2013/5/10,5513,02:27,859,//i2.hdslb.com/bfs/archive/a4b2fd9bb5c8494e9372a5d9d66cd9f2f599e7cb.jpg,586383,215,15:18:37,【金坷垃】进击的巨人ED-美丽而残酷的金坷垃,8039
545132,BV1rs411Z7HH,1383,751,1366779550,2013/4/24,4797,02:09,629,//i1.hdslb.com/bfs/archive/4e1b2321e4eb1ae7b1d975938f867e16dcf02f4f.jpg,257364,177,12:59:10,【元首】潜行吧！元首子W,2985
531092,BV11s411Z76u,3027,1583,1365569349,2013/4/10,10053,01:38,2952,//i2.hdslb.com/bfs/archive/cd067ae6cc856ad9d21a0078349076b7adb82207.jpg,673743,693,12:49:9,【金坷垃】某科学的超肥料炮S【该来的早来了】,10087
