﻿aid,bvid,coin,comment,created,date,favorite,length,like,pic,play,share,time,title,video_review
285778055,BV1gf4y1277v,285473,16133,1590120028,2020/5/22,221409,01:46,733729,//i0.hdslb.com/bfs/archive/ab8c4a271542d820ae3da0c8afe997d20669028e.jpg,7436621,76066,12:0:28,【川普】没人比我更懂China！,35425
84540197,BV177411e7gh,701887,13079,1579678372,2020/1/22,272471,02:32,769326,//i2.hdslb.com/bfs/archive/2c5df7fb6e00ea11c39524a102f8b8a736403dd9.jpg,5589123,63699,15:32:52,【全明星Rap】我舅是辣鸡！,50318
69711912,BV1qE41197ek,139554,6334,1569985242,2019/10/2,97927,01:36,332481,//i2.hdslb.com/bfs/archive/ef4fd7b05d2184024e47d8a7c71c87def235a449.jpg,4887624,25861,11:0:42,【种族天赋】有一个儒雅随和的妈妈是什么体验？,10901
57026021,BV1Yx411d7Aj,503343,12351,1561637355,2019/6/27,370881,02:33,660250,//i0.hdslb.com/bfs/archive/a8e49882873e7d13a578bd9368c12fa2706c1603.jpg,11306808,114224,20:9:15,【全明星Rap】那才叫爽,76697
54702487,BV1S4411M7zj,307186,8448,1559802236,2019/6/6,265236,02:28,410768,//i0.hdslb.com/bfs/archive/aa7a695f3e2334c1a02a253b7166028fe9120053.jpg,8462801,68440,14:23:56,【高能Rap】疯狂踩点！我们有特殊的辩论技巧！,27322
51001246,BV1t4411t7C8,188646,8528,1556677844,2019/5/1,119904,01:41,262514,//i0.hdslb.com/bfs/archive/05a568d8f2175873daf8e8baa4e455abbef2cd77.jpg,5127872,36605,10:30:44,【种族天赋】当丈夫回家遇见老婆和她的男朋友,24995
48316018,BV1Yb411g7Mu,352621,23739,1554431709,2019/4/5,202710,02:36,394402,//i0.hdslb.com/bfs/archive/90a5f41351f7d8622f5c5e0aa163933e05830bd3.jpg,6196178,76964,10:35:9,【名师rap】游戏不打不成才,23218
35125956,BV1vb411P7iu,149941,22674,1541151713,2018/11/2,89004,02:36,179098,//i2.hdslb.com/bfs/archive/400fffd3085f8092659d0a73926f4351a138c52f.jpg,4130678,25719,17:41:53,【夺命Rap】我杀我自己,14754
28968307,BV1As411u7JK,284616,27368,1533873643,2018/8/10,115910,04:09,185085,//i0.hdslb.com/bfs/archive/207caf7255c91375f23c70943036503f8fe6948c.jpg,5387575,45025,12:0:43,【鬼畜金曲】《信仰之路》,65047
24201406,BV1UW411P7Zu,262480,19142,1527778593,2018/5/31,160861,02:32,210232,//i0.hdslb.com/bfs/archive/dcf5cf586a7f0b23a2cec6db7cb14e749e83e1ec.jpg,6392978,70788,22:56:33,【武林外传】是男人就来溜肥肠,41394
19362358,BV1nW411n7eJ,223814,20606,1518192024,2018/2/10,108918,02:49,129404,//i0.hdslb.com/bfs/archive/5bef6571356adbef2abbf36e1b6852d7915b2642.jpg,5337654,66035,0:0:24,【全明星rap】你没有玩过的贪玩男悦,30915
10766344,BV15x411Y7qi,115837,9221,1495555206,2017/5/24,74587,02:34,45497,//i0.hdslb.com/bfs/archive/4b9600ee9fe6b6ae91da598f440085817f98556f.jpg,4019838,31448,0:0:6,【RAP】当守望先锋遇到鬼畜全明星,18986
9495157,BV1dx411D7vC,122332,10900,1491015610,2017/4/1,106795,02:58,69429,//i1.hdslb.com/bfs/archive/4b08146e581e85ffca41ecc235b6eb831f0aefaf.jpg,6423437,49685,11:0:10,【三国最强武将】天下有谁敢杀我？,41454
8247204,BV1Zs411b7ZL,282156,17416,1485488002,2017/1/27,392740,00:59,279191,//i1.hdslb.com/bfs/archive/615f086a40c2d1dde2087c69947ae05bed29a4e2.jpg,16342002,226184,11:33:22,【最强卖鞋哥】这双王八牌皮鞋，我买定了！,48096
7663983,BV1Hs411a7d1,84017,7081,1482506471,2016/12/23,61190,02:34,27504,//i0.hdslb.com/bfs/archive/27f9810455fce1e74ce6c64f03d9b3937850c701.jpg,3698919,23397,23:21:11,【带感炉石】我的魔法会把你撕成抱歉,15344
7484053,BV1Es411e7Fh,46991,8240,1481446145,2016/12/11,32196,01:32,16264,//i0.hdslb.com/bfs/archive/e65eff8b65e6664d3b0d2ed46d1d680a3721f70d.jpg,3135999,18603,16:49:5,【武汉醉汉单曲】我们需要，无理取闹！,10980
7150678,BV18s411W7Ye,12291,4850,1479471260,2016/11/18,8448,32:11,7965,//i0.hdslb.com/bfs/archive/4dc0974c5f711ac197888d35f652bb684ed87a72.jpg,1665916,1087,20:14:20,【四大欠王】求生：最标准的结局,11219
6482189,BV1fs411t7EK,562596,27759,1475301173,2016/10/1,644360,02:31,506869,//i2.hdslb.com/bfs/archive/4e812d44fcfd9fcadcaf1195d28eb24bc63eaccc.jpg,19870186,270215,13:52:53,【高能Rap】你从未看过的家有儿女,136285
4477842,BV1as411q7vx,35765,9912,1461671169,2016/4/26,39637,02:35,11307,//i1.hdslb.com/bfs/archive/e4a3a768c5f477dc203f202984924c876ff32336.jpg,2800524,15289,19:46:9,【射雕rap】全明星教郭靖练武功（上）,12353
4427873,BV1Ms41167pK,39844,7767,1461230430,2016/4/21,37596,02:15,13248,//i2.hdslb.com/bfs/archive/ff538268de914b1f87a75c676d0cd89a3c862e5c.jpg,3005495,18180,17:20:30,【爱的供养】其他狗做得到吗？,30063
4033926,BV1hs411Q7zf,612807,89331,1457267935,2016/3/6,636307,02:36,530541,//i1.hdslb.com/bfs/archive/f004d589847c604f5e3800ce99bced09ec7e20af.jpg,34539340,178974,20:38:55,【电音单曲】我是papi酱,452495
3696842,BV1Js411X7M8,146971,11027,1454059334,2016/1/29,226535,02:22,57466,//i0.hdslb.com/bfs/archive/588939bbefdbc24b3a07950db019e0f4ff7675d5.jpg,9580805,80043,17:22:14,【全明星Rap】本草纲目,59706
3653334,BV1os411R733,8998,3939,1453618779,2016/1/24,16529,18:58,16581,//i2.hdslb.com/bfs/archive/3e33605c183c7f46570a610f609adbae36417a36.jpg,2274337,2233,14:59:39,【四大欠王】我们是一支身经百战的队伍,18466
3327562,BV1Us411d71V,1068885,78094,1449225788,2015/12/4,1175672,03:40,944918,//i2.hdslb.com/bfs/archive/6c6a659683ca5fbb19530261d95c0ffe607fa920.jpg,34918897,415187,18:43:8,【全明星Rap】黑喂狗！,646335
3152361,BV1Ps411d7Cm,10379,5877,1446354960,2015/11/1,17201,01:08,10259,//i0.hdslb.com/bfs/archive/e2ac4851c87078bb922320947e89ceb81ddcbd80.jpg,2344331,4195,13:16:0,【DJ散人】你见过这么带感的遛狗吗？,8594
2795275,BV1Xs411m7iK,4092,3599,1440397601,2015/8/24,9069,19:17,4154,//i2.hdslb.com/bfs/archive/0c3b961f654f5961f97d144c3d07307bc8d9de04.jpg,1627552,1118,14:26:41,【四大欠王】噢好热！,25322
2771347,BV1vs411m7Av,12053,4467,1440058441,2015/8/20,21318,04:53,13008,//i2.hdslb.com/bfs/archive/dca47f43df647593976d8c867bd418e0c1915bf2.jpg,2304011,4873,16:14:1,【局长 / 白鼠】比利香,38599
2662330,BV1gs411m72W,5163,2614,1438400262,2015/8/1,7182,09:41,5093,//i0.hdslb.com/bfs/archive/7c355f29aff50933d7f20c741fe80df8648fbcf3.jpg,1792977,4539,11:37:42,【白鼠】狄仁杰教你喊爸爸,14982
2648921,BV1os41127rm,476849,32643,1438176596,2015/7/29,633480,03:06,507065,//i0.hdslb.com/bfs/archive/8fdbbc0685397e39340993e0ae44801639bb4395.jpg,28157397,248240,21:29:56,【鬼畜全明星】双♂人♂舞,288343
2452668,BV1qs411U7eN,11745,2218,1434609032,2015/6/18,15299,22:32,4109,//i1.hdslb.com/bfs/archive/f4a995f8c1d5145dde5df95a24396a72ef9e1667.jpg,1699724,4017,14:30:32,【欠王和他们的小伙伴】荒野极限求生记,36174
2301518,BV1ks411D7ju,1358,1696,1431063201,2015/5/8,5055,29:42,3409,//i1.hdslb.com/bfs/archive/b9810b8afe3e4ee97a2e2dcab0dda976d81faf48.jpg,1175450,548,13:33:21,【三大欠王】人群当中钻出了一个妹子！,11098
2274779,BV1vs411D741,396418,49424,1430447669,2015/5/1,596930,02:32,215629,//i0.hdslb.com/bfs/archive/9ed45968705f446cf7d8078d2fb2e01a15cffad5.jpg,21436324,335435,10:34:29,【灵魂rap】如何让孩子爱上♂学习？,197494
2229035,BV1Hs411D7vY,2307,1351,1429267438,2015/4/17,8812,38:09,4492,//i2.hdslb.com/bfs/archive/7089e1d41bbc75e8bb1d837b73afd935e82423b8.jpg,1068075,485,18:43:58,【四大欠王】在掉线模式中撕逼,31988
2203922,BV15s411D7TJ,4662,1892,1428636825,2015/4/10,12022,02:15,3952,//i1.hdslb.com/bfs/archive/a6dae9f19f88b06a1c55f2234a7861f44346f778.jpg,1548130,2276,11:33:45,【最炫躲猫猫】SNH48终于变成了广场舞大妈,12207
2147646,BV12s411S7w8,80506,5858,1427365314,2015/3/26,194979,03:16,75483,//i0.hdslb.com/bfs/archive/a321ca044b2399c18f910d9fc07a6d3b26492cb9.jpg,7985557,84686,18:21:54,【三国笑传】你见过这么魔性的曹操吗？,81674
2127221,BV1zs411S7d4,1574,1124,1426844129,2015/3/20,6423,28:17,2511,//i2.hdslb.com/bfs/archive/854d081290fdbb494fa6a9b7b9ac0f2922234da1.jpg,1012281,511,17:35:29,【四大欠王】杀队友技术哪家强？,12621
2043877,BV1Ux411A7XG,62219,9332,1424841952,2015/2/25,154574,02:04,23300,//i0.hdslb.com/bfs/archive/794d85b584d39f0630938148cd71eaf52c2682f0.jpg,6317508,31650,13:25:52,【真·全明星】如果我搞比利你会爱我吗,62374
1999489,BV1qx411A7Yw,26690,4071,1423897544,2015/2/14,76709,03:04,14727,//i0.hdslb.com/bfs/archive/0b66c59e978f6da36cdf188e39f7c27d73085ee4.jpg,3615068,16297,15:5:44,【战略级RAP】诸葛亮的爱情故事,43139
1919473,BV1cx411A71K,8576,1705,1422082780,2015/1/24,21712,01:57,5654,//i0.hdslb.com/bfs/archive/7cc453ce75cd233ce9c5e11676fc0b2a03376700.jpg,1714804,3562,14:59:40,【抖腿向】单身狗也要打手枪！,15466
1808869,BV1Ex411N7bK,1475,840,1418877803,2014/12/18,3869,01:49,1266,//i1.hdslb.com/bfs/archive/504285a3449614cbc8a07398ce201fb0b6bff75c.jpg,507126,713,12:43:23,【孔二狗教你毁三体】超越好莱坞，两亿无所谓！,2219
1802633,BV17x411N7XM,3353,1262,1418617788,2014/12/15,13475,02:00,3525,//i2.hdslb.com/bfs/archive/a57774a889f7e1bfa8006ce41d5d6088076f7225.jpg,1393792,1950,12:29:48,【鬼畜时间到】全明星教你练习九阴真经,7544
1757851,BV19x411P7U4,2142,502,1417255442,2014/11/29,5330,01:37,3886,//i0.hdslb.com/bfs/archive/c7eb9fa81a7d12dc1f40b6fc38a6b922d2044368.jpg,741086,939,18:4:2,【EVA直男掰弯计划】真嗣：叔叔，我不约！,2195
1750722,BV1cx411N7mD,5613,2436,1417063033,2014/11/27,23728,01:48,3001,//i1.hdslb.com/bfs/archive/8a5427620db239d348f0d245a7a1426bda30773d.jpg,2522360,4985,12:37:13,【撕逼神曲】我跟你什么仇什么怨？,21143
1702430,BV1ix411P73y,7220,3092,1415672417,2014/11/11,32591,03:15,3262,//i2.hdslb.com/bfs/archive/74004e24f0e079ae38d3fc6214b6613ca637734c.jpg,2140670,4363,10:20:17,【鬼畜大盘点】2014年十大最有态度的逗比,26407
1627398,BV1Vx411P7hV,6185,2504,1413513562,2014/10/17,7591,01:35,1470,//i1.hdslb.com/bfs/archive/b6b78a9ef5172c57945624f3aeb448ecf0b83140.jpg,1481689,842,10:39:22,【大酒神从零Rap第四季】《我的相位鞋》,3812
1572046,BV1ix411K7eU,52812,6646,1412046179,2014/9/30,107595,02:11,32457,//i2.hdslb.com/bfs/archive/13e2e8521ab8a0ac2440059d9fca74f77b2efd9b.jpg,5676003,31166,11:2:59,【蓝翔RAP】挖掘机技术哪家强？,49339
1508190,BV1bx411K7Vi,658,442,1410077099,2014/9/7,2902,02:29,1195,//i0.hdslb.com/bfs/archive/5177511ec4c875450ef919f27b9dd683febc000a.jpg,609662,381,16:4:59,【敖厂长呆bstep对比】欧美大神如何用双手现场演奏鬼畜,1954
1486838,BV1Jx411K7fW,69265,17820,1409456421,2014/8/31,148396,01:46,54895,//i0.hdslb.com/bfs/archive/1655aba972d3f8579cb2d7b000d48937cb6c1c06.jpg,7177744,80836,11:40:21,【这就是爱】如何用100秒让张杰感受UP主的爱,100483
1367133,BV1Yx411N7CC,4158,1714,1407045753,2014/8/3,11387,01:17,2422,//i1.hdslb.com/bfs/archive/ea1db6f5921258bd5336df3871de3cdd241ed43c.jpg,742518,3155,14:2:33,【FFF团的怒吼】《烧毁异性恋》-MC美江,11737
1083249,BV1fx411K7ub,538,303,1398413369,2014/4/25,1850,01:22,644,//i0.hdslb.com/bfs/archive/1a26308a4e1e733d3895bf7868b3908e2d36d508.jpg,345134,416,16:9:29,【刷崩三路】最终鬼畜刷兵男,1901
1082115,BV1fx411K7td,745,293,1398345348,2014/4/24,1946,01:58,866,//i2.hdslb.com/bfs/archive/1596cbbb71d44e590ffdfd789967fa203c990f76.jpg,525341,533,21:15:48,【鬼畜伊芙蕾雅】逗智逗勇草外蹲,886
1071392,BV1yx411K7Je,1342,647,1397880154,2014/4/19,2769,01:27,826,//i2.hdslb.com/bfs/archive/5b8d55a76a6f489cd4b126cf70dd5ec484304bc8.jpg,552046,606,12:2:34,【菊花残】我的小宝贝怎么可能跑调！,5235
1021193,BV1is411Z73r,5934,1800,1395450346,2014/3/22,24133,01:09,5360,//i1.hdslb.com/bfs/archive/2022c50b67b0dace4e4c6eb1c02e521cd949367a.jpg,1536173,1261,9:5:46,【奥巴马x检察官】我有错误的告白方式,6046
991036,BV1xs411Z7Fi,4813,1851,1393735685,2014/3/2,25497,02:08,8174,//i0.hdslb.com/bfs/archive/fa2636885d9a82073808c0f8c2bababa8a7e7bc4.jpg,2034538,5628,12:48:5,【鬼畜金曲】《天德池里捡肥皂》,11989
974571,BV1gs411Z7Lv,2727,813,1392865801,2014/2/20,10938,01:06,4727,//i1.hdslb.com/bfs/archive/d9322ffc9bc6a8e1b5879c51ef026f516ad9fc0e.jpg,823432,7612,11:10:1,【蛋疼合集鬼畜版】我要打爆世界上所有的蛋蛋,6223
939784,BV1cs411Z7Lu,5004,1092,1391244733,2014/2/1,17726,02:33,6751,//i1.hdslb.com/bfs/archive/4a9c6858c90580d22a8b9c9fa75c38710becde34.jpg,1321880,2408,16:52:13,【春晚鬼畜】我有特别的打电话技巧,11764
937867,BV1fs411o7pZ,2832,2248,1391136389,2014/1/31,5846,01:13,918,//i1.hdslb.com/bfs/archive/7a0d98e563b8a100be858305d7390af4b6be853e.jpg,1256422,748,10:46:29,【大酒神从零Rap第三季】《末日的死亡舞步》,2955
924847,BV1Ns411Z7L4,3830,4165,1390471536,2014/1/23,6364,02:50,1481,//i1.hdslb.com/bfs/archive/5e887a112ef4d6f1240e80e05bb1698cf7bbbe0f.jpg,1088923,949,18:5:36,【大酒神从零Rap第二季】《夜的第九章》,5040
915001,BV1Xs411o7Xj,1342,1493,1389921951,2014/1/17,2382,01:07,1079,//i2.hdslb.com/bfs/archive/31f8d7af2f1acaf2d7880c4a809c3e69458da0b9.jpg,772484,297,9:25:51,【调音师上线】听说你就是世界第一公主殿下,5682
911093,BV1Qs411o7iY,18538,4839,1389675221,2014/1/14,29422,02:03,7623,//i1.hdslb.com/bfs/archive/5e887a112ef4d6f1240e80e05bb1698cf7bbbe0f.jpg,2968467,5376,12:53:41,【大酒神从零Rap第一季】《我不能忍》,19844
860973,BV1ms411o7gv,3491,6205,1386213223,2013/12/5,8291,01:28,5178,//i0.hdslb.com/bfs/archive/c8961d28c41def451be91e8520b0f2f604bb3f87.jpg,1286142,2072,11:13:43,【战略级鬼畜】韩国男子超人气天团EXO震撼来袭,14566
819706,BV1es411o72X,1030,795,1383388711,2013/11/2,1978,11:26,1831,//i1.hdslb.com/bfs/archive/c06d62dad7fd0f2efee42bb8afefa9bad1a1a342.jpg,209122,1365,18:38:31,【翻拍鬼畜素材】校园微电影《杰哥不要》（2P彩蛋）,5552
809176,BV1Js411o7rU,1429,562,1382677198,2013/10/25,4272,04:14,761,//i1.hdslb.com/bfs/archive/1eeb3bab1500cc8cf6dbfcb90baff1fdb30d3ead.jpg,575947,283,12:59:58,【括号君】打吊针遇上洗剪吹,3220
777482,BV1Ds411f7Bi,805,7300,1380538319,2013/9/30,3855,02:00,2143,//i2.hdslb.com/bfs/archive/797801131f899e8ab8ddaf19195c001dff34aa75.jpg,--,233,18:51:59,【小清新】括号君迷之娇喘（2P慎入）,4885
767231,BV1fs411f7x5,542,392,1379732942,2013/9/21,2027,00:41,1821,//i0.hdslb.com/bfs/archive/4f2dfbf99b50b19ba948d6a1a3a42ecbf0fc9f8f.jpg,653080,818,11:9:2,【Redzone】奥特曼也要玩鬼畜？,1172
755365,BV1Rs411f7o1,7840,1527,1378875644,2013/9/11,14667,03:09,4092,//i0.hdslb.com/bfs/archive/632b2a64d930f4f351f0449cc2bbf4a3459db93d.png,916553,1568,13:0:44,【3分钟完整版】华少x初音未来的消失,22559
750326,BV1ys411f7jx,635,337,1378532302,2013/9/7,2626,00:47,2483,//i0.hdslb.com/bfs/archive/632b2a64d930f4f351f0449cc2bbf4a3459db93d.png,453244,530,13:38:22,【中国好声音】华少怒唱初音未来的消失,1285
747909,BV1ks411f7pd,2899,1047,1378365811,2013/9/5,10018,01:00,7301,//i1.hdslb.com/bfs/archive/f39ece6572ed3d1220e644b77a5d512db3d7fc89.jpg,1049156,5682,15:23:31,【治愈向】喜羊羊教你打野战,5300
745297,BV1rs411f7w5,668,679,1378173973,2013/9/3,1420,01:43,3271,//i1.hdslb.com/bfs/archive/39bc5bcaec2e7bca8fb1aca4b8e51a919488ff60.jpg,--,577,10:6:13,【摇铃·误导向】巨人教你打野战,1419
728880,BV11s411f7dW,2256,517,1377327916,2013/8/24,5537,02:35,1320,//i0.hdslb.com/bfs/archive/593d7f1e3b13dbd2eb15400ee830a630d0ea1f02.jpg,256292,1083,15:5:16,【坦克世界x脑浆炸裂】车长的爱情故事,3946
706099,BV18s411f7Bg,650,218,1376372655,2013/8/13,1264,03:31,811,//i2.hdslb.com/bfs/archive/98a97f20137dbc29384cc1d1adc584ac301bd421.jpg,123140,269,13:44:15,【七夕】全明星陪你再过RAP瘾-狂想曲,955
697513,BV1qs411f71w,701,413,1376018031,2013/8/9,5055,04:01,1299,//i1.hdslb.com/bfs/archive/9bf80cfa9a8f7a8a28545395c15545f452e7d7c9.jpg,459289,877,11:13:51,【三次元鬼畜】鬼畜四级听力考试正式开始,28182
674161,BV1Js411f78P,2814,769,1375000211,2013/7/28,3047,01:47,929,//i0.hdslb.com/bfs/archive/b00620540bcf902e690f1a51808cb98ca88fb666.jpg,254352,263,16:30:11,【Q君非实况】我的Q君就是这么鬼畜 part.1,4191
670223,BV1bs411f7KY,671,523,1374822182,2013/7/26,1577,02:27,2079,//i2.hdslb.com/bfs/archive/79ef635c0f049f8b2ccc63bc2fc945a8548f9a69.jpg,290072,767,15:3:2,【这星期】比利竟然识破了元首的阴谋,1207
648937,BV1Gs411f7an,1942,1347,1373783873,2013/7/14,2234,06:20,2519,//i1.hdslb.com/bfs/archive/f95a6b58a7a0bc4b8d452be056632dc9b124df92.jpg,152284,239,14:37:53,【炮音】致十年后的自己,4760
643406,BV13s411f7e6,387,326,1373512006,2013/7/11,317,02:16,801,//i1.hdslb.com/bfs/archive/e4207c14aa8c675e6cd6ec29ab567b99216409b7.jpg,91168,147,11:6:46,【快男】操帝附体大战坤哥,605
635064,BV1Es411f7mT,1262,792,1373087501,2013/7/6,2592,03:01,1982,//i2.hdslb.com/bfs/archive/740254171ca0dc45b38db43986ba0b6bbf3e6d3f.jpg,505024,256,13:11:41,【节操卫视·后续报道】两状元被女神拒绝后最终相爱,8170
632142,BV17s411f7HT,436,544,1372936703,2013/7/4,767,01:58,2032,//i1.hdslb.com/bfs/archive/906a54bbddf7a1cd816e24b8e1aa53695e0071be.jpg,215252,148,19:18:23,【飞机君】吃狗粮so happy,823
625991,BV15s411f7Er,2306,6610,1372602357,2013/6/30,2883,01:58,12050,//i2.hdslb.com/bfs/archive/39d0bd01b55696fc8a3b4cec3509a4c07c2b58fd.jpg,955628,388,22:25:57,【毫无鬼畜】油腻的师姐在哪里？,4971
