﻿aid,bvid,coin,comment,created,date,favorite,length,like,pic,play,share,time,title,video_review
455948780,BV1M5411W73e,4860,494,1591780512,2020/6/10,1864,17:03,8856,//i1.hdslb.com/bfs/archive/2f155eb3ee08101f17a225e604b0a49c0dbd0dfb.jpg,66029,130,17:15:12,【全职老手】职业选手对上国服高手，精彩纷呈，最后一个普通路人打野拯救世界！第六集,1759
243409478,BV1Pv41167zf,5800,799,1591176384,2020/6/3,2691,13:02,11570,//i0.hdslb.com/bfs/archive/412838aedda12f2279bbd08c092c45921f3da715.jpg,115770,1549,17:26:24,独家绝招！露娜的十字交叉飞连招，3分钟两度超神！队友：这人开挂的吧！,3456
883417891,BV1TK4y1b7xQ,1675,502,1591099259,2020/6/2,754,05:04,6556,//i0.hdslb.com/bfs/archive/3de86d838131c9ea07f3a0eaef16b11bfa8b32df.jpg,70202,73,20:0:59,【真香警告】惊！被卡顿制裁的宇宙第一高手泪洒峡谷现场曝光！速度快到飞起的秘密竟然在这里,525
625772060,BV1at4y1C7Hu,1798,3376,1590750019,2020/5/29,803,04:40,9630,//i1.hdslb.com/bfs/archive/2d03ab8167ce473f5e34ac8e42ed24f97d54b526.jpg,212681,72,19:0:19,油痘肌up主五排翻车现场曝光！调节水油平衡后的他竟然在峡谷天秀1v9？！,973
540668511,BV1Li4y147HK,22712,2174,1589631141,2020/5/16,8435,07:46,32546,//i2.hdslb.com/bfs/archive/078cb19f7ede7dd75c7e847dd732092a347e6f28.jpg,225050,2562,20:12:21,【王者大网骗】我被骗去做陪玩了！接的第一单竟然是那个被我杀了20次的后羿！,4299
200678232,BV1mz411q77D,5664,718,1589540438,2020/5/15,2113,07:01,13903,//i1.hdslb.com/bfs/archive/5bbebf57b4d9b5e9e5c1cecb0e5d2e761b680cee.jpg,109104,222,19:0:38,干货预警！勤俭持家up上线！阿婆主露娜独家解说！听说学会的小朋友都上荣耀了！,1180
455423093,BV1S5411x7EE,5028,1136,1588165222,2020/4/29,1789,06:51,13643,//i1.hdslb.com/bfs/archive/8237df51f1571731a920ba3ed8cb00a61f63ec0d.jpg,139222,364,21:0:22,2020年的第一支Vlog！阿婆主的一天是怎么度过的呢！神秘包裹开箱测评！春日萌芽大作战，美好生活季！,3380
242888961,BV1ae411s7UM,11940,1473,1587720924,2020/4/24,5794,12:52,26490,//i1.hdslb.com/bfs/archive/d66843e5db0dfb34229da9f4d333b11e972d79a0.jpg,263819,1658,17:35:24,我保证你一看就会！没有手也能学会的露娜无限连招！吉 吉 王 妃 的 秘 术 ！,5017
285267087,BV1yf4y1U71M,20588,1456,1587125164,2020/4/17,7577,19:17,33005,//i0.hdslb.com/bfs/archive/580277682db5a9f9124a77468d7d04008f75a29e.jpg,314472,760,20:6:4,【揭秘】荣耀圈十大顶级高手排名！十分钟看懂高手博弈！主播和职业选手的差距能有多大！【全职老手】第五集,7010
370180146,BV1GZ4y1x7g2,19595,1229,1586509488,2020/4/10,6934,24:22,40128,//i1.hdslb.com/bfs/archive/43a8b0d53cf9e942b908bb56646d481c12e5f8d2.jpg,358627,967,17:4:48,我是不是被骗了？！我遇到个演员假装说要掉分，其实他是馋我身子！《水水的奇妙冒险》第四集,8149
327547301,BV1yA41187Cd,31307,2125,1585127440,2020/3/25,11561,26:27,59566,//i1.hdslb.com/bfs/archive/2458b3573221b87458aad16a2ce19dafb14a7f13.jpg,655798,3529,17:10:40,遇到演员说要掉分带女友，我特地组了五排车队来帮他！打完他绿了！《水水的奇妙冒险》第三集,14848
94186758,BV1GE411p7wk,58038,2889,1583499978,2020/3/6,18557,21:30,93873,//i1.hdslb.com/bfs/archive/c6ad263d9b57ba0ad6021e22fb0cc3174aa284b6.jpg,931479,6770,21:6:18,再次遇到大厅掉分演员！换个号又把他带飞了！哈哈他又气疯了把名字都改了！！《水水的奇妙冒险》第二集,19551
92399599,BV1oE411n7rr,44505,3342,1582883943,2020/2/28,15970,12:38,96816,//i1.hdslb.com/bfs/archive/353cdf53fedd01349faadf32234a01bd3778687a.jpg,1290499,7104,17:59:3,我看到大厅里有人喊掉分！于是我加了好友把他带飞了！他气死了哈哈哈！！【水水的奇妙冒险】第一集,12689
79734181,BV13J411t7s4,29539,1476,1576662766,2019/12/18,8633,13:17,35114,//i0.hdslb.com/bfs/archive/548390cea1759857ec5640d17d3adabe61db4e57.jpg,737683,4013,17:52:46,一看就会！百级手残也能学会的露娜无限连招！,5478
79633898,BV1NJ411r7ia,22848,918,1576582341,2019/12/17,5750,15:22,22672,//i0.hdslb.com/bfs/archive/719791058f50ed78bf678c7cfc09a3f3071bb585.jpg,417905,1376,19:32:21,十级手残都能看懂的露娜九剑连飞教程,2454
79516912,BV1nJ411677f,22532,487,1576497567,2019/12/16,4137,14:40,27036,//i0.hdslb.com/bfs/archive/d6bed814f93382fcb16c1d47e054267c58f0dd71.jpg,461803,507,19:59:27,大家帮我看看这个主播的马可是不是开挂了！,3953
79391226,BV1pJ411k7g2,19405,465,1576410361,2019/12/15,3281,10:53,18138,//i2.hdslb.com/bfs/archive/9c9c439ef89b353be5769ebdb28914894ca6ffcf.jpg,206665,281,19:46:1,上官婉儿的错误打开方式,2602
79241006,BV11J411r72i,19974,726,1576323931,2019/12/14,3660,11:08,22153,//i1.hdslb.com/bfs/archive/6730817b8015bda3a24015f8cd645f5e36fe6510.jpg,298991,337,19:45:31,大家帮我看看这个钟馗是不是开挂了！一个钩子直接秒人！,3951
79109186,BV12J411C7sH,21994,620,1576237586,2019/12/13,4565,09:24,23441,//i0.hdslb.com/bfs/archive/ad111146da12e865ee213a9e8442b98af2b520fc.jpg,266729,582,19:46:26,上官婉儿的正确打开方式,3803
78995335,BV1cJ411C7mG,19532,657,1576150273,2019/12/12,3859,13:07,19481,//i1.hdslb.com/bfs/archive/4c8692ddda9ab83a83da8a7058c5a7ce410bfdab.jpg,251342,322,19:31:13,宇宙第一诸葛亮1V9天秀29杀！,2851
78885524,BV1nJ41117YU,17526,430,1576066493,2019/12/11,3238,15:22,16824,//i1.hdslb.com/bfs/archive/abd2847ee0dcaca35d093051e2448c337011e62a.jpg,193958,581,20:14:53,我排位遇到人机了，对面5个电脑人！,2322
78780954,BV1mJ411y7JJ,20010,792,1575982239,2019/12/10,4432,11:45,25370,//i2.hdslb.com/bfs/archive/ac8fad9f70602d7a726fad78939510b5da7faf6a.jpg,405452,563,20:50:39,我玄策一盘死20次！我气急败坏的卸载啦！,2919
78658903,BV1uJ411y7WC,15738,493,1575891981,2019/12/9,3231,15:15,15850,//i2.hdslb.com/bfs/archive/c6910321364eb90525cac52213458ebd0d02fb9c.jpg,193330,475,19:46:21,出两把无尽的马超到底有多强！宇宙第一马超1V9戳死一大片！,1947
78528566,BV17J411v7VW,15536,618,1575798233,2019/12/8,4051,12:10,19297,//i0.hdslb.com/bfs/archive/d5fa699df648b9c6c1cce8fb4aa4e6438159a44b.jpg,249154,621,17:43:53,一个不会玩的露娜被迫去打野会发生什么，急哭了！,2643
78395539,BV11J411e7TC,12171,628,1575717589,2019/12/7,3230,15:30,17887,//i0.hdslb.com/bfs/archive/69827661217b7de67472d0064d337d3927931cfe.jpg,252119,683,19:19:49,究极养猪流！一个后羿带4个辅助，他们能上王者吗？,2157
78259400,BV11J411i7Nx,13025,525,1575626562,2019/12/6,3626,11:56,18302,//i1.hdslb.com/bfs/archive/2d849348b7fd5a9b0728f3b3514f34d7a3969a45.jpg,227878,439,18:2:42,巅峰赛选了鲁班，吓得队友要重开，结果我哭了，队友却笑了！,2691
78166446,BV1LJ411i7Xi,16141,590,1575551267,2019/12/5,4868,17:13,21669,//i0.hdslb.com/bfs/archive/c2344844cc57bf34dd05140353df16792e1aabbd.jpg,246649,373,21:7:47,狄仁杰的正确打开方式！,3886
78049509,BV1GJ411B7sz,17100,627,1575458821,2019/12/4,4825,09:38,20354,//i0.hdslb.com/bfs/archive/877da25782dd17bea663d58d7c47ea4c605a88ba.jpg,227990,485,19:27:1,对手：叶修呢？队友：打野呢！宇宙第一露娜1V9天秀100杀！,1982
77925621,BV1kJ411q78M,12877,446,1575365658,2019/12/3,3753,14:41,15222,//i1.hdslb.com/bfs/archive/19473a0c359a49c6a54938644e2c091bac8c2c35.jpg,152791,197,17:34:18,在？来看看1900巅峰赛的大佬们的操作有多秀！偶遇宇宙第一娜可露露！,2101
77817120,BV1rJ411z7ry,5397,843,1575288018,2019/12/2,1695,05:07,16514,//i1.hdslb.com/bfs/archive/185c4ad45918fbb049f4ba8e7dbf1b3c42847a9e.jpg,476643,216,20:0:18,用电信5g打王者荣耀是什么感觉！队友全掉线马超1V9全靠电信5G！,1827
77819830,BV1rJ411z73U,11412,602,1575281967,2019/12/2,3613,14:41,16246,//i2.hdslb.com/bfs/archive/89a3d074e748733b865389de51e802a71698a400.jpg,193717,362,18:19:27,巅峰赛2100分的对局也太无聊了吧！偶遇宇宙第一上官婉儿！大佬们的操作也太秀了吧！,2991
77708295,BV1jJ411z7Qr,22141,940,1575198233,2019/12/1,6732,19:29,24653,//i1.hdslb.com/bfs/archive/02a3a02b625388b659e6323a3fcb002b34d465cc.jpg,220859,634,19:3:53,【全职老手】第四集神装伽罗泉水守家！水书记徒手拆黑，大战QG双雄！,3838
76394076,BV1fJ41117sA,16670,1428,1574250810,2019/11/20,6916,16:40,24407,//i0.hdslb.com/bfs/archive/8e6d7a028bce0fb430a0b196744ad0a0ae705d55.jpg,412104,2345,19:53:30,【王者大网骗】我遇到乔碧罗了！！她让我带她打游戏！！我严词拒绝！,10619
75460607,BV1aE411e7Bh,23750,1098,1573558777,2019/11/12,7563,21:14,23935,//i1.hdslb.com/bfs/archive/56d1b5fabf1fcb74dd5192be329e1037ab620aa0.jpg,237271,869,19:39:37,【全职老手】第三集，水书记大战QG+Hero联合军团！三个天才少年神仙对决！中年人太强了！,5978
74970534,BV1sE411q7de,21619,750,1573210158,2019/11/8,7542,18:41,32854,//i0.hdslb.com/bfs/archive/0d0917876d8aa705c1ed4e1895fe175651c7089e.jpg,485995,1089,18:49:18,魔鬼套路！吸血书东方曜一个大就秒杀了！？王者局只用一个技能轻松29杀！,6120
74048932,BV1cE41187T8,13558,587,1572520948,2019/10/31,4456,12:10,20461,//i0.hdslb.com/bfs/archive/0d0917876d8aa705c1ed4e1895fe175651c7089e.jpg,314915,1024,19:22:28,大家帮我看看这个周瑜是不是开挂了！怎么可以这么厉害捏！,4420
73938258,BV1iE411b7fX,13399,1145,1572435858,2019/10/30,6225,04:08,16904,//i1.hdslb.com/bfs/archive/2ce53cdc9b8b2ac61eefe843b39b0e4f7e51dfd8.jpg,141463,545,19:44:18,【水一亦寒】好听到哭泣的原创古风，太好听了！我可以！！！,1262
73940722,BV1iE411b7xJ,19384,563,1572432552,2019/10/30,6683,16:00,22786,//i1.hdslb.com/bfs/archive/a565424cee12aef7307ea0da04dea8bf679a4bdf.jpg,262621,702,18:49:12,装备都卖了，基地却没拆掉！露娜从头再来开始打钱1v9拯救世界！,2910
73833692,BV1yE411h7tV,7880,523,1572342184,2019/10/29,3169,09:05,14855,//i0.hdslb.com/bfs/archive/ba8c0bbd5e1b9dd310e200836a348942e8840629.jpg,245676,812,17:43:4,居然是真的！叶修黄少天苏沐橙一起打王者荣耀！,2085
73367626,BV18E41117oT,17642,1152,1572001362,2019/10/25,5744,19:10,21108,//i1.hdslb.com/bfs/archive/fa6507656a79d29ab459c4b721739c7792e6c97a.jpg,263834,828,19:2:42,【全职老手】第二集：一个人单挑五个职业选手会发生什么？天秀李白1V9极限反杀5个职业大神！,6330
73026207,BV1LE411277z,9017,777,1571727998,2019/10/22,3996,15:27,13035,//i1.hdslb.com/bfs/archive/9e63667e715101f753e75edf1157c5cdb483cc8d.jpg,241410,838,15:6:38,【王者模拟战】职业玩家揭秘！胜率最高排名第一的哭哭咧刺客！,3613
71495852,BV1UE411C7EW,6939,776,1571286646,2019/10/17,3488,25:32,12351,//i2.hdslb.com/bfs/archive/c758f57d8da88eaf0a3fece08ffa545097dec703.jpg,331622,1340,12:30:46,【王者模拟战】职业棋神荣耀局绝密阵容！手把手教你最强法师套路，5分钟就会！不会你是猪猪！,1706
71218346,BV1fE411d7GB,7560,445,1571048748,2019/10/14,2662,18:35,12146,//i2.hdslb.com/bfs/archive/c349dd9cbf23a6af07d8644b06cdb77da26f9000.jpg,193694,590,18:25:48,王者局偶遇一个变态露娜，居然买了六双鞋，而且还打了45%输出！还是MVP！六双鞋的传说,3384
70671781,BV1HE411f7bC,15420,1019,1570617843,2019/10/9,5811,32:12,20777,//i2.hdslb.com/bfs/archive/760e409e82e8f3393205474c919859a953662629.jpg,332368,820,18:44:3,【全职老手】第一集：卷入漩涡，与九个国服主播正面对决，陷入绝境的橘右京！,5645
69910506,BV1oE411Q7w7,20253,797,1570096602,2019/10/3,7959,18:57,29779,//i0.hdslb.com/bfs/archive/5abc1a530bdbfe26ff70921d119070e53e12fc4f.jpg,387969,436,17:56:42,在王者局遇到4个只会玩辅助的队友，没想到却被打脸了！宇宙第一沈梦溪！,6209
68351803,BV16J41137mj,9885,607,1568974542,2019/9/20,3594,20:50,14870,//i2.hdslb.com/bfs/archive/470b5b8b0372a9390a7b1594e280b1a3dfdf310b.jpg,229763,1006,18:15:42,绝密：露娜惊天无CD连招bug曝光！泄密者已经逃跑，有关部门全力追捕中！,4675
68181444,BV12J411g7Sy,14665,610,1568807001,2019/9/18,5497,19:38,23799,//i1.hdslb.com/bfs/archive/4d8ab949277f64ad07cc2c5983a4879bb04e176c.jpg,393402,855,19:43:21,遇到一个奇怪的法师，我杀她一次她就赞美我一次，然后我就一直杀她了：宇宙第一干将1V9天秀双9杀！,6527
67877787,BV1wJ411P7Vd,9840,748,1568546986,2019/9/15,3648,19:28,13653,//i2.hdslb.com/bfs/archive/fe13433a4c51612264171336524d2e530fd333ca.jpg,174072,692,19:29:46,惊动官方！宇宙第一露娜发现不断大bug打法！5分钟一学就会！150星局1v9天秀29杀！,3996
67603514,BV1EJ411N7c6,11456,885,1568375745,2019/9/13,5405,17:24,23442,//i0.hdslb.com/bfs/archive/07262be47c9a557e683d630ef31244eb96fa58dc.jpg,479325,1582,19:55:45,宇宙第一东方耀连招曝光！铭文出装震惊世界！1v9天秀不知道多少杀！,7004
67378742,BV1uJ411P7Ge,12667,792,1568204015,2019/9/11,4473,13:09,21265,//i1.hdslb.com/bfs/archive/a71280ec3f2fe45d1ca44939f243199786224ae1.jpg,381991,1008,20:13:35,150星局遇到9个导演，主播转账后1V9天秀虐泉！,4760
67178146,BV1UJ411N7Hi,20419,802,1568029666,2019/9/9,6892,26:07,20784,//i0.hdslb.com/bfs/archive/5c36025d98e95e3d23ee211c7bf1870235de6311.jpg,213989,1184,19:47:46,不知火舞1V9激战国服大神100人头神仙局！,5450
65901552,BV164411q7Je,20941,1242,1567084483,2019/8/29,6107,19:06,23564,//i0.hdslb.com/bfs/archive/48e2d72eeb5a23b5ab45ec382b68c09e2b3df491.jpg,259903,1787,21:14:43,宇宙第一露娜1V9天秀29杀！神仙操作1秒10个大！慢动作教学一学就会不会不管！,7157
65733446,BV184411z77a,2472,688,1566984062,2019/8/28,1103,05:26,8314,//i2.hdslb.com/bfs/archive/0aaa4cafa81707d620ce0e900d4bcfddf632b41e.jpg,159421,313,17:21:2,【开箱测评】用ROG游戏手机打荣耀是什么感觉！,1278
64299454,BV1J4411o7Ba,53623,4497,1566135280,2019/8/18,24220,23:05,74899,//i2.hdslb.com/bfs/archive/f4bc8f4afc69a30b9f8f609a5f6f1d0aae5275b2.jpg,1208035,9545,21:34:40,【王者大网骗】美少女玩后羿被同一个人连杀20次后崩溃大哭！,21008
63721737,BV1S4411m7Yw,12381,2266,1565792083,2019/8/14,4181,22:07,18937,//i0.hdslb.com/bfs/archive/c9c8cc4b6e6997cc81058a0ed101fd88c14fb8a7.jpg,286097,687,22:14:43,宇宙第一露娜被挑衅！？原来对方是国服赵云！1V1决斗抢蓝大赛！,11971
63418590,BV1U4411Q71c,24789,8668,1565619716,2019/8/12,7897,16:41,31258,//i1.hdslb.com/bfs/archive/538edfc1b6275e3c6a07468eff1acc9ebf5c553a.jpg,412487,1422,22:21:56,宇宙第一露娜1V9！拿出亿万分之一的实力天秀29杀！,14204
62955237,BV1K4411X7AY,10832,862,1565353883,2019/8/9,4150,10:10,17328,//i0.hdslb.com/bfs/archive/c9c8cc4b6e6997cc81058a0ed101fd88c14fb8a7.jpg,256605,1038,20:31:23,宇宙露娜王者200星局遇到9个导演，主播当成崩溃大哭，求求你们摇了我吧！,4818
62802215,BV1vt411N7Up,20523,1100,1565265626,2019/8/8,9100,10:55,26812,//i0.hdslb.com/bfs/archive/61c4fe2c40a778ff0e8a5782d5fc4f39253d8236.jpg,333259,2986,20:0:26,宇宙第一露娜2秒10次大！王者40星的对手被打哭，9个队友抢着上车....,5590
62205850,BV1Pt411M7je,13008,1087,1564921205,2019/8/4,5231,10:57,20738,//i0.hdslb.com/bfs/archive/61c4fe2c40a778ff0e8a5782d5fc4f39253d8236.jpg,332970,962,20:20:5,和韩商言一起打王者荣耀是什么感觉！震惊官方！某主播开挂露娜大招无CD在对面泉水五杀！,6419
61908906,BV1Lt411u7Nt,12342,1132,1564749967,2019/8/2,4875,13:36,19419,//i1.hdslb.com/bfs/archive/f757659456e72b7add86de5d5953062ad067577a.jpg,284882,523,20:46:7,让我看看是谁要嫁给水书记！宇宙第一露娜教你连招一看就会不会up猪给你当头一喵喵在你脸上撒个娇妹在不在？,8682
61735227,BV1Et411F7em,14377,1069,1564652266,2019/8/1,4952,11:34,22006,//i0.hdslb.com/bfs/archive/6dcbf6e98aa49a221acc1799c61bcc4a3619c129.jpg,320532,743,17:37:46,王者彩蛋！打到150星后惊现隐藏模式！对手：露娜是国服吗？书记微微一笑：宇宙服！,6527
61021361,BV1rt411P7wK,13660,1065,1564231444,2019/7/27,4686,17:31,20122,//i0.hdslb.com/bfs/archive/96bd123e16909a3f33199eccd6841358ae390830.jpg,285705,481,20:44:4,震惊全世界！这个新英雄好像露娜！,6592
60878736,BV12t411A79T,12882,1015,1564152807,2019/7/26,4417,19:14,19384,//i1.hdslb.com/bfs/archive/0d74f945a5511e1481dbe2258b0b140367656864.jpg,280284,397,22:53:27,当国服婉儿遇到国服露娜，双方各杀20个，两个人都无限大招，到底谁更强！,7334
60591957,BV1Rt411L7rw,14192,878,1563974267,2019/7/24,4814,19:25,20862,//i1.hdslb.com/bfs/archive/0d74f945a5511e1481dbe2258b0b140367656864.jpg,296591,314,21:17:47,连续三个队友掉线！up只好1v9了！,10186
60019507,BV1Rt411n73z,31263,1419,1563632682,2019/7/20,12583,14:52,34172,//i1.hdslb.com/bfs/archive/e1c343d02d536d41f9d386294a59c7f8b84d6380.jpg,554370,2325,22:24:42,水猪记的露娜1分钟两次五杀！,10898
59860206,BV1Nt411n7Tt,18992,1175,1563534070,2019/7/19,6158,13:59,25487,//i1.hdslb.com/bfs/archive/e76adc0d888e29d22beecbe078fcfa4c00c2bb45.jpg,401229,311,19:1:10,神仙诸葛亮这个铭文一个元气弹瞬间五杀！,5386
59711937,BV1xt41137Dn,34264,809,1563458039,2019/7/18,10782,10:56,32806,//i2.hdslb.com/bfs/archive/e3e72044d80f01fd2b147e0c1edea823757b3aee.jpg,212648,324,21:53:59,又又震惊官方！某知名UP主玄策开挂，钩子居然会拐弯！看慢动作绝对是开挂了！,4182
59579833,BV1Ct411g72M,10550,770,1563364358,2019/7/17,5280,12:58,17984,//i1.hdslb.com/bfs/archive/47dc7b0fe7513742599d7c80ed65afd3d075a289.jpg,336619,1018,19:52:38,国服第一老虎的节奏全解析，5分钟内教你上王者，学不会给我钱！,4112
59299099,BV1St41137Cn,12589,910,1563188598,2019/7/15,4998,13:06,21671,//i1.hdslb.com/bfs/archive/df8f236326a8101b46b42aafadbdc296496c571a.jpg,607633,558,19:3:18,露娜无限连招外挂曝光！原来这些大主播都是靠这个打露娜的！呸呸呸不要脸！UC老板：加工资！,6050
59171911,BV1Qt411V7yh,10699,1034,1563109838,2019/7/14,4164,23:15,20263,//i2.hdslb.com/bfs/archive/ca9925abcead245b1a6015b7da37800e53cefbb3.jpg,450623,402,21:10:38,又震惊官方！小乔伤害大似bug，这样出装伤害过万！一技能轻松杀大龙五杀！,10042
58895203,BV17t411L7tm,17319,1051,1562929665,2019/7/12,7015,14:44,23507,//i0.hdslb.com/bfs/archive/6423ec46d811075b00d2c63b49d0d4ce3b806d0d.jpg,449736,1377,19:7:45,震惊官方！主播公然用一键连招外挂！露娜无限连2秒五杀！UC老板：明天把这个up带来见我！,9199
58768864,BV1Bt41157VR,22727,1299,1562845072,2019/7/11,8210,19:28,30039,//i2.hdslb.com/bfs/archive/bcf0ac68815937fa5c31a2eee0c4d09e111f927b.jpg,470699,521,19:37:52,队友吵得不可开交，孙尚香默默打野打出70%伤害！路人王和三个小姐姐的故事！,9170
58327057,BV1a4411F7zQ,4126,768,1562571753,2019/7/8,1551,05:49,11667,//i0.hdslb.com/bfs/archive/a7949bb5c4ecd76ba853482803e442a83283b872.jpg,223195,179,15:42:33,被垃圾分类逼疯了的UP主一口气买了20个垃圾桶！,1770
55906783,BV1E4411G71P,12230,1223,1560774085,2019/6/17,4678,20:48,16181,//i1.hdslb.com/bfs/archive/30ac9c4ed8eb087b856865e2fcaaddcef777620e.jpg,314739,595,20:21:25,叶修开小号来打王者荣耀！玩的还是露娜！,8629
55792325,BV15441157Qw,19272,901,1560680290,2019/6/16,6439,17:28,21382,//i2.hdslb.com/bfs/archive/87bae368bb094c5a6f45b1688800a22ba10ba969.jpg,288374,213,18:18:10,S16最强英雄竟是太乙真人！用这套铭文装备！爆炸3W血天秀秒杀自己！路人王要加妹子QQ！,4318
55573111,BV1w4411N7fE,13210,847,1560515108,2019/6/14,4669,15:57,16222,//i2.hdslb.com/bfs/archive/45800bb86bdd26e2fcdb96b29663ba363ee4dbd0.jpg,222315,189,20:25:8,路人王撩妹...尬聊失败逗笑对面女生...打野炉子第一次翻车！,5649
55377278,BV1w4411P7uJ,9282,773,1560339849,2019/6/12,3357,13:24,13109,//i0.hdslb.com/bfs/archive/c93b9c5a7d26eb9b535802a9cbb608ed3b2dc7c6.jpg,247448,431,19:44:9,新英雄爆料！紫霞仙子变好看了！荣耀50星局紫霞1V9天秀20杀,4548
55281337,BV1s4411K7sw,12882,1192,1560254613,2019/6/11,4671,12:11,15737,//i0.hdslb.com/bfs/archive/a6cd7f8b7f333fe066ec682138d3f27e8476c695.jpg,243139,812,20:3:33,叶修小号打王者荣耀，露娜1V9天秀20杀，简直就是大魔王附体！,5153
55182709,BV1R4411N7Mw,22374,1404,1560164101,2019/6/10,6963,11:16,26788,//i2.hdslb.com/bfs/archive/37b5944b15f0be46d416eb55a6f870d1a898523d.jpg,403057,555,18:55:1,S16最强套路：打野暴击流吕布！真的一刀5杀！,4119
55083622,BV1s4411N77t,13119,1512,1560078936,2019/6/9,7002,10:25,19176,//i2.hdslb.com/bfs/archive/471c4fa1d842d8a5e7cb05d7a95ec0496e11ddb0.jpg,398110,817,19:15:36,一个关于露娜的简单使用一学就会的连招教学，3分钟让你20杀！,7911
54964071,BV144411T72C,10347,1455,1559994156,2019/6/8,4004,18:06,17530,//i0.hdslb.com/bfs/archive/da620504693e6dcbd1a1aa4a4f258d0835f63eca.jpg,352755,342,19:42:36,打野机关枪守约！普攻一枪一万血！队友掉线20杀！,7493
54846908,BV1k4411K7pW,25116,2755,1559905056,2019/6/7,8568,30:10,30824,//i2.hdslb.com/bfs/archive/67e9f10937e5a8d46c41bd361411327de00396e4.jpg,538118,820,18:57:36,和幼儿园的终局之战！一波三折，路人王目前情绪稳定！阿离单挑貂蝉！,19497
53341210,BV1N4411L718,3132,1120,1558605249,2019/5/23,1235,07:38,6992,//i1.hdslb.com/bfs/archive/4ffff2ca881ae94bb97f72177899beef2d4e0293.jpg,196268,109,17:54:9,神秘硬盒出现！开启后李白属性加成？遭嘲讽后1v5天秀操作打服对面！,1751
53184476,BV1u441177Q6,10219,1885,1558443551,2019/5/21,3836,04:12,15773,//i1.hdslb.com/bfs/archive/9c04a5ded72f6de6018470579d77e33aaee0a346.jpg,290098,1152,20:59:11,521福利来啦！水一大魔王的Vlog初体验！！,2123
51829780,BV1V4411v7F3,52557,4064,1557309846,2019/5/8,17060,22:45,44034,//i1.hdslb.com/bfs/archive/35f87940f5578d882736d8ae15e9986d2c10e13a.jpg,595313,1235,18:4:6,幼儿园大战路人王第三期，惊现荣耀单挑第一人！叶修！,14906
50957181,BV154411t7Ar,53557,4497,1556635873,2019/4/30,17948,20:39,43566,//i0.hdslb.com/bfs/archive/87c53fb89f83eb36ddaf3a91edbe382fcaa9a135.jpg,585428,934,22:51:13,路人王大战幼儿园第二期，钻石局遇到一个50星高手加国服貂蝉是一种什么感觉？,14454
50541192,BV184411h77H,33836,2291,1556288074,2019/4/26,11697,26:37,28930,//i1.hdslb.com/bfs/archive/3d46d2bcc664ed734e723764756fad83da3e1d6f.jpg,398465,964,22:14:34,王者荣耀上新闻了！小学生打王者荣耀和幼儿园小朋友吵架！国服貂蝉约solo！看得我一本满足！,8911
50165491,BV1Ub411371b,14647,977,1555936810,2019/4/22,5664,17:34,19105,//i2.hdslb.com/bfs/archive/9eb067094ee4fabda91213a7b58f44efe799887e.jpg,389851,446,20:40:10,一个百万粉up主一个视频能赚多少钱？数字如此惊人！算上卖掉的名刀可能有2W多！国服第一玄策1V9的打工日记,4983
50063730,BV1Zb411V7Se,10599,790,1555846936,2019/4/21,3996,12:35,14314,//i1.hdslb.com/bfs/archive/4cdf7df9bda29aacb36c3ebbe9a5a0f4c923b0ed.jpg,264315,243,19:42:16,女孩子五排偶遇职业圈最强车队，结果对方被女生打哭了，原因竟然是这样！,3648
49937698,BV1Eb411V7UA,16703,988,1555771660,2019/4/20,5781,21:45,19518,//i2.hdslb.com/bfs/archive/5bc6b7febdd9332a268cd366c8ecf3e44744e798.jpg,378210,1052,22:47:40,200星局！主播演示无限大外挂！露娜开挂无限大一秒飞10下，对面：露娜我们双排吧！,8668
49619187,BV1eb41157sq,22518,1724,1555497918,2019/4/17,7697,18:06,29153,//i0.hdslb.com/bfs/archive/a83effc677a2ca87361634d7f09d17bbd8dc06df.jpg,988417,619,18:45:18,1000星局遇到9个导演！主播当场付钱，然后10分钟杀30个！实名举报国服第一兰陵王！,7279
48805235,BV1kb411T7Pq,22328,1263,1554806147,2019/4/9,6823,20:15,23104,//i0.hdslb.com/bfs/archive/d50f49fd4694e5d848c8f2c1cdf42af1e87e660b.jpg,403783,867,18:35:47,队友抢中怎么办！13岁小学生小乔直接转射手ADC暴力输出！惊呆队友！,5717
48760685,BV1tb411T7SQ,5402,800,1554767478,2019/4/9,2157,23:03,8304,//i2.hdslb.com/bfs/archive/08968320593564425fae1a31d2f491c73eb1908f.jpg,214548,142,7:51:18,主播不当人！B站某主播开隐身杀人挂...后羿出三件肉装？,2490
48623066,BV1Lb411u7Cf,13440,1451,1554643746,2019/4/7,5610,28:55,16598,//i1.hdslb.com/bfs/archive/dc9aa68d0066dfa90a1a9ecabad00045caf6ed1c.jpg,311895,511,21:29:6,全程高能！开局0-10队友吵翻天大逆风局，国服李信出了20件装备1V9血战天秀20杀！,7134
47997151,BV1Gb411p7id,6603,1445,1554119483,2019/4/1,2904,32:20,10016,//i2.hdslb.com/bfs/archive/e27ac0c2ba8fd4dc99a9e20c8466469df758b57c.jpg,202843,660,19:51:23,庄周,5086
47898903,BV1Wb411s7pn,13083,1218,1554035070,2019/3/31,4614,14:10,16746,//i1.hdslb.com/bfs/archive/6a4ece4d1b73f0b15056d60a0bd8a8f11eb99eed.jpg,353331,742,20:24:30,主播排位被对手辱骂，然后国服第一露娜用了独孤九剑，全场惊呆了！,5303
47769204,BV1Cb411W7gy,13089,1222,1553939909,2019/3/30,3762,18:19,13868,//i1.hdslb.com/bfs/archive/c2f50c97a8e8a8cdff1bdc8003d95fe5b333cc04.jpg,174303,205,17:58:29,平平无奇的一个狗船的心声,3880
47665752,BV1Xb411x7Xe,10214,1071,1553854878,2019/3/29,5307,11:18,13233,//i1.hdslb.com/bfs/archive/2b6ecdaa043aa71f0d72247c43d93c92723ec4e0.jpg,311569,578,18:21:18,王者新英雄火影忍者：漩涡鸟人，技能是螺旋丸！大招可在泉水杀人！,2885
47580689,BV1ib411x72P,7221,1131,1553769703,2019/3/28,3316,20:07,11557,//i1.hdslb.com/bfs/archive/9e4ba085a3a38b7e6bb8f6bd8ebfc21bf68cc210.jpg,378022,528,18:41:43,曝光著名主播开挂！貂蝉二技能无CD，一秒跳了几百下！塑料车队激战王者五黑！,5998
47497398,BV1cb411x7mR,9774,946,1553683547,2019/3/27,4136,18:27,12967,//i0.hdslb.com/bfs/archive/acb466bd53acb548b340145aa93cef6a1acf08ce.jpg,250790,783,18:45:47,惊动官方！某知名主播遇到演员被打哭！现场录音演员录音曝光！大逆风七进七出的韩信！,4839
47414550,BV1Lb411t7jx,15306,1042,1553601125,2019/3/26,7422,30:25,16967,//i2.hdslb.com/bfs/archive/2a0a37d178dd89bc4794eb0fd7b17792c93432f7.jpg,317608,1044,19:52:5,三国服神仙大战！队友：快投降别浪费时间！婉儿露娜火舞三合一！,9851
46572805,BV14b411n7gE,8357,1380,1552821362,2019/3/17,3661,13:28,13711,//i0.hdslb.com/bfs/archive/d7e79b1ee7eeb2c1fe936e79b3d6742888210853.jpg,521003,545,19:16:2,曝光开挂主播！某B站大佬直播开挂被抓！开锁血外挂1V9天秀5杀！,5551
46178981,BV1Tb411H7bv,13230,1578,1552477917,2019/3/13,6163,10:17,18888,//i0.hdslb.com/bfs/archive/717da1430e232df8e63a4417ee90281a2e091c94.jpg,436917,1353,19:51:57,【水一亦寒X萧忆情】B站两大百万粉主播峡谷相遇！他居然忍心让对面杀我！,4985
46082880,BV1Ab411v7Fa,6760,733,1552383668,2019/3/12,2926,13:58,10158,//i0.hdslb.com/bfs/archive/6a553e15539fa6f2ed825a9e92989dd6c8b8413c.jpg,239745,367,17:41:8,惊动策划！惊天bug，狂铁这样出装居然可以无限大招！小锤40大锤100！,3726
45794076,BV1Kb411i78B,19701,1102,1552130056,2019/3/9,8080,13:37,22795,//i0.hdslb.com/bfs/archive/46aded1c1a150edb66319f785824b2aabbf43ec3.jpg,454587,1181,19:14:16,惊动官方！上官婉儿竟然一键上天！大招bug无限连，知名主播在线骗人！不过确实太秀惹！,5887
45429998,BV1Nb411q7uW,24065,1504,1551781368,2019/3/5,10412,10:58,24219,//i0.hdslb.com/bfs/archive/2113302f8cc846db496b420f4e5d467023581d4f.jpg,446060,1828,18:22:48,斗鱼VS虎牙王者主播谁最强！第一竟然是B站的他...扫地僧一样低调的可怕高手！,8032
45137583,BV15b411B791,20919,1244,1551523896,2019/3/2,8106,10:56,21816,//i2.hdslb.com/bfs/archive/4526a085e665892fc6a317866022d2563c929464.jpg,372039,1914,18:51:36,国服第一露娜的操作设置曝光！原来他是这么打游戏的！,6554
44683074,BV1pb41187WA,8314,949,1551105627,2019/2/25,3161,12:47,10495,//i1.hdslb.com/bfs/archive/6aa334045abee5047e52c903a9570db7dcc32f78.jpg,214084,309,22:40:27,又见开挂主播！跑到对面泉水里杀人，对面刚复活一秒就死了！,3478
44594788,BV1ob411b7He,8676,872,1551008298,2019/2/24,3380,11:26,10986,//i0.hdslb.com/bfs/archive/453f02c912a4d4aa440b31d930171838860ddbc5.jpg,197230,317,19:38:18,宇宙第一橘子这样出装！一刀秒杀1v9天秀20杀！,3206
44487858,BV1Nb411a7pe,11403,1095,1550922747,2019/2/23,4340,10:21,14228,//i2.hdslb.com/bfs/archive/d7cb660a34fcd4447a7eac866a6600c4315176a1.jpg,264545,905,19:52:27,冒死曝光王者著名主播演队友卖队友内幕，简直丧心病狂！（16杀露娜这是标题）,4442
44387907,BV1Yb411h78p,11615,872,1550836565,2019/2/22,4176,19:52,13530,//i0.hdslb.com/bfs/archive/d3237f21749b0537b8b8e5d71f46360f92454d38.jpg,244983,267,19:56:5,13岁天才选手被著名富二代打压真相究竟是什么，打野夏侯惇吨吨吨吨,4531
44290708,BV12b411Y75L,27282,1744,1550751076,2019/2/21,8262,15:10,22433,//i2.hdslb.com/bfs/archive/bb1cd78b53335b2507f4aaf727d39c2829ec6b10.jpg,246671,820,20:11:16,这期视频聊聊天吧，顺便上官婉儿飞泉水金身五杀,6232
44094620,BV11b411a7JD,29099,2150,1550580216,2019/2/19,8490,13:54,25029,//i0.hdslb.com/bfs/archive/9dc3ab8c61cedea773f0661e8634db5a2a44953e.jpg,280921,680,20:43:36,鬼神玄策：不杀毫无战意的对手！,8985
43983447,BV1mb41117dZ,12831,927,1550491564,2019/2/18,4857,16:28,15595,//i0.hdslb.com/bfs/archive/05fdd028f508e5127dc87c4e021e5365e39fca50.jpg,255112,739,20:6:4,国服第一程咬金把对手堵在泉水里面杀！泉水都打不死！！他是这样出装的！,3994
43882317,BV1jb41117jp,33242,1587,1550407152,2019/2/17,11715,13:05,32735,//i1.hdslb.com/bfs/archive/411c6f3926ebdc3dd6728835d9b510a9c2f79aa1.jpg,381808,2178,20:39:12,不长记性！这个主播装备又卖早了！又没推掉！但是这次学聪明了！,9418
43760865,BV1Eb411m7yP,58317,1491,1550311394,2019/2/16,18814,18:00,52981,//i1.hdslb.com/bfs/archive/24e9a7e7f86b81a69da20834e9710b54c324d844.jpg,606439,1563,18:3:14,最强元歌！推水晶时装备全卖了，结果没推掉！主播当场嚎啕大哭！,9025
43670228,BV1rb41127z3,5635,929,1550235929,2019/2/15,2472,13:15,8706,//i2.hdslb.com/bfs/archive/533aa20fef252899cef1741b2193f61e5e577b70.jpg,174526,243,21:5:29,打野高渐离,3285
43552323,BV15b41127UQ,4812,977,1550145123,2019/2/14,2428,13:11,8665,//i1.hdslb.com/bfs/archive/c1292f2deec00eb03c1c04ca6815d609c9afeb19.jpg,229449,308,19:52:3,王者荣耀里一个知名富二代强行拆散路人情侣，正义小学生出来阻止！,3781
43429861,BV1Eb411U73Y,7897,1396,1550053908,2019/2/13,4293,16:33,15774,//i1.hdslb.com/bfs/archive/c2b3eebc5728fa622fb3f2ddcd6b0e1d424ba313.jpg,773455,1201,18:31:48,新英雄马超！无限连招，技能居然没CD？国服第一马超竟然这么出装！,7662
43235816,BV1Fb411D7Zt,4503,929,1549964350,2019/2/12,2065,14:24,7703,//i1.hdslb.com/bfs/archive/e6cfd6e4669d48a3747787d52538fbedbfe228d6.jpg,202333,423,17:39:10,队友不给中！可怜的婉儿只好去打野，结果悲剧了，国服第一才打了这么点输出...,3100
43235443,BV1Fb411D7dP,10895,1211,1549885076,2019/2/11,4566,13:02,14729,//i1.hdslb.com/bfs/archive/8b460660bf66aaa4134a300f8e504a11d473620a.jpg,320287,2106,19:37:56,国服第一露娜被路人一顿夸，正在得意，结果被打脸，原来路人是....啊奥哦呀,4557
43125046,BV14b411S7MR,5524,1151,1549788325,2019/2/10,2559,15:25,9395,//i1.hdslb.com/bfs/archive/cf1d73300786cf14eb50c204a5233fa7b90ee5b1.jpg,236698,233,16:45:25,打王者荣耀遇到一个小学生和一个富二代吵架怎么办,5094
43023466,BV1yb411U7eJ,13754,1599,1549704618,2019/2/9,9236,15:41,26227,//i1.hdslb.com/bfs/archive/e9104bd1ac13f1a46e9c9bb8ea777890aa26d595.jpg,1103226,1217,17:30:18,王者局队友不给中！可怜的貂蝉只好去打野，出宗师电刀..结果...,8845
42969095,BV1vb411675j,16842,1135,1549628860,2019/2/8,7212,15:58,18899,//i2.hdslb.com/bfs/archive/be81db2fe6da978fd214b0335dc4fcf0edf5a527.jpg,372004,4266,20:27:40,百星局神仙大战，国服第一露娜大战各种主播高手！,6076
42822986,BV1zb411z7sx,7359,1478,1549528232,2019/2/7,4757,15:43,11418,//i2.hdslb.com/bfs/archive/64d2be973d9309ba0af1030b21462b9a4396bf60.jpg,255032,870,16:30:32,上官秀儿,4077
42808506,BV12b411z7ci,5319,812,1549455681,2019/2/6,2625,14:05,9523,//i1.hdslb.com/bfs/archive/5a470327b3a8e40e20979ef995d9bbf422801d50.jpg,268945,256,20:21:21,最新全输出诸葛亮流派，带这套铭文可以满血秒杀战士,3374
42726394,BV1Xb411r77t,7226,753,1549366680,2019/2/5,2901,15:14,10348,//i0.hdslb.com/bfs/archive/4919017d79706a3b669c2d053196e7a0a2af9639.jpg,205887,344,19:38:0,职业圈最火爆貂蝉打野流！居然是这样出装！,4282
42604684,BV1Wb411r7r3,11071,816,1549272487,2019/2/4,3661,11:15,12300,//i1.hdslb.com/bfs/archive/596750f354103100d817536fe969c2acef16d761.jpg,231942,653,17:28:7,你肯定不知道的几个玄策小技巧！国服第一玄策的铭文和出装是这样的！,2856
42545019,BV1Nb411r7HC,5868,701,1549193987,2019/2/3,3212,14:53,8815,//i1.hdslb.com/bfs/archive/8e331c6d806fbbc9b21e25a9a39ca872c7c39186.jpg,212118,872,19:39:47,无限连招口诀！国服第一露娜绝密连招曝光！5分钟就能学会！心动不如行动！还在等什么！马上拨打1234567！,3552
42455044,BV1gb411C7if,14022,1601,1549109662,2019/2/2,8883,17:38,23153,//i0.hdslb.com/bfs/archive/d1e117a316a8b82a08dcdc21bbfd3050ab3fb55e.jpg,1022084,2186,20:14:22,惊动官方！国服第一婉儿开创无限大招打法！5分钟一学就会！150星局1v9天秀22杀！,8818
42354007,BV1Bb411k7Rm,4643,1084,1549019186,2019/2/1,2666,13:51,8665,//i0.hdslb.com/bfs/archive/e7b5bfce4302a049d518b096387b61a5a8582300.jpg,395502,720,19:6:26,你从来没见过的天秀露娜，10秒钟连飞30大招！,4118
42248598,BV1Lb411k76X,8938,1160,1548932686,2019/1/31,4123,14:20,14270,//i2.hdslb.com/bfs/archive/9162e1620a3030da72e10de0fc988bfc18ece01d.jpg,550123,428,19:4:46,国服第一诸葛亮是这么出装的，极致减CD装，两秒一个大招！,4982
42056183,BV1Zb411C77v,23141,3036,1548762361,2019/1/29,19425,19:13,55327,//i2.hdslb.com/bfs/archive/b3398f75a34962f19525edb5390401a8c315454e.jpg,2995477,9662,19:46:1,惊动官方！13岁天才少年发现bug开创大乔ADC打法，一秒2万暴击惹怒无数玩家！,13881
41678681,BV1Ft41187DS,11184,1096,1548421312,2019/1/25,5474,16:24,14200,//i1.hdslb.com/bfs/archive/75e68d99595fc1a45bcf3241c8971ca77da923b6.jpg,369301,1062,21:1:52,超秀的橘子，10分钟杀了30个人。,6335
41501283,BV1Kt411b7yE,4574,1297,1548248042,2019/1/23,2894,15:09,8364,//i2.hdslb.com/bfs/archive/900366597b5c9e426423ea46ae0ba39e5c1c642d.jpg,440309,570,20:54:2,s14新版本露娜最新连招曝光，这样出招不会断大，口诀是1aa3a…,4898
41230587,BV1et411872E,4653,946,1547984996,2019/1/20,2511,13:20,7334,//i1.hdslb.com/bfs/archive/75e68d99595fc1a45bcf3241c8971ca77da923b6.jpg,271715,556,19:49:56,国服第一上官婉儿1V5泉水秀金身杀人,3064
40894873,BV1at411h7QQ,23089,1938,1547641359,2019/1/16,11689,12:05,22222,//i0.hdslb.com/bfs/archive/552da0ed8342e72807692a9e64bb2f21ec6ec659.jpg,393028,5064,20:22:39,小学生都能学会！真正的第一露娜最严肃的连招教学，不看就亏啦！,5968
40740139,BV16t411H7mj,7239,889,1547468119,2019/1/14,3675,10:01,9134,//i0.hdslb.com/bfs/archive/2d257450ad79c6791a7856c13f6f5154b2b90e42.jpg,302179,1333,20:15:19,300星局！国服婉儿开挂实锤！20人头0死堵泉水五杀！,3065
40491713,BV1Rt411p7JZ,10177,1476,1547215754,2019/1/11,5407,19:19,13548,//i1.hdslb.com/bfs/archive/c65dad714f0b107d23a743a34f85c0915f609c1b.jpg,415373,971,22:9:14,300星局！国服第一李白偶遇两大著名导演互演！1v9天秀28杀！,8126
40248392,BV1at411s7j6,15531,1884,1546948595,2019/1/8,10497,10:19,19501,//i2.hdslb.com/bfs/archive/1ea5c0ba2558ad9739a37f6c43cec15ed69feaf0.jpg,843452,7366,19:56:35,在对面泉水里飞来飞去的露娜,5949
40087914,BV1st41147w8,9007,3901,1546777786,2019/1/6,4570,24:33,12385,//i1.hdslb.com/bfs/archive/a9fa3cf759763993999eb8d96da0e38f2104b453.jpg,563279,1286,20:29:46,【王者荣耀】石锤！200星局遭遇著名某导演！3个队友在家挂机！打野廉颇1V9血战21杀！,6391
39822381,BV1tt411z7mh,18877,1140,1546513565,2019/1/3,12175,19:12,18408,//i1.hdslb.com/bfs/archive/13baaf2a0d06fefdbbadb1368e93cc7db4f20e26.jpg,464366,1480,19:6:5,排位150星超级高端局！惊现王者荣耀第一传奇选手，9个主播职业选手对抗他一人！,6072
39558781,BV1mt41167c1,6070,680,1546260715,2018/12/31,2615,18:55,7211,//i1.hdslb.com/bfs/archive/25a69b1ce255d0207e1ddfbfa38e275ef904e622.jpg,148376,188,20:51:55,【王者荣耀】不知火舞美颜暴击,2715
39420544,BV1Kt41167Co,7515,880,1546163992,2018/12/30,3320,14:55,8347,//i0.hdslb.com/bfs/archive/068cf2d46aaaa3e3f3ff14ae32c4aea5b3693c8d.jpg,193269,514,17:59:52,【王者荣耀】露娜又重做了，好看又厉害！1V9天秀五杀！,3298
39416583,BV1Rt411z79F,9439,738,1546161545,2018/12/30,3807,11:28,9870,//i1.hdslb.com/bfs/archive/55f7d8cfe2a6b92d2215f6873e9c9fd0a6f12e39.jpg,236835,479,17:19:5,【王者荣耀】国服第一程咬金新套路，水晶1V9惊呆了路人！,2985
39305455,BV1wt411k7vY,10269,901,1546072400,2018/12/29,5758,14:41,12557,//i0.hdslb.com/bfs/archive/921d456157b7440b9cdad01480cc3ae8c51729d3.jpg,411446,573,16:33:20,震惊！S14赛季貂蝉重做了！国服貂蝉手把手教你1V9超神五杀！学不会你打我！,4455
39215972,BV1vt411r7Pa,7214,753,1545984683,2018/12/28,5341,18:45,9651,//i0.hdslb.com/bfs/archive/cf581647ca347373b943f7ac02e66cbedcc9a92d.jpg,470453,1559,16:11:23,一学就会！上官婉儿回旋笔连招！国服第一婉儿在线教学！一分钟学不会我打你！,4215
39153803,BV1Lt411r7YP,9567,742,1545907818,2018/12/27,3906,13:03,9248,//i2.hdslb.com/bfs/archive/f1578609cf2e6d652352e22cdde993e5f07a5456.jpg,213325,1179,18:50:18,王者荣耀单排到了100星，开启隐藏副本模式！十国服大混战！露娜1v9天秀30杀！,2392
39082315,BV1Xt41167TK,7593,539,1545826876,2018/12/26,3435,19:51,8181,//i1.hdslb.com/bfs/archive/9f017a09b12b68203e6b96b7c1e866459195dcb1.jpg,241010,606,20:21:16,当国服第一韩信遇到国服第一露娜会怎么样？王者40星天秀屠杀！,2474
38670710,BV1vt411Y7FR,13899,2015,1545389033,2018/12/21,7756,28:04,16325,//i1.hdslb.com/bfs/archive/8be772d0b03cb7521ac50557dc57e0ceba4905c9.jpg,439939,3969,18:43:53,接亲活动是打王者，男方赢了女方才能结婚！结果新娘找了职业队员来打...新郎直接发飙走人！（不怪我）,8511
38524554,BV1nt411v7wV,17910,1388,1545217856,2018/12/19,12913,13:21,18380,//i0.hdslb.com/bfs/archive/b87c26fcdd33a89e7625dc2392f88c6635bc1742.jpg,637169,2848,19:10:56,一分钟包教包会！国服第一上官婉儿教你绝密连招！不好用你打我！,4554
38386809,BV12t411e7Bn,9438,875,1545051032,2018/12/17,4489,21:51,9139,//i0.hdslb.com/bfs/archive/8ade33cfde1953309e23cd173e977800a4df72bd.jpg,189840,484,20:50:32,【王者荣耀】太倒霉了遇到三个演员在一边！超级秀的橘右京1V9结局惊呆了！,4772
38145692,BV1Vt411i72x,1192,293,1544847745,2018/12/15,464,02:34,2475,//i1.hdslb.com/bfs/archive/7d0e8acf52b3415077b4e936c9e6ff79603025ae.jpg,71483,25,12:22:25,水一带你看kpl秋季赛精彩集锦,238
36755418,BV1Mt41197ii,12727,1007,1543149132,2018/11/25,6517,15:07,11200,//i2.hdslb.com/bfs/archive/a27cae3fdf95d671da3b656afbb9db3de63640b7.jpg,195534,722,20:32:12,【王者荣耀】国服第一鲁班说要带飞，结果打脸！狂铁1V9天秀30杀！,4567
36656782,BV1et411y72W,17851,1958,1543052741,2018/11/24,11198,19:47,18580,//i2.hdslb.com/bfs/archive/b4cf2ebc7c4c5577edb62c040b83253cac04429e.jpg,484848,2493,17:45:41,【王者荣耀】演员拿了鲁班一直送！辅助小明无奈打野1V9逆天20杀拯救世界！,9452
36452808,BV1rt411C75T,7171,525,1542797083,2018/11/21,3556,16:18,7158,//i0.hdslb.com/bfs/archive/af369bb7b11f40ed42a349bab5c59ed42cfd00e4.jpg,169135,530,18:44:43,【王者荣耀】他是王者荣耀第一高手！打哭了无数职业选手的路人王！辅助大鱼人VS国服第一鲁班!,2476
35898807,BV11t411U7F9,9395,695,1542108665,2018/11/13,5430,13:32,9599,//i2.hdslb.com/bfs/archive/a9b575b37d6b26abe1ad30822546832e966e219c.jpg,255589,516,19:31:5,【王者荣耀】惊动策划！雅典娜卡bug技能无CD！百星局屠杀被联名举报！,2871
35691695,BV1St411m7Zq,8695,533,1541849971,2018/11/10,4538,22:22,9188,//i2.hdslb.com/bfs/archive/2953ee0fa3622d19513236f8f21e9a2dfd47fb4d.jpg,289093,332,19:39:31,【王者荣耀】国服第一干将教你四指无缝连剑，学会百分百上王者！,3169
35503836,BV1Eb411c7nL,17160,1073,1541597759,2018/11/7,7293,23:34,15584,//i0.hdslb.com/bfs/archive/5f2cc8268eceafad154d806e6e425c5e3026775c.jpg,510284,1425,21:35:59,【王者荣耀】李白终于重做了！国服第一李白光速一大招锁定五人天秀五杀！,6662
35201283,BV1bb411w7GY,1518,350,1541246434,2018/11/3,563,02:41,2640,//i0.hdslb.com/bfs/archive/avsas_i181103tx1a7clv8moq51o142osy5ja2_0018.jpg,69613,48,20:0:34,水一带你看kpl秋季赛精彩集锦。,301
35134368,BV1Tb411w7cR,10529,684,1541159174,2018/11/2,5612,13:50,9661,//i0.hdslb.com/bfs/archive/a66386350f95f29b329f2ef1e467b21c7f5f0ee7.jpg,212418,405,19:46:14,【王者荣耀】疑似bug！新版本孙尚香这样出装一枪一万血！百星局1V5逆天20杀！,3294
34876207,BV1bb411A7Gn,8721,766,1540807930,2018/10/29,4682,13:14,7408,//i2.hdslb.com/bfs/vc/i181029ws9p60sx3e40433hwnuuqb7bs_0022.jpg,136012,1331,18:12:10,【王者荣耀】神仙打架！最强露娜用这套装备3000分巅峰赛天秀1V9五杀！,3035
34872092,BV14b411A7Zo,2417,240,1540805075,2018/10/29,1266,45:54,2611,//i2.hdslb.com/bfs/archive/70bd7408dd5f4aca77cdbdcec855d33f59bcac64.jpg,52462,52,17:24:35,《荒野大镖客2救赎》你绝没见过的一百种死法！最变态的攻略第一集,1234
34329478,BV1Dt411o75N,10616,734,1540122310,2018/10/21,6040,13:51,8367,//i1.hdslb.com/bfs/vc/i181021ws2t2yqisk2yas03vynir63b4_0022.jpg,136739,266,19:45:10,【王者荣耀】国服第一李白这样出装！伪暴击流一下一万暴击逆天五杀！,2897
34196526,BV1Tt411o7Zc,11127,820,1539981263,2018/10/20,6119,15:58,8926,//i0.hdslb.com/bfs/archive/387b373e02aaadadb345b78f1595c6830f5af538.jpg,198793,569,4:34:23,【王者荣耀】惊动策划！十万场露娜出这套装备一个技能吸五千血！飞进泉水杀人后极限逃生！,3176
33382231,BV1mW411y7fw,18228,1342,1538929259,2018/10/8,10088,13:56,16359,//i0.hdslb.com/bfs/archive/5d458809d2c93f0ffcaf71fdad657f1ec1982624.jpg,448336,848,0:20:59,【王者荣耀】惊动策划！钟馗最新打野套路在百星局被队友嘲讽，然后一勾一万血打脸！,5449
33263666,BV1NW411m73W,34159,1565,1538825608,2018/10/6,15792,16:08,28417,//i2.hdslb.com/bfs/archive/31e6d61526c18e0120cb18585844749e9cbf16b9.jpg,553445,1809,19:33:28,【王者荣耀】国服露娜百星局被嘲讽，他用了这套铭文，然后他2秒十次大招...全都闭嘴了..,6682
31854182,BV1hW411k73U,11897,1215,1537091696,2018/9/16,5291,12:44,10009,//i0.hdslb.com/bfs/archive/f51989685f84304c1c6554ad4b2c581d5ca1ad8a.jpg,413293,1074,17:54:56,【王者荣耀】九千场的芈月这样出装！电刀暴击流一下一万暴击逆天五杀！,3221
30385840,BV1MW411Q7F3,9414,868,1535288561,2018/8/26,6023,16:30,7854,//i1.hdslb.com/bfs/archive/25b18ce8f268dc205b33322857760f9a8701bfef.jpg,175676,882,21:2:41,【王者荣耀】职业圈最强元歌遭遇灵异事件！复活甲竟然无效！队友嫌弃高地被杀，太惨了！,4027
29950753,BV1iW411Q7Gp,5443,758,1534852721,2018/8/21,2874,10:19,4978,//i0.hdslb.com/bfs/archive/d87ccf3c93eaf5ac57ac7b07dee681c4ba216cfa.jpg,143563,604,19:58:41,【王者荣耀】灵异事件！推对方基地时候6神装不翼而飞！是系统bug吗！？第一露娜五杀拯救世界！,2671
29780873,BV1VW41197hv,14047,767,1534680096,2018/8/19,6362,19:16,8339,//i2.hdslb.com/bfs/archive/9d19aaa3b85f2ec3654ac3a6074d8cc9ec2cd6d7.jpg,182985,988,20:1:36,【王者荣耀】系统卡bug把装备全卡没了！？国服第一露娜当场傻眼大顺风变逆风！,6300
29432258,BV17W411R74x,14079,1089,1534330597,2018/8/15,7032,15:12,11354,//i2.hdslb.com/bfs/archive/656036c0168535c88fd162f8e01ec1e7705c10a2.jpg,210979,1221,18:56:37,【王者荣耀】职业圈最强元歌！超极限操作1秒8个技能！王者局团战天秀1V5！,4311
29120573,BV1Zs411K7sz,15867,1600,1534003940,2018/8/12,8268,42:48,11582,//i0.hdslb.com/bfs/archive/e635438f387d1fa5e840013c19f795d3c14ee4a8.jpg,254578,583,0:12:20,【王者荣耀】40分钟激战！家里三个演员！国服第一百里的真实遭遇！,9096
28932599,BV1rs411M7j1,9441,1071,1533815131,2018/8/9,8230,13:59,7872,//i0.hdslb.com/bfs/archive/966fe16ec9853f0299dac192bb840669025782cf.jpg,157040,1152,19:45:31,"【王者荣耀】职业圈最强露娜！在对方泉水里飞来飞去四杀的露娜你见过吗,宇宙第一露娜王者局开挂被石锤！",4645
28770919,BV1ys411g7Tg,10950,2665,1533646670,2018/8/7,6280,12:17,9008,//i2.hdslb.com/bfs/archive/d8ca7afeee46146f6ff66e80a90edfeac1e85d7f.jpg,222013,361,20:57:50,【王者荣耀】公孙离这出装铭文百分之99的人不知道，会了轻松到王者！,4987
28603570,BV1rs411u7ZD,18853,1400,1533471934,2018/8/5,9163,12:26,13901,//i2.hdslb.com/bfs/archive/57e3bad06206f0e4a88f81e753550b2caa0ae1c7.jpg,290229,1728,20:25:34,【王者荣耀】职业圈最强露娜！10秒28个大1人冲高地60输出！太可怕了！,6405
28261458,BV1Cs411w7Mc,35236,2567,1533118788,2018/8/1,17646,09:52,29983,//i2.hdslb.com/bfs/archive/cf10d32427f5fcb2f6ec9fed248a12af37759461.jpg,871673,7814,18:19:48,【王者荣耀】职业圈最强露娜！68输出3秒内9大招天秀3次五杀！！,14321
28111427,BV1Us411c7q1,17745,1107,1532950621,2018/7/30,8337,20:35,14114,//i2.hdslb.com/bfs/archive/9651376c2905d43f2260239278bbfad571c8e06d.jpg,252876,461,19:37:1,【王者荣耀】你绝对猜不到最强中单，巅峰赛前百高手激烈对决。,5014
27957937,BV1Qs411A7Jb,6391,802,1532780722,2018/7/28,3821,15:33,5586,//i1.hdslb.com/bfs/archive/53263e646ca4c88975deda38cb9310046cd9c9e8.jpg,142502,172,20:25:22,【王者荣耀】8月新英雄炸弹人爆料！一个炸弹1W血太恐怖了吧！,2242
27795961,BV1As411A7nd,17495,1087,1532606350,2018/7/26,8520,15:02,13991,//i0.hdslb.com/bfs/archive/fef7844a8dc0b35a41a4d4641aa9b3b9db6ff9e1.jpg,216955,1053,19:59:10,【王者荣耀】真正的第一露娜到底有多可怕！和他比起来，其他国服都是小朋友！,4834
27713935,BV1us411N7TQ,6082,1113,1532520128,2018/7/25,3903,18:13,7073,//i1.hdslb.com/bfs/archive/87e464a9ddfd5afa844a9af2f9f5a0735127cf9a.jpg,250723,223,20:2:8,【王者荣耀】开局三个队友就要送！国服曹操：你们随意送，我自己打！意想不到的结局！,4445
27549421,BV1js411P7Hn,4858,1025,1532344461,2018/7/23,2528,12:59,5093,//i2.hdslb.com/bfs/archive/9c4a61a6ba32f49ad4ff920bec4c1209d60777fd.jpg,179985,258,19:14:21,水一【王者荣耀】露娜重做了！国服第一露娜开挂当场被抓，多人联合举报！1V9天秀9杀！,3293
27402764,BV1ss411K772,14862,1658,1532179750,2018/7/21,9175,22:15,13859,//i0.hdslb.com/bfs/archive/6cd2ae76e72685f125be18c15b13810140680cc9.jpg,477204,1375,21:29:10,【王者荣耀】王者局队友吵架选了4个法师...一个鲁班心碎1V9全程激战，结束后队友惊讶的发现....,6798
27318874,BV1ms411N7nf,5418,832,1532089840,2018/7/20,4173,12:32,5057,//i1.hdslb.com/bfs/archive/7d3594c7c2c1edf492ed42dff79c2c8d2a5b1c24.jpg,137063,445,20:30:40,【王者荣耀】天秀四指操作！国服第一露娜泉水2秒9个大招！对手：大神别打了我们投降！,3324
27235049,BV1fs411E7vC,9756,1497,1532001489,2018/7/19,9385,19:38,13698,//i0.hdslb.com/bfs/archive/8871dc5b95e8eabc9b1aa5204a4082e7f4f1feee.jpg,352032,760,19:58:9,【王者荣耀】惊动策划！国服第一铠竟然这样出装，bug刀刀暴击4000！速看马上删！,7187
27082221,BV1gs411E7JS,4348,996,1531826986,2018/7/17,2614,15:52,4932,//i0.hdslb.com/bfs/archive/c744008f0ebc93f0bdece7b4595d7e0454c47991.jpg,206826,430,19:29:46,水一【王者荣耀】国服第一貂蝉遇到送人头鲁班：你尽管送我1V9一样赢！,4706
26781412,BV1Js411J7fD,5488,1326,1531487137,2018/7/13,1831,18:22,5331,//i2.hdslb.com/bfs/archive/4b0c7cb6e38da034f2c4fb919dee01c172853f41.jpg,301333,554,21:5:37,【王者荣耀】要出全职高手新英雄？黄少天和叶修齐聚王者峡谷是怎么回事？,6529
26706979,BV1Bs411H7Sb,5560,1196,1531395980,2018/7/12,1713,12:32,6076,//i2.hdslb.com/bfs/archive/4b89bfef6f0c56c4fb3f017b9014dccdd0558734.jpg,441729,375,19:46:20,【王者荣耀】谁真谁假？国服第一露娜遇到EDGM无痕，究竟谁更强？,4709
26634708,BV1Ns411H7XN,3740,854,1531309886,2018/7/11,1143,11:10,3466,//i0.hdslb.com/bfs/archive/c928f95562e48b9a0b5fade0f7e33861dc0d34b5.jpg,165106,617,19:51:26,【王者荣耀】百分之99的人没见过的露娜操作，国服第一太恐怖了！,3024
26410765,BV1qs411p76F,10102,1246,1531039485,2018/7/8,2501,16:01,7382,//i2.hdslb.com/bfs/archive/0ad6bc9013d77ab9b83b5a4ffe8d476367c41f44.jpg,356476,837,16:44:45,【王者荣耀】60输出五杀！职业最强诸葛被小学生鲁班教育：你这样打不对！到底谁会被打脸？,7487
26148230,BV1Vs411V7Fc,6377,1000,1530703174,2018/7/4,1326,24:46,4492,//i2.hdslb.com/bfs/archive/7a363e76c5ce734fa085efcafd8df5ce1d4c74dc.jpg,234968,477,19:19:34,【王者荣耀】国服第一典韦在青铜局被路人认出，被路人集火针对..太惨了,5730
26023943,BV11s411G7tm,4732,1919,1530536664,2018/7/2,2334,16:37,7623,//i2.hdslb.com/bfs/archive/745ccbbc295ed68dfc4d2c64f9b30d0906cd2907.jpg,799765,434,21:4:24,【王者荣耀】国服第一马可10分钟30杀吓哭队友，五次五杀！,6510
25822780,BV1xs41157T8,3489,1261,1530275155,2018/6/29,1684,25:09,4288,//i2.hdslb.com/bfs/archive/b73d976d46a251b913e59b592bba58cec6edc5b6.jpg,309150,922,20:25:55,【王者荣耀】路人鲁班批评国服第一韩信：韩信你这样打不对！,7434
25693533,BV1ys411V745,6525,5703,1530096194,2018/6/27,2616,17:43,7899,//i2.hdslb.com/bfs/archive/c7914df442e32cfee14313a216b59d8e8801ca3e.jpg,738467,1206,18:43:14,【王者荣耀】国服第一露娜被官方制裁：你是大神，这样出装不对！,11206
25580840,BV1ks411L7Ju,2972,795,1529928093,2018/6/25,1072,18:04,3048,//i0.hdslb.com/bfs/archive/c91a48a89fc0d63e749f9458780b02c180651818.jpg,160351,565,20:1:33,【王者荣耀】百分之99的人不会玩这两个英雄：宇宙第一赵云VS第一阿珂,3235
25023729,BV1fW411F7xG,4217,886,1529154076,2018/6/16,943,21:41,3253,//i2.hdslb.com/bfs/archive/395c7d62c519e35972f0daa6e04678f4641a5c3f.jpg,130423,765,21:1:16,【王者荣耀】王者五黑对手：菜你们等着！激怒宇宙第一诸葛亮暴走天秀60%输出！全程高能！,5268
24747457,BV1WW411w7r5,8312,1163,1528801004,2018/6/12,2985,14:02,7426,//i2.hdslb.com/bfs/archive/e172e9f8f6b81d142f8a9e27dca13edeb23c0b12.jpg,291673,1923,18:56:44,【王者荣耀】国服露娜被骂彩笔！闪电三角飞露娜1V9天秀打脸，然后他说了这句话...,6242
24456918,BV1iW411A7uU,3667,646,1528278306,2018/6/6,489,14:40,4127,//i0.hdslb.com/bfs/archive/83afbd3a72c956aebfd341dffdbacf93feccf3fa.jpg,84994,162,17:45:6,童年回忆！当王者荣耀遇上魂斗罗！太变态了！,2711
24377521,BV1CW411N7Ed,3729,669,1528114106,2018/6/4,740,19:33,3860,//i2.hdslb.com/bfs/archive/aedfd3d98c5320437ac1f1c0b4c3505eda56dfa4.jpg,145808,236,20:8:26,【王者荣耀】国服韩信VS国服鲁班，到底谁是演员？诸葛亮1V9天秀。,3288
24107228,BV1jp411d7HR,2710,659,1527592075,2018/5/29,477,19:01,2023,//i2.hdslb.com/bfs/archive/b1d2c4c3f93243cdbb0f54f69827ba8fd1a1e192.jpg,102189,147,19:7:55,【王者荣耀】开局就吵架：孤儿！第一露露对上国服杨戬，到底谁更厉害？,2370
23652477,BV1Bp411d7TG,3599,751,1526733769,2018/5/19,609,17:35,2616,//i0.hdslb.com/bfs/archive/cb079982f8f072e64f1f4b0fcdffbae0b390fa73.jpg,130235,300,20:42:49,【王者荣耀】巅峰赛大神多，宇宙第一花木兰1V9秀哭各路大神,3764
23334397,BV1Dp411o7t1,4294,768,1526115617,2018/5/12,765,12:49,2556,//i1.hdslb.com/bfs/archive/38266cf24b1b31057f379aa527ee9dd66a6e6e13.jpg,110182,562,17:0:17,【王者荣耀】露娜新模型这么好看！国服第一露娜1V9队友惊呆了：躺赢！,3424
22970859,BV1MW411G7nZ,2439,1739,1525428610,2018/5/4,307,07:41,2865,//i1.hdslb.com/bfs/archive/a7e1e7845e9337304ec4a0aa7b14a32df304e89d.jpg,93959,154,18:10:10,给你们看什么叫实锤,1321
22736477,BV1xW411V7wp,3511,795,1525002443,2018/4/29,608,19:49,2770,//i2.hdslb.com/bfs/archive/fe55ba8b849aafe4c6186d50feea39a383452cd3.jpg,109401,212,19:47:23,【王者荣耀】痴嗔至极公孙离,4626
22641587,BV1oW411G7Wz,6811,1031,1524826510,2018/4/27,987,13:46,3496,//i2.hdslb.com/bfs/archive/3be5fe8e2f10609c0b50efe7979c29c769829b03.jpg,133151,895,18:55:10,【王者荣耀】王者局演员掉分有钱拿真相！开局就送！国服第一露娜1V9苦战！,3500
22605521,BV11W411G7wp,3071,745,1524744544,2018/4/26,488,13:29,2219,//i0.hdslb.com/bfs/archive/81ba7d274b989f4d3efb2c35a71c22f9947ec0c1.jpg,96131,229,20:9:4,【王者荣耀】国服，不对，宇宙第一诸葛荣耀局1V9天秀20杀！,2057
22385026,BV18W41157oU,3442,731,1524303921,2018/4/21,600,11:56,2186,//i2.hdslb.com/bfs/archive/6166391207769867b3728e57f3b43a4d40ab0882.jpg,91825,472,17:45:21,【王者荣耀】双国服第一契约之战，李白+露娜1V9天秀20杀！,3691
22041602,BV1LW411L747,2665,709,1523623806,2018/4/13,804,11:26,2140,//i0.hdslb.com/bfs/archive/051d1ae34ffb4a2d3ab06947daac9a76b12066dd.jpg,84404,1154,20:50:6,【第五人格】新手变态主播被四个护士疯狂调戏.avi极限反杀,1964
21999273,BV1TW411T7yS,4148,632,1523536391,2018/4/12,953,16:50,3040,//i1.hdslb.com/bfs/archive/52c57d1d87665a952798e6e94155145563b7649c.jpg,136151,394,20:33:11,【王者荣耀】荣耀局国服露娜带斩杀！队友无语，然后：大神求带我会喊666！,4226
21952683,BV1CW411K71S,2844,1087,1523446242,2018/4/11,476,29:41,1800,//i2.hdslb.com/bfs/archive/769aaf23cfe96e27622b5129f052154be97265cf.jpg,78727,164,19:30:42,【王者荣耀】荣耀局4主播撞车，还请演员？！国服达摩VS国服花木兰老夫子，七冲水晶，扑朔迷离！,3719
21681972,BV1wW411M7SW,6144,1288,1522919024,2018/4/5,3730,01:04,9745,//i1.hdslb.com/bfs/archive/f37b47abb0443596b90aec22f1eb61a99177744a.jpg,502910,3990,17:3:44,【真人出镜】水书记的露娜，单手闭眼不看屏幕打龙！王者荣耀史上第一人做到！,1058
21511256,BV1EW411T7YX,3588,780,1522578324,2018/4/1,583,15:50,1899,//i1.hdslb.com/bfs/archive/6938562065e9027a22126fc97e4959a6131b1910.jpg,75245,258,18:25:24,【王者荣耀】露娜暗削了？削弱前后对比一下惊呆，荣耀34星路人被打哭了！,2973
21301324,BV1dW411M7q6,3564,628,1522147830,2018/3/27,552,12:06,2091,//i2.hdslb.com/bfs/archive/430297fffe37a12f77ca4599a7d5cb5d04a38c1f.jpg,85584,231,18:50:30,【王者荣耀】嬴政重做新模型！ADC流嬴政紫色暴击一万血！变成射手！,1813
20611251,BV1VW411s7Bw,4450,1161,1520698862,2018/3/11,1123,21:58,3168,//i2.hdslb.com/bfs/archive/184601c488bca90f0cd544c7a990806a84bd0d64.jpg,140389,398,0:21:2,【王者荣耀】荣耀局46星遇到5职业选手超强车队，国服杨戬1V9血战！,4400
20447791,BV1WW411W7T4,5658,766,1520338806,2018/3/6,1059,12:50,2832,//i0.hdslb.com/bfs/archive/086de3adde12ec1157812b5f779876a7d8fbccb9.jpg,98063,665,20:20:6,【王者荣耀】国服第一露娜1v9天秀，对手队友同时打666！出装打法教学,3661
19704565,BV1XW411j7FE,4852,1004,1518856417,2018/2/17,1471,14:11,3712,//i1.hdslb.com/bfs/archive/ff17b0e1d81d691fe61a40681b1429c3498514a8.jpg,146906,950,16:33:37,【王者荣耀】不看后悔的天秀诸葛亮，40星局50输出，队友：666,5498
19552275,BV1iW411E7oz,4143,1126,1518529770,2018/2/13,1773,15:30,4218,//i1.hdslb.com/bfs/archive/778c829d475c3d6a8fd1a8ac814876c821981a05.jpg,234320,388,21:49:30,【王者荣耀】当国服百里玄策排到国服守约，出发了这个秘密彩蛋！1v9地秀20杀！,4713
19409480,BV1AW411E7GU,4604,1115,1518260460,2018/2/10,1510,17:56,3979,//i0.hdslb.com/bfs/vc/i180210ws8gnah1nxbkie1sre6duakp7_6.jpg,136415,480,19:1:0,【王者荣耀】队友一直送人头，国服貂蝉1V9秀哭对手：求你别杀了！,4017
19051990,BV1iW411H7gB,8468,1132,1517575776,2018/2/2,3306,15:14,6763,//i0.hdslb.com/bfs/archive/8cabff035dcc8328d675774b83eb11cbb4f7049a.jpg,178216,1712,20:49:36,水一【王者荣耀】队友开局就吵，一秒七刀花木兰1V9苦苦挣扎精彩翻盘！,6535
18530227,BV1wW411i7FZ,9164,1647,1516458334,2018/1/20,1806,31:51,4258,//i2.hdslb.com/bfs/archive/6fae4c060cfed3489c0e74af74b83689434a7d73.jpg,145290,1703,22:25:34,水一【绝地求生】当决赛圈被七个人包围后....单人四排20杀吃鸡...第一集,7418
17896494,BV1gW411B7q2,2571,716,1514887952,2018/1/2,470,22:13,2041,//i0.hdslb.com/bfs/archive/156b1a068b1ec7ed8f16f24c6fa23ac0618bb9ef.jpg,102977,437,18:12:32,【王者荣耀】一万场的关羽全场1V9欢乐逆天20杀！,3351
17816731,BV1hW411b7Eq,3051,1133,1514714835,2017/12/31,1305,20:12,2697,//i2.hdslb.com/bfs/archive/66d177aa2fc0263b5613da4eadfe6035bbe6c90e.jpg,200783,1086,18:7:15,【王者荣耀】辅助暴力玩法：一个庄周的20杀之路,4019
17619292,BV1hW411t7jT,2744,798,1514203286,2017/12/25,352,13:16,1446,//i1.hdslb.com/bfs/archive/cdec4c72b008e48d281e74fc9f3b4c3559092451.jpg,105878,389,20:1:26,【王者荣耀】比露娜还秀的隐藏英雄曝光！你绝对没见过的天秀1V9王者局！（禁！马上删！）,2526
17548948,BV1DW41187mT,5886,1307,1514034781,2017/12/23,959,34:25,2082,//i2.hdslb.com/bfs/archive/7e3f3433e51b2b45efd4420f461385f24652fcb9.jpg,120708,605,21:13:1,【王者荣耀】当三个国服排到一起！国服第一李白1V9逆天29杀！,6552
17509778,BV1mW411876A,3175,899,1513943503,2017/12/22,400,19:06,1390,//i1.hdslb.com/bfs/archive/dceae8d4b2df4fe623891a406e71285b47dd536a.jpg,75039,397,19:51:43,【王者荣耀】露娜新模型新皮肤曝光！国服第一露娜1V9天秀19杀（6-7）,4565
17422827,BV13W41187zj,2504,762,1513685359,2017/12/19,550,17:48,1420,//i2.hdslb.com/bfs/archive/73f25417f5e9a0b90df5aa36d478909502b9341a.jpg,105729,490,20:9:19,【王者荣耀】明世隐这样大招不掉血！怎么做到的！1V9天秀40杀！,3280
17171451,BV12W411h7Cr,2816,951,1512995455,2017/12/11,521,12:29,1462,//i0.hdslb.com/bfs/archive/8e4177fbf3f03c4c3bc5f4674b64b58b91e85c01.jpg,119561,416,20:30:55,【王者荣耀】一万场大小姐的职业玩家有多恐怖，2分钟杀高能10杀！,3429
17062826,BV1wW411h7aA,2403,893,1512732052,2017/12/8,445,14:15,1260,//i2.hdslb.com/bfs/archive/f928083a095872fa77f7e34fdd7b0d220683c077.jpg,86075,427,19:20:52,【王者荣耀】露娜真的重做了！大招无CD国服第一露娜教你3套连招天秀5杀！,4329
16994978,BV1WW411Y7xi,2866,701,1512546926,2017/12/6,275,15:08,1185,//i0.hdslb.com/bfs/archive/a6170974b490dfb615096263f1fc181ac994de4b.jpg,74539,175,15:55:26,【王者荣耀】李白重做成辅助！国服第一李白神级辅助天秀29杀！,3141
15775958,BV12x41177Ba,4198,1595,1509107459,2017/10/27,805,13:25,1525,//i1.hdslb.com/bfs/archive/8d5628c890b3d983c402068ccb45f20900416f05.jpg,155672,1658,20:30:59,【王者荣耀】露娜这个细节掌握了就无敌！国服第一露娜1V9四次五杀！,3940
15508556,BV1Hx411M7jX,8453,1532,1508319462,2017/10/18,1254,13:06,1553,//i2.hdslb.com/bfs/archive/05ec596e34cbf47ed71ae5e5e75fd13ef85e3fa2.jpg,129133,2810,17:37:42,【王者荣耀】露娜因为他而重做削弱！国服第一露娜一盘4次五杀！开挂1V9九杀！,6815
15142311,BV1Sx41137QY,4087,2000,1507292109,2017/10/6,583,16:41,1254,//i2.hdslb.com/bfs/archive/4ea2125868fd381a529b392894372d0ea94b4af2.jpg,159608,931,20:15:9,【王者荣耀】国服第一露娜手速逆天，疑似开挂1V9十次五杀！,6429
15070280,BV1Ex41137ZJ,5554,1686,1507116659,2017/10/4,690,14:07,1385,//i0.hdslb.com/bfs/archive/33f1de4673037dfa9cf62d066ffff99de42035dc.jpg,139067,1205,19:30:59,【王者荣耀】露娜重做实战，无限连变简单！1V9冲泉五杀！,7049
14927739,BV1jx411V7xh,5851,1560,1506769454,2017/9/30,779,13:22,1214,//i2.hdslb.com/bfs/archive/e9296ffee9603711df1154e42282fe023030beac.jpg,174858,894,19:4:14,【王者荣耀】一万场的露娜有多可怕？1V9天秀四次五杀！对手喊开挂！,7932
14818460,BV1Qx411G7xB,3238,2569,1506423124,2017/9/26,853,29:27,1138,//i2.hdslb.com/bfs/archive/e663173dc2b58af941844138881244186be3d7af.jpg,173718,2302,18:52:4,【王者荣耀】大乔射手出装！ADC大乔1V9五杀20连杀！,7073
14785325,BV1kx411G7jv,3656,1304,1506321467,2017/9/25,615,23:03,956,//i2.hdslb.com/bfs/archive/dbdb5b9894ce5fe7a405a10713a0a801dd107ee3.jpg,112891,692,14:37:47,【王者荣耀】百分之99人没见过这种出装的阿珂，1V9极限四次五杀！,5718
14688132,BV13x411G7kx,2775,880,1506068971,2017/9/22,324,19:12,839,//i1.hdslb.com/bfs/archive/3346bfdbb6f14da725a7a2b019519036e422a2f3.jpg,145963,264,16:29:31,【王者荣耀】橘右京重做，大招改成这样！国服第一橘右京一刀万血4次五杀！,3122
14271662,BV1wx41147bR,3594,1149,1504866013,2017/9/8,722,18:26,514,//i0.hdslb.com/bfs/archive/fa0aa1e75b0586b3c6f5fc41c592a95d5acb1a30.jpg,151331,1065,18:20:13,【王者荣耀】李白又重做了？大招竟改成这样！国服第一李白1V9极限四次五杀！,5627
13356547,BV1Jx411H7JK,2327,1635,1502712425,2017/8/14,560,26:19,414,//i1.hdslb.com/bfs/archive/8f85aee7f236a6d4a7fce003427b8f6df45e90ce.jpg,191494,569,20:7:5,【王者荣耀】见过国服第一李白吗？1V9天秀这操作太吓人了！,8986
13075030,BV12x411p7Ff,3041,1608,1502107673,2017/8/7,1012,19:59,1247,//i1.hdslb.com/bfs/archive/d0ac7854684c13e28941fce5552ed8142660de75.jpg,426492,756,20:7:53,【王者荣耀】宫本重做！大招竟改成这样！一秒万血1V5五杀！,8299
12961341,BV1Fx411p79h,39014,8279,1501846880,2017/8/4,19003,20:05,14759,//i0.hdslb.com/bfs/archive/ccd2cb193343fb4f4ac11bd4d28e2edd213e0c9f.jpg,706269,34505,19:41:20,【王者荣耀】李白重做成射手了？队友故意送人头！国服第一李白1V9天秀五杀！,31444
12653139,BV17x411W74s,2029,1794,1501165355,2017/7/27,1542,12:46,2218,//i0.hdslb.com/bfs/archive/90391689e18018f61f817280eec4e99d22cf6ef4.jpg,485145,1675,22:22:35,【王者荣耀】见过国服第一鲁班七号吗？这操作太吓人了吧！神秘出装强行五杀！,5187
12617883,BV1Nx411W7k4,1523,1155,1501083140,2017/7/26,511,16:40,684,//i0.hdslb.com/bfs/archive/1b4e9c99dc6ac0e8976d6c4966f7196f66d62512.jpg,257142,570,23:32:20,【王者荣耀】国服第一铠居然用外挂？一刀1W血秒人冲泉水五杀！,6564
12472601,BV1Bx411i7JZ,3801,1745,1500732506,2017/7/22,2129,20:56,1254,//i0.hdslb.com/bfs/archive/4d6248c8c86f82488e67e3a0797788ed89c7f162.jpg,673179,1794,22:8:26,【王者荣耀】李白重做了？大招这么变态！国服第一李白1V9强行天秀9杀！,12297
12397759,BV1px411i7dM,953,1307,1500552855,2017/7/20,349,26:07,369,//i2.hdslb.com/bfs/archive/1898270259a4674fd3eda97f5bb1cd56c7e61fc1.jpg,172729,229,20:14:15,【王者荣耀】见过国服第一成吉思汗吗？1V9单挑爆炸五杀，操作太吓人了！（直播）,4371
12200515,BV1Px411B7Ug,2623,1501,1500041335,2017/7/14,597,18:21,196,//i2.hdslb.com/bfs/archive/831be6e5f99f94610bb5f5d5397c890665f113b6.jpg,194242,474,22:8:55,【王者荣耀】花木兰重做了？变成小公主了！国服第一花木兰天秀爆炸八杀！,6234
11513936,BV19x411h7PJ,7607,7826,1498059943,2017/6/21,1880,27:30,1044,//i1.hdslb.com/bfs/archive/845e58df0d42fa1a69704fd222e4151f6b2a2fde.jpg,157036,2299,23:45:43,【王者荣耀】戏中戏最后神反转！国服第一关羽遭队友疯狂送人头，嘲讽互喷三陷绝境！,19691
11371504,BV1ux411h7z3,3551,1016,1497606658,2017/6/16,575,24:59,220,//i0.hdslb.com/bfs/archive/0930261fa3005dc86677e3262407a2620e56a1e3.jpg,162336,324,17:50:58,【王者荣耀】3000法强的嬴政伤害有多恐怖？逆风血战大神车队,4994
11072512,BV1Mx411a7W8,19944,3085,1496585805,2017/6/4,6412,20:41,4009,//i2.hdslb.com/bfs/archive/f667d7bf987bca3e6008de016542e256c73b112b.jpg,411999,6139,22:16:45,【王者荣耀】职业选手遭遇收费演员挑衅，可惜你遇到了国服第一！惊心动魄全程无尿点！,14827
10969960,BV1Ex411e7JB,1532,558,1496221004,2017/5/31,702,19:17,261,//i1.hdslb.com/bfs/archive/540c86fe2c4bdfe432fc9c8b46d13c264e97fdb4.jpg,155130,651,16:56:44,【王者荣耀】国服第一貂蝉一打九遭遇一打五蔡文姬3次1v5极限秀，队友怎么都卖我（委屈）,5386
10757090,BV1px411Y7CV,817,359,1495463762,2017/5/22,435,17:05,170,//i0.hdslb.com/bfs/archive/48d6457bd6301425ca79f34cb597e692a50cf3c1.jpg,80901,164,22:36:2,【王者荣耀】宇宙第一没铭文貂蝉空血爆炸20杀极限秀4人,2039
10731090,BV1Rx411v7NJ,1875,508,1495369765,2017/5/21,390,15:08,606,//i2.hdslb.com/bfs/archive/1bc37312cd9bc9ec5e72121012db968ad6799de1.jpg,144337,167,20:29:25,【王者荣耀】国服第一墨子一炮五杀！太变态了！（青铜到王者大结局2）,1785
10673682,BV14x411v7E2,1718,513,1495199978,2017/5/19,261,21:59,192,//i1.hdslb.com/bfs/archive/9e084a6bca6d28d8cf622bb7aab0870a75e19422.jpg,75279,188,21:19:38,【王者荣耀】队友内讧要投降大逆风马可1V9五杀拯救世界爆炸精彩！,2638
10511212,BV1Bx411e7UB,765,298,1494603539,2017/5/12,263,17:30,169,//i2.hdslb.com/bfs/archive/144cd17800e5671298c96d1d8d0fd0560c86dc0d.jpg,53846,154,23:38:59,【王者荣耀】七进七出惹怒对手被追七条街仍不放弃的杨戬,1769
10483094,BV1dx411m7PV,511,402,1494506176,2017/5/11,308,07:02,152,//i0.hdslb.com/bfs/archive/1005ebfb991f01fe245fa81a690d042fcd450e41.jpg,81430,72,20:36:16,【王者荣耀】李白5分钟速推打法,858
10465747,BV1cx411U7Vg,1538,353,1494434345,2017/5/11,620,23:14,215,//i1.hdslb.com/bfs/archive/a143630bbd555fdfff8a9448fc9b6fbced232d2d.jpg,101662,491,0:39:5,【王者荣耀】被队友嫌弃的曹操1V9拯救世界,5253
10188659,BV1Kx411S7xp,2135,667,1493483321,2017/4/30,344,30:50,217,//i1.hdslb.com/bfs/archive/b3951c919baa9648416a9c0611a278bc6b14856f.jpg,43444,234,0:28:41,"【职业教练水一青铜到王者33】可歌可泣的败,来点弹幕演员",2528
9978096,BV1wx411U7Hf,2832,682,1492703227,2017/4/20,827,28:56,586,//i2.hdslb.com/bfs/archive/e232d9ba3b5e221d1c52b2bff93fe92255b97763.jpg,93899,592,23:47:7,【水一载客翻车记2】国服第一周瑜真的好强！当职业教练遭遇史上最脑残小学生！！,5454
9934118,BV1zx411D7Wo,924,384,1492522511,2017/4/18,1231,10:09,225,//i1.hdslb.com/bfs/archive/f935c7a11566bea5cb7babd1106689afc13a2f7a.jpg,78017,458,21:35:11,【职业教练水一青铜到王者28】国服第一露娜竟然这么玩...6分钟速推真是脏！,1442
9898127,BV1tx411D7cp,1751,232,1492369389,2017/4/17,504,41:15,268,//i0.hdslb.com/bfs/archive/d23453bd7124b35055bf1a4570dec0e60089414a.jpg,53849,265,3:3:9,【载客翻车日记1】换了20件神装！国服第一骚浪贱韩信VS暴力守塔队，紧张刺激的40分钟！,2260
9856113,BV1Nx411D7xn,1295,281,1492246032,2017/4/15,270,13:40,182,//i1.hdslb.com/bfs/archive/77e1b240ff0ddc796d8add0c855e5f5cdcc1f210.jpg,43936,94,16:47:12,【职业教练水一青铜到王者番外篇】只有我才是国服第一李白，精彩的1V9地狱绝杀,791
9837768,BV1Mx411D7x7,567,272,1492175583,2017/4/14,366,17:19,381,//i0.hdslb.com/bfs/archive/d8bc48a945e403bdaa59740931b878a67d3480dd.jpg,56435,112,21:13:3,【职业教练水一青铜到王者27】李白被五人狂追，空血极限反杀，太给力了！,1202
9797426,BV11x411S7UA,500,239,1492008127,2017/4/12,284,14:43,183,//i0.hdslb.com/bfs/archive/2b5cf91e41996cf32f98b13ef8004145bd19012a.jpg,41478,111,22:42:7,【酒神水一双排上荣耀5】太狂妄！这煞笔国服第一露娜没大也堵泉水杀！,990
9774912,BV1Dx411S7wX,600,200,1491914427,2017/4/11,279,17:54,189,//i0.hdslb.com/bfs/archive/278f86b3261c0afa128fa0f9bd2bd6802e512d87.jpg,38402,117,20:40:27,【大酒神水一双排上荣耀4】荣耀选手还是凶啊！不发育带队打架露娜整场激战！,1020
9733025,BV1Bx411S7u1,626,252,1491747308,2017/4/9,226,09:47,196,//i0.hdslb.com/bfs/archive/a67105ce9a9157079ff08ab0eeab9f4837e8ccba.jpg,38905,68,22:15:8,【水一青铜到王者26】震惊！某超气人职业队教练扮猪吃老虎欺负队友！你猜杨戬这次1V5了吗？,643
9730640,BV1xx411S7hy,827,264,1491741046,2017/4/9,441,09:48,198,//i2.hdslb.com/bfs/archive/3b443891a475b3ca0590d6af7eae5a154c909c83.jpg,55495,81,20:30:46,【职业教练水一青铜到王者25】神奇！韩信一人速推套路，五分钟速成包教会！爆炸1V9极限秀！,725
9676839,BV1cx411X7gG,788,267,1491570728,2017/4/7,428,15:41,262,//i2.hdslb.com/bfs/archive/2d710f6fcea5057166e3689adc2d6f6fa08b7e46.jpg,67773,121,21:12:8,【水一青铜到王者24】国服第二赵云1v9，一打五看呆了！,1087
9639218,BV1Sx411Q7vH,651,246,1491415640,2017/4/6,520,23:05,368,//i1.hdslb.com/bfs/archive/833e22fe06ca85f62f5868b7479c9ea8708382fa.jpg,97560,375,2:7:20,【职业教练水一青铜到王者23】暴力输出流蔡文姬笑的我肚子痛哈哈哈,1502
9582310,BV1ax411Q7eT,2526,331,1491222536,2017/4/3,997,30:02,647,//i1.hdslb.com/bfs/archive/850448371ec5cda351acde2033a3adc46db3090e.jpg,95961,397,20:28:56,【大酒神水一双排上荣耀3】内讧，投降，落后40人头，紧张到窒息的绝命翻盘！,2285
9531292,BV1Nx411Q7tH,1046,206,1491052319,2017/4/1,485,11:11,227,//i0.hdslb.com/bfs/archive/a1ea70c33a31df9d82b72be5096a66593a8c84b9.jpg,42664,221,21:11:59,【大酒神水一双排上荣耀】看完买英雄：诸葛亮无限大追到泉水精彩10连杀,792
9509843,BV1ux411Q7Wm,568,420,1490959664,2017/3/31,514,14:15,440,//i1.hdslb.com/bfs/archive/cd4d7fc7add9ae2ed8c45007d62a12d42baa8905.jpg,112694,173,19:27:44,【水一青铜到王者22】后羿追着五人跑！不要脸的一打五！,1696
9491781,BV19x411D7f1,655,161,1490878424,2017/3/30,357,14:39,293,//i2.hdslb.com/bfs/archive/f5258a3a1b80e291e483b9228d8f486ace4b577d.jpg,70970,84,20:53:44,水一【80连胜青铜到王者21】悲剧翻车孙悟空，干踏马的一打五！,1385
9473529,BV1Zx411D7Fg,3362,496,1490793831,2017/3/29,1817,13:55,421,//i0.hdslb.com/bfs/archive/af7219b389f8bc071f783f693406ae20396361f8.jpg,75517,1268,21:23:51,【大酒神水一双排上荣耀】国服第一露娜黄忠2v8！！月光无限连到极限！！爆炸精彩！！,2974
9449915,BV1Qx411D7DK,484,163,1490694490,2017/3/28,394,11:09,247,//i1.hdslb.com/bfs/archive/c012bdb7eedca78bbc7542a39cdf5b1e709663fa.jpg,32086,99,17:48:10,水一【80连胜青铜到王者20】大写的服！国服第二杨戬5分钟套路推翻对手！你想学吗？,1819
9437305,BV1Ux411D7TZ,624,266,1490631060,2017/3/28,758,14:45,321,//i0.hdslb.com/bfs/archive/8c1ea2fac35f0a7f3d119e11f7a917b2e3cdc4f5.jpg,70286,254,0:11:0,水一【80连胜青铜到王者19】来自地狱的五杀！国服第二孙尚香极限反杀5人！,1490
9420579,BV1qx411k7Sj,503,407,1490557436,2017/3/27,1191,47:19,1370,//i2.hdslb.com/bfs/archive/ce30c8641f32858700d1c3d3036d659a3002b602.jpg,143667,552,3:43:56,震惊！KPL居然请老年色情解说去解说！（辣眼出镜）,4058
9367396,BV13x411k75L,402,174,1490370843,2017/3/24,324,13:23,253,//i0.hdslb.com/bfs/archive/d605c00cfff088dd68240106d1efe04c00ea131e.jpg,56613,130,23:54:3,水一【80连胜青铜到王者18】夭寿啦！变态黄忠1V9绝世十杀！（全队90%伤害）,1129
9345650,BV1Lx411k7Kf,239,130,1490275622,2017/3/23,214,15:01,203,//i1.hdslb.com/bfs/archive/38b7b556511cba18e8090fcbbad92ab39a142900.jpg,33972,41,21:27:2,水一【80连胜从零上王者17】见过这么变态的成吉思汗吗？,695
9338851,BV1wx411k76v,303,123,1490253592,2017/3/23,270,19:41,244,//i1.hdslb.com/bfs/archive/6e78c31f5e7e80609d2a2d0012194aaed32d6dec.jpg,47556,45,15:19:52,水一【80连胜青铜到王者16】冷血杀手姜子牙1打5告别战！,968
9338348,BV1wx411k7hy,293,141,1490251690,2017/3/23,302,09:30,276,//i2.hdslb.com/bfs/archive/6f7e7d421b770fc595c0fc6beb25ebed54806f08.jpg,50511,52,14:48:10,水一【80连胜青铜到王者15】中单钟馗一钩一人头！5分钟你就能学会2333,564
9326496,BV1fx411r7wX,376,146,1490188096,2017/3/22,343,14:45,235,//i0.hdslb.com/bfs/archive/e09abebf82af246badcbe75508e5e75d824ed214.jpg,66256,107,21:8:16,水一【荣耀王者局】花木兰无解连招一秒6个技能秀死空气,870
9307470,BV1Px411k7p7,392,142,1490096805,2017/3/21,342,10:07,301,//i2.hdslb.com/bfs/archive/ad6454b1f0196a5e0fb93741a6319a0f21d3638d.jpg,50646,67,19:46:45,水一【80连胜青铜到王者14】超超超变态李白，无情1V9打哭对手和队友！,628
9306324,BV1Px411k7eV,337,87,1490093865,2017/3/21,276,13:59,216,//i2.hdslb.com/bfs/archive/f8e341d0c8e609ec7a09926f85d9ab4f72016d8c.jpg,27326,37,18:57:45,水一【80连胜青铜到王者13】这个舞的操作我服，一秒三技能三人头,736
9289352,BV1ox411r7yu,448,241,1490016620,2017/3/20,321,13:49,277,//i0.hdslb.com/bfs/archive/35811899e819f246cc0abce550e10572eeaf7824.jpg,53391,88,21:30:20,水一【80连胜青铜到王者12】什么叫极限！被对面五人追杀的不知火舞含泪反杀！（附新英雄八神庵）,1068
9274600,BV19x411r7aV,348,142,1489944026,2017/3/20,219,13:18,221,//i1.hdslb.com/bfs/archive/5de25d61261c71939e396b19854ca0ed1f78469a.jpg,43785,88,1:20:26,水一【荣耀王者局】这百分百出暴击的bug你看的懂吗？哭泣的兰陵王,799
9242704,BV1Cx411r7hT,493,188,1489838910,2017/3/18,286,19:32,268,//i2.hdslb.com/bfs/archive/88bc970797bca9dc3a94c5c58e02181b0f12aff6.jpg,45308,86,20:8:30,水一【80连胜青铜到王者11】孤胆翻车刘备，双泣血刀单挑高地塔！,1843
9224697,BV1bx411r7Yv,409,117,1489766082,2017/3/17,226,12:26,187,//i0.hdslb.com/bfs/archive/02a7a326587d5570d54e350e4398bde869a16a58.jpg,27709,102,23:54:42,水一【荣耀王者局】超精彩杨戬极限反杀秀，赢了就到全区第一了！,791
9221862,BV1qx411r7Qu,307,161,1489757502,2017/3/17,267,12:44,239,//i1.hdslb.com/bfs/archive/d312f742793025f3b2123aae9ac007560a8a84c6.jpg,36524,54,21:31:42,水一【80连胜青铜到王者10】刺客排行榜第一，未尽全力对手就倒了,655
9205860,BV1Hx411r7St,460,227,1489687713,2017/3/17,446,18:29,310,//i0.hdslb.com/bfs/archive/e850932862df16fb9a3c830a0a82139ff531d0b3.jpg,62208,83,2:8:33,水一【80连胜青铜到王者9】周瑜还能这么玩！？队友挂机变态出装绝地大翻盘！,1130
9178767,BV1px411r7Qs,1901,434,1489565495,2017/3/15,563,19:13,432,//i1.hdslb.com/bfs/archive/1c27c81cfb64c11535521746e05e0ced03e559f9.jpg,67063,179,16:11:35,【水一荣耀王者100星局】逆风激战大翻盘（之up说点儿心里话特别篇）,2990
9149589,BV1dx411C7wv,80,76,1489415318,2017/3/13,50,26:55,89,//i0.hdslb.com/bfs/archive/3efd447d84f6e93f2d2e2b08c6944fa2705cbdeb.jpg,9479,20,22:28:38,【水一炉石排位记】大结局上：绝命战士1级渡劫,103
9143185,BV1Rx411C7ZK,535,272,1489395826,2017/3/13,696,14:23,297,//i1.hdslb.com/bfs/archive/aea9de6c7a49d0918b0161c1c15753fa3fa5e091.jpg,71282,186,17:3:46,水一【80连胜青铜到王者7】韩信国服第一变态，1V9逆天五杀！不好看你打我！,1047
9129552,BV1zx411C7pW,336,205,1489324534,2017/3/12,401,27:31,283,//i2.hdslb.com/bfs/archive/ca2db3e40de393395249784ceb331d127edf6d66.jpg,54231,62,21:15:34,水一【80连胜青铜到王者6】超激烈！王者局70星的奶爸赵云和流泪的无奈孔明,994
9106124,BV1ex411C7gL,62,40,1489249218,2017/3/12,35,27:18,54,//i0.hdslb.com/bfs/archive/50962cbee665da1287892442adeabeee53c0c9de.jpg,3482,7,0:20:18,【水一炉石排位记】脸黑帝水一亲自试验此萨满不看脸,51
9097707,BV1hx411C76w,412,313,1489231106,2017/3/11,581,14:55,417,//i0.hdslb.com/bfs/archive/288b04e7250abd0e65a8b5b3a201209b433b4683.jpg,76012,212,19:18:26,水一【80连胜青铜到王者5】用脑打游戏，线野人头三收妲己变态发育1v5完美五杀,938
9080862,BV1ix411C786,245,112,1489154102,2017/3/10,335,12:15,293,//i2.hdslb.com/bfs/archive/e1698f61688c763d27cfe64c1f3dbb43b747a2f2.jpg,35981,64,21:55:2,水一【80连胜从零上王者4】王者必备套路：打野诸葛亮逆天发育轻松1V5,623
9079373,BV1ex411C7U1,128,32,1489151115,2017/3/10,35,16:39,65,//i0.hdslb.com/bfs/archive/473d9d5d22a9039b4d3447e3e878a7e606d33419.jpg,3827,14,21:5:15,【水一炉石排位记】这术士胜率真踏马高啊！,33
9076287,BV1px411C7eQ,267,207,1489141826,2017/3/10,385,11:47,331,//i0.hdslb.com/bfs/archive/3cc152d5602a8f43f93e11be8ec778e072f87484.jpg,48323,73,18:30:26,水一【80连胜青铜到王者3】一打五！赵云这套装备丝血极限反杀四人,683
9061213,BV1Jx411C7X1,262,128,1489066973,2017/3/9,319,08:55,391,//i0.hdslb.com/bfs/archive/3ed9b6a2f8602f6262d6dccc677fe7ffab02b39b.jpg,45032,42,21:42:53,水一【80连胜青铜到王者2】一枪一人头的韩信是怎么做到的,792
9059539,BV1tx411C7VC,45,24,1489060781,2017/3/9,32,40:38,56,//i1.hdslb.com/bfs/archive/64ca942f5ae8013d100a17e0626c06e3b1fea390.jpg,3628,10,19:59:41,【水一炉石排位记】可怕！在3级竟然有人玩这样的术士！,25
9046080,BV1Wx411C7dA,941,759,1488988354,2017/3/8,1805,11:40,1372,//i2.hdslb.com/bfs/archive/6a6ca0536d86173bcef6bf6798465b3c42a9f5c8.jpg,178104,354,23:52:34,水一【80连胜从零上王者】露娜月光无限连，一打五真五杀,2425
9041613,BV1Vx411C7pz,33,19,1488971665,2017/3/8,29,12:55,46,//i0.hdslb.com/bfs/archive/d63c682b4792975e2e2cdd5e935c434618f84c39.jpg,1777,20,19:14:25,【水一炉石排位记】中毒的4级到3级渡劫战,19
9024133,BV1Ex411C7vw,51,25,1488884725,2017/3/7,30,32:53,41,//i0.hdslb.com/bfs/archive/7744a76c19bdb0f355327d6074498862553f8464.jpg,2070,8,19:5:25,【水一炉石排位记】感天动地的一次大翻盘,38
9008474,BV1Ax411C7iT,51,19,1488802724,2017/3/6,29,26:53,48,//i2.hdslb.com/bfs/archive/51fd927f440e920161f88a76bd277ecec09e96cf.jpg,2520,12,20:18:44,【水一炉石排位记】震惊！这个德鲁伊感动了全国！,36
8974277,BV1Qx411k7un,30,20,1488660453,2017/3/5,30,33:10,36,//i2.hdslb.com/bfs/archive/adc4b42bac16684529ed91cb22646a474622f3e1.jpg,1296,5,4:47:33,【水一炉石排位记】肥猪萨满5级-4级直通车,51
8949198,BV19x411k7xi,285,131,1488563212,2017/3/4,193,15:08,219,//i2.hdslb.com/bfs/archive/b52fb6de72928b76d3622e2b659c648849794fb5.jpg,35136,69,1:46:52,【水一王者荣耀】80星王者局：血崩开局队友吵架，杨戬大秀空血反杀翻盘,884
8937346,BV16x411k7G2,71,21,1488525075,2017/3/3,39,24:20,43,//i2.hdslb.com/bfs/archive/252eb0cac04c06bf51bcc1cf2ab5dabe3512657d.jpg,4553,15,15:11:15,【水一炉石排位记】天梯第一的萨满居然带了只野猪？！,61
8887687,BV1jx41117wZ,201,84,1488271849,2017/2/28,171,15:58,181,//i1.hdslb.com/bfs/archive/f1ae52dcccbc1dc52ec084e17bfc7daf89d77341.jpg,20289,78,16:50:49,【水一王者荣耀】最强杨戬：70星王者局1V5爆炸抢龙,433
8876645,BV1Px41117XS,34,13,1488207780,2017/2/27,30,29:54,40,//i2.hdslb.com/bfs/archive/4b40223bf167ac927525d88ddf0953cb3bdfaad5.jpg,1443,4,23:3:0,【水一炉石排位记】负能量打飞机生人勿进战士,34
8846748,BV19x411y7Tx,179,91,1488093829,2017/2/26,174,28:04,216,//i2.hdslb.com/bfs/archive/bf5fa1a5b926d41b1bf60f34702ca9099b5c92dc.jpg,16029,39,15:23:49,【水一王者荣耀】30连胜上王者之李白最强的打野套路,543
8814404,BV1Cx411y7YU,66,32,1487960679,2017/2/25,38,35:04,53,//i0.hdslb.com/bfs/archive/ff15fc94df2c8fb17edb8609ad3977de0b06e4c1.jpg,4274,10,2:24:39,【水一炉石排位记】最后一秒都不能错过的精彩奇迹贼视频,96
8749612,BV1vx411y79a,44,27,1487673416,2017/2/21,29,32:03,40,//i1.hdslb.com/bfs/archive/83b7337c30414aef163fcab344d3a7eafd1e70ae.jpg,2068,15,18:36:56,【水一炉石排位记】这么强的奇迹贼你一定没见过,39
8717461,BV1sx411y7zg,64,36,1487515012,2017/2/19,34,29:31,48,//i2.hdslb.com/bfs/archive/cdbcb9e95fd8255b15a9de690946c51a7888df9d.jpg,2222,10,22:36:52,【水一炉石排位记】教你撩妹的奇迹贼,28
8695657,BV17x411y7FK,146,63,1487441783,2017/2/19,171,15:08,162,//i1.hdslb.com/bfs/archive/153a877b7bbebd637c9f75b226679c8599b9b469.jpg,12082,33,2:16:23,【水一王者荣耀】最科学出装双四杀五杀荆轲激情一打五,413
8675912,BV1Ax411y7G6,46,13,1487348227,2017/2/18,27,30:31,39,//i1.hdslb.com/bfs/archive/3956eef8445b8ce9817aee034072e747d431b496.jpg,1306,8,0:17:7,【水一炉石排位记】上上下下的快感法师萨满,32
8650211,BV1ex41127hS,34,23,1487237292,2017/2/16,26,21:29,37,//i2.hdslb.com/bfs/archive/a1f04d9b71add3454fe8124c9459b3cf4aa8d74c.jpg,904,3,17:28:12,【水一炉石排位记】之前漏发的投影战士,11
8638443,BV1hx41127cz,193,90,1487172445,2017/2/15,203,22:25,207,//i0.hdslb.com/bfs/archive/8738b2fc713fc1dae18846bc45d315e7dca02e7f.jpg,22961,41,23:27:25,【水一王者荣耀】孙尚香速成型出装拯救猪队友,574
8635910,BV1hx41127ia,33,10,1487164388,2017/2/15,26,22:15,31,//i2.hdslb.com/bfs/archive/414af3d42867ab47a5f4bce86523ba80c9992762.jpg,1093,6,21:13:8,【水一炉石排位记】进退自如萨,15
8599470,BV18x41127xa,177,79,1487002002,2017/2/14,148,13:11,228,//i1.hdslb.com/bfs/archive/43e6ab0ca84ad53bf3092650ee1d28be30d8bdbd.jpg,13428,19,0:6:42,【水一王者荣耀】纯暴力输出流荆轲双4杀翻盘,449
8598760,BV18x411273u,37,23,1486999266,2017/2/13,32,23:46,42,//i0.hdslb.com/bfs/archive/77cb6d52985abc554896d2f6dcbc179cebcf52a9.jpg,1016,10,23:21:6,【水一炉石排位记】进退两难萨,14
8576688,BV13x41127ro,75,22,1486904147,2017/2/12,32,23:56,45,//i1.hdslb.com/bfs/archive/fe77e12e62021796563ad97af4dabbb6bd5705ff.jpg,2090,7,20:55:47,【水一炉石排位记】打毒瘤萨率百分百的骑士,51
8560329,BV1jx41127a9,154,83,1486829582,2017/2/12,165,25:12,267,//i0.hdslb.com/bfs/archive/11204d0f2c8c12134e49bf8328da6ff96cf607c4.jpg,21770,41,0:13:2,【水一王者荣耀】娜可露露的1V9，变态肉装秒人流,561
8559228,BV1jx411279T,54,18,1486826255,2017/2/11,31,22:35,49,//i2.hdslb.com/bfs/archive/cc0f829d35dc27a7dd060d2ba4d3fc124449af30.jpg,1332,3,23:17:35,【水一炉石排位记】随便骑,24
8506918,BV1Dx41117wR,149,129,1486635532,2017/2/9,136,31:32,222,//i0.hdslb.com/bfs/archive/b40e4efa018b937c513b61070665892614e834a1.jpg,20771,15,18:18:52,【水一王者荣耀】黄忠九件神装1V9能否逆天,596
8505296,BV1Dx41117zt,33,12,1486631658,2017/2/9,35,18:39,46,//i1.hdslb.com/bfs/archive/2ef672ade8b98c9dc754abd2a33113c5c28cc6bc.jpg,1618,13,17:14:18,【水一炉石排位记】无情快攻蛋蛋德第二集,40
8470711,BV1rx41117cv,40,16,1486484351,2017/2/8,37,27:36,42,//i1.hdslb.com/bfs/archive/b733f578f4df6ff82b56e1beddd302f706f0d6a7.jpg,1579,9,0:19:11,【水一炉石排位记】符文蛋龙蛋傻蛋德第一集,31
8450357,BV1vx41117AM,52,18,1486406006,2017/2/7,33,34:42,49,//i2.hdslb.com/bfs/archive/d2126b9d4d00c807f7efba14ab416d867801fde8.jpg,1923,3,2:33:26,【水一炉石讲武堂】双服登顶法吃屏幕大战,75
8450318,BV1vx41117wk,217,87,1486405596,2017/2/7,148,16:18,241,//i1.hdslb.com/bfs/archive/55c20b303bcf7f6c1e51e9f009279102b9257c22.jpg,20854,27,2:26:36,【水一王者荣耀】马克波罗秀翻全场王者局渡劫,417
8425356,BV1vx41117tc,177,89,1486307243,2017/2/5,148,12:42,289,//i2.hdslb.com/bfs/archive/1dbd52c35fab3395967fa96f2d3c14cd04e221a0.jpg,19631,20,23:7:23,【水一王者荣耀】钻石上王者，这种打法马可波罗见过吗？,685
8398308,BV1tx41117iH,58,19,1486206032,2017/2/4,36,40:03,51,//i1.hdslb.com/bfs/archive/fd0403ec79b55e43697142139a9485b4ff93ca5a.jpg,1588,4,19:0:32,【水一炉石讲武堂】螺丝三炮有点疼,57
8352965,BV1hs41187Hb,215,84,1486022252,2017/2/2,156,15:27,263,//i0.hdslb.com/bfs/archive/4290acd63a26a3859d8b5ab1d2cb2ed8855b41fd.jpg,16199,24,15:57:32,【水一王者荣耀】24连胜之钻一诸葛亮华丽表演,514
8319362,BV1Hs41187ci,358,351,1485862316,2017/1/31,290,17:54,670,//i0.hdslb.com/bfs/archive/2303e106e1e11fffe4d78146d19064aaa9320860.jpg,45984,68,19:31:56,【水一王者荣耀】诸葛亮爆输出打法25连胜上王者,1708
8306386,BV1xs41187wu,55,24,1485788924,2017/1/30,39,42:54,44,//i2.hdslb.com/bfs/archive/80a3d784bd5211c4f1797ef91b7a887acb072555.jpg,1974,10,23:8:44,【水一炉石讲武堂】有本事神抽打死我！（高分排名局）,79
8287068,BV13s411874L,41,8,1485693081,2017/1/29,30,41:54,44,//i0.hdslb.com/bfs/archive/5bfe08239b7acd6961d21710ce719113f47655f8.jpg,1015,13,20:31:21,【水一炉石讲武堂】贼德有趣的排名战,17
8256484,BV1cs41187Py,35,16,1485521816,2017/1/27,41,37:40,46,//i0.hdslb.com/bfs/archive/5d328a5a962da48d64be739eb07921d8e794be96.jpg,1355,14,20:56:56,【水一炉石讲武堂】锦鲤好运萨,32
8237794,BV1Ks41187bc,39,15,1485434266,2017/1/26,35,34:05,44,//i0.hdslb.com/bfs/archive/d9a3aba8fda79baf88a5f6ecc1456c7e5b803af5.jpg,1303,1,20:37:46,【水一炉石讲武堂】鱼骑满满的套路,28
8200519,BV1Rs411b7tC,34,19,1485267374,2017/1/24,33,29:31,39,//i0.hdslb.com/bfs/archive/756c6e11db45133681ddccaa5cf09fdf0d81299b.jpg,1419,2,22:16:14,【水一炉石讲武堂】流氓骑,21
8196069,BV1Qs411b75C,53,40,1485254843,2017/1/24,58,17:51,79,//i2.hdslb.com/bfs/archive/9ab80dfb80a5eec49a293973021787ad950773b4.jpg,2788,14,18:47:23,【水一Minecraft】和沐沐君的生活大冒险，怪我都不杀我就杀你P4,98
8174317,BV11s411b7pC,27,16,1485162099,2017/1/23,54,16:05,57,//i1.hdslb.com/bfs/archive/b470c32318b829de391f1bac1a9431c59f61311f.jpg,1643,4,17:1:39,【水一Minecraft】和沐沐君的生活大冒险P3,36
8158971,BV18s411b7t5,32,28,1485087593,2017/1/22,55,16:04,77,//i2.hdslb.com/bfs/archive/6f76ab038d64e9cd2bdb6f3bd998c5dff661904c.jpg,3450,13,20:19:53,【水一Minecraft】和沐沐君的生活大冒险P2,83
8134127,BV1as411b7Ss,28,15,1484983133,2017/1/21,35,38:16,45,//i2.hdslb.com/bfs/archive/8b3e974c818395fba6622ac9048a36f8b709c087.jpg,1319,3,15:18:53,【水一炉石讲武堂】克苏恩看AV的故事,33
8127167,BV1as411b7qF,33,10,1484937939,2017/1/21,34,32:14,46,//i2.hdslb.com/bfs/archive/7d4955503ca1504edb40f06c2fde26051d6693e5.jpg,771,4,2:45:39,【水一炉石讲武堂】三大哥劝退贼,16
8120664,BV1Fs411a7qA,55,54,1484913598,2017/1/20,83,25:04,102,//i2.hdslb.com/bfs/archive/299895c0c3ee4a923cd6e8ac71e26fe4b2482ac0.jpg,4829,13,19:59:58,【水一Minecraft】和沐沐君的生活大冒险,152
8106711,BV1Ts411a7nS,30,18,1484846797,2017/1/20,31,34:47,43,//i0.hdslb.com/bfs/archive/8f84cb8f95f88446ff7eb7da6820914317ddf9eb.jpg,1030,5,1:26:37,【水一炉石讲武堂】这个萨满有点无耻,24
8105405,BV1Ns411a7gp,41,20,1484840830,2017/1/19,41,25:28,54,//i1.hdslb.com/bfs/archive/d5d068372e78b33f372293eb71a6c5da95597baf.jpg,1742,14,23:47:10,【水一Minecraft】多模组空岛生存整合包因果EP4,17
8086978,BV1Ds411h7MR,25,14,1484757174,2017/1/19,42,27:08,49,//i2.hdslb.com/bfs/archive/d96e4f31a326ae79fc4f01589a4120495f137be6.jpg,1989,4,0:32:54,【水一Minecraft】多模组空岛生存整合包因果EP3,19
8086812,BV1Ds411h73R,38,9,1484756584,2017/1/19,30,33:05,40,//i0.hdslb.com/bfs/archive/10e9361881521a81a1fb6912b9eceac0d9895614.jpg,855,3,0:23:4,【水一炉石讲武堂】打奇迹贼的红宝书,24
8061969,BV1Xs411h7Ym,26,20,1484652268,2017/1/17,40,25:03,48,//i2.hdslb.com/bfs/archive/767ffa9ce82ea8c20331f8c76b27acd21662a73b.jpg,1776,13,19:24:28,【水一Minecraft】多模组空岛生存整合包因果EP2,22
8061686,BV1Xs411h7Ze,54,15,1484651309,2017/1/17,37,30:41,40,//i0.hdslb.com/bfs/archive/68624fa2774eea1c2d6d2a01d530cb0ecda54cce.jpg,1950,5,19:8:29,【水一炉石讲武堂】教父德,26
8046171,BV1Bs411h7P9,46,16,1484571244,2017/1/16,35,29:56,41,//i1.hdslb.com/bfs/archive/61e5b417354a59bc3c091bea1f505662a9b48159.jpg,774,5,20:54:4,【水一炉石讲武堂】欲与毒瘤试比高,8
8026961,BV1hs411h71C,41,24,1484481015,2017/1/15,46,23:32,73,//i0.hdslb.com/bfs/archive/e261570b60ac04f205d97a3bd927960cd39d7773.jpg,2725,12,19:50:15,【水一Minecraft】多模组空岛生存整合包因果EP1,51
8019621,BV1ts411h7oG,36,16,1484455768,2017/1/15,36,35:36,42,//i0.hdslb.com/bfs/archive/124276dabc52701d21539d2084011f536b89bc52.jpg,755,2,12:49:28,【水一炉石讲武堂】德鲁伊血战奇迹贼,21
7985321,BV1Es411h7nQ,36,14,1484287607,2017/1/13,38,30:56,42,//i1.hdslb.com/bfs/archive/4643c7fd658a51a4121bc68174adb9f3f79d55e6.jpg,756,12,14:6:47,【水一炉石提高班】国服倒数第一德鲁伊回来了,21
7958476,BV1us411h7Ca,39,11,1484132488,2017/1/11,34,38:24,46,//i1.hdslb.com/bfs/archive/981cb258765de6f4bd467f6fff0f238f5cc27920.jpg,998,15,19:1:28,【水一炉石提高班】当你脸黑时你会想起谁,17
7942730,BV1js411h7r7,35,17,1484043309,2017/1/10,46,20:59,48,//i0.hdslb.com/bfs/archive/cdcaf31f5c15abdb2296eb15bd172892730821d9.jpg,1401,14,18:15:9,【水一Minecraft】扔了一架飞机收获了一群小猫P20,27
7897677,BV1As411h77Y,37,11,1483792036,2017/1/7,37,30:46,40,//i2.hdslb.com/bfs/archive/57d472494fed45dbe62b4f4b6343accd9904d800.jpg,1210,4,20:27:16,【水一炉石讲武堂】不信命的宇宙骑,14
7880124,BV1ds41187GL,40,14,1483701124,2017/1/6,48,21:33,47,//i0.hdslb.com/bfs/archive/19fd6a9d62427e213aaeedf2e78371ab26db5f66.jpg,1271,11,19:12:4,【水一Minecraft】疯狂产生幻觉，发现新品种蜘蛛P19,32
7879098,BV1ds411878U,41,6,1483696952,2017/1/6,32,28:30,43,//i1.hdslb.com/bfs/archive/866b0c96eb739f627e396331a407306a4978126a.jpg,925,3,18:2:32,【水一炉石讲武堂】抓海盗的法师,10
7852517,BV1Js411Y7Rj,28,10,1483530932,2017/1/4,46,25:07,44,//i1.hdslb.com/bfs/archive/c4001effcbc773babffb3a23e61bb72aa5f17ee0.jpg,1108,11,19:55:32,【水一Minecraft】军区激战僵尸群，中毒游戏崩坏P18,22
7849202,BV1Es411Y7EV,45,27,1483517175,2017/1/4,36,30:52,52,//i0.hdslb.com/bfs/archive/8fe1eb292e025b09bcc7be83e30cffe3efbdb9b3.jpg,1548,12,16:6:15,【水一炉石提高班】被嫌弃的奇迹贼的一生,36
7838206,BV1ss411Y7gc,32,8,1483443087,2017/1/3,43,21:49,45,//i2.hdslb.com/bfs/archive/a9de548a37578c28c8a3ad9755e4c2bcfc3d94a7.jpg,787,9,19:31:27,【水一Minecraft】分类存储，请叫我整理达人~P17,12
7823445,BV13s411Y7J9,44,40,1483355212,2017/1/2,51,23:11,50,//i2.hdslb.com/bfs/archive/33e13533f3734168d965233a4ea787becb991f70.jpg,2319,9,19:6:52,【水一Minecraft】变身矿工水一，修建小仓库P16,68
7822037,BV1us411Y7qv,51,13,1483349975,2017/1/2,38,28:15,51,//i0.hdslb.com/bfs/archive/72a9e3de5e39f384813be83ed941b19721aa26c0.jpg,950,7,17:39:35,【水一炉石讲武堂】300盘奶牛术,64
7804743,BV15s411Y7Rv,41,10,1483267865,2017/1/1,46,18:47,51,//i0.hdslb.com/bfs/archive/a211334b4151d0e1c24059233ab52c031c633017.jpg,1021,5,18:51:5,【水一Minecraft】新一季的生存，第一条命没的莫名其妙！P15,26
7783243,BV1fs411a7pZ,36,12,1483177814,2016/12/31,39,31:33,43,//i0.hdslb.com/bfs/archive/f5df9c7c3e5bab065b00b27dd4dfa30cd7fc4d44.jpg,3405,12,17:50:14,【水一炉石提高班】新年特别篇不负约的龙牧,23
7766638,BV1Ps411Y736,35,13,1483095754,2016/12/30,39,12:02,47,//i1.hdslb.com/bfs/archive/28db5a442e8e0285b1b543ce584348de961e777e.jpg,2308,10,19:2:34,【水一炉石提高班】宇宙龙牧（上）,4
7761155,BV1Ds411a7wr,36,11,1483074493,2016/12/30,48,18:49,54,//i0.hdslb.com/bfs/archive/85cf0a443fc61775583beec35db3d865f43b3535.jpg,3457,5,13:8:13,【水一Minecraft】多了一条命还是挽救不了我，游戏结束P14,33
7737234,BV1Xs411a7v7,45,15,1482918877,2016/12/28,49,18:55,44,//i1.hdslb.com/bfs/archive/eb36a2225985da441acd66b906bbb097079768ea.jpg,4272,5,17:54:37,【水一Minecraft】开始产生幻觉了，然而我还有最后一条命P13,33
7726054,BV1rs411a7ED,42,12,1482843026,2016/12/27,44,37:11,52,//i2.hdslb.com/bfs/archive/71d3704bfbf3e44e2eb359f8cea4db9886f908ed.jpg,3812,7,20:50:26,【水一炉石讲武堂】白眼大侠萨,19
7710166,BV11s411a7Cc,45,15,1482749861,2016/12/26,51,17:34,53,//i1.hdslb.com/bfs/archive/b4887a082ccbfa458590e4b46e2070c3791599e4.jpg,3404,6,18:57:41,【水一Minecraft】剩两条命和僵尸斗智斗勇P12,13
7709107,BV12s411a7A5,44,10,1482746064,2016/12/26,42,30:13,46,//i1.hdslb.com/bfs/archive/10bd6aec9fc885ba6f6300711d6c6f5f465b3a05.jpg,3548,4,17:54:24,【水一炉石讲武堂】心火牧,25
7695367,BV18s411a7bs,54,12,1482661218,2016/12/25,43,29:09,53,//i1.hdslb.com/bfs/archive/8e0e12fceb7c09a95447ebccebd4c41a15575d5a.jpg,6013,4,18:20:18,【水一炉石提高班】王者青玉德,21
7693107,BV1hs411a7qS,51,11,1482653923,2016/12/25,53,18:33,57,//i2.hdslb.com/bfs/archive/cc5bc07e9fb898d178b5da01395e105707c150a7.jpg,3114,9,16:18:43,【水一Minecraft】被疯狂僵尸怼在家里杀！P11,42
7675921,BV1is411a7LY,40,11,1482575338,2016/12/24,41,29:35,48,//i2.hdslb.com/bfs/archive/040dc1ad3800cafa4d02248fe67b25b6f8d990df.jpg,3416,7,18:28:58,【水一炉石提高班】情欲萨海盗聋战士！,10
7649426,BV14s411a7N6,55,19,1482421814,2016/12/22,47,19:48,56,//i0.hdslb.com/bfs/archive/bfb61f0b3aabb8d41895317a3b83e5b437b64253.jpg,3564,11,23:50:14,【水一Minecraft】恐怖生存怎么大地震了！P10,20
7628685,BV1gs411a7mC,46,17,1482308372,2016/12/21,49,22:58,60,//i1.hdslb.com/bfs/archive/6b6cd46ea7dc8906cd6f089cd26ab6c53e264ec9.jpg,3588,11,16:19:32,【水一Minecraft】恐怖生存僵尸入侵了！P9,23
7608627,BV15s411a7wq,57,22,1482171814,2016/12/20,50,21:54,54,//i1.hdslb.com/bfs/archive/9b97f115445796cfdc71f12e86ef020ed3bd4b22.jpg,3656,2,2:23:34,【水一Minecraft】我的世界恐怖生存日记P8,40
7604628,BV1Gs411a72H,60,17,1482152712,2016/12/19,39,27:57,49,//i0.hdslb.com/bfs/archive/6b0022d7a548479ee8d142515b69f95f024307b3.jpg,3464,0,21:5:12,【水一炉石讲武堂】打炮法师出击！P3,34
7572049,BV1Cs411e7fj,61,14,1481979785,2016/12/17,40,32:08,49,//i1.hdslb.com/bfs/archive/a3694d6ae45bf9642e4e08d1b5c95ed408ddce44.jpg,3229,6,21:3:5,【水一炉石讲武堂】天空上尉贼出击！P2,33
7572037,BV1Cs411e7fq,56,16,1481979737,2016/12/17,47,22:38,58,//i0.hdslb.com/bfs/archive/cf63e86cbb35b78a1f8311d5e134867199737bbf.jpg,4087,5,21:2:17,【水一我的世界Minecraft】热力膨胀幸存者第二季第一集,54
7554632,BV1bs411e76B,1992,496,1481891710,2016/12/16,857,65:18,500,//i1.hdslb.com/bfs/archive/ce9f21759930b9c65171efe82def602798517d92.jpg,49068,280,20:35:10,【水一dota高分局】影魔：队友拿了我跳刀然后无限送,2324
7540158,BV1Ys411e7Di,102,26,1481802834,2016/12/15,50,24:46,67,//i2.hdslb.com/bfs/archive/f0617a99751ea31e5e834a02c3d94b4c90a87a17.jpg,5655,9,19:53:54,【水一炉石讲武堂】巨人暗影牧出击！P1,61
7538445,BV1es411e7Br,91,25,1481795434,2016/12/15,59,28:00,102,//i0.hdslb.com/bfs/archive/b367d9edcb4021696868dec3877e8dddcca39455.jpg,7794,4,17:50:34,【水一我的世界Minecraft】超恐怖生存：幸存者第六集,182
7526552,BV1Js411e76x,77,15,1481715907,2016/12/14,55,26:16,72,//i2.hdslb.com/bfs/archive/2d79e1e2d9d91c51e4ad8a247c5a4c056448707b.jpg,5133,15,19:45:7,【水一我的世界Minecraft】超恐怖生存：幸存者第五集,146
7514036,BV14s411e7E3,88,21,1481631903,2016/12/13,49,37:11,66,//i0.hdslb.com/bfs/archive/a7b01defacc8690b9b35dc784ca2fa26954757fe.jpg,5799,3,20:25:3,【水一炉石提高班】血崩龙牧的绝地翻盘秀,39
7512278,BV14s411e7nR,81,15,1481623757,2016/12/13,61,18:39,74,//i1.hdslb.com/bfs/archive/9b97f115445796cfdc71f12e86ef020ed3bd4b22.jpg,4530,6,18:9:17,【水一我的世界Minecraft】超恐怖生存：幸存者第四集,121
7503694,BV1Gs411e7Ek,77,16,1481555461,2016/12/12,56,25:16,78,//i1.hdslb.com/bfs/archive/f3f5c8e7ebb8ca6a82c509b70fec5918087e6a43.jpg,3639,1,23:11:1,【水一我的世界Minecraft】超恐怖生存：幸存者第三集,193
7491815,BV1gs411e7az,84,23,1481475601,2016/12/12,65,22:46,106,//i1.hdslb.com/bfs/archive/259d65fa1e4b3fa957a1baac1a614fdb9ebc2b2c.jpg,4833,13,1:0:1,【水一我的世界Minecraft】超恐怖生存：幸存者第二集,243
7490271,BV1Ms411e7Dv,97,21,1481467909,2016/12/11,50,29:02,73,//i1.hdslb.com/bfs/archive/b1d4832c66e483627ae05a849d85a307e1bbdbad.jpg,4475,7,22:51:49,【水一炉石提高班】大逆风大逆风！（新版本）,61
7472251,BV1Vs411e7Rv,189,154,1481381346,2016/12/10,132,24:48,327,//i1.hdslb.com/bfs/archive/e368728ad19003a6ba1449f8f6a52bb691b48439.jpg,20290,20,22:49:6,【水一我的世界Minecraft】超恐怖生存：幸存者第一集,532
7471911,BV15s411e7bP,94,13,1481380384,2016/12/10,49,14:55,66,//i2.hdslb.com/bfs/archive/9aea3859a926caa7e3856e0bf4795e62a2d367c9.jpg,3124,7,22:33:4,【水一低保速成班】大结局P16,26
7456052,BV1fs411Y7WR,85,13,1481298088,2016/12/9,52,27:47,69,//i1.hdslb.com/bfs/archive/22487ad7df285ca3e05ef13df00b4438fdeaf229.jpg,4134,4,23:41:28,【水一低保速成班】跌宕起伏的经典战斗P15,12
7426444,BV1Ds411Y7Mi,78,22,1481116128,2016/12/7,48,21:45,71,//i1.hdslb.com/bfs/archive/5cb83ac7bc3e1907b9b7c524d2474385851a5d9c.jpg,2906,9,21:8:48,【水一低保速成班】三次渡劫p14,10
7418588,BV1Zs411Y78H,88,23,1481078189,2016/12/7,51,25:55,79,//i0.hdslb.com/bfs/archive/547fb074b4da54132085be25b54b9fd831641e7d.jpg,4198,1,10:36:29,【水一低保速成班】被观众老爷吊打P13,43
7403073,BV1ks411Y7qm,109,51,1480953600,2016/12/6,59,21:06,130,//i1.hdslb.com/bfs/archive/204fcc008d8865e47ebf7315cace89c422143e3b.jpg,6801,10,0:0:0,【水一低保速成班】战士爸爸我给你跪下P12,107
7389456,BV1zs411Y7Vc,283,420,1480869785,2016/12/5,133,25:22,462,//i2.hdslb.com/bfs/archive/c79e13b177341d8a00274f7455b10cdea04d04a7.jpg,26934,21,0:43:5,【水一炉石提高班】干踏马的海盗战（新版本不花钱）上传说！,358
