﻿aid,bvid,coin,comment,created,date,favorite,length,like,pic,play,share,time,title,video_review
838599792,BV1Mg4y1v7cc,6016,2111,1592138136,2020/6/14,5584,06:04,72623,//i0.hdslb.com/bfs/archive/7a2376d1d37449618ef407ba96995e9f297ffe85.jpg,810670,821,20:35:36,小伙嫌天气太热，在家自制清凉解暑超容易的小饮品~,8395
668476266,BV1Ka4y1Y7Li,66327,2646,1591952723,2020/6/12,21971,06:59,191238,//i0.hdslb.com/bfs/archive/cb48f19874f7eb7bc574fae8ee0f0d15f95a93d8.jpg,1735230,1679,17:5:23,小伙花7个小时用拼图做出了个球？还可以用来打保龄球,13225
413461495,BV1YV411r7Cs,13298,2591,1591783532,2020/6/10,6016,09:04,114834,//i2.hdslb.com/bfs/archive/5cf2a3fc306126499f53f75414ae3886d346cddd.jpg,1454249,948,18:5:32,小伙屯了大半年的快递一次性开光，都买了些啥？,15287
838403420,BV1Ug4y1i7bt,33971,3631,1591176787,2020/6/3,9150,07:43,171529,//i1.hdslb.com/bfs/archive/189a488e26a050aa6c843413f65409a0b85db8cf.jpg,2796241,2658,17:33:7,小伙花500元买了”无人认领的快递”，真的可以开出手机平板？,28152
583327107,BV1Az4y1974r,10332,3660,1590919299,2020/5/31,6438,04:55,121726,//i2.hdslb.com/bfs/archive/e92aad71587b4a82add5184b2d50d834bb4e2dc5.jpg,1788255,1229,18:1:39,小伙24小时只吃蓝颜色的食物，最后嘴巴都变蓝了,25636
625817126,BV11t4y1C71R,11931,2759,1590757065,2020/5/29,6738,05:39,138655,//i0.hdslb.com/bfs/archive/85abd8ec5a88873190cd4b1cd28ad7e8655618eb.jpg,1947144,1475,20:57:45,短视频上的生活小妙招真的有用吗？小伙学会就学废了,15035
795757608,BV1PC4y1p7HD,10842,3875,1590484271,2020/5/26,5158,04:21,110690,//i1.hdslb.com/bfs/archive/ab98b30575b0e52cb132916ff9a741bfd29d3ed4.jpg,1635846,796,17:11:11,小伙花6小时把锡纸搓成了铁球？感觉在浪费青春,5227
753314460,BV1Pk4y1r7wJ,39057,3110,1590307409,2020/5/24,11003,06:18,144941,//i0.hdslb.com/bfs/archive/315451415c0219e025c3afde97b7f6ce8d43ca10.jpg,1695818,1158,16:3:29,小伙花24小时搭5000块多米诺骨牌，推倒瞬间太爽了,14753
795852954,BV1vC4y1p74B,12592,3428,1590229567,2020/5/23,7200,04:31,133832,//i2.hdslb.com/bfs/archive/b685c80bf8cec594d92eae6a040907ee4b03c51c.jpg,1775465,900,18:26:7,小伙尝试做日本爆红薯片懒人玉子烧，只用薯片袋就可以做！,7155
668271064,BV1ya4y1e7w3,21197,4016,1590225046,2020/5/23,8419,03:49,153104,//i0.hdslb.com/bfs/archive/a47041a46538df7f0d6da193f170e258b4801f84.jpg,2076128,1102,17:10:46,小伙挑战用1万根橡皮筋做一个篮球，弹力会更好吗？,13137
710635796,BV1XQ4y1N7da,10661,2926,1589617831,2020/5/16,5851,05:29,118224,//i0.hdslb.com/bfs/archive/8f264385b739e6ed5ae4dfda450857c15ec5ca69.jpg,1832813,1324,16:30:31,小伙挑战用各种各种颜色饮料做彩虹鸡翅，结果惨不忍睹,13784
625721796,BV1Ut4y117wa,19227,3056,1589532026,2020/5/15,7780,09:43,117878,//i0.hdslb.com/bfs/archive/8d07c2059f5a5159188553cab56a2ad6fb2b8138.jpg,1663030,975,16:40:26,“一星期自律挑战”小伙一星期后身体面貌会有什么变化吗？,19018
795650000,BV1kC4y1H7VV,26941,3569,1589362580,2020/5/13,8966,05:21,164718,//i0.hdslb.com/bfs/archive/46c7f8759ee30cc3f047b3dd3c6aabac34d1a340.jpg,1754733,1003,17:36:20,小伙挑战做世界上最大的法老之蛇，结果垂胸顿足心如刀割肝肠寸断伤心欲绝泣不成声,14519
200623762,BV1nz411q7oA,40187,7184,1589094420,2020/5/10,17179,05:26,408657,//i0.hdslb.com/bfs/archive/7377b4ce45b6e160af9f5be4e4b2008bbe2d638b.jpg,3290515,3302,15:7:0,小伙挑战24小时只吃绿颜色的食物，最终会怎么样呢？,35441
200623053,BV1Hz411q7E5,9745,3460,1588933493,2020/5/8,5129,05:14,117280,//i1.hdslb.com/bfs/archive/5ffb7914402cdf71d13cab26098c6fe101dc1aad.jpg,1966579,964,18:24:53,小伙拿五斤羊肉用切片机能做出多少羊肉卷呢？,16480
753075731,BV1ak4y1k7iz,14360,3646,1588677079,2020/5/5,12231,04:59,122977,//i2.hdslb.com/bfs/archive/fad58291e741be9ea9dd7bde3d01a65bea22ef3b.jpg,1844546,2290,19:11:19,小伙用可乐做出一道可乐鸡翅煲，一口一个停不下来,16178
883079201,BV1VK4y187M5,14579,3445,1588487334,2020/5/3,7636,05:19,141307,//i1.hdslb.com/bfs/archive/48e82489cec793a6a956af0872b5587e656fbdd4.jpg,1812204,765,14:28:54,小伙为了录视频已经花了35万了？读评论#1,13625
795391077,BV1PC4y1W73s,10783,3337,1588240560,2020/4/30,5787,05:09,127847,//i0.hdslb.com/bfs/archive/c587edcf393bb6055412bd31ebec48cdd9c2594f.jpg,2109505,948,17:56:0,小伙花200元买了日本的究极生蛋盖饭机，可以把蛋清打成云朵,11673
455457828,BV1f5411x7tH,13735,3449,1588062834,2020/4/28,6912,04:36,143501,//i2.hdslb.com/bfs/archive/b3aa428d0f8ef94100a59d1cdb04c5f52e799c90.jpg,2470921,1480,16:33:54,小伙模仿大胃王挑战吃下100个巨峰葡萄，结果嘴巴都吃紫了,12685
242878433,BV1te411s7or,22337,6016,1587811587,2020/4/25,10001,05:58,180707,//i0.hdslb.com/bfs/archive/e541e03fc0583d98dbb5205957ff7dc7a5cb9446.jpg,2737470,2101,18:46:27,小伙用了350斤细盐成功做出人工死海！躺在里面就会浮起来,23707
967952784,BV1Zp4y1X7ZA,42098,3644,1587638574,2020/4/23,13798,06:21,210723,//i2.hdslb.com/bfs/archive/a537b87184d81d0ca1e349941ca54010f9f06b01.jpg,1880208,1850,18:42:54,小伙挑战在漆黑一片的情况下拼会发光的拼图？最后没想到,23574
840343628,BV1R54y197yN,15260,3881,1587458736,2020/4/21,7094,04:20,148778,//i2.hdslb.com/bfs/archive/0726c1667434d002b2e4e657ca16b5966ebfa5f3.jpg,2292655,1437,16:45:36,398元的烤鸡机器会比烤箱里烤出的鸡更好吃吗？,15461
285167459,BV1Bc411h78Q,13733,3388,1586771804,2020/4/13,7119,06:58,145719,//i0.hdslb.com/bfs/archive/0f2ecb380b8c9cf85a2bc881437ca8dcd6ba6e44.jpg,2780321,1334,17:56:44,夜市里的空桶投球真的是骗局吗？小伙尝试之后苦不堪言！,15192
497728120,BV1AK411j7We,12414,3495,1586592265,2020/4/11,6451,04:09,123441,//i2.hdslb.com/bfs/archive/0aba28de3b8ae41140a0cc9bc8a3789484e9d2e1.jpg,1681631,1622,16:4:25,小伙用水火箭把房间弄得到处都是水宝宝，结果被妈妈打,16122
840177532,BV1A54y197y8,17433,4185,1586162892,2020/4/6,7892,04:30,159492,//i1.hdslb.com/bfs/archive/34d1691bac113dac3c000aaa9be6bc2ef6af0156.jpg,2688802,1694,16:48:12,小伙用五斤龙虾能做多少龙虾肉松，味道会更好吃吗？,14541
285093009,BV1xc411h7Ph,9967,2635,1585828218,2020/4/2,5324,04:06,110894,//i2.hdslb.com/bfs/archive/a0eb72b29cfe7ec333d2fca72ba596ecde7e6585.jpg,1941721,933,19:50:18,小伙尝试用鱼鳞做果冻，成功做出鱼鳞冻！,10409
100620496,BV1h7411S7Dk,28155,6470,1585554455,2020/3/30,10897,06:07,180929,//i2.hdslb.com/bfs/archive/675ecc81a87acd781e452b7ed9fbc0a54a8b34ed.jpg,3212581,5873,15:47:35,比鬼椒面辣3倍的世界第一泡面，小伙被辣的泪流满面,37533
99792116,BV1h7411978R,15660,3386,1585313758,2020/3/27,7999,05:05,142694,//i1.hdslb.com/bfs/archive/c7b802c3b3c595da68a9ea010ce9660e0f5023d9.jpg,2473872,1280,20:55:58,小伙花2500日元买的烟熏料理机，用来烹饪烤肠真的会好吃吗？,12019
99185801,BV1Q7411y7Qm,723773,15913,1585115665,2020/3/25,167710,14:32,1145456,//i2.hdslb.com/bfs/archive/9d403821a4b2fb93bf076c26d2c133325d11446b.jpg,5921844,17475,13:54:25,小伙花了两个星期拼出了纯黑地狱拼图！超难版本,130772
94953622,BV13E411T7wH,24765,7228,1583754519,2020/3/9,10999,10:56,185963,//i0.hdslb.com/bfs/archive/17c216ef5d45d542b67a5b67eace0c3f678fa616.jpg,4287430,4190,19:48:39,小伙连续吃一个星期肯德基会发生什么？变胖了吗？,36177
94432124,BV1QE411u7a7,26014,12888,1583578533,2020/3/7,7614,07:21,133262,//i1.hdslb.com/bfs/archive/c26008abf41b70ea8da3c022275182c3c82e0b54.jpg,2219899,5973,18:55:33,讨厌吃香菜的人怒吃15斤香菜，从此以后会爱上香菜吗？,56049
93912154,BV1EE411W7ti,27283,4427,1583404743,2020/3/5,10454,05:55,180977,//i0.hdslb.com/bfs/archive/410037d77f850ea5f37428e36e2b9ac73eaa89f1.jpg,3123052,4407,18:39:3,小伙从日本花了1400元买了个流水素面机，会比普通凉面好吃吗,28738
93417845,BV13E41147Pg,144915,6397,1583230923,2020/3/3,40281,07:24,473030,//i1.hdslb.com/bfs/archive/858c79b42fb133f89a018b083b5bcb3de15a4e4e.jpg,4053230,6309,18:22:3,"小伙花36小时终于拼出“彩色地狱拼图”,整个人都傻了",58022
92415628,BV1GE411H75J,14800,3476,1582898013,2020/2/28,11779,05:01,106773,//i1.hdslb.com/bfs/archive/48f85749cc9e0c0ed2f5cd355828f5bb3939391f.jpg,1869300,3301,21:53:33,精神小伙用电饭煲做广式煲仔饭，没想到味道这么好！,12911
91906477,BV1e7411K7vh,15265,3354,1582721639,2020/2/26,7266,07:08,127665,//i2.hdslb.com/bfs/archive/2f9c47b57dfae367412b32ee81873d2419784a47.jpg,2415383,1889,20:53:59,我在抖音上买了不粘锅，结果傻眼了,20054
91375141,BV1G7411u7US,17573,2941,1582541786,2020/2/24,13674,05:32,119661,//i1.hdslb.com/bfs/archive/a7abced37e04bc7f67bd50bde99f6e805aa9281c.jpg,2002062,4275,18:56:26,把牛奶放进锅里炸可以变成一道美食？小伙第一次尝试炸鲜奶,15982
90854672,BV1g7411c7pU,25023,3835,1582371958,2020/2/22,20210,04:01,139303,//i0.hdslb.com/bfs/archive/c75ac778ebf9f9d109166d096d4b1d49a79ed4b9.jpg,2268261,11329,19:45:58,抖音上的奶茶制作方法真的靠谱吗？小伙尝试之后感觉赚翻了,12736
89670987,BV1i7411j7EF,32596,3852,1581938412,2020/2/17,9809,06:19,143868,//i1.hdslb.com/bfs/archive/51886c4dd670a3b70face9de868f6227ce7d25cc.jpg,2329863,1904,19:20:12,小伙花399元买了个干果机，真的可以用来做水果干吗？,15921
89195844,BV1k7411J7hT,33730,4723,1581765136,2020/2/15,12027,18:27,162337,//i2.hdslb.com/bfs/archive/cc1e6bbd90a28ee16fadf4d36d71cf7c65e04aef.jpg,2731819,3087,19:12:16,小伙挑战一个星期只吃军粮，身体会发什么变化？,36874
88680511,BV1r741137wM,14423,2391,1581588019,2020/2/13,8950,04:22,111523,//i2.hdslb.com/bfs/archive/82bc205710190a376b7ae09df7ea40b811a00bde.jpg,2229512,3147,18:0:19,小伙尝试制作日本爆红的KFC鸡汤焗饭，居然这么好吃？,9241
87788548,BV1i7411b7K6,20153,3075,1581250785,2020/2/9,7418,06:48,109141,//i2.hdslb.com/bfs/archive/9f9e824cc68f48f007d4693a2cab61b18c7a5b9c.jpg,1707206,2199,20:19:45,小伙用5斤猪肉到底能做出多少猪肉脯呢？没想到结果,22678
87331939,BV1Z7411b7WQ,14298,7431,1581073347,2020/2/7,5603,04:32,110760,//i1.hdslb.com/bfs/archive/a93e4993d03b43afdf1ff8e3ddfabf9e1754f2c0.jpg,2497187,1567,19:2:27,小伙用16斤山竹榨成汁，只为一杯从未喝过的山竹汁！,12541
86915086,BV147411H7G8,41573,6091,1580900753,2020/2/5,11664,04:49,184041,//i0.hdslb.com/bfs/archive/076bd6805c969a63d6960cf815d76507f159f880.jpg,3483710,5085,19:5:53,小伙花693元买了一个全自动泡面机，再也不用动手泡面了！,38658
86515011,BV1P7411p7bS,14723,3863,1580727707,2020/2/3,7914,06:02,112085,//i1.hdslb.com/bfs/archive/da2ab1c23c026f94da7987c736c0051c47ac60d7.jpg,2295015,3499,19:1:47,偷偷把表妹寒假作业换成”寒假大礼包“，她开心到哭了,23310
86118172,BV1s7411x7Lu,20235,2257,1580559531,2020/2/1,8518,05:46,120862,//i2.hdslb.com/bfs/archive/c7731a34e6a267122514d04369ac2b70cc06ca32.jpg,2430844,2579,20:18:51,2500g猪肉可以做出多少肉松？小伙尝试之后血亏,14735
85756748,BV1F7411B7zi,36707,2802,1580378640,2020/1/30,8133,04:31,122212,//i0.hdslb.com/bfs/archive/9b35de83276528ded22401873321a6378c30ae5a.jpg,2083973,1612,18:4:0,小伙没有尝试喝过龙眼汁，怒买20斤龙眼榨汁喝！,10268
85581456,BV1q7411z7cc,13321,2284,1580290805,2020/1/29,4631,05:03,89860,//i1.hdslb.com/bfs/archive/e46f5875adafbfc1af2b4e651bc22bdc5324af71.jpg,1582586,1032,17:40:5,把超市谷物买光做成一碗粥，会比普通粥好吃吗？,13194
84983143,BV1N7411k7Bm,30993,3192,1579945239,2020/1/25,10075,03:46,127308,//i1.hdslb.com/bfs/archive/b87bf04906f7c2750e6cc6cd3fe9e050a9a7ae65.jpg,1754843,2891,17:40:39,一次性点燃500根仙女棒是一种什么感觉？,88314
84712134,BV1z7411a7AU,12467,1576,1579773944,2020/1/23,5391,05:03,102105,//i0.hdslb.com/bfs/archive/3de2aa1a17a7aa9d2dd0296ea694ea8d8c1636b2.jpg,2049015,1518,18:5:44,小伙网购了又一奇葩商品“一次性烧烤炉”，用完就扔？,7611
84422906,BV1X7411Y7MH,26493,2244,1579602669,2020/1/21,8080,04:39,139863,//i1.hdslb.com/bfs/archive/8e0666b5efc2478f6e3b0794f6ae64c3b30c0670.jpg,2623465,4433,18:31:9,去海底捞只点捞派肥牛是什么体验？小伙点了一千元肥牛！,9723
83911729,BV147411i7zh,105925,5081,1579336224,2020/1/18,33485,04:29,249601,//i0.hdslb.com/bfs/archive/968662f460c9b363550400c916acb96f15e74446.jpg,4163295,15984,16:30:24,小伙制作了一个史莱姆泳池，在里面游泳是什么感觉？,30576
83355824,BV1pJ411H7Zy,19110,2576,1578990642,2020/1/14,9134,10:37,125497,//i0.hdslb.com/bfs/archive/ff63e48416490bd2e954df1fbed2185ee4704cc2.jpg,3018590,2644,16:30:42,小伙挑战一个星期只吃自热食品会发生什么变化？,14373
82985837,BV1GJ411p7Kg,111938,2286,1578739926,2020/1/11,26942,08:50,294484,//i0.hdslb.com/bfs/archive/b86fa7ce7ac5c5df9ed84c2b6d5af74a7fc4f12a.jpg,3033210,2930,18:52:6,给蛋黄派庆祝生日，蛋糕里居然还藏着百万奖金！,22242
82514306,BV1eJ41157dx,155517,3131,1578474004,2020/1/8,33581,10:53,239426,//i1.hdslb.com/bfs/archive/16b8a33471239c165bfa9cb397dfd7ad82f7e441.jpg,3298248,4882,17:0:4,小伙用了整整五天终于拼出完整的白色地狱拼图了！,17885
81444642,BV1eJ411h7wc,19138,1212,1577789834,2019/12/31,6510,05:29,91542,//i2.hdslb.com/bfs/archive/c550d491630560212de64e1060718a12505fcd6f.jpg,2264223,1198,18:57:14,被吃播吃火的澳洲大红龙真有这么好吃吗？,5310
80861438,BV1mJ411Y7Ke,16014,2949,1577441567,2019/12/27,5803,05:30,93974,//i0.hdslb.com/bfs/archive/156bd970defdb32c0ad3b00c5656ce85ebda0398.jpg,1967311,2468,18:12:47,花8500元请专业寻狗团队真的能找回走失的狗狗吗？,8778
80739289,BV1KJ411s755,18622,1099,1577354105,2019/12/26,6446,05:18,101506,//i2.hdslb.com/bfs/archive/896389430d93ad5ccdbbe4366e20899fda8137bf.jpg,2106981,660,17:55:5,小伙要搬家把屯了两年的快递一次性全部开完！,6783
80619143,BV1zJ411W7dF,10115,1946,1577268745,2019/12/25,4870,09:11,79606,//i0.hdslb.com/bfs/archive/de37aeefbfc7c8d1620d5c11beb23ce1afdc3954.jpg,1834702,1850,18:12:25,我又又又又又又被抖音商品欺骗了！,10087
79228407,BV1aJ411r7gb,20370,2003,1576322700,2019/12/14,6134,10:25,106872,//i1.hdslb.com/bfs/archive/879a110e8928a27741d281afbb335a4b4049674b.jpg,1947215,1512,19:25:0,挑战一个星期三餐只吃减肥用的健康餐，真的可以瘦下来吗？,6719
78977409,BV1KJ411C7Ub,6748,885,1576143613,2019/12/12,2613,04:55,53321,//i2.hdslb.com/bfs/archive/c0299177e5b76acbe08191f440148e564a00abcd.jpg,1358286,1038,17:40:13,用可乐做出的糖炒栗子会比可乐鸡翅更好吃吗？,4226
78633116,BV1UJ411v7Fy,12666,1432,1575883222,2019/12/9,5432,06:17,76293,//i0.hdslb.com/bfs/archive/0a5c73672a8498b86d24f25ec476288fb0386d6e.jpg,1853145,2348,17:20:22,小伙做了超豪华的海鲜波士顿龙虾泡面，会比普通泡面更好吃吗,7934
78385350,BV1CJ411e77A,23409,1385,1575712985,2019/12/7,10030,04:52,127080,//i0.hdslb.com/bfs/archive/786fa148f77d124a842d169c84c48661fb4a293f.jpg,2814370,1057,18:3:5,按照粉丝的话去暴揍蛋黄派！读评论,10421
77926554,BV1yJ411q7BA,12422,809,1575371830,2019/12/3,3520,05:16,60295,//i2.hdslb.com/bfs/archive/9ec4a4c6a8a8ff4d5a679a2f47409da0b9cb3b2f.jpg,1315943,760,19:17:10,"男子用日本年糕机去做北京小吃驴打滚,最后能成功吗",3250
77779898,BV1hJ411z7Mf,5752,1065,1575278685,2019/12/2,2584,04:45,45248,//i1.hdslb.com/bfs/archive/bc2b29c27b367b4d027240fc2081d48cd1364c07.jpg,1146427,794,17:24:45,小伙做出一根超长奥利奥巧脆卷只是为了更方便吸到牛奶？,4916
77558963,BV1UJ411Q7Td,15994,1560,1575109793,2019/11/30,7240,05:38,88631,//i2.hdslb.com/bfs/archive/14c413cf386178e15ba56d5876ffcdbc08315a10.jpg,1967685,2601,18:29:53,小伙花8000日元买了一个全自动章鱼烧机，完全不用自己动手！,7064
77440878,BV1HJ411Q7Ut,12646,951,1575034148,2019/11/29,4248,06:44,63168,//i1.hdslb.com/bfs/archive/a487b47497d9913832e3e7858927b7aae3ccf4eb.jpg,1337526,1194,21:29:8,花八个小时煮出一颗黄金颠倒蛋，蛋黄在外蛋白在里你见过没,9934
77101047,BV1MJ411X7SP,16651,3121,1574761746,2019/11/26,7694,08:36,126303,//i1.hdslb.com/bfs/archive/6091ef32b158a27df60a5c76464a745fa94e2809.jpg,3257700,3243,17:49:6,我又被抖音商品给欺骗了！,14850
76873840,BV1DJ41197Yo,43665,1594,1574590703,2019/11/24,9432,09:33,108991,//i1.hdslb.com/bfs/archive/b973b8655bd31b8da71485ce8802eb40c7ed3390.jpg,1496295,1391,18:18:23,开箱可以现打的日本年糕机，花了三天才学会怎么制作年糕,9841
76494547,BV1hJ41127sr,20690,2348,1574334694,2019/11/21,6420,10:34,93999,//i0.hdslb.com/bfs/archive/a03f8e20f8ffbfe5d864804b07ba62808a63fb98.jpg,2080925,932,19:11:34,小伙挑战一个星期只吃罐头，一星期后身体会有什么变化？,6440
76032730,BV1SJ41127pV,9019,1402,1573988382,2019/11/17,3556,05:23,52807,//i0.hdslb.com/bfs/archive/423c978818588e8910573011f2fc15677d5ee5ca.jpg,1534403,2454,18:59:42,小伙尝试辣度100万的鬼椒面，不慎碰到眼睛整个红肿起来了,7276
75764940,BV1uJ411U75a,20432,1249,1573814717,2019/11/15,7120,06:25,105206,//i1.hdslb.com/bfs/archive/445c5f7541a38a68f5864adc3a9ecfb89e9d659e.jpg,2203642,2113,18:45:17,小伙叫外卖芋圆直接加料150元，满足了多少人的心愿？,8087
75555907,BV1iJ411S77v,6514,688,1573643846,2019/11/13,3744,05:34,55050,//i2.hdslb.com/bfs/archive/d1c3e4c770b6d9519d86074593c02d215b583998.jpg,1426476,1165,19:17:26,小伙再次用巨型章鱼大丸子机做章鱼烧，这次能成功吗？,4404
75348743,BV1ME411e7QY,23177,1902,1573469988,2019/11/11,9914,05:19,101202,//i0.hdslb.com/bfs/archive/60b6e72eb32874c3b7fd024eb2874d931b515b37.jpg,2043031,3099,18:59:48,小伙尝试做世界上最著名的大象牙膏实验，直接喷出十米高的泡沫柱,62230
75097986,BV1pE411v7Ze,9392,1441,1573299706,2019/11/9,4736,08:35,74682,//i0.hdslb.com/bfs/archive/5c8c55099a027345a9c5c96670e70df11a614eef.jpg,1953613,1482,19:41:46,小伙在抖音上买了“蓝苹果”到货之后整个人都懵了？这是啥？,10161
74858827,BV1QE411i7Hm,16167,823,1573123699,2019/11/7,6070,05:56,68775,//i1.hdslb.com/bfs/archive/8e91b7210aaa8d9100f42ff223c4c6afa1703d23.jpg,1678314,1535,18:48:19,小伙花1000元从日本买了一个小型玩具披萨炉，居然真的可以烤披萨！,5339
74607870,BV1VE411B7ka,21677,1745,1572946253,2019/11/5,11990,07:57,123203,//i1.hdslb.com/bfs/archive/fcaa35a389d02309ebbc38c3df5c40b2c32d94c9.jpg,2849514,2323,17:30:53,请蛋黄派吃外卖”最贵佛跳墙“和“最便宜佛跳墙”，究竟有什么区别？,16041
73853430,BV1rE411h7GN,5284,675,1572598808,2019/11/1,3272,06:04,45583,//i1.hdslb.com/bfs/archive/636dcca42beeaad075a4f73571033847cd34afd1.jpg,1539874,550,17:0:8,蜡笔小新里的下午茶吃的“心点”究竟味道怎么样？小伙买了一桌子,9273
73993407,BV1XE411b7Tv,4434,666,1572512436,2019/10/31,1762,06:00,29189,//i1.hdslb.com/bfs/archive/21d5ac034dce0947dac66d492bc83a2624877398.jpg,859037,494,17:0:36,小伙剥光二十只螃蟹里的蟹肉只为做油炸狮子头，那会更好吃吗？,3910
73358089,BV1jE411173n,5548,907,1572000014,2019/10/25,2863,05:16,45036,//i1.hdslb.com/bfs/archive/9e5c45705b06d044807f663642c83899c58450bb.jpg,1279722,684,18:40:14,除了土豆用其他蔬菜水果做成的薯塔会更好吃吗？帅小伙懵了,3764
73277684,BV1AE41117T2,8691,639,1571930457,2019/10/24,2923,04:44,27555,//i1.hdslb.com/bfs/archive/a0b5162c13f3c692b8ab432de0ba9b21e38d00fc.jpg,735950,1710,23:20:57,男子穿着万圣节服饰去肯德基捣蛋会发生什么？半路居然就被大叔拦下,4151
73042422,BV18E41127S7,9372,1614,1571741303,2019/10/22,4583,05:33,74690,//i0.hdslb.com/bfs/archive/b725f10af30cfad653bfd79fa52d2ab52018b339.jpg,2126669,960,18:48:23,男子超爱吃虾饺，叫了300元的外卖虾饺摆了一桌子吃,6796
71754364,BV14E411k7Jk,6487,911,1571487028,2019/10/19,3936,06:48,57592,//i1.hdslb.com/bfs/archive/8f22e906299ed1b02544f2055921fd06a7f31a5b.jpg,1601076,1320,20:10:28,抖音上卖的商品质量究竟如何？小伙买完后悔了...,6626
71521243,BV1dE411C7UE,7643,929,1571308545,2019/10/17,4125,05:40,47981,//i2.hdslb.com/bfs/archive/c38791014374ba3074b5a33c08f861fc5bfb8dfa.jpg,1265947,1957,18:35:45,为了上学不迟到，男子做了一个3000瓦的巨大卷吹龙叫表弟起床,6147
71093470,BV1uE411d7NL,7435,2060,1570955434,2019/10/13,2696,04:37,40035,//i2.hdslb.com/bfs/archive/9c0e771c4557f4ae08effa6272c058e076616512.jpg,1031851,561,16:30:34,全部都用鸡蛋做出来的鸡蛋饼会更好吃吗？店主都看呆了,4343
70872116,BV1kE411o7LV,5803,752,1570790257,2019/10/11,2596,04:55,41454,//i1.hdslb.com/bfs/archive/5be81f8694aa1feeddd1290316b3152b920bdc3f.jpg,1185569,899,18:37:37,小伙抢先在旺旺之前做出了旺仔超大馒头！至于这个味道嘛.....,3754
70671515,BV1HE411f7W5,7761,1603,1570619640,2019/10/9,3840,06:05,67242,//i2.hdslb.com/bfs/archive/3cf0a4c001ea74b3b8e2e12b31ad1cb6d475fb3f.jpg,1721721,1099,19:14:0,小伙花268买了一个万能调味陶瓷，可以让任何食物都能变得更好吃？,5861
70319059,BV1LJ411F7A5,12133,1671,1570357316,2019/10/6,5306,04:48,81850,//i1.hdslb.com/bfs/archive/b8e9de6b1a191a0558d25545d734452279f45a7c.jpg,2731326,1314,18:21:56,小伙花682元买日本进口泡面机，用这个泡出来的面会更好吃吗？,7988
70052072,BV1SE411S7MA,7431,1198,1570191580,2019/10/4,3362,06:02,55030,//i0.hdslb.com/bfs/archive/3d08785a50621f7c91989b36ecc86568de4d32ab.jpg,1498683,761,20:19:40,小伙用巨型锅子还原哆啦A梦里的超大大大铜锣烧，结果悲催了,10504
69780696,BV1TE411Q7RH,10486,1204,1570015713,2019/10/2,4787,05:00,67880,//i0.hdslb.com/bfs/archive/46e0e33661e0d6222ce0d270ee517e38d7c542c7.jpg,1588244,1171,19:28:33,小伙口渴想吃西瓜，没想到切出来的西瓜样子这么的奇怪？,10924
69460965,BV1XE411R731,3255,842,1569834048,2019/9/30,1551,04:13,22515,//i0.hdslb.com/bfs/archive/943dac0262d4c3a31559bc82cff1d1b1f7488a33.jpg,685214,486,17:0:48,小伙眼睛疼直接拿100片蒸汽眼罩敷脸上，会发生什么呢？,2058
69040197,BV1MJ411T75g,7497,783,1569492862,2019/9/26,3007,04:49,33253,//i2.hdslb.com/bfs/archive/acd1f803655fd01516d87a9f8a44f82875529f50.jpg,810572,697,18:14:22,这样搭铅笔究竟能搭多高？小伙用了五百根铅笔搭到天花板上了,6703
68847930,BV1FJ411u7rf,6256,653,1569319103,2019/9/24,2573,04:21,36771,//i0.hdslb.com/bfs/archive/0b6605ab61efb2ce0f1d62b12b2655ea687a04e3.jpg,1126279,531,17:58:23,挑战世界上最大最辣泡面！转型大胃王第一步就失败了,2923
68509889,BV1UJ411u74w,5704,832,1569066430,2019/9/21,2492,05:40,28117,//i2.hdslb.com/bfs/archive/4b0070f9d73d6693bac8c20b0c4b5e23d71df4d3.jpg,799240,925,19:47:10,用1000度的铁球去搞爆米花能成功吗？会比卖的更好吃吗？,9167
68269436,BV1xJ41137cc,10921,1518,1568887432,2019/9/19,5977,04:33,81300,//i2.hdslb.com/bfs/archive/308af63dbb118059419eeb7d213c405224a2d5b5.jpg,2480516,1146,18:3:52,98元一个的“蟹黄堡”好吃吗？小伙一口气买了四个回家吃,7870
68071190,BV1JJ411w7nx,2842,759,1568714044,2019/9/17,1711,04:37,25646,//i0.hdslb.com/bfs/archive/f5844fcc3f224ab9f8bed34417eaf4cc0f435fb5.jpg,830333,721,17:54:4,小伙在家收到一份神秘包裹，打开一看整个人都懵了,19193
67723928,BV1NJ411A7Zo,5903,1605,1568453817,2019/9/14,3141,03:52,40856,//i0.hdslb.com/bfs/archive/1c52e9dae8959b4d9f2ad7220c390653550d3fd2.jpg,937456,715,17:36:57,小伙为庆祝达到两百万粉丝，自制了干冰礼炮场面一分壮观!,11376
67572140,BV1gJ411N74X,5169,962,1568359978,2019/9/13,2779,03:59,46174,//i0.hdslb.com/bfs/archive/9c341e4791672f43b0582f132260070d50aa3757.jpg,1498275,546,15:32:58,小伙点了一份100元的炒饭，打开居然是黑色的整个人都傻了,4327
67266113,BV1TJ411K7wg,11755,1035,1568116054,2019/9/10,4646,04:51,50416,//i2.hdslb.com/bfs/archive/3b3eb3dbb78338e86301bbd72fca4b453e23d321.jpg,1339958,1429,19:47:34,小伙花800元买两盒世界上最辣小熊软糖去整人会发生什么？,6884
66989583,BV1V4411C7Av,4260,728,1567936809,2019/9/8,2095,10:41,24134,//i1.hdslb.com/bfs/archive/3e17bd379837e70f89d0101d9b77272f3858deec.jpg,726983,588,18:0:9,住1800一晚的民宿 钥匙居然掉石缝里了！,5299
66807754,BV1S4411y7VT,6976,1934,1567761416,2019/9/6,2756,05:35,44134,//i0.hdslb.com/bfs/archive/e0ee2a2ec19bfcd6f2e69b5311b98bac266835f1.jpg,1285046,1433,17:16:56,开箱日本奇葩商品 不幸福袋！居然卖2036人民币？,31716
66708886,BV1E4411y7Qx,4147,914,1567678288,2019/9/5,1878,05:07,27979,//i2.hdslb.com/bfs/archive/c6007fee125f290e430bd754fbe8c1916760487d.jpg,875195,512,18:11:28,花268元磨出的豆浆会比4元的肯德基豆浆更好喝吗,3194
66391225,BV1h441117UP,9011,953,1567423870,2019/9/2,6000,06:15,36766,//i2.hdslb.com/bfs/archive/efdaf9092c9363fac7a8bf4a47ea6f14279c3f32.jpg,940748,658,19:31:10,宿舍半夜偷偷吃零食的经历你有过吗？开学宿舍零食大推荐,3998
66156568,BV1D441127D8,6653,1149,1567251842,2019/8/31,3439,04:33,46887,//i1.hdslb.com/bfs/archive/4e76149f1486de7d85a511ffd106fe7f6c0c9dca.jpg,1211384,745,19:44:2,小伙买372元的卷卷糖卷到不能卷为止，能卷多大？,4935
65873304,BV1h4411q7Hu,3859,1107,1567069984,2019/8/29,2125,04:01,30116,//i0.hdslb.com/bfs/archive/6608cff62f0697f36ab999a7a9842c5e6c2bfdbc.jpg,736459,474,17:13:4,把十五个气球吹满气塞进一个气球里在戳破会发生什么？,3682
65456233,BV1e4411672q,6351,1973,1566815951,2019/8/26,2752,05:36,39932,//i2.hdslb.com/bfs/archive/31f4e99c9aadea77e3d7c716dbe8a3772c61db35.jpg,972105,730,18:39:11,小伙花大价钱只为吃海苔吃到饱，超市里的海苔都被搬空了,5210
65166208,BV124411r7py,8322,2602,1566642218,2019/8/24,5517,04:03,51036,//i2.hdslb.com/bfs/archive/184453e9c427391271db3b44c6e8a2f4aa7fe439.jpg,1032588,2632,18:23:38,把二十六个尖叫鸡绑在吸尘器上，然后去叫醒熟睡的表弟会发生什么呢？,11048
64880352,BV1y441197cR,13548,1684,1566482453,2019/8/22,5773,05:54,85227,//i2.hdslb.com/bfs/archive/32e293bd73134e4aa38bae2c3b45524aa381e8ab.jpg,2181371,1167,22:0:53,一百元的麻辣烫是怎么样的？小伙一不小心全部都点了一份,8013
64569302,BV1F4411d7M2,17834,1365,1566300223,2019/8/20,6589,04:13,55867,//i0.hdslb.com/bfs/archive/a751ab0573c69d0f362ad40980b68d9c19878218.jpg,1019425,1457,19:23:43,把干冰放可乐瓶里会发生什么？小伙差点掉进湖里！,8690
64278476,BV1c4411o7UH,16816,1771,1566121808,2019/8/18,5421,06:38,65790,//i0.hdslb.com/bfs/archive/99377d789a018d290e95ef51694c27e7b362bf69.jpg,1640198,919,17:50:8,最贵的外卖店里都卖了些什么？会比便宜的外卖店好吃吗,9050
63842113,BV1i4411U7xG,5061,1566,1565866745,2019/8/15,2045,04:24,32028,//i2.hdslb.com/bfs/archive/6578ac998c5022478cda7bf1208ec57a1846d96d.jpg,781870,512,18:59:5,小伙质疑毛豆通气能力，怒买15斤买回家做盐水毛豆吃,3823
63487282,BV144411S7iX,40253,3711,1565685003,2019/8/13,14965,04:59,83511,//i0.hdslb.com/bfs/archive/e464e44d891d55a39f9f85c2456825ec96f69c1a.jpg,1112542,3375,16:30:3,为了庆祝一百万粉丝，小伙自制了10000发烟花加特林场面十分壮观！,78583
63238394,BV1C4411D74V,12146,2237,1565519280,2019/8/11,7244,04:06,107665,//i2.hdslb.com/bfs/archive/e1dc62ff370df1456f56794418e7c13c0a1b37ad.jpg,3323313,1533,18:28:0,一米长重14斤的巨无霸香肠，小伙想吃完它却欲哭无泪,9461
62928747,BV1f4411Q7th,7925,2470,1565349585,2019/8/9,4825,07:06,44357,//i1.hdslb.com/bfs/archive/139e5ea5998bee765d9b55f1d3ee4961980c5201.jpg,1190901,2149,19:19:45,猜拳输了请喝奶茶，小伙怒把奶茶店每种奶茶都买了最后还混在一起喝了,10646
62639671,BV1xt411T7Cb,12333,2016,1565180725,2019/8/7,4694,04:10,55332,//i0.hdslb.com/bfs/archive/789fc57df5a6deba0b8992edfc868d2150bdfc82.jpg,1325383,827,20:25:25,小伙拿100片冷宝宝贴满整个厕所，再也不怕上厕所会热了,5170
62343525,BV1qt411M7Tr,26190,2354,1565010594,2019/8/5,8559,05:15,93709,//i1.hdslb.com/bfs/archive/f918fab97d112f64bf4cd7dc6db1a1d6455455ac.jpg,2709471,2919,21:9:54,把海底捞所有东西点一遍要花多少钱？小伙准备吃土了,8544
62121952,BV1gt411g7BD,3947,1115,1564916422,2019/8/4,1984,07:31,32541,//i0.hdslb.com/bfs/archive/cbe05ff26a9158f1a1feab1cba55e4293c153f9b.jpg,1046428,578,19:0:22,小伙花388买了食人鱼拿来做烧烤吃，家里居然差点就着火了,5926
62039656,BV1dt411u7FA,5546,1703,1564834220,2019/8/3,3512,04:27,54311,//i1.hdslb.com/bfs/archive/dae3008034dd27fd22255782a36eb129142bb598.jpg,1888808,646,20:10:20,在泡面里放1440个鱼板会更好吃吗？小伙吃到呕吐,5411
61736976,BV17t411F7Xk,7023,1330,1564655211,2019/8/1,3847,07:13,50202,//i1.hdslb.com/bfs/archive/57cb33b2e183314734de27f83f4b1b5841b89b7f.jpg,1677003,1031,18:26:51,小伙为录视频买彩票却中了100万？最后只给了女朋友一万？,6145
61135290,BV1st411w79f,6978,1960,1564308112,2019/7/28,4498,07:03,36132,//i1.hdslb.com/bfs/archive/f7cbf076a408aa419f25e731f938cd81f148003d.jpg,1145764,863,18:1:52,小伙情人节送女朋友这些小零食，女朋友感动到哭泣,5856
60707644,BV1pt411j73e,6663,1730,1564051736,2019/7/25,3492,07:29,44271,//i0.hdslb.com/bfs/archive/c93325db9c933a4fd3aa5c07206ca8e3e3323971.jpg,1359529,599,18:48:56,小伙超爱吃芦荟于是网购了25斤重的超大芦荟，准备做菜吃,9057
60566056,BV1mt411L7B7,6898,1728,1563967065,2019/7/24,3307,07:32,29872,//i0.hdslb.com/bfs/archive/7494170c44ac410430b4f65a3ab128101b59857f.jpg,643097,589,19:17:45,第一次打开两年前录给自己的视频，看看两年前的自己都说了些什么,9867
60138242,BV1Ft411J7pR,16571,2234,1563702856,2019/7/21,5352,04:01,58182,//i1.hdslb.com/bfs/archive/697b8cb6ae4d99da174934d6f16f7acb82e680d1.jpg,1082928,624,17:54:16,小伙为了提前庆祝100w粉丝，买了一百个礼炮绑在一起庆祝,12761
59859140,BV1Nt411n7sy,8757,1080,1563539404,2019/7/19,3277,04:59,24882,//i2.hdslb.com/bfs/archive/eb4624cc90f52d8e0f8b7c0dd90f9f8001880ba2.jpg,537948,1622,20:30:4,把尖叫鸡绑在十个气球上会怎么样？发出的声音让邻居都想搬家了,5241
59726477,BV1Jt411375p,4069,1398,1563451569,2019/7/18,3086,07:07,21304,//i2.hdslb.com/bfs/archive/1a60bba2bf3e748d11e097a4a6bd8c22ca1d5cd9.jpg,644926,820,20:6:9,"男子在深夜不睡觉只为把电量用完,男默女泪",4623
59567302,BV18t411g7jk,38334,1620,1563364176,2019/7/17,9894,05:37,72457,//i0.hdslb.com/bfs/archive/efa6919545aeef909ed7ab6f240a7942164d9a67.jpg,1530481,699,19:49:36,"吃不起帝皇蟹，小伙怒买250元一只的老虎虾做蒜蓉,一下子买了两只",6121
59037639,BV1gt411V71P,11957,1743,1563022489,2019/7/13,4030,07:02,50940,//i1.hdslb.com/bfs/archive/a9f5ac1694d2872246139f7eba3ac80ee7790897.jpg,1430053,686,20:54:49,吃不起帝皇蟹 小伙怒买40只螃蟹解馋没想到全部吃完了,6680
58754827,BV1vt41157p1,7457,1271,1562842439,2019/7/11,3168,04:18,39869,//i1.hdslb.com/bfs/archive/f36f5d722608aff5602cb30cc48a321cd476c13c.jpg,1345066,656,18:53:59,意大利面网红新吃法！这样烧根本没熟可把小伙坑惨了,5695
58351579,BV1t4411F7Lm,18030,1052,1562584476,2019/7/8,4345,07:27,32606,//i0.hdslb.com/bfs/archive/174d6e75541ecf0fb011036f3e750665cacb52c1.jpg,655073,754,19:14:36,小伙把盐加热到1400°倒进西瓜竟然发生了大爆炸！？,9996
57946349,BV1j4411c75w,15005,1291,1562319774,2019/7/5,5759,07:26,62703,//i0.hdslb.com/bfs/archive/7e56d1419f38684bbb46eb236e2ebb69d359ad34.jpg,801034,479,17:42:54,地震应急包！地震来临前必备  里面都有些什么东西？,5688
57237838,BV1mx41197K7,14956,925,1561802334,2019/6/29,4012,04:35,38393,//i0.hdslb.com/bfs/archive/063d0fd2dbf1cd9363ac67c1aeb93397d72b3498.jpg,788674,949,17:58:54,据说用珍珠奶茶煮米饭会特别好吃？小伙尝试后狂吐不止,2435
57012990,BV1Jx411d7wN,6488,1045,1561631490,2019/6/27,2756,04:52,36934,//i1.hdslb.com/bfs/archive/445ed93b6d47a1384e3345905c9fcc5b62e4bd45.jpg,1354581,774,18:31:30,在披萨里加五个榴莲会怎么样？500元的披萨吃到撑,5275
56797675,BV1Ax411Z7sP,4597,939,1561461343,2019/6/25,1993,05:41,24365,//i1.hdslb.com/bfs/archive/4f1dfcff43861330eba5e15e4274ee4e7891fcea.jpg,821496,489,19:15:43,还在补桌子？小伙直接用泡面做了一把切菜刀 真是削泥如铁！,3298
56459411,BV124411u7HC,31544,2437,1561206659,2019/6/22,7093,07:59,72430,//i1.hdslb.com/bfs/archive/5d78f76919e21df8168bc7d3702e01b43342790b.jpg,1770893,1404,20:30:59,小伙模仿大胃王买了15斤小龙虾回家吃  吃到最后想吐了,8257
56197688,BV1T441137bo,5163,1228,1561025172,2019/6/20,2724,04:52,27928,//i0.hdslb.com/bfs/archive/866b7c168349c77be8c58589bad6d2b9f4aea1e5.jpg,1001151,550,18:6:12,还花4小时去买大白兔奶茶？小伙在家自制了100%原汁原味大白兔奶茶,4286
56088754,BV1A4411V7dx,4628,1029,1560935529,2019/6/19,2367,06:24,23984,//i2.hdslb.com/bfs/archive/b2bf995914910fe11b2c6297848123237140a135.jpg,776439,1139,17:12:9,2500元一顶的“能量帽”有多神奇？据说可以生发提高智力？,4653
55776888,BV1J441157tu,9101,936,1560672359,2019/6/16,3430,04:20,30275,//i1.hdslb.com/bfs/archive/db733a1be38b78e740b0b68436a150f5df70ae0a.jpg,993445,452,16:5:59,可以做出超大章鱼烧的日本小丸子机器  才做了一个就坏掉了？,2978
55665186,BV1i4411V7ge,5988,1352,1560589481,2019/6/15,2815,06:03,33289,//i2.hdslb.com/bfs/archive/e23ccfd5aefcbd5972685bfe1a411e67a5ad9dfb.jpg,1032775,521,17:4:41,小伙花一整天都在用纸切开西瓜  看起来不太聪明？,6134
55363492,BV1f4411A75o,4370,1139,1560332218,2019/6/12,2680,04:53,35432,//i0.hdslb.com/bfs/archive/5867df0966e3183584b794a8bef6dad2760f6381.jpg,1477818,275,17:36:58,评分最低的外卖和评分最高的外卖的区别到底在哪里？,2899
55155062,BV114411N7Ec,4433,866,1560158741,2019/6/10,2100,04:45,18741,//i0.hdslb.com/bfs/archive/fdf9724728537a50d0358394cd0268443df76468.jpg,543034,263,17:25:41,把日本的所有清酒混合在一起会更好喝吗？,2622
54833257,BV1U4411K7Cw,11861,2222,1559903253,2019/6/7,5075,05:38,44828,//i2.hdslb.com/bfs/archive/2def553c70f7a3ff288ef5867afc9adb8334a8a6.jpg,1067751,1391,18:27:33,在1000000颗水宝宝里洗澡是一种什么样的体验？,9020
54718708,BV1y4411M7rX,8028,736,1559812596,2019/6/6,2337,04:42,24108,//i1.hdslb.com/bfs/archive/9c5c34175ceafd47aa95aeced9a01a441fa9d86a.jpg,534298,239,17:16:36,纸飞机还能这么玩？风扇对吹能让纸飞机在空中一直飞？,2702
54542714,BV1D4411T74e,6517,1714,1559638185,2019/6/4,2745,04:39,30163,//i2.hdslb.com/bfs/archive/282830dcae19b0684b0842551cc140b45cb096d8.jpg,1034734,518,16:49:45,花300元买到蓝龙虾了！吃下去的第一口就后悔了,2356
54257060,BV184411p7ce,9402,4296,1559381703,2019/6/1,4136,15:43,39698,//i2.hdslb.com/bfs/archive/36a8fb6dd35dca91ee0f819ce8e5f28ccd9c322f.jpg,1195907,1006,17:35:3,花一千元去买彩票能赢一栋房回来吗？没房没车的小伙怒了,4596
53441054,BV1B4411L7LX,6189,2316,1558690550,2019/5/24,2624,04:42,31473,//i0.hdslb.com/bfs/archive/bbc0cd3c00db2037cd732811c761ff8347f2f35d.jpg,1289875,520,17:35:50,用暖宝宝贴满整个房间是不是就可以蒸桑拿了？我真是天才,6807
53260365,BV1X441157L9,4732,1134,1558518827,2019/5/22,2332,05:21,29890,//i2.hdslb.com/bfs/archive/554e7d124e4e968cd379165a486f6d7ea5635214.jpg,1159213,408,17:53:47,老板往螺蛳粉里面加一百包酸笋，请酸晕我,4209
53166780,BV1R4411j7hT,2891,932,1558432334,2019/5/21,1267,04:21,14835,//i0.hdslb.com/bfs/archive/f83f5ad456166578a80c2b4acdb66ccebd48567d.jpg,365105,97,17:52:14,把“苹果手机”放进-80°的水里会发生什么？,1842
52848858,BV1o441177iL,6318,2238,1558176415,2019/5/18,2416,06:48,28605,//i2.hdslb.com/bfs/archive/50431572dc9d1e7b3866b35b41e4d636b0c1f295.jpg,862680,760,18:46:55,三天里小伙只吃香蕉能瘦多少斤？绝对不吃其他食物！,4250
52729160,BV1h4411774U,6780,1174,1558088022,2019/5/17,2623,03:48,28188,//i2.hdslb.com/bfs/archive/7250b837d3abe1a647eef2359c6b3409d7936b2e.jpg,902608,394,18:13:42,可以摇成球的饼干，如果拿100盒摇一个巨无霸饼干球能成功吗,3955
52633347,BV1r4411J7zP,2938,980,1557998588,2019/5/16,1498,05:46,19132,//i0.hdslb.com/bfs/archive/e2ebb155c1531a484ad16b51295790ad5fb5b312.jpg,743376,204,17:23:8,用优惠券买到的粽子真的会比用原价买质量差很多吗？,2077
52454255,BV1B4411E741,5184,1139,1557827457,2019/5/14,3258,04:27,28473,//i1.hdslb.com/bfs/archive/71b3f1c5c16531de9b9dfa0bbe89aa33882c419a.jpg,970350,789,17:50:57,狗在房间里拉了300坨便便，被人看到了会怎么样？,4308
52137415,BV1j4411e7Vv,7441,1643,1557568322,2019/5/11,3011,05:25,32736,//i2.hdslb.com/bfs/archive/83b443eac2a6e7fe440996b8f44865776c68dd2e.jpg,995385,474,17:52:2,吃多少酒精巧克力可以吃断片？小伙最后吃懵逼了都,3953
52019327,BV1a4411Y7jM,11036,1499,1557480940,2019/5/10,3937,05:26,40804,//i2.hdslb.com/bfs/archive/dc43469b548bb8869e4d4c582bbee9aff09bd98b.jpg,1370360,771,17:35:40,"100元的烤冷面长什么样,老板料给我往死里加！",4245
52017291,BV164411Y7uC,6984,1182,1557479153,2019/5/10,4915,02:27,37171,//i1.hdslb.com/bfs/archive/7caa096557a343f97758546a0f6aca3d763a5d90.jpg,1023142,656,17:5:53,被罚抄一百遍课文，这支笔一秒就可以写完！？,2343
51824084,BV1G4411v7Wf,4219,719,1557303583,2019/5/8,1705,04:38,19467,//i2.hdslb.com/bfs/archive/7c20827f0ef8412ee2d0a853e3fb3ea49552fb85.jpg,616578,201,16:19:43,刨冰什么味道比较好，老干妈还是臭豆腐味？,2021
51638088,BV1R4411i7S6,4182,979,1557138063,2019/5/6,2404,03:21,22380,//i2.hdslb.com/bfs/archive/70d1e2086b003cd670fa62f75b5cc8fb22374d34.jpg,751703,164,18:21:3,用激光笔可以爆出爆米花吗？用的时候居然爆炸了！,1849
51430449,BV1X4411v7HG,21558,2061,1556963880,2019/5/4,6501,04:27,65155,//i0.hdslb.com/bfs/archive/99b3687bccd430d78b9d601c5b79c723c7959644.jpg,1819571,741,17:58:0,还在吃啤酒龙虾？小伙用蓝色可乐煮出了美味的绿色龙虾,5150
51296792,BV174411473D,7064,1376,1556873746,2019/5/3,3102,03:08,32387,//i0.hdslb.com/bfs/archive/685531e3c378e4dc0a225888db416e2293de4b8e.jpg,1196683,346,16:55:46,用抖音最强胶带做一个蜘蛛网吊床，能承受住188小伙的体重吗,2637
51172203,BV184411x7iz,5642,1833,1556786948,2019/5/2,2411,04:03,24464,//i2.hdslb.com/bfs/archive/dc3b1f2b72ef16ae3859201806bcdff324ba68df.jpg,732475,258,16:49:8,把米粒碾碎在拿电饭煲蒸，居然可以做出这么好吃的米饭？,4508
51016235,BV1W4411t7MG,4042,725,1556699405,2019/5/1,1526,03:21,18168,//i0.hdslb.com/bfs/archive/865dd2adb581dfbd3d2f7c91c1acfeaa575674f1.jpg,655172,137,16:30:5,日本又一奇葩泡面，脑浆洗发水味道泡面，怎么这么奇怪,2625
51016478,BV1W4411t73X,4976,1102,1556698204,2019/5/1,3540,02:09,30475,//i0.hdslb.com/bfs/archive/20777cca6c4fcd5ab2c363c1d67223c3d29718d6.jpg,905408,655,16:10:4,在熟睡的表弟旁边敲大铜锣会发生什么，上学还会迟到吗？,2457
50739298,BV1U4411b7uJ,17507,1860,1556443308,2019/4/28,4846,05:21,36232,//i2.hdslb.com/bfs/archive/e166d820014ac5955f08b5d2ce932e16f843781f.jpg,752900,665,17:21:48,放弃百万年薪的三个月里我赚了多少钱？小伙苦不堪言,3638
50608602,BV1M4411b7Gk,3209,1168,1556355617,2019/4/27,1521,03:03,16676,//i0.hdslb.com/bfs/archive/e14424ba6f2abcf692ba1347d39e4b18003c50b8.jpg,523930,97,17:0:17,听说蓝莓可以治视力，那我吃一千颗是不是就不用戴眼镜了,1971
50531029,BV1x4411h7cF,15152,1317,1556278402,2019/4/26,7491,03:10,37139,//i1.hdslb.com/bfs/archive/b97bb34c1695947bdc4cfc6235bddd1923089b6c.jpg,830872,3855,19:33:22,把二十桶薯片蛇塞进一个罐子里去整蛊表弟，会发生什么？,6882
50339521,BV1x441187bp,8181,1117,1556099465,2019/4/24,2604,05:16,16919,//i1.hdslb.com/bfs/archive/1776f4059636f2453afd5695d9bf9878b62579e7.jpg,370486,218,17:51:5,挑战世界吉尼斯记录！全身上下贴满便利签,13296
50149864,BV19b41137LN,3935,747,1555927214,2019/4/22,1759,03:15,15753,//i1.hdslb.com/bfs/archive/577150a72d6985f1eead78f2a575783877172ce5.jpg,499228,232,18:0:14,又是透明系列，这透明酱油喝起来怎么感觉怪怪的？,1409
49900558,BV1Tb411V71x,3426,702,1555744273,2019/4/20,1354,04:54,13698,//i2.hdslb.com/bfs/archive/59fc01d6381b2f7d790390540adf1cf5dcca146c.jpg,268596,240,15:11:13,蹲在马桶上打高尔夫球！？抖音沙雕玩具开箱,2175
49711506,BV1cb411L76o,3597,998,1555590742,2019/4/18,1729,04:59,18948,//i2.hdslb.com/bfs/archive/f006f2fd5aa10da1927be962c374552b72639e88.jpg,712313,202,20:32:22,你吃的外卖可能都有上瘾粉，看完你还敢吃吗？,1724
49515073,BV1kb411j73s,6816,931,1555411699,2019/4/16,2456,04:25,22658,//i1.hdslb.com/bfs/archive/89e21f82bf4b2f980e71468c5fe072f2ad0d8cf3.jpg,614360,284,18:48:19,印度居然生产罐装汤圆？吃了一口感觉甜的恋爱了,2761
49314926,BV18b411L7nc,6101,1065,1555238469,2019/4/14,2108,04:13,19657,//i1.hdslb.com/bfs/archive/3dc2b89a5034f8ed177d73a67c4b473188acb3fb.jpg,601713,162,18:41:9,小伙熟猪脑吃不惯，撩起袖子生吃脑子！,1828
49069250,BV1nb411K7sk,7112,903,1555059788,2019/4/12,2414,03:52,25698,//i2.hdslb.com/bfs/archive/139916753ebae3a800995d062ad7320c5a439770.jpg,801786,154,17:3:8,日本500一罐的珍珠蚌罐头  小伙一下子买了两个,1688
48890471,BV1ub411M7wP,4680,974,1554888842,2019/4/10,1982,03:39,18096,//i2.hdslb.com/bfs/archive/5fd47a32a83e4264b92ba0564d4e812ceb326f88.jpg,658763,355,17:34:2,男子生吃蚂蚁蛋 半小时后感觉蚂蚁在喉咙里爬,2399
48612486,BV1Vb411u7QV,6723,806,1554635867,2019/4/7,2368,05:16,20238,//i2.hdslb.com/bfs/archive/1a5876e4ba4627da89131bd3c4ba2401ac50cc59.jpg,498254,385,19:17:47,花2000元买的娃娃机只是摆设？男子怒爆抓娃娃机内幕,1263
48487373,BV1Lb41137Qm,4461,1145,1554545332,2019/4/6,1529,04:35,16890,//i1.hdslb.com/bfs/archive/9c8dfc3bcec3fc3cc4029f9548a3a832eb82b5e5.jpg,475921,245,18:8:52,7元一颗的车厘子和4元一颗的樱桃到底有什么区别！？,1673
48370853,BV1Db411g7qv,7085,1459,1554457861,2019/4/5,2211,04:19,22341,//i2.hdslb.com/bfs/archive/fa7719bfb6151425a149a43530c359c86c147a07.jpg,553995,386,17:51:1,吃草莓吃到饱是一种什么样的神仙体验!,3030
48171944,BV1Lb411W7MU,7649,1341,1554285343,2019/4/3,2769,05:21,32187,//i2.hdslb.com/bfs/archive/987ed2e2be92acdac6d46b9d90f66b8e946898a2.jpg,1072180,615,17:55:43,"100元的广东特色巨大肠粉,小伙吃到内牛满面",5033
47772309,BV1yb411W76n,7351,1687,1553940184,2019/3/30,1984,04:02,18151,//i0.hdslb.com/bfs/archive/013746b79ac680b85171b261bc4c557348a48394.jpg,431633,291,18:3:4,小伙把150个雪饼上的粉全部刮下来吃掉，数量惊人,1543
47583154,BV1ib411x7G8,11746,822,1553772188,2019/3/28,3136,09:40,22507,//i2.hdslb.com/bfs/archive/6d4ab9707e4664bf71899dd2986ba1f97da5725a.jpg,555711,1249,19:23:8,小伙爱抓娃娃，怒花2000买个抓娃娃机摆家里想怎么抓就怎么抓！,3257
47408068,BV1Lb411t7Pi,20475,1452,1553593834,2019/3/26,6653,05:41,51327,//i2.hdslb.com/bfs/archive/7755ac42920e2700489529f0b9247235f5ec9a99.jpg,975645,1180,17:50:34,100根玉米香肠里面究竟会有多少玉米呢！？数到放弃,4182
47209968,BV1Gb41147ni,5590,801,1553417702,2019/3/24,1600,06:02,15074,//i1.hdslb.com/bfs/archive/5df62e67ee270cba3317b377a2db14b024f64b2f.jpg,408817,146,16:55:2,自制澳洲波士顿金箔龙虾披萨  价值1000元你会买吗？,1883
47000376,BV15b41177oV,5688,738,1553247877,2019/3/22,1930,04:00,17222,//i2.hdslb.com/bfs/archive/0a19946c9d8cbcf968fb83f837fef380efe2af16.jpg,570743,310,17:44:37,用赛车赛道做旋转寿司吃  寿司全都被甩飞了？,2045
46745994,BV1tb411E7HX,4665,1030,1552992555,2019/3/19,2242,03:58,19343,//i2.hdslb.com/bfs/archive/aa49e50255c239ee122ab6233470b75d16c7e63a.jpg,493273,652,18:49:15,把一千只假蟑螂黏天花板  表弟睡觉的时候会吓晕吗？,3307
46561758,BV1Gb411n7sN,9500,878,1552815384,2019/3/17,3268,04:47,25740,//i0.hdslb.com/bfs/archive/365e5a97b3cfabed9950840ee3a64990b942cee1.jpg,787216,310,17:36:24,开箱日本夏天必备的流水素面机  尝起来跟冰箱里拿出来一样,3017
46165824,BV1Qb411n7AN,11279,645,1552466762,2019/3/13,2428,04:24,23050,//i1.hdslb.com/bfs/archive/8b1af9ac0cd874d801d0548e48c0ebbe28dc7610.jpg,549595,227,16:46:2,小伙把一颗400元的绿色鸸鹋蛋拿来煮水煮蛋  竟然煮烂了,2659
45995983,BV1xb411e7oQ,4066,750,1552297976,2019/3/11,1473,04:37,13327,//i0.hdslb.com/bfs/archive/313b003e9a3409852060d603342fda4c16944762.jpg,428442,111,17:52:56,素食主义者吃的牛排火锅味道竟然跟嚼橡胶一般？,1207
45674506,BV1bb411v7Ze,6122,969,1552033564,2019/3/8,2579,03:54,23476,//i2.hdslb.com/bfs/archive/21e2ade06d93869cb982d7a12821fd338e43be19.jpg,855744,321,16:26:4,1万根薯条大胃王挑战！吃剩的薯条不要扔还可以做菜,2913
45498826,BV1jb411q7bx,15655,784,1551857855,2019/3/6,2580,04:37,19478,//i2.hdslb.com/bfs/archive/1a3c365e84b4cefefc79e2bebc7b1c66b7887bd1.jpg,353918,317,15:37:35,用自己的脑袋劈100块木板可以练成铁头功吗？,2825
45125853,BV1Vb411B731,9010,875,1551518846,2019/3/2,2247,04:40,20000,//i2.hdslb.com/bfs/archive/ba9de2d5081d8f1d0b40ef26373713c7be78092c.jpg,585749,249,17:27:26,"小伙花500元开出4mm真黄金,赚了还是赔了？",2233
44937868,BV13b411b7UN,23874,1351,1551349196,2019/2/28,5312,04:27,50421,//i0.hdslb.com/bfs/archive/e13546f6007dee10512e40301a74a3c3a51bca65.jpg,1261116,549,18:19:56,挑战400串正新鸡排牛肉串~吃到怀疑人生！,4715
44751039,BV1yb41187uK,7287,2787,1551166529,2019/2/26,2521,05:07,22110,//i0.hdslb.com/bfs/archive/e5cedd3d39eb164a943b9a674a6aff804da3a4c0.jpg,830130,1405,15:35:29,男子为了体验来大姨妈的感觉居然狂吃油鱼,5866
44366131,BV14b411h7z9,15829,972,1550822459,2019/2/22,3948,06:15,26046,//i1.hdslb.com/bfs/archive/0b99c6551c6fe71bdc16e1c32584baf3dbf589d3.jpg,531443,895,16:0:59,"开箱抖音四种沙雕玩具,这个陀螺永远停不下来？",3408
44074889,BV1Sb411a7VM,11804,1788,1550566585,2019/2/19,3039,03:39,22981,//i1.hdslb.com/bfs/archive/553ac764f49e0752d64681ecfe5189e61a69e82e.jpg,597624,704,16:56:25,100瓶真果粒里面会有多少果粒呢？,2809
43764597,BV1gb411m72q,11699,2207,1550314917,2019/2/16,2696,04:14,22521,//i0.hdslb.com/bfs/archive/9e02d00712c21e1a7a1de79b817d96e5c03163bd.jpg,483838,251,19:1:57,被骗小伙又花400元买了三块石头？,5818
43763255,BV13b411m7cd,3842,1205,1550314047,2019/2/16,1719,04:44,12627,//i1.hdslb.com/bfs/archive/8460dbf4390bea59cb85fee8eea982356fc965ba.jpg,505782,761,18:47:27,震惊！coco里珍珠数量居然比一点点多出那么多？,4474
43546472,BV1Pb41127Yt,5002,1428,1550145107,2019/2/14,1979,04:36,15231,//i1.hdslb.com/bfs/archive/685bcf34e78475a35b6d94149269e3999fd8cd7b.jpg,469255,261,19:51:47,"买了超多日本不同的泡面, 能吃的完？大胃王挑战",3195
43215144,BV1yb411S73k,11764,1086,1549873325,2019/2/11,5049,07:27,24533,//i2.hdslb.com/bfs/archive/07a7ec017c46f5aa534f56ae1094503a599c86ce.jpg,542311,1352,16:22:5,笑了就要喝饮料还有染头发-不要笑挑战,3329
43044051,BV1Db411U7ih,34302,1317,1549704845,2019/2/9,10154,05:19,62677,//i1.hdslb.com/bfs/archive/6533f8a9fea8931aa0264fb851d519783df95116.jpg,1037774,669,17:34:5,学会赌神的一柱擎天要花多久时间？！,5736
42709113,BV1ob411r7Zd,27276,6310,1549355909,2019/2/5,7977,03:43,26554,//i1.hdslb.com/bfs/archive/1d00900bdfde73484ace4e06222513dd49d87fec.jpg,468725,221,16:38:29,小伙花600元开出价值3000的纯金骷髅！？,1921
42439628,BV1Lb411C7zL,7800,1104,1549099864,2019/2/2,2128,03:34,20286,//i1.hdslb.com/bfs/archive/693be761d7efd96346bcb1ee31a5e0b904ccde69.jpg,740877,310,17:31:4,用一箱牛奶果去榨出一杯新鲜的牛奶会更好喝吗?,2629
41570381,BV1tt411b7j4,11778,2060,1548320885,2019/1/24,4111,06:34,25014,//i0.hdslb.com/bfs/archive/9f3f10070b39d5c21c84d1b484a2ad9ce706bb8a.jpg,1001726,1568,17:8:5,把麦当劳所有汉堡买回来找出最好吃性价比最高的汉堡！,6341
40963674,BV1Qt411h7aJ,11336,816,1547719845,2019/1/17,4575,05:28,32968,//i1.hdslb.com/bfs/archive/70289961d8a97ed9a7a56ea7bd691c7fd5853d3b.jpg,1170505,1915,18:10:45,小伙开箱抖音四种奇葩玩具被坑哭!,4660
40802889,BV1ft411H7mC,9292,719,1547544744,2019/1/15,2548,04:53,17034,//i1.hdslb.com/bfs/archive/a9fc22ba2a152f92c4b1e6ac3357181e36063a31.jpg,518259,420,17:32:24,制作一个世界级超级巨无霸汉堡来吃？,3689
40557704,BV15t411W7pW,9352,859,1547287851,2019/1/12,2263,05:59,17819,//i2.hdslb.com/bfs/archive/b5ca6035440e70c462922b4cfeccbeafb9a09199.jpg,523082,339,18:10:51,用100份暖宝宝来煎鸡蛋会熟吗！？,2522
40466388,BV1mt411p7sT,7428,805,1547199055,2019/1/11,1901,04:38,16588,//i2.hdslb.com/bfs/archive/30936d9ef99debbf9563785a9db60b81b4ec0014.jpg,639380,399,17:30:55,168元的巨大健达奇趣蛋里面有些什么东西？,3105
40388294,BV1Wt411p7Gu,3532,366,1547113003,2019/1/10,930,05:48,8295,//i2.hdslb.com/bfs/archive/3c6fb4d86cd7a13a8c98ca66892799973f92ffbe.jpg,288146,285,17:36:43,超小型洗衣机能否洗干净一双袜子？,1825
40068117,BV1Tt41147SQ,34232,892,1546761926,2019/1/6,5103,04:14,31242,//i1.hdslb.com/bfs/archive/925facf3994c2e847cf7e88180c034d36db17eaa.jpg,444998,152,16:5:26,110元的寻宝玩具可以挖到真的黄金诶！?,1679
39895790,BV1Lt411x7KB,37600,1433,1546594874,2019/1/4,6582,06:51,54391,//i0.hdslb.com/bfs/archive/5d21d57f9239971ff4268fa47550f09aaa3305cf.jpg,1397854,1714,17:41:14,100元的鸡蛋饼到底有多好吃 料超多！？,4328
39626639,BV1tt411B7ag,19488,1110,1546318977,2019/1/1,2681,04:33,21173,//i0.hdslb.com/bfs/archive/9b80423c682099c8752c71ceb891dd6c86bff97a.jpg,410645,743,13:2:57,把旺旺仙贝的粉融合成一个超级大仙贝会更好吃吗？,2614
39419128,BV19t411z7ri,3007,472,1546163078,2018/12/30,918,04:45,7726,//i2.hdslb.com/bfs/archive/07ef4f8366fe96dbd4b3628ac3fbdb2135e64b57.jpg,312889,297,17:44:38,宇航员在太空中吃的食物是什么样的呢？口感有点像呕吐物...,1432
38843356,BV1ht411k7U7,3364,543,1545557486,2018/12/23,1272,02:33,6103,//i0.hdslb.com/bfs/archive/e290649349bc6584a6bdcbe668efd55056ded0aa.jpg,249848,294,17:31:26,鼻塞的人有救了！矿泉水瓶夹腋下可以治疗鼻塞！?,447
38667197,BV1Yt411Y7R9,3032,366,1545394840,2018/12/21,800,04:00,7586,//i2.hdslb.com/bfs/archive/e5a9405eb6ba407abd7a6549f6dc5ea7c05422c5.jpg,351102,86,20:20:40,"这只竹鼠中暑了,不如我们把它烤了吃吧！",755
38521719,BV1Et411v7id,7542,782,1545217278,2018/12/19,1295,05:32,13319,//i0.hdslb.com/bfs/archive/9f8842b388ec53194ccd9b6de4c6115ecb87a486.jpg,430062,476,19:1:18,小伙尝试吃榴莲火锅 被人说在煮屎！,2092
38380370,BV12t411e7Y8,8689,517,1545041793,2018/12/17,1098,04:06,10352,//i1.hdslb.com/bfs/archive/b7eefc27881b5303929ee08c006ebb501dcbbe8d.jpg,316503,190,18:16:33,比甘蔗干还奇葩的水果干！石榴干是什么样的？,976
38217084,BV1qt411i7Lu,6661,913,1544866240,2018/12/15,1482,04:00,11027,//i0.hdslb.com/bfs/archive/fc0f6a72b3ac6fd2fa60051dd9be73bb15454d64.jpg,504280,232,17:30:40,用100份暖宝宝可以煎熟牛排吗？,1439
38067118,BV16t411v77a,43460,2751,1544697176,2018/12/13,7421,07:36,38358,//i0.hdslb.com/bfs/archive/6c9b3661bd2c64fc9c7c4d7969205e9e964d565a.jpg,571240,946,18:32:56,我放弃了100万年薪来做视频？？,3718
38001449,BV1ct411B7kG,2923,491,1544612330,2018/12/12,934,03:49,7293,//i2.hdslb.com/bfs/archive/a0a126e791fb7bbb2e32a8aec24d32e331af6436.jpg,395606,470,18:58:50,"用长相奇特的象拔蚌来做刺身,味道是什么样的？",4663
37870812,BV1nt411q7MW,9141,489,1544440489,2018/12/10,1525,05:24,13390,//i1.hdslb.com/bfs/archive/ed137ce7dc96438b19d59167ed6bd9b74dc267ca.jpg,450487,369,19:14:49,"用A4纸做一个火锅,真的可以用来煮东西吃？",1532
37613680,BV1bt411S7Qo,5524,521,1544177358,2018/12/7,960,03:28,10325,//i1.hdslb.com/bfs/archive/c1fbedb93bea5df4da31a8dd63520225a970f9a0.jpg,393126,175,18:9:18,剥栗子神器！没有男女朋友的可以很方便的吃了,949
37474833,BV1tt411Q7bz,7154,1992,1544005824,2018/12/5,2347,03:01,18149,//i1.hdslb.com/bfs/archive/55d10b024dc93031a7cfccf45ed564d0f92015f1.jpg,1196458,1153,18:30:24,最奇葩的水果干 甘蔗干的味道是什么样的,2769
37164917,BV1Ct411X7Eg,12913,594,1543656310,2018/12/1,1523,04:53,13826,//i2.hdslb.com/bfs/archive/af2ef680964298fbe0136ca170d3aa45762d7fb0.jpg,473388,272,17:25:10,3元外卖包VS 115元外卖包  真的和外卖味道一模一样吗？,898
37083366,BV1Tt411X7Bo,8056,360,1543573139,2018/11/30,1216,05:41,10503,//i0.hdslb.com/bfs/archive/58ee0c1b1e8a810ad7790c62d509f9ebf668a848.jpg,279295,126,18:18:59,欧美流行的丰唇器真的能改善我“帅气”的面貌吗,1306
36947825,BV1Tt411R7Xr,1598,512,1543399860,2018/11/28,817,05:55,6891,//i1.hdslb.com/bfs/archive/fc7a5acb00851541fd12fc15602d47a67b700b03.jpg,369348,160,18:11:0,开箱抖音情侣神器99%的女生都哭了,1402
36580869,BV1Jt411y7Uq,1928,1479,1542966031,2018/11/23,804,05:57,7507,//i1.hdslb.com/bfs/archive/f1dab04c8ad8028dac7f3742f376a5626caa1c87.jpg,650311,116,17:40:31,试吃王刚老师的冷吃牛肉 性价比真的很低吗？,1598
36513935,BV1Ft411y74M,3112,295,1542879965,2018/11/22,824,03:26,6156,//i1.hdslb.com/bfs/archive/c782496a70139b319864ec20d7b825b0aeb9dc24.jpg,216443,462,17:46:5,小伙开箱不费电不费钱的小型洗衣机,755
36153976,BV1at411m7gi,14282,922,1542445521,2018/11/17,6756,05:34,22817,//i1.hdslb.com/bfs/archive/6116f915f16aec65d80bb72c9dd3acf259ecb6ad.jpg,631417,263,17:5:21,在烧仙草里加上一百份芒果会怎么样？,2580
35608475,BV1rb411c7ZM,14267,401,1541753951,2018/11/9,1641,05:32,12298,//i0.hdslb.com/bfs/archive/485f7988e4b1e95105bb412b999734c1f9e3fb9e.jpg,317224,178,16:59:11,魔鬼辣椒制作的世界第一辣泡面究竟有多辣？,1465
35487693,BV1Ab411c7Ub,11530,432,1541583257,2018/11/7,1587,06:13,11012,//i0.hdslb.com/bfs/archive/94f6c1d91d3f52adeec863ed2b077fd6753c7a0f.jpg,327810,148,17:34:17,一碗65元的泡面足足有2142卡路里,1672
35125959,BV1vb411P7iK,3070,358,1541150608,2018/11/2,1162,04:17,9796,//i1.hdslb.com/bfs/archive/87c07dad3baa2f4c6ffda35b3cf383ca3c17cb9e.jpg,429077,241,17:23:28,用童年回忆做出了一个超级大打不破的泡泡,1812
34994880,BV1Rb411A7BV,2705,269,1540973294,2018/10/31,883,07:05,5160,//i0.hdslb.com/bfs/archive/9f82aff787ea97c2c8de494968ade3438cc74480.jpg,203106,108,16:8:14,永远不会被弄湿的纸 依然能在上面写字,1395
34711481,BV1Jb411N7qK,14603,506,1540634340,2018/10/27,2206,03:56,16296,//i2.hdslb.com/bfs/archive/bcc826f9f1793eb0f01843a91541ebeb8bc0d350.jpg,466906,97,17:59:0,挑战一百个冰淇淋筒能否成功？？,1802
34567500,BV1Ht411d7eu,11644,426,1540458945,2018/10/25,2519,07:42,15516,//i1.hdslb.com/bfs/archive/b7a115bd8bc27dbca0c5e2de1c29d420508a9e80.jpg,397705,421,17:15:45,小伙挑战连吃八锅巨无霸火锅,1871
34207490,BV1Gt411o7xo,7485,641,1540012332,2018/10/20,1191,03:47,11381,//i0.hdslb.com/bfs/archive/0c2642524d17f98dd811be155d169a44c5d67570.jpg,344676,118,13:12:12,小伙花799元买了一个意念移物的脑波控制仪!!,1173
34090401,BV11t411d7NM,5431,596,1539858185,2018/10/18,2420,05:44,18933,//i1.hdslb.com/bfs/archive/853d240c57e3cab8336613282ffd74694044f8d7.jpg,752725,380,18:23:5,小伙自制超大果冻布丁并挑战吃完它！,3348
32825089,BV1JW411m7KQ,2775,792,1538377163,2018/10/1,1308,07:11,6241,//i0.hdslb.com/bfs/archive/a81ed92f3b6c5148a384789f3801da802d0069bd.jpg,221723,562,14:59:23,来看2017年的自己录给现在的我的视频      超羞耻超尴尬！！,2714
32754136,BV1zW411S7nX,1709,323,1538296716,2018/9/30,426,07:00,3809,//i0.hdslb.com/bfs/archive/2402c31169d51385a047be3053e4eb3cb145be1b.jpg,174452,43,16:38:36,可乐加红牛一起喝下居然会出现这样的化学反应？,841
32460157,BV1PW41167XF,1467,346,1537869648,2018/9/25,378,05:52,3756,//i0.hdslb.com/bfs/archive/6da45ef339aa29a0fef03e2320b19a43992fafa3.jpg,151228,40,18:0:48,没人送月饼那就自己动手做老干妈脏脏月饼吃,803
32228106,BV1iW411r7qV,2120,353,1537606439,2018/9/22,379,04:11,3830,//i0.hdslb.com/bfs/archive/7cb4fc4cd21bcea96aed488a07da52745eda9393.jpg,157728,50,16:53:59,让自己手中燃起火焰！我会魔法哦,780
32099089,BV1dW41167wd,5659,474,1537438471,2018/9/20,891,09:11,8760,//i2.hdslb.com/bfs/archive/cd5f8305aa66fcf87296fae6e1ec50698e1aee9b.jpg,308249,188,18:14:31,来吃自己做的超大可乐果冻吧,2568
31581208,BV1zW411C7WR,1648,644,1536740167,2018/9/12,804,14:24,4379,//i0.hdslb.com/bfs/archive/d251691effb0c9053380ebd1898a045f47d8303e.jpg,153963,167,16:16:7,去北京看华晨宇演唱会vlog,1918
31014522,BV1cW411Z7YV,1826,379,1535956908,2018/9/3,619,04:13,5972,//i1.hdslb.com/bfs/archive/c39adc8d495d1053f5f883f79231e84d9ef9f0e9.jpg,280110,54,14:41:48,宇航员在太空中吃的固态冰淇淋是什么味道的？,810
30706697,BV1TW411f7oM,1850,740,1535617645,2018/8/30,858,05:45,6797,//i2.hdslb.com/bfs/archive/190c73abfad2f77d71635736115e77b31c90575f.jpg,275486,79,16:27:25,收到了一份可以实时显示自己B站粉丝数的快递,1224
30446590,BV1hs411F7gk,1851,759,1535357918,2018/8/27,550,06:15,5392,//i2.hdslb.com/bfs/archive/ff7bced350a4c53e4c8fdb4014c4eee78f339eaa.jpg,190724,267,16:18:38,让男生感动到哭的礼物 作为女生的你有没有送过呢？,2033
30269002,BV1nW411D7ne,6502,1228,1535178049,2018/8/25,1665,09:52,14132,//i1.hdslb.com/bfs/archive/ccf48545147d9608772d5de616f58c11b65c7ec2.jpg,322099,312,14:20:49,用火烧B站奖牌来验证是纯银还是镀银,3268
30112166,BV15W411X7uJ,36736,1024,1535016583,2018/8/23,3221,07:20,18135,//i1.hdslb.com/bfs/archive/3c8727e4f622729903ee85f6fa3638207300e2ee.jpg,261463,478,17:29:43,我居然把B站奖牌给吃掉了！！？？这个视频好贵...,3509
29928581,BV14W411Q7k1,1676,474,1534837524,2018/8/21,401,04:52,4218,//i1.hdslb.com/bfs/archive/82cf3fd0649b8022dd2a76e579c5bac968c91ca3.jpg,166675,50,15:45:24,"自制火爆日本的可乐咖啡,味道惊人",1185
29592167,BV1TW411d7AQ,1948,801,1534491040,2018/8/17,1543,04:35,8894,//i2.hdslb.com/bfs/archive/6c8154774ea2729aff93ea8d5219bb60e0d85e18.jpg,534289,151,15:30:40,矿泉水倒出来直接成冰块！超级神奇,1968
29332853,BV1Vs411M7DF,2438,996,1534234363,2018/8/14,753,06:44,8037,//i0.hdslb.com/bfs/archive/a788cd509321532b2ea6a8ee07efe9a05d35c83f.jpg,363747,170,16:12:43,"大胃王贤宝宝挑战两箱喜之郎果冻,结果令人震惊",3455
29079109,BV1qs411u7jK,5314,1350,1533971591,2018/8/11,1772,09:23,9973,//i0.hdslb.com/bfs/archive/0ba2435ed2176989bae5a42273c2b428350f5efa.jpg,397136,414,15:13:11,超级迷你iPhone开箱！和大拇指大小一样的iPhone!,4035
28921093,BV1qs411M7pE,2121,481,1533804966,2018/8/9,600,04:48,5512,//i0.hdslb.com/bfs/archive/af87d798569691337d065062ac54e20872d23da3.jpg,267029,143,16:56:6,居然有卖卫龙辣条冰淇淋  78元三份超级贵！！,1573
28258099,BV1ks411w7gj,1232,501,1533115203,2018/8/1,387,05:10,2992,//i2.hdslb.com/bfs/archive/4a6df2662b9c2103706579b5d12d387f029ea5f6.jpg,167132,134,17:20:3,试吃网易大佬出品的严选冻干牛肉方便面,1590
28018525,BV1gs411P7fn,3343,570,1532855290,2018/7/29,669,06:37,3753,//i0.hdslb.com/bfs/archive/207cfb3e92ec98ddef7c588fc64c22aeecf621df.jpg,146591,455,17:8:10,尝试用最大程度的电疗器来吃午餐..感觉不到手的存在了..,1695
27456055,BV1hs411K7W5,2442,727,1532246298,2018/7/22,720,05:43,6532,//i0.hdslb.com/bfs/archive/d7b61c6c1fd99eac471c75d5151537d7631f8524.jpg,261754,215,15:58:18,假发可以改变一个人的外貌？秃头UP亲自尝试一下,4282
27140745,BV18s411E7iF,1829,549,1531901005,2018/7/18,417,06:44,4389,//i1.hdslb.com/bfs/archive/1edf85ddf0c90e119230d53947f3760d52688ec8.jpg,152900,208,16:3:25,商家说一朵向日葵有1000颗瓜子亲自动手数数看商家有没有骗人,1606
26917556,BV1cs411n7X8,1415,490,1531644133,2018/7/15,651,04:36,5898,//i1.hdslb.com/bfs/archive/951e30b3ad52b43cc555126a68295035217e922e.jpg,310797,171,16:42:13,天气太热？那就来做一碗干冰泡面来吃 超级凉快,1862
26696174,BV1ss411H7uA,1520,495,1531389104,2018/7/12,822,05:46,4103,//i1.hdslb.com/bfs/archive/86803fd7bcc923e2c553b8e59f082a02cb3e069f.jpg,234801,186,17:51:44,吃了这颗糖有30%倍的饱腹感   再也不怕减肥了？,1557
26410594,BV1qs411p7vN,1411,420,1531038705,2018/7/8,610,04:47,6473,//i1.hdslb.com/bfs/archive/3af4d03537912d6eb369ec513bc9d932b999233b.jpg,318505,95,16:31:45,用不湿沙去做一张永远不会湿的纸怎么样？,1646
26130237,BV1Es411V76F,2490,484,1530686131,2018/7/4,542,06:33,4218,//i1.hdslb.com/bfs/archive/5308826c243b8e2b5f4228003cfab6a36ce69a98.jpg,170714,55,14:35:31,我们来用锡纸做一个B站百万粉丝的奖牌来庆祝九周年吧~~,1140
25940571,BV1Qs41157Zs,1017,300,1530431181,2018/7/1,631,06:00,5093,//i1.hdslb.com/bfs/archive/2b28941cff3706c32a17cc1cb878d68193814c00.jpg,275030,47,15:46:21,用冷水就能泡开的日本防灾防难户外超轻米饭,1243
25804965,BV1gs41157BP,886,340,1530276568,2018/6/29,307,04:34,2535,//i1.hdslb.com/bfs/archive/0a205700e9287434b43c2b310090f902935e6229.jpg,143543,82,20:49:28,自制老干妈冰棍  尝起来的味道竟不难吃？,803
25750630,BV1Qs411V7r8,1342,545,1530178690,2018/6/28,675,09:30,5302,//i1.hdslb.com/bfs/archive/45e290544aac3e979cc33dc6ad4db13a7b3d0de5.jpg,327801,138,17:38:10,试开童年回忆王者荣耀的福袋箱  小孩子的钱太好赚了吧！,2507
25687053,BV15s411j79p,994,255,1530091091,2018/6/27,270,04:12,2235,//i1.hdslb.com/bfs/archive/5e6832417c798d12797f5b9155c938d68e1c6684.jpg,116654,48,17:18:11,用气球装满整个房间  完成小时候的梦想,1197
25437680,BV1Ms411L7po,2007,333,1529741843,2018/6/23,273,04:57,2637,//i2.hdslb.com/bfs/archive/0b53cd7626b2fdbb396277155a606ae38785fea8.jpg,122900,56,16:17:23,超级昂贵的的可食用牙膏的清洁效果好不好呢,1079
25388594,BV1ss41177c6,1870,290,1529668171,2018/6/22,365,07:32,3607,//i2.hdslb.com/bfs/archive/b0407f17eb5dafa8ccafd0d1fea48cad50dde598.jpg,150687,126,19:49:31,用酸奶机来制作一碗老干妈酸奶吧！居然成功了！！,2060
25069610,BV1pW411c7E2,2647,622,1529219676,2018/6/17,1375,05:06,7219,//i1.hdslb.com/bfs/archive/02c9a909cc43c9bfdc4c18a9f11f1d79819f97f7.jpg,503954,453,15:14:36,来自己制作一碗超级大的珍珠奶茶吧  吃到撑,2407
24974259,BV1RW411F7Kr,1955,842,1529114427,2018/6/16,914,06:19,6027,//i2.hdslb.com/bfs/archive/93aad5e89bb3333880ffd639720861b5730c88d9.jpg,377669,336,10:0:27,自制网红脏脏粽  感觉自己又发现了一个商机 太天才,3033
24936112,BV1hW411F7G3,1771,288,1529049606,2018/6/15,866,06:31,6278,//i1.hdslb.com/bfs/archive/401c0e6b5d086f0dfeb7f4f73859fd6408c4c408.jpg,332428,146,16:0:6,抓娃娃机版的闹钟？抓不到娃娃会吵到停不下来,1190
24450630,BV1vW411A7vf,1461,296,1528269576,2018/6/6,525,04:52,4096,//i1.hdslb.com/bfs/archive/52930c252560e98e0ada94f4c228d0c0116ea471.jpg,226183,85,15:19:36,自制网红冒烟冰淇淋结果做出了会吐泡泡的冰淇淋....,1300
24136380,BV1bW411P7BN,2291,324,1527662967,2018/5/30,541,05:26,3134,//i1.hdslb.com/bfs/archive/e7a6e97edcbbfb3cbcaf1ec4f13634c0a8286f7e.jpg,196406,108,14:49:27,便宜的紫菜加些细盐就可以变成超好吃的海苔？？？,992
23823723,BV1rp411o7pb,4708,1099,1527067113,2018/5/23,1926,07:47,11067,//i0.hdslb.com/bfs/archive/e6044a49d1a32f099682d20b9a92a632c03dd3a4.jpg,809636,536,17:18:33,用炒酸奶的机器炒老干妈会成功吗？？？,5126
23584169,BV1Zp411Z7cZ,705,306,1526619106,2018/5/18,274,01:49,1919,//i1.hdslb.com/bfs/archive/5ef595bdbd9c113108af1e62fb28820d75a2a6cf.jpg,107731,40,12:51:46,搬家VLOG丨我回来了呀,531
22726437,BV1WW411V7Ed,1330,376,1524988176,2018/4/29,303,04:48,2509,//i1.hdslb.com/bfs/archive/911d73e3833947436678fec26668df658fe75a11.jpg,173606,81,15:49:36,自制皇家奢华黄金泡面 被黄金包裹的泡面,810
22515219,BV1MW411L79s,673,360,1524557610,2018/4/24,372,08:21,2352,//i0.hdslb.com/bfs/archive/5a171361f01a4196311abee0a460686ed23aa650.jpg,168291,60,16:13:30,现代人三天不碰手机会变疯吗  三天不碰手机挑战,1184
22253406,BV1bW411j7XW,2311,1430,1524040086,2018/4/18,1327,07:11,4210,//i1.hdslb.com/bfs/archive/0567c43256a9dab52c16460a8096a94baa6cd9a0.jpg,335377,164,16:28:6,第一次当B站管理员的体验是怎么样的？,2091
21993589,BV1KW411T7kP,1256,667,1523529829,2018/4/12,775,17:42,2491,//i1.hdslb.com/bfs/archive/662a8ad88403d3ef06f69081d0d9bbd5841f5979.jpg,158107,541,18:43:49,快手尴尬视频挑战#4〓如果给社会摇换个BGM还讨厌吗.....,7745
21434206,BV1iW411u78U,2923,309,1522430132,2018/3/31,358,06:51,2320,//i1.hdslb.com/bfs/archive/2d7446da2da4fc4c30ee9e28133fd6c6e6485c9e.jpg,116742,97,1:15:32,将手机绑在风筝上做一个简易无人机可以挑战成功吗？？？,764
21297260,BV1yW411M76B,1051,364,1522142749,2018/3/27,403,06:26,2490,//i0.hdslb.com/bfs/archive/58bf36571aafd7fa96c119959f336aef473c1a22.jpg,191926,102,17:25:49,把泡面调料包都混在一碗面里做出一碗超级好吃的泡面,1213
21170188,BV1oW411g7aH,2626,818,1521886312,2018/3/24,716,06:29,3696,//i2.hdslb.com/bfs/archive/809797f8e6183b5d2585776c4b00ef537d3be76d.jpg,231953,535,18:11:52,50张面膜敷在脸上可以年轻20岁吗？？,2911
21048732,BV1EW411g7yc,5014,5044,1521627835,2018/3/21,1508,15:32,5206,//i2.hdslb.com/bfs/archive/066cca1944b2e0533552e498bde2898203e255a5.jpg,306929,660,18:23:55,..下载快手一探究竟....想寻找快手里的一股清流.......,8863
20933242,BV1FW411W7ea,1712,1333,1521364863,2018/3/18,1128,06:50,3498,//i0.hdslb.com/bfs/archive/d1a4cc7115fe492957568c6be7d78bd4f92426e9.jpg,514436,654,17:21:3,100包方便面菜包放进一桶方便面会更好吃吗？？？,2955
20878746,BV19W411p7rc,785,257,1521273788,2018/3/17,292,07:17,1762,//i0.hdslb.com/bfs/archive/79afc91c0032506cce10d7cb770e996846b28589.jpg,125023,29,16:3:8,自热寿喜锅〓用豚骨汤底做的自热寿喜锅,847
20799048,BV1EW411p7Nu,880,205,1521107119,2018/3/15,293,05:00,1732,//i0.hdslb.com/bfs/archive/56b30a6be70a0e00aea41f9c5a187a69c9b33107.jpg,115448,35,17:45:19,这是我吃过最多配料的国产泡面了,512
20725108,BV1NW411p7Dc,730,256,1520931612,2018/3/13,218,07:01,1240,//i2.hdslb.com/bfs/archive/2e169f8fb85b968112cbaba820681660f26024ae.jpg,71524,55,17:0:12,百香果混合饮料挑战〓感觉自己制作出了超级好喝的百香果饮料,685
20601557,BV1fW411W71g,1650,250,1520675683,2018/3/10,392,06:43,2348,//i0.hdslb.com/bfs/archive/44afba043ead4f1627a59e6763021c520b26153f.jpg,140077,60,17:54:43,黑暗食玩料理章鱼小丸子子〓不好看但是很好吃呀,1095
20550067,BV1RW411W74M,486,199,1520582694,2018/3/9,302,06:56,1754,//i2.hdslb.com/bfs/archive/2a3298e109b7bb3e3f63bb03fe66995f72a6721d.jpg,135968,57,16:4:54,看！可以吃小新的光屁屁了   没想到挺好吃的,722
20514928,BV1kW411W7Uf,13269,365,1520497794,2018/3/8,930,05:56,6771,//i1.hdslb.com/bfs/archive/73e5862bfbabad319361c2ba0347399a1de496f2.jpg,193646,65,16:29:54,10个藤椒嫩笋鸡腿堡挑战〓成功的话将捐出B站所得全部工资,977
20474222,BV1JW411W7fW,434,279,1520407661,2018/3/7,479,07:29,1515,//i1.hdslb.com/bfs/archive/72588d4c0bc4f5e1e6da2469e096334c941a4eea.jpg,185082,74,15:27:41,凌晨三点半的蟹堡王〓这应该是最后一个游戏视频了....,1428
20398847,BV1zW411x7Y9,1822,306,1520235536,2018/3/5,824,07:46,4611,//i1.hdslb.com/bfs/archive/61b0bb7edf16120b222f21de88562c3bbea2b267.jpg,270499,124,15:38:56,迷你厨房#4〓感觉三口就可以把这一碗火锅全吃掉,1890
20348092,BV1HW411x7r3,1591,361,1520132953,2018/3/4,398,06:15,2606,//i2.hdslb.com/bfs/archive/bb19588da702d8431af683aaaee5b9120550ed7e.jpg,103380,35,11:9:13,读评论#4〓我养了一只叫“茶杯头”的灰色龙猫,1059
20305676,BV1gW411x7pt,905,410,1520057765,2018/3/3,386,06:20,2399,//i1.hdslb.com/bfs/archive/5cefcc7aa71278cd42553df3acb981e11ff81aea.jpg,245704,62,14:16:5,自热螺蛳粉试吃〓现在不用热水也能让房间充满臭味啦,1454
19768075,BV1VW41177G1,2385,546,1519013719,2018/2/19,986,06:27,4182,//i0.hdslb.com/bfs/archive/fbb11ffdcee1a18e722f9e2b276cadc5dd37b39b.jpg,250219,146,12:15:19,迷你厨房#3〓用超小小锅炸虾片会成功吗？？超好吃,2098
19667061,BV16W411j7dK,1096,548,1518768089,2018/2/16,252,04:18,2043,//i1.hdslb.com/bfs/archive/a04f62c2df45e1717ad33036ccc5bb732a741ea4.jpg,75385,41,16:1:29,吃自己的生日蛋糕的时候相机掉蛋糕里了,2503
19361316,BV1EW411n74A,1887,1145,1518171255,2018/2/9,1272,04:39,6462,//i1.hdslb.com/bfs/archive/38db628ca56209a84321fef43bbd23b733b83365.jpg,763229,302,18:14:15,100个方便面肉包放进一碗面里会变得更好吃吗？？,2533
19320312,BV1KW411n7TB,495,385,1518097124,2018/2/8,221,04:40,1992,//i2.hdslb.com/bfs/archive/3eb380e70f6822cf6ec1f2368c75e2da9e3b0e65.jpg,100501,30,21:38:44,为什么这么多人喜欢吃闻起来馊掉的纳豆呢？？,882
18921406,BV1dW411n7WT,1615,851,1517304362,2018/1/30,629,03:25,2604,//i0.hdslb.com/bfs/archive/1e0286dbe8b0384ebb93053f83f83321cce0d3db.jpg,336432,117,17:26:2,近50元的超多肉 限定杯面 味道是怎么样的？？,3682
18757689,BV1hW411e74m,1703,311,1516959409,2018/1/26,326,04:23,2108,//i1.hdslb.com/bfs/archive/a89ed6c99e8f7553f7dd41e9a5f4d471ed0fe7c0.jpg,138761,70,17:36:49,试吃比火鸡面辣十倍的激辛MAX炒面！辣到头大！,961
17811341,BV18W411b7dd,1731,263,1514705676,2017/12/31,1148,21:10,2074,//i0.hdslb.com/bfs/archive/2fa29b0d2a1120cdd54e9290f1683056a76a56ab.jpg,88483,896,15:34:36,Human Fall Flat 〓这是一个互相伤害折磨的魔性游戏,1737
17643562,BV1UW411t7jV,578,252,1514276716,2017/12/26,342,05:30,2375,//i1.hdslb.com/bfs/archive/c03e92b91bacabecdb423c46ee62786ffbec3e35.jpg,139239,54,16:25:16,第一次玩史莱姆 居然发现意外的好玩有趣和解压~,1351
17520991,BV1rW411879q,626,336,1513965713,2017/12/23,317,05:21,1832,//i2.hdslb.com/bfs/archive/147a6bd531a86f2a0181ea110fee17d3e897d0bf.jpg,206618,68,2:1:53,自热小龙虾试吃〓..跟蚯蚓一样的龙虾肠子....超恶心....,1204
17353073,BV1SW411b7fS,1630,392,1513494573,2017/12/17,3256,01:57,2968,//i0.hdslb.com/bfs/archive/f34c6fde1d9c7cb0a63cc1c74b93f5dbbbc856d9.jpg,159458,567,15:9:33,可以给暗恋对象玩的小游戏 超级有意思 表白神器,751
17284799,BV1JW411a7B5,2706,1075,1513329167,2017/12/15,2878,07:13,10555,//i2.hdslb.com/bfs/archive/3fc57b394ea2aca7d28e0b1806c27b3cc7f09b21.jpg,1072115,734,17:12:47,自热海底捞试吃〓目前吃过最好吃的自热产品了！！,3835
17058361,BV1cW411h7LZ,940,310,1512726569,2017/12/8,497,10:18,2346,//i2.hdslb.com/bfs/archive/ec10882e26b4f898f431f7254a351a63acd492fe.jpg,152698,67,17:49:29,俄罗斯野战干粮单兵食品丨超级难吃的药丸,1779
16871919,BV11W411a7Up,569,259,1512217214,2017/12/2,447,03:42,1971,//i0.hdslb.com/bfs/archive/ceed411de60457fa5c405fcc43158830b855c229.jpg,105251,95,20:20:14,吃美元还有银行卡是一种什么样的感受？？人版哈士奇,648
16773427,BV1rx411573g,878,1257,1511941673,2017/11/29,1793,07:25,3279,//i2.hdslb.com/bfs/archive/f306e626967c0a0b650fa9d2968e4aff2af1b5c9.jpg,262128,440,15:47:53,福袋开箱#2〓打开之后后悔自己不是一个全职高手粉......,5020
16541149,BV1bx411V7s5,405,208,1511257929,2017/11/21,181,06:09,876,//i2.hdslb.com/bfs/archive/dc6542263df7704083bcfe3231eb7e67f753edee.jpg,46774,32,17:52:9,香菜零食试尝〓打开包装突如其来的香菜味！！,734
15352215,BV1Nx411g7bY,711,311,1507889354,2017/10/13,193,05:50,995,//i1.hdslb.com/bfs/archive/90a1c5f440393c501bd61bd44850036686fa00e0.jpg,95311,49,18:9:14,将近20元的一碗满汉大餐的泡面是什么味道的,1219
15121261,BV1yx411375d,302,331,1507230969,2017/10/6,182,04:10,748,//i2.hdslb.com/bfs/archive/2e889afb802060e5a8104f4953cb031e3130a0e2.jpg,55677,73,3:16:9,比脸还大的棒棒糖试吃〓舌头舔麻了都没舔完,958
15044209,BV1Jx41137CQ,1005,273,1507048613,2017/10/4,840,03:50,4011,//i1.hdslb.com/bfs/archive/548f3fba1eb9626fa331aa93deb4f829e3d580a0.jpg,227996,106,0:36:53,迷你厨房#2〓煎了一个好好吃的牛排哟,1830
14898044,BV1Mx411V7Go,813,645,1506678445,2017/9/29,583,13:41,1555,//i2.hdslb.com/bfs/archive/221ff2163c6b9575f3e0f231f0adb2b1009269e2.jpg,158708,543,17:47:25,快手尴尬视频挑战#2〓坚持不下去了....这次完全是尬演.....,5078
14868610,BV1fx411G74c,1122,333,1506587395,2017/9/28,646,07:58,3284,//i0.hdslb.com/bfs/archive/faa85a70d129ceb904085de8901a4457c56488e2.jpg,233187,105,16:29:55,200元福袋开箱〓中了一个等身抱枕！！,3165
14721492,BV1Wx411G7W2,1862,308,1506156170,2017/9/23,741,06:47,3061,//i2.hdslb.com/bfs/archive/e8a68fa54047960c0d1d4ed91d41d98ace055ece.jpg,131315,169,16:42:50,迷你厨房#1〓做了二十分钟蛋炒饭一口没了！！,1385
14658591,BV1bx411x75S,2723,272,1505979634,2017/9/21,412,06:16,1965,//i2.hdslb.com/bfs/archive/eafcb145dee97dbc5411e569d7588a242eb1e8a3.png,102080,189,15:40:34,魔鬼辣椒棒棒糖〓这是我吃过最辣辣辣辣辣辣辣的棒棒糖了！！,1208
14516460,BV12x411s7CL,1039,964,1505556227,2017/9/16,1172,12:00,3553,//i2.hdslb.com/bfs/archive/eea5177cf4ec8b9b43b331a73e58458ceac54224.jpg,203505,1408,18:3:47,快手尴尬视频挑战丨看完你不尴尬算我输。,7081
14507473,BV1ax411s7bK,963,370,1505541586,2017/9/16,2381,03:01,6210,//i1.hdslb.com/bfs/archive/ca1c9dd49445666eda8877447b1cae3469b7b73e.jpg,907123,317,13:59:46,VR跳楼自杀#2丨我的高楼恐惧症要犯了！！！,1797
14373559,BV1ex41147p1,908,352,1505115577,2017/9/11,723,11:34,3844,//i2.hdslb.com/bfs/archive/318b876ee48e8ccc1e7aed0cc9ddd2e88cc8a5b8.jpg,255064,95,15:39:37,美国军粮试吃丨还是中国的比较好吃.....,3043
14301790,BV1nx41147i6,4244,1677,1504937333,2017/9/9,3627,07:15,42171,//i0.hdslb.com/bfs/archive/b5aa1886cd241c10fe7d1c36d509aa5c1875a30d.jpg,1646384,680,14:8:53,中国军粮试吃丨吃完有点想参军了！！,12337
14038295,BV1rx411t72Q,466,226,1504185833,2017/8/31,321,03:40,2773,//i0.hdslb.com/bfs/archive/55dfe202a67b847e2b04359e43a53478f5bdd38c.jpg,107179,54,21:23:53,UP主巅峰时候的颜值长什么样子！？？,897
13735295,BV1Sx411b7hr,4157,264,1503528261,2017/8/24,595,12:23,3616,//i0.hdslb.com/bfs/archive/704040bca0789b59d60976d6e3333a9449b58a9e.jpg,68635,303,6:44:21,板蓝根火鸡面魔鬼辣椒丨混合吃掉会怎么样？,1958
13175117,BV1ex411n7rQ,1170,1039,1502315741,2017/8/10,791,07:25,7260,//i1.hdslb.com/bfs/archive/1f3ab4dc374afcff6589584e82f5cae4e3591497.jpg,348266,280,5:55:41,=死神辣条试吃=[这个死神辣条这么弱的吗！？],4484
