﻿aid,bvid,coin,comment,created,date,favorite,length,like,pic,play,share,time,title,video_review
498376205,BV1AK411p7nE,1550,290,1592038832,2020/6/13,1293,11:51,9739,//i1.hdslb.com/bfs/archive/31d26e897794323c6bb97247e65a8cd2ccd947e7.jpg,70819,112,17:0:32,不要被套路挑战！看看谁是小傻子！,862
455963252,BV1P5411W7wX,21935,1382,1591761602,2020/6/10,9472,02:47,33099,//i2.hdslb.com/bfs/archive/57d81e83c55d5f9063b314f71ab1dcc4462c431b.jpg,389209,1943,12:0:2,1分48开始嘶吼高能！国人无修音翻唱林肯公园《Faint》,1171
413427303,BV1WV411r7Lg,222,154,1591012842,2020/6/1,205,03:58,3893,//i2.hdslb.com/bfs/archive/a6883164e0d042622e8c0181455486265e87c896.jpg,28212,36,20:0:42,当up主真的快乐吗？,73
583257788,BV1pz4y1d7rL,2178,409,1590919219,2020/5/31,1428,09:39,12842,//i0.hdslb.com/bfs/archive/6c303c8690d874b974569bb993356dc01288dfa3.jpg,111850,150,18:0:19,"背上搞艺术,全员毕加索",1182
968279575,BV1Zp4y1Q7dY,382,256,1590834299,2020/5/30,426,14:49,6327,//i0.hdslb.com/bfs/archive/c1305179f5875d4b04309caa67c371b682d71605.jpg,60731,60,18:24:59,不 要 渣 挑 战 ！（男）,867
370677469,BV1HZ4y1p7v5,1181,366,1589955312,2020/5/20,1327,03:01,8186,//i1.hdslb.com/bfs/archive/1c6b75b1b33d52cac52e55084cb5563e1421db7d.jpg,143109,230,14:15:12,【小可儿】这歌属实扎心了……,240
838227169,BV1xg4y1B7Mh,228,139,1589361603,2020/5/13,2317,03:22,5880,//i1.hdslb.com/bfs/archive/556e637621f7f1718a9f1a206f6333496943154e.jpg,41201,721,17:20:3,【听一遍瘦10斤】瘦 性 大 发,115
795715218,BV1wC4y1p7BU,363,224,1589283005,2020/5/12,3353,01:58,7586,//i2.hdslb.com/bfs/archive/b14364aafbaabe0b0f37975fd4bed2012c2de29d.jpg,31549,3283,19:30:5,女人！我的卡你随便刷！,2104
840520081,BV1Z54y1Q7Y4,915,262,1588651256,2020/5/5,769,03:26,6652,//i1.hdslb.com/bfs/archive/8f4595001a8b304d0ff3b117f1549732ca5067e3.jpg,45816,60,12:0:56,【小可儿】国 风 说 唱 ，当 潮 不 让。,153
412958340,BV1LV411d74a,1998,536,1587976652,2020/4/27,1824,08:18,11077,//i2.hdslb.com/bfs/archive/e6cf9759ca9625b765f0bbbfccf6cb89bc2f5dc5.jpg,126180,172,16:37:32,闭关2个月做一首土嗨【End of Time 小可儿 Remix】,562
497546966,BV1zK411773U,425,377,1585828835,2020/4/2,309,05:29,5838,//i2.hdslb.com/bfs/archive/60c53259fef39767406572ef12cb3bf66f88c910.jpg,49485,40,20:0:35,2020年更新企划及近况汇报,190
90979768,BV1jj411f7uD,1732,364,1582430411,2020/2/23,1908,01:45,11938,//i2.hdslb.com/bfs/archive/07eb2d696d533bccba61cd0c4b782f5e7b28748f.jpg,139633,358,12:0:11,【ＤＪ钉 钉 ，在 线 打 碟 】,319
90375483,BV1L7411P7ps,31158,2198,1582191269,2020/2/20,43823,01:46,104763,//i2.hdslb.com/bfs/archive/fe7d4621fd0472cdcf23ae96d521600f2139b8a7.jpg,1028090,19014,17:34:29,【沙 雕 配 音】祖  安  宝  宝,4385
85150819,BV127411k7ym,4686,593,1580097627,2020/1/27,2859,02:07,22883,//i0.hdslb.com/bfs/archive/efa58318e609fc220da607485b676af0e57f1fd4.jpg,290294,385,12:0:27,失传已久的纯人声串烧版《恭 喜 发 财》,492
79162167,BV19J411C7Am,24154,1119,1576285227,2019/12/14,10993,03:47,32244,//i1.hdslb.com/bfs/archive/6321a3ac54fa611e429f097ca84f47719760c5ac.jpg,461251,997,9:0:27,【小可儿】 Believer 【纯人声翻唱】,751
76546017,BV1vJ411272M,2618,382,1574406058,2019/11/22,1835,12:37,10020,//i1.hdslb.com/bfs/archive/de8a44c1750e60490eb73cbe2a379a7f35c131e4.jpg,268514,195,15:0:58,这个up主的房间地板沾满油渍,737
71334551,BV1ZE411k7Mn,26588,1160,1571306432,2019/10/17,19131,03:58,56159,//i2.hdslb.com/bfs/archive/017c4382fcb65dca4cbc1bc235b632745782e9f5.jpg,673718,4286,18:0:32,【UP主拖更指南】咸鱼的诱惑 ·狮子/BOY/A路人/小可儿/丸子/凉风 现身说法【超梦计划】,3132
68748703,BV18J411M7yw,4559,829,1569639613,2019/9/28,5275,03:18,21433,//i0.hdslb.com/bfs/archive/3e82badd03e0ae61a04ec75a19263ecb1b2d7e35.jpg,547434,2542,11:0:13,念诗之王【BML2019单品】,484
68745206,BV1EJ411M7RX,19273,2309,1569639613,2019/9/28,10987,20:49,38420,//i1.hdslb.com/bfs/archive/2068c0ea0af077c910bdbd1a5f0da265613efbb0.jpg,690702,4072,11:0:13,真正的粉丝【BML2019单品】,13673
67311702,BV18J411K7kL,1596,558,1568189341,2019/9/11,1568,06:24,7316,//i2.hdslb.com/bfs/archive/9221d627e31ec87651687647c750a49c54e30741.jpg,123581,367,16:9:1,一年花了150万！？这UP到底干了啥？「阿婆镇社群启动说明」,217
65493451,BV114411671S,13661,1315,1566829473,2019/8/26,8934,03:53,34125,//i0.hdslb.com/bfs/archive/d15a5f8eb3c7ae551b81fb4def85f1dd83eba3b6.jpg,463567,837,22:24:33,【纯人声】Shape of you【你绝对没听过的版本】【街头艺人】,975
48902566,BV1Gb411M7vx,22055,2477,1555063240,2019/4/12,15911,02:45,48996,//i0.hdslb.com/bfs/archive/9e175dde3a73f797a18231c630f188f1273a87f4.jpg,872088,2939,18:0:40,【小可儿×ilem】写给我家狗的歌（人声本家／专辑《2:3》收录曲）,2053
35660593,BV1kt411m7qh,9321,699,1541836859,2018/11/10,4706,03:35,12680,//i2.hdslb.com/bfs/archive/58972bb8e3689254188c5b06dedb65c83d530199.jpg,302318,600,16:0:59,【义结筋澜】灌醉我,584
14916312,BV1px411V7ND,3001,346,1506742101,2017/9/30,2014,02:36,3465,//i1.hdslb.com/bfs/archive/033a287a578bfa3659ccbe1ce5b716f216822226.jpg,50198,308,11:28:21,【小可儿原创电音】Deep Dark Fantasy v2【PV附】,223
14695043,BV15x411G7Hm,2969,557,1506081852,2017/9/22,1571,03:39,2840,//i0.hdslb.com/bfs/archive/6dad2b7bb2a3d9ef1f7695b92bf127209d8f841c.jpg,77525,191,20:4:12,【小可儿】In The End,367
8238607,BV1Ks41187Vw,1563,537,1485436674,2017/1/26,903,04:49,347,//i0.hdslb.com/bfs/archive/4944e43b8d2c2d430fa782b8175d6eb62cfd21b8.jpg,76764,161,21:17:54,【小可儿】The A Team,324
2089016,BV1Rx411A7bL,101,132,1425792846,2015/3/8,310,04:10,433,//i2.hdslb.com/bfs/archive/a23c68ee10395e9f88857ccb026c0b0edefc6682.jpg,96198,77,13:34:6,【原创电音】装逼的世界,155
