﻿aid,bvid,coin,comment,created,date,favorite,length,like,pic,play,share,time,title,video_review
668459361,BV1aa4y1v7nd,18534,1240,1591960034,2020/6/12,6917,15:24,45956,//i0.hdslb.com/bfs/archive/9e165dc8b16acd667ffe2829ccc36a61f85de2f3.jpg,412129,2088,19:7:14,全职UP主自己装修的房子，和你们想象中一样吗？,4637
753402873,BV1Dk4y1B7Bq,2732,559,1591700446,2020/6/9,2144,16:49,17142,//i2.hdslb.com/bfs/archive/cfad30884db11b3afcf9222032c3d3b16105302d.jpg,274175,290,19:0:46,这些年交过的智商税！有惊喜有血泪？【十音红黑榜】,2078
968416962,BV1Zp4y1S7i3,57050,2652,1591435800,2020/6/6,22661,25:22,71359,//i0.hdslb.com/bfs/archive/8bfdecb678dd04d43bff291923f6bc527f625da3.jpg,656388,12020,17:30:0,10分钟拍大片挑战！[LKs+影视飓风+十音+林海音],29834
455798368,BV1X5411s7PT,4134,1192,1590832821,2020/5/30,1227,06:18,18990,//i2.hdslb.com/bfs/archive/aadd03703c14e3d479a5134f2c7f0a945eab568c.jpg,190246,208,18:0:21,我穿越回去，遇到了另一个自己？！,5028
370757225,BV1vZ4y1p7sC,3655,1514,1590657721,2020/5/28,3400,08:58,18879,//i2.hdslb.com/bfs/archive/3ae888e67bdc44e2f28ef927b065fc3b8e644cd7.jpg,659568,462,17:22:1,史上最低分预警！程潇脱线答题 女人何苦为难女人？【UP！大明星】,3571
668332698,BV1Xa4y1e7zc,20128,1900,1590138049,2020/5/22,6568,21:30,43389,//i0.hdslb.com/bfs/archive/152ec2afe7b04f9a2ae2ef0fb2a1113ec4b73c76.jpg,479175,683,17:0:49,我后悔成为全职UP主吗？,6067
243147712,BV1ge411W71J,15984,1545,1589621481,2020/5/16,4846,13:17,73647,//i0.hdslb.com/bfs/archive/b087c22b8b8d18101539d8c93d7555a35936116f.jpg,699355,2950,17:31:21,男友摸到啥就买啥？我敢买单吗！【520蒙眼挑战】,13113
370603478,BV18Z4y1s7kL,4874,1139,1589019182,2020/5/9,2134,11:40,27308,//i1.hdslb.com/bfs/archive/903aa4f6d8f29c199d4fd5844c69608b7b1495d9.jpg,372120,929,18:13:2,劳斯莱斯酒杯，Dior洗手液丨大牌不务正业产品好用吗？【十音独家开箱】,5951
667963209,BV1Ba4y1v7XS,12768,1419,1588300203,2020/5/1,4890,25:45,29294,//i1.hdslb.com/bfs/archive/8cfea01f502a185b7b4da55875af834ac7b43943.jpg,299372,1406,10:30:3,买奢侈品能帮你升职加薪吗？【何为奢侈】Chanel篇,5221
285422747,BV1kf4y1S71n,5255,989,1587812445,2020/4/25,2190,18:36,23486,//i0.hdslb.com/bfs/archive/efc688e180ec9f012a1edb0f8e603fd50c993a2e.jpg,291050,717,19:0:45,网上的二手奢侈品包到底能买吗？,2879
582657713,BV1q64y1u7pz,3629,771,1587182420,2020/4/18,1459,16:39,26914,//i2.hdslb.com/bfs/archive/b7952be4aecbfca8ba5be31252b91c8916b7a0be.jpg,381832,188,12:0:20,考古自己的旧视频！天呐我曾经长这样？,2807
625129787,BV17t4y1U7ps,28893,2194,1586244216,2020/4/7,9193,27:28,63331,//i2.hdslb.com/bfs/archive/00a873ef52258134d5bb3cf0f52f55a08b70a1fa.jpg,662138,3628,15:23:36,米其林1~3星完整体验！米其林有资格评判中餐吗？【十音去发现01】,12264
98915038,BV1g741127mx,30474,3913,1585028880,2020/3/24,12066,28:20,54549,//i0.hdslb.com/bfs/archive/320bd1ebd5bf2e46cf8e753a8513a854817e60df.jpg,659972,7881,13:48:0,上万的大牌包制作成本多少钱? 采访工厂从业人员【何为奢侈2】Gucci篇,13937
93789328,BV1aE411x7ht,36600,3536,1583381728,2020/3/5,13690,13:29,82428,//i1.hdslb.com/bfs/archive/234f045683fe39010893917291d64b85ad4982d6.jpg,1072218,3419,12:15:28,我花了9个小时，把衣橱里的每件衣服都穿了一遍,9179
90743111,BV127411F7aQ,27026,2806,1582345810,2020/2/22,6729,13:44,61945,//i0.hdslb.com/bfs/archive/db09935f96fbb7bc078011dacb8d17f67ad6464a.jpg,676252,6500,12:30:10,人生首次帮别人理发！拿男友试手，结果比理发店剪的还好？【被禁足的日子3】,22964
89526027,BV1r7411E7qr,11326,1947,1581913854,2020/2/17,3319,12:03,35717,//i2.hdslb.com/bfs/archive/d3b8e8b3fa535b87650233dbe59c2142bfcdae6b.jpg,395570,1784,12:30:54,不会做饭的UP挑战复制餐厅获奖菜品，能成功吗？【被禁足的日子2】,7194
88959227,BV1L7411g7gY,14013,1799,1581677301,2020/2/14,3638,21:11,33970,//i2.hdslb.com/bfs/archive/fe9a3a9ea0e599c8a8ce7215f4f36fa7911d127f.jpg,443946,872,18:48:21,吵架怎么沟通？钢铁直男怎么送礼？今年情人节，你有什么想对ta说的【被禁足的日子1】,9356
86204194,BV1r7411x7KN,39017,2957,1580617837,2020/2/2,36173,16:48,59330,//i0.hdslb.com/bfs/archive/8491347027ffe7061f2c7e1cbf95c8432dad8c63.jpg,728564,9019,12:30:37,如何躺着赚钱？聊聊通往财务自由的基础概念！【小白理财入门指南】,5058
84828068,BV1P7411Y7G6,12237,1040,1579925754,2020/1/25,4210,19:32,31837,//i0.hdslb.com/bfs/archive/c145ebeb514d21363890e4b96949ad3422101fee.jpg,434798,2829,12:15:54,【十音试穿05】10套汉服汉元素开箱&上身·2020迎春篇,8589
84170139,BV1N7411v7az,8561,5217,1579446962,2020/1/19,1997,13:01,24069,//i0.hdslb.com/bfs/archive/cf3f44cf72e5ffdb9c3c4d88b02a28d54b1a81a5.jpg,303422,352,23:16:2,春节福利丨和我结婚？四语翻唱？现场翻牌新年愿望！,16955
82887239,BV1rJ411H7ms,40805,3362,1578715248,2020/1/11,10604,26:20,65027,//i1.hdslb.com/bfs/archive/73a5bdaefbc93c7ee2b9d9acaabec4854a2760e4.jpg,1050505,1362,12:0:48,两位新晋百万UP主是如何面对差评与批判的丨创作感想&2020创作方向,17287
82021318,BV1WJ41177Sk,36706,1589,1578135922,2020/1/4,13167,11:08,52626,//i1.hdslb.com/bfs/archive/98cbcc0d0b303f4792ef91b5f5993678dca22d9b.jpg,449021,2751,19:5:22,照唐代文物复原4套汉服造型，你觉得好看吗？【大唐女子图鉴】,4172
80680715,BV1fJ411W77C,76422,4636,1577334653,2019/12/26,27737,28:07,91044,//i1.hdslb.com/bfs/archive/a1899038c5196cad68227944121531237ddcc805.jpg,1388694,7865,12:30:53,我们为何不敢走进奢侈品店? LV购物体验实测【何为奢侈1】,29036
79600534,BV1dJ41167Ja,19396,1855,1576580412,2019/12/17,12500,14:35,43691,//i2.hdslb.com/bfs/archive/442e3ec05188ad28f3648fc54ca0cc51336e817a.jpg,699353,4292,19:0:12,百万UP主如何恰饭？揭秘行业内幕！,5181
79100589,BV1eJ411C7rw,5054,1040,1576314028,2019/12/14,2966,69:09,28706,//i2.hdslb.com/bfs/archive/8588597f13bfba0d5124db067e45e3d259f997a8.jpg,710128,2083,17:0:28,【浮生一顿饭】杀青！炸裂！欠的女装早晚都要还的！（第三集）,12162
78699501,BV1GJ411y7LZ,19032,1519,1575952242,2019/12/10,5707,17:11,36682,//i0.hdslb.com/bfs/archive/e5022a0b488144ff480101dfc04e6c5f50a277ec.jpg,460680,1455,12:30:42,全网独家！试穿长安十二时辰原味戏服，对比汉服居然...？,4616
77410154,BV13J411Q7tT,11455,1683,1575021616,2019/11/29,4006,19:30,26269,//i1.hdslb.com/bfs/archive/06ffff298ff69223f53950971d51a803b1e3087f.jpg,360376,2461,18:0:16,【十音试穿04】10套汉服汉元素新品上身参考·2019冬,6135
76629161,BV1KJ411d77Y,29375,2719,1574501445,2019/11/23,16828,10:16,69539,//i2.hdslb.com/bfs/archive/c7d95aab42f238c1b6fc7b6ebcc151f507f40b2d.jpg,1536139,8265,17:30:45,花钱也进不去的钓鱼台国宾馆，里面长啥样？,7572
76514673,BV1qJ41127bg,3108,1795,1574346132,2019/11/21,3059,13:22,20494,//i2.hdslb.com/bfs/archive/955d74a4916d499f8459427b9dbdf360fd8c2081.jpg,584154,2359,22:22:12,专访Riot公司创始人Marc Merrill：考虑设立名人堂&英雄联盟会持续火热！,1378
76083336,BV1dJ41127oV,22055,1133,1574069454,2019/11/18,9207,18:18,42213,//i1.hdslb.com/bfs/archive/1e652f4ac1025565847b5f94cf123db4bd619fcc.jpg,934717,4688,17:30:54,前拳头员工探访夺冠幕后! 巴黎直击FPX管理层&采访拳头创始人,3886
75767698,BV1MJ411U7XJ,21616,1558,1573814717,2019/11/15,10564,03:10,42315,//i2.hdslb.com/bfs/archive/8ac50d68b227054298596c3d1730e79c07a98c86.jpg,489454,2875,18:45:17,挑战100个回眸，穿汉服过伦敦x巴黎,2133
74894689,BV1cE411q7Gh,2291,484,1573205436,2019/11/8,2010,14:52,10932,//i0.hdslb.com/bfs/archive/619aaa2ee1a7ac5a4f11025496cc29005f032dc3.jpg,379900,509,17:30:36,【双11】攒了一年的回购清单&最划算购物攻略！,1216
74149688,BV18E41187RB,16138,1278,1572604676,2019/11/1,6164,17:50,46439,//i2.hdslb.com/bfs/archive/3aa938dd81688826e004872e688b92a959f4114b.jpg,536755,2884,18:37:56,穿上汉服，一起穿越回古代吧！西塘VLOG ft. 团神,6302
73416039,BV17E411a759,5011,858,1572062420,2019/10/26,1971,15:58,17840,//i2.hdslb.com/bfs/archive/ae3e7af1c15aa952b24fe5a7f91d29c6a38cd9ec.jpg,331444,986,12:0:20,200 VS 3000元上脸对比！高端产品一定更好？差价十倍的底妆实测！,4146
71660568,BV1oE411r7Xx,4888,1181,1571457606,2019/10/19,1586,22:09,17996,//i1.hdslb.com/bfs/archive/60314a5b0ce3732407ad5333dcb7aa9cd76bfe2f.jpg,298846,572,12:0:6,玄学能改变命运吗？非酋UP主尝试逆袭，结果。。。,5205
70303648,BV1JJ411F7zA,39762,2454,1570354148,2019/10/6,12502,20:41,62142,//i1.hdslb.com/bfs/archive/276300947a5fca9e460e865b2292a94aed25c342.jpg,784329,2798,17:29:8,去欧盟总部参加中国外交活动，采访副部级外交大使！向欧洲人展示中国风采！,7594
68525375,BV1wJ411g7Am,14364,1173,1569317415,2019/9/24,5314,18:49,27270,//i1.hdslb.com/bfs/archive/9f6f3fdde657a287af6ddb787a0455c9392e0701.jpg,390742,3121,17:30:15,【十音试穿03】10套新品汉服汉元素上身参考·2019秋,6594
68106214,BV1hJ411w7QD,25794,1829,1568779248,2019/9/18,14283,07:03,64653,//i1.hdslb.com/bfs/archive/c56ac3d1906ce801a1e7f7550113c3e99f95d0eb.jpg,1001380,4293,12:0:48,揭秘Lo娘不为人知的一面,4689
66992442,BV154411C786,52459,5348,1567915246,2019/9/8,20314,20:48,89659,//i1.hdslb.com/bfs/archive/0bffc8c564850bb8d29e1ba605c62c35ae6b0665.jpg,1749608,26191,12:0:46,把总价100万的奢侈品当掉，能换多少钱？,21610
66030485,BV1E4411B7bK,11349,1216,1567165265,2019/8/30,4528,15:02,31073,//i1.hdslb.com/bfs/archive/6283abb14d1daac71d5d3c5bbe4be0d284ba18c1.jpg,628806,3840,19:41:5,让男友帮我化个粉嫩少女妆，会翻车嘛？【知名盲人UP主美妆首秀】,9528
64651633,BV144411d7hz,27699,2090,1566360031,2019/8/21,11057,11:39,31672,//i2.hdslb.com/bfs/archive/8477378fe74160743646348be7e26c4710d17298.jpg,321559,1905,12:0:31,Lolita*汉服零违和感混搭丨掌握永不撞衫的技巧,9121
63297248,BV1c4411Q7na,53269,3112,1565582418,2019/8/12,25487,16:13,76711,//i1.hdslb.com/bfs/archive/c3aedbad832edb43f6694118853be3168b3ea227.jpg,797042,5832,12:0:18,在京城王府吃宫廷菜吃到撑 连服务员都在cos清宫剧,29934
62680863,BV1Zt411P7KZ,4523,638,1565236853,2019/8/8,1486,14:06,15046,//i0.hdslb.com/bfs/archive/b042272b1b58ae46ab3c964cb1866dcf62ae49bd.jpg,224642,234,12:0:53,在漫展抢NPC饭碗 给粉丝调黑暗饮料却遭嫌弃,2916
61362432,BV1Rt411F7Xk,14350,1862,1564459253,2019/7/30,7976,17:35,32952,//i2.hdslb.com/bfs/archive/9d0ef11a156c47d79718bd7fb67324fe3894325d.jpg,613660,2843,12:0:53,【十音试穿】10套新款汉服&汉元素上身参考！2019·夏#2,12097
60638148,BV1ct411j7xe,41244,1896,1564048803,2019/7/25,14415,12:51,71210,//i0.hdslb.com/bfs/archive/d564f60a47ce409225dd2f1d1266f5d3eac71438.jpg,933102,1272,18:0:3,试吃6000元8斤重的帝王蟹，结果吃顶了，原来吃播是这种感受,12897
59921723,BV1Wt411n7hM,28679,1861,1563595252,2019/7/20,11408,13:35,47251,//i0.hdslb.com/bfs/archive/ac3f67bb278e29f65ecdb694b06fae68b44181e0.jpg,733038,3934,12:0:52,一套54000，重量好几斤的明代复原头饰长啥样？大明贵妇的正确打开方式！,5461
59277485,BV19t41137vg,8600,1223,1563183583,2019/7/15,5081,25:45,23824,//i1.hdslb.com/bfs/archive/5b0abe86778f222c5a772df3efa26192ac2f1740.jpg,434374,1113,17:39:43,东京lo娘怎么看国牌？原宿血拼丨购物分享丨索尼总部探秘 & 采访大佬,6291
57883150,BV1q4411A73U,16035,1432,1562299211,2019/7/5,3545,14:30,23589,//i1.hdslb.com/bfs/archive/c984a26dddda3d4116d03f3e0ef20a933c6308ac.jpg,286653,782,12:0:11,电竞百万粉大V竟单身33年？拯救大龄二次元！,4350
57477376,BV1bx411X7ck,25784,1916,1561982346,2019/7/1,9506,12:47,33417,//i1.hdslb.com/bfs/archive/c8b472ebe0e8b6959720ad8c3b53e16cb3c43c1b.jpg,506911,2086,19:59:6,顶级Lo装茶会款VS大牌奢侈品日常款丨2w价位开箱丨十音&团神,5284
56697327,BV1Yx411o7mY,43223,3098,1561435200,2019/6/25,19146,14:30,52670,//i1.hdslb.com/bfs/archive/ad61d8a6a97822298ea9596f94b1294c1c0c642a.jpg,802408,3686,12:0:0,我买了把130年前的扇子来配汉服丨清代古董开箱,6860
55833401,BV1t441157gw,3244,594,1560702294,2019/6/17,1437,11:59,10624,//i1.hdslb.com/bfs/archive/0af5bcf44f20541814bde03dfda8deb00b4225ab.jpg,245435,277,0:24:54,【真的好用吗】8款日本网红产品亲测丨秃头神奇丨速干喷雾丨瘦身贴 豌豆公主合作,2181
55478479,BV1C4411P7hY,27351,1804,1560484804,2019/6/14,11174,21:30,32903,//i1.hdslb.com/bfs/archive/de3f2fc6f9c5e32d648dc4e721360ded79ccec8a.jpg,639686,2441,12:0:4,男女消费观差别有多大？男生猜化妆品价格，女生猜器材价格，结果居然...,12163
54538328,BV1f4411T7Xf,12449,2157,1559635068,2019/6/4,6182,14:42,25037,//i2.hdslb.com/bfs/archive/446026f937b0e0613bea94c864e8f097d3fdfbef.jpg,430331,3238,15:57:48,【十音试穿】10套汉服新品上身参考·2019夏,5196
54108708,BV1R4411H7nt,98539,2773,1559276025,2019/5/31,21540,18:25,129602,//i1.hdslb.com/bfs/archive/0b13dd437f9a80f2f8ae1d0555599b5db8076767.jpg,1860367,2874,12:13:45,UP主跟男友交换手机，结果一天花了6500块？！,6938
53250070,BV1U441157c6,21716,2758,1558582252,2019/5/23,13850,14:19,42507,//i1.hdslb.com/bfs/archive/8f8b5266f07ed24f0b02f4a0ae1d882541cb4e29.jpg,1201482,4155,11:30:52,Lo娘出门要花多久？穿10000元的茶会款逛大街！,8527
53177656,BV1o4411j7FT,2842,586,1558442134,2019/5/21,832,14:16,8845,//i0.hdslb.com/bfs/archive/736975609c4b2a7ea653f84112617a2cd5800feb.jpg,208982,209,20:35:34,被粉丝随机安排的一天丨面基铁粉丨逛一加*VANS潮流快闪,2234
52269744,BV174411a7eH,9273,1150,1557660789,2019/5/12,3669,07:56,17269,//i1.hdslb.com/bfs/archive/e7b6cabe48318e8b7c1767a4d182d59d5d29f100.jpg,248477,909,19:33:9,【十音】男装初体验·大明少年丨锦衣夜行,2267
51920834,BV1u4411Y7Dt,2661,887,1557415851,2019/5/9,1657,09:06,10538,//i1.hdslb.com/bfs/archive/6de67716a6cd7832e3e96822b65018f5b92c2b6b.jpg,279631,540,23:30:51,【探店】Lolita古典玩偶实体店丨试穿华丽小裙子,1998
51909763,BV1T4411Y7Up,16838,1687,1557399601,2019/5/9,12349,17:34,20765,//i2.hdslb.com/bfs/archive/358ce4a72ffdcad5ba9df64935e07efcf98b0585.jpg,288467,1430,19:0:1,心态崩塌如何调整？5个技巧重拾自信丨聊聊当UP主的心路历程,3309
50515169,BV1u4411h7oS,3592,481,1556260743,2019/4/26,1727,14:28,8459,//i0.hdslb.com/bfs/archive/5a5cd5ddfa4bc88d3e30dbde016013d6da2fada5.jpg,178981,279,14:39:3,近期购物分享丨精致的猪猪女孩必备~隔离霜丨美容仪丨冲牙器丨头皮精华,1178
49748439,BV1Gb411L7qb,12734,1024,1555644655,2019/4/19,6333,07:46,18829,//i2.hdslb.com/bfs/archive/2517bd8853062a9fe1ae0e2704d6a0de6703f26f.jpg,316269,1962,11:30:55,【6k超清】华服·春夏丨粉色少女心穿搭,1375
49637725,BV1bb41157wQ,6530,894,1555512370,2019/4/17,1898,18:02,14081,//i2.hdslb.com/bfs/archive/590ae0cdb6915da181f841344f18f1937549082d.jpg,392243,814,22:46:10,【十音xLKs】车展初体验·PK盲猜车价·感受卡车/房车/豪车,4264
49039571,BV1wb411K741,11328,1571,1555036551,2019/4/12,7015,18:00,20686,//i0.hdslb.com/bfs/archive/d3bfe8d27ed25b6d25a33b94e8d2a1c666bcf939.jpg,408299,2610,10:35:51,做作业到凌晨？北美高中真实日常丨跟我一起返校吧！,4485
48434021,BV1ub41137Sv,5373,1125,1554521420,2019/4/6,1702,15:38,12782,//i2.hdslb.com/bfs/archive/cbc779694de6d02ed297edb55c6685857e3ff863.jpg,239723,608,11:30:20,500元游温哥华丨汉服出行赏樱丨偶遇B站粉丝？,2902
47451441,BV1db411s7Mw,6447,953,1553657439,2019/3/27,7320,09:52,20343,//i0.hdslb.com/bfs/archive/23d41c06c02c308f02a75f3f7d54cf5cdc9204a0.jpg,614780,2830,11:30:39,感受Lo娘的优雅世界！JEJ上海茶会丨走秀初体验,2393
46954857,BV1Db411j7B1,5328,1096,1553225405,2019/3/22,4789,07:31,14877,//i0.hdslb.com/bfs/archive/cabba8cc7be439d2c1609c5641237610d4e352d7.jpg,344458,918,11:30:5,汉服只能配布鞋？并不！汉服鞋子搭配分享,1363
46701902,BV1Wb411E7xa,13211,7414,1552966237,2019/3/19,5002,13:31,27437,//i0.hdslb.com/bfs/archive/c37067f2e33a99752f9ecc22891d20a1788209d9.jpg,650309,3652,11:30:37,拯救大龄二次元！帮大佬室友征婚,10811
46297246,BV1Yb411H7XU,59203,7772,1552620613,2019/3/15,23066,16:44,72341,//i1.hdslb.com/bfs/archive/fcde44ce52d760acefa3e245365b1e5cb13330d3.jpg,1912321,7092,11:30:13,我从高大上的拳头游戏辞职了 之后我会...,14740
46005614,BV1tb411e76y,8100,1526,1552306284,2019/3/11,8361,19:15,19054,//i0.hdslb.com/bfs/archive/f5cc1d4f25b9cc243af3c31d1491c9ff213e9e6b.jpg,545527,3006,20:11:24,每天换一套汉服，走遍关西！京都·奈良·大阪 VLOG,4554
44976684,BV1Gb411b7tu,5611,984,1551758438,2019/3/5,5624,06:29,13778,//i0.hdslb.com/bfs/archive/1d2ac628380980119d584d26c47fe6db67f4c34b.jpg,282447,2227,12:0:38,汉服也能很时尚！6套日常混搭汉服攻略,1723
44210680,BV18b411Y7dJ,11679,2928,1550719813,2019/2/21,11152,17:58,27373,//i0.hdslb.com/bfs/archive/9a7154164caefb9979ab2d085fa157da1dcdeb0a.jpg,745470,9403,11:30:13,惊惹，闺蜜竟花200000买娃娃？,5698
43694447,BV1fb411276E,2258,559,1550286044,2019/2/16,913,06:07,7561,//i0.hdslb.com/bfs/archive/6ca3974fb974ea83dbd5549b98ccff20bfaa621d.jpg,215702,286,11:0:44,情人节VLOG丨收货DJI飞机x1丨排了4个小时的队吃重庆牛蛙火锅,1118
43515014,BV1eb411U7mR,4453,586,1550137837,2019/2/14,1740,27:45,7170,//i0.hdslb.com/bfs/archive/05b21c793b24417ac937f8de78f0b6e2e056b1d5.jpg,153575,373,17:50:37,真的好用吗？丨10款热门产品亲测丨以身试雷第一期,1913
43375057,BV1Qb411m714,3225,656,1550028643,2019/2/13,1142,10:46,7054,//i0.hdslb.com/bfs/archive/b67799418d083f7893f08c5db60175c2d81b91cd.jpg,132858,288,11:30:43,好物对决丨中西佩饰大对决！你选哪个？大牌vs汉服,1017
42275563,BV1sb411k7X4,9202,1222,1549164606,2019/2/3,4186,08:58,16204,//i0.hdslb.com/bfs/archive/4a12e9f927ef8bdf15257d3789353492e10a5adc.jpg,298206,2772,11:30:6,抢先试穿 两条6000的中华风小裙子丨古典玩偶瓷娃娃 & 暗香开箱,3094
41968636,BV1Hb411C7yB,4512,707,1548680659,2019/1/28,3174,11:34,8895,//i1.hdslb.com/bfs/archive/952a7d495f5636f3caec7089a3aba0bfd99a2fc6.jpg,161520,1039,21:4:19,【十音】新年开运 变身锦鲤！古风妆发教程,1352
40914069,BV14t411h7cG,10326,1025,1547695826,2019/1/17,4036,07:41,13768,//i0.hdslb.com/bfs/archive/15113c459f8c387da6f966ee0d97bb025165c8ac.jpg,227217,1823,11:30:26,【终极新年汉服穿搭】今年春节 一起来穿美美的汉服吧~,2153
40373736,BV1tt411p7W7,5383,3632,1547114433,2019/1/10,7176,11:18,9084,//i2.hdslb.com/bfs/archive/8d0366535433c74f2297c6111c5ad5533661ec14.jpg,203724,1041,18:0:33,【十音】变身小仙女~超详细古风妆发教程,1650
40160986,BV19t411W7LA,1608,386,1546859511,2019/1/7,977,11:59,4642,//i2.hdslb.com/bfs/archive/d53ef4e20e20af3b73ed50ef8d47c2ebfaa917a2.jpg,169365,316,19:11:51,花一半的价格穿出大牌新品感? 古着开箱&实测,845
39856335,BV13t411x79r,13560,1265,1546572623,2019/1/4,7234,27:45,15771,//i1.hdslb.com/bfs/archive/2055a5547958a0a44c125681bed2943c76e5764b.jpg,302304,1591,11:30:23,北美高中很闲？歧视？真相竟是？跟我的学霸妹妹聊人生~,2759
39287526,BV1dt411r7AT,4019,1544,1546062057,2018/12/29,3300,10:59,11885,//i2.hdslb.com/bfs/archive/833275a59f24cae22e2acd6a6335bb32e02230dc.jpg,627187,2643,13:40:57,等了10个月的汉服 竟如此难穿！【明华堂开箱】,3328
38823023,BV15t411k78E,1090,376,1545547670,2018/12/23,1037,07:23,2915,//i0.hdslb.com/bfs/archive/7075baeb17ec460dda75a1118de731781b6f7854.jpg,110501,254,14:47:50,Night Routine丨我的冬季护肤流程,623
38678168,BV1vt411Y7Hu,4511,897,1545396157,2018/12/21,2276,19:50,9699,//i1.hdslb.com/bfs/archive/0eabfa3ef8ac4a0a42cc6f7d852860b94963e448.jpg,313508,808,20:42:37,【生日VLOG】谁不想当个小公举丨迪士尼游丨生日惊喜丨老年KTV,4332
38025285,BV1qt411v7B1,19363,2449,1544670046,2018/12/13,18447,07:57,31597,//i1.hdslb.com/bfs/archive/6e84504f88abe1e45598a6c1d2814ec0c8b8e2e2.jpg,1240401,13967,11:0:46,8斤重17000块的小裙子有多华丽？【第一条lo裙开箱】,5526
37915649,BV1yt411q7JS,2652,750,1544523016,2018/12/11,1385,36:11,6427,//i1.hdslb.com/bfs/archive/99c21f36dc455e6401ceb1956598ff035b7a0047.jpg,327274,363,18:10:16,【十音×LKS×团神】欢乐零食试吃大会,5339
37693681,BV1At411D7Kg,1958,402,1544261185,2018/12/8,1275,21:22,3980,//i2.hdslb.com/bfs/archive/1c28c821899d81b2c358e8d44659a0ca3c73a4bc.jpg,161560,290,17:26:25,【双十二买什么】高性价比百元好货安利丨买不了吃亏买不了上当,1102
36839738,BV11t41197M7,5450,1022,1543289446,2018/11/27,6625,09:46,12722,//i1.hdslb.com/bfs/archive/c39d3a53d14624e384d501cffd1b80763fcd6c3d.jpg,677302,3104,11:30:46,【试穿大佬衣橱】汉服娘的Lo装初体验 丨有一个土豪室友是怎样的体验？,3707
36115718,BV1nt411m7tL,6789,437,1542855623,2018/11/22,4041,09:47,10246,//i2.hdslb.com/bfs/archive/88e639fb26e27180a4646b753ba734d7e21ce453.jpg,139184,711,11:0:23,【汉服发型教程】可端庄可俏皮丨超上镜又百搭的发型,771
36350355,BV1Dt41117zZ,24899,1178,1542682805,2018/11/20,10205,28:43,32644,//i0.hdslb.com/bfs/archive/88ae398c18a42bd730e404d78dfab140cda54d7f.jpg,885797,1537,11:0:5,关于我的50个问题丨国外经历丨家庭背景丨职业解密丨汉服丨LKs?,9454
36116939,BV1nt411m7KP,19267,763,1542423637,2018/11/17,12340,18:38,23762,//i0.hdslb.com/bfs/archive/38f27c83e0aba2135f34c34dd1a730abeeb03995.jpg,424638,2321,11:0:37,我有个专门放汉服饰品的展示柜丨配饰分享 - 2018终极版,2234
35506608,BV1gb411c7PX,1194,266,1541647852,2018/11/8,1765,21:15,2651,//i0.hdslb.com/bfs/archive/34a05f04a3d813a60db6f0bbc3ffba177e3bc1d9.jpg,144704,291,11:30:52,【购物分享】超多干货丨60元高光丨30元香水丨100元雪地靴丨热门色号口红丨TF眼影丨Gucci新款鞋,857
35404685,BV1Ub411F7hm,2421,273,1541475005,2018/11/6,1104,13:59,4688,//i0.hdslb.com/bfs/archive/c3a347f75bfd460ed7fd57f6ef6ee3623529e1d1.jpg,132803,543,11:30:5,【VLOG】S8总决赛之旅丨见证夺冠丨IG赛后直击,999
34623027,BV1rb411P74P,90722,3445,1540531227,2018/10/26,53742,14:06,97070,//i1.hdslb.com/bfs/archive/2b9e669839b591b56104345823ee8e4491faa45f.jpg,2095581,27885,13:20:27,【我到底买了多少汉服】汉服收藏&穿搭分享-2018终极版,11794
34196006,BV1Mt411o7sB,3780,680,1540004425,2018/10/20,2395,11:04,11361,//i1.hdslb.com/bfs/archive/9b98c14108383fce9db38d5ac6a56cb66757553b.jpg,372368,3245,11:0:25,我在北京种田养狗的日常,3099
34117467,BV1Rt411d7HC,2044,223,1539918010,2018/10/19,1730,03:35,3554,//i0.hdslb.com/bfs/archive/db2b99c9335b1378e31b53eb6210185e15ba5a10.jpg,115789,1146,11:0:10,【带着汉服去旅行】穿最美的衣服，看最美的风景 — 2018合集,485
32933496,BV1PW411U75a,1641,300,1538881243,2018/10/7,3894,08:17,3845,//i1.hdslb.com/bfs/archive/79281ef8552021738aea16c12dc9000aca24f64d.jpg,128365,627,11:0:43,【汉服发型教程】一款万能的发型 学会就能撸变天下所有造型！,657
32955585,BV1fW411m7mg,1179,631,1538535650,2018/10/3,1230,08:04,5184,//i2.hdslb.com/bfs/archive/e195725bae7b07614a820d5a56e51bf5d7ff3796.jpg,397099,531,11:0:50,40，400，40000元的包，差别到底有多大？,1463
32392043,BV11W411z7tw,3367,2060,1537780078,2018/9/24,3938,08:48,8205,//i2.hdslb.com/bfs/archive/ef7096110f751bc5244a59ca0549436354bd3007.jpg,435494,2863,17:7:58,因为太贵，只卖了8件的汉服长啥样？【开箱-茉莉家九尾】,3446
32007671,BV1tW41167Hp,2791,2438,1537326003,2018/9/19,5252,10:39,8961,//i2.hdslb.com/bfs/archive/e999edb5d08334a3a749d546d76af4cd8f281d36.jpg,872227,2706,11:0:3,5000的大牌和5000的汉服 哪个更好？【Dior VS 明华堂】,4149
31436769,BV18W411o7un,634,117,1536546612,2018/9/10,1033,11:43,1865,//i0.hdslb.com/bfs/archive/8c64ccb22178251286e52a3534035c2e303ee9e1.jpg,71436,170,10:30:12,【VLOG】现代艺术还真是让人捉摸不透啊emmmm,459
30577201,BV13s411c7TY,427,105,1535509801,2018/8/29,171,09:25,1507,//i2.hdslb.com/bfs/archive/ac5afc77f9cd243bca689c23df0854628a161c6a.jpg,48354,134,10:30:1,【VLOG】参观Square Enix总部丨SE咖啡厅丨秋叶原丨明治神宫丨东京P2,241
30294461,BV18W411D7rC,751,175,1535197770,2018/8/25,409,14:22,2053,//i2.hdslb.com/bfs/archive/4dcf7e18341ac2e8e880b19652c1ca270c9645b9.jpg,93908,261,19:49:30,【VLOG】东京街头的汉服丨猫头鹰咖啡厅丨各种美食丨买买买,753
29320422,BV1Fs411M7JU,1556,294,1534225075,2018/8/14,2277,15:57,4640,//i0.hdslb.com/bfs/archive/5a7ae7624dc437ee8edbae56ea65ca97df2572c3.jpg,255454,463,13:37:55,【十音】ins风出租屋大改造 + room tour,1193
28691420,BV1Ms411g7x2,1678,176,1533608903,2018/8/7,684,01:36,2958,//i0.hdslb.com/bfs/archive/b44f6ea911fd58fed87ab40823fa7df614ca6a0f.jpg,121745,251,10:28:23,【十音】小姐姐模仿英雄联盟英雄跳舞-放飞自我.gif,233
28465461,BV16s4113755,3392,339,1533349835,2018/8/4,2310,12:33,4360,//i1.hdslb.com/bfs/archive/aaf4dc1d57d04dcb56a6a034c8f3a2f34c2fd54c.jpg,129296,1226,10:30:35,【什么是电竞】想加入电竞圈？圈内人聊从业心得和一些忠告,768
27525355,BV1ns411P725,499,99,1532343775,2018/7/23,447,09:40,1495,//i1.hdslb.com/bfs/archive/68dd174c5a6f6e4c326b37d96b76167ef82b6747.jpg,58120,121,19:2:55,【vlog】汉服小姐姐带你一起逛BW+BML,310
26948382,BV1Gs411n7J6,332,145,1531794618,2018/7/17,776,11:21,1858,//i1.hdslb.com/bfs/archive/401e738c4a73b65f543fa1e4dce41507e91a7aff.jpg,81732,207,10:30:18,【VLOG】嘻哈音乐节丨HigherBrothers现场丨上海最正宗日本蘸面,383
26918520,BV1cs411n7vy,442,69,1531646739,2018/7/15,735,06:51,1405,//i2.hdslb.com/bfs/archive/531834985206498deb8f370dd4e37410bb3801b9.jpg,41898,126,17:25:39,【十音】夏日蹦迪/派对/音乐节妆容❤做一个bling bling的小仙女,98
26418290,BV1Ss411p7i3,481,77,1531047248,2018/7/8,649,07:33,830,//i2.hdslb.com/bfs/archive/a5dec53816a583d7161a29c6e61dda0351834350.jpg,33241,209,18:54:8,【超清画质】适合学生党丨超简单甜美日常妆容丨十分钟出门丨手残党福音,173
26229750,BV1Xs411H7NW,531,93,1530842449,2018/7/6,296,04:09,1739,//i2.hdslb.com/bfs/archive/eb65d0ec11128b51f0299f5b1cdaff60515cf0ba.jpg,50695,160,10:0:49,【十音の夏日穿搭】睡衣出街可还行？回头率爆表的五种打开方式,193
25515294,BV1Hs411L7Sx,366,143,1529839157,2018/6/24,108,04:18,1345,//i0.hdslb.com/bfs/archive/c4e83213314da584618085a325f55edea70f20b3.jpg,71810,109,19:19:17,十音【麻烦少女】翻唱 ~ 音乐区初投稿,181
25424438,BV1is41177jf,1036,183,1529726073,2018/6/23,590,14:49,1923,//i1.hdslb.com/bfs/archive/125664c141284f8f32b894e6a7ed8e9abebc3834.jpg,75690,339,11:54:33,【VLOG】穿着汉服在公路旁爬高上低，骑马还骑牦牛，跟婚纱摄影竞争？为了拍照也是很拼了。。。丽江P2,547
25190453,BV1Ws411j7Cm,667,181,1529381001,2018/6/19,520,11:44,1972,//i2.hdslb.com/bfs/archive/59e981cf5b73869f80fce86d9e3ca1ec22a0a4b3.jpg,115376,346,12:3:21,【VLOG】入住5000元一晚的顶级精品酒店是种怎样的体验？俯瞰古城雪山全景的安缦 - 丽江P1,708
24714857,BV15W411w7PE,1439,222,1528783253,2018/6/12,1055,26:06,3940,//i0.hdslb.com/bfs/archive/41398c990cf301640b9e2f43a06eace678370077.jpg,164878,1059,14:0:53,【十音】一款百搭的出街妆发 ft. 史上最强行讲解 by LKs,1485
24574928,BV1AW411P7KX,336,49,1528511458,2018/6/9,532,07:03,1434,//i0.hdslb.com/bfs/archive/cca4027cf7f7eca8e5f2f7777486829957a4c3f3.jpg,30258,119,10:30:58,【夏日必备】6款亲测有效的美白防晒产品 ★ 大胆出游，照样越变越白,74
24429410,BV1JW411A7ut,1518,664,1528254026,2018/6/6,8453,07:55,4517,//i1.hdslb.com/bfs/archive/95e8276b01006314a70727aa23513eed1119aa8f.jpg,280738,1050,11:0:26,【十音】全身脱毛★6年亲测最有效方法★无痛，永久，还美白嫩肤，让你比水煮蛋还光滑,754
24205275,BV1DW411P76d,2100,171,1527822004,2018/6/1,475,12:12,3209,//i1.hdslb.com/bfs/archive/a0c404f5b9e30b72113162619bc75d1bc36e9496.jpg,72128,129,11:0:4,【儿童节】外国和中国的童年差别竟如此之大？在国外长大的一些体会,469
24073465,BV1Kp411d7oP,1986,165,1527562856,2018/5/29,3240,12:04,2711,//i1.hdslb.com/bfs/archive/2a74586b0fece2c7996639090c650012a1915066.jpg,104596,415,11:0:56,【十音】好照片是如何拍出来的？小姐姐十分钟教会你,595
23933510,BV1ep411R72a,1829,364,1527300614,2018/5/26,1348,02:36,6337,//i2.hdslb.com/bfs/archive/4bc6b74bdd457005484528a8d7715079fe9e1d3b.jpg,386379,228,10:10:14,【十音】《创造101主题曲》★ 初投稿 ★ 这美丽将要因你亮起,753
23790176,BV1ap411o7c2,558,140,1526993469,2018/5/22,236,07:35,1976,//i2.hdslb.com/bfs/archive/18b70d4755427db245fa5b408560404a01769f90.jpg,111061,73,20:51:9,【VLOG】CP22 & 汉服下午茶,379
