﻿aid,bvid,coin,comment,created,date,favorite,length,like,pic,play,share,time,title,video_review
370777321,BV1QZ4y1p7A1,59489,1155,1590724835,2020/5/29,16331,08:08,74638,//i0.hdslb.com/bfs/archive/7e8c1c6f52b8d6d0beb69c7c69eb8e29bba6f674.jpg,644605,4502,12:0:35,史上最骚魔鬼套路“永眠姐妹花”，教你如何让敌人化身电竞张飞！,1991
968199723,BV1kp4y1Q7Cs,28662,1113,1589601636,2020/5/16,8717,08:09,57488,//i1.hdslb.com/bfs/archive/260bb8d2e85d70162d75e7d241327586519e42e3.jpg,638540,4438,12:0:36,LOL当前版本最变态下路组合“束缚姐妹”，教你如何折磨对手！,1979
838135047,BV1dg4y1q7zM,2012,262,1589363126,2020/5/13,604,07:28,8745,//i1.hdslb.com/bfs/archive/8fe5dfee8d360365b8dc95d110b72d81401ca536.jpg,126708,70,17:45:26,男  女  折 磨,377
455524705,BV13541147WM,2725,268,1588936899,2020/5/8,1022,12:54,11158,//i1.hdslb.com/bfs/archive/69a60e9e1f13681f6a123d14dc01b847061c14d7.jpg,129179,415,19:21:39,实锤！百万”僵尸粉”UP，场面惨烈！,698
967750589,BV1Pp4y1y75Q,6088,880,1587528010,2020/4/22,2384,09:21,26075,//i0.hdslb.com/bfs/archive/86488a8a414dcad0d0a2d0c5d4abcf7cb0bdebe0.jpg,374800,1386,12:0:10,150万人都惊呆了的亚索表演。,1788
412863950,BV17V411Z7tA,30311,1007,1587182420,2020/4/18,9419,07:22,59443,//i0.hdslb.com/bfs/archive/d92f6d43d81e627d608e59a7358c7de77719de99.jpg,641750,5498,12:0:20,史上最骚魔鬼套路之“芜湖兄妹”教你如何让对手人间蒸发。,2068
97313632,BV1N7411R7of,11065,1274,1584518414,2020/3/18,3562,03:50,35306,//i2.hdslb.com/bfs/archive/4b9ab466f16a57275600f4e8d61c17c003709af1.jpg,393298,2355,16:0:14,举 高 高 战 队,864
96772752,BV1Q7411o7ee,6854,876,1584349624,2020/3/16,2225,07:30,24003,//i0.hdslb.com/bfs/archive/3ab6a905ba918c5225bf819e97608653d2860c19.jpg,316777,2330,17:7:4,五 软 妹 战 队,1347
94041540,BV1FE411s7N8,9022,463,1583467246,2020/3/6,2631,11:58,22509,//i0.hdslb.com/bfs/archive/7e70707a568735102b928c9c696532a2a425e6f7.jpg,230771,2035,12:0:46,【B站三废】史上配合最烂小队，笑到肚子抽筋# 2,1645
92536265,BV1BE411H7K4,10752,562,1582948817,2020/2/29,3537,15:12,26197,//i1.hdslb.com/bfs/archive/b4bd84301adb6004eb716a22dc1a393a4b69a023.jpg,354990,2689,12:0:17,【B站三废】史上最吊车尾玩家，笑到窒息肚子抽筋（1）,1617
90504093,BV1A7411w7J1,61274,2480,1582257657,2020/2/21,14427,07:49,95597,//i0.hdslb.com/bfs/archive/30bb036cb1da3fc4043f5d6879b788e659db54b0.jpg,890101,5180,12:0:57,史上最骚魔鬼套路“上单渣女”教你如何让对手气急败坏。,3355
88974018,BV1h7411g7Yc,3812,471,1581681649,2020/2/14,974,06:47,13233,//i0.hdslb.com/bfs/archive/cc2d71bd97e36aebfe359575186ba90f6d862dd6.jpg,206161,481,20:0:49,当你穿越到异世界如何做一名谨慎的勇者,675
86803884,BV1X7411n7r3,92866,1945,1580875241,2020/2/5,24859,07:12,119528,//i0.hdslb.com/bfs/archive/ce40fdb6956668ba3610067f7349b09a5d2fb30d.jpg,1147822,16758,12:0:41,史上最骚魔鬼套路“奥利给姐姐”教你如何让对手脑淤血,3582
83765265,BV1jJ411E7mh,78067,1453,1579233610,2020/1/17,19430,07:49,95615,//i2.hdslb.com/bfs/archive/6dde06fd933712a3afadae521ddc9296f9498560.jpg,1325305,15667,12:0:10,史上最骚魔鬼套路“妈妈爱你”组合教你如何带妹上分。,4503
80877220,BV1AJ411e7GA,52255,1167,1577447478,2019/12/27,13917,07:35,71941,//i2.hdslb.com/bfs/archive/f03170c252fac42ef0c87a4fffeaa8864ca434e0.jpg,1044837,3155,19:51:18,史上最骚魔鬼套路“女神烧香”教你如何融化对手。,6004
78818566,BV1ZJ411y7RJ,48926,1435,1576037108,2019/12/11,12806,07:53,69008,//i1.hdslb.com/bfs/archive/0c2b5ede3cbe993812b2188251c628aeb4921b2c.jpg,1060270,8595,12:5:8,史上最骚魔鬼套路“吸血鬼少女”教你如何删除ADC。,3146
76583720,BV1AJ411d7GU,35186,1592,1574406076,2019/11/22,17733,06:39,59542,//i2.hdslb.com/bfs/archive/9adce88f80da02b7bd8922b3c5bf781cdd95939d.jpg,964303,6619,15:1:16,史上最猛刷分套路！“无限剑制”教你如何气哭你的对手！,1798
74909965,BV1jE411q7MK,31978,818,1573185641,2019/11/8,10786,07:12,50518,//i1.hdslb.com/bfs/archive/316692125007a9aadc7667c36ffd3dcad8f9ae6e.jpg,937728,11431,12:0:41,S赛上最骚魔鬼套路“怪盗机德”实战演示，教你如何钩到敌人泪崩。,1728
74041664,BV1ZE411b7WN,2655,226,1572523249,2019/10/31,627,09:58,7466,//i2.hdslb.com/bfs/archive/40331e132f977280db761fb581520a021e0974fa.jpg,158182,249,20:0:49,当键盘侠穿越到异世界会发生什么,559
71683151,BV1AE411k7ns,44722,956,1571457606,2019/10/19,19181,06:25,61948,//i1.hdslb.com/bfs/archive/8bd728f8c732a2daff05ecee00ec6bb90451f143.jpg,803794,13506,12:0:6,史上最骚魔鬼套路“宝石之国”教你如何玩坏你的对手,1372
70926135,BV1uE411Z7A4,12019,604,1570852853,2019/10/12,4887,05:32,24022,//i2.hdslb.com/bfs/archive/d75098d6890e0740a2cbadc23d296403aa416a71.jpg,398494,755,12:0:53,云顶之弈版本最骚套路“肥龙在天”，教你如何靠挨打就能吃鸡！,2452
69613116,BV1TE41197UN,45753,1151,1569913222,2019/10/1,12142,05:32,63221,//i0.hdslb.com/bfs/archive/c03bd808883de32fe2af034b3b8b869a7e51f5b7.jpg,1041086,7516,15:0:22,史上最骚魔鬼套路“啤酒少女”100%锁头秒杀教你如何鲨疯对手。,1860
69381245,BV1iE411R7t9,3092,437,1569748186,2019/9/29,887,06:10,8721,//i2.hdslb.com/bfs/archive/3ff8287ff671ea5464330f62563d8a6b9059a3b8.jpg,157650,377,17:9:46,【互动视频】星之守护者妮蔻迷惑历险记,461
67454055,BV1WJ411P7Aw,2550,438,1568282409,2019/9/12,716,07:31,8229,//i0.hdslb.com/bfs/archive/fbbad9bd809d78c2033786e0fdc9544d53dde12e.jpg,260828,251,18:0:9,穿越到异世界做“渣男”是什么感受,576
65100944,BV1x4411r7HB,52408,1957,1566619230,2019/8/24,23760,07:47,66677,//i1.hdslb.com/bfs/archive/d4c94903b39be3fb673fd4b52579b92246bb4ee3.jpg,1134843,11173,12:0:30,史上最骚魔鬼套路“枪炮玫瑰”甜甜果实性感手枪教你如何酸死对手！,3364
63418589,BV1U4411Q71w,18790,1456,1565668802,2019/8/13,5406,05:55,32796,//i0.hdslb.com/bfs/archive/f2d0608e76de0c789321eacf3f0acd9acad2df17.jpg,700244,1879,12:0:2,云顶之奕最帅魔鬼套路！“无限剑制”教你如何碾碎虚空！,2540
61810262,BV1rt411F757,77398,1727,1564718450,2019/8/2,35397,07:25,89552,//i0.hdslb.com/bfs/archive/b5e8e7d2a60c39fc35856b7d4f215db0723e3575.jpg,1540003,12287,12:0:50,史上最骚魔鬼套路！“方头恶魔人”组合教你如何让敌人瞬间消失。,3977
61326874,BV1st411A7aX,3798,1017,1564415095,2019/7/29,1113,06:43,9919,//i1.hdslb.com/bfs/archive/b42b292bf9659a36ae93780144a57eb3dcbc6e3c.jpg,244481,379,23:44:55,穿越到二次元操作“老婆”战斗是一种怎样的体验？,872
59780387,BV1St411J7wb,129522,2209,1563508849,2019/7/19,49378,08:22,119517,//i2.hdslb.com/bfs/archive/e861f410e6519124acb20426f8ba981fd684e74d.jpg,1568633,23440,12:0:49,史上最骚魔鬼套路！“破产姐妹”克隆人组合无限喂奶教你如何奶到对手窒息。,4544
57872792,BV1v4411A75o,55779,11208,1562299211,2019/7/5,29665,06:24,73387,//i1.hdslb.com/bfs/archive/38c91b72bc5cb853892e042831ecb53f8701e6dd.jpg,1473741,15526,12:0:11,史上最骚魔鬼套路！“空投忍术”手榴弹姐妹教你如何吓尿敌人。,9358
57024771,BV1Yx411d7Wv,106059,2112,1561694414,2019/6/28,49364,09:49,113375,//i1.hdslb.com/bfs/archive/13d696015bfa9f9a37fc30adee3df59eebb1569f.jpg,1604653,20541,12:0:14,史上最骚魔鬼套路！“触手少女”教你如何让敌人爽到升天！,12098
56259232,BV1L441137f8,82444,2739,1561089642,2019/6/21,42558,07:41,92638,//i0.hdslb.com/bfs/archive/fca89dcb616d8127b559731fa9097ce9598e1147.jpg,1864271,5540,12:0:42,史上最骚魔鬼套路！上单“贱女人”教你如何烦哭对手,4652
55497571,BV164411P71P,165695,2859,1560484804,2019/6/14,62637,11:00,134691,//i1.hdslb.com/bfs/archive/c9f0ea3a53337c9935e379c9659559cc33a24f6d.jpg,1909948,14566,12:0:4,史上最贱魔鬼套路！“澡堂姐妹花”教你如何让敌人爽翻，内附彩蛋。,14301
54771064,BV1u4411u75y,411266,6245,1559880055,2019/6/7,175170,07:09,350425,//i2.hdslb.com/bfs/archive/0615c12881e8c924937925a01a3b74d784539ae1.jpg,3763975,48933,12:0:55,史上最贱魔鬼套路！雀牌组合“经费战士流”教你如何让敌人无限自闭！,5867
54109826,BV194411H7fo,51450,2047,1559275207,2019/5/31,23391,07:51,59207,//i1.hdslb.com/bfs/archive/54837ff98cc2da58a1ed3dfc78189477f0c12574.jpg,1835935,8610,12:0:7,史上最贱混子克星！抄家流坏女人教你如何气死对手,1866
53387631,BV1a4411L7KP,64042,1802,1558670445,2019/5/24,27618,07:21,72108,//i1.hdslb.com/bfs/archive/1ebd4d6ddeff24b284ee0a9e59ba1cfac5ba081c.jpg,2521215,38663,12:0:45,史上最贱套路！人柱力流永动机教你如何让你的对手绝望,5239
53279288,BV12441157ZL,5747,3787,1558605626,2019/5/23,2061,01:56,7677,//i1.hdslb.com/bfs/archive/7335b3edaeeb4b47c2ec20d24c09e916e40398a5.jpg,232616,601,18:0:26,用四川方言沙雕配音打开炉石新CG,264
52770161,BV1C441177Bs,64387,2073,1558152055,2019/5/18,18406,10:00,73190,//i1.hdslb.com/bfs/archive/a3c87e3c9a25dbae3781be03be23d632239c382a.jpg,1840204,5056,12:0:55,史上最贱套路！上单咬人猫教你如何逼疯敌人。,2982
51971235,BV144411Y7N5,12015,482,1557457245,2019/5/10,5132,04:36,20441,//i1.hdslb.com/bfs/archive/93bb74adc6fea65d834845a610747ffd16f78bc9.jpg,663964,2438,11:0:45,英雄联盟窒息沙雕配音 嘴臭联盟#2,836
51525715,BV1h4411i72K,12321,937,1557040690,2019/5/5,2909,08:01,18732,//i1.hdslb.com/bfs/archive/83b3a71cc00667c672a48079dfdb3019bbf3b984.jpg,487414,490,15:18:10,不做人啦？这个英雄居然能把对手打到飞出显示器,931
50981079,BV134411t7nY,16841,653,1556640677,2019/5/1,5369,06:11,24687,//i0.hdslb.com/bfs/archive/4488e67d8d308e3476ede50b54b5ca8dc5af3ba0.jpg,528672,1977,0:11:17,lol沙雕配音：嘴臭联盟 #1,1220
49223315,BV1ub411T7t5,12925,669,1555210848,2019/4/14,5994,07:24,19734,//i0.hdslb.com/bfs/archive/bd703f62943f7e30a6ac4ab1499a5402eeeac66e.jpg,452214,1797,11:0:48,快乐源泉！ 最沙雕的战争模拟器。,1398
48390261,BV1mb411g77G,22550,1234,1554468102,2019/4/5,5296,11:20,30224,//i2.hdslb.com/bfs/archive/847567534c426deb2cc662342cdeee9dbb84b255.jpg,809056,1106,20:41:42,有手就行？无限火力中那些“不再做人”的ADC！,3387
47584564,BV1qb411x7RR,1555,352,1553773010,2019/3/28,499,07:44,4991,//i2.hdslb.com/bfs/archive/987a208f0d0209cd795467c43ad3fe0ae673fc7b.jpg,282736,283,19:36:50,在？为什么杀了我50次？手下败将苇名一心将永远被囚禁在我的个人空间。,427
47050950,BV1Hb41177nf,35681,1260,1553310039,2019/3/23,8430,11:25,41083,//i0.hdslb.com/bfs/archive/0f5b421efefd87cde967242ddbe8e9d959de5c15.jpg,1048678,2510,11:0:39,无限火力那些‘噶韭菜’英雄正确打开方式。,3112
45913418,BV13b411e7Vy,14856,1138,1552221274,2019/3/10,4041,11:04,19359,//i1.hdslb.com/bfs/archive/24a07c5166e594332851a60bdd52cffaa6684505.jpg,651101,2152,20:34:34,无限火力那些‘下水道’英雄的正确打开方式！,2545
44431180,BV1mb411h7eR,40531,1104,1550890847,2019/2/23,10317,10:45,37899,//i1.hdslb.com/bfs/archive/7f11cf496a79955f9880e225a8fd6c4370875e4e.jpg,943131,5914,11:0:47,无限火力中那些“魔鬼”一样的英雄！,3240
43863849,BV1fb411y7Qv,53710,1853,1550396465,2019/2/17,16517,10:59,50968,//i1.hdslb.com/bfs/archive/865cddc2b607c13f4f29dda02b249f1195fa3f05.jpg,1578858,11952,17:41:5,不做人啦！无限火力那些“弟弟英雄”的正确打开方式！,5579
42605296,BV1Wb411r7SL,6217,685,1549252963,2019/2/4,1617,08:01,9165,//i1.hdslb.com/bfs/archive/416010bfd937a8919241dfe982550cd56559f58d.jpg,282939,645,12:2:43,国漫的崛起！少司命暴打刀光哥,1171
42362502,BV1rb411k7sB,10997,691,1549072839,2019/2/2,3685,08:17,16231,//i0.hdslb.com/bfs/archive/967cc4c0bd332242075759832ceb8cb39893d7b4.jpg,805736,3477,10:0:39,不做人啦！新版无限火力杀手大盘点。,2128
41939583,BV16t411t7ud,15936,869,1548662915,2019/1/28,4338,08:02,18287,//i1.hdslb.com/bfs/archive/8dd82bfcf1c7e18627f7fbb2814810b4edce4072.jpg,724784,4355,16:8:35,又不做人了？新版无限乱斗杀手大盘点。,1896
40987757,BV1Ut411h7Zg,11913,327,1547780404,2019/1/18,2981,05:25,13748,//i1.hdslb.com/bfs/archive/64a2e9c2e7d9f1b65a4f89f0b8c8251808373c39.jpg,287706,623,11:0:4,快盘他！辣个亚索又来教大家做人了！,685
40424322,BV1vt411p7YD,7414,408,1547175631,2019/1/11,2127,05:25,8856,//i0.hdslb.com/bfs/archive/7e3fcad190fddae314738f4181f8706d6ff24f4a.jpg,205516,656,11:0:31,网游妖魔化？看看LOL都教会了我什么吧！ #1,754
39363436,BV1Ut411z7mL,3668,305,1546156360,2018/12/30,1038,07:31,5617,//i0.hdslb.com/bfs/archive/972b1e1068d395c1a6e2098197e2085e69fd4999.jpg,145788,517,15:52:40,就是这个人！！把喝醉的小姐姐扛回家之后........,337
38921145,BV11t411k7Vr,10939,1236,1545647724,2018/12/24,3807,15:04,10902,//i0.hdslb.com/bfs/archive/a50971d5c83193da8e5a847e48d62a44c3d3d2f4.jpg,188412,1911,18:35:24,冒充北原春希把“白色相簿”讲给大姐姐听 #次元突破02,2202
38073204,BV1Ct411v7HN,22337,2574,1544756415,2018/12/14,8792,12:37,22063,//i1.hdslb.com/bfs/archive/8ada663b3cf4b9d962af6216ce0a02950bdca9dd.jpg,475693,7039,11:0:15,冒充“人渣诚”的表哥，把他的故事讲给妹子听会发生什么|次元突破# 01,5968
36082489,BV13t411m7gQ,6475,1020,1542365571,2018/11/16,2341,07:54,8328,//i2.hdslb.com/bfs/archive/c69e35b25b104658ed15cc4eb47199c2341366ca.jpg,291600,1495,18:52:51,moba游戏史上最残暴的组织！,1251
36015036,BV1Ut41127SX,6990,375,1542279171,2018/11/15,1644,05:30,7404,//i0.hdslb.com/bfs/archive/628933f73bea0ac7fc72a75732fdfc85305f6a6d.jpg,129757,677,18:52:51,舔狗舔到最后到底会怎样？史上最虐心恋爱,427
35958909,BV1Yt41127WZ,2777,8259,1542194121,2018/11/14,917,14:17,4678,//i0.hdslb.com/bfs/archive/d104b2de5254b60f0cfecb145c741a25bdb3bc05.jpg,296841,357,19:15:21,如何把无限法则玩成约会游戏？,1143
35679066,BV1qt411m7KR,4662,2490,1541840406,2018/11/10,1005,04:13,5407,//i0.hdslb.com/bfs/archive/0e6e48b928303f8cf193f60ef327f487091d89f1.jpg,80908,581,17:0:6,降智警告！跟踪小姐姐到家后竟然.......,422
35608539,BV1rb411c7ow,17138,930,1541757466,2018/11/9,4642,08:22,16328,//i0.hdslb.com/bfs/archive/08c3214f6333121fad7e1ec1fb99239629303ada.jpg,446996,2892,17:57:46,心悦玩家才能用？史上最恶心套路送死流塞恩！,945
34163871,BV1Zt411d7gF,4706,416,1539950643,2018/10/19,811,09:51,5320,//i0.hdslb.com/bfs/archive/d4ac899f638437050637287ea99645ac33250292.jpg,159536,324,20:4:3,震惊！某玩家网购火箭炮，致两人死亡！#01 求求我不要再秀了,723
33175760,BV1iW41127Ci,4645,403,1538731051,2018/10/5,1129,08:36,5526,//i1.hdslb.com/bfs/archive/1a8f3813da30c3736e764963a6a074b49c300249.jpg,148567,361,17:17:31,我的青春保安物语果然有问题！#窒息配音2,888
33091092,BV1FW41127Ju,1858,5145,1538650657,2018/10/4,331,08:22,4358,//i1.hdslb.com/bfs/archive/9b59f2312d79b253b4d806b3a749993a08068575.jpg,184414,329,18:57:37,这游戏居然可以使用合法透视，完成终极套路。,987
32692592,BV1nW411S7Mt,4855,371,1538210156,2018/9/29,1125,15:32,6568,//i2.hdslb.com/bfs/archive/8d6641b87e040eb5fda3b254175c86f191ddd4ab.jpg,197182,524,16:35:56,史上最伤感情的游戏，没有真兄弟不要玩！,1001
32143004,BV1uW411r7qy,3525,360,1537524659,2018/9/21,899,07:40,4372,//i2.hdslb.com/bfs/archive/428708a421e82092c389a3d1b81be79e9922e36c.jpg,160310,558,18:10:59,我的青春保安物语果然有问题！ 窒息配音 #1,682
31470955,BV1LW411C7nG,5401,527,1536569690,2018/9/10,1504,10:58,6651,//i0.hdslb.com/bfs/archive/0a79d4e93d92ac3147697a7df6ae245f0bfd7e8c.jpg,173609,875,16:54:50,【守护茶茶】魔鬼UP教你如何摧毁恶意组队玩家！！,1101
30395012,BV1FW411Q7pi,7194,813,1535342412,2018/8/27,1972,12:18,7575,//i1.hdslb.com/bfs/archive/32ecc4715603179cff9c1f1a0fe55bc5069058c4.jpg,190704,1892,12:0:12,【武侠吃鸡】揭秘江湖各种恶毒骗术，良心UP昧着良心亲身示范。,2263
29916274,BV1VW411Q7nV,8363,685,1534826137,2018/8/21,1257,17:10,6639,//i2.hdslb.com/bfs/archive/2734739a7b4c71332c68e820955266a8c23aa4a8.jpg,195487,767,12:35:37,【武侠吃鸡】当决赛圈所有人组队来杀你该怎么办！ 尔虞我诈的江湖#2,2567
28834267,BV1Qs411g79Y,12412,1108,1533723348,2018/8/8,2934,20:23,8981,//i0.hdslb.com/bfs/archive/2e1e313774db6348e30ad4c27ce95fd3b431fea2.jpg,333087,3707,18:15:48,【武侠吃鸡】当你被胁迫非法组队，如何机智逃生！尔虞我诈的江湖#1,4354
28130116,BV1As411w7kx,4014,500,1533009641,2018/7/31,719,03:52,5274,//i1.hdslb.com/bfs/archive/0b10faa4284781b23c63c64c2a546b95e04eb29b.jpg,234681,355,12:0:41,无限火力1V9的B站主播只能活在集锦里。,532
27902152,BV1xs411A73x,3976,404,1532750411,2018/7/28,687,09:25,5039,//i2.hdslb.com/bfs/archive/7976fbb62b4fd92597b35811d1c9b8266eb9a6bf.jpg,224294,405,12:0:11,传说中手跟不上脑子的无限火力# 当王者老了 1,990
26184052,BV1vs411V7cB,5443,1000,1530762239,2018/7/5,1986,13:32,7496,//i0.hdslb.com/bfs/archive/adc6db092be3d1efc49d6ad1447c7927a9427f5d.jpg,327330,1557,11:43:59,决赛圈吊射？终于有人打出这种世界杯枪法了。,4103
24951351,BV12W411F7uh,2007,451,1529074822,2018/6/15,497,09:37,3746,//i2.hdslb.com/bfs/archive/d5a9a35c2a52124a6a2abdd85e7b3b65acb4ffee.jpg,192803,462,23:0:22,罪域四骑士的日常#1 香肠吃鸡,896
24924946,BV1bW411F72o,26300,1223,1529056812,2018/6/15,6905,17:00,20605,//i2.hdslb.com/bfs/archive/2bbc5ec3c5ac543110c159b5b5ccc95e1a82915a.jpg,720737,2839,18:0:12,中二病也要玩吃鸡#9 我的刺客物语果然有问题！,15155
24461383,BV1bW411A7zr,10497,1264,1528281134,2018/6/6,4067,03:24,10624,//i1.hdslb.com/bfs/archive/19b86ffd8ec5b5fc245660dfafd75b7f4f988d34.jpg,518831,1903,18:32:14,吃鸡中二病窒息配音 #1 吃我压路机啦！,2380
23585454,BV1Fp411f75c,50824,1243,1526637628,2018/5/18,15813,12:24,23944,//i2.hdslb.com/bfs/archive/333d87cded300af4a3742d519e8dfc1ec0086092.jpg,519275,3527,18:0:28,当你玩吃鸡被怠惰大罪司击倒！ 中二病也要玩吃鸡#8,5929
23036840,BV1bW411G7FX,1502,505,1525586434,2018/5/6,288,08:21,3387,//i0.hdslb.com/bfs/archive/5a99bb252c033e78514f8c0301437290a066f0f5.jpg,160472,305,14:0:34,试玩终结者2：启示录，从未有过的非凡游戏体验。,924
23004054,BV1EW411G7LL,119018,2709,1525493902,2018/5/5,33051,08:53,47553,//i1.hdslb.com/bfs/archive/ef3b0d4cbc0a5269a1dd585f8ac5d92ce1d7faa7.jpg,904066,17289,12:18:22,玩吃鸡千万不要跟路边的盒子讲话！中二病也要玩吃鸡#7,6842
22254000,BV1hW411j7Dk,94869,1352,1524043451,2018/4/18,11216,06:25,27436,//i0.hdslb.com/bfs/archive/cd944e7b3350a7177ff9e2961e8766748bdfcb51.jpg,616270,4258,17:24:11,想吃鸡？先吃我妖精的光辉啦！！！ 中二病也要玩吃鸡#6,4497
21812241,BV1cW411K7rd,31903,2412,1523160628,2018/4/8,12842,06:27,19776,//i0.hdslb.com/bfs/archive/9ee83386a9409c793c2ffe751b2b9db12c7cc6db.jpg,819684,6610,12:10:28,当你在倒地的敌人面前念中二台词会发生什么#5,7183
21521702,BV1VW411T73i,4838,732,1522610838,2018/4/2,1498,10:37,4662,//i2.hdslb.com/bfs/archive/01d71a3d668c99ab580cb2cae7f7c1fe94cb3881.jpg,321128,1551,3:27:18,这样的女朋友也太难用了吧！,1499
21305720,BV1oW411M7RR,86451,3898,1522157671,2018/3/27,13534,09:35,26370,//i0.hdslb.com/bfs/archive/00b221618ff1f5177064c68c5651be861574fb87.jpg,927397,6050,21:34:31,中二病也要玩吃鸡#4|人类、你敢上我的车吗？,6948
20819061,BV1eW411p71Q,69890,2298,1521165641,2018/3/16,24347,10:47,27152,//i0.hdslb.com/bfs/archive/ebcf3f81f763d86fe052966f662153d3361fa235.jpg,1043941,18692,10:0:41,当你在队友面前犯中二病#3 99%玩家都想砍死的神经病队友,9539
20180703,BV13W411t7yE,71545,5119,1519806786,2018/2/28,30953,08:00,36673,//i1.hdslb.com/bfs/archive/80a69b0b243ae29a10d4a14c5e6ef0553caed5a5.jpg,1487763,20844,16:33:6,史上最羞耻！当你对倒下的敌人用动漫台词表白！,21503
19418552,BV1RW41177h3,55279,3684,1518281859,2018/2/11,26985,09:04,32706,//i0.hdslb.com/bfs/archive/d274876071b5b493bfd90c491a7707ced912ef80.jpg,1381156,22516,0:57:39,当你在倒下的敌人面前念中二台词#SP,16089
19113672,BV1RW411H7ht,89964,6295,1517734815,2018/2/4,66217,05:39,74931,//i0.hdslb.com/bfs/archive/47aaca54ebd912a0964751a7b7d4246e585bed47.jpg,2749667,37793,17:0:15,当你在倒下的敌人面前念中二台词#2,52461
18942582,BV1wW411H7TW,154826,5802,1517339595,2018/1/31,90764,07:52,90226,//i2.hdslb.com/bfs/archive/6c3ec1a2f2a32d47f428acf9eb4ef06e301268d6.jpg,2565966,80668,3:13:15,当你在倒下的对手面前念中二台词会发生什么,25997
18777867,BV1BW411e7Pb,1586,312,1516990948,2018/1/27,451,05:20,1776,//i1.hdslb.com/bfs/archive/76fccb51ffe9f1c6d3297ccf3431484cb6b710f0.jpg,230136,1074,2:22:28,畜生主播再开 ADC清除计划,398
18728392,BV1GW411e78f,2130,292,1516893759,2018/1/25,354,64:16,1243,//i1.hdslb.com/bfs/archive/4c26bb2da33f1064fd63cb788b981ae15243551c.png,173195,304,23:22:39,无限剑制一血通关 杀戮尖塔不过如此,1468
18658331,BV1cW411e7hZ,3537,326,1516740044,2018/1/24,2376,05:08,2377,//i2.hdslb.com/bfs/archive/441d8426b5045ec60a3a3718a6bbbf20eea7c330.jpg,208547,2090,4:40:44,【四川话】POP子和PIPI美的窒息日常,2997
18610596,BV1jW411i72B,684,282,1516628210,2018/1/22,162,41:41,622,//i1.hdslb.com/bfs/archive/b77a2a1c919cda7ed341e9e2790009fef6eb688d.jpg,75045,259,21:36:50,变态爬塔游戏，一玩就走火入魔,710
18495674,BV1QW411v7n7,856,292,1516377481,2018/1/19,163,12:16,765,//i0.hdslb.com/bfs/archive/9819a6898b74cfc87ea0aa40cf56db3095e499e3.jpg,155785,314,23:58:1,吃鸡王在哪里都是吃鸡王（才怪）,335
17506030,BV12W41187h8,9238,654,1513937412,2017/12/22,2775,04:12,3510,//i1.hdslb.com/bfs/archive/3ecfd534e7f091616893203d0bc7c08229a759ee.jpg,332689,2141,18:10:12,LOL 真人版窒息配音完结篇 自备氧气瓶,958
14922419,BV1xx411V7gM,11696,757,1506756753,2017/9/30,4505,05:42,3159,//i2.hdslb.com/bfs/archive/9e6fcb56aef4501b2a1b96002870e0913839cd16.jpg,411926,2723,15:32:33,LOL 动漫窒息配音 自备氧气瓶,3362
14259504,BV1Mx41147rt,38370,713,1504802213,2017/9/8,11974,04:11,5740,//i2.hdslb.com/bfs/archive/ff6e53acf17b828fb25b671fb01f7a204ec69867.jpg,675645,9882,0:36:53,LOL真人版 究极窒息配音终章，请自带氧气瓶。,3491
13799839,BV1gx41187jq,832,270,1503668029,2017/8/25,214,06:06,411,//i1.hdslb.com/bfs/archive/1793e3afff2e5928661c0a09dfd65f174ceee8e1.jpg,106751,661,21:33:49,【瓜茶蒙太奇】瓜师傅，奥斯卡欠你一个小金人儿！,367
13521411,BV1hx411J7EP,926,257,1503065963,2017/8/18,248,03:18,549,//i0.hdslb.com/bfs/archive/2c48fa121adb791dd4e7837d8f19bba7761e1f22.jpg,155869,816,22:19:23,听说你是脚本大嘴？你在我们面前走个位看看,299
13513933,BV1Bx411J7NZ,998,365,1503051837,2017/8/18,378,08:03,650,//i0.hdslb.com/bfs/archive/ef14d179fd5c854854bffb8e1ce6cc0025fb07f6.jpg,123324,1164,18:23:57,心暖？西瓜君，我怎么没看出来哪里暖了！,846
13258686,BV1Sx411n7MB,54975,1338,1502492252,2017/8/12,19184,04:55,7346,//i1.hdslb.com/bfs/archive/cda326743004f594bc21f51e6b69f780168441d6.jpg,956994,14632,6:57:32,LOL 真人版终极窒息配音，自备氧气瓶,6693
12481529,BV16x411i7Xj,18987,727,1500757466,2017/7/23,2217,19:50,5360,//i0.hdslb.com/bfs/archive/611ec74dd3e5ba93f8eb3b9f88a8eb6f2c25f8aa.jpg,403600,2869,5:4:26,我可以戒掉亚索，但我戒不掉装逼。,6094
12274451,BV17x411B7Pq,10424,805,1500250325,2017/7/17,6329,04:47,2759,//i1.hdslb.com/bfs/archive/e31a089e484d08f27ba067030e6045f9f2aad987.jpg,767652,6114,8:12:5,LOL 真人版窒息操作，带好氧气瓶了吗？,2774
11834544,BV19x411B7xx,2989,522,1499029441,2017/7/3,1265,06:14,730,//i0.hdslb.com/bfs/archive/12849f3fbee6f906a33ae7381979561baed31053.jpg,228065,2261,5:4:1,【SHCC】一位令人窒息的亚索，足以秀哭FAKER，让观众脑缺氧。,995
11535482,BV1Ax41167s8,1284,505,1498134204,2017/6/22,1092,09:51,391,//i2.hdslb.com/bfs/archive/0d7860ffefd8520da06367b678b157207fbfdc5a.jpg,202909,2925,20:23:24,手把手教你给别人戴绿帽！,849
11359250,BV1Rx4118723,5486,511,1497555761,2017/6/16,540,18:22,570,//i2.hdslb.com/bfs/archive/1ad2204c24cd3aa40e4ca468fea645cdbf4b0702.jpg,130944,854,3:42:41,长路漫漫 唯贱作伴！鬼畜提莫咆哮版解说,2406
11052619,BV1Gx411a7g9,5658,587,1496516634,2017/6/4,354,19:32,403,//i2.hdslb.com/bfs/archive/063b20e7a75556c1991f49d794596a2274807f14.jpg,144709,637,3:3:54,【SHCC】LOL S7 faker还是让我亲自来吹吧！,5862
10225702,BV11x411272A,4203,870,1493607144,2017/5/1,553,23:31,438,//i1.hdslb.com/bfs/archive/d20657801f7bc6b19e38973976137915af2df6c0.jpg,160662,763,10:52:24,【SHCC】LOL S7 人生的乐趣就剩下吊打亚索了,6101
10132311,BV1Zx411U7Uh,1114,679,1493288137,2017/4/27,1280,03:03,542,//i2.hdslb.com/bfs/archive/2983380889eabe5f44c9f495050ebe062d6aab95.jpg,89739,1262,18:15:37,【SHCC】四川话叠词卖萌~~笑哭,603
9802561,BV1fx411S7QQ,2584,1242,1492031401,2017/4/13,272,15:30,242,//i0.hdslb.com/bfs/archive/2a43041434b55bcc5ccdb43895fd3825f2c9497a.jpg,93884,326,5:10:1,【SHCC】LOL S7 醒醒！托儿索！该送了,1865
9275715,BV19x411r7JC,2574,696,1489949533,2017/3/20,781,22:07,213,//i1.hdslb.com/bfs/archive/2e573f56eb8d042e3936f2363074f08d4a21b319.jpg,127671,718,2:52:13,【SHCC】LOL S7 四川方言版网吧小伙暴打LOL（OVA特别篇）,2729
8174573,BV11s411b7tM,3579,802,1485162763,2017/1/23,1058,19:00,415,//i2.hdslb.com/bfs/archive/a270f0677c0d3e518752fb963299e5aa27f9b865.jpg,220959,744,17:12:43,【SHCC】LOL S7 腐败药水洗发店给大家拜年了！,4989
7949139,BV1Ts411h7q9,2675,426,1484071143,2017/1/11,295,20:01,250,//i0.hdslb.com/bfs/archive/01415c8e51238b4f4c1509cc46f3427b8f213884.jpg,101739,382,1:59:3,【SHCC】LOL S7 我这个女刀打个职业不过分吧,1790
7649971,BV14s411a7Lw,1763,477,1482425102,2016/12/23,299,19:57,215,//i1.hdslb.com/bfs/archive/b5f0def1dcf300c5fe2fd7352e7ed97fd82779a2.jpg,120953,223,0:45:2,【SHCC】LOL S7 也许这个薇恩才是国产AD的希望,2267
7476866,BV1Ls411e7LU,3583,690,1481420458,2016/12/11,1383,24:00,208,//i2.hdslb.com/bfs/archive/81a90632b079d752ff89a204d5c04b571297ad29.jpg,258658,646,9:40:58,【SHCC】LOL S7 王者1900点的下路你见过吗？！,2320
7168109,BV14s411W7Sp,1258,123,1479560644,2016/11/19,125,16:45,176,//i0.hdslb.com/bfs/archive/62f4843f83fb7aeb088ecc9abaf42756643f0a87.jpg,65787,120,21:4:4,【SHCC】LOL S6 这个B站有喜欢菜鸡UP的吗,1052
7064848,BV1vs411x738,1355,140,1478935279,2016/11/12,198,18:20,197,//i2.hdslb.com/bfs/archive/6d441f24a463aa8b77cf6d42892a230034efcfe9.jpg,81965,141,15:21:19,【CC炭】LOL S6 听说这里有个叫MATA的很跳？,1124
6968452,BV1Ks411x7rL,1128,67,1478329509,2016/11/5,95,14:44,186,//i1.hdslb.com/bfs/archive/addc4df0e88184ae6e69bf3492a8fe85ed69d790.jpg,55136,105,15:5:9,【CC炭】LOL S6 一条咸鱼先到，随后枪出如龙！,577
6855893,BV16s411s7kM,1100,101,1477637718,2016/10/28,96,17:39,183,//i1.hdslb.com/bfs/archive/80fad9df55548a8dc98a46a14b77999574be0072.jpg,53811,90,14:55:18,【CC碳】一言不合领先40个人头，然后惨败。,643
6794625,BV1As411t7WF,771,83,1477205391,2016/10/23,101,18:13,165,//i0.hdslb.com/bfs/archive/e1d7fdda65795c19f942e80d5de6fb6777c304fc.jpg,53925,76,14:49:51,【CC炭】LOL S6 贵族忍者的养成日记,647
6611077,BV1Zs411x7Rn,1477,159,1476003853,2016/10/9,195,16:08,207,//i0.hdslb.com/bfs/archive/af8122b5fdc146eccd6e9d019aca69ec9609382a.jpg,74214,85,17:4:13,【CC炭】LOL S6 拥有神の反应的男人,855
6535463,BV1ss411b7Xm,661,52,1475580513,2016/10/4,58,19:16,153,//i1.hdslb.com/bfs/archive/76e8a7ee0b8de4e7112186d78e1a681ae908c603.jpg,43624,36,19:28:33,【CC炭】LOL S6 盲僧的国足边锋不归路,670
6384924,BV1ts411t727,1891,94,1474624439,2016/9/23,114,17:38,331,//i1.hdslb.com/bfs/archive/b69442a6810a01a7fac2c0e879ebcc250fc2c531.jpg,58241,46,17:53:59,【CC炭】AD奶妈有什么好玩的，还是女忍得劲儿！,1157
6245582,BV13s411r78o,1182,90,1473604545,2016/9/11,209,19:08,225,//i0.hdslb.com/bfs/archive/09ee68bb051ba4b0a4573725b609013139321a88.jpg,51508,68,22:35:45,【SHCC】LOL S6 请戴好耳机再点开！奥拉污~~~,838
6191926,BV1ds41167j8,2009,84,1473248430,2016/9/7,113,18:15,342,//i0.hdslb.com/bfs/archive/d8f3631035e29809271afa09e4be9e5715a3255f.jpg,60461,63,19:40:30,【C某】LOL S6 再玩儿这英雄我就是狗！,817
6074989,BV1hs411674w,1785,321,1472481348,2016/8/29,209,17:22,831,//i0.hdslb.com/bfs/archive/d66fa681abc373d362b82d05f4a75adf8977c16e.jpg,82307,102,22:35:48,【SHCC】S6 累文 初来乍到 爱（gui）看（qiu）不（lai）看（kan）,1091
