﻿aid,bvid,coin,comment,created,date,favorite,length,like,pic,play,share,time,title,video_review
925952313,BV1UT4y1E78n,75344,6505,1591521948,2020/6/7,16216,03:02,222359,//i2.hdslb.com/bfs/archive/fc74c0edf88db3979fe8b5de00b1e70327560333.jpg,2383314,21605,17:25:48,做了一个生日蛋糕涂抹器,15134
200825157,BV1rz411v7Ws,14844,5609,1590842308,2020/5/30,5067,01:00,141548,//i1.hdslb.com/bfs/archive/77de2d3be3c05baa4b60715b891dc0fdae539eb0.jpg,2489849,3791,20:38:28,做了把铲子,6277
968356704,BV1pp4y1X74T,220330,13203,1590400848,2020/5/25,49529,05:25,391375,//i1.hdslb.com/bfs/archive/17a8998b497a6c5971a6ebbd40667d888d3f6dc1.jpg,3896824,45942,18:0:48,自制双手蛋刀大钳,28827
710589725,BV1mQ4y1N7Md,53194,5534,1589088617,2020/5/10,13391,03:02,224874,//i2.hdslb.com/bfs/archive/37a23ce991ad56d5d7656ca9d5a4569b508627c3.jpg,3448712,22231,13:30:17,自制不养金鱼杯,16097
710603783,BV1kQ4y1N7UC,94763,11971,1588759846,2020/5/6,18769,06:01,278736,//i0.hdslb.com/bfs/archive/86f511c2ece50f1fab290a14d873892773ef715e.jpg,3477712,29453,18:10:46,自制节食健身减肥冰箱锁,27460
967917889,BV1Up4y1X7D1,51635,10671,1588065965,2020/4/28,13396,02:00,245804,//i1.hdslb.com/bfs/archive/82ccf6b15c26a1d77f1357433b4d7a932e468f73.jpg,3916874,26277,17:26:5,自制冰激凌舔食器,21734
582751790,BV1s64y1T7eX,112546,10395,1587194229,2020/4/18,26630,02:15,283225,//i2.hdslb.com/bfs/archive/c69bbbd480cbf043eb80fc93e5c360e4f534658b.jpg,2989968,58110,15:17:9,用头发自制夏日实用遮阳帽,23352
667668103,BV11a4y1t7s9,330459,17755,1586517373,2020/4/10,98959,01:48,648387,//i2.hdslb.com/bfs/archive/14611b5b536631bf33953881ffbc30c9b47a2805.jpg,7428430,97695,19:16:13,自制不锈钢AK47键盘,21026
412621867,BV1VV411o7n1,215786,13988,1585393047,2020/3/28,53205,06:12,411431,//i2.hdslb.com/bfs/archive/e0cc20d9dc4b2306605a1e80363610baaca1109c.jpg,4289579,59755,18:57:27,自制卫生间多用机器人,65137
99098046,BV1e7411y77a,55689,9616,1585108812,2020/3/25,12921,04:39,228647,//i0.hdslb.com/bfs/archive/a330e3453cbf16d5c926e609cb5425f6c12f8ab4.jpg,3130887,21112,12:0:12,自制炒菜神器两件套,33291
98091070,BV11E411c7dD,33838,4873,1584767079,2020/3/21,9066,01:35,159203,//i2.hdslb.com/bfs/archive/d7aee7e47d0c40eb204269a3012b6e001b0c44a0.jpg,2244507,14917,13:4:39,座椅拐杖的的其他功能,12159
97114542,BV1y7411d7H6,51710,11558,1584454084,2020/3/17,10285,03:08,178561,//i0.hdslb.com/bfs/archive/a139d02a115b02db94af3ba98904a50f1f5ba6de.jpg,2289889,8788,22:8:4,做一个据说皇上用过的带坐椅功能的拐杖,18150
94858169,BV1HE411u77G,55468,6327,1583748007,2020/3/9,11042,04:18,184377,//i1.hdslb.com/bfs/archive/7cc5131acedd7c362b200ff1ba599d5453fbb145.jpg,2397237,7767,18:0:7,自制卫生间实用工具，让你洗头无忧 擦手不愁,13397
93951322,BV1kE411W7P8,47125,5615,1583492437,2020/3/6,9535,02:47,174323,//i2.hdslb.com/bfs/archive/25a6f387d002ed89abba9264b60775fee175e538.jpg,2274813,8253,19:0:37,自制配件将手机组装成一辆兰博基尼跑车,12220
91406746,BV1p7411u7C2,57071,10810,1582546178,2020/2/24,14843,02:11,217190,//i1.hdslb.com/bfs/archive/6ef00fda81b34277c4f33aa0a1b1c71f7186329b.jpg,3782440,26154,20:9:38,自制不锈钢口罩,22063
89128482,BV1T741137FR,284076,15176,1581760810,2020/2/15,68846,06:13,524956,//i2.hdslb.com/bfs/archive/bf346ee6e6f87d5f4f82a3bf41ed686b0c258b34.jpg,6883926,100859,18:0:10,自制洗衣机器人,65427
87935208,BV18741147i7,78716,6046,1581312799,2020/2/10,18997,01:18,236606,//i1.hdslb.com/bfs/archive/d4fde8db917a86a4175bff0eb374d61e6def50bf.jpg,3617797,37978,13:33:19,洗衣机在家很闷，改装一下出去溜溜,7740
82851778,BV16J411H7E7,166063,8731,1578656495,2020/1/10,32618,04:57,354249,//i2.hdslb.com/bfs/archive/854db9882273ce28ec517a00819ce356bcc3bb01.jpg,5519058,28679,19:41:35,自制家用流水自动煮面机,33136
81450490,BV14J411h7TA,69393,4593,1577788878,2019/12/31,14833,01:08,171581,//i2.hdslb.com/bfs/archive/81c4f350af0afefefdb9ae0fbc8c0e565463ac85.jpg,2899158,10836,18:41:18,家里不用的柴油机改了个音箱，放入水还可以当空气加湿器用????,6719
80640387,BV1vJ411W79F,22273,2347,1577276670,2019/12/25,4656,02:06,106430,//i1.hdslb.com/bfs/archive/33a838eddee18fb9ef24577083adcf3c790a84a7.jpg,2221195,1917,20:24:30,用螺母做了个小圣诞树,2695
79624925,BV1XJ41167mz,34137,6464,1576577663,2019/12/17,7347,01:52,125976,//i2.hdslb.com/bfs/archive/55421706fc6322bb0064d6c160b0e1fd8d45cc6f.jpg,3196093,11207,18:14:23,自改弹簧条车轱辘,8394
78762959,BV1YJ411y7nq,46034,5919,1575976453,2019/12/10,11599,01:58,152281,//i2.hdslb.com/bfs/archive/5ce40faea7780394a4d860aed485502aa41a2ce2.jpg,3249934,34201,19:14:13,自制闻味儿解馋器,14397
77598617,BV1CJ411B7gh,81906,8758,1575123596,2019/11/30,18195,03:11,229825,//i2.hdslb.com/bfs/archive/eb7990398b7a276c8f63e90a286905cb5ed3d69a.jpg,4147118,23167,22:19:56,自制拳击背包,16063
76492921,BV1hJ41127qg,31264,5590,1574331919,2019/11/21,7460,02:41,110767,//i1.hdslb.com/bfs/archive/94233e756d1d32532792eb8de4ec15e018ec27cd.jpg,2807901,11675,18:25:19,自制不用铲子的颠勺锅，炒个狗粮。,10672
75171730,BV1dE411v7qx,61082,5625,1573380018,2019/11/10,18309,01:22,140394,//i1.hdslb.com/bfs/archive/dd224dd877307e830c5a5adc686c056ac5bbc3ff.jpg,3270402,77831,18:0:18,自制全自动护肤器,13000
74506938,BV1yE411q7et,43381,6518,1572842161,2019/11/4,8953,02:33,147825,//i2.hdslb.com/bfs/archive/46d79a5b947af5709a9aadaf604f81e2be8b7524.jpg,4333084,6595,12:36:1,一个礼拜研究制作了一个可以连续砸核桃的大锤。,8952
73025712,BV1LE41127u8,29660,5355,1571738451,2019/10/22,6748,04:27,111616,//i0.hdslb.com/bfs/archive/ed85b2a7b317665b2fd25c8ba54de8775e1d9a23.jpg,3128917,8466,18:0:51,自制动感单车豆浆机，磨出来的豆浆喝起来有种淡淡的辣味,15603
71602991,BV1DE411r7T4,3879,1243,1571392848,2019/10/18,1679,00:32,44680,//i0.hdslb.com/bfs/archive/3f93a225aa52f9b38bf6f3bda264700aa4e69f25.jpg,1968545,1060,18:0:48,自制洗车神器，在宝沃工厂喷雷佳音,691
70776232,BV1RE411f7yf,36966,4178,1570709727,2019/10/10,7163,05:09,98105,//i0.hdslb.com/bfs/archive/7bb53276574d393d2decab79414c92641ba087de.jpg,2294069,8242,20:15:27,自制跑步发电器,16913
69811599,BV1xE411Q76g,16573,3419,1570060846,2019/10/3,3789,01:00,77602,//i2.hdslb.com/bfs/archive/5fa974777081d80bec52dbb2d33829817e7919db.jpg,2204458,2072,8:0:46,自制防健忘小药箱,3793
68636543,BV1xJ411g7JE,24049,4615,1569151573,2019/9/22,6616,03:12,96867,//i2.hdslb.com/bfs/archive/116d62e42a148deadb63939d690c3f3a2c09d5da.jpg,2884470,5452,19:26:13,自制手机散热器,9166
68355053,BV1XJ41137Fv,67870,4961,1568973617,2019/9/20,17477,03:04,168132,//i2.hdslb.com/bfs/archive/8c2acdea22c4eb0b5fd795c0c7da14d53485925c.jpg,3242638,15289,18:0:17,自制海绵宝宝汽笛闹钟,8582
68143516,BV1aJ411w7Bu,13739,2706,1568782911,2019/9/18,3005,02:19,64438,//i2.hdslb.com/bfs/archive/fa1582ffdff7b2bd423ec5cdb7cdcf0020316b69.jpg,2179263,2549,13:1:51,跑鞋雨刷器,3959
68058384,BV1NJ411w7my,19680,2830,1568715308,2019/9/17,5146,01:40,85286,//i2.hdslb.com/bfs/archive/8f257145807b7249611095a240aa04cbe658c503.jpg,2079096,3188,18:15:8,自制造浪装置VS 361度雨屏跑鞋，你从未见过的造浪挑战！,3629
67267617,BV1KJ411K77r,36391,4788,1568111374,2019/9/10,7828,00:54,122882,//i2.hdslb.com/bfs/archive/0b0a5ec95c25aa04dabac1bafa72958e85353e28.jpg,2926700,4836,18:29:34,自制省力穿鞋鞋盒,5289
65704096,BV1n4411z7aH,48019,7827,1566967365,2019/8/28,10976,01:29,146947,//i1.hdslb.com/bfs/archive/04aa673bcce5cb5b3ff326e6b503d4f537eef2ec.jpg,3603310,24525,12:42:45,自制臂伞，方便携带，使用时还可以增加自信心。,14020
64728562,BV1U4411d7bB,150446,15944,1566382773,2019/8/21,40374,02:33,240238,//i0.hdslb.com/bfs/archive/b842b19dc8f1079a60f2de9e7f5c09f4c6aadc00.jpg,5608786,93640,18:19:33,创业好项目，共享板凳,23000
62641605,BV1tt411T7s4,21473,4154,1565174999,2019/8/7,5046,00:39,80368,//i2.hdslb.com/bfs/archive/bcd56305a06f2fdf6f8100fc54745788b0045a8e.jpg,2373541,14871,18:49:59,自制七夕单身狗撒狗粮装备，草莓罐儿,3631
60810734,BV19t411j7Ta,144013,9615,1564136036,2019/7/26,33614,03:12,283025,//i0.hdslb.com/bfs/archive/87fb2d62b2f2a3dbbc21737e5914a0b2b2360108.jpg,5351387,23795,18:13:56,自制鲁班七号装备，消暑 造浪,22512
59716235,BV1tt41137uE,103258,12760,1563450012,2019/7/18,28817,01:28,217914,//i0.hdslb.com/bfs/archive/e4c312320ebd515a5d95098cb788079b9fe4c67a.jpg,5756845,49159,19:40:12,自制笑容辅助器，用物理的方法让笑容慢慢呈现出来,21533
58897308,BV1Jt411L7L2,158738,6255,1562929959,2019/7/12,31272,02:42,230080,//i0.hdslb.com/bfs/archive/656b0657d55d5ccbb87bc60ec2937f1280a8d8cb.jpg,3889598,24521,19:12:39,自制胸口碎大石套装！,16899
57565573,BV12x411X7BY,40824,4157,1562060888,2019/7/2,8900,01:04,87544,//i1.hdslb.com/bfs/archive/c94ab4a28eb6764f44b0b2ea04ced6f57d728e8f.jpg,2327481,18436,17:48:8,骑行伴侣美女计步器,6213
56806228,BV1dx411o7jU,16037,4173,1561463248,2019/6/25,3304,00:57,59315,//i2.hdslb.com/bfs/archive/490d3e6642abb6cfff579d9902430594f84a5a43.jpg,2248653,1730,19:47:28,可穿戴试多手机拍摄小马甲,3243
56712842,BV1xx411o7XW,7227,2876,1561382030,2019/6/24,4016,00:57,58816,//i2.hdslb.com/bfs/archive/5657e00496dba1f6f21b8a555b745821a9b681c0.jpg,2601227,2430,21:13:50,在日本的朋友说我上电视了，主持人是不是在夸我,2067
56213329,BV1g441137jC,111858,11113,1561034266,2019/6/20,32760,02:55,220070,//i0.hdslb.com/bfs/archive/9e3fe208c2edf145473f9b089704284425062831.jpg,4711718,20277,20:37:46,自制铁滑板，滑起来有种御剑飞行的赶脚,17210
55368614,BV1F4411P7uX,357536,17835,1560335144,2019/6/12,107782,03:19,498244,//i0.hdslb.com/bfs/archive/83f674d94e08250675dc20cb0035c1e8d3f7d8f2.jpg,8988325,197615,18:25:44,自制倒立洗头机,44406
54549095,BV1Q4411T7M1,84515,8602,1559641929,2019/6/4,22130,01:43,172315,//i0.hdslb.com/bfs/archive/84527ebfd7766bc726b62668036180a55ce4ada0.jpg,4374151,47761,17:52:9,自制大肠刺身伴侣。吃大肠刺身必备！,12485
53747305,BV1k4411p79p,24554,6849,1558928861,2019/5/27,6982,01:30,75724,//i2.hdslb.com/bfs/archive/1269b4025192d953e8856033d972da7ee29973f9.jpg,3496746,7988,11:47:41,自制蚊香分离器,6676
53081429,BV1t4411j7er,19930,2590,1558350354,2019/5/20,5841,01:31,52017,//i0.hdslb.com/bfs/archive/74a56a47f22c54e80b062b8d88c17ecca2af8801.jpg,1956586,9220,19:5:54,自制灭霸电风扇，有灭霸，凉一夏！,4035
52857972,BV1u4411E7hU,4174,1214,1558179893,2019/5/18,1027,00:32,23398,//i1.hdslb.com/bfs/archive/b93d3771bdc104886b3605c786c6a1c389f25c87.jpg,1114530,867,19:44:53,用铁丝做了一个灭霸。跟想象的不太一样啊,766
52270233,BV174411a7Kg,20638,3406,1557659930,2019/5/12,4953,01:28,59097,//i2.hdslb.com/bfs/archive/0484e5195f88215f5c6d751dfec139a33cfe47be.jpg,2333349,6989,19:18:50,自制硬核母亲节礼物,5834
52146046,BV1E4411e7Qc,2483,1343,1557572992,2019/5/11,1100,03:46,19623,//i1.hdslb.com/bfs/archive/7e9b9fe51720e8ca4c07f740c645b3ef0f417610.jpg,1160677,824,19:9:52,参观潘石屹潘总的木工坊,1723
51558534,BV1r4411i78J,50139,3960,1557060597,2019/5/5,8716,03:00,92375,//i0.hdslb.com/bfs/archive/e96b18a2342a3931ccca1e49b021930c92182168.jpg,1970003,2325,20:49:57,自制C919大飞机,8387
50850703,BV1G441187bq,9980,2445,1556539921,2019/4/29,1955,01:06,33664,//i1.hdslb.com/bfs/archive/45734fd1a30e347288d2756211c0ef22f6817a2a.jpg,1095396,905,20:12:1,一辆超级英雄战车怎么能少得了这块 屏幕放大器 #大发明不一样#,3215
50396741,BV1Y441187Sp,16658,2063,1556154653,2019/4/25,4351,05:04,36330,//i1.hdslb.com/bfs/archive/535858973be2a613f340512f035829fbc6dfb23a.jpg,1205786,9422,9:10:53,破釜沉舟跑步机的制作,3532
49805325,BV1Jb411L7Rj,8251,1964,1555667371,2019/4/19,2604,00:42,41068,//i1.hdslb.com/bfs/archive/5c659c3f7ce682fe2c85b99bffbb027a723ad05d.jpg,2579349,2958,17:49:31,千万不要玩火，对头发不好,2045
49540289,BV1zb411j7Lb,71201,5339,1555423282,2019/4/16,17973,02:03,113839,//i0.hdslb.com/bfs/archive/bf4cf53a83fc81fe388b781f64e7a095bef63166.jpg,2458686,26876,22:1:22,龙头烧烤器,9172
49035382,BV13b411K7co,8113,3523,1555029677,2019/4/12,2102,00:36,33667,//i2.hdslb.com/bfs/archive/90c38936a6a78fd59b86990d8762accfd47eb2af.jpg,2119907,2203,8:41:17,可以坐的保险杆,2128
48678913,BV1eb411u7Pz,141725,12190,1554694435,2019/4/8,45125,02:18,257773,//i1.hdslb.com/bfs/archive/8cda8b937795081c5620b95a06670fd15ed5f768.jpg,7401597,100220,11:33:55,破釜沉舟跑步机,15468
47672260,BV19b411x7ae,65099,5671,1553856781,2019/3/29,21444,01:10,137958,//i1.hdslb.com/bfs/archive/89dfc85f1bc6ae2febb570c1998eac1759bcfdaf.jpg,3394165,38905,18:53:1,美颜物理外挂。大眼眼镜,11012
47112311,BV16b41177z1,26251,4770,1553339596,2019/3/23,7740,01:31,61425,//i1.hdslb.com/bfs/archive/920f5665799360acfae6c7370c3b177078517a3e.jpg,2380606,16432,19:13:16,自制一个随时随地都可以静静的帽子,8144
46419332,BV1tb411J7hL,20682,5015,1552713831,2019/3/16,4623,01:59,51828,//i0.hdslb.com/bfs/archive/ac45708b4eee6fd53c1ef54b33eed696ec99acc7.jpg,2335657,2858,13:23:51,自制剥皮器,4804
46094549,BV1db411e7B1,17665,3966,1552390572,2019/3/12,4377,01:44,45737,//i2.hdslb.com/bfs/archive/f29b9151169edfacfc77214da8df7269330bb767.jpg,2221299,5141,19:36:12,自制掰蛋神器,4535
45489742,BV1Hb411q72L,5721,1449,1551850452,2019/3/6,1391,01:24,18939,//i2.hdslb.com/bfs/archive/85eead9c5e82337a7ba5843e14a1bed1d902e6dd.jpg,810251,1041,13:34:12,小风车的制作,1335
45423238,BV1wb411q7vc,5658,918,1551775876,2019/3/5,1034,00:51,18922,//i0.hdslb.com/bfs/archive/df4b183858911fd18c91687aeb8b7e3c3a643664.jpg,828392,842,16:51:16,肩坐椅的研发过程,793
45349855,BV1gb411z7SG,11584,2611,1551700219,2019/3/4,2293,00:54,28224,//i1.hdslb.com/bfs/archive/510fecb2af59662ae4886630998c0d64f63163c3.jpg,1164842,3691,19:50:19,放在肩膀上的椅子,1917
44652513,BV15b411874p,12857,2372,1551071527,2019/2/25,2595,02:33,33141,//i2.hdslb.com/bfs/archive/35d8f74b173e3cb2834f5f1fc5feeb76aa681985.jpg,1352105,2596,13:12:7,防青蛙冰船,3306
43664769,BV16b41127rK,7170,2029,1550230917,2019/2/15,1718,00:57,26756,//i2.hdslb.com/bfs/archive/86680acae2ad9b2b5391a5878ef83628c283b079.jpg,1649353,2134,19:41:57,自制包子饺子剁馅王,2222
42626510,BV1Jb411r72o,37647,3209,1549267337,2019/2/4,10549,02:39,80032,//i2.hdslb.com/bfs/archive/1a19588d2a8b435fe814ec349d42c8bcf2173f19.jpg,2350550,9067,16:2:17,火麒麟,6058
42157281,BV1Jb411y7Vq,11320,2662,1548845443,2019/1/30,3349,00:44,34752,//i1.hdslb.com/bfs/archive/50c948c14904d6f2233ae2df4a512bfa5dfcaf52.jpg,2034282,2730,18:50:43,放个矿泉水瓶,1912
41048730,BV1Mt411a7Bo,27999,2968,1547807176,2019/1/18,6694,02:02,48852,//i1.hdslb.com/bfs/archive/beb8567cc9faa4c3ab43e8731248ba623854e712.jpg,1485710,10486,18:26:16,佩琪的制作。,4529
40649321,BV1At411H7qz,39407,4750,1547373145,2019/1/13,7957,01:44,60452,//i2.hdslb.com/bfs/archive/952cfbf25600d426fc12f7c5be7125eeb6972838.jpg,1935908,16796,17:52:25,跳舞撒水泥器,5429
40220551,BV1pt411s7Zq,4848,1081,1546926020,2019/1/8,888,02:21,15992,//i1.hdslb.com/bfs/archive/9aa82ca3dc8b7b24da18726ee8bbeeeecb2a5dee.jpg,819173,609,13:40:20,准备装修下工作室,1217
39734888,BV1St411B7mL,3527,1432,1546415363,2019/1/2,821,00:55,13189,//i2.hdslb.com/bfs/archive/15843bfcf90aa11c07f2fa8a648e3bc668b36a1b.jpg,803363,747,15:49:23,暖气春秋椅,858
39545189,BV1Yt41167Qv,17433,4623,1546255503,2018/12/31,3158,02:36,34560,//i2.hdslb.com/bfs/archive/d9a9177d6a7889c1053f7982b6df42365ab78cc1.jpg,1573677,4472,19:25:3,自制冬暖夏凉春秋暖气椅,3750
38901085,BV1Ut411k7xr,1483,843,1545627016,2018/12/24,540,00:57,10170,//i1.hdslb.com/bfs/archive/12d26bc586d4cefe2d3d46226e7b9d579b9d98ba.jpg,780544,615,12:50:16,布偶娃娃,588
38723787,BV16t411Y7Z9,19282,2305,1545450845,2018/12/22,5186,01:57,41068,//i2.hdslb.com/bfs/archive/f226bb12cd60d2dbdeaaee55866ef123f5f85bb5.jpg,1591362,11103,11:54:5,多功能锁喉拳套围脖,4905
38501169,BV1Gt411v7a9,8289,1219,1545194045,2018/12/19,2105,04:51,20740,//i1.hdslb.com/bfs/archive/2a7dfbd91e5f4f2241278a5c071d6d7bb7a01491.jpg,726119,1429,12:34:5,第一次上台讲话,1819
38359510,BV18t411e7at,26857,2146,1545022141,2018/12/17,3442,03:10,37122,//i1.hdslb.com/bfs/archive/6cc685bef6b8645ec3dfa5902cd5b0fc3c62ff27.jpg,1066710,3507,12:49:1,垃圾终结者！吸尘侠必备！自制自由伸缩吸尘杆！,5027
37866997,BV1Jt411q7FQ,10740,3804,1544435639,2018/12/10,2672,00:59,31990,//i1.hdslb.com/bfs/archive/3230a26cfc939b34bcb8223ea43d21aae6e37803.jpg,2702334,1772,17:53:59,自制省力锤子,3076
37614968,BV1bt411S7Be,18613,2955,1544175654,2018/12/7,4442,01:33,39336,//i0.hdslb.com/bfs/archive/4e193ef96b16528f47f497b395a66dcdb2e7d00b.jpg,1909678,9776,17:40:54,保险箱手机壳,4305
37015429,BV11t411Q7XY,14035,3962,1543487250,2018/11/29,2969,01:24,32078,//i2.hdslb.com/bfs/archive/f98d5fe5de93e57bbcc0d3df070166a046c23b65.jpg,1788106,3177,18:27:30,自制撸串儿辅助器,2090
36704215,BV1ct41197Rp,2053,607,1543106543,2018/11/25,428,00:31,11172,//i2.hdslb.com/bfs/archive/2e0a1ee342457e243c73a0964cad0bd840e7a83b.jpg,602794,435,8:42:23,手工也可以么洋气,209
36382034,BV1ct41127Ck,6813,1693,1542706336,2018/11/20,2187,00:18,51346,//i0.hdslb.com/bfs/archive/a78c885044f7b8b360cd158c2a3481a8a8e179a9.jpg,4218649,780,17:32:16,准备申请专利的产品,686
36077917,BV1ut411m72S,29191,3369,1542360772,2018/11/16,7709,01:22,45797,//i2.hdslb.com/bfs/archive/ddb055f5639297d805e832e1c8cd2ec6003bbb13.jpg,1761392,19210,17:32:52,村里最酷的卫生间,5639
36048604,BV1ft41127gT,12054,1946,1542324866,2018/11/16,2326,03:12,28162,//i0.hdslb.com/bfs/archive/c75df054758988de9660c96baa6e92e86db49e47.jpg,1787643,2988,7:34:26,扩建下自己家的厕所,6274
35763267,BV1Vt411U78C,4607,1118,1541931156,2018/11/11,1166,01:42,12737,//i1.hdslb.com/bfs/archive/b56472fb94bd7d59a226d9af97ca8a31d42e8cc5.jpg,798849,2121,18:12:36,开心快乐挠挠椅制作教程。喜欢可以自己照着教程做一个,1188
35612559,BV1Cb411c73K,38135,5150,1541758658,2018/11/9,11808,01:43,53826,//i0.hdslb.com/bfs/archive/a3f3d9a9a5460f56caacd49216cad55b47133286.jpg,2228130,36287,18:17:38,自制开心快乐椅,7122
35334794,BV1Mb411A7i3,1937,1198,1541378946,2018/11/5,582,00:27,10573,//i2.hdslb.com/bfs/archive/067fcfe929283c5084c1eba69869de59857cee81.jpg,866899,655,8:49:6,华盛顿美女记者,347
34877601,BV18b411A71d,66122,3971,1540809114,2018/10/29,12851,02:00,73150,//i1.hdslb.com/bfs/archive/2fe33616f075f2a01eabab1e8f994dedbe4ecb8f.jpg,2531353,40730,18:31:54,洗头搓澡剑,9622
34722138,BV1Vb411N7rH,5146,1337,1540634514,2018/10/27,2140,00:57,16710,//i0.hdslb.com/bfs/archive/b19876a1d8da03f279562845dc64f4ab1492f8c1.jpg,1128697,2780,18:1:54,童年三件套,1547
34573971,BV1at411d7Zb,14505,3484,1540471698,2018/10/25,8672,00:45,32770,//i2.hdslb.com/bfs/archive/83942b6bc79b64436a7d192a29c482afdfc83c03.jpg,2113784,24394,20:48:18,脑瓜崩辅助器,2737
34492358,BV1ot411R7d2,8471,1527,1540353150,2018/10/24,1564,01:39,25165,//i2.hdslb.com/bfs/archive/fde0dd44b355f635bdd482063feae57efa0638fe.jpg,1537730,2912,11:52:30,自制美女偷瞄帽,2250
34388294,BV1it411R7xL,11119,1167,1540203312,2018/10/22,2227,01:38,28943,//i0.hdslb.com/bfs/archive/69b8d9be4725c3859553030446312d4329b5ff3b.jpg,849021,6212,18:15:12,摩托马桶,1598
34208078,BV13t411o7Z7,11564,1297,1540008050,2018/10/20,2378,02:35,22852,//i1.hdslb.com/bfs/archive/b4f72fbc09d6964164cc7d67a781896527922124.jpg,1082818,3187,12:0:50,自制桌游烤串神器！,1527
34036745,BV1Ft411f7Ez,1877,518,1539770297,2018/10/17,376,00:27,8784,//i0.hdslb.com/bfs/archive/3af45952e9b4db02f832a9fb9d90e6450e97ed57.jpg,758208,404,17:58:17,没有对比就没有伤害,150
34018654,BV1Nt411f7Da,10352,1363,1539749590,2018/10/17,2636,01:30,20637,//i0.hdslb.com/bfs/archive/c3bfbb89d29e1ff748b05e0ddd4581a2404fb403.jpg,792563,4841,12:13:10,旋转雨伞自拍杆,2326
33906612,BV1Jt411Z7YJ,3186,1977,1539594990,2018/10/15,860,00:31,17188,//i0.hdslb.com/bfs/archive/b65b93e1a2b108726b8d490d10bffa3c0dfd429e.jpg,1074374,726,17:16:30,做了一些预订的产品,477
33690499,BV1Kb411F7yw,14422,1162,1539347441,2018/10/12,2617,04:15,22018,//i2.hdslb.com/bfs/archive/a9766d41af7b1104cc9b28c80c455892ea1ff66f.jpg,914693,5175,20:30:41,跳一跳神器加手机换屏指南,2727
33592996,BV1it411f7My,9368,1691,1539225961,2018/10/11,1268,01:46,17687,//i1.hdslb.com/bfs/archive/4512b4dc135450de3d22014ae3dcb22b99886bcf.jpg,1120175,3147,10:46:1,自制鼻毛夹拽器,1239
33490240,BV1YW41117A8,4465,1298,1539086470,2018/10/9,1372,01:07,15403,//i0.hdslb.com/bfs/archive/ceb0910e1a163cdf54a536ed16dd6cae25f88956.jpg,1310694,3050,20:1:10,血滴子的使用方法,1136
33444123,BV1uW411175F,4733,958,1539012873,2018/10/8,1412,00:18,16882,//i1.hdslb.com/bfs/archive/db0aa9841564253f8c72252421927370a0f6e9dd.jpg,1553153,3250,23:34:33,方向盘,358
33371437,BV1dW411y72P,7596,1287,1538919384,2018/10/7,2065,01:11,16289,//i1.hdslb.com/bfs/archive/930c49645012dea29c5878195c4f0f0e91b612a0.jpg,824553,7556,21:36:24,菜刀手机壳,900
33103632,BV1VW41127mJ,14839,2059,1538655105,2018/10/4,2807,02:49,26062,//i2.hdslb.com/bfs/archive/ee11067c4d2c1cf17fd9ac09277818b728675281.jpg,910649,3394,20:11:45,雷神之锤制作过程,1947
33021857,BV1JW411U7aF,7932,1789,1538569273,2018/10/3,1045,00:51,14450,//i0.hdslb.com/bfs/archive/d8894bdf5ac32b0bb40d82d32482ef7753844b57.jpg,797592,3130,20:21:13,雷神之锤跨包,988
32845144,BV1vW411m71i,5824,1240,1538391148,2018/10/1,906,02:06,12207,//i2.hdslb.com/bfs/archive/d45bcb149d3c1c9db37360aad4ce11ff1d57aa8c.jpg,608416,615,18:52:28,螺母开瓶器,467
32744713,BV1mW411S7cS,5611,735,1538287137,2018/9/30,894,01:14,12636,//i0.hdslb.com/bfs/archive/8076bace7ef635eae2ad4dc5bdaa75a7f5d33246.jpg,795095,1466,13:58:57,血滴子制作,481
32697493,BV1nW411S7os,31363,2230,1538213967,2018/9/29,5108,02:58,37886,//i2.hdslb.com/bfs/archive/1bf7bb8bb8c77ed9c7e143f4af3c9e63fb4dd319.jpg,1662610,2924,17:39:27,加特林制作过程,1902
32682182,BV1tW411S7dB,22515,2986,1538196581,2018/9/29,1665,00:12,30608,//i2.hdslb.com/bfs/archive/7ad663134c82e894f50dcf373307dd5b1b48a076.jpg,1393117,973,12:49:41,来b站了。,839
32680907,BV14W411S7JC,31167,5533,1538195213,2018/9/29,15735,01:34,53864,//i2.hdslb.com/bfs/archive/ed4d4debc37a0c8b1b01cf24d9f2d36decdc209d.jpg,3287666,61612,12:26:53,脑瓜崩神器,8126
32586984,BV1oW411U7Uu,15998,3231,1538049922,2018/9/27,4422,00:58,37533,//i1.hdslb.com/bfs/archive/09e99f6138c5b443b275a1dd9a6274a9cea0ce2f.jpg,2451621,9822,20:5:22,地震应急吃面神器,3529
