﻿aid,bvid,coin,comment,created,date,favorite,length,like,pic,play,share,time,title,video_review
455979160,BV1E5411W7tB,63570,2794,1591957807,2020/6/12,18090,08:36,60760,//i0.hdslb.com/bfs/archive/303837552bc82487e70c4cee74c3d1f1fe592160.jpg,164802,3662,18:30:7,我们把豫章书院送上了法庭，却遇上新困境……,3967
838048631,BV1Hg4y167Tg,79445,11388,1588509586,2020/5/3,31892,07:52,169279,//i0.hdslb.com/bfs/archive/8f1cbeed38e783225b0fbbd80f9f3bd81c330a3b.jpg,994063,8376,20:39:46,【温柔】抢你孩子，抢你版权？十年前就开始了！,12311
795250343,BV1FC4y1x7oh,163546,11947,1587121222,2020/4/17,47723,12:34,242109,//i0.hdslb.com/bfs/archive/9491c11009be470dabd9815641abcc02ad90e2bf.jpg,1026261,5252,19:0:22,豫章书院、心寒、人肉、恰烂钱——一些温柔的心里话。,30336
837704912,BV1ng4y187ZA,43586,5123,1586780713,2020/4/13,19356,03:14,78778,//i0.hdslb.com/bfs/archive/fdf5cb87fa6027bb1fc3c1e55c2d60050a3742f6.jpg,391727,3816,20:25:13,【温柔】一封全是恋爱酸臭味的公开情书……,11060
90616562,BV1U7411w7r8,38366,3421,1582277503,2020/2/21,13190,07:01,75122,//i1.hdslb.com/bfs/archive/e54f4f7369643695e8b2b0d474911cbc542d0ec3.jpg,788463,5984,17:31:43,新冠肺炎疫情中最致命的“双重标准”！我们能学到哪些教训？,5360
90442259,BV197411c725,25557,7730,1582209559,2020/2/20,11859,04:56,102968,//i2.hdslb.com/bfs/archive/38544a5cd05f0db525a712d874cd195fcf066ccb.jpg,1340068,17307,22:39:19,日本疫情可能即将爆发，恳请所有留日的UP主和其他朋友，立即做好防护工作！,9751
88806502,BV1n7411G7PH,29776,3581,1581618341,2020/2/14,8428,12:47,52504,//i2.hdslb.com/bfs/archive/cddf7cd9b1e58cd3dcd09cf0d6e30ec7d83f9ce2.jpg,284198,1034,2:25:41,【温柔】当有人无下限的抹黑，买水军网曝你，你该怎么办？,4467
87676920,BV1X7411t7jL,632526,27609,1581222336,2020/2/9,241705,10:08,872862,//i1.hdslb.com/bfs/archive/6d2dce6a4825227a8f3ae86c2e3eb82c81b8815c.jpg,9682317,157694,12:25:36,搜查十几天，我居然找到了疫情蔓延的原因！？,46544
86294311,BV1q7411W72E,27587,4729,1580641804,2020/2/2,8308,15:27,63265,//i2.hdslb.com/bfs/archive/e3b7aa2d02af349610d8fe6d891474fd7b433e4e.jpg,424044,1177,19:10:4,我为什么删除“浙武抗毒联盟”的视频？,4850
78818349,BV1ZJ411y7Dn,65130,5889,1576235416,2019/12/13,28789,06:50,106729,//i1.hdslb.com/bfs/archive/a1567001a298ee468f78074aaed99629302f371c.jpg,617028,4179,19:10:16,进来告诉你，我们为什么会喜欢B站？,13676
77365043,BV1mJ411D7nj,1040257,10081,1575025258,2019/11/29,205236,07:55,746785,//i2.hdslb.com/bfs/archive/0cdbf1bb90d6c1c24b5a5a9b769fe9c964339ccb.jpg,3551739,14336,19:0:58,来自世界的温柔！豫章书院创作激励的捐款实录。,27449
74638397,BV1sE411B7TM,355535,13038,1572945181,2019/11/5,81984,04:59,402418,//i2.hdslb.com/bfs/archive/86842e24b454e96631f705f3bef17b11834a12f4.jpg,2738047,13244,17:13:1,有人冒充我的名字来骗钱，居然还骗到了！？豫章书院事件意想不到的风波……,31956
74163306,BV11E4118797,1150236,37422,1572609908,2019/11/1,279257,13:25,1024522,//i2.hdslb.com/bfs/archive/fd244b58cf7472802602d093e39b698f00c71360.jpg,6901213,148115,20:5:8,曝光豫章书院，我也收到了死亡威胁,99753
73836578,BV12E411h7A6,2910693,64614,1572344909,2019/10/29,806254,11:14,2550395,//i0.hdslb.com/bfs/archive/974d6874f4bcac76c7cf0e8b4dee7f2558af30ea.jpg,18580087,321094,18:28:29,当事人告诉你豫章书院事件的完整始末！,279605
73372900,BV1hE41117S6,2628559,70373,1572003174,2019/10/25,710136,11:51,2068090,//i2.hdslb.com/bfs/archive/0c62940b1582a3a056d4fbea3ee3d2f0ddd3ab01.jpg,11871879,376562,19:32:54,因为曝光豫章书院，我朋友被逼到自杀。,151897
56615375,BV1W4411g7oQ,26447,1500,1561301328,2019/6/23,11013,04:45,38288,//i0.hdslb.com/bfs/archive/90908a0fd5ebb9c261dae11b029ffd73cdc7cb82.jpg,609625,930,22:48:48,高考考砸了，这不值得你去死。,1133
