﻿aid,bvid,coin,comment,created,date,favorite,length,like,pic,play,share,time,title,video_review
498624005,BV1bK411n7BG,61946,4693,1592148418,2020/6/14,20730,23:56,74690,//i2.hdslb.com/bfs/archive/3b264415b4b3f103880052e3b419828102fc3f37.jpg,672355,4807,23:26:58,【怪异君】与女仆争风吃醋，泡芙喵对怪异君大打出手！,12769
668129220,BV1ha4y1i7pi,3566,1333,1589867852,2020/5/19,2303,02:25,23917,//i0.hdslb.com/bfs/archive/999a66be5038591f6e7775c55588ddb2bc786b0e.jpg,384294,374,13:57:32,【怪异君】极 致 沙 雕 极 致 享 受,2568
285535569,BV1sf4y1m7aP,107972,3791,1588467639,2020/5/3,25886,25:41,99453,//i2.hdslb.com/bfs/archive/30af6e380aa136be9d6145d8419f7315072834d1.jpg,1017015,2281,9:0:39,58【怪异君致经典2】《少年包青天3》第三案 下篇,15821
882966334,BV1tK4y1b7VT,103935,2673,1588338874,2020/5/1,24559,22:34,100549,//i2.hdslb.com/bfs/archive/d50afdadfa2fe0c3f104f0cb2b91bf04de6350e5.jpg,1063172,2501,21:14:34,57【怪异君致经典2】《少年包青天3》第三案 上篇,11239
882868672,BV1vK4y1k7Rk,5818,685,1587182420,2020/4/18,4227,36:51,16605,//i1.hdslb.com/bfs/archive/dba862e76bcd3cb4bad5d72427df0e611748a3a1.jpg,188025,746,12:0:20,【互动游戏】梦境探案—你能顺利从梦境中醒过来吗？,3442
242638875,BV12e411x7Y9,80278,3286,1586602179,2020/4/11,20710,39:51,80647,//i0.hdslb.com/bfs/archive/e7fcf1e545f0ba24dbd0699efb53af47d9dbc3cb.jpg,1045401,3009,18:49:39,56【怪异君致经典2】《少年包青天3》第二案,18034
93335264,BV19E411x7He,7023,1477,1583553639,2020/3/7,5457,55:02,17697,//i1.hdslb.com/bfs/archive/f3e6d3432566c5388bc83dff6dad8952ba7d53ec.jpg,306334,2120,12:0:39,【互动视频】Re：从零开始的Weird Story-洋馆谋杀案,10662
91606855,BV1r7411T7vY,121944,4889,1582635625,2020/2/25,27840,32:52,115338,//i1.hdslb.com/bfs/archive/a37b045d6156463e1bcaf318242611095304f3c4.jpg,1635011,9695,21:0:25,55【怪异君致经典2】《少年包青天3》第一案,32067
86409738,BV157411s7RT,3559,455,1580695218,2020/2/3,2209,01:46,10758,//i2.hdslb.com/bfs/archive/4936a93d53f891b8465f3207342ed844fe9b5064.jpg,149340,466,10:0:18,《五湖四海》-Remix之妹儿之父.Feat.怪异君,461
84896749,BV1x7411Y73q,5778,433,1579878849,2020/1/24,1977,21:46,13781,//i0.hdslb.com/bfs/archive/c35b334a2f506d23fdb8f422777100da77af0fda.jpg,294332,383,23:14:9,【玩勿丧智16】怪异故事最拉胯的新年特辑,1556
84559486,BV1W7411e7tJ,73721,3694,1579703556,2020/1/22,30566,09:30,67687,//i1.hdslb.com/bfs/archive/4aa3e485bab7932df6b3cf24662a42ebcf1663cf.jpg,941653,5050,22:32:36,【大宋饶舌提刑官】人命大如天·史文俊案（冤魂生灭）,3762
80799860,BV1tJ411Y7XB,107892,4955,1577390741,2019/12/27,90648,22:07,137870,//i0.hdslb.com/bfs/archive/1bc42992e3f5179cffacc906cbc160d927593c9d.jpg,2224027,12425,4:5:41,【怪异君】泡芙喵怒扇怪异君耳光！二人恋情曝光！成都BW大闹酒店！,23753
80642311,BV1mJ411W78g,9207,1380,1577282260,2019/12/25,3693,14:24,20889,//i2.hdslb.com/bfs/archive/929429e7718cadd6e87684d379bd7aaee064dd58.jpg,414579,705,21:57:40,【怪异君】百万粉福利！该来的都来了！,4532
79841497,BV1YJ411t7Rs,87314,2895,1576747743,2019/12/19,23568,30:21,70903,//i1.hdslb.com/bfs/archive/9215ce5e7655a163d89528133146d277ce16683e.jpg,1173918,3278,17:29:3,54【怪异君致经典2】《神探狄仁杰》最终案,12692
78450980,BV1AJ411v7R7,13599,1026,1575739218,2019/12/8,8552,05:21,32738,//i2.hdslb.com/bfs/archive/4c8d7b28d18f7454ef617b937ff7db73cbec328d.jpg,569886,2706,1:20:18,五 湖 四 海【BML2019广州单品】,8027
78441309,BV1SJ411e7c9,471942,12151,1575734159,2019/12/7,296010,04:10,560481,//i2.hdslb.com/bfs/archive/49a271f2b1ed81decb340758454efc4235bbad53.jpg,10331085,163757,23:55:59,【猛男舞团】新宝岛remix 宴 请 八 方【BML2019广州单品】,61696
75461235,BV1eE411e7CZ,51698,2344,1573558945,2019/11/12,14322,21:41,48465,//i0.hdslb.com/bfs/archive/b38634c1bb5769589051832de9631d5450182a4f.jpg,1221046,2217,19:42:25,53【怪异君致经典2】《神探狄仁杰》第五案 下篇,9825
73834959,BV12E411h764,65573,1930,1572342100,2019/10/29,18264,18:44,56808,//i1.hdslb.com/bfs/archive/539b665a98ad935d1944ca6915bbef0b69279856.jpg,1238779,2318,17:41:40,52【怪异君致经典2】《神探狄仁杰》第五案 上篇,8596
68491084,BV1XJ411u7AB,2462,693,1569053787,2019/9/21,633,06:27,6194,//i0.hdslb.com/bfs/archive/3b0048337f4c39b29181ae27e8ce7623457a114d.jpg,252582,340,16:16:27,【金陵神捕】拿到剧本看不懂？编剧全程跟着跑？,398
68359757,BV1XJ41137Qm,112729,9008,1568981746,2019/9/20,42358,102:09,79493,//i0.hdslb.com/bfs/archive/514f1c0403d4aa5de693ec9f882119c2e3a377ac.jpg,1845851,11059,20:15:46,【金陵神捕】伏竹村之谜,55679
68265280,BV1WJ41137m3,4263,763,1568882380,2019/9/19,1223,05:57,8975,//i0.hdslb.com/bfs/archive/b2e0e83af7bf80933b8f9002644e810fae50f5de.jpg,418229,712,16:39:40,【金陵神捕】戏精男孩四人组 幕后花絮大公开,1740
68096199,BV1bJ411w784,3747,954,1568726012,2019/9/17,1181,01:38,9473,//i1.hdslb.com/bfs/archive/ff83c645f4dcf3a45353cb7a51f4edcfe1263bb5.jpg,240794,1240,21:13:32,【金陵神捕】定档预告,460
68091734,BV1LJ411w76t,59033,2148,1568724370,2019/9/17,16135,20:39,52348,//i0.hdslb.com/bfs/archive/0e29f09a1ef23ef1804b13443a44ef54bbb3be57.jpg,1275317,2004,20:46:10,51【怪异君致经典2】《神探狄仁杰》第四案 下篇,9232
67322940,BV1WJ411K7oH,41051,3486,1568159890,2019/9/11,11855,17:51,41625,//i0.hdslb.com/bfs/archive/675ee72cfd7cdc61270542cc9d147cfb1ca27c46.jpg,1318329,2801,7:58:10,50【怪异君致经典2】《神探狄仁杰》第四案 上篇,10868
58932238,BV1tt411L79f,2107,965,1562944366,2019/7/12,1950,17:56,13403,//i0.hdslb.com/bfs/archive/1b497aa470b5d115600d38e816a5fe857220625a.jpg,468954,1204,23:12:46,【创作训练营】1000元做一碗的葱油面是何等奢侈,2425
55935831,BV1t4411G7tv,4026,652,1560789373,2019/6/18,1417,13:54,10446,//i2.hdslb.com/bfs/archive/f3a6bd574e9fe3849b304fd70ceda5719972fbfe.jpg,381566,346,0:36:13,读评论！怪异团队多有钱？今天就告诉你,1935
55016928,BV1Y4411T762,63177,3251,1560045650,2019/6/9,17191,25:37,55206,//i2.hdslb.com/bfs/archive/61a5cd4863dfcabb3ae3ea1a49f76c5c28d54718.jpg,1716624,4034,10:0:50,49【怪异君致经典2】《神探狄仁杰》第三案,14308
54456607,BV1D4411n7up,28557,7226,1559563249,2019/6/3,17384,06:03,88980,//i0.hdslb.com/bfs/archive/07b32de5e59d03aeb7940b6f82ddcf43db6d442a.jpg,1793455,6238,20:0:49,2019高考加油！UP主联合应援2019年高考,12364
52590385,BV1J4411J7nh,72869,3069,1557979224,2019/5/16,20860,25:51,60453,//i2.hdslb.com/bfs/archive/a718b0e03c6951c87f9a31d8554a92634f030373.jpg,1806444,3770,12:0:24,48【怪异君致经典2】《神探狄仁杰》第二案,11274
51105976,BV1D4411t7Ci,100551,4185,1556728088,2019/5/2,31321,18:08,83126,//i0.hdslb.com/bfs/archive/986ef0369729b0d4e2e37e311807b650487a8e5a.jpg,2117250,13309,0:28:8,47【怪异君致经典2】《神探狄仁杰》第一案,14471
50916810,BV1D441147Bt,11715,1742,1556599233,2019/4/30,3905,15:11,14028,//i0.hdslb.com/bfs/archive/84fa8a2d3a8567dcfb63c3c6475d8b649d0b6198.jpg,378447,1001,12:40:33,【点到为止】16.让狄仁杰成为东方福尔摩斯的人，居然是一个外国学霸,3772
49735092,BV1fb41157ec,46616,2445,1555595798,2019/4/18,17395,19:24,35605,//i0.hdslb.com/bfs/archive/340cd1bdbbab4dfaab38a3b9165c51330ef9fc36.jpg,455836,3564,21:56:38,【点到为止】15.特辑！中国推理史！中国推理加油！,6086
48756724,BV1Zb411u7rW,9019,1105,1554775229,2019/4/9,3451,20:26,10443,//i1.hdslb.com/bfs/archive/68f7a01844256aaa76903a1372c01a92202e5ed1.jpg,257450,1630,10:0:29,【点到为止】14.女高中生跳楼身亡，原因来自网络……,2004
47925995,BV1hb411s7Kb,5925,675,1554047196,2019/3/31,2323,48:09,6544,//i2.hdslb.com/bfs/archive/329860603efe071b0c65448aa0a6c69a25f60d7d.jpg,189834,1907,23:46:36,【点到为止】13.故宫寻宝记！《如意琳琅图籍》线下解谜体验！,1594
46955304,BV1Db411j7Uk,8273,669,1553189316,2019/3/22,3309,14:53,8996,//i1.hdslb.com/bfs/archive/bef8acf73b7e9066e5fab6f9d89b03b8fa94001c.jpg,188112,3012,1:28:36,【点到为止】12.你不知道的《谜宫·如意琳琅图籍》,1389
46197556,BV1wb411H7Tu,7310,838,1552489835,2019/3/13,2699,18:27,8375,//i2.hdslb.com/bfs/archive/116376af192218db0179873af211ac90a4806153.jpg,245240,886,23:10:35,【点到为止】10.密室之王的逆转裁判,1700
38755561,BV1Ut411Y7vQ,5057,967,1545475037,2018/12/22,2080,13:43,7892,//i2.hdslb.com/bfs/archive/52e2aa0439a5862c1278a4c9a286665197083e1e.jpg,296864,1033,18:37:17,【点到为止】11.这家伙的漫画，吓了我们三十年,2595
38084152,BV1Rt411v7YU,2103,4044,1544716816,2018/12/14,682,05:43,4471,//i0.hdslb.com/bfs/archive/86bae0cd9cf7fdf96ab7f2933d7d17c4735525f5.jpg,203237,341,0:0:16,不服！怪异君再次挑战故事王,756
35076560,BV18b411P7BR,1803,407,1541078282,2018/11/1,849,12:29,4071,//i2.hdslb.com/bfs/archive/98efd6d193f12c2c1d0634e3f70139655ea314b8.jpg,204467,539,21:18:2,【玩勿丧智15】五大鬼屋连环挑战，看谁是怪异第一怂,1283
32397178,BV12W411z7Hy,6370,773,1537783775,2018/9/24,1944,15:48,6024,//i1.hdslb.com/bfs/archive/a30a392c322c0b38234f3484d664fb14a3be07a3.jpg,276668,1137,18:9:35,【点到为止】9.破解密室犯罪火箭速成教学,1429
30214117,BV15W411D7R1,2129,522,1535113473,2018/8/24,627,22:18,3301,//i1.hdslb.com/bfs/archive/647bc39238567c0009531f7575858b02f816a134.jpg,179242,443,20:24:33,【玩勿丧智14】无间道再次上演！谁才是真正的背叛者？,1476
28795498,BV1rs411g76y,10131,953,1533667231,2018/8/8,4421,15:17,6685,//i1.hdslb.com/bfs/archive/4c3fcad9e47935dc75c685721ee851ae733ab730.jpg,228200,2468,2:40:31,【点到为止】8.向电子书宣战！这些纸质书超有趣,1970
27829479,BV1Gs411A7Cj,5125,956,1532649674,2018/7/27,2156,15:16,5559,//i1.hdslb.com/bfs/archive/aa781b7dadb78a619032e7b0539d59f58f1d1fdc.jpg,302269,812,8:1:14,【点到为止】7.《名侦探柯南》第二弹！少年侦探团人物图鉴,2697
26517950,BV1rs411n7ut,9435,1108,1531166806,2018/7/10,9607,13:59,9977,//i2.hdslb.com/bfs/archive/e1e20c1e0e9f3c05783c95cecc24b177490bbe3d.jpg,624545,2836,4:6:46,【点到为止】6.史上最全的《名侦探柯南》人物图鉴（亲友篇）,4691
25334924,BV17s41177yV,809,471,1529588924,2018/6/21,241,49:24,1590,//i1.hdslb.com/bfs/archive/3e202e5b5a39fffa15695e6988bccba6456c2015.jpg,132794,305,21:48:44,【直播录屏1】暴躁的周五，读读评论聊聊《紧闭的门扉》,870
24830626,BV1rW411w7aJ,5879,1131,1528892274,2018/6/13,2005,15:44,5455,//i1.hdslb.com/bfs/archive/244c0e37a6bbac3c2693bb45c5916b2465ee0142.jpg,370734,1490,20:17:54,【点到为止】5. 推理界奇葩！上帝视角全开，最不怕剧透的推理小说模式！,2961
23244463,BV1PW411F7BE,8737,1149,1525946276,2018/5/10,4848,16:29,5113,//i2.hdslb.com/bfs/archive/78bdc22200e16d9d6099c7998e5f3f2b72d4aaab.jpg,345159,15767,17:57:56,【点到为止】4. 复仇者联盟3无剧透复习指南,2573
22744505,BV1BW411V7TY,9739,1540,1525013317,2018/4/29,3450,15:18,7365,//i1.hdslb.com/bfs/archive/f24cc2f544b72b4422701f2be39996c728efb8df.jpg,415458,2038,22:48:37,【点到为止】3.死宅崛起！他写的推理小说，被唐人街探案“借鉴”了,2879
19853419,BV1bW41177Uw,1095,400,1519197008,2018/2/21,273,12:12,1758,//i1.hdslb.com/bfs/archive/c0605dd1562f539afa736f2af6cc7eaf2c6b5914.jpg,132483,318,15:10:8,【玩勿丧智13】丢下加班的怪异君去越南浪，美滋滋！,642
19640595,BV1LW411J7gF,4222,543,1518691240,2018/2/15,812,09:24,2808,//i0.hdslb.com/bfs/archive/32d1e3f79bfee4396646061205600c16d53ed52b.jpg,126072,561,18:40:40,【怪异贺岁】众男神女神牵着怪异君给大家拜年了！！！,2110
19067765,BV1hW411H7Us,32028,2831,1517591996,2018/2/3,5532,21:10,13496,//i1.hdslb.com/bfs/archive/79e89da326b936ba5b703616a318fac9514cfd27.jpg,702858,2730,1:19:56,46【怪异君致经典2】《仙剑奇侠传》第七回,7847
18160166,BV1SW411i7YH,2614,490,1515567627,2018/1/10,1267,03:20,2294,//i2.hdslb.com/bfs/archive/6f4a6a4178d46e7149e01c7ecea7e4d9ce6abac3.jpg,156933,1213,15:0:27,【牙尖十怪】实不相瞒，我撩起人来连自己都恶心,1319
18109819,BV1sW411i7Wv,3684,1664,1515419974,2018/1/8,2309,11:46,5064,//i0.hdslb.com/bfs/archive/ff196435838e75206426da03e44d53b754084a37.jpg,408639,2259,21:59:34,【点到为止】2.这部《端脑》的推理，好得不像国产科幻剧,2730
18010701,BV1iW411B7sw,9296,1589,1515185077,2018/1/6,1809,15:29,5384,//i1.hdslb.com/bfs/archive/45e0a055ff45915c810f8296296e7dddb9193860.jpg,524469,1241,4:44:37,45【怪异君致经典2】《仙剑奇侠传》第六回,4008
17361745,BV1XW411b7en,2504,718,1513508589,2017/12/17,604,20:43,2369,//i1.hdslb.com/bfs/archive/5deaf6ed919d8a3d7da1edf6ae91c25a312ab9f0.jpg,172221,492,19:3:9,【玩勿丧智12】狼和三只小猪，真人版推理大逃杀！,1680
16569576,BV1qx411V7Qo,1091,384,1511345475,2017/11/22,249,03:26,1273,//i1.hdslb.com/bfs/archive/e6bd44a641c6ce8cd4ef3321a7072f3676e32ae8.jpg,113776,336,18:11:15,【玩勿丧智11】并没有什么卵用的夹子妙用小教程,385
16502556,BV1ox411L7rJ,12880,2198,1511146495,2017/11/20,3120,17:49,5854,//i0.hdslb.com/bfs/archive/18fb2cf2f659b260d11e9728928051af235f4b82.jpg,617400,2549,10:54:55,44【怪异君致经典2】《仙剑奇侠传》第五回,6539
16199048,BV15x41177ff,5300,1055,1510317286,2017/11/10,2603,10:24,5012,//i0.hdslb.com/bfs/archive/cfb85ae4b87eb5bad4bfc10fc081028c1734ed01.jpg,515107,1854,20:34:46,【点到为止】1.《东方快车谋杀案》不完整装X指南,2324
15936207,BV1ix411E7jr,10287,1031,1509563101,2017/11/2,2093,12:36,4623,//i1.hdslb.com/bfs/archive/ed909786d3216e93158a2dbd27f451072a1403b2.jpg,573775,1504,3:5:1,43【怪异君致经典2】《仙剑奇侠传》第四回,3824
15742186,BV1qx41177GD,1707,354,1509011619,2017/10/26,364,13:40,1557,//i2.hdslb.com/bfs/archive/3d96174552f8aef20b90616404bd65f50ac739af.jpg,155242,353,17:53:39,【玩勿丧智10】史上最烧脑的找椅子游戏，我们居然花了52分钟！,895
15675344,BV13x411u7eV,10388,1508,1508798490,2017/10/24,1854,12:57,4541,//i2.hdslb.com/bfs/archive/b50525b383e09b4e6e2ee87817fd2f3a50b186d0.jpg,561808,1534,6:41:30,42【怪异君致经典2】《仙剑奇侠传》第三回,3764
15536461,BV1hx411M73j,1911,692,1508411425,2017/10/19,435,05:07,1163,//i0.hdslb.com/bfs/archive/e00e80b11be80d8f222aae68f8d64a91f8d22e71.jpg,151443,403,19:10:25,文字重生 | 这本书谁读谁精分，不信你看 by铁奶,992
15493283,BV1Kx411M7H5,13473,2322,1508257760,2017/10/18,2817,10:02,5056,//i1.hdslb.com/bfs/archive/67bceb0779b85ceae107d82d639f42d8907a9506.jpg,668486,1567,0:29:20,41【怪异君致经典2】《仙剑奇侠传》第二回,4616
14639785,BV15x411x761,20413,4207,1505909772,2017/9/20,5597,11:35,7341,//i2.hdslb.com/bfs/archive/2085f161c916b26e64b804acefa7f6a3b1184258.jpg,975484,8489,20:16:12,40【怪异君致经典2】《仙剑奇侠传》第一回,8934
14284430,BV1Kx411477A,1573,977,1504879032,2017/9/8,868,07:29,783,//i2.hdslb.com/bfs/archive/6c4f32b74775a68e96a53dc5b45a3fdd5d4d9607.jpg,173865,455,21:57:12,文字重生 | 线上读书会 ft.长歌、杨英鹏、中国BOY、王知无、六道,1235
13994973,BV1tx411t7gm,828,420,1504094094,2017/8/30,240,03:50,883,//i0.hdslb.com/bfs/archive/559c27963ef79af2d1ec3c49b7f3fd6ffc14c16e.jpg,173061,357,19:54:54,【玩勿丧智09】我们想整蛊怪异君，结果先把自己吓个半死,740
13891494,BV1tx411873t,9237,1420,1503867276,2017/8/28,1766,11:14,4345,//i1.hdslb.com/bfs/archive/5bfb3b39174b82daa2b342635510bc1cf7fcb5c1.jpg,822558,863,4:54:36,39【怪异君致经典2】《陆小凤传奇》第九集,5109
13616506,BV1fx411J7RJ,7490,1590,1503268970,2017/8/21,1669,10:56,3744,//i1.hdslb.com/bfs/archive/0f6f75ff29ffb29dfb62d0764e22e52ab9926c48.jpg,794128,866,6:42:50,38【怪异君致经典2】《陆小凤传奇》第八集,3252
13437255,BV1Vx411J725,1848,592,1502886960,2017/8/16,383,14:58,1047,//i2.hdslb.com/bfs/archive/9f34e101bb034b4757ddf560bc110430d0afa68e.jpg,175822,432,20:36:0,【玩勿丧智08】玩到意志崩溃！烧脑的套路游戏,1168
13177089,BV1ix411n7aZ,10313,1744,1502320928,2017/8/10,1826,11:46,4106,//i0.hdslb.com/bfs/archive/f5a9936b0cb8111d638ceb2ca546e82809f0c988.jpg,817660,1019,7:22:8,37【怪异君致经典2】《陆小凤传奇》第七集,4582
12405517,BV1jx411i73j,1473,634,1500573416,2017/7/21,309,11:00,632,//i1.hdslb.com/bfs/archive/7351a8ede95c741c2e75702bc8cbbfd86c243da9.jpg,145178,417,1:56:56,【玩勿丧智07】两位女司机带你动物园飙车,1579
12144572,BV1ix411q72x,1541,507,1499885337,2017/7/13,232,13:08,626,//i2.hdslb.com/bfs/archive/e5a157bead04d108dceb1f145833ec033bd4a599.jpg,130021,323,2:48:57,【玩勿丧智06】去北京见粉丝，被亲亲抱抱举高高。,1396
12052529,BV1Sx411z7o9,10135,1434,1499628856,2017/7/10,3247,11:30,3808,//i0.hdslb.com/bfs/archive/e0698224e634858dccdc7f6e78f00b4a6450bab2.jpg,941427,1223,3:34:16,36【怪异君致经典2】《陆小凤传奇》第六集,3797
11472931,BV16x411h7dF,10179,2052,1497930939,2017/6/20,2220,10:47,4033,//i1.hdslb.com/bfs/archive/588e1e0df741a03bc7918292872b4025ea69d637.jpg,969748,978,11:55:39,35【怪异君致经典2】《陆小凤传奇》第五集,4654
11149377,BV1kx411a7Ym,1446,733,1496850403,2017/6/7,519,12:43,862,//i2.hdslb.com/bfs/archive/b89ddc825f6f4d77c387e5048e71fa5f4860fc27.jpg,203264,559,23:46:43,【玩勿丧智05】吸氦气玩变声，这波辣耳朵,1651
10971428,BV17x411e7vU,1582,558,1496224172,2017/5/31,345,11:13,651,//i2.hdslb.com/bfs/archive/3472f644232d41c6ad408b069da3941c543e3310.jpg,166636,978,17:49:32,【玩勿丧智04】捍卫尊严之战！怪异君勇者斗子龙！,1242
10941588,BV1ux411e756,9920,1934,1496132217,2017/5/30,1910,13:51,4283,//i0.hdslb.com/bfs/archive/acf8cfedac23d71446c7cafea43b7cebac6ecb48.jpg,1006661,909,16:16:57,34【怪异君致经典2】《陆小凤传奇》第四集,4988
10608191,BV1Kx411v7DE,13260,2269,1494938444,2017/5/16,3156,13:13,5140,//i0.hdslb.com/bfs/archive/1afce9b56683a587e2e437baf54b5bacf9780e8f.jpg,1083895,1449,20:40:44,33【怪异君致经典2】《陆小凤传奇》第三集,6414
10391237,BV1ix411m7LG,17611,2425,1494155380,2017/5/7,3696,13:22,6014,//i2.hdslb.com/bfs/archive/f96d9039c7fadd4736a95ca60dade72f6d548643.jpg,1090422,1930,19:9:40,32【怪异君致经典2】《陆小凤传奇》第二集,6615
10211842,BV1Vx411S7f3,27895,4903,1493555437,2017/4/30,7354,15:15,10291,//i0.hdslb.com/bfs/archive/1625b9ce16d0a5845455bf7151759a484dd24367.jpg,1553647,6359,20:30:37,31【怪异君致经典2】《陆小凤传奇》第一集,11519
9467258,BV12x411D7rN,2166,871,1490774301,2017/3/29,466,12:44,1346,//i1.hdslb.com/bfs/archive/9616ca97b4d0da8010b96252ed5c4c2cd57c9bcb.jpg,199804,375,15:58:21,【玩勿丧智03】捉迷藏！我竟然天真的觉得这个游戏很纯洁,2129
9230192,BV18x411r7zy,1938,1720,1489801086,2017/3/18,564,06:32,678,//i0.hdslb.com/bfs/archive/772dee0aa3e2828e53efd156b751f5ba86166ee0.jpg,180003,693,9:38:6,【怪异君】抽奖！奖品你不心动算我输！,1559
9226960,BV1bx411r7c7,37615,1400,1489772258,2017/3/18,1844,23:18,4376,//i1.hdslb.com/bfs/archive/b1755e7e939228e74d1b71e9dd220a032915c4f1.jpg,378009,688,1:37:38,30【怪异君致经典】致经典制作特辑：从零开始,5195
8811150,BV1yx411y7pN,9764,950,1487948942,2017/2/24,883,08:42,2085,//i1.hdslb.com/bfs/archive/f3e214d3754946f4841e20a71381fc2e1ba0c309.jpg,227123,375,23:9:2,【玩勿丧智02】我是没想到，不做解说被打的更惨,1677
8667499,BV1Fx411y7kh,2124,959,1487324391,2017/2/17,634,07:47,1069,//i2.hdslb.com/bfs/archive/cd959662b47f85bf6c000af4b15c499612413d82.jpg,276330,356,17:39:51,【玩勿丧智01】和小姐姐们玩了一个事后电击的游戏,1489
8258563,BV1Gs41187up,97239,6251,1485529697,2017/1/27,13457,21:17,25532,//i2.hdslb.com/bfs/archive/62bfd62fbbb3cfe83381ac007a4c0b6785e78d1b.jpg,1446531,5321,23:8:17,29【怪异君致经典】《大宋提刑官》 第八回,19580
8224501,BV1Ss411b7os,16373,2320,1485372013,2017/1/26,3601,15:48,7087,//i1.hdslb.com/bfs/archive/4e8a94a2c9c15672e2d484b3f9a68be5184b0597.jpg,1014760,1343,3:20:13,28【怪异君致经典】《大宋提刑官》 第七回,5852
7792716,BV1Fs411Y7f2,21274,2274,1483204966,2017/1/1,4247,15:06,9149,//i1.hdslb.com/bfs/archive/3e888c97d5e4288fe4d8cb615f3e23234bcc1038.jpg,1209808,1447,1:22:46,27【怪异君致经典】《大宋提刑官》 第六回,7362
7695129,BV1hs411a7FQ,587,632,1482660435,2016/12/25,178,01:26,214,//i1.hdslb.com/bfs/archive/51c96c3cfeb75e54c4e3ac8cba050bf1cb2dc01c.jpg,208493,285,18:7:15,【吃瓜看戏】以后有这个节目你可能就不会担心剧荒了,466
7593320,BV1zs411e7ZA,22911,2294,1482079347,2016/12/19,6030,14:16,8059,//i1.hdslb.com/bfs/archive/347d140a8bbdb2eab93e0a7259bac5a533d0a273.jpg,1313153,3843,0:42:27,26【怪异君致经典】《大宋提刑官》 第五回,8554
7357856,BV1bs411Y7uc,18536,2005,1480733952,2016/12/3,4100,13:58,7039,//i1.hdslb.com/bfs/archive/116927e35b5b6d77a9c7fc8be2dab054cf98721f.jpg,1214004,1608,10:59:12,25【怪异君致经典】《大宋提刑官》 第四回,6641
7202826,BV1is411W7Z8,27683,2016,1479747539,2016/11/22,6182,14:56,7946,//i1.hdslb.com/bfs/archive/8989f2ddb0b8624fe8879ec8970260205c7b17a9.jpg,1354263,1978,0:58:59,24【怪异君致经典】《大宋提刑官》 第三回,7812
6989240,BV1ps411x7vU,27516,2751,1478427813,2016/11/6,7175,12:10,8926,//i2.hdslb.com/bfs/archive/7288038563443a68d98e943e24a8b0dad2f0ead2.jpg,1432100,3151,18:23:33,23【怪异君致经典】《大宋提刑官》 第二回,7760
6771604,BV1ms41147qa,46274,3612,1477087175,2016/10/22,15872,13:02,15876,//i1.hdslb.com/bfs/archive/2c663ad7d7fd2fce3fa330099b6281cee2f0001a.jpg,2059944,16399,5:59:35,22【怪异君致经典】《大宋提刑官》 第一回,10606
6573947,BV11s411x7PY,3771,553,1475768989,2016/10/6,359,15:01,531,//i1.hdslb.com/bfs/archive/ab58a23b4bf8a93c872e1c03f701bc96432906ff.jpg,202748,309,23:49:49,【怪异君VLOG】向经典的朝圣日常,1677
6497499,BV15s411b7NK,35231,2084,1475385445,2016/10/2,3886,15:09,7343,//i0.hdslb.com/bfs/archive/04ae000e78b64eef116f471c4442a34bb2613f2a.jpg,821638,1169,13:17:25,21【怪异君致经典】《方谬神探》 最终章,6637
6414382,BV1zs411t7Hi,4496,780,1474796392,2016/9/25,1049,08:58,2414,//i1.hdslb.com/bfs/archive/96e90a775e81ce69061f87eab1543c6ae572af67.jpg,628418,431,17:39:52,20【怪异君致经典】《方谬神探》 第五章,1944
6285619,BV1ss411r7TQ,4894,968,1473918794,2016/9/15,2291,11:03,2505,//i1.hdslb.com/bfs/archive/4a98fd45b668badce2d75d41a245880c5b8bb039.jpg,667762,549,13:53:14,19【怪异君致经典】《方谬神探》 第四章,2478
6224643,BV1Ks411r7cK,4697,836,1473493611,2016/9/10,1267,11:30,2545,//i0.hdslb.com/bfs/archive/28fcc7a2f22f1a1aa3acb7bc40bf98bb7ae6960f.jpg,631594,527,15:46:51,18【怪异君致经典】《方谬神探》 第三章,2932
6042986,BV1ns41167ER,5242,928,1472310879,2016/8/27,1201,09:25,2591,//i0.hdslb.com/bfs/archive/0d3561919b17afebdca1f18141205bd5ec05b5bb.jpg,658342,526,23:14:39,17【怪异君致经典】《方谬神探》 第二章,2297
5925663,BV15s411k7Z9,5858,694,1471709375,2016/8/21,1576,09:29,3296,//i0.hdslb.com/bfs/archive/52cad1cc0df6bc9372223928709f04f337e231ac.jpg,736860,847,0:9:35,16【怪异君致经典】《方谬神探》 第一章,2715
5802742,BV1ms411r7PV,7559,1441,1471096547,2016/8/13,3388,08:34,3937,//i1.hdslb.com/bfs/archive/52a111e25deb23f7dbedb98a34fbfbdcba4cefc9.jpg,819087,1965,21:55:47,15【怪异君致经典】《方谬神探》 序章,4725
5560306,BV1Ps411C7CN,9079,1179,1469846263,2016/7/30,1865,09:39,2825,//i2.hdslb.com/bfs/archive/bd833207bec9b418a3f65cdf205f16b5f497f2e7.jpg,631377,1174,10:37:43,14【怪异君致经典】《春光灿烂猪八戒》 泉眼篇,4111
5448270,BV1Hs41117rD,1106,438,1469195340,2016/7/22,466,04:34,1455,//i1.hdslb.com/bfs/archive/3708c8f1cf04194251714e08ae17a1c193355de7.jpg,225570,303,21:49:0,怪异君和他的朋友们（volg）,1237
5350718,BV1Qs411y7TL,3042,627,1468601904,2016/7/16,873,08:21,1893,//i1.hdslb.com/bfs/archive/b3b8f1e97747a3abfc44c2d193c4bb66f83361fe.jpg,576357,569,0:58:24,13【怪异君致经典】《春光灿烂猪八戒》悟空篇,2612
5264055,BV1Ls411y7u5,3934,673,1468056076,2016/7/9,964,07:01,1903,//i0.hdslb.com/bfs/archive/d13264111e014990b56bae04e3d6d0e2b8f158d3.jpg,572713,612,17:21:16,12【怪异君致经典】《春光灿烂猪八戒》射日篇,2178
5163599,BV1zs411v7Y1,5709,1019,1467378662,2016/7/1,1479,07:08,2769,//i1.hdslb.com/bfs/archive/71858c32cbd8731f421f715d52b9afee30811af1.jpg,711356,1366,21:11:2,11【怪异君致经典】《春光灿烂猪八戒》猫妖篇,3259
5063474,BV1gs411v7AA,8123,654,1466652213,2016/6/23,6136,03:01,2102,//i0.hdslb.com/bfs/archive/3017835bf915e8dac2df97f4b01ddef6c3122b67.jpg,407938,1599,11:23:33,【怪异君翻唱】重编版《少年包青天》，怪异君毁经典之少年包青天篇 片尾曲,1174
5003479,BV1Ss411e7Xp,22876,1756,1466168280,2016/6/17,5236,11:03,7991,//i1.hdslb.com/bfs/archive/99421b444027b9b6e81ef9e53087cbfe347c8fed.jpg,1382814,1763,20:58:0,10【怪异君致经典】《少年包青天》最终案,7406
4865360,BV1Zs411i7XB,6384,1075,1465051741,2016/6/4,3027,08:11,4295,//i2.hdslb.com/bfs/archive/d2b74aee1501c6236ceb2fa371314dd3e8cad4a6.jpg,1254665,963,22:49:1,9【怪异君致经典】《少年包青天》第六案,3471
4784944,BV1vs411i7D7,6558,805,1464375622,2016/5/28,2230,07:17,4658,//i2.hdslb.com/bfs/archive/36ee42f652404d986bb2df1e988a8050fc56a113.jpg,1219841,1173,3:0:22,8【怪异君致经典】《少年包青天》第五案,4055
4721533,BV15s411i7CQ,7960,746,1463824357,2016/5/21,3079,07:57,5494,//i0.hdslb.com/bfs/archive/5fef28c01a650959d468896ab9c6a15e88f7a71d.jpg,1404601,1517,17:52:37,7【怪异君致经典】《少年包青天》第四案,4249
4637941,BV1ns411B7aj,7251,820,1463123361,2016/5/13,3442,06:09,5239,//i0.hdslb.com/bfs/archive/2ff6793f6da445b75f19e8a93ac61588a95900c4.jpg,1408120,2050,15:9:21,6【怪异君致经典】《少年包青天》第三案,3916
4506421,BV1rs411q7uq,7737,679,1461950548,2016/4/30,3476,06:02,6311,//i2.hdslb.com/bfs/archive/1fc49fd26b351ec11c62822e89b899b42f4026a6.jpg,1440606,2187,1:22:28,5【怪异君致经典】《少年包青天》第二案,4192
4433011,BV1us41167j1,14283,950,1461290298,2016/4/22,6763,05:16,10514,//i0.hdslb.com/bfs/archive/bf4d85e6c423b6747e1deccf9ede4bc98a0e5041.jpg,1865012,9783,9:58:18,4【怪异君致经典】《少年包青天》第一案,4966
4386139,BV1Cs411z7p1,1845,234,1460816937,2016/4/16,898,02:27,2270,//i1.hdslb.com/bfs/archive/f12a35d83655acf602bf1c80cd9081a9f71e26e4.jpg,533658,1189,22:28:57,【怪异君致经典】《少年包青天》篇 预告,857
4316530,BV1Hs411z7rR,3257,643,1460183864,2016/4/9,1956,08:00,3004,//i2.hdslb.com/bfs/archive/a29bb218bf432943d294126bcaff91a01820ba15.jpg,643976,718,14:37:44,3【怪异君致经典】《我和僵尸有个约会》第三部,2034
4243246,BV1us411z7rD,6991,501,1459508002,2016/4/1,2291,10:27,4395,//i2.hdslb.com/bfs/archive/a861cde963798231e9dce27a983de989e96ebe78.jpg,792361,975,18:53:22,2【怪异君致经典】《我和僵尸有个约会》第二部,2286
4111210,BV1ds411Q7jk,819,165,1458121251,2016/3/16,1254,01:42,1218,//i0.hdslb.com/bfs/archive/e6e710b5467764115b5340060dee90323f6a9f35.jpg,261074,1174,17:40:51,【牙尖十怪】怪异君说方言，卷福说四川话，剧情没变！画风变了！,592
4095174,BV16s411Q7NU,4930,1069,1457930478,2016/3/14,4452,06:57,4896,//i2.hdslb.com/bfs/archive/80cbfed02474661760d0e42613207a04e41709c3.jpg,1102943,2655,12:41:18,1【怪异君致经典】《我和僵尸有个约会》第一部,654
