﻿aid,bvid,coin,comment,created,date,favorite,length,like,pic,play,share,time,title,video_review
626074915,BV1Mt4y197oQ,48530,8373,1592192893,2020/6/15,10432,05:54,166759,//i1.hdslb.com/bfs/archive/e26809b470a79ea74df683c051e8849eefa02f03.jpg,1554531,4970,11:48:13,纽约最贵米其林餐厅因疫情卖盒饭！800美元一盒值不值？,31271
370935957,BV1FZ4y1H7Fz,35587,6124,1591767608,2020/6/10,17978,37:59,163872,//i2.hdslb.com/bfs/archive/ece2daff45916429d16189b92e7f921ccfc82e41.jpg,2370243,4381,13:40:8,【相对论】对话郭杰瑞 ，聊聊“美国眼睛”里的中国与世界什么样？,36359
200935865,BV1xz411i7FK,82570,12186,1591590894,2020/6/8,25506,05:04,314512,//i0.hdslb.com/bfs/archive/e6d5fa348574ab0391894a83c049488be993f4fe.jpg,3899746,10501,12:34:54,为何美国疫情死十万人，社会震动不如一个非裔之死？,11323
795928946,BV1cC4y1a7xA,114332,21439,1591074701,2020/6/2,34995,06:00,389896,//i2.hdslb.com/bfs/archive/bd3d19e264b327a22168229c4c18564d5c841ced.jpg,5030908,27632,13:11:41,实拍美国抗议现场，街访纽约示威者！,44083
668315791,BV1Za4y1e7pF,73236,29185,1590812405,2020/5/30,26010,05:58,334678,//i2.hdslb.com/bfs/archive/4b26213b75db35028118750d5d6595cfae079d73.jpg,4661175,20404,12:20:5,为什么美国黑人被警察打死事件经常发生？种族歧视在美国是怎样的？,41339
883292258,BV14K4y1t7Sf,23061,5197,1590635787,2020/5/28,6995,04:01,150297,//i0.hdslb.com/bfs/archive/05261a77757efaa9b5b7d0289b16570845404d60.jpg,2120411,2327,11:16:27,我做了新冠病毒抗体测试，第二天就拿到了结果！,10211
925798182,BV1TT4y1g7jc,79891,16040,1590376412,2020/5/25,25074,05:42,283073,//i1.hdslb.com/bfs/archive/a97a626ca31d048b11b75bf08cf6dbe0e70ce3aa.jpg,3494833,13594,11:13:32,美国人为何没什么存款，很多人真拿不出400美元？,22536
753141008,BV13k4y167u2,65566,7660,1589773092,2020/5/18,16332,05:38,240295,//i1.hdslb.com/bfs/archive/de7b2326b1cf94bd6e2da1cc48707be2d95feed3.jpg,3010895,8055,11:38:12,街访美国纽约路人，特朗普抗疫做的怎么样？,23366
968227138,BV1rp4y1Q7ka,60046,12571,1589255909,2020/5/12,14847,05:27,235058,//i2.hdslb.com/bfs/archive/f92cdf0e90a612beae51e1e3093292f4296dfcf1.jpg,3033509,12580,11:58:29,复工后美国疫情会到什么程度？真会群体免疫吗？,28413
968030032,BV1pp4y197ex,135911,33363,1588650873,2020/5/5,44442,06:01,377155,//i0.hdslb.com/bfs/archive/dde24b739a11ea4831a5cdb0b3e5282b2c124b7b.jpg,4460652,75727,11:54:33,为何有些美国人特别“反智”！大部分还是特朗普支持者？,97950
925430943,BV12T4y1g7nM,115735,20710,1587804676,2020/4/25,30912,05:06,326451,//i0.hdslb.com/bfs/archive/5095695a45ed4e996587b4ff49a85b73ec930c31.jpg,3587769,17917,16:51:16,疫情下美国农场，为何安乐死猪，倒掉牛奶也不送穷人？,25132
667769441,BV1ia4y1x7n5,125160,31934,1587446421,2020/4/21,33446,05:15,414458,//i2.hdslb.com/bfs/archive/1a3e521666ce40e8ccf1d8f1a52b1a0cc6d29878.jpg,5875946,40765,13:20:21,美国疫情还在爆发，为何民众开始持枪闹复工？,111693
412775819,BV1QV411o7hn,102255,14740,1586922128,2020/4/15,20643,06:12,281845,//i0.hdslb.com/bfs/archive/f2717afef9998bef31bc1eacab9b21aa5bd56313.jpg,3502256,10393,11:42:8,纽约20万确诊，实拍政府免费食物，探访医院当前情况！,38302
285145704,BV1ac411h7BR,181279,20870,1586075010,2020/4/5,46090,05:40,416987,//i2.hdslb.com/bfs/archive/ea3bdce996f01943ee20fc7f1b420bde27e69122.jpg,4935309,44875,16:23:30,为何美国沦为世界疫情最严重国？我们各州关系像邻居！,52026
667573353,BV1ja4y1t77j,97867,23611,1585715241,2020/4/1,23790,05:46,289180,//i1.hdslb.com/bfs/archive/53d72c4125bf7f3cf14193c70ac61c82426252b4.jpg,4536174,30111,12:27:21,纽约疫情：实拍医疗船和野战医院，停车场竟改停尸间！,54172
200107979,BV1Jz411b7Xp,79870,30617,1585288163,2020/3/27,19341,06:09,257610,//i1.hdslb.com/bfs/archive/b751eb928f7b8062e52499f93b6f2edafd5d175c.jpg,4013736,26892,13:49:23,美国纽约疫情现场，实拍军队建医院，各州争抢物资！,54079
98074570,BV1zE411c7KH,54805,20186,1584761897,2020/3/21,16358,04:54,238882,//i0.hdslb.com/bfs/archive/a5f64691f5400061aca34b65fddcf8d780d93683.jpg,4306764,17615,11:38:17,纽约疫情严重，医疗告急！美国新冠为什么大爆发？,42825
96972433,BV1Q7411Z7Kp,41055,9178,1584421203,2020/3/17,10082,05:04,163387,//i0.hdslb.com/bfs/archive/32b6a09d9c13b5e1da378421428ea1a421a78f42.jpg,2825326,9691,13:0:3,实拍美国疫情，纽约大部分地方关门，新泽西开始宵禁！,22795
94851325,BV1nE411u7xq,31940,9850,1583726267,2020/3/9,11197,06:03,178178,//i0.hdslb.com/bfs/archive/6c442b910bc3a455b6531fe2223de08dc887e37d.jpg,3309624,12580,11:57:47,试吃保质期30年的美国紧急食品，为什么疫情下最先被抢光？,34455
94121639,BV1QE411H7ih,38748,16771,1583488840,2020/3/6,12591,05:44,157171,//i0.hdslb.com/bfs/archive/460ba4e48c21626a694ea376bc09d23993ae9014.jpg,2575022,27380,18:0:40,美国医疗贵不贵？街访美国人能负担新冠治疗费吗？,20515
92668458,BV1SE411J7V6,40467,12580,1582976127,2020/2/29,12339,05:37,163113,//i2.hdslb.com/bfs/archive/49261fc7ffd65ea68af8490d62a8c674e242fd06.jpg,3131219,21333,19:35:27,暗访纽约医院，如果新冠病毒在美国爆发，大家准备好了吗？,28823
91282384,BV1C7411M7hT,26827,6097,1582512674,2020/2/24,13200,05:21,119227,//i1.hdslb.com/bfs/archive/990f0743f62c2020a5edec573a2849b32dfcc0a5.jpg,2107894,8165,10:51:14,美国小哥给中国网友展示如何买一次菜吃一个月，竟然把微波炉炸了！,27559
90690374,BV1c7411A7fT,22162,3791,1582340459,2020/2/22,5896,05:33,102436,//i2.hdslb.com/bfs/archive/65dbe2e09a549fe91fede31e1931f3f5e39cf5ca.jpg,1541031,6370,11:0:59,作为美国人和百万中国学生在线PK高考英语，能排第几名？,18024
87458772,BV1q741187BN,77307,4372,1581134425,2020/2/8,12412,06:20,134914,//i0.hdslb.com/bfs/archive/80b77d1692d990569ca8d55982353a52470c331b.jpg,1499209,5287,12:0:25,新冠肺炎｜实拍美国物资捐赠过程，海外华人留学生让人感动！,9485
85923709,BV1Q7411B7XZ,175144,10696,1580465302,2020/1/31,32005,05:15,289141,//i1.hdslb.com/bfs/archive/9f8c9bb8e80d7da37d063a3e5fca17d9c61285cb.jpg,3427219,10934,18:8:22,新冠肺炎｜街访美国路人，海外网友怎么看新型冠状病毒？,22360
84455143,BV1F7411e7Rw,20700,3904,1579663835,2020/1/22,10261,06:26,85553,//i2.hdslb.com/bfs/archive/0ead0c02ece966221def9b6a457d9e3c6ef17cfa.jpg,1856925,11150,11:30:35,探秘北欧企业文化，为何北欧是世界最发达地方？,9688
83834515,BV1BJ411E7RE,20733,4378,1579256769,2020/1/17,7376,05:25,110300,//i0.hdslb.com/bfs/archive/b7c88b7bdc719c0ddb600728f3675ce7297b7b3e.jpg,2710416,2992,18:26:9,试吃世界最有名大厨的餐厅，惠灵顿牛排做的怎样？,13383
83399269,BV1TJ411J7wz,25805,3414,1579059039,2020/1/15,6718,05:55,112327,//i2.hdslb.com/bfs/archive/0c6f3054dacc894498a33ae34679aa71b8ebac7d.jpg,2688247,3918,11:30:39,拉斯维加斯800元/位自助餐和牛随便吃？能吃回本吗？,17721
82934760,BV1RJ411H7qa,21932,4436,1578712944,2020/1/11,7067,05:32,99966,//i1.hdslb.com/bfs/archive/d22ce36d24bea6e97feb20e1807c72dcce35aea6.jpg,2130668,3619,11:22:24,赌场套路有多深？实拍拉斯维加斯怎样让你人钱分离！,10921
82577062,BV1GJ411G7T6,42985,4124,1578478327,2020/1/8,13212,05:54,117360,//i2.hdslb.com/bfs/archive/8c8d949aad1f4386fd9b5cea73ddcf64e3734063.jpg,2192033,7087,18:12:7,世界最大科技展CES，中国科技品牌在海外到底怎样？,14781
82270297,BV1SJ411L7Ez,75393,3848,1578281447,2020/1/6,11487,04:28,118510,//i0.hdslb.com/bfs/archive/1731630ac2016fd84df088439c5295869791f32b.jpg,1552003,2952,11:30:47,云南咖啡进军美国第一步：纽约最好烘焙厂愿意合作吗？,5931
81236383,BV1GJ411Y7k4,21950,6946,1577676623,2019/12/30,6278,05:54,92302,//i1.hdslb.com/bfs/archive/f8f91aab5817d48dbd47c6064d52e8a14348fde5.jpg,2309404,3540,11:30:23,探秘美国海鲜业，中国吃货带火的波士顿龙虾要凉了？,13562
80691754,BV1XJ411W74x,28433,6773,1577331634,2019/12/26,9238,04:48,131410,//i0.hdslb.com/bfs/archive/657e846f47d028a48cae1642c07ce48cdf11ab52.jpg,2915203,9596,11:40:34,圣诞吃中餐竟然成为美国传统？街访美国人为啥选中餐！,20268
80309887,BV1eJ411s7R5,20598,4533,1577071832,2019/12/23,5836,05:48,103245,//i0.hdslb.com/bfs/archive/a03cc08305850d4ca238f6106c91b4c02625249e.jpg,2080447,3245,11:30:32,中国地铁首次在美国运营！街访美国人怎么评价新车厢？,13587
79796058,BV18J411t7SB,21082,3885,1576726205,2019/12/19,5141,05:46,89790,//i0.hdslb.com/bfs/archive/9a2b41c4a61707d1490d90e89d07c2b6f3e3cb75.jpg,2155267,3736,11:30:5,米其林印度菜PK街边小店，印度菜真的全是糊糊吗？,15018
79584141,BV16J41167C5,63536,3845,1576556325,2019/12/17,12313,06:00,108731,//i0.hdslb.com/bfs/archive/2a03e1ec7c740e776bf74bcb9fe37c082b7886b3.jpg,1498810,3521,12:18:45,创业记录2: 央视跟拍我们咖啡庄园，第一批已经寄美国！,6713
77988803,BV1PJ411B7K9,18999,4772,1575430219,2019/12/4,7941,04:56,114733,//i2.hdslb.com/bfs/archive/53a44af6c926bdb3c90b468412c0c5f529bdff1c.jpg,3264280,5260,11:30:19,试吃美国史上最火汉堡，全美人民疯抢！真的那么好吃？,16961
77496110,BV1tJ411Q7EH,16818,2842,1575084610,2019/11/30,4486,05:44,81881,//i2.hdslb.com/bfs/archive/ec681380e2ae54ddae73933a827c0dd18ff7d862.jpg,1859278,3597,11:30:10,美国黑五和大妈PK抢货！真能0元抢到超值商品吗？,13319
76309952,BV1WJ41117Uk,22534,4162,1574220646,2019/11/20,4319,04:54,76325,//i1.hdslb.com/bfs/archive/b1b5095a871542b61d53024469a5e3fec97a05d7.jpg,1865278,5323,11:30:46,试吃贵州牛瘪火锅！真的是牛屎的味道吗？,18148
76151054,BV1LJ411m7d8,9045,2893,1574074957,2019/11/18,3493,05:27,52422,//i1.hdslb.com/bfs/archive/8f29f58109922b2d0306ca7b9ccbb67dd37f2883.jpg,1374386,2674,19:2:37,探访B站天价电竞队，电竞选手真实生活到底怎样？,5416
75673974,BV1pJ411D7Cf,17851,4808,1573788654,2019/11/15,7050,04:20,108594,//i1.hdslb.com/bfs/archive/0dd41dc5e97cca71983537ef67a050d0c92774ff.jpg,2768306,4528,11:30:54,挑战“偷”中国无人超市！店内吃喝也会被扣款吗？,8545
75342370,BV1ME411e73J,17735,3425,1573465883,2019/11/11,5742,05:32,83048,//i2.hdslb.com/bfs/archive/cc462c8743396f5c1f66a6ad2949850702eda32e.jpg,1794605,4205,17:51:23,双十一当天潜入阿里，抢购现场到底是怎样的？,10609
75043817,BV17E411v7g4,27068,6779,1573271831,2019/11/9,8753,06:19,103357,//i2.hdslb.com/bfs/archive/0bc279f3a522e148d550060e36b4bf2efc1de852.jpg,2089178,10094,11:57:11,挑战在蓝翔学挖掘机，中美技校差别竟然这么大！,19275
74020397,BV1QE411b7kq,34756,6614,1572516614,2019/10/31,7712,06:35,96515,//i1.hdslb.com/bfs/archive/6c68f6069ca178a5a36a8fd52076acc948dfcb09.jpg,1932683,1925,18:10:14,创业纪录1:开店就遇中差评，郭杰瑞奔赴云南工厂！,10001
71927560,BV1UE41167MU,19860,4631,1571628631,2019/10/21,5148,05:42,83231,//i1.hdslb.com/bfs/archive/14ed7efba96338c8c80c930cdcfa7068b8cf02c5.jpg,2194548,1937,11:30:31,试吃700元一位高级素食店，真能把菜做成肉的味道？,12989
71166123,BV1aE411d7Jd,13638,5094,1571023852,2019/10/14,3977,05:30,61193,//i0.hdslb.com/bfs/archive/e88ad18b0a574acc4f857099a2a60f0628bb96e4.jpg,1648461,3523,11:30:52,体验纽约第一批无人驾驶班车，真的比人类聪明又能干？,8114
70423603,BV1ZJ411F7vq,31501,6517,1570505442,2019/10/8,7684,05:17,83224,//i2.hdslb.com/bfs/archive/56c5b341d80b2f8a984d376e62ca2fbd96c3da8b.jpg,1809115,7270,11:30:42,凌晨2点纽约安不安全？满街流浪汉，警察守通宵！,12216
70268195,BV1gJ411F7WC,150177,16055,1570356014,2019/10/6,31226,04:36,192942,//i0.hdslb.com/bfs/archive/7e67a8723d7f76374c0a6ec783b381b90c090c93.jpg,2540362,15228,18:0:14,我做了个很重要的决定，要把云南咖啡卖到美国！,16346
69867769,BV1CE411Q7d5,34871,3992,1570096828,2019/10/3,7568,04:46,111524,//i2.hdslb.com/bfs/archive/06b64a867dec1a3418fd15d37099d347a1cafe8d.jpg,2445935,2241,18:0:28,纽约最便宜牛排VS巴菲特天价午餐牛排！这期翻车了,14623
68695439,BV1VJ411M7R5,38333,6889,1569209412,2019/9/23,11015,06:31,127541,//i2.hdslb.com/bfs/archive/8807e436002f58b25cbaf96d36768b13f02d2272.jpg,3750829,6367,11:30:12,探秘上海一顿吃了40万的餐厅，什么菜竟然这么贵！,24824
68258742,BV1HJ411373J,24181,5448,1568894439,2019/9/19,6925,05:18,102835,//i2.hdslb.com/bfs/archive/8f5a3d2fe62513d613aefae117dfa135792178da.jpg,2527903,3192,20:0:39,花30元在拼夕夕买杂牌，对比2000元品牌货到底怎样？,11336
67432355,BV1LJ411P7nP,23030,5501,1568258528,2019/9/12,6199,04:56,91730,//i2.hdslb.com/bfs/archive/e609df8788f0b357cb8e39fc2da36d23bb89b598.jpg,2302313,2450,11:22:8,用美国人造肉做中餐，口感逼真但为何被吐槽骗子公司？,10669
66993554,BV154411C7uW,19052,3741,1567913436,2019/9/8,6208,06:18,74380,//i1.hdslb.com/bfs/archive/b9dc4f7ab3153a32ac4a5567467f47048f9d0593.jpg,1963622,2402,11:30:36,试住中国网站上排第一的纽约酒店，套路竟然这么多！,14985
66825666,BV1P441117Pe,42380,46092,1567769299,2019/9/6,10168,02:02,106582,//i2.hdslb.com/bfs/archive/6cbf1379b7365f52dc73576265ce188f1c1c7eed.jpg,1902609,3340,19:28:19,【郭杰瑞】马上去中国，给大家买美国土特产抽奖！,70395
65811212,BV1G4411q7vX,66983,20905,1567049405,2019/8/29,35564,05:16,160870,//i0.hdslb.com/bfs/archive/9f053cc7c218d5750e5c9cebe88eea5ecf0818cf.jpg,4270320,65348,11:30:5,街访乌克兰美女择偶标准，很多称中国男生很不错！,52411
65390337,BV15441167Dj,31081,3977,1566790251,2019/8/26,6341,05:29,97763,//i0.hdslb.com/bfs/archive/1cd24e809b16a261abbe953bc88184b24ff84622.jpg,2175137,2934,11:30:51,战斗民族吃什么泡菜？竟然泡西瓜，泡鲱鱼，泡大蒜！,28247
64915469,BV1N4411R7RZ,43946,5695,1566531036,2019/8/23,10751,06:15,97304,//i1.hdslb.com/bfs/archive/8bf4172da830c19a8944b6321364a2731ece078a.jpg,2099389,3951,11:30:36,实拍切尔诺贝利（二），核电站爆炸后死城辐射有多高？,14888
64646922,BV1V4411d7vf,91178,7734,1566358221,2019/8/21,21459,05:33,154043,//i2.hdslb.com/bfs/archive/428fd417e1f67f37fe3c66c78ce99a5645be5a84.jpg,2656218,8954,11:30:21,实拍切尔诺贝利，核电站事故后死城现状是怎样的？,22174
64071903,BV1S4411Z7vS,44944,9081,1566012635,2019/8/17,13512,05:53,117610,//i2.hdslb.com/bfs/archive/5decd29051614de38ee966cd79bb7db8c43891b4.jpg,2958858,11290,11:30:35,欧洲最穷国乌克兰，为何美女纷纷到中国做模特？,32668
63623612,BV1c4411D7My,33533,9346,1565755259,2019/8/14,10681,05:24,122333,//i2.hdslb.com/bfs/archive/f96805ac49d90a25d0e161e788e137b23d538d58.jpg,3264503,6890,12:0:59,100人民币在乌克兰能买啥？竟然可以横扫超市！,37114
63016458,BV1s4411X7HW,67885,5832,1565407814,2019/8/10,15285,06:18,167704,//i1.hdslb.com/bfs/archive/3461040337e3357677d1f0fa1c0c2414826d58d9.jpg,4199232,3982,11:30:14,花六万人民币飞头等舱到底值不值？实拍亲测后告诉你！,19496
62262824,BV1Ht411M77R,40952,6685,1564975805,2019/8/5,11541,05:27,138418,//i2.hdslb.com/bfs/archive/ff9ee149bb8cdf63959b48a1658a5cdaaada47cb.jpg,3878390,5387,11:30:5,1000元烧烤整条鳄鱼！美国硬核烧烤怎么样？,23665
61781314,BV1at411F7By,33560,5651,1564716641,2019/8/2,8302,05:50,102368,//i2.hdslb.com/bfs/archive/f90ac7b86539385c4c20f6aab2be2b24debdce12.jpg,2696818,3685,11:30:41,一次买下美国肯德基所有产品试吃，对比中国的怎么样？,21007
61369788,BV1dt411F7uH,30443,4636,1564457750,2019/7/30,7677,05:20,101782,//i1.hdslb.com/bfs/archive/cae9e0390100e3862df6f2789685a9ae71a1e131.jpg,2792331,1433,11:35:50,试吃纽约评分最差的餐厅，竟然把微波炉食品卖高价？,18825
60957849,BV1pt411P7Hs,46787,7122,1564200059,2019/7/27,12328,05:10,128256,//i2.hdslb.com/bfs/archive/1460e738561a5ac93af6a9e1acbd037df5957a44.jpg,2949108,6200,12:0:59,挑战在美国无人超市里“偷”东西，会有什么后果？,14963
60505257,BV1ut411E7CC,124929,8746,1563939023,2019/7/24,20567,05:33,186154,//i2.hdslb.com/bfs/archive/12ea0d5b99680e14f92a9ec92e22240f8656f7fb.jpg,3060783,2052,11:30:23,花800元在房车里睡一晚，竟然比睡街上还难受！,27010
58575318,BV1dx411Z7aa,128746,14613,1562729396,2019/7/10,16963,00:36,231751,//i2.hdslb.com/bfs/archive/44fcc7248b2038be0d199369f580dd2480ccd743.jpg,4098736,1549,11:29:56,【郭杰瑞】为什么我断更了2个月,27959
52802562,BV19441177E2,20991,7763,1558147491,2019/5/18,4240,06:13,58366,//i0.hdslb.com/bfs/archive/8b955cb18acec3eea9504f5d4e3efced3828db12.jpg,2004039,1740,10:44:51,在纽约捡垃圾真的能发财吗？挑战捡垃圾能赚多少钱！,10841
52661579,BV1D4411J7Fn,25936,12527,1558062026,2019/5/17,10789,05:19,93523,//i0.hdslb.com/bfs/archive/44eaeef50b57685cc7996902adbe8c4684d16348.jpg,3800258,10458,11:0:26,中国产品引发美国人排队购买！听听美国人怎么说？,14046
51996814,BV1W4411Y7Jy,15660,6551,1557487843,2019/5/10,3624,05:43,48293,//i0.hdslb.com/bfs/archive/d21a1920b2e89b14e91a7f5816e66bacceaf4a66.jpg,1649489,2509,19:30:43,揭秘印度低收入有多低？孟买千人洗衣场每月仅100美元！,8881
51617855,BV1c4411q7sj,16204,5038,1557142226,2019/5/6,4376,05:13,60996,//i2.hdslb.com/bfs/archive/6e756bdea6e533b87ad0290ecb72c0727244544e.jpg,2670803,1597,19:30:26,体验印度首都最好的网吧，印度人爱玩什么游戏？,20401
50708563,BV184411b7bb,13838,4641,1556883002,2019/5/3,3147,07:35,48226,//i1.hdslb.com/bfs/archive/cc97826d5a837db09029825c9b63096463768bb2.jpg,1721187,2775,19:30:2,体验高峰期的印度火车！真的有挂票吗？,15569
51210635,BV164411x724,24989,8009,1556807578,2019/5/2,9573,04:54,75727,//i1.hdslb.com/bfs/archive/6052c4a986f62a252fe5c85fadde0b92d5eae9e4.jpg,2506896,7468,22:32:58,第一次吃云南手抓饭，300元竟然有这么多,15616
50708395,BV1B4411b7Er,17939,8507,1556537456,2019/4/29,5105,06:26,60831,//i0.hdslb.com/bfs/archive/aea1f5eff4ea57a68cec4226148a463b4b8443ca.jpg,2214134,3468,19:30:56,对比孟买贫民窟和首富豪宅，印度贫富差距有多大？,19140
50490236,BV1A4411h7GX,14651,8128,1556278221,2019/4/26,4120,05:41,56523,//i1.hdslb.com/bfs/archive/2c021705a958225a49f9fe4dc52ae70e3701f7b6.jpg,2054984,6992,19:30:21,实拍印度厕所！印度人上厕所真的不用纸吗？,19382
50343700,BV14441187Sa,15482,3838,1556103551,2019/4/24,3542,05:03,44350,//i0.hdslb.com/bfs/archive/9c899e21c0ca1fa27e69585667ae00995c571d2f.jpg,1351569,2235,18:59:11,挑战上海金茂室外玻璃栈道，恐高的我能走完吗？,10611
50133365,BV1Bb4113761,16647,7179,1555932654,2019/4/22,5233,05:21,65499,//i2.hdslb.com/bfs/archive/7ad5cd723514e94f718126c82e3a8485305af2dc.jpg,2406851,6091,19:30:54,印度恒河里竟然有死牛！这条河到底脏不脏？,20963
49719514,BV1Pb411L7ca,17662,5902,1555673443,2019/4/19,6026,05:27,67535,//i1.hdslb.com/bfs/archive/7282942e7b469bd774f0f975551333064a2a1c3c.jpg,3344368,2342,19:30:43,印度不吃牛又不吃猪，肯德基等快餐店卖什么汉堡？,18553
49578549,BV1Hb411574z,16109,8006,1555468563,2019/4/17,4036,05:30,53103,//i1.hdslb.com/bfs/archive/fa7673358dff8eb70279e64b4b0c4a65dc7eac46.jpg,2247734,2107,10:36:3,体验印度首条高铁，速度超慢，但是免费食物多！,20318
49354509,BV19b411L7KE,14163,6254,1555297206,2019/4/15,3601,05:14,48780,//i2.hdslb.com/bfs/archive/87b77ec566149d4937118edf4fa42adc0cc3eb1e.jpg,1973258,2612,11:0:6,中国手机占领一半印度市场？听听印度人怎么说！,11871
49075865,BV1Vb411K7XS,26799,8967,1555124445,2019/4/13,8525,05:56,97860,//i0.hdslb.com/bfs/archive/9ab5df80b6aa62a8a5f5df18b647af462cc9143c.jpg,3840172,7688,11:0:45,实战印度街头小吃！吃一天真会拉肚子吗？,27762
48949609,BV1Lb411M7B9,15358,3465,1554951398,2019/4/11,2766,06:15,37674,//i0.hdslb.com/bfs/archive/970b7377cddc309b1793c0d7daace2a2a86e42a3.jpg,1209604,1757,10:56:38,探秘印度医药，真的有牛尿做的药吗？,11355
48748423,BV1db411u7Ld,29580,14341,1554778841,2019/4/9,9724,06:06,72081,//i2.hdslb.com/bfs/archive/b2e035dc763cc197889c4b43c75706afbcfdac6c.jpg,2748206,8489,11:0:41,走进印度千万美元豪宅，有钱人的生活是怎样的？,24573
48515663,BV1Cb411M784,14937,7897,1554606035,2019/4/7,3328,06:12,45924,//i2.hdslb.com/bfs/archive/aec5679a9e0b52a96f235e4b937d16d4eb731354.jpg,1548689,4917,11:0:35,印度的牛真的满街走吗？还有5000只老鼠住神庙！,22206
48302928,BV1bb411g7DD,18446,9343,1554433213,2019/4/5,4612,06:26,54425,//i0.hdslb.com/bfs/archive/637fa15d8c2e11c84359911dcdaa06d8d2481ae0.jpg,2046322,5541,11:0:13,吐槽印度各类交通，上巴士全靠跑，车门从不关！,23365
48034188,BV1Wb411p76H,14100,4114,1554174010,2019/4/2,3411,05:16,44197,//i2.hdslb.com/bfs/archive/64a3c510413d36aeecbe9bce6c89731c308e2ff0.jpg,1465708,2374,11:0:10,云南奇葩蔬菜竟这么多！为啥美国蔬菜品种都一样？,9723
47606540,BV1eb411x7KU,10198,3787,1553914846,2019/3/30,4988,05:03,45966,//i1.hdslb.com/bfs/archive/783919de288b91d3e822fad5df52b00a9ad87595.jpg,1939694,2637,11:0:46,40元住火车站太空舱酒店值不值？有人住了2个月！,10427
47532085,BV1gb411x7Zm,23131,6494,1553742052,2019/3/28,4818,05:33,46575,//i0.hdslb.com/bfs/archive/be3a2d22ca231969ca923dcae44f8c52c17a70be.jpg,1465171,5469,11:0:52,美国方式生吃云南市场上所有蘑菇，会中毒吗？,20507
47250654,BV1sb41147xy,9714,1871,1553482801,2019/3/25,1982,06:31,31445,//i2.hdslb.com/bfs/archive/396ee5b1f607e0a9c417828094d47e9ea119a1ec.jpg,1055396,684,11:0:1,出海抓螃蟹竟遇到大风浪，我差一点吐了！,7227
47047801,BV1Jb41177XF,9921,2029,1553310039,2019/3/23,2047,05:49,33518,//i1.hdslb.com/bfs/archive/1f3c91886272eb4ae9190f4840d2efc47140ce5b.jpg,1208641,648,11:0:39,赶海回来和阿烽PK做鱼，靠一瓶老干妈能赢吗？,7059
46934957,BV1Rb411j7xs,16494,3410,1553223658,2019/3/22,3398,06:30,44442,//i2.hdslb.com/bfs/archive/676d82cf668aeca8f3b53b7258b75496fbdf1521.jpg,1369559,2004,11:0:58,挑战出海捕鱼，一天就捕到2000元的鱼！,11965
46797630,BV1Rb411E7yi,17150,3416,1553050747,2019/3/20,4440,05:26,53531,//i2.hdslb.com/bfs/archive/e6d407814892c54c5635943e69a4b1ffd8d6bccb.jpg,1983403,1783,10:59:7,在中国挑战通宵卖烧烤！为啥美国没有这个？,11984
46523793,BV1cb411n72n,10849,3965,1552793798,2019/3/17,2611,06:06,38636,//i2.hdslb.com/bfs/archive/699ffa20ca226ce540d2b7b310eee69aa60d1eb0.jpg,1511300,1598,11:36:38,在福建最大海鲜市场买了超便宜的鱼，真的好吃吗？,13195
46054312,BV19b411e7t8,9621,2163,1552358971,2019/3/12,2338,04:25,30925,//i0.hdslb.com/bfs/archive/27e62a6286770b3661cc821451e72683fa70f076.jpg,1170753,1571,10:49:31,美国人真的用洗碗机做菜吗？酸汤肥牛也能做！,4557
45756171,BV1Ab411i7uv,10677,3203,1552107628,2019/3/9,2800,04:51,37479,//i2.hdslb.com/bfs/archive/87b0aac68e083ef125067571e06a6ceea5970a39.jpg,1523479,1059,13:0:28,整条日本吞拿鱼骨直接吃！这种操作真的好吃吗？,7575
45479428,BV1gb411q7VB,28994,2875,1551840617,2019/3/6,4353,05:07,47441,//i2.hdslb.com/bfs/archive/b8b98c4bcf8be8a0eb365dba2c4a6cf850b68f4c.jpg,1087146,1170,10:50:17,池塘污水也能直接喝？美国净水神器有多神！,6579
44896824,BV1fb411t767,20106,7239,1551322814,2019/2/28,8179,05:09,60462,//i2.hdslb.com/bfs/archive/0589d20006b3087615b1fc44ecedd03f78f4d701.jpg,2734393,3398,11:0:14,走进美国最富社区之一，这里竟然肯德基都没有！,9361
44460460,BV1db411h7BV,11751,5256,1550905604,2019/2/23,2244,05:26,34114,//i1.hdslb.com/bfs/archive/0b51b5175c1095b017ab832add321a146576db2b.jpg,1246288,1891,15:6:44,他用水蛭吸了我好多血！这是什么奇葩疗法？,8796
44151800,BV1Vb411Y7B2,30941,8492,1550637057,2019/2/20,13411,05:39,66137,//i1.hdslb.com/bfs/archive/3cdccca482f468a7334758c433a7601e8ccf4fa7.jpg,2118197,10351,12:30:57,实拍美国枪店，买枪真的如买白菜吗？,12424
43733631,BV1wb411m7mF,15418,3674,1550293255,2019/2/16,2899,05:00,41399,//i2.hdslb.com/bfs/archive/5c9f9ab72807fac0344f233caabad4f8bf015970.jpg,1366316,1182,13:0:55,用超强磁铁在纽约湖里寻宝，真的可以发财吗？,10832
42770658,BV1vb411z7nf,28771,9179,1549423459,2019/2/6,6761,05:11,61344,//i1.hdslb.com/bfs/archive/20626e1f64ec6c569c6fbda7be5c7d290158f9e0.jpg,1778333,5970,11:24:19,春节在美国影响力有多大？学校放假庆春节！,19203
41916214,BV1kt411t7W3,18749,16345,1548648273,2019/1/28,6305,03:34,61767,//i0.hdslb.com/bfs/archive/938756c0f778ef6e3bc678e3eee65c5b1bcc38c3.jpg,3056896,6437,12:4:33,广东顺德拍美食，我被知名餐馆老板骂走了！,14945
41369361,BV1Lt411h7JF,32056,6775,1548127683,2019/1/22,5958,03:58,45037,//i0.hdslb.com/bfs/archive/376d3d40173c43ef6d3cfc1861fb5f8b191eb9d9.jpg,1092271,6045,11:28:3,美国保健品套路多，这个品牌竟然在中国卖出天价！,4237
41087360,BV1Ht411a7H8,12902,2511,1547866818,2019/1/19,2724,06:17,32872,//i0.hdslb.com/bfs/archive/4527008d38f94be541f934b789a3275956dfe70f.jpg,1327953,1294,11:0:18,纽约最贵2000美元黄金披萨，自己做要花多少钱？,8265
40853957,BV1Kt411p7pC,13227,1824,1547606230,2019/1/16,6567,04:12,30810,//i2.hdslb.com/bfs/archive/201f48780bf5c2d06d55f5c010e14fcaa2be1dd7.jpg,1167239,1666,10:37:10,美国人在家怎么做芝士？加魔鬼辣椒会怎样！,4191
40511236,BV13t411W7i8,26504,10421,1547262047,2019/1/12,5183,05:10,60091,//i2.hdslb.com/bfs/archive/88c5ad20fb70792cb2304b372ad64f8e90985328.jpg,1776297,6517,11:0:47,剥蛋壳对美国人有多难？竟然这么多剥蛋神器！,26550
40366075,BV1ot411s7Vw,10587,2543,1547092135,2019/1/10,3809,06:18,29843,//i2.hdslb.com/bfs/archive/eefdab6dc52b84cfc488d67eb953e6dcd1ba5be2.jpg,1452273,2668,11:48:55,探访纽约唯一的米其林中餐馆，为啥美国人最爱这家？,12543
39947972,BV1zt411x7ak,10037,3948,1546656191,2019/1/5,2555,04:55,30475,//i1.hdslb.com/bfs/archive/7eb5a9c93668e1ea98afc3f090055aae0a144f67.jpg,1493575,2366,10:43:11,美国人不吃的美国特产，都出口到中国了？,7149
39707496,BV1Ct411B7tR,7669,1993,1546398014,2019/1/2,1708,05:01,21988,//i0.hdslb.com/bfs/archive/18a2d6fa30a8813352dadb4e1d6531c487808266.jpg,821830,831,11:0:14,纽约时代广场跨年有意思？游客本地人看法竟不同！,4371
39492688,BV14t41167pa,10462,4216,1546224128,2018/12/31,3019,05:12,32164,//i0.hdslb.com/bfs/archive/06a8bec722eb87c448589cb7185f13d7420bdf8e.jpg,1510455,1529,10:42:8,试吃比尔盖茨投资的人造肉，和真肉口感一样吗？,7225
39186327,BV1Wt411r7pq,13087,4408,1545966010,2018/12/28,3263,05:18,34891,//i0.hdslb.com/bfs/archive/1572aadf9c1441b3490138a8f988d3d7673d2755.jpg,1662757,1310,11:0:10,美国人过圣诞！为啥纽约变空城，中国城却爆满？,8246
39023853,BV1jt411C7TY,61140,21574,1545793255,2018/12/26,27272,06:06,112977,//i1.hdslb.com/bfs/archive/495545e364d5b984bd5f03966b749a4cc95d7354.jpg,3209055,12397,11:0:55,带北极星小姐姐游上海，挑战亚洲蹲和绕口令！,18156
38754983,BV1St411Y7Pq,6962,2499,1545474030,2018/12/22,2241,04:57,22213,//i1.hdslb.com/bfs/archive/6532991d821259ba09ef72a96c2d771dbd9b874f.jpg,897355,1208,18:20:30,美国航天局授权中国运动品牌！为啥NASA总不务正业？,6304
38548069,BV1ot411a7eF,14214,3369,1545274850,2018/12/20,5316,05:13,48500,//i0.hdslb.com/bfs/archive/0288ab9ab26a7859719fecd62ae028b6c75c2311.jpg,2379859,2492,11:0:50,华农家喂竹鼠体验中国农村，和美国的有啥不同？,11337
38336392,BV1pt411e7KT,8122,2081,1545015637,2018/12/17,1815,04:13,23615,//i2.hdslb.com/bfs/archive/dd525e6c6c5fdd433cfc66b2f6943c8c4bd915be.jpg,1243657,949,11:0:37,花300元在机场睡一晚，上厕所走五分钟值不值？,4298
38094368,BV1St411v7Nx,40215,4743,1544756415,2018/12/14,7000,09:43,53120,//i1.hdslb.com/bfs/archive/63b8d4e3b721b43ea82ceb09e4bfa2852ea879b8.jpg,1273222,2474,11:0:15,郭杰瑞纪录片：我以后想拍视频给美国人看中国！,15937
38008988,BV1At411B7QL,21067,4086,1544670046,2018/12/13,8572,05:26,69275,//i1.hdslb.com/bfs/archive/c274fe02003265c8d145a219ec508f6c793d00fd.jpg,2829016,3155,11:0:46,到华农兄弟家做客，抓一只活的竹鼠是什么感觉？,13742
37676047,BV1mt411S7DE,15777,3122,1544410856,2018/12/10,2459,05:45,29342,//i2.hdslb.com/bfs/archive/0d92167df5672ac9980a5a3bb3366d85099b8ee9.jpg,1442526,1259,11:0:56,测评最解腻的饮料，我把油条扔进麻辣牛油火锅！,14378
37597734,BV1et411S7R6,16486,2760,1544160402,2018/12/7,2875,04:53,35404,//i1.hdslb.com/bfs/archive/1358d80083dc1f6d5944f8974995556a33bf9b88.jpg,1256916,1207,13:26:42,第一次在农村做豆花，王刚让我挑战最辣的七星椒！,7650
37372920,BV1ot411D7P6,17947,4436,1543892412,2018/12/4,6085,05:27,48093,//i2.hdslb.com/bfs/archive/c484b01b13b903af8fc58dab35682ce6e095908e.jpg,2326911,4138,11:0:12,把鸡塞进鸭肚子，再把鸭塞进火鸡！美国圣诞名菜怎么做？,15671
37034301,BV1wt411X79m,9752,3337,1543546855,2018/11/30,3041,05:04,25537,//i0.hdslb.com/bfs/archive/c15b46abfcef256172327947093f666830983464.jpg,1288804,1230,11:0:55,谁说蓝纹奶酪很难吃？看看美国人怎么吃芝士！,5971
36830650,BV18t41197m7,11370,5923,1543287640,2018/11/27,5740,05:04,29338,//i2.hdslb.com/bfs/archive/206a9d899506a5d1de3d27c2b6abb87d8a341cfe.jpg,1443454,12043,11:0:40,腾讯新办公楼有多豪华？攀岩，泳池，食堂还有包间！,9677
36607126,BV1bt411y7yo,13624,3236,1543028415,2018/11/24,2911,06:05,28950,//i1.hdslb.com/bfs/archive/70a31c0c4ffd25a9fad171ab733a077175e45d3e.jpg,1415702,1565,11:0:15,中美菜市场大不同！北京豪买100斤菜要花多少钱？,9876
36424539,BV1Pt41127FZ,11299,3274,1542770576,2018/11/21,4190,06:23,29002,//i2.hdslb.com/bfs/archive/7d547602f97b1ad35645d5fd09f9111353204501.jpg,1856886,2283,11:22:56,1300多万的豪车有多豪！坐上真有帝王的感觉吗？,11911
36353962,BV1Xt41117n2,8518,2357,1542685209,2018/11/20,2169,05:04,22630,//i2.hdslb.com/bfs/archive/35eff83198dc5514d7aa0f924e909ace60140390.jpg,1333466,873,11:40:9,吐槽美国最廉价的航空，为什么套路这么深？！,5709
35981188,BV1zt41127Wx,18016,3698,1542250826,2018/11/15,6607,05:26,36013,//i0.hdslb.com/bfs/archive/29c7ab667bb07933376de4705409ad1615bfe53e.jpg,2200349,3425,11:0:26,奢侈品牌Tiffany卖下午茶，1000元吃一顿值得吗？,9897
35804375,BV1Lt411U79Y,24893,7814,1541990459,2018/11/12,8864,06:52,53545,//i0.hdslb.com/bfs/archive/b7bdff0dfee739e007836710d314c1e34dd7e0a5.jpg,2698934,7836,10:40:59,暗访美国最危险的社区之一，肯德基装防弹玻璃！,14991
35663858,BV1rt411m7zV,12427,2894,1541827916,2018/11/10,2465,04:12,23652,//i2.hdslb.com/bfs/archive/6449dc6d69f0e2d835dcd903e7e45a48f61f1de6.jpg,903931,990,13:31:56,街访美国铲屎官，宠物领养真的比购买更好吗？,2758
35580905,BV1Yb411c7T9,13700,7753,1541732433,2018/11/9,5505,06:35,33156,//i2.hdslb.com/bfs/archive/0387e490dcb3f2b008e321a2ab18f4ac4bef71cb.jpg,2252806,4994,11:0:33,探秘美国底特律1美元的房子！这么便宜也没人买？,11246
35333336,BV1Mb411A7C6,10574,2602,1541388333,2018/11/5,2077,05:13,21258,//i2.hdslb.com/bfs/archive/00f431fbd31177d05b8e9f1c836ceaae1321e55a.jpg,1100762,1332,11:25:33,在零下150度里冻3分钟！是黑科技还是智商税？,6836
35149705,BV1wb411w74p,8417,3978,1541214034,2018/11/3,2785,05:28,23200,//i1.hdslb.com/bfs/archive/1dde8b1d86b2ab1d4709bfad6da796217214d8d0.jpg,1411930,2853,11:0:34,美国大学宿舍为啥豪华？因为宿舍费很贵！,8349
35021067,BV1Pb411P7yv,13392,7553,1541041222,2018/11/1,6228,05:13,22344,//i1.hdslb.com/bfs/archive/32b9472b847858b4bd0a39d6df576a049e0c3dde.jpg,737902,3683,11:0:22,抑郁症是病还是想太多？听美国心理医生怎么说！,4783
34771307,BV1zb411N7Av,11473,4032,1540782054,2018/10/29,3086,05:48,29684,//i0.hdslb.com/bfs/archive/39d3d9f94009ee54011de145b0f58b048e2428a0.jpg,1685450,2550,11:0:54,美国大学食堂贵不贵？中美学生看法竟然不一样！,7777
34607625,BV1Ub411P7x1,9241,2211,1540522800,2018/10/26,2563,04:14,22572,//i2.hdslb.com/bfs/archive/d58b5c6ce07b05b70cdd9619f9d3b973c34c8275.jpg,1339961,1901,11:0:0,汉堡王出了噩梦汉堡，美国专家说吃了真会做噩梦！,7235
34479944,BV1Pt411d7AR,11701,2961,1540350035,2018/10/24,3067,04:59,24143,//i1.hdslb.com/bfs/archive/01699e1d2eb793c7383c1499aceab4b5aad421d5.jpg,1297156,1904,11:0:35,这些工作中国很少有，但在美国却很常见！,6536
34197473,BV1Mt411o7Mw,11581,6598,1540004425,2018/10/20,3906,05:25,36414,//i1.hdslb.com/bfs/archive/9aa2944154cb37397ff9578d9c258a85bc53208e.jpg,2179641,3417,11:0:25,对比中美大学食堂菜价，为啥中国大学食堂这么便宜？,12386
34067169,BV13t411f7Pm,19342,3563,1539831626,2018/10/18,2451,04:46,25849,//i2.hdslb.com/bfs/archive/146d3d99dfc5ca2bcc47c1650a510405f96f3541.jpg,1217628,1094,11:0:26,这些中国常见的工作，美国竟然都没有？！,8228
33592583,BV1it411f7Nd,25652,4113,1539225750,2018/10/11,3889,06:14,35235,//i2.hdslb.com/bfs/archive/8ce377832f09f2286025d64b9aef099e417546ba.jpg,1894608,3666,10:42:30,郭铁菊大战重庆美食！到底什么菜最辣？,12978
33042346,BV1RW411178t,9140,2860,1538622029,2018/10/4,2317,05:09,24850,//i0.hdslb.com/bfs/archive/df3001b63303a6179b906b6b67ffb8e71dee025b.jpg,1444178,1416,11:0:29,和美食作家王刚探店，50元竟吃了前菜主菜和甜品！,7918
32688903,BV1JW411S7Nh,11980,4836,1538276438,2018/9/30,4459,07:09,34513,//i2.hdslb.com/bfs/archive/212af9521bdb69eed8c84e3ebc201c27866fe776.jpg,2395716,2875,11:0:38,在中国体验三万一晚的酒店！对比一千的怎么样？,20078
32540117,BV1yW411U7Ns,6956,4254,1538017232,2018/9/27,1732,04:38,19505,//i0.hdslb.com/bfs/archive/11343db5cfec038eef7d66f029c2d237d4fa17d9.jpg,1355642,2394,11:0:32,卖方便面也能开餐厅？挑战最辣的双倍辣火鸡面！,9800
32394705,BV1yW411z7np,11522,2653,1537844431,2018/9/25,2929,07:38,23189,//i1.hdslb.com/bfs/archive/9c19aeddab73d60343ba45036dd19dabfffb68e3.jpg,1170699,1670,11:0:31,住树屋，野外烤鸡，中国乡村生活原来这么酷？！,9503
32239019,BV1qW411r7ZF,13608,4279,1537671650,2018/9/23,4626,06:49,41963,//i0.hdslb.com/bfs/archive/c981103242e9403962c43d8af0056424b677c991.jpg,2859828,1603,11:0:50,挑战中国网吧生存一夜，边吃边玩才是王道！,21405
32124370,BV1GW411r7eU,13277,4074,1537498810,2018/9/21,2013,05:07,23025,//i1.hdslb.com/bfs/archive/2513775d106bae30570b32309469a18657fa4f40.jpg,1018168,1249,11:0:10,哔哩哔哩对决星巴克和超市货，中秋月饼哪家强？,11056
32072790,BV1mW41167me,7103,2687,1537414517,2018/9/20,1417,05:31,15452,//i2.hdslb.com/bfs/archive/ebb265c34d72699f1a8b61e8f1b8917ef9ff58d9.jpg,821193,1103,11:35:17,对比中美两大神车，美国人最爱的皮卡中国人怎么不买？,6129
31941260,BV1SW411k7Tk,8250,2304,1537239612,2018/9/18,1462,06:23,16825,//i1.hdslb.com/bfs/archive/362676b0f1bc448212d03e8c2ea08149fdbebd7e.jpg,868258,639,11:0:12,美国人爱吃快餐，竟然只是为了省时间去玩？,6396
31715959,BV1HW411y7wb,9699,3403,1536980416,2018/9/15,2565,05:06,22420,//i0.hdslb.com/bfs/archive/bd4e83ab2852659bc82af359bf86be998e228c7e.jpg,1163124,1194,11:0:16,贵妇甜品马卡龙，超市货和顶级甜品店差别有多大？,10287
31559288,BV1rW411C7pT,4892,7203,1536721205,2018/9/12,1430,06:05,13074,//i2.hdslb.com/bfs/archive/b7496edcb8c85e488c255b6c57ccc32cd9ab8833.jpg,818148,767,11:0:5,买苹果是为了潮流还是因为好用？街访中美路人！,7034
31307253,BV1DW411d7Qp,17899,17894,1536375099,2018/9/8,7119,05:40,40627,//i1.hdslb.com/bfs/archive/a3a8a87a146e5a804bf22715e4f0813714a68e1e.jpg,1780785,3954,10:51:39,大部分美国人不喜欢的明星，为啥能赚到最多的钱？霉霉/卡戴珊/侃爷/比伯,20438
31177881,BV1QW411Z7Pv,6748,4166,1536202839,2018/9/6,1983,05:20,15551,//i0.hdslb.com/bfs/archive/abb475d80b5fc73e17a263eab61415a0c89b2016.jpg,972351,2307,11:0:39,美国人买菜，吃一半扔一半竟是为了省钱？,6476
31056167,BV1KW411Z7PG,8752,2360,1536030033,2018/9/4,1480,05:33,16370,//i0.hdslb.com/bfs/archive/1ba73849cc51c50ab7af022d297428bf9a5980d4.jpg,1014589,833,11:0:33,世界最贵的牛肉做成三明治，对比赛百味怎么样？,7223
30861227,BV12W411f7jq,4787,4191,1535778534,2018/9/1,1099,05:35,13453,//i2.hdslb.com/bfs/archive/7df4b85fe1148b3142ed6087e2ee5cdef8031540.jpg,601356,778,13:8:54,亚洲补习班文化进入美国！美国学生上补习班吗？,5587
30680426,BV1cW411f7Ee,29660,5491,1535597512,2018/8/30,3883,07:05,34148,//i1.hdslb.com/bfs/archive/53fd9e9ab3e03a9a7a0d412211f174f3f57fc050.jpg,2028612,2765,10:51:52,纽约最贵的酒店有多豪？可地毯怎么那么脏！,17130
30499288,BV1qs411F7KW,15228,6097,1535425234,2018/8/28,3737,06:36,31338,//i1.hdslb.com/bfs/archive/b26b282cbd0dcd742d7cef4cd1eb189499f44d52.jpg,2050686,2166,11:0:34,纽约最便宜的酒店睡一晚是什么感觉？像监狱！,15691
30227672,BV17W411D7CA,6008,7068,1535166010,2018/8/25,1779,05:00,18750,//i1.hdslb.com/bfs/archive/e9023326872d6806581c2f126b3308b86cc11bca.jpg,1124259,689,11:0:10,墓地旁的房子你敢住吗？听美国人怎么说！,11407
30073781,BV1AW411X7oq,7950,3525,1534993229,2018/8/23,1433,06:04,18408,//i1.hdslb.com/bfs/archive/bf2f5e2f9da529a0a40f820e6c259df5d9565409.jpg,1178866,1818,11:0:29,美国人这样吃小笼包和拉面！黑暗料理还是美食创新？,16543
29899416,BV1EW411Q7Bx,8744,6186,1534820448,2018/8/21,4042,05:00,22088,//i2.hdslb.com/bfs/archive/a6c5279df1dfbe6ae038672021b622e46b077cff.jpg,1091506,2874,11:0:48,美国人学英语竟然不学音标！为啥中国人要学？,5886
29629897,BV1iW411X7yF,10964,3578,1534561240,2018/8/18,2301,06:02,22826,//i2.hdslb.com/bfs/archive/69d3592388213346e39a08ea64f7bf4fe3103207.jpg,1394511,1273,11:0:40,试吃纽约最贵的24K黄金鸡翅！对比普通鸡翅怎么样？,13480
29472922,BV18W411R7YR,10644,3915,1534388448,2018/8/16,2952,06:31,23416,//i1.hdslb.com/bfs/archive/579a85265ece4652e418d473e0a4759cad98f785.jpg,1201821,1381,11:0:48,美国超市常见，但在中国不常见的日用品有哪些？,13761
29215507,BV14s411T7Bz,15421,5021,1534129220,2018/8/13,2395,06:37,22833,//i0.hdslb.com/bfs/archive/843c09321d010cc6f5d2ec72b037766add9d880b.jpg,789933,1516,11:0:20,对比中美养老生活，为啥美国人很少探望父母？,10772
28880949,BV1qs411M7Fh,10432,8128,1533783659,2018/8/9,4359,07:04,43869,//i0.hdslb.com/bfs/archive/7a17c2d0625c0dd4e0d050c7880f6ed341260b6e.jpg,2083958,2384,11:0:59,作为美国人在中国看病是什么体验？中美看病大不同！,16370
28359899,BV1js41137Q9,10143,4773,1533312034,2018/8/4,2607,04:49,24939,//i1.hdslb.com/bfs/archive/3476a70bd57e47bd070947375001af6a1e79b996.jpg,1904472,2541,0:0:34,中国肯德基惊现美国最火小吃，可怎么差别这么大！,12437
28210852,BV1Es411w7ae,9276,2901,1533092403,2018/8/1,1512,06:04,19495,//i0.hdslb.com/bfs/archive/a26da48d3e7c46cd831761ae51bfecc2e1a7e2ba.jpg,1207385,804,11:0:3,作为美国人我怎么看榴莲，冒菜等奇特味道的中式披萨？,10495
27974561,BV12s411A7ar,11379,4120,1532833218,2018/7/29,2246,07:00,24296,//i0.hdslb.com/bfs/archive/017ac69cfee51a2be35079b6cdc27c299494a291.jpg,1404869,1510,11:0:18,挑战四川最麻的花椒！美食大厨都受不了！,13174
27821014,BV1gs411A7UT,7602,4944,1532660442,2018/7/27,1148,05:33,17318,//i2.hdslb.com/bfs/archive/4103768dbbc66605400d327d1b56895b0402884a.jpg,874367,712,11:0:42,体验中式消暑神器，藿香正气水/清凉油/板蓝根/刮痧哪个强？,19540
27661946,BV1ws411N7SD,12210,3724,1532487618,2018/7/25,1868,05:37,22642,//i1.hdslb.com/bfs/archive/23e56c5c6e30bc12a3a67ba267adfc4c46164675.jpg,1209728,817,11:0:18,中国超市常见，但美国不常见的日用品有这些？！,12979
27498822,BV1Xs411K7iJ,9004,4335,1532314856,2018/7/23,1223,06:06,17296,//i2.hdslb.com/bfs/archive/68b518ee4d58e9be2249c2e14fc81c98acbecf73.jpg,1032544,1224,11:0:56,第一次吃油辣子冰淇淋！四川人真什么都加辣吗？,16426
27360388,BV1Fs411K7PT,9592,3325,1532151653,2018/7/21,3613,06:55,19831,//i2.hdslb.com/bfs/archive/3ff4ea1aab645f5faad26dcfd106ca804d79c7d4.jpg,953652,2814,13:40:53,在上海B站漫展采访女装大佬！听听大佬的心声,16703
27196230,BV1is411E7g8,13084,1915,1531970142,2018/7/19,1016,07:06,14483,//i0.hdslb.com/bfs/archive/c0801e1777768669c79aeb125c4b396ee396684b.jpg,563709,477,11:15:42,中国行：我在野三坡和粉丝们玩了两天！,5909
26957194,BV1Ps411n7at,16561,2301,1531708213,2018/7/16,2620,07:48,25930,//i0.hdslb.com/bfs/archive/1b27ae5eadbb14280a0da731b25aeae3843d793f.jpg,1271068,982,10:30:13,俄罗斯美式快餐哪家强？芝士加醋是什么玩意！,14571
26822646,BV1ps411J783,7218,2094,1531543058,2018/7/14,1290,05:41,11956,//i0.hdslb.com/bfs/archive/60d378ae64dc30ec75859e14a4c75604df5d4099.jpg,613590,855,12:37:38,到俄罗斯看世界杯要花多少钱？哪国球迷花最多？,4545
26654015,BV1ps411H7Pb,5396,2649,1531364444,2018/7/12,1012,06:34,10646,//i2.hdslb.com/bfs/archive/0b54a281226a7f23ce8115b98b1d5b5c4bf22fed.jpg,635638,596,11:0:44,中国品牌刷屏世界杯，世界球迷真记住他们了吗？「世界杯前线团08」,6412
26520901,BV16s411n7Lb,8290,3534,1531192546,2018/7/10,2240,06:39,16032,//i2.hdslb.com/bfs/archive/0524cae9eec9a700a0f927ba97e0220427a953f4.jpg,1019450,1895,11:15:46,俄罗斯美食奇葩多！水果用来包饺子，土豆是真爱？,13155
26247147,BV12s411H7RE,32444,6584,1530848410,2018/7/6,4899,08:09,25085,//i2.hdslb.com/bfs/archive/feef99816eb82b1f826bef1ac92cae3ac436c2f1.jpg,870749,4140,11:40:10,美国农民的生活是怎样的？为啥美国农业领先世界？,11265
26118013,BV1Ls411V7Fw,6515,6535,1530673312,2018/7/4,2057,05:18,12870,//i0.hdslb.com/bfs/archive/6dc3fe6801a8dc6d585dd1675f0f43cf345fbef8.jpg,809219,2016,11:1:52,美国大学生找家里要生活费学费吗？街访美国人！,5035
25987052,BV1vs411G7FL,16699,3387,1530499529,2018/7/2,3384,08:29,27305,//i2.hdslb.com/bfs/archive/0677dada9b8ef7dc1bb2188d90b6d831385bd372.jpg,1804097,1062,10:45:29,走进美国最大的世界食品展，中国展区怎么样？,17229
25923302,BV1Rs41157ru,4363,4488,1530412376,2018/7/1,749,01:26,11154,//i0.hdslb.com/bfs/archive/4de9d0914def5431b0012a59df1b906dc28c7b0a.jpg,583558,509,10:32:56,跟大家说说7月的安排，我又要去中国了！,4202
25796477,BV1js41157AM,7704,4105,1530248800,2018/6/29,1683,05:51,15018,//i0.hdslb.com/bfs/archive/03cfc218e442012e257002b4a9c88bfeacf90bd6.jpg,962440,1324,13:6:40,美国人压力大吃这些！油炸奥利奥是什么鬼？,17122
25732048,BV1Zs411V7zT,11613,2354,1530160520,2018/6/28,2184,03:04,18195,//i1.hdslb.com/bfs/archive/747f9a1f24790c38fad2993e2273e5eb66076fc4.jpg,774029,1149,12:35:20,不定期更新：笨笨和胖胖最近在干嘛？,4126
25669227,BV1Es411j7NK,6176,2931,1530067937,2018/6/27,1534,05:26,13727,//i0.hdslb.com/bfs/archive/840364661c278e507bdffee7e0a5834b3bcebea1.jpg,1106292,616,10:52:17,中国有西餐厅，可美国怎么没有？牛排真是美国人日常？,6351
25557429,BV1es411L76b,5631,8199,1529902974,2018/6/25,2800,06:20,22427,//i2.hdslb.com/bfs/archive/c7183dd80da3456651910dee7a0e3eccccd8fdb7.jpg,1494992,750,13:2:54,美国最有名的中国名人是谁？纽约路人觉得他最有名！,15659
25418280,BV1Ys411775a,9788,11748,1529717404,2018/6/23,3742,06:28,21708,//i0.hdslb.com/bfs/archive/c887dfdc57f22f44dcc83d436d30a85d3a882d55.jpg,2057122,1527,9:30:4,为啥中国人要睡午觉，而我们欧美人大多不睡？,15736
25308978,BV1Ms41177XJ,6242,2732,1529561285,2018/6/21,1269,06:21,10314,//i0.hdslb.com/bfs/archive/d5d264a9034c5efa8465fa7dcee7e3135b62517f.jpg,585811,904,14:8:5,美国伪球迷有多少？世界杯街坊：美国队表现怎样？,6711
25051810,BV1MW411c7xW,5971,5734,1529200800,2018/6/17,876,05:57,11589,//i1.hdslb.com/bfs/archive/00190fffaef57ffff0790a1656373ee5050855b7.jpg,727193,413,10:0:0,「端午」中国美食甜咸之争，作为美国人我怎么看？,32323
24925418,BV1bW411F7Gx,7364,2691,1529040014,2018/6/15,1355,06:56,13326,//i1.hdslb.com/bfs/archive/0b9ea34476f199e304c0eeac4faef556afa0564e.jpg,1078866,494,13:20:14,珍珠奶茶开进美国，有的美国人竟然直接吞‘波霸’？,7288
24797483,BV1hW411w71F,9555,4935,1528859401,2018/6/13,3720,05:31,24964,//i0.hdslb.com/bfs/archive/24544481990ca593616347e20dbcacdbd46f42b0.jpg,1768587,2318,11:10:1,「郭杰瑞」做中国高考英语，对比美国高考怎么样？,10796
24725599,BV1MW411w7T5,8383,3058,1528768813,2018/6/12,1437,06:53,12296,//i2.hdslb.com/bfs/archive/ef3f5382d4408492fd290dd15c6b02df43dd81fa.jpg,823405,489,10:0:13,美国人为啥爱喝功能饮料？亲测四款人气功能饮料！,10694
24583835,BV15W411P7Rd,280517,18931,1528518030,2018/6/9,19908,06:41,111584,//i2.hdslb.com/bfs/archive/f0694d8919047cab4dce7f45cb5c98e2e5eaeaf5.jpg,1043343,9260,12:20:30,你们要的百万粉丝福利：女装大佬出没纽约街头！,38929
24531111,BV1DW411A7nr,7298,12419,1528421800,2018/6/8,2292,06:30,11960,//i2.hdslb.com/bfs/archive/20ed2649bf70ffadaba545e91755aac6dedaee3c.jpg,756521,3631,9:36:40,美国人吃转基因吗？跟我去美国超市走一圈！,4727
24486295,BV12W411A71s,2606,1296,1528340776,2018/6/7,372,04:57,5772,//i1.hdslb.com/bfs/archive/a38e14f2bb38c64b27c2b6a5dde437f2a2c60627.jpg,321299,188,11:6:16,中国脸基尼能在美国走红吗？对比中美防晒文化！,2787
24357960,BV12W411N76D,29553,17108,1528081690,2018/6/4,14021,05:26,81150,//i1.hdslb.com/bfs/archive/6c267059b64b6de575bb6522becf4c6ba55188b4.jpg,4730625,7692,11:8:10,美国人有多浪费？我去翻垃圾桶给你们看看！,31175
24261946,BV1EW411N7pB,3590,1886,1527905919,2018/6/2,817,05:48,7670,//i0.hdslb.com/bfs/archive/6108d3597888a9bee0486f3630255f240f09d724.jpg,647037,279,10:18:39,美国第一中餐左宗鸡是怎么做的，为啥美国人最爱它？,4572
24215001,BV1XW411P7HP,4789,1417,1527821164,2018/6/1,996,06:29,7273,//i2.hdslb.com/bfs/archive/f751e3a0cdf8b6eb2affe254e50698ee91b858ac.jpg,445287,344,10:46:4,跟中国大师学川菜，我这厨房学渣也能做好吃吗？,4568
24129460,BV1iW411P7kk,4236,3701,1527648483,2018/5/30,1196,04:09,7732,//i2.hdslb.com/bfs/archive/1b3adef982c0d004830db964f6200d68fe2c38db.jpg,704383,386,10:48:3,美国队没进世界杯！美国人不爱足球吗？,4910
24046519,BV1Zp411R7Hv,7054,6066,1527476354,2018/5/28,3225,05:24,22144,//i0.hdslb.com/bfs/archive/2cab77f5c82ab39ede53c33d65db9605643279a0.jpg,2126461,1042,10:59:14,在美国有名的中国品牌有哪些？我认为这五个最有名！,15517
23895131,BV1np411R7aw,5424,3213,1527215226,2018/5/25,1021,05:02,10454,//i1.hdslb.com/bfs/archive/63aa44f8c7a42ed195c2c1605d1b33e9c3ddb33a.jpg,987706,440,10:27:6,体验美国外卖app，为啥又贵又慢还不太好吃？,4823
23807505,BV1xp411o7D9,7100,8449,1527041343,2018/5/23,3711,06:04,21741,//i0.hdslb.com/bfs/archive/add6819ef23fe3e82bc4ed4695d4730558b1554b.jpg,1763509,2891,10:9:3,中国二线城市100人民币购买力，在美国德州可以买什么？,14218
23724641,BV13p411o7aS,4342,2123,1526868233,2018/5/21,851,04:59,7224,//i0.hdslb.com/bfs/archive/42ec202394210585a8638725dfc4d5b96b95c346.jpg,497627,472,10:3:53,中美药店大不同！美国很多药竟然是甜的？,3318
23579295,BV1op411Z7gq,27781,3934,1526614409,2018/5/18,2921,03:56,20730,//i1.hdslb.com/bfs/archive/cf7527d31c491f4ccd45b59e9735407b9e2a8f1e.jpg,1238307,2200,11:33:29,是谁让我挑战这个史上最辣薯片的？我被辣吐了！,10092
23500215,BV1Cp411Z7cC,4156,1111,1526438648,2018/5/16,771,05:49,6889,//i1.hdslb.com/bfs/archive/1bcc5df51cf755538398866105a7ca56a4834791.jpg,456397,290,10:44:8,美国游戏交流会，程序猿几个月就能做一款游戏！,3170
23419179,BV1Tp411Z7zZ,5043,1712,1526276537,2018/5/14,995,05:34,7875,//i0.hdslb.com/bfs/archive/b6421ee6d099e002071cf300b5f32d82bc3b39be.jpg,657820,438,13:42:17,探访纽约街头小吃，竞争大办证难，有些会坑游客！,3647
23274967,BV15W411F7Xp,6221,5954,1526010824,2018/5/11,2620,08:02,10571,//i0.hdslb.com/bfs/archive/700bd763ca85e5fbfd354f3eb19d731547080e6a.jpg,986442,2425,11:53:44,纽约房价有多贵？一千万在纽约能买什么样的公寓？,8820
23186935,BV1ip411f71F,9253,2523,1525835225,2018/5/9,1616,05:38,11990,//i0.hdslb.com/bfs/archive/d8938f662f48a8c8919065f8cfc1b4f2bde33650.jpg,539663,1061,11:7:5,实拍纽约宠物领养中心，在美国怎样领养宠物？,4610
23104923,BV1Hp411f7M9,9011,2414,1525664116,2018/5/7,1640,07:17,15987,//i1.hdslb.com/bfs/archive/1936dff7e467538b635d89b5a12c0c571da1808e.jpg,1169738,837,11:35:16,纽约集市奇葩美食，竟然有生煎包和煎饼果子！,13866
23001256,BV1KW411G7t2,9077,5707,1525489956,2018/5/5,2039,06:33,10597,//i2.hdslb.com/bfs/archive/2428f4e1e4118b422ed7de7d6463c3a4edab5051.jpg,835323,1642,11:12:36,上海100人民币的购买力，在纽约可以买什么？,8459
22913340,BV1DW41137Hx,5235,2790,1525320048,2018/5/3,1128,06:14,9858,//i2.hdslb.com/bfs/archive/e2f5f7cae46dad625e4598c3889b970c5d37dc83.jpg,709814,496,12:0:48,对比中美防蚊招数，为啥美国没有蚊香电蚊香液？,7145
22820049,BV1nW41137Rj,13354,3598,1525145070,2018/5/1,1475,05:01,15755,//i2.hdslb.com/bfs/archive/27866d437e54a8fc1c779725c6750bb9deb30291.jpg,845110,394,11:24:30,我回美国了，聊一聊在中国一个月的旅游感想！,5695
22713973,BV18W411V7E5,8626,4565,1524970073,2018/4/29,3659,06:03,20276,//i1.hdslb.com/bfs/archive/3126ec229702510e6762ddc5cac88cbce6ed15ce.jpg,1793734,2314,10:47:53,中国的美式快餐哪家强？和美国的比怎么样？,16380
22628482,BV1XW411G7h7,4161,2035,1524803095,2018/4/27,827,05:39,8156,//i1.hdslb.com/bfs/archive/b748100b20d3996917d6a01ccfce23636f40fbec.jpg,503713,284,12:24:55,对比中美整容文化，美国也流行网红脸吗？,3225
22583166,BV1SW411G7sB,8338,4068,1524706099,2018/4/26,2906,04:32,16025,//i0.hdslb.com/bfs/archive/96b4fafa95dc8764c80e7c64dce23d73e5a023be.jpg,1653617,2471,9:28:19,深圳第一次吃潮汕牛肉火锅，为啥还没开到美国来！,9826
22505926,BV1dW4115798,5283,2233,1524540209,2018/4/24,1176,05:27,9750,//i2.hdslb.com/bfs/archive/8887b6f4ccac0536d39e299ff676a6cf22346852.jpg,790072,452,11:23:29,深圳华强北淘货，这里的电子产品比美国便宜好多！,6005
22464902,BV1CW41157yW,5493,5495,1524451652,2018/4/23,1409,05:35,11039,//i2.hdslb.com/bfs/archive/a7d845e5982bbd0e4bbf2557f86b5ce886240b13.jpg,812452,1546,10:47:32,广东街访：吃过最奇怪的东西是什么？福建人必看！,12545
22383445,BV1bW411577q,11642,4556,1524302454,2018/4/21,2731,08:22,23125,//i1.hdslb.com/bfs/archive/170e65e75d5221164749f1ea21f7a87fa1cfd135.jpg,1577461,1856,17:20:54,在广州挑战对于美国人来说的奇葩美食！（鱼皮/鸡爪/牛杂/乳鸽）,26920
22281330,BV1tW411j74u,7363,2990,1524107416,2018/4/19,1748,06:04,14028,//i0.hdslb.com/bfs/archive/3548b2e9fcbaa35d7d65c5120a7d3cb47301d3c3.jpg,1571702,666,11:10:16,凌晨两点上海觅食，对比中美宵夜文化！,9921
22251269,BV18W411j7h5,21475,3088,1524034722,2018/4/18,4547,05:34,17708,//i2.hdslb.com/bfs/archive/3c5fa9a423d67fca6c30aff6105ffc2038224778.jpg,1343869,2504,14:58:42,我去上海哔哩哔哩总部撸了一只猫！,9479
22161727,BV1wW411j7jG,6553,3650,1523842798,2018/4/16,1578,05:50,13256,//i1.hdslb.com/bfs/archive/57f624f63ff0fa9f019421f0b2152b5b20e96846.jpg,1073038,1248,9:39:58,南京食记：对比中美鸭文化！为啥美国人不爱吃鸭？,12625
22115783,BV1BW411L7pq,5728,2723,1523758899,2018/4/15,1652,04:35,12824,//i0.hdslb.com/bfs/archive/a6bc61be6da480748138bdfc2e291f02790ec023.jpg,922592,673,10:21:39,探访北京花鸟鱼虫市场，这么多奇怪的小动物！,6881
22062498,BV1aW411L7JT,20272,3894,1523668562,2018/4/14,1994,05:38,15746,//i0.hdslb.com/bfs/archive/6947f7778bedf166e5153935531965207b0041fa.jpg,1009023,1225,9:16:2,古玩市场20元淘货，回美国可以卖100美元！,14467
21977168,BV1QW411K7Nc,12264,3475,1523493749,2018/4/12,1727,06:15,15629,//i2.hdslb.com/bfs/archive/0a46c1444b0d06b69cb2f6bba686349ee87fe303.jpg,1207927,1547,8:42:29,初尝北京小吃，买了三斤豆汁，我被虐到想哭！,12046
21859155,BV1sW411K7yg,9422,2972,1523246914,2018/4/9,1454,07:16,14340,//i2.hdslb.com/bfs/archive/a6d6fd04cfa63661d4dc9a912bfe1fb838a5578b.jpg,769600,347,12:8:34,粉丝礼物开箱，看我收到了什么好玩好吃的！,6918
21817383,BV1wW411K7q1,9613,3467,1523154534,2018/4/8,1762,07:07,14461,//i1.hdslb.com/bfs/archive/a8d30128ad01e218550f72f68f46d8409d49ea41.jpg,1043530,1600,10:28:54,清明节在西安暴走暴吃，起床先喝八碗摔碗酒！,13555
21783491,BV1XW411N7zs,10239,3351,1523087947,2018/4/7,2301,07:23,17866,//i0.hdslb.com/bfs/archive/abcc6104d6a860956d756b288740b282ed982b56.jpg,1432113,1205,15:59:7,从纽约穿越到西安吃美食！我味觉出事了怎么办！,18349
21714131,BV1GW411M7jM,8318,3471,1522978797,2018/4/6,1674,04:41,15816,//i1.hdslb.com/bfs/archive/d22d2c150794666d80eec516775e4d8e57036b6f.jpg,1439481,580,9:39:57,第一次坐中国高铁！比美国高铁快好多！,7954
21621403,BV1CW411T7MF,6257,5301,1522816085,2018/4/4,1240,06:04,9876,//i0.hdslb.com/bfs/archive/0852c570dc646ea95b152385858682988701b5c0.jpg,568207,1373,12:28:5,人民公园相亲角采访中国父母，中美相亲文化很不同,8930
21579962,BV18W411T7Ua,11097,6184,1522732337,2018/4/3,3992,05:49,15993,//i1.hdslb.com/bfs/archive/db398866ba71d5a2eda691f3cff3c0f7f7ec65e3.jpg,1548346,4426,13:12:17,在中国第一次进网吧，竟然有人在这里住了一个月！,16529
21541359,BV18W411T7LQ,16059,4145,1522642966,2018/4/2,5408,04:31,36558,//i0.hdslb.com/bfs/archive/6996956de6dc6c994a1c0b73592d272c736288e4.jpg,3033125,6006,12:22:46,挑战成都最辣的火锅，点麻辣牛肉还要签生死状！,25367
21449482,BV1hW411u7Z7,8364,4025,1522475048,2018/3/31,2226,08:04,15888,//i2.hdslb.com/bfs/archive/9f6969b516e7e20c1837861a8f5baa71ce084730.jpg,1394910,2090,13:44:8,探访成都最火的餐厅，挑战四川人也觉得辣的串串！,14279
21410432,BV1hW411u75a,25475,3417,1522398675,2018/3/30,3358,06:09,25592,//i0.hdslb.com/bfs/archive/739fab100f1bfe97e0472f67a1f3fa28351bae85.jpg,1358039,674,16:31:15,在中国批发市场体验砍价，我和敬汉卿谁是砍价王？,15203
21360540,BV1AW411u7Si,12952,3254,1522297315,2018/3/29,1966,12:48,16955,//i1.hdslb.com/bfs/archive/33c5abfaa86a1429ea00eb5400926ccaa3a45092.jpg,1095931,1377,12:21:55,第一次骑单车在成都寻找街头美食，移动支付好方便！,19625
21319897,BV1XW411M7aY,8928,2445,1522198287,2018/3/28,2886,05:23,22154,//i0.hdslb.com/bfs/archive/7589500729f2fd8d611426b5a918cb737e82da28.jpg,2098534,788,8:51:27,美国人有多爱大熊猫？不惜重金付租金修豪宅建直播！,9143
21282838,BV1rW411M7Bt,7982,8861,1522112453,2018/3/27,1834,06:51,18184,//i0.hdslb.com/bfs/archive/746f4984aeb158969357a68cc16a0c91803cf362.jpg,1099679,791,9:0:53,第一次在中国看中医，中药为什么那么苦？！,23999
21245930,BV1BW411M7tU,24037,64628,1522029118,2018/3/26,3896,03:56,55576,//i1.hdslb.com/bfs/archive/b622cf0439d0ef6b207d3b3ce4dc400c98dca7dc.jpg,2996171,1011,9:51:58,「郭杰瑞」我到中国了！！,18127
21152978,BV1kW411g7gc,21432,4127,1521863106,2018/3/24,5396,08:52,20069,//i1.hdslb.com/bfs/archive/990c15984446a82f9ff80732d1e4706efffacefd.jpg,790549,1230,11:45:6,对比中国和犹太文化，面子到底重不重要？,8652
21031879,BV1PW411g7eE,6301,2493,1521596732,2018/3/21,2434,06:17,9360,//i1.hdslb.com/bfs/archive/1afcbf0073bbbe7f188bda41645793c69934bdd2.jpg,1087046,1422,9:45:32,实拍中国运动品牌在美国，对比耐克阿迪怎么样？,8229
20912074,BV1PW411W7Yf,6741,22831,1521335744,2018/3/18,1008,05:26,7927,//i0.hdslb.com/bfs/archive/edbfa88390c3da78b64add86ffe478fe77034a00.jpg,565394,310,9:15:44,美国小孩爱玩什么游戏？原来暑假修仙也是常态！,8115
20783783,BV1xW411p7PS,5478,1944,1521075715,2018/3/15,1228,05:52,8715,//i0.hdslb.com/bfs/archive/694105ac24af6e478766b4d32fa5e914e03142d9.jpg,742421,741,9:1:55,甜到哭是什么感觉？试吃让我们美国人疯狂的甜品！,6088
20675081,BV1HW411s7CC,6714,2230,1520816213,2018/3/12,1901,05:42,9757,//i0.hdslb.com/bfs/archive/84101bbb1fe61ef51e8c8553e6ac68cfe08871e8.jpg,658147,839,8:56:53,美国也有婆媳问题吗？世纪难题老婆妈妈掉水里先救谁！,2442
20579758,BV1AW411s76A,8338,2387,1520643781,2018/3/10,1763,05:37,14407,//i0.hdslb.com/bfs/archive/f7e660ed4d06b65a2a7b654fc5466f22042c63b1.jpg,1302593,624,9:3:1,大董北京烤鸭进军纽约，是否能征服美国人的胃？,7854
20501210,BV18W411W7MH,4579,3942,1520471126,2018/3/8,1468,05:02,7427,//i0.hdslb.com/bfs/archive/a2950698f1f1feca07c9916677264096d0b7eb29.jpg,469649,868,9:5:26,为啥美国人最怕国税局，原来非法收入也得交税！,2697
20425896,BV1dW411x7eu,13203,3978,1520298792,2018/3/6,5225,07:06,16941,//i1.hdslb.com/bfs/archive/47b0d4ec943c11047588f1115eb23d7f49199163.jpg,1918823,1744,9:13:12,吐槽网红撒盐哥牛排馆，为啥又贵又不好吃？,9944
20346991,BV1pW411x7cg,5009,2264,1520131011,2018/3/4,1256,05:18,8320,//i0.hdslb.com/bfs/archive/b1fe1025ee7fca47ceb0a7daa6f1eaed6939b400.jpg,921022,591,10:36:51,川贝枇杷膏走红美国？作为美国人我去考察一下,6020
20261103,BV1KW411x7M9,6393,16398,1519970095,2018/3/2,2219,03:49,8881,//i0.hdslb.com/bfs/archive/55dcc230ab1071694ae9ad72a60dbbdcf5d209f3.jpg,769824,3378,13:54:55,实战买潮牌Supreme，真的又贵又难买？,4400
20077855,BV16W41147jr,6761,6257,1519611230,2018/2/26,2173,05:02,7161,//i1.hdslb.com/bfs/archive/95d4bb7f5de7cb8e30280e118283df7a0d8be8ce.jpg,543500,2770,10:13:50,美国买房贵不贵？工地现场实拍美国住宅！,6795
19938289,BV1MW41147wp,4479,1534,1519362304,2018/2/23,640,05:34,6927,//i1.hdslb.com/bfs/archive/baf9300037c37d3d07c421ef234f965b2b77ec6a.jpg,484262,201,13:5:4,舌尖上的美国：我们美国人也爱吃泡菜！泡香肠鸡蛋西瓜。。。,4848
19808901,BV1LW41177aq,7119,2624,1519106773,2018/2/20,739,07:07,8784,//i2.hdslb.com/bfs/archive/e55d7f9fe61932b949df1424161b6353e5ac8790.jpg,552919,523,14:6:13,试吃中国年货，第一次吃咸鸭蛋/藕粉/酒酿！,15151
19730529,BV1wW41177cY,14008,4361,1518925310,2018/2/18,3718,08:19,29813,//i2.hdslb.com/bfs/archive/f1cdcee2c4d4e7923cb01619e196e700dbd38bff.jpg,1585247,1714,11:41:50,中国春节在美国影响大不大？看看美国人怎么庆春节！,27361
19664981,BV1rW411j7hQ,6524,4133,1518761949,2018/2/16,1071,05:23,11799,//i2.hdslb.com/bfs/archive/98f95839f54dc56277ea9865e9268b7808bb6b00.jpg,667586,352,14:19:9,作为美国人我第一次看春晚，哇哦！为啥美国没有？,12398
19485202,BV17W411E7VX,24518,2255,1518405004,2018/2/12,2086,02:28,12059,//i2.hdslb.com/bfs/archive/b5c2892f74d3e728c3836618e6fad39171a40925.jpg,201349,1158,11:10:4,【爆笑郭杰瑞】一人饰四角演绎春晚歌曲《常回家看看》,4777
19445061,BV15W411E7WS,6761,1994,1518329803,2018/2/11,894,07:04,8393,//i1.hdslb.com/bfs/archive/1a36f75d9ae00eabe3638fda7ae9ddb808651093.jpg,564995,457,14:16:43,自制美式重庆火锅，火锅意大利面好不好吃？,11191
19345053,BV1WW411n7Ln,6355,2206,1518143550,2018/2/9,946,05:55,7022,//i2.hdslb.com/bfs/archive/738ee9ca341992d64b8dbe9cf7fdd3b7250bad8f.jpg,476350,465,10:32:30,欧美大牌奇葩中国元素，美国人眼中的中国文化是什么？,9081
19255191,BV11W411J7U5,6292,1847,1517979688,2018/2/7,919,05:31,6301,//i2.hdslb.com/bfs/archive/beeb58aabe995ee5886449432ca761f7095a7a33.jpg,303699,1250,13:1:28,「郭杰瑞」男生测试化妆品，真的越贵越好吗？,4521
19161090,BV1EW411J7yy,4931,1757,1517801751,2018/2/5,686,06:20,5612,//i2.hdslb.com/bfs/archive/3ca332a1afed2d302be4b7cae4c23250f4777487.jpg,296035,867,11:35:51,试吃美国婴儿食品，原来美国妈妈这样带孩子！,4539
19077524,BV1CW411H73D,5333,2030,1517631507,2018/2/3,736,04:48,6802,//i2.hdslb.com/bfs/archive/60945c84f6429b6911ac8367db9fdf5a4c8d5807.jpg,556362,297,12:18:27,吐槽美式中餐，怎么每个菜都一个味道！,4451
18950969,BV1PW411H7BZ,4388,2445,1517372287,2018/1/31,742,04:04,6069,//i2.hdslb.com/bfs/archive/10e99dd7f93f0bfb998251211587b8c17b28886a.jpg,320867,433,12:18:7,针灸纳入美国医保，美国人做针灸吗？,2439
18872772,BV1dW411e7SL,7929,4831,1517205891,2018/1/29,3963,05:30,7737,//i1.hdslb.com/bfs/archive/826c951273ed8fcb4283956323a07881a897c7a5.jpg,770926,3675,14:4:51,"中国这些中高端品牌在美国是什么品牌(李维斯,CK等）",5808
18833537,BV11W411e7sv,5968,2133,1517121636,2018/1/28,650,04:06,7029,//i2.hdslb.com/bfs/archive/0c0bf1f3f44ecef7b88cbe22fb0c4d6469d4af90.jpg,571814,311,14:40:36,「郭杰瑞日常」在美国发现一家重庆串串！串串和火锅不一样？,4661
18749310,BV1bW411e7aW,7187,2763,1516947161,2018/1/26,1039,03:47,10465,//i1.hdslb.com/bfs/archive/82ec12acbe4cb3039faf1574e2337c4544d3e37a.jpg,880699,388,14:12:41,「郭杰瑞日常」第一次吃烧仙草和豆花！,8878
18667324,BV19W411Y7tu,9117,2586,1516771674,2018/1/24,2796,05:55,7503,//i0.hdslb.com/bfs/archive/c0259f4451eb49abc18ecb3c96a7d876a413c54c.jpg,324795,616,13:27:54,美国旅游注意事项，开车被警察拦怎么办？,2880
18586745,BV1EW411i7Ds,13167,4137,1516588272,2018/1/22,1555,04:29,10134,//i1.hdslb.com/bfs/archive/edb8a45c2c0f58d5cb19b65f3f291dae48d0f7a4.jpg,503887,952,10:31:12,美国人真的都不坐月子，生完孩子就上班吗？「郭杰瑞」,4470
18516950,BV1ZW411v7B3,17013,5860,1516431924,2018/1/20,1626,05:35,11520,//i1.hdslb.com/bfs/archive/b88b2a02ce7904a54bd32a01fa0bf0ef0f7f411f.jpg,399129,944,15:5:24,中美结婚文化大对比，美国人买婚房吗「郭杰瑞」,5827
18396778,BV1HW411v7iL,184815,30941,1516159946,2018/1/17,17071,08:50,137024,//i0.hdslb.com/bfs/archive/22a468274943264e0d3a12d0a915fdcedb8edc15.jpg,2578101,2347,11:32:26,揭秘郭杰瑞的视频是怎么拍的？,33076
18361508,BV1uW411v7Q6,5923,4283,1516071801,2018/1/16,1287,05:22,6796,//i0.hdslb.com/bfs/archive/6b8dc3e047ab7da24fc29a5b11aee214313f362c.jpg,481575,575,11:3:21,美国父母真的不能打孩子？熊孩子怎么管教不犯法「郭杰瑞」,6251
18328317,BV1rW411q7sK,10087,8925,1515986730,2018/1/15,3050,06:41,17601,//i0.hdslb.com/bfs/archive/70f490321eddc811cf72efdaa90b59b0ad8f7476.jpg,1634974,1122,11:25:30,老美试吃中国面包，称美国面包其实都没味道「郭杰瑞」,13837
18295784,BV1hW411q7y2,11064,2402,1515909326,2018/1/14,1828,03:12,10116,//i1.hdslb.com/bfs/archive/97f0514ded1a68ec172c86814386659af86ffbdf.jpg,1144892,1026,13:55:26,在美国豆浆豆腐是逼格很高的食物！,6380
18255937,BV1nW411q7Gw,4089,3521,1515822159,2018/1/13,1311,04:34,5166,//i0.hdslb.com/bfs/archive/5b410af1378e89f112dfa6516e787cf8808d4b93.jpg,388626,708,13:42:39,大部分美国人不上大学，没上过大学就没好工作吗？,3358
18219151,BV1uW411q7V5,4871,1435,1515729683,2018/1/12,848,04:47,6411,//i1.hdslb.com/bfs/archive/58ebfca8950dac31251ea91526d9fa0460d6b85c.jpg,714709,247,12:1:23,今天去吃中东菜，这是美国人很喜欢吃的,4651
18154549,BV1UW411i7bE,12020,3926,1515555299,2018/1/10,2233,03:40,8257,//i1.hdslb.com/bfs/archive/2bdaa20cc78c03244e2d586249d58f97270221a7.jpg,676666,722,11:34:59,美国人看PGone，美国嘻哈真的都是不良元素？「郭杰瑞」,5279
18126063,BV1zW411i791,5017,2235,1515475409,2018/1/9,1539,07:25,9805,//i0.hdslb.com/bfs/archive/ad626854d7480a61f5e35bfda5e25dd4dbf6306f.jpg,534189,1039,13:23:29,美国咖啡店大对决，星巴克真的比麦当劳逼格高？「郭杰瑞」,7784
18091318,BV1tW411i7tt,4075,1450,1515381068,2018/1/8,1249,05:34,7868,//i1.hdslb.com/bfs/archive/a4a4622c12e4dded8794d93aaedb9d696111e132.jpg,612562,508,11:11:8,探访美国一元店，一美元在美国能买到什么东西？「郭杰瑞」,5448
18059063,BV1fW411B7C1,54987,8304,1515306585,2018/1/7,7098,04:59,47006,//i0.hdslb.com/bfs/archive/802c56c7cf1b7aca094a192cad21c71c0b070f4d.jpg,897447,2401,14:29:45,美国人怎么看《美国网红在日本自杀森林拍死者遗体》,17406
18022668,BV1SW411B7ye,4340,4461,1515223844,2018/1/6,1758,05:11,5885,//i0.hdslb.com/bfs/archive/0420d9d943112c642b4b88e19d0452ddb12df299.jpg,481721,1058,15:30:44,美国孩子真的18岁就被赶出家门？也不赡养父母吗？,2883
17948927,BV1jW411B7od,5696,2220,1515040618,2018/1/4,1394,13:12,5420,//i0.hdslb.com/bfs/archive/48911c481cea59764fafffba839c87ddc722d3cc.jpg,365985,789,12:36:58,美国小哥到中餐馆学川菜，餐馆老板心力交瘁「郭杰瑞」,9817
17918937,BV1KW411B7SE,2384,997,1514955804,2018/1/3,437,04:16,3684,//i2.hdslb.com/bfs/archive/8ef5bb1eff6dc2cb03d4b23b88be44f758e923f3.jpg,284585,182,13:3:24,唐恩都乐甜甜圈竟是美国最便宜的早餐！「郭杰瑞」,3332
17886288,BV1dW411q7vU,4785,1968,1514867053,2018/1/2,829,08:25,5503,//i1.hdslb.com/bfs/archive/11754499056491c744ab5d609d2b5a12d6bcc8a0.jpg,481447,575,12:24:13,麻婆豆腐传人在美开店，我吃了好多花椒！,10120
17849051,BV11W411q7AE,5482,1855,1514780462,2018/1/1,1343,07:18,5925,//i2.hdslb.com/bfs/archive/1085dc2d225b1b0b1028b0d663b0f1579d0cf09b.jpg,342399,364,12:21:2,谁说中国人不礼貌？文化差异大，美国人也会没礼貌,4473
17805271,BV1qW411b7qP,10782,1523,1514696734,2017/12/31,1586,06:12,7915,//i2.hdslb.com/bfs/archive/113e153edc6662292c84efa60f233182cf2ac960.jpg,176006,559,13:5:34,年末巨献「郭杰瑞」2017视频大混剪！,3121
17727434,BV1AW411b7yW,5110,1616,1514519610,2017/12/29,1450,05:41,8172,//i1.hdslb.com/bfs/archive/d398de6cb931246b8039be6c74d76e398ef82524.jpg,746761,747,11:53:30,老美介绍三明治，吐槽赛百味在美国没人吃「郭杰瑞」,5480
17696066,BV1NW411b74D,7958,1521,1514431067,2017/12/28,1385,07:49,5068,//i0.hdslb.com/bfs/archive/1ceee9e2bc549a9c80b16aacd081d6420797ca3b.jpg,247553,415,11:17:47,湖南大叔辞职世界500强在美国开餐厅「郭杰瑞专访」,3305
17668076,BV1oW411t7AB,5836,1204,1514350704,2017/12/27,558,05:19,4204,//i1.hdslb.com/bfs/archive/de693063a53cebee12d0a8a82359b1d7806b9504.jpg,286047,238,12:58:24,纽约人用公共洗衣房，因为室外晒衣服会被投诉,2854
17642238,BV1UW411t7ZD,4791,1315,1514273729,2017/12/26,584,06:38,4875,//i2.hdslb.com/bfs/archive/4ec3edccdde1ccde5ef85a44f02af90abf7484e0.jpg,486325,286,15:35:29,「郭杰瑞」老美撸串第一次挑战鸡心鸡胗烤串！,7149
17606100,BV1qW411t7qU,60346,3922,1514180750,2017/12/25,21380,04:09,76636,//i1.hdslb.com/bfs/archive/ef073137b4c00552f5da3daec17ebb9a277b88b0.jpg,1168435,9160,13:45:50,中美键盘侠大比拼，天下键盘侠是一家！,16085
17536603,BV1oW411879P,6565,1814,1514014549,2017/12/23,2075,05:21,7946,//i1.hdslb.com/bfs/archive/2ef6320bc3546a8ab7b54bf10b6f3f7bb4b945e7.jpg,364533,1296,15:35:49,对比中美中学教育，美国小哥演绎中国老师！,6825
17499236,BV11W41187my,9636,2443,1513924339,2017/12/22,3078,06:10,12424,//i0.hdslb.com/bfs/archive/e00a795bdff21daedc09518ba87809dd82f1080c.jpg,1384127,1405,14:32:19,去高级牛排馆自带老干妈，我觉得味道很配！,8708
17473199,BV1iW41187mq,2984,992,1513842332,2017/12/21,952,05:42,6520,//i0.hdslb.com/bfs/archive/7f62f31f8f1b040248247b08c1cfc88969705d10.jpg,406871,459,15:45:32,试吃测评美国冰淇淋（哈根达斯，减肥冰淇淋等）,3843
17442227,BV1tW41187mZ,3834,792,1513753123,2017/12/20,584,07:13,5980,//i2.hdslb.com/bfs/archive/dc1544813cf782d6056c0bf8dddcf210a3d6894e.jpg,468785,277,14:58:43,第一次淘宝购物终于收货，开箱有惊喜和惊吓！,6334
17378270,BV1MW41187M8,8317,7438,1513563932,2017/12/18,6143,04:23,43411,//i0.hdslb.com/bfs/archive/186a8334ede5290a13ca93d15781585eef253dd0.jpg,2101220,4195,10:25:32,老美吐槽哈根达斯，为啥在中国要装高大上？,11933
17306559,BV1mW411b7P9,2887,1303,1513389952,2017/12/16,497,07:59,4177,//i2.hdslb.com/bfs/archive/72765b2772da73a27bec2a291e036e8e2091a406.jpg,379948,281,10:5:52,老外强行做中餐，自己做的西兰花牛肉含泪也要说好,7104
17275180,BV17W411a7t2,2115,779,1513309424,2017/12/15,338,05:57,2728,//i0.hdslb.com/bfs/archive/161c5caa24944dcd99f704226f50fbfc01cad1b3.jpg,189623,180,11:43:44,美国蔬菜保鲜靠急冻，西兰花可以放两年！,2377
17241348,BV1MW411a7wA,2011,709,1513214488,2017/12/14,394,04:26,2960,//i0.hdslb.com/bfs/archive/ca0048b0bc3804264fe9fefe3debdfb5a50f9e1f.jpg,230147,138,9:21:28,对比中国春节和美国圣诞，最大的不同竟然是。。。,2020
17211889,BV1fW411h715,3153,1871,1513127242,2017/12/13,1216,08:00,3660,//i0.hdslb.com/bfs/archive/64651b96f0e7a2a0d7bfeb85619c29ef065a56cb.jpg,259792,540,9:7:22,美国学费逆天，70%学生贷款上大学！,1971
17184658,BV1DW411h7Ni,5479,1965,1513048641,2017/12/12,1063,08:50,5416,//i1.hdslb.com/bfs/archive/b20444c663b457d0c6c95d28df72e5193fd0a722.jpg,794657,418,11:17:21,老美第一次撸串吃河南烩面，和老板娘神侃,10834
17153523,BV1zW411h7ed,2141,1101,1512955427,2017/12/11,774,05:10,4235,//i1.hdslb.com/bfs/archive/31d739a05c56c0e5fcdef05ef6d71fccf9a300e1.jpg,262843,287,9:23:47,这样做会吓跑你的美国男女朋友！老美带猫讲约会文化,2437
17116981,BV1tW411h7Sv,1805,559,1512867797,2017/12/10,392,03:55,3067,//i0.hdslb.com/bfs/archive/afa28ca7ad3e00eca62bea315d9dc9bfe7cf59f7.jpg,163574,75,9:3:17,穿越到80年前纽约地铁，偶遇民国上海滩名人？,1554
17079381,BV1jW411h7qK,3583,4489,1512782453,2017/12/9,3173,09:39,19257,//i1.hdslb.com/bfs/archive/a920c1820a2be92442fbd7d7d5790cee6bce6ff9.jpg,1412930,2298,9:20:53,老美怼英国人数学差，挑战中国小学数学题！,36705
17045073,BV1TW411h7BG,3507,1163,1512695626,2017/12/8,546,10:44,3821,//i1.hdslb.com/bfs/archive/56c4776e97f22feca7f8b2a930d1de6a5c70e9a6.jpg,425222,528,9:13:46,四川麻辣火锅进军纽约，我无所畏惧！,8655
17015202,BV16W411Y73L,2803,3634,1512610447,2017/12/7,1609,05:05,6860,//i0.hdslb.com/bfs/archive/45320f4b74299db55ad6085da3f0c88c518e7ec6.jpg,589792,1201,9:34:7,美国叫次救护车900美元！看病真会看破产？,2746
16986009,BV1bW411Y76G,3848,1027,1512523430,2017/12/6,1424,04:05,6456,//i1.hdslb.com/bfs/archive/0c459a5f708673a41ee97dd9a56e5de7cfee9e18.jpg,523399,1633,9:23:50,老美哭诉放过我们男人！别拉我们逛维多利亚秘密,2945
16957004,BV1nW411Y7NR,2926,1135,1512436451,2017/12/5,1142,05:22,3856,//i2.hdslb.com/bfs/archive/e372209189fcdf4143785e6624b1ad7aa6fb5657.jpg,251965,589,9:14:11,美国人只约会不结婚？听老美讲美国约会文化,1913
16927046,BV1wW411Y7Ao,3437,940,1512348244,2017/12/4,478,04:40,3374,//i1.hdslb.com/bfs/archive/5dff6f5e060ffeb827fb5429b3474df8c76d967a.jpg,246213,181,8:44:4,美国为过圣诞近百岁古树被砍，引上亿人围观！,2501
16893331,BV1QW411a7ig,16307,1750,1512268812,2017/12/3,1577,07:17,13506,//i2.hdslb.com/bfs/archive/c3166fd1c30764e72a19fe834dafe4f6f828742a.jpg,864120,794,10:40:12,号称最能吃辣的美国人终于被死神辣椒辣懵逼了！,11343
16855639,BV1DW411a72m,5440,2475,1512178953,2017/12/2,1220,06:15,7341,//i1.hdslb.com/bfs/archive/55427fdc7dd90220f21331ecd98305cf5b7bbcfa.jpg,743029,303,9:42:33,妹妹吃榴莲和中国蜜饯，她吃后欲哭无泪（冬瓜糖/柿饼/姜糖/榴莲干）,10291
16823216,BV1rW411a7K6,3336,777,1512095828,2017/12/1,451,07:16,5068,//i0.hdslb.com/bfs/archive/057fe094c89bd6343abbfa6139dd130b704460d5.jpg,296842,251,10:37:8,纽约圣诞集市太坑人，中国包子竟然有肯德基味道,4796
16794158,BV1HW411a7UJ,3915,2563,1512008154,2017/11/30,955,04:52,5426,//i0.hdslb.com/bfs/archive/2f762c693b7ef4cd1a4a0ff99f6432af70d7096f.jpg,577790,343,10:15:54,走进纽约顶级酒店早餐，卖的贵只是因为盘子大！,6617
16768071,BV1qx41157y5,3146,1872,1511928098,2017/11/29,964,04:26,4477,//i2.hdslb.com/bfs/archive/fbbbe58938d4e21e035e727cb0d0c0e0c9a3e0fc.jpg,666424,379,12:1:38,全世界只有中国人穿秋裤？听美国人怎么说！,4909
16737164,BV18x41157JR,3456,775,1511832366,2017/11/28,853,03:28,9195,//i2.hdslb.com/bfs/archive/1e4da9e84afa419bbe66b25b5b0aacac4db125ba.jpg,957714,155,9:26:6,中国人宵夜吃烧烤，我们老美酒后宵夜吃这玩意。。。,2721
16708014,BV1nx411576L,12730,2538,1511744453,2017/11/27,4526,05:06,36703,//i2.hdslb.com/bfs/archive/7ad8ce542386e18693a6b777c9683e73fc66d72e.jpg,3408081,1493,9:0:53,麻辣火锅进军美国，老外激动狂赞吃掉一碗蒜！,18146
16676598,BV1gx411576U,3368,1895,1511663421,2017/11/26,917,06:40,8110,//i2.hdslb.com/bfs/archive/ba4b50d99293577250700313f37a502e6a63a395.jpg,859551,293,10:30:21,老美第一次吃中国柿子菠萝蜜，我为菠萝蜜打call,14475
16641300,BV1fx411V7N7,7150,2986,1511573957,2017/11/25,2179,06:48,17422,//i2.hdslb.com/bfs/archive/0d1d1d7023f38bb115b4ecb4021c5f561a293a57.jpg,1711372,917,9:39:17,湘菜馆挑战吃辣，剁椒茄子真的太好吃了！,17581
16619208,BV1Ax41157HB,3170,1423,1511512068,2017/11/24,861,07:23,5282,//i1.hdslb.com/bfs/archive/74eafafdf2624445ac041ea93067e7e11f6ea5d3.jpg,577928,603,16:27:48,实战黑五抢货，人多货少抢不到，心力交瘁！,4553
16584029,BV1Dx411V71E,2662,1158,1511400117,2017/11/23,583,06:51,4326,//i2.hdslb.com/bfs/archive/0bc0c5e50d84f4bbf7faf4dd8765e5b782394a71.jpg,453601,149,9:21:57,试喝美国饮料，边喝边哭为什么都甜到爆！,4862
16556409,BV1yx411V7pw,2306,925,1511311614,2017/11/22,648,05:36,3575,//i2.hdslb.com/bfs/archive/807fa72c3390420838e23378b9144c3cd8acf611.jpg,337706,202,8:46:54,美国人都爱喝些什么饮料？贝壳番茄汁，生蛋奶。。。,4100
16503121,BV1fx411L7zw,8988,2478,1511148676,2017/11/20,1302,03:49,9620,//i1.hdslb.com/bfs/archive/f95c247f40f5b7368dbdac0e8eda41cc8d2cde9e.jpg,677193,1321,11:31:16,老美听中国网友建议上火吃苦瓜，生吃一根苦瓜后。。。,10888
16432927,BV11x411L7Cr,4624,4114,1510976425,2017/11/18,2917,07:09,12261,//i2.hdslb.com/bfs/archive/28ad7da8a0d00e9b33f3c87035debc5a2e5ca9eb.jpg,873288,2525,11:40:25,美国买车这么便宜，为啥不是豪车遍地？,7886
16402238,BV1tx411L7NL,3852,3198,1510897187,2017/11/17,1517,06:54,5935,//i2.hdslb.com/bfs/archive/39326b68df8537861ec06c231eb72bcb326b2834.jpg,700529,849,13:39:47,中国超市蔬菜品种很多，为何美国人只生吃萝卜和生菜？,9586
16370352,BV1jx411L7dT,2130,452,1510801339,2017/11/16,430,06:12,2904,//i1.hdslb.com/bfs/archive/69648852e3281e751046321eee4e81cc8a607f01.jpg,193352,185,11:2:19,探访美国牛仔村，牛仔帽一顶要1500美元！,3447
16340149,BV1Mx411L7Yz,2936,812,1510707864,2017/11/15,1292,05:47,6278,//i0.hdslb.com/bfs/archive/9acf11191c99fd98bb8fae373e45be3ffb3b35fb.jpg,557475,429,9:4:24,对比必胜客，其实这才是我们美国人爱的披萨！,3921
16289947,BV1Ax411L7fw,3927,1848,1510554165,2017/11/13,1777,04:35,8348,//i2.hdslb.com/bfs/archive/bf942848f6027dc7d705e827bc5e07e5dd18ec89.jpg,930887,500,14:22:45,其实必胜客卖的根本不是披萨，只是面包和肉！,4287
16259705,BV1Xx41157Uj,6645,1344,1510475337,2017/11/12,2012,06:50,8592,//i2.hdslb.com/bfs/archive/2cd612c55173469b93e36636497762e09598ee39.jpg,663771,424,16:28:57,美国北京烤鸭，中国大厨给前总统办过烤鸭派对！,8593
16222335,BV1px41177Yn,3477,1291,1510385364,2017/11/11,1144,06:34,6837,//i1.hdslb.com/bfs/archive/1fa3c4cc68b344347ee3c0f47f7f9ddbd0930813.jpg,767651,1088,15:29:24,双十一老美也疯狂，不计运费跨国也要买买买！,6836
16180758,BV1cx41177KH,2141,491,1510276929,2017/11/10,642,04:56,4282,//i1.hdslb.com/bfs/archive/825dca1747a05184e461dd9e7cc25f2b6672dd35.jpg,300459,217,9:22:9,美国德州民风彪悍，带大家走进德州超市！,2452
16127330,BV19x411j7d8,6214,1509,1510111087,2017/11/8,2033,04:04,20026,//i0.hdslb.com/bfs/archive/8f4f542d0989c3dfc422b64521bd074a19eda95b.jpg,1903233,395,11:18:7,老美在纽约中餐馆点麻辣烫，上菜后彻底傻眼！,12781
16097191,BV1Cx411j7CF,2671,1140,1510018144,2017/11/7,873,05:51,4615,//i2.hdslb.com/bfs/archive/42595b52404d451540b04686f46b637c796a4617.jpg,337945,306,9:29:4,老美吐槽：谁说美国骗子少？我们电信诈骗天天有！,2676
16035625,BV1sx411j7bC,3256,610,1509846657,2017/11/5,309,05:25,3129,//i2.hdslb.com/bfs/archive/ce2c6ce11b7ed7148633dc3dd1d75aeca2a5c239.jpg,252992,98,9:50:57,今天我被墨西哥黑暗料理坑了。。。,2818
16000155,BV1Lx411j7P1,2598,814,1509762783,2017/11/4,482,05:39,3914,//i0.hdslb.com/bfs/archive/185cab1028f2ef8c41bf1bf42490f4442813046c.jpg,421543,156,10:33:3,川籍美国人挑战墨西哥吃辣，川菜vs墨西哥菜哪个更辣？,3148
15983837,BV1rx411E771,2414,539,1509710508,2017/11/3,840,04:01,3345,//i1.hdslb.com/bfs/archive/4c9c7fa88fea8cfb7b0be214c7d4e38a77e4a48e.jpg,227677,595,20:1:48,美国小哥特色按摩手法娴熟，让猫主子流连忘返！,1811
15939928,BV1qx411E74U,3924,1585,1509586794,2017/11/2,1354,05:38,17567,//i2.hdslb.com/bfs/archive/c5c56f4c096249d983aee09909bfe99af9003c37.jpg,1230648,903,9:39:54,老美第一次吃螺蛳粉！臭翻天还是好吃到爆炸？,8456
15885268,BV13x411E7iR,4178,2316,1509412313,2017/10/31,2413,05:43,14921,//i1.hdslb.com/bfs/archive/c97ffc088ccfab55f9a39751227790147bbc74cd.jpg,678025,770,9:11:53,谁说老美很科学？我们迷信起来让人傻眼！盘点老美的风俗迷信,14311
15826342,BV1Qx41177Ek,3257,1007,1509242559,2017/10/29,589,05:42,4077,//i2.hdslb.com/bfs/archive/2f26b63df334a21c3d463bc983d97750eda530dc.jpg,449666,175,10:2:39,挑战半公斤重牛排，然后。。。,3578
15759137,BV1ax41177BP,20549,1187,1509070229,2017/10/27,2652,05:28,7999,//i2.hdslb.com/bfs/archive/3a7251795c4636d9208768624779f91621ad8523.jpg,348372,1207,10:10:29,纽约旅游套路深，老美愤怒我们美国不是这样子！,3880
15731036,BV1Yx41177HV,6408,2500,1508979991,2017/10/26,3811,09:17,9918,//i1.hdslb.com/bfs/archive/ebb0364c1a63215ecfac40fe60c758d10d203c96.jpg,1385581,2516,9:6:31,试吃美国汉堡，美国汉堡哪家强（麦当劳，汉堡王，肯德基）,13718
15676766,BV1Vx411u7jx,7917,2575,1508809286,2017/10/24,3156,05:15,12388,//i0.hdslb.com/bfs/archive/7277a5bbd8348d508481ce4903480aabad298cbb.jpg,1544097,1563,9:41:26,美国肯德基卖的什么鬼，给大家和中国对比一下,8561
15648286,BV1Rx411M7KB,19976,2104,1508718250,2017/10/23,1005,02:54,9932,//i1.hdslb.com/bfs/archive/904362dd1214ce112ceefb3ac0f229435708459d.jpg,671161,169,8:24:10,『郭杰瑞』我有重要事情要宣布。。。,4516
15614352,BV1yx411M7YU,4142,2562,1508632951,2017/10/22,1511,06:12,5512,//i0.hdslb.com/bfs/archive/bef0f189c9944155aa67204ebe282efe4f297254.jpg,484546,1349,8:42:31,美国人冬天或生病都喝冰水！听个老美解释为什么！,5964
15551664,BV1Wx411M7KA,3017,1785,1508471053,2017/10/20,665,06:12,4313,//i0.hdslb.com/bfs/archive/b4ff9d5f262eda28a228fd8ce2f25ae1008f0825.jpg,506226,342,11:44:13,用中美两种方法做泡面，微波炉PK水煮！哪一种更好吃？,8313
15523382,BV15x411M712,2891,3691,1508375061,2017/10/19,1074,08:06,3181,//i2.hdslb.com/bfs/archive/50663c4938dcdfa844abdf197200533bbe078bd7.jpg,478696,518,9:4:21,中国人用热水壶烧水，为何美国人只用微波炉,11113
15472364,BV1gx411M74t,2827,986,1508205128,2017/10/17,1096,05:09,5544,//i0.hdslb.com/bfs/archive/9c73a18a47aae004e315fdd13587aaac814d2b1b.jpg,444925,440,9:52:8,美国银行系统很严格，一不注意就被当成罪犯！,2593
15444349,BV1kx411g7xs,4018,4604,1508119506,2017/10/16,2728,03:38,10580,//i1.hdslb.com/bfs/archive/206039d430952770cd8a66492ec8b79184947758.jpg,1555203,915,10:5:6,测试美国的手机支付，在纽约到底好不好用,7752
15374681,BV1nx411g7C5,3239,1122,1507950863,2017/10/14,2537,04:15,9255,//i1.hdslb.com/bfs/archive/944ce632b5495cd13e2a6c76b7d3577e0fcd679f.jpg,696248,580,11:14:23,不是我们不会算钱，是美国硬币面额太奇葩！,3978
15343014,BV1gx411g76a,2785,716,1507863956,2017/10/13,632,04:38,2663,//i2.hdslb.com/bfs/archive/2d9f0c597c88a815199d0040b8565e1b191d4161.jpg,321216,272,11:5:56,美国人过万圣节消费91亿美元，买的都是中国制造！,2644
15317341,BV1Ax411g76q,4247,2360,1507780961,2017/10/12,3355,04:32,4379,//i1.hdslb.com/bfs/archive/60804e4e1c8d6611baf33c493b72c3f6f9e772db.jpg,597595,1425,12:2:41,不是我们美国人数学差，我们计量单位太奇葩！,5255
15289917,BV1yx411u7GC,3166,963,1507694008,2017/10/11,570,12:07,3170,//i2.hdslb.com/bfs/archive/5efdae207bda674b47978ca391b68536ed3ab335.jpg,250117,888,11:53:28,老美做中餐，确定不是暗黑系？方便鸡蛋魔鬼椒首次登场！,14245
15260955,BV1vx411u7iE,4380,1686,1507601975,2017/10/10,1446,05:22,1682,//i1.hdslb.com/bfs/archive/e24f5949f29b0b57be4d411b7eb0234a9f6e50fe.jpg,566503,656,10:19:35,老美没买到麦当劳辣酱，豆瓣酱自制辣酱怎样！,5079
15234494,BV1tx411u7XJ,2299,968,1507516961,2017/10/9,753,04:07,3222,//i1.hdslb.com/bfs/archive/0e8ac8c1c874c1ec8bd1de2febfc84b456be1b9a.jpg,439144,250,10:42:41,香港最便宜米其林早茶店入驻纽约，我排了几个小时,3659
15201712,BV1fx41137fR,1470,536,1507430511,2017/10/8,208,04:43,1576,//i1.hdslb.com/bfs/archive/d1b3735998fd908035f2e398481d4bdffb7db175.jpg,149421,146,10:41:51,老美纽约菜市买魔鬼辣椒和迷你茄子，挑战鱼香茄子等中国菜！,1889
15166102,BV1mx41137me,10096,612,1507351313,2017/10/7,740,08:55,4032,//i2.hdslb.com/bfs/archive/ae11f2fc4ebe7c77f2712d9a88d9e060c211f183.jpg,191278,383,12:41:53,挑战美国奇葩味道软糖：呕吐物味，死鱼味，蚯蚓味。。。,4879
15128045,BV1qx41137AS,1965,1218,1507260186,2017/10/6,507,03:14,1763,//i2.hdslb.com/bfs/archive/ef1223f4e60031639b7b85f77ce3d06bc3e4a321.jpg,350361,364,11:23:6,纽约也有共享单车，但是又贵又麻烦，丢失要赔1200刀！,2432
15094054,BV14x411376o,5917,1028,1507178107,2017/10/5,681,07:23,3881,//i0.hdslb.com/bfs/archive/9c1001db13ca5c437889fbefacb69a696c4829cf.jpg,333855,367,12:35:7,老美午饭爱吃能量棒，中国枸杞竟然成了美国零食！,8199
15054005,BV1Wx41137Sg,2818,851,1507078683,2017/10/4,571,11:54,3304,//i1.hdslb.com/bfs/archive/ff2a8107b6a3dce01592b6838c407eaf7648e7bd.jpg,319345,526,8:58:3,美国生鲜配送有中餐菜谱，配方令人窒息！美国小哥吐槽：不是中国菜的味道！,11727
14980371,BV1wx41137FZ,1167,632,1506902525,2017/10/2,255,02:58,1577,//i2.hdslb.com/bfs/archive/86d9a813ca432e990d74b8835d24c94d2c6ccd6d.jpg,101793,92,8:2:5,国庆出游不如在家打坐，我去公园打坐！,1163
14913321,BV1nx411V7CK,2212,1811,1506732978,2017/9/30,332,03:01,1981,//i1.hdslb.com/bfs/archive/2819aa4533b65ad7807aa551cbda6f11f62c7c18.jpg,217127,222,8:56:18,美国小哥千挑万选选中五仁月饼，点评结果出人意料！,4763
14888734,BV1Vx411V7Wi,2582,1263,1506656150,2017/9/29,1313,06:31,9206,//i1.hdslb.com/bfs/archive/d0bc2f124022c511e2f9c15ce8b73324a7c4fe3a.jpg,830443,291,11:35:50,纽约罕见米其林中餐，美国人心中最高档的中餐之一,7655
14833894,BV12x411G7QB,2744,967,1506481090,2017/9/27,878,09:54,6364,//i2.hdslb.com/bfs/archive/1ae5fea5567410c0e9ae0a6af387152e9f897290.jpg,534023,484,10:58:10,美国超市卖速食中餐，美国人爱吃吗？,11634
14806526,BV1Bx411G7KB,1220,563,1506392062,2017/9/26,752,06:08,2713,//i1.hdslb.com/bfs/archive/fefd1f0ce2686a2c9ef1aca1014568c6bce96df5.jpg,188306,305,10:14:22,在中国买的犹太人赚钱秘籍，犹太小哥说错的离谱！,1479
14714642,BV1nx411G7QR,4262,1670,1506143591,2017/9/23,2164,07:53,11206,//i0.hdslb.com/bfs/archive/51a3d3159766f9b16d1879d6fc5a511da49998f5.jpg,1145134,1091,13:13:11,美国小哥试吃中国零食，被香辣金针菇彻底征服！,18334
14680058,BV1sx411x72W,5978,2259,1506048865,2017/9/22,3216,03:04,13057,//i1.hdslb.com/bfs/archive/794b3505a46c431e729323cf61ed2f7254899612.jpg,1102896,1263,10:54:25,美国人懒出新高度，方便面算啥？我们有方便鸡蛋！,5602
14651279,BV14x411x7F9,1705,627,1505958603,2017/9/21,618,03:47,3195,//i2.hdslb.com/bfs/archive/e12cc93b6b4051230a49898dd47fcabbbc665842.jpg,237768,109,9:50:3,犹太小哥吐槽：犹太新年和中国新年一样最烦亲戚的问题！,2025
14598763,BV1wx411x7hq,18288,1339,1505786527,2017/9/19,1159,08:14,7104,//i2.hdslb.com/bfs/archive/252d6d91e36aa0c6acc10528f5c1b5ca9476eb60.jpg,429441,740,10:2:7,美国人挑战五大难喝饮料（崂山圣水）混合起来味道更奇葩！,11772
14571218,BV1Xx411s7By,1916,719,1505697841,2017/9/18,748,09:42,3334,//i1.hdslb.com/bfs/archive/a809cd5a1f31b1d6b34ac3e656f5306067834ba0.jpg,379215,369,9:24:1,美国小哥试吃中国豆干制品，误把豆腐乳当零食，一口下去欲哭无泪,6653
14396099,BV1Sx41147vP,1118,467,1505189652,2017/9/12,532,05:39,2335,//i1.hdslb.com/bfs/archive/5f75b5abe8ec907d6a0055473835147773126835.jpg,209516,167,12:14:12,中美社交文化差距大，问我吃饭没不是想邀请我一起吃饭,1692
14378405,BV1vx41147Vq,1060,274,1505126536,2017/9/11,434,03:26,2191,//i2.hdslb.com/bfs/archive/a40ab297fbd9ce0b2655b797db3f56366ac33dcd.jpg,177181,207,18:42:16,美国小哥用神秘零食让肥猫终于下地走路。。。,963
14335329,BV18x41147fb,4552,1952,1505016059,2017/9/10,2063,07:53,13927,//i0.hdslb.com/bfs/archive/1ab0f8f1239903889c7c408d8852d94084b085e3.jpg,755482,358,12:0:59,老美回答中国网友犀利问题：美国人怎么看中国？美国有种族歧视吗？,9999
14297570,BV1Jx411477J,1208,519,1504925621,2017/9/9,636,02:38,3353,//i2.hdslb.com/bfs/archive/00444220dec8cfdab128652bc8a8fcf3c66692c1.jpg,460955,273,10:53:41,美国人在纽约唐人街找中式按摩，却找到很多大保健！,1806
14266437,BV13x41147Jq,2082,289,1504838658,2017/9/8,771,03:04,4344,//i0.hdslb.com/bfs/archive/b1f64e88f9798fcb4a880e3bd4a1d91dcddfbfd5.jpg,250545,421,10:44:18,美国吸猫少年在纽约伺候两只猫主子的悲惨人生。。。,1055
14239065,BV1Qx411x7Sv,2826,824,1504752313,2017/9/7,2048,04:09,7726,//i1.hdslb.com/bfs/archive/132d3db374f247fadc83d0405255626361dd29ca.jpg,582811,475,10:45:13,美国枪击失踪案那么多，这里到底安不安全？,2500
14210567,BV1Cx411x7sG,1273,641,1504662697,2017/9/6,446,04:05,1823,//i0.hdslb.com/bfs/archive/0908c8761222a3f649e6126729e7526109240831.jpg,308309,85,9:51:37,在纽约吃上海菜，葱油饼做的像披萨，没有中国正宗,2248
14184769,BV1ix411x7Ev,2281,693,1504583102,2017/9/5,845,06:37,5196,//i1.hdslb.com/bfs/archive/ac9335bde8652abe21edc3ca0af6edcc038852cb.jpg,453442,205,11:45:2,美国人带你去买美国“包子”，这是纽约人的早餐,3070
14155099,BV1Kx411b78z,4144,2528,1504493911,2017/9/4,1615,04:47,4943,//i2.hdslb.com/bfs/archive/b6d9b3241265611e9339eb5b5da3868bb4d1e349.jpg,686082,334,10:58:31,解释中国人对美国的误解，谁说我们不知道方便面？,6259
14119770,BV1ox411t7S8,1450,426,1504401772,2017/9/3,427,03:56,3267,//i2.hdslb.com/bfs/archive/586d7c041e718dda24f77c4067075539c8448cfd.jpg,319781,119,9:22:52,美国人带你去纽约网红餐厅，吐槽食物太奇葩，不如吃上海炒面,2328
14087279,BV12x411t7eh,1775,1064,1504323515,2017/9/2,736,05:11,2878,//i0.hdslb.com/bfs/archive/5aeffde21f05dfb724085bd913d21ff0a878c847.jpg,263089,203,11:38:35,美国人逛世界三大博物馆之一大都会，对中国藏品流连忘返,3926
14014565,BV1Wx411t7nQ,2531,711,1504171339,2017/8/31,996,02:57,3332,//i0.hdslb.com/bfs/archive/9a2ab9225bd01a72e386095b7d795121944417fb.jpg,306001,406,17:22:19,带你们逛逛纽约的华尔街，这里竟然有监狱？,1938
14015525,BV1Wx411t7PE,2955,287,1504145876,2017/8/31,780,04:23,3047,//i0.hdslb.com/bfs/archive/c0862d1f13f3bb383217199628880c2b1a6670e2.jpg,152020,337,10:17:56,美国人学中文网络流行语，吃土，套路，老司机？一脸懵逼！,1972
13980419,BV15x411t749,1632,1014,1504065802,2017/8/30,2494,05:24,3865,//i1.hdslb.com/bfs/archive/0778ac3ad53b6531f70d42ef07c40c850de1f2e8.jpg,312373,533,12:3:22,听两个老美讲美国孩子怎样考上哈佛大学，和国内考清华北大有什么不同？,1893
13937969,BV1ux411t7yY,2658,722,1503972002,2017/8/29,667,05:46,3375,//i2.hdslb.com/bfs/archive/108e998b385f0e634ca66d16472333f1e5ad5dc5.jpg,243348,162,10:0:2,老美带你逛美国公园，居然偶遇中国假和尚！,2873
13897196,BV1ox41147hL,3869,1824,1503884744,2017/8/28,3119,02:32,8634,//i1.hdslb.com/bfs/archive/c925a972e22555b918bdb6b4153b68728ebdf54c.jpg,1441336,932,9:45:44,老外对亚洲人审美真的很奇葩吗？听个老美告诉你真相！,5424
13859064,BV1jx411879A,729,254,1503802184,2017/8/27,186,02:15,1651,//i1.hdslb.com/bfs/archive/bdbc797988d026f76aeac41bea317d175c826539.jpg,159278,30,10:49:44,采访摩洛哥最大国民食物生产商，最后竟然一起讨论中国美食,458
13819555,BV1Px41187vb,3687,1319,1503714872,2017/8/26,2127,05:17,5427,//i1.hdslb.com/bfs/archive/200e329aa76f13b04f89cab6c133fa7e1dca72a7.jpg,560283,1949,10:34:32,美国人吐槽美国胖子：可以坐着生活一辈子！,6462
13778138,BV1cx41187ZH,4088,1739,1503637212,2017/8/25,1678,04:14,5121,//i1.hdslb.com/bfs/archive/d7052aef47c3656a8165b084b4270508178a14b3.jpg,698511,426,13:0:12,世界最大的食品展，为何中国展区让我很失望？,4055
13738242,BV1Qx411b7AX,2182,1020,1503538461,2017/8/24,1198,05:38,5470,//i1.hdslb.com/bfs/archive/1205935d203c89300e920688e4505369df07465f.jpg,302852,452,9:34:21,美国犹太人带你探访纽约神秘的犹太社区，揭秘犹太文化,2890
13700635,BV1Bx411b7wr,1836,1212,1503456508,2017/8/23,1541,04:23,4545,//i0.hdslb.com/bfs/archive/ae54dc119bdad358c1adb835f77d276f707af31b.jpg,436271,1567,10:48:28,美国人做中国高考英语的反应，怎么做的一脸懵逼？,3837
13620632,BV1cx411n7KJ,2128,1165,1503283977,2017/8/21,1026,03:03,6189,//i2.hdslb.com/bfs/archive/d570ffffed1d719151a937792f812533806fc275.jpg,625435,540,10:52:57,美国人一口气挑战三种辣条，点评结果出人意料！,4958
13600750,BV1Px411n792,2722,737,1503239144,2017/8/20,604,03:15,4676,//i2.hdslb.com/bfs/archive/5ef0fe4f7b5e5fe7cddd8e48f725c89a9667773f.jpg,550726,134,22:25:44,美国人挑战喝白酒二锅头，一口下去生无可恋,3512
13579588,BV1Zx411J7r6,6109,1035,1503192990,2017/8/20,3533,03:38,8990,//i0.hdslb.com/bfs/archive/90414d3ddbb3179933ad3353296a0cbe160edfe1.jpg,312348,2982,9:36:30,美国人扮演中国妈妈，演绎中美两国妈妈的区别,2165
13542847,BV12x411J7CP,1585,1197,1503111299,2017/8/19,1353,05:09,4297,//i2.hdslb.com/bfs/archive/f5688da27b3807e0f80e3593186eef164af06a00.jpg,412813,603,10:54:59,美国的小费文化，美国人都真的喜欢吗？,1901
13526279,BV1ax411J7Mr,2245,1396,1503074520,2017/8/19,1028,03:14,4997,//i0.hdslb.com/bfs/archive/538680dfd4293bf276a6c67798c449268c2e51ed.jpg,721715,386,0:42:0,美国人去川菜馆挑战吃辣，厨房直接加魔鬼椒，辣到哭,6505
13464988,BV1Gx411J7SU,1383,981,1502945346,2017/8/17,862,04:44,3862,//i1.hdslb.com/bfs/archive/41cd9322c20745eb816ac1b022df5f3ee71fdff5.jpg,311138,130,12:49:6,美国哈佛律师谈：“碰瓷”在美国行不行的通！,817
13456897,BV1gx411J7hh,3773,275,1502921641,2017/8/17,498,05:07,5416,//i1.hdslb.com/bfs/archive/91c023794c52783078abaa88f0716e0a0a14dd98.jpg,376926,110,6:14:1,美国人挑战吃鸡爪，第一次吃鸡爪，真的有点害怕,3187
13456735,BV1gx411J7sq,1642,605,1502920994,2017/8/17,515,03:49,5834,//i0.hdslb.com/bfs/archive/a8ac5e9d7a22665d04c360ec3a97e3efb1d4a568.jpg,494663,186,6:3:14,犹太人挑战吃皮蛋臭豆腐，你们觉得我能不能成功！,5163
13456581,BV1gx411J7E4,2230,890,1502920918,2017/8/17,912,06:12,4101,//i0.hdslb.com/bfs/archive/db083cb2fec4412ff0134c9e6c22779aafc176fd.jpg,338037,918,6:1:58,纽约人抱怨最多的竟然是地铁？走进纽约地铁看看,4506
12656857,BV1Ex411W7t9,1700,184,1501178883,2017/7/28,443,04:36,3144,//i1.hdslb.com/bfs/archive/7d2a3ad7e539580c4ac8e287c3c7bdf4d7e86f78.jpg,142866,110,2:8:3,美国人谈“杭州保姆纵火案”：我们遇到火灾怎么办？,888
12655882,BV1jx411W7b7,1897,824,1501174309,2017/7/28,1290,02:23,5030,//i1.hdslb.com/bfs/archive/e8a2104f3b1293fc94de9ec3824a8ce958ef41e2.jpg,329273,532,0:51:49,美国人谈：我们要怎样取英文名字？避免不小心起到让老外尴尬的名字,1831
12655513,BV1jx411W79E,4755,764,1501173040,2017/7/28,1281,03:15,4931,//i0.hdslb.com/bfs/archive/f2a06c9fb5785de7c4b43d6b04fe878d2ca49908.jpg,406159,1138,0:30:40,纽约人不推荐的纽约景点竟然是时代广场！,3129
12655105,BV1jx411W7Qh,5165,1956,1501171572,2017/7/28,1055,05:52,9828,//i1.hdslb.com/bfs/archive/72c235fa4c7959a241dc60a1159543ba8300999b.jpg,369168,694,0:6:12,人不如狗系列：在纽约银行柜台有免费狗饼干给狗狗,4347
