UPname,avid0,avid1,avid2,avid3,avid4,avid5,avid6,avid7,avid8,avid9,avid10,avid11,avid12,avid13,avid14,avid15,avid16,avid17,avid18,avid19,avid20,avid21,avid22,avid23,avid24,avid25,avid26,avid27,avid28,avid29,avid30,avid31,avid32,avid33,avid34,avid35,avid36,avid37,avid38,avid39,avid40,avid41,avid42,avid43,avid44,avid45,avid46,avid47,avid48,avid49
-欣小萌-,456025297,370921493,753482306,370895896,795754870,710871687,200805003,243217857,285636615,498082939,925281208,412787851,242749095,837599929,99515273,94136414,90890263,88000335,87563436,83704889,82813706,82225361,79266928,78135967,77471909,77147348,76413823,75967047,75710478,73439530,70987622,69427114,68815060,67630150,67457647,66884419,65665713,65132517,64385279,63690966,63100439,62618087,61733230,61010724,60399721,59530318,59440922,58313141,57331157,56643023
-纯黑-,200865832,455702051,243126199,285550317,243097448,497947252,752909437,667822413,412752766,667874647,412789708,625269317,837703365,497712391,882661719,455197087,667562156,242584855,412537715,98712796,98190117,97696348,97632787,97477234,97477064,97151025,96923399,96862936,95856665,95750952,95335623,93176068,91498557,90020825,89185039,88258399,86033518,85851349,84992465,84538133,82989035,81429965,81370868,81272299,80094676,77544767,77421822,77350635,77266387,74048503
=咬人猫=,243383166,583287843,925374962,497794736,497594135,89206622,85359480,81232875,77166462,69874552,67456873,63670855,55650303,54784637,54841002,54142108,52727612,50530804,42463258,38677044,37049274,33131459,31715666,30724586,29523121,29013765,26252517,23914769,20536702,16628021,15572523,12960592,11022534,10501369,8614487,8182926,7808885,7495672,6945785,6683560,6471208,6117110,5682645,5372796,5151020,4686255,4246624,4061568,3777820,3589326
ilem,243019509,285194438,80155822,66469792,65108599,55701764,55287468,50850238,50517318,49812603,49686893,48902566,48968906,47148472,46980139,46148392,45657535,45020985,44392242,44255110,43426592,39330059,37813841,33640798,28381447,23909596,18426282,14678451,11152762,9937776,9372087,7400996,5838968,5350871,4809328,4496165,4222799,3905495,3709035,3444039,3179885,3111452,3031443,2609801,2416925,2293806,2191330,2129461,2025532,1971745
KBShinya,243588654,243425707,925852086,413279468,370746976,200692208,200581944,243046659,200426028,455307637,200063496,540000052,98691240,795034310,98781534,95752547,95370962,92430302,91065378,89122213,88443792,88062807,87932934,86449235,85882400,85497778,84584217,83839472,83634471,83087826,82630423,79820120,79062126,78093572,77186755,75733434,75223254,75095411,73631475,71711763,70422201,69826883,69743976,68960996,68416008,68141102,66993213,66959967,65943705,65750923
kei和marin,840886766,710981693,668369909,328206986,328053550,667963118,99804716,96501939,92689725,87935194,85540561,84951133,84282324,83932786,81785768,80863359,77814961,76607921,75566061,74974344,74152345,73738297,71525034,71218539,70878482,69918318,68933209,68153467,67281091,66621433,66293307,65477669,64885565,64592190,64023359,63550168,62649117,62049069,60192212,59299416,58362965,57842698,56804128,56333393,55701941,55569531,55280436,53874542,53449329,53169421
Kevin英语情报局,925934089,243251843,753164987,455742614,925478488,540146684,967612166,94123336,90283726,86636341,83289669,82771516,80744273,79628023,78396565,77574874,76882727,74126849,71664547,71011895,70858721,69318645,68735908,67736727,66939433,65559468,64255996,62952108,61584115,60925062,60020864,59566161,59344590,57500109,56508766,54934282,54542600,53561987,52807748,52032442,50586613,49827884,49158191,48515463,48385560,47571499,47123508,46838939,46095300,45076924
LexBurner,370927182,498348743,838334220,370788078,883160201,455590234,328039260,837897167,667957213,795347283,412787851,327745594,882688319,327604379,98119541,95424858,93796227,91878989,90381146,87498274,86287538,85966811,84988689,84754153,84554152,84113614,82976636,82968958,81417219,81135857,80110877,79903305,78525944,78361795,77326438,76359284,75993929,74262698,73641230,73174969,71625927,71304256,70844825,70152557,69700706,69359661,68930825,66649415,66029350,65527015
OELoop,328603860,668406923,795787778,668060325,840541318,540479667,795339592,925134033,96545660,95959919,85965831,85496132,85054548,82930983,82899838,81474544,78103119,74138768,71569261,70674086,69514696,67607026,67432049,66377168,63206112,61317850,60606185,56435557,54142790,51993656,50706313,49426800,48245147,46216850,43016773,41620079,41576115,40444882,38823874,38575395,36921674,35520237,34630450,33681211,33134873,32014951,31367677,30257137,27072766,25544643
STN工作室,328622188,498413430,498446245,838438010,840885758,540901887,540920498,795808865,968264036,883353511,285779844,883367251,753365416,370724207,753135503,925691727,370680363,328158291,840744665,200631630,710715413,413015166,838059196,795607039,370484495,795378839,285472040,285456935,967912133,795382439,882950206,497892892,795281312,840274389,455265622,882860691,412644270,497655889,540131030,540209867,412712882,752592203,455089090,497527811,455072812,98704219,98452559,98009278,97032642,96791120
zettaranc,840932128,968289424,243215306,967944442,540393686,540358392,497686517,97577955,96128177,94049236,92509614,90650123,90077413,87448943,85720592,81975308,81540950,81061139,80617966,79147093,77972457,77616999,77361668,76797541,76544553,75748681,75158794,74906386,74163872,73865990,73419908,71552288,70258715,68434586,67796514,67414323,66763940,66093208,64472466,63135121,61773370,61078670,59928118,59089615,58689121,57285232,56240425,55616477,55224054,54671188
三无Marblue,626104100,413462544,883192334,625196747,242552218,99321696,91062089,89013546,86033291,83834232,81423028,80485252,79741449,79372874,78276055,76450224,74903257,73261961,69707530,68960996,68626007,68167308,67685245,66920995,63984638,62798958,61562427,61117121,59039160,58622335,57535633,57389227,55738877,54690393,52554795,51316882,49596271,49067889,48426261,47148472,46572559,44346024,43435896,42153737,40948553,40394565,39890012,39161818,38744900,38268426
与山0v0,413506852,328472174,285831875,285790672,370779347,710776909,328178981,625707675,710521307,753094424,925465289,412858341,540489571,200472713,925295665,412769308,327659588,582625653,710068412,99974460,98633649,98853503,98055953,97477999,96092775,95302001,94490301,93727150,93058587,92546483,92017200,91503544,90502965,88585495,87892744,87035065,86620291,85684530,85360588,84931240,84499806,83721486,83461404,83195412,82517923,82323393,81901314,81438878,80879409,80742376
东尼ookii,795970396,668456246,583277619,795795973,285794133,243147137,498018221,413046778,582888868,370447066,840438883,455357760,285235818,667726387,795164854,327566248,100337685,99245676,98057110,96478812,96327326,94827820,93812324,92527420,90909713,89629873,88357359,87022904,86220261,85446227,84874983,84499225,83791710,83560176,81975613,81173611,79970058,79828649,78815657,78258704,77641663,76489931,74958353,74296555,73878213,73140705,71534849,71300728,71088442,69978069
中国BOY超级大猩猩,371119945,968573076,243421756,413474542,413271272,668312610,498287023,200793610,540805667,455710142,328155436,925663778,243074793,498049241,455596000,753045246,840488720,625376057,327788944,667772138,625276754,412787851,925278059,840136516,540167962,327530580,99792935,99330497,98497198,97391635,97147104,97007793,96387334,95855702,94624679,94416892,93932830,93418049,92870088,92538218,92166013,91243304,90880181,90221926,89540636,88646022,88202799,87528097,86883558,86276406
丰兄来了,840976803,413293243,625790431,370693893,710430270,795489935,412845421,285366140,752753206,710088044,99333316,97411144,96326957,93911910,93253136,92280293,92109797,91467376,90498863,89212158,87440875,85941055,84647824,83613340,82845013,82598263,81459673,81011722,80712957,80594790,79962757,79114547,78423377,76886541,76543661,76381198,76025209,75902062,75680735,74848658,73960020,73655476,73158639,71587695,71011552,70467375,69503680,69071292,68259048,67554113
伊丽莎白鼠,285778055,84540197,69711912,57026021,54702487,51001246,48316018,35125956,28968307,24201406,19362358,10766344,9495157,8247204,7663983,7484053,7150678,6482189,4477842,4427873,4033926,3696842,3653334,3327562,3152361,2795275,2771347,2662330,2648921,2452668,2301518,2274779,2229035,2203922,2147646,2127221,2043877,1999489,1919473,1808869,1802633,1757851,1750722,1702430,1627398,1572046,1508190,1486838,1367133,1083249
倒悬的橘子,795989747,328454065,625968094,285797050,753289768,328267086,498194191,883237164,795702985,968043977,667935665,667940607,925336915,752721552,840012436,795031789,967597840,200057179,93037405,92641795,89115900,88163921,86596082,85349019,83896078,83350922,82938190,82802327,82668404,80476263,80347694,79848369,79820494,78105772,77691255,76640463,76480174,76046279,76000520,75523049,75137462,74033736,74008693,73705843,69540859,69283919,69044720,68740307,68340936,67966316
凉风Kaze,710976833,243437875,795929775,625881651,540852018,883256298,968317252,795634551,753142065,625696100,498082939,625577566,327986486,327996060,667904089,540473190,667772333,667750997,625291386,200100154,925146249,667624807,100278081,99209500,98737218,97281977,96177766,95429639,94613427,93605411,92745169,91720074,90950163,89971424,89271240,88304073,87584316,86888362,86177128,85542896,84941209,84530255,84090456,83630467,83504357,82863988,82936411,82541261,81899675,81630341
刘老师说电影,796071701,328482857,413413085,753468663,710942246,583385831,413395175,540997335,925884994,540967121,328311764,455804680,710737539,668145850,455638193,200677284,413196839,455736601,583178716,200576413,243035125,625568338,497952086,497890313,667986538,455263241,625268871,752862652,925251120,285344503,752636332,582675934,327720881,582723742,242580459,925086683,285042775,925035588,840105864,98714655,98183296,97630138,97074020,96518295,96003826,95745210,95142876,94611211,94115702,94115702
力元君,838535046,710897473,883490686,753373499,625855578,413204653,328023018,625417669,242790713,925311246,285191521,667519329,242561683,99416464,97771911,95343794,93437473,92807564,91770178,90756835,89558727,88581054,87663392,87027052,85513390,84642420,83551680,82914631,81109598,80030891,79100589,79094686,78497260,77686601,77324587,75063852,75095613,74651174,74114946,73336962,73124262,71088654,70480515,70044863,69770442,69509286,68624568,68388166,67461077,67027239
努力的Lorre,583493814,968392150,795860941,968322551,413255434,328217939,925696417,883015220,753023372,455453093,710406010,667963972,497839321,582628140,327737609,370159204,625071550,99774949,99518126,98078260,97289777,96007338,93929469,92456381,92219733,91808952,91086161,90088353,89402973,83540941,83475241,82937781,82548247,81657301,80956341,80462340,79939496,79740623,78611132,78234696,78035986,77934020,77468127,76631524,76358251,75820495,75531159,74948556,74755509,74026235
十音Shiyin,668459361,753402873,968416962,455798368,370757225,668332698,243147712,370603478,667963209,285422747,582657713,625129787,98915038,93789328,90743111,89526027,88959227,86204194,84828068,84170139,82887239,82021318,80680715,79600534,79100589,78699501,77410154,76629161,76514673,76083336,75767698,74894689,74149688,73416039,71660568,70303648,68525375,68106214,66992442,66030485,64651633,63297248,62680863,61362432,60638148,59921723,59277485,57883150,57477376,56697327
吃货明3,838465353,455905726,838485020,795755507,328128781,795720983,883023710,840461157,882878857,625318304,882789236,840199073,582550702,837592385,200049026,99127703,98554673,97977259,96547960,94047213,92843326,92135282,91040812,90458808,89600607,87931945,87286856,86454126,85479091,84801608,84316975,83372429,82809703,82138761,81842546,81714673,81074619,80391575,80251795,79977961,79700301,79362536,79152442,78819520,78534174,78198022,78023045,77647825,77429269,76683865
吃货请闭眼,838376442,455880610,455936913,795882097,668309812,668252480,710629689,840690826,795621756,753044716,582948703,752977969,412796099,882842321,710340897,795348251,370207488,625244084,497674982,752579655,967591176,840025114,98660706,97635981,96542079,95740800,94616517,93831887,89380974,88882844,87083893,86469117,84713218,84235431,83640043,83236921,82810505,82679519,82302800,81881783,81757364,81264433,80721378,80465899,80345054,79826107,79481731,78851571,78622260,78120563
周六野Zoey,200918629,625925680,710811611,328295628,540662459,710649279,668089407,540496709,455458438,327764767,200055707,242536100,97647233,95768845,93951850,91243304,88957051,84716952,83681216,81932811,79929935,79075007,75740070,75468225,75244145,74655284,74540084,73265234,73069782,67102127,66616772,63865440,62696059,61767265,57831399,56193932,55465860,55179290,54744334,54075603,53805560,53154571,52105739,50165295,49726866,47631191,46926440,46207635,45578779,44950866
啊吗粽,883496021,925960892,540840537,200731108,413145213,540513739,883121928,752963919,882760851,412787851,667761934,412654002,327561982,667618509,98192883,95889183,94376530,91613448,88858106,87901269,86501084,84424891,82984284,81974546,80382389,80026938,79644071,79100589,77830714,77839188,77281651,75888215,74632552,74422131,74039286,73475804,73249793,71756579,70471080,69907596,69645047,68486684,67720036,67560743,67003281,66876898,66663448,66153491,65739364,65393816
嘟督不噶油,795939893,370989245,883455650,413330438,328369894,840766049,540834897,498196557,710713635,883226641,753243071,752917146,882935267,837953995,327986478,710330542,412692241,625204867,710041085,98953749,96965317,97563299,97339469,94172107,93632670,92636533,92012084,91627722,89385026,88718645,86467067,85760486,84925241,84105363,82706876,81283629,79906929,79836545,79276293,79104681,78088711,77617505,77270882,76827129,75992742,75895709,75201228,75075057,75050919,74890723
墨韵Moyun,710716315,753100463,370410875,370009954,412507811,98027731,84386955,84400529,81987653,67629271,61885213,54408488,51001784,49986657,49606683,46355929,37098615,18200802,17417340,16726890,14494920,3533015,2188740,2063715,1250357,922275,,,,,,,,,,,,,,,,,,,,,,,,
大祥哥来了,455993484,968385528,753348091,925798537,710721057,370649575,498196214,200515490,967994475,327879218,795263805,242682563,840001312,99520055,97617560,95724586,94051636,92274735,90590337,88828759,86815148,85854904,83601490,83597318,83452180,83304452,82775572,82332918,81836821,81369577,80805503,80425684,79906594,79139555,78706424,78204216,77829019,77379555,77036113,76545137,76086967,75687866,75398858,74905253,74594081,74094537,73908188,73774665,73330089,73128872
天天卡牌,413575781,968569295,243557947,413501911,413492212,753379877,540902117,455963998,413389903,498494594,883392932,795756636,200804198,838316779,413284711,968276930,498332280,625804691,925834896,328291040,285735054,840697893,583140564,583221245,413238019,455681866,968203978,840610610,710592061,200619434,328084026,710540411,370555317,837904551,200397145,625400152,540378612,412880690,667917027,925339551,242783352,795267670,412802160,200242006,967646555,882720572,327659161,497738829,200232324,455072766
孤独的美食基,541036180,455640020,370686076,98928003,94772341,91065378,90255601,85760587,84826881,84522079,81847211,80599544,80064231,79943958,77839188,77538216,76109291,74914186,74586233,74123904,73281570,71433560,69355001,69019897,68618791,67659862,67144583,66906554,66497505,63668804,62200683,60678297,60726967,60639448,59353355,57919782,56407547,55869913,55442104,53976351,53498875,52786308,51908122,50847419,50797001,50421414,48952597,48849858,48058690,47407890
守护茶茶,370777321,968199723,838135047,455524705,967750589,412863950,97313632,96772752,94041540,92536265,90504093,88974018,86803884,83765265,80877220,78818566,76583720,74909965,74041664,71683151,70926135,69613116,69381245,67454055,65100944,63418589,61810262,61326874,59780387,57872792,57024771,56259232,55497571,54771064,54109826,53387631,53279288,52770161,51971235,51525715,50981079,49223315,48390261,47584564,47050950,45913418,44431180,43863849,42605296,42362502
宝剑嫂,710920805,328437518,583434861,413489903,243389030,795862309,625840299,285810506,668175213,925704158,413232847,925650986,753032443,583042526,200548300,540491516,837905975,967877769,882649010,967752377,752715278,967742015,327565698,200124210,285009114,99007785,98408907,97775739,96803062,95325421,93902665,93388049,92667984,92182733,91924736,90907803,90333202,89464415,89225453,88209916,88036798,87391724,85120948,83984920,83847658,83708093,82866963,82600222,81768412,81648572
小可儿,498376205,455963252,413427303,583257788,968279575,370677469,838227169,795715218,840520081,412958340,497546966,90979768,90375483,85150819,79162167,76546017,71334551,68748703,68745206,67311702,65493451,48902566,35660593,14916312,14695043,8238607,2089016,,,,,,,,,,,,,,,,,,,,,,,
小潮院长,286014055,838475234,968370173,583284379,200866744,498366181,370679250,285617335,883111359,837884070,370459837,625329430,455279319,455335979,925158251,370005829,497591405,99406294,98404427,96917394,96384020,95671042,94557603,94100909,92566922,90048536,87688949,85917933,85107556,83570936,83058676,81994083,80922295,79164186,78989928,78477691,77512902,76688071,75207562,75109467,74237326,73772862,71818687,71572736,70407223,69925134,69472642,69226950,68861203,68438016
小片片说大片,541042895,413459920,968489656,838437644,285888706,413468081,498423008,328387330,668448884,795928751,795828695,413300952,370781169,925827271,200750674,753359077,668295930,710815123,455629567,925643513,883189515,583190038,285639709,540742668,625739595,838176705,455723203,710517230,455566685,840580742,625603401,883094729,285467911,455381625,540495788,242969386,540386616,412967359,752799873,327868138,837832695,285281942,242689395,200171595,625194734,455244490,497716381,925023195,882599931,925047634
尕丶天堂,625998179,838313756,498300539,968147164,883222331,455695627,883108640,625403786,242975152,752987457,625340617,242868404,200145650,99000578,97122369,95550910,93766686,91984876,90459820,87747087,87432036,86813857,85808055,84992318,84561140,83534892,81349922,80871949,80361019,79869900,78867012,78238524,76372210,75986006,75573969,74559470,73681783,73181278,71371489,70808103,69334770,68288260,65795184,67489662,66176066,65151067,63827356,63751776,63122820,62636481
山下智博,540916994,413389222,540927674,498433696,285787268,200804129,883294807,498179655,455733147,328235532,370615781,455547566,668087934,837990378,837972903,795428419,882914159,752991381,795344539,967817443,925326917,540311931,497640803,285165582,795064160,327576360,882508235,99748939,99090385,98861953,97574286,97456891,96925704,95442541,95041959,93900370,93899608,94191709,93273141,93272375,92794776,92677080,92563967,92582795,91960166,91728424,91474947,89783927,88108780,86587099
影视飓风,201117180,498516633,371067145,328397859,968416962,540773074,883362563,413273169,625789756,413172939,840517636,497921476,370384611,840405669,412878419,412892602,625333645,795276392,200221458,837577902,967500636,98054105,96810120,95747416,95477732,94398039,94188974,93376351,92202468,91919897,91200016,90223727,90251619,90173725,84897430,84178790,83836061,82417169,79617676,79844733,78946356,78120578,77314169,76820864,76324932,76040113,74851782,74178146,73908827,73088431
徐大sao,796075487,370930263,540891266,455954757,883386025,710892722,883487038,968393044,625967702,200982057,883364148,540827999,753315260,328368342,413359701,925835686,883308916,968304654,285798150,883182896,883177204,925666332,370675789,968163720,838220234,285653705,455526244,668024728,795503106,883087908,925623170,925623614,968075373,540473859,925388006,582972728,882956009,752992035,925462908,412939746,837840364,625285250,667645137,925244012,412664084,837690386,710155211,925179407,370215365,497654824
徐大虾咯,668550085,883458903,498495229,583284379,285871709,370686001,540567179,455534900,882951610,200472188,840363910,455350059,840228176,625141675,327559042,455088352,98418702,97846830,96547596,95759682,95265396,92014380,91772980,88931765,87573677,87024983,83625776,83202611,82036618,81082428,80063976,78951310,77989109,76976000,75217874,74553333,74287067,73325101,71664605,71218844,70893900,69110183,68853698,68129632,66292684,66153491,65884178,65683858,65317574,65030427
怕上火暴王老菊,883486596,838289767,413277416,710759811,838262922,753020952,327952253,583046018,285457523,752982772,540331033,925327629,967652127,582698855,840170265,412502628,752568478,98571116,98114610,96630533,95460757,91224240,90293573,87861868,86977867,81974393,80747322,80163946,79293360,78551626,77619253,77220677,75732391,75576158,74106905,73474336,73473625,71124135,69810365,69417994,68745206,68318839,67524676,66143117,65525765,65131364,64648553,64312509,63832994,63293732
我是怪异君,498624005,668129220,285535569,882966334,882868672,242638875,93335264,91606855,86409738,84896749,84559486,80799860,80642311,79841497,78450980,78441309,75461235,73834959,68491084,68359757,68265280,68096199,68091734,67322940,58932238,55935831,55016928,54456607,52590385,51105976,50916810,49735092,48756724,47925995,46955304,46197556,38755561,38084152,35076560,32397178,30214117,28795498,27829479,26517950,25334924,24830626,23244463,22744505,19853419,19640595
我是郭杰瑞,626074915,370935957,200935865,795928946,668315791,883292258,925798182,753141008,968227138,968030032,925430943,667769441,412775819,285145704,667573353,200107979,98074570,96972433,94851325,94121639,92668458,91282384,90690374,87458772,85923709,84455143,83834515,83399269,82934760,82577062,82270297,81236383,80691754,80309887,79796058,79584141,77988803,77496110,76309952,76151054,75673974,75342370,75043817,74020397,71927560,71166123,70423603,70268195,69867769,68695439
手工耿,925952313,200825157,968356704,710589725,710603783,967917889,582751790,667668103,412621867,99098046,98091070,97114542,94858169,93951322,91406746,89128482,87935208,82851778,81450490,80640387,79624925,78762959,77598617,76492921,75171730,74506938,73025712,71602991,70776232,69811599,68636543,68355053,68143516,68058384,67267617,65704096,64728562,62641605,60810734,59716235,58897308,57565573,56806228,56712842,56213329,55368614,54549095,53747305,53081429,52857972
拉宏桑,796122797,668297684,328349244,710660560,883226251,200635629,498086553,455521249,795462695,412893305,625373312,840255758,667821967,497738730,625032780,99427092,97811552,95694066,95186822,94356161,92400517,92101872,89915949,88858047,87737407,86842037,86073151,84817499,84672095,83788604,82959463,82015442,81755103,80969530,79813436,79194185,78360070,78135967,77520653,77426926,76694623,75045679,74248550,73585118,73345677,71710678,71505763,69754587,69243116,67543134
敬汉卿,413363848,710825481,328340799,710749409,370712100,498206150,370530697,540571296,625502786,967959244,967958466,327949693,412951768,582809761,667841126,327667280,242634660,837745730,882656287,582638091,882669476,925231110,285116902,412521483,497603797,840004930,99288086,99284949,97931373,97352965,96542321,96018078,95473837,94715738,93940951,93436487,92926771,92424738,92146996,84726487,83664269,83541127,83269587,82973948,82715799,82343152,82058176,81787689,81471080,81449104
木鱼水心,968503691,370912912,883446433,840847706,413270144,328331729,668154301,625436316,370412833,370417002,710298110,582719423,752580623,625091283,100284043,99339711,99160077,97646840,97495670,95532657,93737962,92759158,91739525,91201675,90435901,90055620,89109751,88750859,87880170,86869317,84784555,84480160,83357025,82737707,81552476,81155681,80986044,80529058,80004973,79663368,79280932,78561282,78431859,78135967,78004916,77537589,77540060,77140818,77021360,76729489
朱一旦的枯燥生活,413484189,455897147,498487886,795918674,540978668,243421666,498460141,498383279,968408725,795789730,200870482,200865319,925758229,285856453,668186830,668197945,200665782,838043987,498044499,583100568,285578289,498071077,837965641,795460689,667877647,752887306,455467367,967864470,455329310,837806779,412840373,752815142,752853215,882705808,882669211,455249098,967620012,327523390,882578763,582579620,412578164,840059070,752537818,99142066,97810486,97657087,96823864,96028637,95474997,94959465
机智的党妹,668404529,668298746,285660951,540380693,540326818,840184598,710064587,97453269,93621087,92424996,90187310,86639071,84620989,82697674,80731101,79937302,79010177,76460673,75088331,74279804,73445064,71766192,69512010,68944415,67616231,66869920,66003121,63721046,62420861,61469829,61541454,59864094,58619788,57286567,55443085,54710263,52738731,52554040,51942271,50864023,50141838,48404645,47046606,46072373,45794445,44991922,42939966,41388966,41553232,41092995
杰里德Jared,498530842,883438721,838433088,883484761,840909124,200753987,753164987,795681669,455642195,753009286,412768167,837832597,98493349,92775164,88959536,87924138,87017000,86132456,85777667,85650975,85526743,83038906,79224398,78977157,77379299,76522327,76504048,74912396,73551825,73085631,69382349,69091777,68322993,68280584,65092062,64824012,63976671,62757795,62024439,60917239,60685299,60325314,58929325,58238178,56810356,56565762,56102823,55503501,54958772,53964548
极客湾Geekerwan,413322686,668308790,925750014,925868504,840747813,968062301,837977271,412988491,242936413,200234737,795134385,540158260,242509648,925092705,96803711,95588413,94152557,94185563,92461479,90209995,84709178,84692315,84593751,84460497,83285223,82612256,81437021,79027607,79024087,77482784,77030783,76489994,75554901,75275212,75271572,75246555,75152590,74972052,74434664,74182935,71632717,71444469,69407903,68187439,67386053,67185347,65302059,64142557,64013965,61164138
枪弹轨迹,838403206,455912394,370767514,710727237,243049857,497971752,540253935,840221223,837714915,582655838,540097546,99534969,96345972,92190775,89013546,87646992,86951721,85625945,85430388,85150819,83466664,82899838,81890004,80785351,79980754,79079341,78698782,78429604,77720885,76662181,76017474,75957805,74758033,73934400,71621651,70198176,69609887,69045071,67253348,66736052,66537165,66326886,66096384,65814164,64658142,63880686,63551006,62518791,61221259,60929142
某幻君,838499147,540779465,968287625,925750014,795871214,200650394,883026092,752947982,967963130,840442578,540258602,710260165,412823869,752663984,882605766,967613868,98008709,96126445,94430228,89191800,89013546,87459476,86286074,84887919,84807887,82999528,82225300,81913661,80378703,80157501,79162014,78254900,77786436,77432170,75766453,74941599,73344582,71591223,69982836,68606616,67854469,67439251,66801026,64110494,63088825,61898054,61616825,61451694,60426273,59933635
槐安遗梦,753604917,838179848,455615041,837985881,92470592,84263913,82050552,80003260,78911541,78773466,77335075,76609266,75894214,75443361,74030636,73407843,71733020,71470529,70748709,69650906,69360766,67958360,67526663,67020214,65012691,64411345,63615871,62301075,62037164,60410249,54727775,53150554,52460845,50915315,49938290,49278769,47837899,46166476,45755133,44862633,44768642,44429523,42519215,38205656,37260987,37017498,36162821,35266871,35129016,34749476
歪果仁研究协会,796019152,710896855,583489736,455885805,625881434,540989070,540881372,968274216,968364998,370716378,668232285,795706056,413021568,540504500,882972133,455476820,710267800,412814277,840202456,497644487,99535219,99192978,98061355,97125695,95478871,94004329,90222016,86799858,85549192,84427254,85071106,84529655,84391892,84232992,84093733,83650071,83514945,83237209,82681394,81753561,80837943,80751190,80633304,80338897,80066351,79858451,79596389,79476941,79334021,79206618
水一大魔王,455948780,243409478,883417891,625772060,540668511,200678232,455423093,242888961,285267087,370180146,327547301,94186758,92399599,79734181,79633898,79516912,79391226,79241006,79109186,78995335,78885524,78780954,78658903,78528566,78395539,78259400,78166446,78049509,77925621,77817120,77819830,77708295,76394076,75460607,74970534,74048932,73938258,73940722,73833692,73367626,73026207,71495852,71218346,70671781,69910506,68351803,68181444,67877787,67603514,67378742
泛式,498490987,455900377,925903370,455979220,455800015,243206782,285527026,837962073,370357735,285183649,200204853,882524153,200099373,97647587,96188373,94416574,92437162,91648182,90995823,89237122,88499274,86722240,85946419,84581728,84272793,82885715,81946388,81134323,79960745,79235077,77587901,77114865,76695496,76287365,74992637,74272125,73325534,71493720,71007231,70703614,70359543,70085942,69502562,68388559,67575476,67458452,66058707,63841740,62953204,62466671
泠鸢yousa,710650037,795487085,837793609,98576632,95697239,94304902,92188887,90595226,84648811,78978587,84279456,84156638,80533851,78461590,78456431,73932712,71232506,69520561,68950844,67581905,65162157,60005574,58069752,57506238,57176609,53969834,50334580,48095315,45118635,41949084,39111457,37541571,37404066,36069838,35648483,34106239,32576222,32244811,32149382,29412024,29378806,28753974,28091892,27890432,27310249,25779877,24872703,23930316,22786099,21637794
波桑吃遍世界,243457592,413413694,200839121,328330209,540727366,370715513,455430257,412622854,99706134,98570373,96390992,92510465,92511597,91501705,87890252,86024768,84496030,82891880,82062009,80787704,80541027,80066492,78248822,77986221,77839188,77127411,75870758,74641881,73542820,72023173,71523801,71017805,70885849,69211548,68743673,67458943,66623551,65804220,64913060,63757320,63160084,62856008,62411955,62349980,61686635,61301953,60052987,59644131,59313290,58556321
浅澄月,711032224,753222092,753186667,242580879,98881764,98591491,97904884,97212628,95597286,94859711,94315229,93380482,91894951,91399770,88835466,86262984,85495567,84713609,82841727,82899838,81608076,81341537,79736786,79165435,78383853,77766084,77499892,75710839,74429660,73434310,70983209,69992729,67973761,67173048,66145428,61430909,58609094,58549800,58283425,56712336,56467189,56148980,55061971,53887654,53502044,52548890,52038436,51011093,50540762,49628273
渗透之C君,968565327,285896788,925885091,753255284,583362530,968130145,455550934,968070021,370512974,582894915,882924470,285342115,752633034,242574257,100104284,97927391,97523403,94408009,92911871,91410515,88891700,87524340,85438617,84963761,82969316,81874504,80431856,79952396,79064210,78248102,77392684,76710584,75836685,74261718,73316671,70984054,69511380,68344448,67713703,66821481,65274208,63716273,62891779,61896530,60875985,59530343,58908717,57830165,57072330,56313399
温柔JUNZ,455979160,838048631,795250343,837704912,90616562,90442259,88806502,87676920,86294311,78818349,77365043,74638397,74163306,73836578,73372900,56615375,,,,,,,,,,,,,,,,,,,,,,,,,,,,,,,,,,
潮汕好男人,883363652,840744846,925404367,710453934,285145715,837586491,98359831,97297507,93169666,87641172,86098284,84432393,82282865,80713692,79106427,78162340,77687380,76308424,75527335,74929830,73119793,70767730,68327977,67355060,67138390,65408651,63787076,62895614,62580731,59701259,58444575,56192482,54438742,52007500,49342198,48102686,45559730,45000633,44090991,42737773,40986600,40138545,39077040,38045968,36572276,35782568,35719371,35607970,34389516,32649446
爱做饭的芋头SAMA,795924502,583282825,200784907,583177451,88550394,78753763,75538158,75078192,70872917,70455693,70333190,70200950,70058507,69888538,69741361,69617700,67480990,66721665,64840246,60848679,59716006,56290852,55458218,54487373,53449355,52883855,52025555,50524903,50038691,49775868,48880868,48092641,46693198,46323895,45668274,45076164,44578486,36570869,39731415,37854380,37409910,35876943,35598049,35128909,34647312,34074856,33535023,32991254,32518546,32377136
狂风桑,668622070,968394582,625845783,413347182,883219365,582985212,285378915,840267105,497626268,95195260,92946187,90645020,87824950,82045002,79213084,78127615,76038704,75111225,74045219,69499654,68379630,66837809,64867135,64163735,59971068,59596037,58761424,57843912,55596248,54829482,54153600,52663760,50266658,48364735,47056506,45700201,44462239,42550444,41777272,40557830,39237975,38760365,38249007,37178907,36519382,36058143,35702312,34262571,33772644,32754352
猫店,328487296,328422867,925757705,840699399,667922642,497605311,97314411,88528942,88409466,84485950,82899838,82070026,80232131,80792935,79824308,77373057,76131028,75065416,71727440,68903751,67010960,66821336,65811228,61619983,60760584,57606039,57358541,57007324,56440618,50941399,49868093,45844985,45617649,45450431,42953452,42490459,41832145,39624202,38975723,35892821,35797167,34924450,34513120,31688089,31557808,29813076,29297470,27258532,26152573,25911364
电影最TOP,200885593,710953011,925765900,668166801,370659531,200549922,455597531,582931172,710381741,497867913,497766763,795229277,752522982,98907725,97310615,95429003,93612769,91835246,90085621,88420353,86903557,84551927,83506596,83375366,82547740,81490129,80608410,79704295,78850440,77944847,77247402,77209143,76364442,75549246,74730759,73930779,73500451,73339522,73134740,73023770,71767313,71417523,71185529,70654834,68940008,68157398,67352478,66591838,66484137,65725417
痒局长,838397172,625898429,838467897,968491613,583253593,625836406,753312190,583133779,370673739,413144090,668051213,412923819,837974603,370355535,840150349,327733167,925209489,200033025,99773041,99798672,98666039,97841358,96484805,93355597,92191718,91335314,90650342,89655677,88944895,88223750,84274072,83508134,82390691,81596426,81303058,80471640,80204689,78978871,78256824,77819747,77330254,77108403,75741678,75737026,75556435,74013871,73835238,73407607,70852611,71315640
盗月社食遇记,583461088,838395327,710876655,710995777,753293150,455865436,795794633,540827955,200507131,883025993,370474410,710442193,795438519,412788884,795353131,837781268,582697505,540168155,327709263,327727865,795070680,925124676,455109364,99839592,99277570,98717364,97920377,97640684,97344353,96795538,96533915,95940752,95468405,94449168,94194377,93640852,93157107,92691904,92393584,92147507,91922578,91398184,91163360,90643955,89688798,88700857,84847854,84347984,83813024,82714696
神奇的老皮,795953178,625767119,455442555,667939580,710317225,285257836,497667049,85701950,85064527,84524974,83906533,80593686,78333668,76359284,75719683,69852968,69230639,68274622,63822124,61978111,61264550,59530318,57939708,56995945,54698234,50924294,48272871,47916943,47007522,46227167,44919286,44379086,42033430,41635107,41040578,39313624,38670247,37085398,37007215,36831369,34659256,34207964,33077653,32756206,32634610,32585454,31648235,30552401,30092957,29388646
神秘店长A,710451695,752959805,795150100,925076735,95637580,88931401,85995418,85859818,85364799,84870161,83520212,81897925,80756333,80093296,79682766,78135967,77602825,75668891,74435890,73454740,73252539,69546619,69467834,69238512,68571761,67455423,66185781,66100801,65868809,65224235,61617519,61347273,60833776,59913667,57390688,57311841,56183987,55771556,55215210,54177967,54088845,53829383,53207142,50964724,50817766,50483977,49759489,47895556,47662231,47336855
科技美学,498547928,583489117,285887765,668382002,413471832,668450539,710884684,668412458,883427368,540880096,925970215,540814682,668290082,840772666,370812289,413192878,413193806,455681930,668139354,795732555,455726604,498003776,710556674,925577920,668079030,455541166,625621572,837927812,582954144,582952193,540391829,370449745,370420423,327943397,200398768,925485727,242906520,242944631,925425205,285474514,285299467,582843261,752854531,412789567,667782672,752860502,795311387,497797078,327753205,882790091
纳豆奶奶,201029345,926085063,285950153,455824314,540804257,540767702,968193344,710500019,583059471,242920401,667947553,497772661,285372563,625169009,455100843,100392189,99531081,98383897,97004781,95470923,92649884,91101531,90287397,89348202,84730383,84571182,83706327,81793657,80453185,78947194,78779012,78128190,76571983,76460872,75117378,74953275,74447187,74056328,73734077,73376449,72014986,71895914,71628568,71407060,70467009,70046175,69195551,69021864,68377612,67167537
绵羊料理,243411201,753342906,838366407,753140459,710591467,667920966,327911480,200292774,752648729,967567282,97914410,94883449,94180858,92674262,90629382,88912747,86915106,84624712,83359612,82313557,80873007,80343273,80028218,79390147,78556319,77092716,75890006,74975859,74425136,74184270,73875923,73511901,71342767,70765622,70034606,69443808,68522370,68388794,67972026,67882639,67588489,66802586,66349194,64932376,64578952,63980680,63884614,63593452,63583878,62956491
罗汉解说,456106319,968367070,328273883,200872145,838195849,540387488,95553774,90369077,89642289,88759568,86902959,86519096,85946972,85772475,84580412,84694854,83953467,82241707,79630510,79396521,77212655,75893529,75749973,74781901,74769098,74045290,71897262,71810539,70826928,70516632,69824323,69024725,67099564,65456196,65129172,64198980,63909256,62599898,62510996,61776219,60397873,58958487,58457673,58130411,56784804,40159218,,,,
翔翔大作战,838322433,540657877,668192708,795708609,540652535,370503705,753079785,285387724,882935756,497969219,582832276,882779329,752813780,412721513,200213381,752739427,882678376,967500054,100663307,99938988,99463279,98808674,98198658,97606465,96983020,96517194,95608276,94867676,93769038,93118374,92211150,91499015,90868375,90007018,89314946,88344924,87409099,86913584,86258150,85890627,85121799,84710291,84292677,83829075,83352341,83126825,82801770,82426165,82196644,81895716
老坛胡说,668415428,668456246,625851435,710796067,925871187,795626214,200617091,285379346,625301858,967723428,98117343,94446333,92798533,92177270,91047051,89330314,88685636,86241579,83930468,82001285,81122964,80017632,78322868,78041651,77599349,76574982,74982425,74148922,73447682,71819859,70123579,69655173,69394708,69048291,68853773,68503388,67722346,66781403,66283366,66153491,65317574,65030427,64596632,64283044,63923749,63109889,62064622,61883686,61008389,60701984
老师好我叫何同学,540601597,412909688,882566744,92699533,81516881,79091085,74166406,69358135,66210564,60043361,54737593,52466874,49432234,47180907,44080002,43248892,42349835,37220850,35049732,33489311,33249554,32146794,30630027,29437173,28684677,27469164,23278605,22042515,20209991,19780443,19205223,17703816,16581287,15196234,15147368,,,,,,,,,,,,,,,
老番茄,795898202,285920620,838499147,710951818,753346719,583311181,498129775,413183268,925588668,668057718,752947982,497948824,582921863,242865192,540349447,925156345,795137675,667592495,99647818,97942290,97426080,96005561,95995959,93964890,92101881,90501130,88747804,88490422,86550398,84887919,84568759,83730678,81940932,81226711,81505293,80781225,79905631,79033145,78014605,76543679,75565699,75596162,74900492,74026716,73284360,73217604,71546472,70710615,70103108,69692251
花少北丶,583517713,243498983,838378966,883317850,540788132,668275799,413208908,540579940,540435931,497954168,497664023,967577503,97762944,96768375,93533259,92536625,91391286,90578764,88826377,86118040,84887919,83598562,83104552,80023912,79062718,78055327,77362454,75800919,74876222,73988786,73304235,71589987,70113463,68927468,68565610,67439222,66722969,65634354,63108296,62341847,60607756,59824088,58810287,56998612,57892106,57234427,56239805,55605254,54476960,53694200
花花与三猫CatLive,753575603,456002876,370965528,795842528,968304240,840847034,795723839,625695120,98131287,97330033,96414908,95204969,94367922,92652656,89171088,84674927,85233088,84688981,84915013,84295727,83958979,82829184,82008182,81391725,80485722,79959487,79006271,78349890,77519981,76601298,75898989,75097186,74396679,73614595,73331444,71636411,70451639,68067546,67746710,67558702,66162790,65186100,64838438,63984926,63803977,62751571,62506302,62025620,61692803,61541059
芳斯塔芙,243484343,498433711,328276805,328232099,968060291,582945393,625269740,837737383,242620934,98678649,98189250,95718264,92415111,90362991,88942503,87348230,85751585,83779134,82703099,81437977,79955988,79024804,78771397,77564112,76604070,75773632,75114341,74149690,73219922,71353571,69775583,68379346,67017054,66217556,65711614,65155308,63998311,62531669,62108466,60910343,59998211,59013896,58910301,57911268,57173931,55541532,54104674,53435182,53110517,52147530
蜡笔和小勋,328611791,200932314,840882310,498385941,455828053,883274241,413368463,840735552,413246924,667960908,625333645,200328487,667830983,582671946,412657543,667522375,967580607,97930029,96127955,94480432,92685863,90197068,89363717,88867802,87954714,85189886,84442591,83576507,83519431,82865591,80872213,79971848,78397271,78135967,77438394,76271967,75861566,74274224,73742530,73362541,71612834,71301244,70960879,67453816,66797051,66283747,65028459,63973176,63821703,62616953
记录生活的蛋黄派,753535535,201106612,243422061,838433250,883425598,285884430,840898516,968251920,370751269,328312675,925660296,710728910,200737660,968217549,710731118,883026040,498047941,498014700,840434180,967909573,840446739,497813985,455301104,625289726,200330457,967655255,710170919,497719496,967699549,200245833,710124650,752522305,925100434,99205968,98661159,98115509,97841003,97550142,96452627,96199799,95928357,94873749,94379014,94108862,93879496,92706354,92378722,91826619,91307306,91243304
贤宝宝Baby,838599792,668476266,413461495,838403420,583327107,625817126,795757608,753314460,795852954,668271064,710635796,625721796,795650000,200623762,200623053,753075731,883079201,795391077,455457828,242878433,967952784,840343628,285167459,497728120,840177532,285093009,100620496,99792116,99185801,94953622,94432124,93912154,93417845,92415628,91906477,91375141,90854672,89670987,89195844,88680511,87788548,87331939,86915086,86515011,86118172,85756748,85581456,84983143,84712134,84422906
起小点是大腿,668523814,413375180,413429911,583405600,413377095,838332624,795789885,455766457,498304229,498211729,795641389,840660243,838131025,838231460,925582227,883019972,285582004,967948954,795479177,540397530,752935433,285433283,882771804,540263432,925325717,455334231,242730379,840194311,200128775,925228561,925085319,242596711,582554038,98999272,98472886,96468556,96024711,95003842,92957450,92408866,91480342,91132214,85951825,85206206,84853832,84716836,83543106,84116560,83804436,83358268
还有一天就放假了,200986445,710890979,455968167,583295682,200707689,328109957,497975955,412846169,667837869,710223243,795039891,98983041,93109468,92044740,91031535,84729203,82849279,79809209,78017420,77802484,77802397,77802324,77801350,75748183,74012577,74763618,74718639,74229177,73818416,73738752,73012730,71226195,71226136,69744969,68920585,67539627,67539396,67512457,67077419,66240119,65324278,65324123,65310002,62283591,62313696,61261734,60963223,59598973,58334451,55340012
远古时代装机猿,286109762,968540871,285908066,668382353,795898104,883488118,753425353,200915626,968468581,370793407,583343197,710831828,328196988,710643827,883216091,710629396,710743626,455549693,583124687,243100581,200523804,668035422,968000014,625422998,582970301,752981226,412963193,667885573,837903514,200480974,285256733,710272172,497773819,497835311,795205380,752637966,455246719,285228611,285191387,242501072,840030479,200005739,99209070,99139948,98149250,97336768,95749584,95233081,94660851,94124434
逍遥散人,201058406,328481720,413428520,840972353,583468557,455856578,328257113,625839587,583325925,968159591,668189608,498162561,455730902,710580886,200622854,412958910,582966857,582920782,242755877,710293014,285309597,370214436,710238278,242603567,100513333,99382436,98364494,97735334,96972993,95424899,93378976,92408057,91166391,91243304,90546709,89868218,88782970,86715254,86019823,85535468,84889058,84536093,84202961,84145808,83663909,83193263,82803044,81435038,81902805,81127878
逗川kshadow,540945736,883484048,968361879,328246053,583060865,200451065,667970116,752773697,540137729,710203092,412555325,710027555,97885294,95940342,94104351,93095653,92419370,88936927,87328439,85937413,84858552,83784127,82844542,81909650,81344563,80862472,80453827,79961012,79095935,78256656,77431267,76597111,75764925,74964103,74146656,73806329,73360640,73147820,71628498,70871147,70145433,69381386,68344863,67590016,67336303,66811410,66030787,65055527,63988240,62946192
长歌与小见见,883599861,841109266,668424586,328375465,413426781,668463110,710891122,840955572,200902652,370947580,498493892,370937897,243473608,968289616,840812017,795822716,968255763,328274916,668298649,243257097,455840393,795845720,883236290,540644711,968219770,328126159,200705676,753209237,498191921,668225132,370722087,795646461,625601759,370606096,498022079,837973721,840466002,370375573,882981869,582913525,710384791,667892053,795484374,455412592,925272558,882847521,582763225,710258372,285309363,200264202
阿幕降临,838459899,753181513,710573388,200376800,540318136,882680309,99228203,97905233,95118722,93016803,90896326,89154163,86852908,79644201,78454390,77474704,76786391,75705971,74906749,74188857,73492424,71571332,70610961,69556085,68964347,68297383,67441101,66828850,65173575,64495402,63099060,62560387,61901873,60817509,60147591,59410193,58876989,58259672,57597164,57365707,56940971,55995731,55799432,55586315,55218673,54806855,54600329,54194959,54004207,53797238
靠脸吃饭的徐大王,626102002,370898054,710916562,883263057,710796716,795818094,668187653,455655330,200643416,540663173,925700801,583031501,370575352,968059338,925569750,540443083,625451336,710416315,285443794,327970981,752975818,370285676,752648067,455127291,200151983,795084645,285095015,97931850,95927495,96234448,96016448,94198399,92634256,92423699,90640132,89172107,88969717,85853211,84694597,84688761,84106375,83835920,83842787,82860145,81987567,81922845,80871231,80735245,80225344,80054738
靠谱电竞,795936893,968478955,753271159,968365333,328310201,200670579,840717574,498144076,710588438,328075580,413055358,967958605,837944707,710445865,370399753,752992204,925311174,242814726,540365631,327735290,370206257,327675972,710199211,455104405,752506674,882573948,242505742,99033760,97894392,96057040,94966361,94769454,90720842,89702243,88778516,84425107,84343984,82736263,82454674,80791962,80360097,79987600,79615236,79107870,78172723,78073306,78051343,77804383,77363802,76818137
马壮实Hera,626023405,243380318,200821695,795663344,455565451,285386632,327941674,882760473,837712522,582566013,97854695,94704033,94446045,92158746,90397911,86553606,84420050,83133079,82841311,82427997,81679103,81304782,80643930,79969376,79647602,79495949,78881043,78041397,77220520,76143187,75458986,74754471,74129226,73841346,73378223,73250198,71991591,71220241,70871809,70569571,69502045,69042664,68748636,68373000,68057957,67876157,67266909,66603491,66018745,65568726
黑桐谷歌,497668785,667687238,98991130,95888345,93304189,92862521,92646950,89609014,85885807,85487201,85379278,81989813,81860616,81440863,79850697,79823940,79773916,79699849,79418402,79268824,78785857,78643734,78540244,78404938,78323454,78093601,77829358,77793879,77737431,77620211,77414336,77296283,77215192,77106937,76754821,76677331,76533532,76128074,76091822,75976923,75813327,75740793,75703355,75602319,74910356,74341792,74097562,71576931,70710518,70619367
黑椒墨鱼,286084404,840923614,840778714,625857900,710731988,883027501,200611295,243037168,837919780,285319313,285264397,370227213,795020946,99646117,99585754,98072489,96460349,94144726,92479574,90742592,90279240,88909974,88640322,87122560,87095228,85379656,85413510,84468383,84094493,83573851,82933825,81433518,81439046,80929810,79963529,79154337,78657230,78280076,76652903,75871909,75343515,74063169,73405773,71654288,70999498,69295592,69289038,68403640,68161215,67631164
齐天大肾余潇洒,925921242,370388536,327802333,242631431,93763716,87303886,81292770,83911287,81301667,79861247,78228985,74841626,74062716,70839404,69397858,67241919,66403969,62232809,59846281,58283285,57489846,56617044,55103421,48721112,48171998,46947457,46459256,40750096,40239319,39083989,37283823,36473117,36025309,33690942,32754868,30799301,29350584,29249512,28448053,27258740,22903379,22522080,22014410,21083262,20495514,19663380,19428938,18460853,18487799,18220925
