﻿title,comment,play,pic,aid,bvid,created,date,time,length,video_review,favorite,coin,share,like
我花5000元买了一台长高机器 一个月后居然...,680,189053,//i1.hdslb.com/bfs/archive/12b0596b183c5b804d63f99e4aad98b1be5abaa8.jpg,243457592,BV1Tv41167xN,1591960203,2020/6/12,19:10:3,05:06,1594,1449,7277,161,27188
看完血赚！学生党怎么用最少的钱去国外穷游？,595,155473,//i2.hdslb.com/bfs/archive/91fa959cd33499be156ec6a59c3da89929978761.jpg,413413694,BV18V411r7vV,1591754450,2020/6/10,10:0:50,05:16,994,4256,6008,510,26104
当up主一年后 我的眼睛出了点问题....,870,178666,//i1.hdslb.com/bfs/archive/ff7a80e1d989b9b99229c89dea062decc3caf582.jpg,200839121,BV1Rz411v7vQ,1590914434,2020/5/31,16:40:34,04:59,1443,712,1247,67,20497
绝食一天再去吃海底捞！我们竟创下最高纪录....,1443,845375,//i0.hdslb.com/bfs/archive/cc81a8923e1247279e1b17243e04debb5fcf0226.jpg,328330209,BV14A411q7jv,1590197407,2020/5/23,9:30:7,04:48,4636,3955,21290,1054,96548
搬家后意外和明星做了邻居！住在这里是什么体验？【波桑】,2761,2525288,//i2.hdslb.com/bfs/archive/60d146fa8bba06fbdb52dbea8add324ad5bf7018.jpg,540727366,BV1ai4y147zN,1589508004,2020/5/15,10:0:4,05:42,9894,7892,13297,831,148576
和三个女生合租在一起，是什么体验？！我当场搬家,3996,1176015,//i2.hdslb.com/bfs/archive/61ecdaf8b01c53541d6b9e891d2a474dc3ec1bf3.jpg,370715513,BV1YZ4y1p7Hj,1589248855,2020/5/12,10:0:55,05:03,6963,4121,8840,1953,99691
7天！56小时! 我体验在家环游世界一圈,767,247311,//i2.hdslb.com/bfs/archive/b74aad4ea13610b9d91146205ebb8837601453de.jpg,455430257,BV1k5411x7Eg,1587614423,2020/4/23,12:0:23,10:18,2215,1197,2879,151,27168
最近一直在掉粉 我的回应!,4238,1405979,//i2.hdslb.com/bfs/archive/696f491aa2e952a047ce1143d12b1705e70cd777.jpg,412622854,BV1LV411o7bc,1585880585,2020/4/3,10:23:5,04:49,9779,8683,45922,540,153295
耗资15元 我做出了史上最硬核的自动烧烤机器人！,967,279293,//i0.hdslb.com/bfs/archive/ae13e3ccb2ded205033018a7d64870b51aad4421.jpg,99706134,BV1R7411X7JA,1585277500,2020/3/27,10:51:40,05:05,2439,1280,2948,140,32812
每天吃自热食品  一周后我的身体居然.....,1265,359146,//i1.hdslb.com/bfs/archive/366a1d2b2686e8af875b485c388f0b51e7b6eb12.jpg,98570373,BV1L7411m7fs,1584911727,2020/3/23,5:15:27,06:18,5549,2110,7256,367,43354
一起来看黑历史......,1234,822273,//i1.hdslb.com/bfs/archive/f0cca0e0d55618e0b129a687073205efd2ae40fb.jpg,96390992,BV1SE4113768,1584226350,2020/3/15,6:52:30,05:42,10819,4011,6947,646,91381
体验200元一小时的虚拟恋爱，这谁顶得住？！！！,3076,1250745,//i0.hdslb.com/bfs/archive/f3e99efc12538bfbc65b197069be226b74144c06.jpg,92510465,BV16E411H79m,1583053209,2020/3/1,17:0:9,06:06,29552,9330,16338,7885,101089
三个月没喝过奶茶了，自制10斤芋圆奶解解馋！,721,237057,//i0.hdslb.com/bfs/archive/39267d4d267e11f6779b45995811c85bdd3dcbf2.jpg,92511597,BV16E411H7vh,1582966831,2020/2/29,17:0:31,05:41,3954,1327,3196,419,26747
一个人在家吃1000元火锅,1349,482243,//i2.hdslb.com/bfs/archive/dcea671fd3d7bb3b3184ea8e770f01ea88d158c4.jpg,91501705,BV1n7411T75m,1582588849,2020/2/25,8:0:49,05:01,4109,2556,8437,498,48323
疫情期间，我在废弃医院睡了一周...,1818,1012211,//i2.hdslb.com/bfs/archive/56718a597ad6e31cc29dafe652169b577dfbdb88.jpg,87890252,BV14741147Ae,1581292845,2020/2/10,8:0:45,05:45,6078,8409,44473,744,95687
买到一批假口罩，我直接把团伙送到警察局！,19771,7648414,//i1.hdslb.com/bfs/archive/6d52cabe98f4c99c44e187aa937de3eaba15379d.jpg,86024768,BV1Z7411s777,1580515259,2020/2/1,8:0:59,04:36,39191,163614,822962,62969,1025241
当着百万观众现场直播，我突然忘词......,671,473769,//i2.hdslb.com/bfs/archive/73604fd987fa71aef12918ab98ae7c13b8e55068.jpg,84496030,BV1A7411e7nx,1579651201,2020/1/22,8:0:1,05:26,3263,2301,7742,422,36106
在酒店遇到1000万粉UP主，竟和我睡同一间房！,816,1193512,//i1.hdslb.com/bfs/archive/acd052f50d3294d7cee0b3b3cf940a5d5a3ed0ec.jpg,82891880,BV1kJ411H7Yo,1578704459,2020/1/11,9:0:59,05:01,6448,3888,6303,488,73282
当一个普通人有100万粉丝后 生活会发生什么变化？！,1185,425943,//i0.hdslb.com/bfs/archive/3836915ddf75612f30b89d1968ec1847b815b04f.jpg,82062009,BV1dJ41157K5,1578141897,2020/1/4,20:44:57,05:36,3393,2805,14245,466,42750
在价值3000万别墅里请小姐姐吃饭 网友：渣男,740,614874,//i1.hdslb.com/bfs/archive/d1fbf1f1552c7b8d956ca83094135ad31ef2593b.jpg,80787704,BV1eJ411Y7dJ,1577437225,2019/12/27,17:0:25,04:57,3193,1976,8399,471,39710
住10000元两晚的别墅，竟送我两个小姐姐当管家！,840,736224,//i1.hdslb.com/bfs/archive/cdda56b8eb6b11fea8b352dada7bd2cf15317443.jpg,80541027,BV1KJ411W7Fs,1577235637,2019/12/25,9:0:37,05:28,2493,3049,9058,1053,40212
小伙一天一夜还原动漫：中华小当家，吃一口感动到流泪！,480,213079,//i0.hdslb.com/bfs/archive/90ab5aa5f7cf34c27dfafbf2c809f25bc73d3ad5.jpg,80066492,BV1GJ41147Jk,1576922751,2019/12/21,18:5:51,06:55,1947,723,2338,401,16075
半年涨粉100万！up主喝下柠檬加陈醋诉说心酸...,901,272560,//i1.hdslb.com/bfs/archive/f88e3e6294feef0c5524c5e39f519996671f58fc.jpg,78248822,BV1hJ411i7zD,1575622571,2019/12/6,16:56:11,04:42,2360,1211,5769,388,23989
交不起房租 体验深夜睡在野外！,606,288278,//i0.hdslb.com/bfs/archive/701fe782a55652d60baf58148d0b7fdec82c03c8.jpg,77986221,BV1QJ411q7sm,1575417619,2019/12/4,8:0:19,05:54,1878,1158,4848,418,22344
惊了！百万up主今年最后1个flag竟然是...,1222,1810203,//i2.hdslb.com/bfs/archive/9ac272a85fbf65ab82b7517c84036cf21190da77.jpg,77839188,BV1ZJ411z7nT,1575345621,2019/12/3,12:0:21,06:55,9320,9106,9015,2872,71017
外婆生日，小伙买3000元帝王蟹 全村围观！,1064,586579,//i1.hdslb.com/bfs/archive/91e0f372fd44c95cb9619bb9b51451adb0c52a46.jpg,77127411,BV1LJ411X74F,1574812834,2019/11/27,8:0:34,06:25,5477,3249,20460,551,51838
坚持每晚10点睡觉，20天后直接换一张脸？！,4240,3347863,//i2.hdslb.com/bfs/archive/1f5bc6b6b158cf900afbab5cefc8f157c41ace51.jpg,75870758,BV1kJ411U7xT,1573891451,2019/11/16,16:4:11,04:18,7164,18260,20492,8671,139391
深夜让小姐姐上门给我化妆 钢铁直男被化到自闭！,641,332587,//i0.hdslb.com/bfs/archive/f07187aee6cc1754a0562a5c9fd4167571ea2e7e.jpg,74641881,BV1xE411B7B9,1572948700,2019/11/5,18:11:40,07:13,3737,997,3023,494,17958
目睹印度人在骚扰中国女生 我忍无可忍....,9838,4111506,//i1.hdslb.com/bfs/archive/80501f79745d93bf8a1a0c860a699593e84c717a.jpg,73542820,BV1dE411a796,1572138054,2019/10/27,9:0:54,04:57,9375,64165,335809,4312,413172
小伙因沉迷动漫，独自探寻《千与千寻》原场景 结果....,1037,454475,//i2.hdslb.com/bfs/archive/4949a9bb563c8c5b80d5be31cfb5f7f20ecbad39.jpg,72023173,BV1KE411r7aY,1571706055,2019/10/22,9:0:55,08:14,4576,3798,20158,782,34819
在斯里兰卡住1000元一晚海景房,464,403837,//i0.hdslb.com/bfs/archive/f433663af4a0675561989cb3b4323a291a59ab9d.jpg,71523801,BV1RE411C7yY,1571309083,2019/10/17,18:44:43,06:10,2871,1590,7372,502,27567
和认识三年的外国女网友见面，她一回头我懵了！,2494,2388660,//i2.hdslb.com/bfs/archive/418adceea995f0ea86705d9979cceb215b1dcd35.jpg,71017805,BV1BE411Z7bC,1570928407,2019/10/13,9:0:7,08:16,11934,10002,32116,2330,119050
98年男生为了躲避相亲，深夜逃往印度！,1009,371119,//i1.hdslb.com/bfs/archive/93052cbbb9b1e6d895562a770bfb91ac20bfdd37.jpg,70885849,BV1ZE411o72Z,1570795519,2019/10/11,20:5:19,06:20,2874,1454,5350,561,24556
美团上最贵的外卖长啥样？下单后老板送我一口锅！,830,979343,//i2.hdslb.com/bfs/archive/bfd0d15034b38533a358fb468047184b7949245b.jpg,69211548,BV11E41197Ga,1569639613,2019/9/28,11:0:13,05:02,2792,2667,10118,1062,43939
游戏玩太菜被女朋友抛弃 分手当晚我收到神秘礼物！,471,297699,//i1.hdslb.com/bfs/archive/671155a6831fa0907be565a4c17472fb1398dc50.jpg,68743673,BV1JJ411M7Ph,1569233141,2019/9/23,18:5:41,04:48,2458,654,1841,375,14219
被质疑不会做菜 小伙花半个月工资买超大波士顿龙虾！,583,314935,//i0.hdslb.com/bfs/archive/4a450704ac32b1e3c310742e0b6df2b166bee7a5.jpg,67458943,BV1sJ411P7bb,1568278373,2019/9/12,16:52:53,04:57,1871,1532,7730,532,24943
我把麻辣烫全种类都点一遍  吃到自闭！,837,421431,//i2.hdslb.com/bfs/archive/2b442a8605090df39cca9695b6b6bcb0ab3f4d43.jpg,66623551,BV1w4411y7r9,1567602054,2019/9/4,21:0:54,05:39,4274,2342,12805,717,31603
模仿黄晓明霸气总裁语录挑衅室友，惨遭暴打！,660,341376,//i1.hdslb.com/bfs/archive/75e5faa4af2533422198a59c3ee026e7a976d59f.jpg,65804220,BV1u4411q7SA,1567033223,2019/8/29,7:0:23,04:11,3309,1563,5089,694,23314
一周只吃炸鸡可乐，会胖多少斤？结局让我崩溃,3518,1885700,//i0.hdslb.com/bfs/archive/fbbee4892aa2166bdd48dca272c87d73cf3a8735.jpg,64913060,BV19441197mA,1566550801,2019/8/23,17:0:1,07:19,12700,7714,20286,4833,77200
我被人强行篡改国籍！你看好了 我是中国人,16397,10116080,//i2.hdslb.com/bfs/archive/f34c2689f7085175f17104fc461bf3ca80e01e0c.jpg,63757320,BV1f4411m77B,1565823606,2019/8/15,7:0:6,05:54,94162,137003,325351,39872,815024
这个vlog我拍了一个月，致最热血的青春【完结篇】,1120,355461,//i0.hdslb.com/bfs/archive/9f61f98e9482173b187ee100055dbc5cb5bfb32e.jpg,63160084,BV1u441197A8,1565514047,2019/8/11,17:0:47,10:01,5047,3657,16875,880,25976
凌晨两点 两个韩国人在街头用中文对骂 我一脸懵逼!【十一集】,2014,4357133,//i2.hdslb.com/bfs/archive/6b7e9a06225b363b45d521b11a54eae617a141d0.jpg,62856008,BV1wt411K78x,1565305242,2019/8/9,7:0:42,06:50,12799,13668,9616,2433,85739
一个人旅行第25天 被小姐姐追问：有男朋友吗？【第十集】,913,501026,//i2.hdslb.com/bfs/archive/81a335c850f7c0265d56cf7fc1bf943025c0a4ce.jpg,62411955,BV17t411K7gY,1565053235,2019/8/6,9:0:35,09:11,6175,2087,5707,770,19378
小伙弥补童年遗憾 怒买1000元零食吃到爽！,519,242376,//i2.hdslb.com/bfs/archive/d43dbd768ae765ed922b1864422f3be2b5556b18.jpg,62349980,BV16t411M7Gi,1565006787,2019/8/5,20:6:27,05:00,1973,782,2029,346,12936
揭秘100元能在东南亚国家做什么！为所欲为？【第九集】,909,472212,//i1.hdslb.com/bfs/archive/6388f8d1d1c17163e7ca29dc241acd0e31ec83fc.jpg,61686635,BV194411f7Hp,1564638499,2019/8/1,13:48:19,11:02,7272,2081,7031,735,22632
21岁生日  一个人在海上吃了两桶泡面【第八集】,642,294367,//i0.hdslb.com/bfs/archive/093b33d104a2fb9c987b236ae624633157f3a250.jpg,61301953,BV17t411A7w4,1564403236,2019/7/29,20:27:16,10:24,5686,1297,5126,446,15337
贪便宜住廉价民宿 竟被老板反锁在房内！【第七集】,1327,429552,//i2.hdslb.com/bfs/archive/d230391a35e8728ebd4957822cc78f656b456c36.jpg,60052987,BV1pt411E7e5,1563670835,2019/7/21,9:0:35,08:26,2992,1631,4765,993,16463
中国男子贪便宜住泰国最诡异的旅社 刚进去就......【第六集】,1183,457770,//i0.hdslb.com/bfs/archive/c785a66f5c9cca9acd19631c110720a0bab1766b.jpg,59644131,BV1Pt41137tv,1563400194,2019/7/18,5:49:54,08:40,4426,3024,7929,1503,20544
和日本小姐姐第一次见面 我就被拉黑了!【第五集】,628,416368,//i0.hdslb.com/bfs/archive/2e10d0be712eaff655b3152f8e1393694f4364a8.jpg,59313290,BV1At411G7Wa,1563198632,2019/7/15,21:50:32,10:45,4272,1715,6066,533,16736
赌场、外卖、诈骗，被中国人玩坏了的国家【第四集】,1257,711580,//i0.hdslb.com/bfs/archive/36beeab1172e958464b3a715db2cd4fef7770b70.jpg,58556321,BV1Sx411Z7Jb,1562720440,2019/7/10,9:0:40,09:44,4066,3267,12742,1062,27982
学生党误闯灯红酒绿的地方，当场吓到腿软！【第三集】,2472,1476456,//i1.hdslb.com/bfs/archive/5edd7f143ae2d4175d8dece4993ff4b30b5138f7.jpg,57944423,BV154411c7hS,1562320149,2019/7/5,17:49:9,08:19,12469,6278,9386,1195,52786
一个人旅行被小姐姐载着飙车 吓懵了【第二集】,429,278372,//i2.hdslb.com/bfs/archive/1ec87b2c92b51df480f92c00ac8cd08688fcd8eb.jpg,57649931,BV1Hx41197Es,1562202038,2019/7/4,9:0:38,16:38,2280,1336,5289,620,12743
被越南小姐姐撩到脸红了！学生党的毕业旅行【第一集】,1596,644949,//i1.hdslb.com/bfs/archive/56ba270fd724b0db9c14eeb37e5dff07f77397d6.jpg,57649844,BV1Hx41197GJ,1562098419,2019/7/3,4:13:39,10:02,8697,4859,11096,4081,25894
大三学生再次穿高中校服，被十几个小姐姐嘲笑!一个不自闭的vlog,738,449137,//i1.hdslb.com/bfs/archive/9b1b38874759016346afb6e9b8b3abe4bb2e92bd.jpg,54683498,BV1Y4411M7kT,1559789848,2019/6/6,10:57:28,04:55,2466,1289,3848,417,15661
小伙梦想当美食博主，用冰淇淋自制冰与火之锅！,554,146857,//i1.hdslb.com/bfs/archive/e74f9c633b62fcaed6f79cb3b18706863bb72504.jpg,54192694,BV1u4411p7n7,1559350854,2019/6/1,9:0:54,03:53,448,407,1624,324,7583
耿直小伙用一天一夜还原红烧牛肉封面，网友：真闲！,772,564675,//i2.hdslb.com/bfs/archive/6a0a689465114e53c670384a43634823edd8a659.jpg,53913773,BV1e4411W7oq,1559077448,2019/5/29,5:4:8,05:10,2039,2854,12796,620,32159
给王师傅看吴亦凡的发型，屌丝小伙能否逆袭？！,466,224364,//i2.hdslb.com/bfs/archive/4b710e988f5a659d1e6e63d109df5e7ee4174a05.jpg,53848165,BV154411W7bd,1559021344,2019/5/28,13:29:4,03:46,1149,613,2133,360,8702
羡慕你们 读过高三！我的青春 只剩下高考,2002,188341,//i1.hdslb.com/bfs/archive/107748a6528332a4d7f171f7a103b9c68d7c46f7.jpg,52974438,BV1d4411L7pD,1558262185,2019/5/19,18:36:25,05:31,1957,4617,16070,873,19688
史上评分最低的外卖，小伙吃到自闭！,1610,1475884,//i0.hdslb.com/bfs/archive/025886fbc5c357dafe2e20ac5fa78d3d24dcabb6.jpg,52739242,BV1Y4411773y,1558100993,2019/5/17,21:49:53,04:30,3388,4111,19366,685,56945
每月生活费仅800元 观众却喷我是富二代！大学期间怎么兼职去旅行？,2403,748808,//i2.hdslb.com/bfs/archive/256aee1328b3c27bf337a08c52133c0f66accf3b.jpg,52201551,BV1d4411h7Tp,1557611923,2019/5/12,5:58:43,04:51,2497,7281,16694,1189,39266
被店老板嘲讽，小伙怒买500元生蚝吃到爽,13291,483708,//i1.hdslb.com/bfs/archive/08fe8ace11bbc7b8991778ec865dacbe830065a4.jpg,51782942,BV1g4411v7cX,1557276633,2019/5/8,8:50:33,05:55,5750,2491,11458,660,24021
朋友和表姐看到我B站十万粉丝奖牌会发生什么？,15272,310942,//i1.hdslb.com/bfs/archive/d2fe94464a9b340da9c3128370f558ce848e8a05.png,51607411,BV124411i7dF,1557115095,2019/5/6,11:58:15,04:12,4928,2263,7048,6706,15287
视频惨遭泄露！全公司都知道我是UP主！领导亲自找我谈话,2422,1894363,//i1.hdslb.com/bfs/archive/684010a38fcd95fd1b883fd79fa095a05674f4fc.jpg,50858488,BV1C441147Bk,1556541539,2019/4/29,20:38:59,04:37,6398,11005,42988,1183,114218
小伙试喝牧场寄来的两箱牛奶，口感真的不同吗？,290,114919,//i0.hdslb.com/bfs/archive/34f03184286695939bfd448043c7ce374cb83968.png,50463885,BV1N4411h7kM,1556247629,2019/4/26,11:0:29,03:35,483,410,1587,297,6826
小伙用250元就买光羊肉串，老板当场懵逼！一次吃到过瘾,1059,631734,//i1.hdslb.com/bfs/archive/68a6a3c1cb83bd00decb5fb05ef98f80fbeb5ed5.jpg,49665804,BV1Bb41157AN,1555551323,2019/4/18,9:35:23,03:59,1913,1499,6969,503,19804
我鼓起勇气 在深夜对班长表白！场面失控！,2643,973322,//i0.hdslb.com/bfs/archive/c4cb168e46c2c843f55aeb00c6dc49800a4a1947.png,49389960,BV1Nb411j7gt,1555306372,2019/4/15,13:32:52,04:44,15084,9214,13466,5620,51237
试吃全网最火空气巧克力，没想到开箱瞬间翻车,766,236480,//i2.hdslb.com/bfs/archive/0bd6582d863d0c854de4cb0cabfffd72d97011ab.jpg,48779182,BV1pb411T7Jo,1554789173,2019/4/9,13:52:53,03:31,827,803,1394,335,7327
因为一个视频，我被蔡徐坤粉丝骂到自闭！ 成了小姐姐最讨厌的人,39534,2623017,//i1.hdslb.com/bfs/archive/fef5e7dfbc14eafebc0f1c382f43ab45fa04d2e0.png,48554006,BV1ob411M7uT,1554595251,2019/4/7,8:0:51,04:27,114266,38576,167169,24679,201554
在老板面前跳蔡徐坤的舞！,7647,1744957,//i1.hdslb.com/bfs/archive/01708c29f5a8d9bcb71bd608f07e6bb6d4dbb965.png,47939987,BV12b411s7L5,1554058375,2019/4/1,2:52:55,04:04,17198,9364,35118,5729,70631
一个专科生的三年........,9347,1628111,//i0.hdslb.com/bfs/archive/bee508cc1a858a94f3f043bb7110db3f070c4988.png,47365615,BV1gb411t7HE,1553544880,2019/3/26,4:14:40,05:43,5621,17203,33930,3988,58841
UP主惨遭偷拍！忍无可忍 决定请女粉吃火锅,233,139743,//i2.hdslb.com/bfs/archive/8c0d500382c797eb7ec3a0ae353d084973260a75.jpg,46897644,BV1sb411J7uH,1553148921,2019/3/21,14:15:21,05:30,991,336,1081,290,4770
在98%女主播的公司上班 肥宅能脱单吗？【波桑vlog】,265,291584,//i1.hdslb.com/bfs/archive/4eff26ea1b8ec546e160b3dab463e258d8f783e9.png,45064806,BV1Db411b7vN,1551492109,2019/3/2,10:1:49,03:30,376,553,693,305,4253
小伙网购“能提高智商”成人玩具 开箱瞬间就懵了！,120,53184,//i0.hdslb.com/bfs/archive/1d3bc0f7416b359f6a1e2ccec2e1bdf2f654db50.png,42179915,BV1vb411y7Yj,1548861734,2019/1/30,23:22:14,03:44,267,100,349,280,1819
揭秘“抖音”上的骗局，小伙被网红食品坑哭！,186,134657,//i1.hdslb.com/bfs/archive/33fa350f61bf7838fcdb8b1caa29975e623f936c.png,41286980,BV16t41187PA,1548044385,2019/1/21,12:19:45,04:11,499,297,660,303,3304
粉丝说我越来越胖 竟送我跳舞机？！粉丝礼物开箱,75,34695,//i1.hdslb.com/bfs/archive/264fd609c5654dfabf985273baa249be0177767a.png,40979427,BV1mt411h7cz,1547729954,2019/1/17,20:59:14,04:31,171,79,347,262,1457
越南鸡店开业60年生意爆满！ 第一口我就惊了！,83,48541,//i2.hdslb.com/bfs/archive/0cbfbec3943b9365d6db35ace4f073df5f365e3b.png,40570595,BV1tt411W7Rv,1547294661,2019/1/12,20:4:21,03:35,170,104,313,279,1402
逃课12天！带2000元去越南跨年  完结篇[波桑],143,59131,//i2.hdslb.com/bfs/archive/c1fe56c4af343c21272f69c35cae68488588ce9a.jpg,40181295,BV1gt411s7uE,1546870365,2019/1/7,22:12:45,09:16,347,212,628,405,1881
2018年末 逃课12天 2000元出国跨年 越南vlog【波桑】,330,183751,//i2.hdslb.com/bfs/archive/9790b0103a4a4bae5253261787162610d88ac994.png,39942017,BV1bt411x7jQ,1546647501,2019/1/5,8:18:21,08:07,526,1243,980,753,3149
2018年末 逃课12天坐火车去越南跨年，vlog【波桑】,161,88101,//i1.hdslb.com/bfs/archive/355c38d3da532ff0167d7861c7704a57a3367cc2.png,39853943,BV1gt411x7zj,1546549660,2019/1/4,5:7:40,08:24,423,355,517,486,2245
试吃全网最好吃的空气巧克力 第一口我就惊了！,215,302076,//i2.hdslb.com/bfs/archive/431fe64f8a7ed07fc73f2d78c0d13037c1cf8cc3.png,38439494,BV1At411v7RU,1545189512,2018/12/19,11:18:32,04:00,419,1400,477,445,2912
试吃每天限量发售的泡面，排队才能抢到 有这么好吃？,94,54852,//i0.hdslb.com/bfs/archive/8e67ada7e7358d73012f0a2ba8e852032961e18f.png,38434084,BV1Xt411e7Vu,1545109810,2018/12/18,13:10:10,04:23,180,81,393,278,1473
49.9元在王刚家买了限量版鸭子 100%还原实物图！,346,189100,//i0.hdslb.com/bfs/archive/597671119d4134b29730f5aef1025ae91707fe4b.png,37420780,BV1ut411Q7bt,1543930072,2018/12/4,21:27:52,04:11,493,147,483,312,1915
为了钱 我断更了 很抱歉！,104,31036,//i2.hdslb.com/bfs/archive/ce03f30076986e6e28249590b31717781a38970b.png,37357877,BV1ct411Q75h,1543847200,2018/12/3,22:26:40,04:14,165,123,948,268,1702
试吃网易出品的一堆零食！网易改行做食品了？,137,58076,//i2.hdslb.com/bfs/archive/c7bb2ea9a012b9a534fc9bbab2a849a6a032e860.png,36349830,BV1Qt41117TU,1542680488,2018/11/20,10:21:28,04:01,196,215,483,283,1649
双11我买了什么让我家的猫欲罢不能？,139,44779,//i1.hdslb.com/bfs/archive/696a28e5bdfadb7207de8587bb5e009b1630632d.png,36084799,BV1gt411m7wr,1542370802,2018/11/16,20:20:2,03:17,174,125,296,280,1183
据说90后都喝过这种饮料 我家被喝到破产！,129,28726,//i2.hdslb.com/bfs/archive/8dad0f080ebcc6933b3bfa75a91aa95e916872e4.png,35919127,BV1nt41127cg,1542128665,2018/11/14,1:4:25,03:03,205,63,279,273,942
80岁老玩家的游戏史 我奶奶居然在玩塞尔达！,586,202309,//i0.hdslb.com/bfs/archive/2eea58d4686e2a2b7e96ffe2549a243df7afa2a1.png,35770889,BV1Kt411U76b,1541937962,2018/11/11,20:6:2,05:01,706,922,1112,1289,2896
说我抄袭翔翔，王咩阿...进来看看！请观众审判我！,535,135702,//i0.hdslb.com/bfs/archive/694d0692469cc283aa1a6adedf430d313d20f15c.png,35635239,BV1Db411c7qM,1541788530,2018/11/10,2:35:30,04:34,553,317,1922,290,3341
8.8元包邮！这么便宜的小火锅靠什么赚钱？,82,34385,//i1.hdslb.com/bfs/archive/63a8ac5def2d7d87b4fffab125691490a5c6bbd4.png,35365957,BV1Eb411A7hE,1541415936,2018/11/5,19:5:36,03:20,169,75,222,284,1041
开箱168元国外军粮后 感叹：还是中国好！,82,32759,//i0.hdslb.com/bfs/archive/4ed02de6d3b62bd6b30388e6018b0314195010a1.png,35213425,BV1pb411w7w5,1541244815,2018/11/3,19:33:35,05:01,194,129,968,276,2386
花50元在王刚家买了205克冷吃牛肉，真的好吃吗？！,1894,688037,//i1.hdslb.com/bfs/archive/af08403ac9e5aadf4f3dae5642ffbfeca71473a9.png,35077281,BV18b411P771,1541077789,2018/11/1,21:9:49,03:48,900,518,1478,414,5107
模仿快手吃播爆大章鱼头！心里慌的一批！,267,163455,//i2.hdslb.com/bfs/archive/d5824a49ca927b915aed5d748cb782eb60ff1da6.png,34669530,BV1Tb411N7kX,1540572257,2018/10/27,0:44:17,04:00,711,259,1021,314,3226
就我一个人觉得德克士比肯德基好吃吗？,146,32162,//i2.hdslb.com/bfs/archive/4ba0c9114597c4f63a5ae065ef0030cade2a8a3e.png,34617543,BV1Db411P7AC,1540523458,2018/10/26,11:10:58,02:25,123,53,198,273,787
全球度数最高的酒长啥样？96度！入口瞬间懵逼,129,26563,//i2.hdslb.com/bfs/archive/e4857e6b3a9b1da7694fa33de9361a5827588c58.png,34469068,BV1Qt411R7VB,1540307581,2018/10/23,23:13:1,03:09,282,176,2172,304,2849
让80岁奶奶接触任天堂掌机switch【学生党开箱】,130,39607,//i0.hdslb.com/bfs/archive/eff36e0087e4df353e95bfe3ecb9d34a60450f55.png,34388489,BV1it411R7hv,1540203061,2018/10/22,18:11:1,02:17,132,170,209,323,874
这只鸭得了自闭症 从不说话，小伙决定吃了它,62,14712,//i0.hdslb.com/bfs/archive/a83bd6af62c7a44f72d15ef26932ddb13972e58c.png,34219521,BV1xt411o71p,1540016576,2018/10/20,14:22:56,02:55,168,27,234,267,675
网购竹鼠，开箱的一瞬间我就懵了,296,341081,//i2.hdslb.com/bfs/archive/6382e12035013b9c234c6742d12c61634d58e5f0.png,34062819,BV1ut411f72C,1539824463,2018/10/18,9:1:3,03:52,733,461,727,388,3018
壕！试吃30元一碗的泡面 孟非爷爷的泡面为啥这么贵？,73,28118,//i2.hdslb.com/bfs/archive/0fde4dabb3323750f6823b692586d194b2aa0e42.png,34047643,BV15t411f7xK,1539779559,2018/10/17,20:32:39,03:42,155,42,223,277,782
"老板, 来一斤麻辣烫 放五斤辣椒！谢谢",126,39248,//i1.hdslb.com/bfs/archive/3efd1352b6e4b2a12054d5d5ea0620c434bb1d78.png,33906139,BV1Jt411Z7Hv,1539597213,2018/10/15,17:53:33,02:57,202,46,224,280,855
主人突然倒地，小橘猫英勇抢救,83,36320,//i1.hdslb.com/bfs/archive/7a804d79dbc06c119076ca6e72d2ec0b25d05a1e.png,33899409,BV1Jt411Z75w,1539586216,2018/10/15,14:50:16,02:11,130,85,215,285,1045
我把20根士力架搅拌成汁 堪比煮屎？！,58,10464,//i2.hdslb.com/bfs/archive/7e0538b8cdc8f40f19a580a7641e7f0a7d524c79.png,33745641,BV1Gb411F7T1,1539423224,2018/10/13,17:33:44,03:06,101,21,152,279,593
我发誓！这是我最后一次穿女装,123,26670,//i0.hdslb.com/bfs/archive/01d36a824bb2b7792e1f7f50cac7ab229b52c6e5.png,33579117,BV1Ht411f7Rr,1539191946,2018/10/11,1:19:6,02:52,456,99,890,314,1646
城市小公猫第一次见农村母猫，卧槽 太丢人了......,99,72588,//i0.hdslb.com/bfs/archive/4cb4c79eb28f912c7282fef58d0c29c7a6e249cf.png,33463522,BV1pW41117Uy,1539057419,2018/10/9,11:56:59,01:44,78,133,229,296,1099
我带橘猫回乡下相亲！【VLOG】,142,64659,//i2.hdslb.com/bfs/archive/25dd6b8d9480eff8a688a2551d44e6985d5ba0b7.png,33447185,BV1MW41117JG,1539021057,2018/10/9,1:50:57,04:42,296,118,329,300,1180
收到5年高考3年模拟，女装，短裙.....粉丝礼物开箱！,120,21197,//i1.hdslb.com/bfs/archive/866dc85fb0fc8c168756809f43aa89433e78b343.png,33141286,BV14W41127Uo,1538706593,2018/10/5,10:29:53,03:39,198,72,513,273,1245
如果没有抖音，这玩意儿可能一瓶都卖不出去！,581,363049,//i1.hdslb.com/bfs/archive/7cd75dd15af870dd71eb3d148a87b9afb9ddfeea.png,32935472,BV1AW411U7zt,1538484137,2018/10/2,20:42:17,03:19,718,405,1296,324,3186
为什么橘猫都喜欢霸占电脑？【波桑】,59,30086,//i2.hdslb.com/bfs/archive/cbc564d268e093213630c6a7e08232b6a99d2048.png,32751023,BV1mW411S7ih,1538297080,2018/9/30,16:44:40,01:39,164,77,184,288,930
康师傅表弟! 1.5元在拼多多买到山寨泡面,108,33425,//i2.hdslb.com/bfs/archive/0570fd4dce8e8ebaf8f04659777ceaf253d91570.png,32685088,BV1tW411S7N8,1538201270,2018/9/29,14:7:50,03:12,194,67,182,281,711
当着猫的面吃光它的小鱼干会怎么样？,146,49259,//i0.hdslb.com/bfs/archive/6de65edbf4929db36f54d28e7c7baee74b40c2ee.png,32425716,BV1RW411z72k,1537810177,2018/9/25,1:29:37,02:58,195,95,410,301,1257
初一学生游戏输钱私信UP主借2000元！我该怎么办？,729,128916,//i0.hdslb.com/bfs/archive/3a411d4be41ccab95a88fb5772023cc17d5c389e.png,32115343,BV1gW411r7ad,1537451732,2018/9/20,21:55:32,02:46,410,257,474,295,2073
有点恐怖？我用70RMB独住四层公寓！,70,34386,//i2.hdslb.com/bfs/archive/56cf81e184f45542d67b848bddfee28419b6278a.png,31838988,BV17W411k7mU,1537079294,2018/9/16,14:28:14,02:55,81,69,226,219,894
15.5元点外卖！满桌都是正新鸡排，辣到想哭,142,67216,//i2.hdslb.com/bfs/archive/9135efffb0d7b82c8dcbfbc745e4f8bee9303c79.png,31765614,BV1NW411k7NT,1536998250,2018/9/15,15:57:30,03:36,361,79,237,206,997
什么鬼！我小学五年级时居然当过网红！,468,271032,//i0.hdslb.com/bfs/archive/6d62e84e692d47f49824f428ae64960102336827.png,31607154,BV12W411C7to,1536790311,2018/9/13,6:11:51,04:04,942,538,506,201,3683
铲屎官旅行一周后回家，小橘猫气到爬窗！,40,32589,//i1.hdslb.com/bfs/archive/760ed9a3f71ce1b614c5fdf9ad8a49205e0e16c6.png,31559020,BV1rW411C7EA,1536694414,2018/9/12,3:33:34,01:11,44,37,101,50,681
红牛兑伏特加酒=失身酒！我在家做死尝试，结局意外,83,18976,//i0.hdslb.com/bfs/archive/f258ddbe0dab491e24ecabdd69d7cba74ef4e098.png,30885956,BV19W411f7PL,1535796941,2018/9/1,18:15:41,03:08,134,47,207,24,798
小橘猫独自开锁逃出大铁笼，铲屎官吓到哭泣!,101,22732,//i0.hdslb.com/bfs/archive/2ef4ef4302c59d3c7abfa6e032d704358acaeeee.png,30705330,BV1MW411f76t,1535616687,2018/8/30,16:11:27,03:09,143,104,341,49,1314
恐怖！从没玩过快手却在快手上看到了自己~,965,637108,//i0.hdslb.com/bfs/archive/13b71bc5e51ca111f4cad6a1607ea4f7e8b228d6.png,30403853,BV1wW411Q7tS,1535303960,2018/8/27,1:19:20,02:31,1469,1406,1567,242,15246
试吃40元的自热烧烤，新版肥宅快乐锅？！【波桑】,111,25332,//i2.hdslb.com/bfs/archive/4d04036af04050fcea22267c001e087d532e2365.png,30206798,BV1wW411D7tW,1535107673,2018/8/24,18:47:53,03:11,133,45,203,13,1001
都说家养的猫不会抓老鼠！我用自家的猫做试验！,146,51793,//i1.hdslb.com/bfs/archive/648e42c40f266bbcc6215854bb549bec08ce37cb.png,29834633,BV1zW41197BM,1534742817,2018/8/20,13:26:57,02:42,176,83,277,24,1459
小伙贪便宜9.9元在拼多多买苹果耳机，开箱瞬间懵逼,124,47165,//i0.hdslb.com/bfs/archive/2673529f013984af0be48de70e4c0482b6b676fc.png,29614323,BV1NW411d7wY,1534507153,2018/8/17,19:59:13,04:06,236,56,168,53,1048
童年怀旧辣条大试吃！我猜你小时候肯定吃过这些玩意儿.....,132,28390,//i2.hdslb.com/bfs/archive/60216347d9c9507ec219ae20dbfbb282cf3782ef.png,29233769,BV1ys411T7F5,1534137128,2018/8/13,13:12:8,02:50,258,55,230,22,951
猫咪见到黄瓜会被吓到起飞？！我用自己家的猫做个试验【波桑】,247,110536,//i0.hdslb.com/bfs/archive/b2f02b6db19c719b5fd7956ec091794d73f789cb.png,29075269,BV1is411u7T9,1533968040,2018/8/11,14:14:0,01:48,284,186,360,40,1691
在B站当50天UP主，能赚多少人民币？我的体验,170,42751,//i0.hdslb.com/bfs/archive/a9dff04c6eb82c0eddc365e4d9da3f0b40ebdd5b.png,28915052,BV12s411M787,1533801280,2018/8/9,15:54:40,02:35,885,154,1314,37,2533
试吃70元一瓶黑科技饮料，喝一口不用吃饭？！【波桑】,67,19774,//i0.hdslb.com/bfs/archive/fad7bd81d6524d6f3a301b1e07fd061b2a309c26.png,28733930,BV1ps411g77U,1533616693,2018/8/7,12:38:13,02:21,144,48,179,16,844
试穿印度阿三民族服装，中国男生穿上是啥样子的？！,90,11140,//i0.hdslb.com/bfs/archive/ae9e8a603757029f3aee089f12e5f6fbb2dedafe.png,28407777,BV1ps41137vd,1533272235,2018/8/3,12:57:15,02:12,90,22,122,16,601
网购一只活的小橘猫，开箱的那一瞬间我就心疼了,6859,1729205,//i1.hdslb.com/bfs/archive/e22cdcc5e53017614752fab2f8578d04ddc653a4.png,28242233,BV1bs411w7ab,1533104337,2018/8/1,14:18:57,02:45,4309,4342,4935,947,18828
试喝两瓶全球限定版可乐，全新版本的肥宅快乐水,91,16393,//i2.hdslb.com/bfs/archive/063609114ca7ea736fc897fa23a8fdc79ee9edfa.jpg,28206186,BV17s411w7gf,1533089218,2018/8/1,10:6:58,02:08,121,36,156,14,575
翻车了！翻车了！试吃60一盒的最坑海鲜小火锅,49,24827,//i2.hdslb.com/bfs/archive/c363208e7c782f977e00bfd4ddd499fc4a5dd104.png,27927738,BV1ks411A7oU,1532758097,2018/7/28,14:8:17,03:37,112,37,295,14,1066
国内游戏巨头网易居然出泡面了！好吃吗？！【波桑】,410,99487,//i0.hdslb.com/bfs/archive/9b33f358ae41068faef87024e5a3fe7e4abd5536.png,27707022,BV1Ks411N7tW,1532515544,2018/7/25,18:45:44,01:58,807,234,159,161,921
用1099元的买一台肥宅快乐咖啡机！真的好用吗？,69,11449,//i1.hdslb.com/bfs/archive/97696ab6cb7b891e3015f8755d096eebafb9392a.png,27520051,BV1Us411K7vr,1532324595,2018/7/23,13:43:15,03:24,158,30,213,15,536
流浪的小橘猫来我家偷鱼了！在线求教如何喂养！,353,61495,//i1.hdslb.com/bfs/archive/b5d55d59962562b6122e020390e4903db9a68382.png,27021198,BV1rs41177bR,1531760648,2018/7/17,1:4:8,02:47,339,164,713,76,1063
淘宝售价80的原谅套餐里面都有啥？开箱绿到怀疑人生！,149,110226,//i2.hdslb.com/bfs/archive/ad3b4cee4de5749b67685e01770a8c5d3ffd811d.jpg,26934388,BV1ds411J7eB,1531714229,2018/7/16,12:10:29,02:19,451,207,195,96,1098
日语配音王境泽!全新版本！真香警告！,713,857681,//i0.hdslb.com/bfs/archive/be9f3bb28d088f6cd2e08c0fa742188069546d56.png,26291066,BV13s411p7pk,1530883752,2018/7/6,21:29:12,00:11,344,9084,2188,5065,7153
【试验】外星人电脑玩逆水寒！温度能烫熟生鸡蛋吗？,560,147511,//i0.hdslb.com/bfs/archive/16d15197010da0e3e3167be2dfeed4269938398d.jpg,26279348,BV1os411H7ha,1530873613,2018/7/6,18:40:13,02:44,544,250,617,449,1149
【试吃】可能是你3元内能吃到的最美味的泡面！粉丝推荐......,32,11308,//i1.hdslb.com/bfs/archive/a32e0d4eb64c6e922aec5accf8182f21cd700555.png,25659657,BV1Ls411j7Xr,1530041585,2018/6/27,3:33:5,01:36,58,30,70,13,376
【试吃】中国的军粮究竟什么味道？开箱试吃单兵自热军粮：鸡丁炒饭,41,13681,//i0.hdslb.com/bfs/archive/ea9c5b69b3eca29fbf60b46a34867828b1c03bd2.png,25373255,BV1bs41177eg,1529653870,2018/6/22,15:51:10,03:16,98,33,82,16,482
【试吃】卫龙肥宅快乐锅，一火锅全都是辣条？,111,134403,//i1.hdslb.com/bfs/archive/c875e4575cede21e968e51b80e80ad71996237a6.png,25268358,BV1Zs411j7eA,1529491860,2018/6/20,18:51:0,03:32,349,153,198,82,864
【试吃】军粮：中国空军午餐肉罐头，超大一坨肉!,60,18029,//i1.hdslb.com/bfs/archive/09be19c9340179bc454448892d67b83f24e21a5c.png,25175422,BV1bs411j7n2,1529345965,2018/6/19,2:19:25,02:35,132,23,67,24,604
走遍整个县城，我终于找到了烤面筋！！[波桑],76,30190,//i2.hdslb.com/bfs/archive/211f40cb9eb574e7b259a3f9033f3e549a7a8250.png,24208133,BV1XW411P7jw,1527807229,2018/6/1,6:53:49,01:23,113,28,91,15,849
半夜用吉他弹唱面筋歌，会发生什么？ 带劲[波桑],62,19991,//i1.hdslb.com/bfs/archive/52fa0643c890f26bf66d46bad619bad07ec7b071.png,24207401,BV1XW411P7AM,1527805066,2018/6/1,6:17:46,00:41,68,20,64,11,665
【波桑】100俯卧撑+100仰卧起坐，坚持短短一个月，我变成了这样,166,72307,//i2.hdslb.com/bfs/archive/30e8c6c93e9f37cf88abdd20280a35370e74f90f.png,23266886,BV1GW411F7eA,1525981085,2018/5/11,3:38:5,02:02,349,219,1079,47,2808
