﻿数值,所属栏目,地区,数据时间,指标
990865.1,年度数据,全国,2019年,国内生产总值(亿元)
919281.1,年度数据,全国,2018年,国内生产总值(亿元)
990865.1,年度数据,全国,2019年,国内生产总值(亿元)
919281.1,年度数据,全国,2018年,国内生产总值(亿元)
183669.3,季度数据,全国,2020年第一季度,国内生产总值(不变价)_当季值(亿元)
183669.3,季度数据,全国,2020年第一季度,国内生产总值(不变价)_累计值(亿元)
206504.3,季度数据,全国,2020年第一季度,国内生产总值_当季值(亿元)
206504.3,季度数据,全国,2020年第一季度,国内生产总值_累计值(亿元)
,年度数据,全国,2019年,国内生产总值增长(百分点)
6.7,年度数据,全国,2018年,国内生产总值增长(百分点)
-9.8,季度数据,全国,2020年第一季度,国内生产总值环比增长速度(%)
106.1,年度数据,全国,2019年,国内生产总值指数(上年=100)
106.7,年度数据,全国,2018年,国内生产总值指数(上年=100)
106.1,年度数据,全国,2019年,国内生产总值指数(上年=100)
106.7,年度数据,全国,2018年,国内生产总值指数(上年=100)
数值,所属栏目,地区,数据时间,指标
3929.2,年度数据,全国,2019年,国内生产总值指数(1978年=100)
3703.0,年度数据,全国,2018年,国内生产总值指数(1978年=100)
3929.2,年度数据,全国,2019年,国内生产总值指数(1978年=100)
3703.0,年度数据,全国,2018年,国内生产总值指数(1978年=100)
93.2,季度数据,全国,2020年第一季度,国内生产总值指数(上年同期=100)_当季值
93.2,季度数据,全国,2020年第一季度,国内生产总值指数(上年同期=100)_累计值
3.8,年度数据,全国,2019年,第一产业对GDP的贡献率(%)
4.1,年度数据,全国,2018年,第一产业对GDP的贡献率(%)
36.8,年度数据,全国,2019年,第二产业对GDP的贡献率(%)
34.4,年度数据,全国,2018年,第二产业对GDP的贡献率(%)
59.4,年度数据,全国,2019年,第三产业对GDP的贡献率(%)
61.5,年度数据,全国,2018年,第三产业对GDP的贡献率(%)
,年度数据,全国,2019年,民族自治地方人均地区生产总值(元)
,年度数据,全国,2018年,民族自治地方人均地区生产总值(元)
7462.19,分省季度数据,北京市,2020年第一季度,地区生产总值_累计值(亿元)
35371.28,主要城市年度数据,北京,2019年,国内生产总值(亿元)
33105.97,主要城市年度数据,北京,2018年,国内生产总值(亿元)
数值,所属栏目,地区,数据时间,指标
100.0,季度数据,全国,2020年第一季度,国内生产总值贡献率_当季值(%)
100.0,季度数据,全国,2020年第一季度,国内生产总值贡献率_累计值(%)
0.2,年度数据,全国,2019年,第一产业对国内生产总值增长的拉动(百分点)
0.3,年度数据,全国,2018年,第一产业对国内生产总值增长的拉动(百分点)
2.2,年度数据,全国,2019年,第二产业对国内生产总值增长的拉动(百分点)
2.3,年度数据,全国,2018年,第二产业对国内生产总值增长的拉动(百分点)
3.6,年度数据,全国,2019年,第三产业对国内生产总值增长的拉动(百分点)
4.2,年度数据,全国,2018年,第三产业对国内生产总值增长的拉动(百分点)
70892,年度数据,全国,2019年,人均国内生产总值(元)
66006,年度数据,全国,2018年,人均国内生产总值(元)
,年度数据,全国,2019年,民族自治地方国内生产总值(亿元)
,年度数据,全国,2018年,民族自治地方国内生产总值(亿元)
3.5,年度数据,全国,2019年,最终消费支出对国内生产总值增长拉动(百分点)
4.4,年度数据,全国,2018年,最终消费支出对国内生产总值增长拉动(百分点)
105.7,年度数据,全国,2019年,人均国内生产总值指数(上年=100)
106.3,年度数据,全国,2018年,人均国内生产总值指数(上年=100)
57.8,年度数据,全国,2019年,最终消费支出对国内生产总值增长贡献率(%)
65.9,年度数据,全国,2018年,最终消费支出对国内生产总值增长贡献率(%)
数值,所属栏目,地区,数据时间,指标
2688.0,年度数据,全国,2019年,人均国内生产总值指数(1978年=100)
2542.2,年度数据,全国,2018年,人均国内生产总值指数(1978年=100)
64.1,季度数据,全国,2020年第一季度,最终消费支出对国内生产总值增长贡献率_当季值(%)
64.1,季度数据,全国,2020年第一季度,最终消费支出对国内生产总值增长贡献率_累计值(%)
1.9,年度数据,全国,2019年,资本形成总额对国内生产总值增长拉动(百分点)
2.8,年度数据,全国,2018年,资本形成总额对国内生产总值增长拉动(百分点)
31.2,年度数据,全国,2019年,资本形成总额对国内生产总值增长贡献率(%)
41.5,年度数据,全国,2018年,资本形成总额对国内生产总值增长贡献率(%)
21.5,季度数据,全国,2020年第一季度,资本形成总额对国内生产总值增长贡献率_当季值(%)
21.5,季度数据,全国,2020年第一季度,资本形成总额对国内生产总值增长贡献率_累计值(%)
,年度数据,全国,2019年,内资建筑业企业建筑业总产值(亿元)
233558.25,年度数据,全国,2018年,内资建筑业企业建筑业总产值(亿元)
0.7,年度数据,全国,2019年,货物和服务净出口对国内生产总值增长拉动(百分点)
-0.5,年度数据,全国,2018年,货物和服务净出口对国内生产总值增长拉动(百分点)
11.0,年度数据,全国,2019年,货物和服务净出口对国内生产总值增长贡献率(%)
-7.4,年度数据,全国,2018年,货物和服务净出口对国内生产总值增长贡献率(%)
数值,所属栏目,地区,数据时间,指标
14.4,季度数据,全国,2020年第一季度,货物和服务净出口对国内生产总值增长贡献率_当季值(%)
14.4,季度数据,全国,2020年第一季度,货物和服务净出口对国内生产总值增长贡献率_累计值(%)
,年度数据,全国,2019年,内资建筑业企业按总产值计算劳动生产率(元/人)
372516,年度数据,全国,2018年,内资建筑业企业按总产值计算劳动生产率(元/人)
100.0,年度数据,全国,2019年,分行业增加值构成-国内生产总值(%)
100.0,年度数据,全国,2018年,分行业增加值构成-国内生产总值(%)
100.0,年度数据,全国,2019年,三次产业构成-国内生产总值(%)
100.0,年度数据,全国,2018年,三次产业构成-国内生产总值(%)
106.1,分省年度数据,北京市,2019年,地区生产总值指数(上年=100)
106.7,分省年度数据,北京市,2018年,地区生产总值指数(上年=100)
93.4,分省季度数据,北京市,2020年第一季度,地区生产总值指数(上年同期=100)_累计值(%)
35371.28,分省年度数据,北京市,2019年,地区生产总值(亿元)
33105.97,分省年度数据,北京市,2018年,地区生产总值(亿元)
,分省年度数据,北京市,2019年,单位地区生产总值能耗(等价值)(吨标准煤/万元)
,分省年度数据,北京市,2018年,单位地区生产总值能耗(等价值)(吨标准煤/万元)
,分省年度数据,北京市,2019年,单位地区生产总值电耗(等价值)(千瓦小时/万元)
,分省年度数据,北京市,2018年,单位地区生产总值电耗(等价值)(千瓦小时/万元)
数值,所属栏目,地区,数据时间,指标
,分省年度数据,北京市,2019年,单位地区生产总值能耗(等价值)_同比增长(%)
,分省年度数据,北京市,2018年,单位地区生产总值能耗(等价值)_同比增长(%)
,分省年度数据,北京市,2019年,单位地区生产总值电耗(等价值)_同比增长(%)
,分省年度数据,北京市,2018年,单位地区生产总值电耗(等价值)_同比增长(%)
164220,分省年度数据,北京市,2019年,人均地区生产总值(元/人)
153095,分省年度数据,北京市,2018年,人均地区生产总值(元/人)
,年度数据,全国,2019年,内资建筑业企业产值利润率(%)
3.4,年度数据,全国,2018年,内资建筑业企业产值利润率(%)
,年度数据,全国,2019年,内资建筑业企业产值利税率(%)
6.6,年度数据,全国,2018年,内资建筑业企业产值利税率(%)
,年度数据,全国,2019年,内资工业企业工业销售产值(现价)(亿元)
,年度数据,全国,2018年,内资工业企业工业销售产值(现价)(亿元)
,年度数据,全国,2019年,国内实物交易资金运用_生产税净额(亿元)
,年度数据,全国,2018年,国内实物交易资金运用_生产税净额(亿元)
,年度数据,全国,2019年,国内实物交易资金来源_生产税净额(亿元)
,年度数据,全国,2018年,国内实物交易资金来源_生产税净额(亿元)
,年度数据,全国,2019年,内资大中型工业企业新产品产值(万元)
,年度数据,全国,2018年,内资大中型工业企业新产品产值(万元)
,年度数据,全国,2019年,规模以上工业内资企业新产品产值(万元)
,年度数据,全国,2018年,规模以上工业内资企业新产品产值(万元)
数值,所属栏目,地区,数据时间,指标
66066.45,年度数据,全国,2019年,农业总产值(亿元)
61452.60,年度数据,全国,2018年,农业总产值(亿元)
5775.71,年度数据,全国,2019年,林业总产值(亿元)
5432.61,年度数据,全国,2018年,林业总产值(亿元)
33064.35,年度数据,全国,2019年,牧业总产值(亿元)
28697.40,年度数据,全国,2018年,牧业总产值(亿元)
12572.40,年度数据,全国,2019年,渔业总产值(亿元)
12131.51,年度数据,全国,2018年,渔业总产值(亿元)
248445.77,年度数据,全国,2019年,建筑业总产值(亿元)
225816.86,年度数据,全国,2018年,建筑业总产值(亿元)
248445.77,年度数据,全国,2019年,建筑业总产值(亿元)
225816.86,年度数据,全国,2018年,建筑业总产值(亿元)
248445.77,年度数据,全国,2019年,建筑业总产值(亿元)
225816.86,年度数据,全国,2018年,建筑业总产值(亿元)
,年度数据,全国,2019年,化学工业总产出金额(万元)
,年度数据,全国,2018年,化学工业总产出金额(万元)
5687.2,季度数据,全国,2020年第一季度,农业总产值_累计值(亿元)
816.0,季度数据,全国,2020年第一季度,林业总产值_累计值(亿元)
数值,所属栏目,地区,数据时间,指标
9532.5,季度数据,全国,2020年第一季度,牧业总产值_累计值(亿元)
2157.2,季度数据,全国,2020年第一季度,渔业总产值_累计值(亿元)
35916.59,季度数据,全国,2020年第一季度,建筑业总产值_累计值(亿元)
,年度数据,全国,2019年,农业总产值指数(上年=100)(%)
103.9,年度数据,全国,2018年,农业总产值指数(上年=100)(%)
,年度数据,全国,2019年,林业总产值指数(上年=100)(%)
106.5,年度数据,全国,2018年,林业总产值指数(上年=100)(%)
,年度数据,全国,2019年,牧业总产值指数(上年=100)(%)
101.7,年度数据,全国,2018年,牧业总产值指数(上年=100)(%)
,年度数据,全国,2019年,渔业总产值指数(上年=100)(%)
102.7,年度数据,全国,2018年,渔业总产值指数(上年=100)(%)
,年度数据,全国,2019年,农业总产值指数(1952=100)(%)
,年度数据,全国,2018年,农业总产值指数(1952=100)(%)
,年度数据,全国,2019年,林业总产值指数(1952=100)(%)
,年度数据,全国,2018年,林业总产值指数(1952=100)(%)
,年度数据,全国,2019年,牧业总产值指数(1952=100)(%)
,年度数据,全国,2018年,牧业总产值指数(1952=100)(%)
数值,所属栏目,地区,数据时间,指标
,年度数据,全国,2019年,渔业总产值指数(1952=100)(%)
,年度数据,全国,2018年,渔业总产值指数(1952=100)(%)
994927.4,年度数据,全国,2019年,支出法生产总值(亿元)
915774.3,年度数据,全国,2018年,支出法生产总值(亿元)
,年度数据,全国,2019年,高技术产业总产值(万元)
,年度数据,全国,2018年,高技术产业总产值(万元)
248445.77,年度数据,全国,2019年,建筑业企业建筑业总产值(亿元)
225816.86,年度数据,全国,2018年,建筑业企业建筑业总产值(亿元)
,年度数据,全国,2019年,建筑安装业建筑业总产值(亿元)
11952.87,年度数据,全国,2018年,建筑安装业建筑业总产值(亿元)
,年度数据,全国,2019年,其他建筑业建筑业总产值(亿元)
,年度数据,全国,2018年,其他建筑业建筑业总产值(亿元)
103197,季度数据,全国,2020年第一季度,按总产值计算的劳动生产率_累计值(元/人)
399656,年度数据,全国,2019年,按建筑业总产值计算的建筑业企业劳动生产率(元/人)
373193,年度数据,全国,2018年,按建筑业总产值计算的建筑业企业劳动生产率(元/人)
,年度数据,全国,2019年,按建筑业总产值计算的国有建筑业企业劳动生产率(元/人)
531442,年度数据,全国,2018年,按建筑业总产值计算的国有建筑业企业劳动生产率(元/人)
,年度数据,全国,2019年,按建筑业总产值计算的集体建筑业企业劳动生产率(元/人)
277453,年度数据,全国,2018年,按建筑业总产值计算的集体建筑业企业劳动生产率(元/人)
数值,所属栏目,地区,数据时间,指标
,年度数据,全国,2019年,内资工业企业利润总额(亿元)
49575.80,年度数据,全国,2018年,内资工业企业利润总额(亿元)
,年度数据,全国,2019年,内资工业亏损企业亏损总额(亿元)
,年度数据,全国,2018年,内资工业亏损企业亏损总额(亿元)
,年度数据,全国,2019年,中国同国别(地区)不详进出口总额(万美元)
39367,年度数据,全国,2018年,中国同国别(地区)不详进出口总额(万美元)
,年度数据,全国,2019年,中国向国别(地区)不详出口总额(万美元)
0.1,年度数据,全国,2018年,中国向国别(地区)不详出口总额(万美元)
,年度数据,全国,2019年,中国从国别(地区)不详进口总额(万美元)
39367,年度数据,全国,2018年,中国从国别(地区)不详进口总额(万美元)
,月度数据,全国,2020年5月,燃气生产和供应业利润总额_累计值(亿元)
,月度数据,全国,2020年5月,水的生产和供应业利润总额_累计值(亿元)
,月度数据,全国,2020年5月,燃气生产和供应业利润总额_累计值(亿元)
,月度数据,全国,2020年5月,水的生产和供应业利润总额_累计值(亿元)
,月度数据,全国,2020年5月,燃气生产和供应业利润总额_累计值(亿元)
数值,所属栏目,地区,数据时间,指标
,月度数据,全国,2020年5月,水的生产和供应业利润总额_累计值(亿元)
,月度数据,全国,2020年5月,燃气生产和供应业利润总额_累计增长(%)
,月度数据,全国,2020年5月,水的生产和供应业利润总额_累计增长(%)
,月度数据,全国,2020年5月,燃气生产和供应业利润总额_累计增长(%)
,月度数据,全国,2020年5月,水的生产和供应业利润总额_累计增长(%)
,月度数据,全国,2020年5月,燃气生产和供应业利润总额_累计增长(%)
,月度数据,全国,2020年5月,水的生产和供应业利润总额_累计增长(%)
,年度数据,全国,2019年,中国同亚洲其他国家(地区)进出口总额(万美元)
11,年度数据,全国,2018年,中国同亚洲其他国家(地区)进出口总额(万美元)
,年度数据,全国,2019年,中国同非洲其他国家(地区)进出口总额(万美元)
187,年度数据,全国,2018年,中国同非洲其他国家(地区)进出口总额(万美元)
,年度数据,全国,2019年,中国同拉美其他国家(地区)进出口总额(万美元)
292,年度数据,全国,2018年,中国同拉美其他国家(地区)进出口总额(万美元)
数值,所属栏目,地区,数据时间,指标
,年度数据,全国,2019年,中国同北美洲其他国家(地区)进出口总额(万美元)
59,年度数据,全国,2018年,中国同北美洲其他国家(地区)进出口总额(万美元)
,年度数据,全国,2019年,中国同大洋洲其他国家(地区)进出口总额(万美元)
1775,年度数据,全国,2018年,中国同大洋洲其他国家(地区)进出口总额(万美元)
,月度数据,全国,2020年5月,燃气生产和供应业利润总额_上年同期累计值(亿元)
,月度数据,全国,2020年5月,水的生产和供应业利润总额_上年同期累计值(亿元)
,月度数据,全国,2020年5月,燃气生产和供应业利润总额_上年同期累计值(亿元)
,月度数据,全国,2020年5月,水的生产和供应业利润总额_上年同期累计值(亿元)
,月度数据,全国,2020年5月,燃气生产和供应业利润总额_上年同期累计值(亿元)
,月度数据,全国,2020年5月,水的生产和供应业利润总额_上年同期累计值(亿元)
,年度数据,全国,2019年,中国向亚洲其他国家(地区)出口总额(万美元)
11,年度数据,全国,2018年,中国向亚洲其他国家(地区)出口总额(万美元)
,年度数据,全国,2019年,中国向非洲其他国家(地区)出口总额(万美元)
184,年度数据,全国,2018年,中国向非洲其他国家(地区)出口总额(万美元)
数值,所属栏目,地区,数据时间,指标
,年度数据,全国,2019年,中国向拉美其他国家(地区)出口总额(万美元)
289,年度数据,全国,2018年,中国向拉美其他国家(地区)出口总额(万美元)
,年度数据,全国,2019年,中国从亚洲其他国家(地区)进口总额(万美元)
0.3,年度数据,全国,2018年,中国从亚洲其他国家(地区)进口总额(万美元)
,年度数据,全国,2019年,中国从非洲其他国家(地区)进口总额(万美元)
2,年度数据,全国,2018年,中国从非洲其他国家(地区)进口总额(万美元)
,年度数据,全国,2019年,中国从拉美其他国家(地区)进口总额(万美元)
3,年度数据,全国,2018年,中国从拉美其他国家(地区)进口总额(万美元)
,年度数据,全国,2019年,中国向北美洲其他国家(地区)出口总额(万美元)
59,年度数据,全国,2018年,中国向北美洲其他国家(地区)出口总额(万美元)
,年度数据,全国,2019年,中国向大洋洲其他国家(地区)出口总额(万美元)
1748,年度数据,全国,2018年,中国向大洋洲其他国家(地区)出口总额(万美元)
,年度数据,全国,2019年,中国从北美洲其他国家(地区)进口总额(万美元)
,年度数据,全国,2018年,中国从北美洲其他国家(地区)进口总额(万美元)
,年度数据,全国,2019年,中国从大洋洲其他国家(地区)进口总额(万美元)
27,年度数据,全国,2018年,中国从大洋洲其他国家(地区)进口总额(万美元)
,年度数据,全国,2019年,集体企业建筑业总产值(亿元)
3812.67,年度数据,全国,2018年,集体企业建筑业总产值(亿元)
,年度数据,全国,2019年,民族自治地方工业总产值(亿元)
,年度数据,全国,2018年,民族自治地方工业总产值(亿元)
数值,所属栏目,地区,数据时间,指标
,年度数据,全国,2019年,建筑装饰业建筑业总产值(亿元)
,年度数据,全国,2018年,建筑装饰业建筑业总产值(亿元)
,年度数据,全国,2019年,房屋工程建筑建筑业总产值(亿元)
148829.53,年度数据,全国,2018年,房屋工程建筑建筑业总产值(亿元)
,年度数据,全国,2019年,土木工程建筑建筑业总产值(亿元)
63416.53,年度数据,全国,2018年,土木工程建筑建筑业总产值(亿元)
,年度数据,全国,2019年,其他建筑业企业建筑业总产值(亿元)
203481.31,年度数据,全国,2018年,其他建筑业企业建筑业总产值(亿元)
,年度数据,全国,2019年,集体建筑业企业建筑业总产值(亿元)
3812.67,年度数据,全国,2018年,集体建筑业企业建筑业总产值(亿元)
399656,年度数据,全国,2019年,建筑业企业按总产值计算劳动生产率(元/人)
373193,年度数据,全国,2018年,建筑业企业按总产值计算劳动生产率(元/人)
,年度数据,全国,2019年,高技术产业工业总产值(大中型工业企业口径)(万元)
,年度数据,全国,2018年,高技术产业工业总产值(大中型工业企业口径)(万元)
,年度数据,全国,2019年,内资建筑业企业利润总额(亿元)
7888.86,年度数据,全国,2018年,内资建筑业企业利润总额(亿元)
数值,所属栏目,地区,数据时间,指标
,年度数据,全国,2019年,内资建筑业企业利润总额(亿元)
7888.86,年度数据,全国,2018年,内资建筑业企业利润总额(亿元)
,月度数据,全国,2020年5月,煤气生产和供应业利润总额_累计值(亿元)
,月度数据,全国,2020年5月,煤气生产和供应业利润总额_累计增长(%)
,月度数据,全国,2020年5月,自来水的生产和供应业利润总额_累计值(亿元)
,月度数据,全国,2020年5月,自来水的生产和供应业利润总额_累计增长(%)
,月度数据,全国,2020年5月,煤气生产和供应业利润总额_上年同期累计值(亿元)
,月度数据,全国,2020年5月,自来水的生产和供应业利润总额_上年同期累计值(亿元)
,月度数据,全国,2020年5月,燃气生产和供应业亏损企业亏损总额_累计值(亿元)
,月度数据,全国,2020年5月,水的生产和供应业亏损企业亏损总额_累计值(亿元)
,月度数据,全国,2020年5月,燃气生产和供应业亏损企业亏损总额_累计值(亿元)
数值,所属栏目,地区,数据时间,指标
,月度数据,全国,2020年5月,水的生产和供应业亏损企业亏损总额_累计值(亿元)
,月度数据,全国,2020年5月,燃气生产和供应业亏损企业亏损总额_累计值(亿元)
,月度数据,全国,2020年5月,水的生产和供应业亏损企业亏损总额_累计值(亿元)
,月度数据,全国,2020年5月,燃气生产和供应业亏损企业亏损总额_累计增长(%)
,月度数据,全国,2020年5月,水的生产和供应业亏损企业亏损总额_累计增长(%)
,月度数据,全国,2020年5月,燃气生产和供应业亏损企业亏损总额_累计增长(%)
,月度数据,全国,2020年5月,水的生产和供应业亏损企业亏损总额_累计增长(%)
,月度数据,全国,2020年5月,燃气生产和供应业亏损企业亏损总额_累计增长(%)
,月度数据,全国,2020年5月,水的生产和供应业亏损企业亏损总额_累计增长(%)
,月度数据,全国,2020年5月,燃气生产和供应业亏损企业亏损总额_上年同期累计值(亿元)
数值,所属栏目,地区,数据时间,指标
,月度数据,全国,2020年5月,水的生产和供应业亏损企业亏损总额_上年同期累计值(亿元)
,月度数据,全国,2020年5月,燃气生产和供应业亏损企业亏损总额_上年同期累计值(亿元)
,月度数据,全国,2020年5月,水的生产和供应业亏损企业亏损总额_上年同期累计值(亿元)
,月度数据,全国,2020年5月,燃气生产和供应业亏损企业亏损总额_上年同期累计值(亿元)
,月度数据,全国,2020年5月,水的生产和供应业亏损企业亏损总额_上年同期累计值(亿元)
,年度数据,全国,2019年,内资建筑业企业税金总额(亿元)
7468.21,年度数据,全国,2018年,内资建筑业企业税金总额(亿元)
,年度数据,全国,2019年,内资建筑业企业税金总额(亿元)
7468.21,年度数据,全国,2018年,内资建筑业企业税金总额(亿元)
,年度数据,全国,2019年,建筑业部门生产1单位总产出对增加值产品的消耗量
,年度数据,全国,2018年,建筑业部门生产1单位总产出对增加值产品的消耗量
,年度数据,全国,2019年,金融业部门生产1单位总产出对增加值产品的消耗量
,年度数据,全国,2018年,金融业部门生产1单位总产出对增加值产品的消耗量
,年度数据,全国,2019年,化学工业部门生产1单位总产出对增加值产品的消耗量
,年度数据,全国,2018年,化学工业部门生产1单位总产出对增加值产品的消耗量
数值,所属栏目,地区,数据时间,指标
,年度数据,全国,2019年,总承包建筑业企业建筑业总产值(万元)
,年度数据,全国,2018年,总承包建筑业企业建筑业总产值(万元)
,年度数据,全国,2019年,国有企业建筑业总产值(亿元)
26264.27,年度数据,全国,2018年,国有企业建筑业总产值(亿元)
,年度数据,全国,2019年,民族自治地方建筑业总产值(亿元)
,年度数据,全国,2018年,民族自治地方建筑业总产值(亿元)
,年度数据,全国,2019年,国有建筑业企业建筑业总产值(亿元)
26264.27,年度数据,全国,2018年,国有建筑业企业建筑业总产值(亿元)
,年度数据,全国,2019年,专业承包建筑业企业建筑业总产值(万元)
,年度数据,全国,2018年,专业承包建筑业企业建筑业总产值(万元)
,年度数据,全国,2019年,特级总承包建筑业企业建筑业总产值(万元)
,年度数据,全国,2018年,特级总承包建筑业企业建筑业总产值(万元)
,年度数据,全国,2019年,一级总承包建筑业企业建筑业总产值(万元)
,年度数据,全国,2018年,一级总承包建筑业企业建筑业总产值(万元)
,年度数据,全国,2019年,二级总承包建筑业企业建筑业总产值(万元)
,年度数据,全国,2018年,二级总承包建筑业企业建筑业总产值(万元)
,年度数据,全国,2019年,房屋和土木工程建筑业建筑业总产值(亿元)
,年度数据,全国,2018年,房屋和土木工程建筑业建筑业总产值(亿元)
,年度数据,全国,2019年,集体建筑业企业按总产值计算劳动生产率(元/人)
277453,年度数据,全国,2018年,集体建筑业企业按总产值计算劳动生产率(元/人)
数值,所属栏目,地区,数据时间,指标
,年度数据,全国,2019年,按总承包建筑业企业总产值计算的劳动生产率(元/人)
,年度数据,全国,2018年,按总承包建筑业企业总产值计算的劳动生产率(元/人)
,年度数据,全国,2019年,建筑业部门生产1单位总产出对生产税净额产品的消耗量
,年度数据,全国,2018年,建筑业部门生产1单位总产出对生产税净额产品的消耗量
,年度数据,全国,2019年,金融业部门生产1单位总产出对生产税净额产品的消耗量
,年度数据,全国,2018年,金融业部门生产1单位总产出对生产税净额产品的消耗量
,年度数据,全国,2019年,化学工业部门生产1单位总产出对生产税净额产品的消耗量
,年度数据,全国,2018年,化学工业部门生产1单位总产出对生产税净额产品的消耗量
,月度数据,全国,2020年5月,煤气生产和供应业亏损企业亏损总额_累计值(亿元)
,月度数据,全国,2020年5月,煤气生产和供应业亏损企业亏损总额_累计增长(%)
,月度数据,全国,2020年5月,自来水的生产和供应业亏损企业亏损总额_累计值(亿元)
,月度数据,全国,2020年5月,自来水的生产和供应业亏损企业亏损总额_累计增长(%)
,月度数据,全国,2020年5月,煤气生产和供应业亏损企业亏损总额_上年同期累计值(亿元)
,月度数据,全国,2020年5月,自来水的生产和供应业亏损企业亏损总额_上年同期累计值(亿元)
